{"type":"FeatureCollection", "features": [
{"type":"Feature","geometry":{"type":"Polygon","coordinates":[[[139.8671,40.59298],[139.86802,40.59059],[139.8689,40.59094],[139.8671,40.59298]]]},"properties":{"hoanrinKind":"保安林"}},
{"type":"Feature","geometry":{"type":"Polygon","coordinates":[[[139.9467,40.46445],[139.94688,40.46474],[139.94652,40.4647],[139.9467,40.46445]]]},"properties":{"hoanrinKind":"保安林"}},
{"type":"Feature","geometry":{"type":"Polygon","coordinates":[[[139.94743,40.48422],[139.94707,40.48399],[139.94749,40.48398],[139.94743,40.48422]]]},"properties":{"hoanrinKind":"保安林"}},
{"type":"Feature","geometry":{"type":"Polygon","coordinates":[[[139.95072,40.50097],[139.9511,40.50088],[139.95155,40.50106],[139.95125,40.50127],[139.95072,40.50097]]]},"properties":{"hoanrinKind":"保安林"}},
{"type":"Feature","geometry":{"type":"Polygon","coordinates":[[[139.94532,40.53504],[139.94531,40.53252],[139.94611,40.53175],[139.94646,40.53463],[139.94532,40.53504]]]},"properties":{"hoanrinKind":"保安林"}},
{"type":"Feature","geometry":{"type":"Polygon","coordinates":[[[139.94758,40.52347],[139.94797,40.52003],[139.94925,40.52102],[139.94875,40.52205],[139.94853,40.52571],[139.94806,40.52737],[139.94689,40.52729],[139.94758,40.52347]]]},"properties":{"hoanrinKind":"保安林"}},
{"type":"Feature","geometry":{"type":"Polygon","coordinates":[[[139.94787,40.51201],[139.94708,40.51162],[139.94886,40.51033],[139.94893,40.51115],[139.94787,40.51201]]]},"properties":{"hoanrinKind":"保安林"}},
{"type":"Feature","geometry":{"type":"Polygon","coordinates":[[[139.92918,40.57568],[139.92679,40.57829],[139.9262,40.57807],[139.92804,40.57553],[139.92918,40.57568]]]},"properties":{"hoanrinKind":"保安林"}},
{"type":"Feature","geometry":{"type":"Polygon","coordinates":[[[139.92971,40.57285],[139.93109,40.57286],[139.92972,40.57493],[139.92862,40.57462],[139.92971,40.57285]]]},"properties":{"hoanrinKind":"保安林"}},
{"type":"Feature","geometry":{"type":"Polygon","coordinates":[[[139.95109,40.52786],[139.95182,40.52819],[139.95089,40.52837],[139.95109,40.52786]]]},"properties":{"hoanrinKind":"保安林"}},
{"type":"Feature","geometry":{"type":"Polygon","coordinates":[[[139.95064,40.51458],[139.95059,40.51433],[139.95215,40.51417],[139.95204,40.51455],[139.95064,40.51458]]]},"properties":{"hoanrinKind":"保安林"}},
{"type":"Feature","geometry":{"type":"Polygon","coordinates":[[[139.93563,40.57869],[139.93481,40.57742],[139.9316,40.57628],[139.93207,40.57552],[139.93341,40.5766],[139.9351,40.57703],[139.93563,40.57869]]]},"properties":{"hoanrinKind":"保安林"}},
{"type":"Feature","geometry":{"type":"Polygon","coordinates":[[[139.93021,40.57214],[139.93119,40.57079],[139.93148,40.57237],[139.93021,40.57214]]]},"properties":{"hoanrinKind":"保安林"}},
{"type":"Feature","geometry":{"type":"Polygon","coordinates":[[[139.93477,40.56486],[139.93422,40.56725],[139.93279,40.57026],[139.93218,40.56936],[139.9337,40.56631],[139.93477,40.56486]]]},"properties":{"hoanrinKind":"保安林"}},
{"type":"Feature","geometry":{"type":"Polygon","coordinates":[[[139.9481,40.53561],[139.94933,40.53481],[139.95034,40.5347],[139.95075,40.53515],[139.94943,40.53513],[139.9481,40.53561]]]},"properties":{"hoanrinKind":"保安林"}},
{"type":"Feature","geometry":{"type":"Polygon","coordinates":[[[139.95248,40.50997],[139.95132,40.51078],[139.95092,40.50961],[139.95248,40.50997]]]},"properties":{"hoanrinKind":"保安林"}},
{"type":"Feature","geometry":{"type":"Polygon","coordinates":[[[139.93306,40.5583],[139.93433,40.5574],[139.93441,40.55839],[139.93306,40.5583]]]},"properties":{"hoanrinKind":"保安林"}},
{"type":"Feature","geometry":{"type":"Polygon","coordinates":[[[139.94308,40.5581],[139.94051,40.55694],[139.94114,40.55433],[139.94409,40.55534],[139.94287,40.5566],[139.94308,40.5581]]]},"properties":{"hoanrinKind":"保安林"}},
{"type":"Feature","geometry":{"type":"Polygon","coordinates":[[[139.95303,40.50463],[139.9538,40.50408],[139.95486,40.50415],[139.9556,40.50466],[139.95303,40.50463]]]},"properties":{"hoanrinKind":"保安林"}},
{"type":"Feature","geometry":{"type":"Polygon","coordinates":[[[139.91608,40.62827],[139.91523,40.62849],[139.91372,40.62697],[139.91539,40.62678],[139.91608,40.62827]]]},"properties":{"hoanrinKind":"保安林"}},
{"type":"Feature","geometry":{"type":"Polygon","coordinates":[[[139.91624,40.62539],[139.91315,40.62436],[139.915,40.6239],[139.9162,40.62433],[139.91624,40.62539]]]},"properties":{"hoanrinKind":"保安林"}},
{"type":"Feature","geometry":{"type":"Polygon","coordinates":[[[139.88756,40.62334],[139.88746,40.62309],[139.88789,40.62304],[139.8879,40.6232],[139.88756,40.62334]]]},"properties":{"hoanrinKind":"保安林"}},
{"type":"Feature","geometry":{"type":"Polygon","coordinates":[[[139.95391,40.6486],[139.9542,40.64932],[139.95388,40.64932],[139.9537,40.64891],[139.95391,40.6486]]]},"properties":{"hoanrinKind":"保安林"}},
{"type":"Feature","geometry":{"type":"Polygon","coordinates":[[[139.96312,40.66011],[139.96325,40.6599],[139.96405,40.65997],[139.96406,40.66017],[139.96312,40.66011]]]},"properties":{"hoanrinKind":"保安林"}},
{"type":"Feature","geometry":{"type":"Polygon","coordinates":[[[139.88186,40.62454],[139.88273,40.62166],[139.88399,40.62139],[139.88517,40.62489],[139.88456,40.6255],[139.88186,40.62454]]]},"properties":{"hoanrinKind":"保安林"}},
{"type":"Feature","geometry":{"type":"Polygon","coordinates":[[[139.94093,40.59058],[139.94116,40.59079],[139.94169,40.59043],[139.94211,40.59052],[139.94161,40.59087],[139.941,40.59102],[139.94093,40.59058]]]},"properties":{"hoanrinKind":"保安林"}},
{"type":"Feature","geometry":{"type":"Polygon","coordinates":[[[139.94361,40.59077],[139.94366,40.59054],[139.94352,40.59028],[139.94369,40.59013],[139.94392,40.59036],[139.9439,40.59076],[139.94361,40.59077]]]},"properties":{"hoanrinKind":"保安林"}},
{"type":"Feature","geometry":{"type":"Polygon","coordinates":[[[139.93865,40.59165],[139.9387,40.5927],[139.93681,40.59211],[139.93865,40.59165]]]},"properties":{"hoanrinKind":"保安林"}},
{"type":"Feature","geometry":{"type":"Polygon","coordinates":[[[139.96718,40.65053],[139.96554,40.65337],[139.96558,40.65443],[139.96364,40.65507],[139.96092,40.65685],[139.961,40.65838],[139.95952,40.65898],[139.95888,40.66089],[139.95686,40.66139],[139.95441,40.65742],[139.95468,40.65611],[139.95673,40.65362],[139.95952,40.65406],[139.96109,40.65544],[139.9618,40.65326],[139.96284,40.65237],[139.96225,40.65115],[139.96482,40.64942],[139.96621,40.6512],[139.96718,40.65053]],[[139.95788,40.659],[139.95901,40.65911],[139.95932,40.65705],[139.95797,40.65689],[139.95788,40.659]]]},"properties":{"hoanrinKind":"保安林"}},
{"type":"Feature","geometry":{"type":"Polygon","coordinates":[[[139.94631,40.64186],[139.94699,40.64063],[139.94799,40.64143],[139.94631,40.64186]]]},"properties":{"hoanrinKind":"保安林"}},
{"type":"Feature","geometry":{"type":"Polygon","coordinates":[[[139.94159,40.64622],[139.94062,40.6442],[139.94082,40.64184],[139.94264,40.64019],[139.9403,40.63826],[139.94115,40.63686],[139.94255,40.63689],[139.94561,40.63859],[139.9454,40.64016],[139.94374,40.64143],[139.94256,40.64522],[139.94159,40.64622]]]},"properties":{"hoanrinKind":"保安林"}},
{"type":"Feature","geometry":{"type":"Polygon","coordinates":[[[139.95241,40.62438],[139.95249,40.62325],[139.95338,40.62354],[139.95241,40.62438]]]},"properties":{"hoanrinKind":"保安林"}},
{"type":"Feature","geometry":{"type":"Polygon","coordinates":[[[139.9553,40.62722],[139.95567,40.62756],[139.955,40.62809],[139.95458,40.62766],[139.9553,40.62722]]]},"properties":{"hoanrinKind":"保安林"}},
{"type":"Feature","geometry":{"type":"Polygon","coordinates":[[[139.95618,40.63082],[139.95585,40.63007],[139.95655,40.62967],[139.9565,40.63071],[139.95618,40.63082]]]},"properties":{"hoanrinKind":"保安林"}},
{"type":"Feature","geometry":{"type":"Polygon","coordinates":[[[139.9548,40.63154],[139.9541,40.6317],[139.954,40.6312],[139.95478,40.63105],[139.9548,40.63154]]]},"properties":{"hoanrinKind":"保安林"}},
{"type":"Feature","geometry":{"type":"Polygon","coordinates":[[[139.94566,40.61451],[139.94708,40.61613],[139.9491,40.61623],[139.95057,40.61754],[139.95325,40.61873],[139.95136,40.62037],[139.95055,40.61863],[139.94897,40.61706],[139.94398,40.61749],[139.94268,40.61696],[139.94436,40.61466],[139.94566,40.61451]]]},"properties":{"hoanrinKind":"保安林"}},
{"type":"Feature","geometry":{"type":"Polygon","coordinates":[[[139.93871,40.62771],[139.9405,40.62748],[139.94231,40.62844],[139.93912,40.62861],[139.93871,40.62771]]]},"properties":{"hoanrinKind":"保安林"}},
{"type":"Feature","geometry":{"type":"Polygon","coordinates":[[[139.93504,40.62838],[139.935,40.62761],[139.93587,40.62753],[139.93555,40.62834],[139.93504,40.62838]]]},"properties":{"hoanrinKind":"保安林"}},
{"type":"Feature","geometry":{"type":"Polygon","coordinates":[[[139.9249,40.624],[139.92443,40.62496],[139.92374,40.62425],[139.9249,40.624]]]},"properties":{"hoanrinKind":"保安林"}},
{"type":"Feature","geometry":{"type":"Polygon","coordinates":[[[139.96643,40.64916],[139.96641,40.64953],[139.96679,40.64969],[139.96678,40.65013],[139.96626,40.64979],[139.96643,40.64916]]]},"properties":{"hoanrinKind":"保安林"}},
{"type":"Feature","geometry":{"type":"Polygon","coordinates":[[[139.96942,40.64058],[139.97111,40.639],[139.97195,40.63975],[139.96942,40.64058]]]},"properties":{"hoanrinKind":"保安林"}},
{"type":"Feature","geometry":{"type":"Polygon","coordinates":[[[139.96583,40.64407],[139.96586,40.64192],[139.96797,40.64133],[139.96719,40.64331],[139.96583,40.64407]]]},"properties":{"hoanrinKind":"保安林"}},
{"type":"Feature","geometry":{"type":"Polygon","coordinates":[[[139.97781,40.63441],[139.9767,40.63384],[139.97736,40.63304],[139.97781,40.63441]]]},"properties":{"hoanrinKind":"保安林"}},
{"type":"Feature","geometry":{"type":"Polygon","coordinates":[[[139.99326,40.62607],[139.99228,40.62492],[139.9934,40.62344],[139.99475,40.62463],[139.99501,40.62653],[139.99326,40.62607]]]},"properties":{"hoanrinKind":"保安林"}},
{"type":"Feature","geometry":{"type":"Polygon","coordinates":[[[139.91629,40.63871],[139.9139,40.63797],[139.91446,40.6378],[139.91645,40.63846],[139.91629,40.63871]]]},"properties":{"hoanrinKind":"保安林"}},
{"type":"Feature","geometry":{"type":"Polygon","coordinates":[[[139.99024,40.71871],[139.98893,40.71972],[139.99085,40.72117],[139.99301,40.72507],[139.98841,40.72045],[139.98798,40.71814],[139.99024,40.71871]]]},"properties":{"hoanrinKind":"保安林"}},
{"type":"Feature","geometry":{"type":"Polygon","coordinates":[[[139.98821,40.71576],[139.9873,40.71299],[139.98819,40.71313],[139.9893,40.7152],[139.98821,40.71576]]]},"properties":{"hoanrinKind":"保安林"}},
{"type":"Feature","geometry":{"type":"Polygon","coordinates":[[[139.97071,40.6989],[139.96951,40.69779],[139.96944,40.69495],[139.97071,40.69443],[139.97043,40.69714],[139.97071,40.6989]]]},"properties":{"hoanrinKind":"保安林"}},
{"type":"Feature","geometry":{"type":"Polygon","coordinates":[[[139.9903,40.70459],[139.99161,40.7049],[139.99135,40.70537],[139.99026,40.70504],[139.9903,40.70459]]]},"properties":{"hoanrinKind":"保安林"}},
{"type":"Feature","geometry":{"type":"Polygon","coordinates":[[[139.97786,40.68001],[139.97487,40.68025],[139.97359,40.67915],[139.97528,40.6781],[139.97777,40.6779],[139.97786,40.68001]]]},"properties":{"hoanrinKind":"保安林"}},
{"type":"Feature","geometry":{"type":"Polygon","coordinates":[[[139.95781,40.67517],[139.9569,40.67567],[139.9555,40.67389],[139.95843,40.67337],[139.95946,40.67445],[139.95781,40.67517]]]},"properties":{"hoanrinKind":"保安林"}},
{"type":"Feature","geometry":{"type":"Polygon","coordinates":[[[139.96429,40.68113],[139.9628,40.68117],[139.95891,40.67855],[139.96022,40.67805],[139.9628,40.67947],[139.96452,40.67989],[139.96429,40.68113]]]},"properties":{"hoanrinKind":"保安林"}},
{"type":"Feature","geometry":{"type":"Polygon","coordinates":[[[139.99979,40.63239],[139.99951,40.63232],[139.9992,40.6311],[139.99996,40.63169],[139.99979,40.63239]]]},"properties":{"hoanrinKind":"保安林"}},
{"type":"Feature","geometry":{"type":"Polygon","coordinates":[[[139.99829,40.60086],[139.99869,40.60038],[139.99881,40.60073],[139.99869,40.60095],[139.99829,40.60086]]]},"properties":{"hoanrinKind":"保安林"}},
{"type":"Feature","geometry":{"type":"Polygon","coordinates":[[[140.00287,40.61919],[140.00315,40.61885],[140.00388,40.61877],[140.00344,40.61923],[140.00287,40.61919]]]},"properties":{"hoanrinKind":"保安林"}},
{"type":"Feature","geometry":{"type":"Polygon","coordinates":[[[140.00505,40.61857],[140.00503,40.61827],[140.00567,40.61821],[140.00571,40.61842],[140.00505,40.61857]]]},"properties":{"hoanrinKind":"保安林"}},
{"type":"Feature","geometry":{"type":"Polygon","coordinates":[[[140.00246,40.59924],[140.00209,40.60014],[139.99999,40.59895],[140.00155,40.59863],[140.00246,40.59924]]]},"properties":{"hoanrinKind":"保安林"}},
{"type":"Feature","geometry":{"type":"Polygon","coordinates":[[[140.00078,40.61779],[140.00017,40.61764],[140.00053,40.61753],[140.00078,40.61779]]]},"properties":{"hoanrinKind":"保安林"}},
{"type":"Feature","geometry":{"type":"Polygon","coordinates":[[[139.99985,40.61675],[140.00084,40.61707],[140.001,40.61756],[140.00015,40.61706],[139.99985,40.61675]]]},"properties":{"hoanrinKind":"保安林"}},
{"type":"Feature","geometry":{"type":"Polygon","coordinates":[[[140.0017,40.61705],[140.00189,40.6164],[140.0022,40.61643],[140.00197,40.61702],[140.0017,40.61705]]]},"properties":{"hoanrinKind":"保安林"}},
{"type":"Feature","geometry":{"type":"Polygon","coordinates":[[[140.00665,40.61985],[140.00787,40.62054],[140.00792,40.6211],[140.01026,40.62225],[140.01175,40.62347],[140.0126,40.62468],[140.01213,40.62482],[140.01157,40.62358],[140.00913,40.62186],[140.00756,40.62119],[140.00665,40.61985]]]},"properties":{"hoanrinKind":"保安林"}},
{"type":"Feature","geometry":{"type":"Polygon","coordinates":[[[140.00497,40.62149],[140.00528,40.6213],[140.00676,40.62255],[140.00566,40.6223],[140.00497,40.62149]]]},"properties":{"hoanrinKind":"保安林"}},
{"type":"Feature","geometry":{"type":"Polygon","coordinates":[[[140.0047,40.6227],[140.00438,40.6225],[140.00485,40.62219],[140.00543,40.62226],[140.0047,40.6227]]]},"properties":{"hoanrinKind":"保安林"}},
{"type":"Feature","geometry":{"type":"Polygon","coordinates":[[[140.00129,40.62943],[140.00205,40.63008],[140.00247,40.63272],[140.00195,40.63316],[140.0013,40.63105],[140.00129,40.62943]]]},"properties":{"hoanrinKind":"保安林"}},
{"type":"Feature","geometry":{"type":"Polygon","coordinates":[[[140.10118,40.73389],[140.10199,40.73441],[140.10141,40.73476],[140.10082,40.7342],[140.10118,40.73389]]]},"properties":{"hoanrinKind":"保安林"}},
{"type":"Feature","geometry":{"type":"Polygon","coordinates":[[[140.11016,40.715],[140.1101,40.7145],[140.11064,40.71471],[140.11016,40.715]]]},"properties":{"hoanrinKind":"保安林"}},
{"type":"Feature","geometry":{"type":"Polygon","coordinates":[[[140.11052,40.71331],[140.10863,40.71319],[140.10755,40.71419],[140.10687,40.71281],[140.10886,40.7125],[140.11052,40.71331]]]},"properties":{"hoanrinKind":"保安林"}},
{"type":"Feature","geometry":{"type":"Polygon","coordinates":[[[140.10638,40.7398],[140.10932,40.73896],[140.11072,40.73777],[140.11318,40.73921],[140.10638,40.7398]]]},"properties":{"hoanrinKind":"保安林"}},
{"type":"Feature","geometry":{"type":"Polygon","coordinates":[[[140.09917,40.72093],[140.09966,40.72234],[140.0985,40.72486],[140.09615,40.72662],[140.09735,40.72175],[140.09917,40.72093]]]},"properties":{"hoanrinKind":"保安林"}},
{"type":"Feature","geometry":{"type":"Polygon","coordinates":[[[140.10066,40.73157],[140.09832,40.7315],[140.09717,40.73074],[140.09707,40.72935],[140.09847,40.7285],[140.09978,40.72954],[140.10068,40.72784],[140.10218,40.72898],[140.1024,40.73115],[140.10066,40.73157]]]},"properties":{"hoanrinKind":"保安林"}},
{"type":"Feature","geometry":{"type":"Polygon","coordinates":[[[139.99868,40.67721],[139.99769,40.67645],[139.99918,40.67568],[139.99979,40.67661],[139.99868,40.67721]]]},"properties":{"hoanrinKind":"保安林"}},
{"type":"Feature","geometry":{"type":"Polygon","coordinates":[[[140.1055,40.70333],[140.10726,40.70371],[140.10639,40.70483],[140.10423,40.70438],[140.1055,40.70333]]]},"properties":{"hoanrinKind":"保安林"}},
{"type":"Feature","geometry":{"type":"Polygon","coordinates":[[[140.02381,40.73414],[140.02558,40.73306],[140.02535,40.73457],[140.02381,40.73414]]]},"properties":{"hoanrinKind":"保安林"}},
{"type":"Feature","geometry":{"type":"Polygon","coordinates":[[[140.04415,40.73383],[140.04189,40.73278],[140.04271,40.73207],[140.04415,40.73383]]]},"properties":{"hoanrinKind":"保安林"}},
{"type":"Feature","geometry":{"type":"Polygon","coordinates":[[[140.06554,40.73482],[140.06427,40.73275],[140.06632,40.73258],[140.06663,40.73421],[140.06554,40.73482]]]},"properties":{"hoanrinKind":"保安林"}},
{"type":"Feature","geometry":{"type":"Polygon","coordinates":[[[140.05049,40.74265],[140.05004,40.74176],[140.05116,40.74189],[140.05049,40.74265]]]},"properties":{"hoanrinKind":"保安林"}},
{"type":"Feature","geometry":{"type":"Polygon","coordinates":[[[140.05134,40.74101],[140.05051,40.7399],[140.05103,40.73894],[140.05323,40.73988],[140.05262,40.74017],[140.05133,40.73956],[140.05134,40.74101]]]},"properties":{"hoanrinKind":"保安林"}},
{"type":"Feature","geometry":{"type":"Polygon","coordinates":[[[140.10142,40.7377],[140.10117,40.73697],[140.10222,40.73709],[140.10142,40.7377]]]},"properties":{"hoanrinKind":"保安林"}},
{"type":"Feature","geometry":{"type":"Polygon","coordinates":[[[140.03562,40.75319],[140.03408,40.75309],[140.03399,40.75278],[140.03511,40.75284],[140.03562,40.75319]]]},"properties":{"hoanrinKind":"保安林"}},
{"type":"Feature","geometry":{"type":"Polygon","coordinates":[[[140.20137,40.692],[140.2012,40.69243],[140.20089,40.69234],[140.20083,40.69199],[140.20137,40.692]]]},"properties":{"hoanrinKind":"保安林"}},
{"type":"Feature","geometry":{"type":"Polygon","coordinates":[[[140.2432,40.6922],[140.24281,40.69278],[140.24241,40.6925],[140.24264,40.69215],[140.2432,40.6922]]]},"properties":{"hoanrinKind":"保安林"}},
{"type":"Feature","geometry":{"type":"Polygon","coordinates":[[[140.22406,40.71765],[140.22373,40.71811],[140.22329,40.71789],[140.22361,40.71751],[140.22406,40.71765]]]},"properties":{"hoanrinKind":"保安林"}},
{"type":"Feature","geometry":{"type":"Polygon","coordinates":[[[140.17364,40.72334],[140.17249,40.72283],[140.1731,40.72241],[140.17373,40.7226],[140.17364,40.72334]]]},"properties":{"hoanrinKind":"保安林"}},
{"type":"Feature","geometry":{"type":"Polygon","coordinates":[[[140.23361,40.70647],[140.23263,40.7068],[140.23273,40.70539],[140.23347,40.70553],[140.23361,40.70647]]]},"properties":{"hoanrinKind":"保安林"}},
{"type":"Feature","geometry":{"type":"Polygon","coordinates":[[[140.18173,40.73849],[140.18043,40.73762],[140.18085,40.73651],[140.18222,40.73777],[140.18173,40.73849]]]},"properties":{"hoanrinKind":"保安林"}},
{"type":"Feature","geometry":{"type":"Polygon","coordinates":[[[140.2022,40.67784],[140.20324,40.67873],[140.20508,40.6787],[140.20724,40.68047],[140.20708,40.68163],[140.20502,40.68201],[140.20547,40.68416],[140.20174,40.68014],[140.2022,40.67784]]]},"properties":{"hoanrinKind":"保安林"}},
{"type":"Feature","geometry":{"type":"Polygon","coordinates":[[[140.17873,40.74214],[140.17698,40.74234],[140.17432,40.73985],[140.17329,40.73679],[140.17466,40.73617],[140.17588,40.73814],[140.17876,40.73937],[140.18077,40.73971],[140.18074,40.74072],[140.17873,40.74214]]]},"properties":{"hoanrinKind":"保安林"}},
{"type":"Feature","geometry":{"type":"Polygon","coordinates":[[[140.23106,40.68099],[140.23084,40.67846],[140.23578,40.6801],[140.2371,40.67984],[140.24137,40.68025],[140.24053,40.68196],[140.23803,40.68167],[140.23706,40.68333],[140.23952,40.68357],[140.2386,40.68574],[140.23691,40.68665],[140.23385,40.68658],[140.23615,40.68395],[140.23103,40.68454],[140.23106,40.68099]]]},"properties":{"hoanrinKind":"保安林"}},
{"type":"Feature","geometry":{"type":"Polygon","coordinates":[[[140.15343,40.72833],[140.15148,40.72998],[140.14937,40.72397],[140.15209,40.72386],[140.15343,40.72833]]]},"properties":{"hoanrinKind":"保安林"}},
{"type":"Feature","geometry":{"type":"Polygon","coordinates":[[[140.19823,40.70391],[140.20031,40.70082],[140.203,40.70127],[140.20318,40.70216],[140.20042,40.70362],[140.19823,40.70391]]]},"properties":{"hoanrinKind":"保安林"}},
{"type":"Feature","geometry":{"type":"Polygon","coordinates":[[[140.20367,40.70349],[140.20137,40.705],[140.20078,40.70386],[140.20367,40.70349]]]},"properties":{"hoanrinKind":"保安林"}},
{"type":"Feature","geometry":{"type":"Polygon","coordinates":[[[140.20321,40.73274],[140.2019,40.73416],[140.20389,40.73562],[140.20404,40.73219],[140.20548,40.73197],[140.20983,40.73222],[140.21132,40.7308],[140.2145,40.73214],[140.21568,40.73453],[140.21702,40.73406],[140.2186,40.73591],[140.21987,40.7365],[140.21825,40.73896],[140.21533,40.7388],[140.21382,40.73933],[140.21332,40.7418],[140.21186,40.74342],[140.20808,40.74474],[140.20716,40.7463],[140.20532,40.74531],[140.20573,40.74281],[140.20884,40.74141],[140.21103,40.73891],[140.21222,40.73958],[140.21331,40.73747],[140.21204,40.73691],[140.21111,40.7384],[140.2084,40.73926],[140.20304,40.74004],[140.19954,40.73934],[140.19986,40.73573],[140.20149,40.73253],[140.20321,40.73274]]]},"properties":{"hoanrinKind":"保安林"}},
{"type":"Feature","geometry":{"type":"Polygon","coordinates":[[[140.19896,40.74112],[140.19994,40.74051],[140.20061,40.7412],[140.20005,40.74168],[140.19896,40.74112]]]},"properties":{"hoanrinKind":"保安林"}},
{"type":"Feature","geometry":{"type":"Polygon","coordinates":[[[140.22191,40.73941],[140.21934,40.73868],[140.22006,40.73777],[140.22191,40.73941]]]},"properties":{"hoanrinKind":"保安林"}},
{"type":"Feature","geometry":{"type":"Polygon","coordinates":[[[140.21435,40.7145],[140.21296,40.7135],[140.2141,40.71193],[140.21601,40.71267],[140.21435,40.7145]]]},"properties":{"hoanrinKind":"保安林"}},
{"type":"Feature","geometry":{"type":"Polygon","coordinates":[[[140.21804,40.71353],[140.21704,40.71213],[140.21899,40.71116],[140.21981,40.71196],[140.21804,40.71353]]]},"properties":{"hoanrinKind":"保安林"}},
{"type":"Feature","geometry":{"type":"Polygon","coordinates":[[[140.21725,40.72173],[140.21548,40.71805],[140.21594,40.71731],[140.21857,40.71691],[140.22002,40.71451],[140.22101,40.71414],[140.22293,40.7152],[140.22218,40.71645],[140.21984,40.71739],[140.21906,40.72007],[140.21921,40.72167],[140.21725,40.72173]]]},"properties":{"hoanrinKind":"保安林"}},
{"type":"Feature","geometry":{"type":"Polygon","coordinates":[[[140.21357,40.71695],[140.21428,40.71629],[140.21481,40.71664],[140.21424,40.71735],[140.21357,40.71695]]]},"properties":{"hoanrinKind":"保安林"}},
{"type":"Feature","geometry":{"type":"Polygon","coordinates":[[[140.21453,40.74718],[140.21372,40.74574],[140.21534,40.74564],[140.21453,40.74718]]]},"properties":{"hoanrinKind":"保安林"}},
{"type":"Feature","geometry":{"type":"Polygon","coordinates":[[[140.24303,40.69802],[140.24369,40.69711],[140.24415,40.69748],[140.24379,40.69808],[140.24303,40.69802]]]},"properties":{"hoanrinKind":"保安林"}},
{"type":"Feature","geometry":{"type":"Polygon","coordinates":[[[140.14786,40.75163],[140.14878,40.75087],[140.14975,40.75159],[140.14876,40.75257],[140.14786,40.75163]]]},"properties":{"hoanrinKind":"保安林"}},
{"type":"Feature","geometry":{"type":"Polygon","coordinates":[[[140.16027,40.6872],[140.16037,40.68796],[140.15997,40.68772],[140.16027,40.6872]]]},"properties":{"hoanrinKind":"保安林"}},
{"type":"Feature","geometry":{"type":"Polygon","coordinates":[[[140.18216,40.7023],[140.17979,40.70253],[140.17748,40.70335],[140.17504,40.70049],[140.17682,40.70024],[140.18216,40.7023]]]},"properties":{"hoanrinKind":"保安林"}},
{"type":"Feature","geometry":{"type":"Polygon","coordinates":[[[140.15406,40.75858],[140.14994,40.75515],[140.15336,40.7567],[140.15406,40.75858]]]},"properties":{"hoanrinKind":"保安林"}},
{"type":"Feature","geometry":{"type":"Polygon","coordinates":[[[140.2397,40.78771],[140.24262,40.78766],[140.24172,40.78906],[140.2397,40.78771]]]},"properties":{"hoanrinKind":"保安林"}},
{"type":"Feature","geometry":{"type":"Polygon","coordinates":[[[140.29465,40.56789],[140.29377,40.56588],[140.29511,40.56541],[140.29568,40.56683],[140.29465,40.56789]]]},"properties":{"hoanrinKind":"保安林"}},
{"type":"Feature","geometry":{"type":"Polygon","coordinates":[[[140.3043,40.56051],[140.30287,40.5609],[140.29979,40.55989],[140.30108,40.55616],[140.29828,40.55527],[140.29821,40.55347],[140.29726,40.55228],[140.2995,40.55025],[140.30268,40.55061],[140.30553,40.55042],[140.30552,40.55243],[140.30384,40.55236],[140.3037,40.55501],[140.3042,40.55699],[140.30782,40.55687],[140.30754,40.55884],[140.3043,40.56051]]]},"properties":{"hoanrinKind":"保安林"}},
{"type":"Feature","geometry":{"type":"Polygon","coordinates":[[[140.30368,40.5757],[140.30181,40.57446],[140.3004,40.57468],[140.29952,40.57214],[140.30094,40.57013],[140.30212,40.56986],[140.30416,40.56765],[140.30301,40.56504],[140.30416,40.56382],[140.30426,40.56192],[140.30711,40.56033],[140.30861,40.56078],[140.31017,40.56272],[140.31068,40.56452],[140.30964,40.56538],[140.30958,40.56683],[140.30693,40.56955],[140.30686,40.5711],[140.30377,40.57369],[140.30368,40.5757]]]},"properties":{"hoanrinKind":"保安林"}},
{"type":"Feature","geometry":{"type":"Polygon","coordinates":[[[140.2869,40.5567],[140.28575,40.55816],[140.28607,40.55995],[140.28471,40.56014],[140.28382,40.55824],[140.2869,40.5567]]]},"properties":{"hoanrinKind":"保安林"}},
{"type":"Feature","geometry":{"type":"Polygon","coordinates":[[[140.28506,40.54243],[140.28453,40.5421],[140.28536,40.54042],[140.28648,40.54245],[140.28506,40.54243]]]},"properties":{"hoanrinKind":"保安林"}},
{"type":"Feature","geometry":{"type":"Polygon","coordinates":[[[140.2883,40.54889],[140.2888,40.54917],[140.28838,40.54951],[140.2883,40.54889]]]},"properties":{"hoanrinKind":"保安林"}},
{"type":"Feature","geometry":{"type":"Polygon","coordinates":[[[140.29432,40.55147],[140.29389,40.55246],[140.29133,40.55243],[140.29328,40.55098],[140.29432,40.55147]]]},"properties":{"hoanrinKind":"保安林"}},
{"type":"Feature","geometry":{"type":"Polygon","coordinates":[[[140.26068,40.53732],[140.26006,40.53634],[140.26217,40.53612],[140.26152,40.53726],[140.26068,40.53732]]]},"properties":{"hoanrinKind":"保安林"}},
{"type":"Feature","geometry":{"type":"Polygon","coordinates":[[[140.29159,40.57638],[140.28925,40.57758],[140.28477,40.58134],[140.28112,40.5809],[140.28102,40.57984],[140.27899,40.57973],[140.27673,40.57719],[140.27835,40.57511],[140.28073,40.57445],[140.2821,40.5748],[140.28744,40.57433],[140.28807,40.57495],[140.2906,40.57513],[140.29159,40.57638]]]},"properties":{"hoanrinKind":"保安林"}},
{"type":"Feature","geometry":{"type":"Polygon","coordinates":[[[140.36145,40.54301],[140.36187,40.54215],[140.36275,40.54203],[140.36268,40.54299],[140.36145,40.54301]]]},"properties":{"hoanrinKind":"保安林"}},
{"type":"Feature","geometry":{"type":"Polygon","coordinates":[[[140.36297,40.54067],[140.36451,40.5407],[140.36367,40.54155],[140.36297,40.54067]]]},"properties":{"hoanrinKind":"保安林"}},
{"type":"Feature","geometry":{"type":"Polygon","coordinates":[[[140.26898,40.54639],[140.26893,40.54605],[140.27009,40.54582],[140.26983,40.54622],[140.26898,40.54639]]]},"properties":{"hoanrinKind":"保安林"}},
{"type":"Feature","geometry":{"type":"Polygon","coordinates":[[[140.30776,40.57344],[140.30845,40.57268],[140.3088,40.57284],[140.3081,40.57361],[140.30776,40.57344]]]},"properties":{"hoanrinKind":"保安林"}},
{"type":"Feature","geometry":{"type":"Polygon","coordinates":[[[140.2902,40.57431],[140.29058,40.57397],[140.29117,40.57404],[140.29067,40.57434],[140.2902,40.57431]]]},"properties":{"hoanrinKind":"保安林"}},
{"type":"Feature","geometry":{"type":"Polygon","coordinates":[[[140.35705,40.62486],[140.35872,40.62427],[140.35884,40.62513],[140.35763,40.62587],[140.35705,40.62486]]]},"properties":{"hoanrinKind":"保安林"}},
{"type":"Feature","geometry":{"type":"Polygon","coordinates":[[[140.3021,40.59979],[140.30067,40.59979],[140.30172,40.599],[140.3021,40.59979]]]},"properties":{"hoanrinKind":"保安林"}},
{"type":"Feature","geometry":{"type":"Polygon","coordinates":[[[140.32562,40.59321],[140.32675,40.59306],[140.32588,40.59423],[140.32562,40.59321]]]},"properties":{"hoanrinKind":"保安林"}},
{"type":"Feature","geometry":{"type":"Polygon","coordinates":[[[140.36085,40.59696],[140.36273,40.59599],[140.36187,40.59729],[140.36085,40.59696]]]},"properties":{"hoanrinKind":"保安林"}},
{"type":"Feature","geometry":{"type":"Polygon","coordinates":[[[140.37028,40.59544],[140.36969,40.59516],[140.3713,40.5946],[140.37092,40.59525],[140.37028,40.59544]]]},"properties":{"hoanrinKind":"保安林"}},
{"type":"Feature","geometry":{"type":"Polygon","coordinates":[[[140.33775,40.59766],[140.33741,40.59752],[140.33789,40.59727],[140.33813,40.59753],[140.33775,40.59766]]]},"properties":{"hoanrinKind":"保安林"}},
{"type":"Feature","geometry":{"type":"Polygon","coordinates":[[[140.36461,40.59232],[140.36416,40.59203],[140.36417,40.59172],[140.36478,40.59208],[140.36461,40.59232]]]},"properties":{"hoanrinKind":"保安林"}},
{"type":"Feature","geometry":{"type":"Polygon","coordinates":[[[140.35058,40.62583],[140.34908,40.62584],[140.35097,40.62245],[140.35252,40.62175],[140.3562,40.62168],[140.35673,40.62266],[140.35349,40.62273],[140.35351,40.62359],[140.35676,40.62356],[140.35577,40.62535],[140.35373,40.62463],[140.3514,40.62472],[140.35058,40.62583]]]},"properties":{"hoanrinKind":"保安林"}},
{"type":"Feature","geometry":{"type":"Polygon","coordinates":[[[140.24779,40.69414],[140.2466,40.69206],[140.24772,40.69217],[140.2483,40.69344],[140.24779,40.69414]]]},"properties":{"hoanrinKind":"保安林"}},
{"type":"Feature","geometry":{"type":"Polygon","coordinates":[[[140.2513,40.68923],[140.25015,40.68878],[140.25137,40.68783],[140.2513,40.68923]]]},"properties":{"hoanrinKind":"保安林"}},
{"type":"Feature","geometry":{"type":"Polygon","coordinates":[[[140.25469,40.70131],[140.25349,40.70266],[140.2521,40.70252],[140.25138,40.70057],[140.25208,40.70036],[140.25295,40.70205],[140.25469,40.70131]]]},"properties":{"hoanrinKind":"保安林"}},
{"type":"Feature","geometry":{"type":"Polygon","coordinates":[[[140.26019,40.71782],[140.25893,40.71583],[140.26157,40.71488],[140.26461,40.71475],[140.26753,40.71728],[140.26362,40.71674],[140.26019,40.71782]]]},"properties":{"hoanrinKind":"保安林"}},
{"type":"Feature","geometry":{"type":"Polygon","coordinates":[[[140.26396,40.70851],[140.26711,40.70654],[140.26916,40.70583],[140.27094,40.70898],[140.27216,40.71033],[140.27081,40.7121],[140.26876,40.71281],[140.26666,40.71173],[140.26337,40.70942],[140.26396,40.70851]]]},"properties":{"hoanrinKind":"保安林"}},
{"type":"Feature","geometry":{"type":"Polygon","coordinates":[[[140.27629,40.75844],[140.27545,40.75799],[140.27659,40.75736],[140.27722,40.75788],[140.27629,40.75844]]]},"properties":{"hoanrinKind":"保安林"}},
{"type":"Feature","geometry":{"type":"Polygon","coordinates":[[[140.32768,40.77658],[140.32654,40.77642],[140.32693,40.77387],[140.32774,40.77412],[140.32768,40.77658]]]},"properties":{"hoanrinKind":"保安林"}},
{"type":"Feature","geometry":{"type":"Polygon","coordinates":[[[140.32895,40.77926],[140.32883,40.77851],[140.33102,40.77793],[140.33126,40.77848],[140.32895,40.77926]]]},"properties":{"hoanrinKind":"保安林"}},
{"type":"Feature","geometry":{"type":"Polygon","coordinates":[[[140.26634,40.76908],[140.2674,40.77004],[140.26598,40.77028],[140.26634,40.76908]]]},"properties":{"hoanrinKind":"保安林"}},
{"type":"Feature","geometry":{"type":"Polygon","coordinates":[[[140.36628,40.77447],[140.36344,40.77439],[140.36279,40.7737],[140.3668,40.77341],[140.36628,40.77447]]]},"properties":{"hoanrinKind":"保安林"}},
{"type":"Feature","geometry":{"type":"Polygon","coordinates":[[[140.28281,40.81927],[140.2819,40.81754],[140.28315,40.81692],[140.28473,40.81779],[140.28281,40.81927]]]},"properties":{"hoanrinKind":"保安林"}},
{"type":"Feature","geometry":{"type":"Polygon","coordinates":[[[140.27691,40.75449],[140.27683,40.75585],[140.27527,40.7562],[140.27563,40.75395],[140.27691,40.75449]]]},"properties":{"hoanrinKind":"保安林"}},
{"type":"Feature","geometry":{"type":"Polygon","coordinates":[[[140.32518,40.77398],[140.32362,40.77343],[140.32267,40.77175],[140.32643,40.77113],[140.331,40.76871],[140.33206,40.76998],[140.33151,40.77269],[140.32866,40.77267],[140.32518,40.77398]]]},"properties":{"hoanrinKind":"保安林"}},
{"type":"Feature","geometry":{"type":"Polygon","coordinates":[[[140.28083,40.79029],[140.2832,40.7887],[140.2838,40.78774],[140.29007,40.78692],[140.29234,40.78928],[140.29029,40.78906],[140.28664,40.79096],[140.28864,40.79173],[140.28328,40.79238],[140.27808,40.7923],[140.28083,40.79029]]]},"properties":{"hoanrinKind":"保安林"}},
{"type":"Feature","geometry":{"type":"Polygon","coordinates":[[[140.33622,40.77574],[140.33233,40.7763],[140.33038,40.77568],[140.33613,40.77461],[140.33622,40.77574]]]},"properties":{"hoanrinKind":"保安林"}},
{"type":"Feature","geometry":{"type":"Polygon","coordinates":[[[140.36976,40.76534],[140.36786,40.76353],[140.37073,40.76335],[140.36976,40.76534]]]},"properties":{"hoanrinKind":"保安林"}},
{"type":"Feature","geometry":{"type":"Polygon","coordinates":[[[140.28889,40.77835],[140.28883,40.78073],[140.28687,40.78491],[140.28561,40.78619],[140.28411,40.786],[140.28738,40.78217],[140.28889,40.77835]]]},"properties":{"hoanrinKind":"保安林"}},
{"type":"Feature","geometry":{"type":"Polygon","coordinates":[[[140.30333,40.77558],[140.3065,40.77398],[140.30932,40.77211],[140.30982,40.77238],[140.30513,40.77555],[140.30333,40.77558]]]},"properties":{"hoanrinKind":"保安林"}},
{"type":"Feature","geometry":{"type":"Polygon","coordinates":[[[140.33325,40.76715],[140.33338,40.76636],[140.33393,40.76627],[140.33411,40.76714],[140.33325,40.76715]]]},"properties":{"hoanrinKind":"保安林"}},
{"type":"Feature","geometry":{"type":"Polygon","coordinates":[[[140.24743,40.79084],[140.24812,40.79062],[140.24897,40.7907],[140.24834,40.79126],[140.24743,40.79084]]]},"properties":{"hoanrinKind":"保安林"}},
{"type":"Feature","geometry":{"type":"Polygon","coordinates":[[[140.34309,40.7681],[140.34348,40.76792],[140.34405,40.76853],[140.34361,40.76876],[140.34309,40.7681]]]},"properties":{"hoanrinKind":"保安林"}},
{"type":"Feature","geometry":{"type":"Polygon","coordinates":[[[140.29507,40.78882],[140.29615,40.78991],[140.29495,40.79053],[140.29378,40.78873],[140.29507,40.78882]]]},"properties":{"hoanrinKind":"保安林"}},
{"type":"Feature","geometry":{"type":"Polygon","coordinates":[[[140.27725,40.79768],[140.27755,40.7971],[140.27858,40.79708],[140.27833,40.79764],[140.27725,40.79768]]]},"properties":{"hoanrinKind":"保安林"}},
{"type":"Feature","geometry":{"type":"Polygon","coordinates":[[[140.32624,40.87222],[140.32847,40.86991],[140.33022,40.87157],[140.32854,40.87221],[140.32624,40.87222]]]},"properties":{"hoanrinKind":"保安林"}},
{"type":"Feature","geometry":{"type":"Polygon","coordinates":[[[140.32108,40.89669],[140.32018,40.89424],[140.32339,40.89498],[140.32387,40.89604],[140.32108,40.89669]]]},"properties":{"hoanrinKind":"保安林"}},
{"type":"Feature","geometry":{"type":"Polygon","coordinates":[[[140.32912,40.86792],[140.32772,40.86875],[140.32485,40.86629],[140.3258,40.86444],[140.32721,40.86507],[140.32757,40.86729],[140.32912,40.86792]]]},"properties":{"hoanrinKind":"保安林"}},
{"type":"Feature","geometry":{"type":"Polygon","coordinates":[[[140.32256,40.86647],[140.32052,40.86416],[140.32075,40.86104],[140.32399,40.86407],[140.32256,40.86647]]]},"properties":{"hoanrinKind":"保安林"}},
{"type":"Feature","geometry":{"type":"Polygon","coordinates":[[[140.34244,40.91394],[140.33922,40.91305],[140.3318,40.91262],[140.33096,40.9114],[140.32909,40.91132],[140.32864,40.91017],[140.33311,40.90989],[140.3351,40.91028],[140.33778,40.90973],[140.34011,40.91063],[140.34023,40.91267],[140.34262,40.9125],[140.34244,40.91394]]]},"properties":{"hoanrinKind":"保安林"}},
{"type":"Feature","geometry":{"type":"Polygon","coordinates":[[[140.31669,40.87427],[140.31723,40.87586],[140.31402,40.87506],[140.31278,40.87117],[140.31125,40.86936],[140.31125,40.86637],[140.31476,40.86621],[140.31742,40.8642],[140.31673,40.86372],[140.31904,40.85758],[140.31872,40.85592],[140.31616,40.85469],[140.31628,40.85318],[140.31551,40.85122],[140.31198,40.84533],[140.31332,40.84468],[140.31552,40.84711],[140.31644,40.85101],[140.31789,40.85104],[140.31867,40.85276],[140.31736,40.85324],[140.31809,40.85474],[140.32147,40.8561],[140.3195,40.86012],[140.32021,40.86105],[140.31987,40.86488],[140.32107,40.86567],[140.32061,40.86685],[140.32321,40.86681],[140.3264,40.86838],[140.32637,40.87004],[140.32442,40.86935],[140.32127,40.86971],[140.32127,40.87117],[140.31631,40.87154],[140.31669,40.87427]],[[140.31547,40.86834],[140.31853,40.86859],[140.3225,40.86799],[140.31979,40.867],[140.31795,40.86716],[140.31593,40.86637],[140.31547,40.86834]]]},"properties":{"hoanrinKind":"保安林"}},
{"type":"Feature","geometry":{"type":"Polygon","coordinates":[[[140.32228,40.89091],[140.32168,40.88864],[140.31974,40.88549],[140.32027,40.88456],[140.31902,40.88272],[140.31724,40.88268],[140.31417,40.88053],[140.31391,40.8776],[140.31462,40.87625],[140.31697,40.87755],[140.31619,40.88037],[140.31905,40.88128],[140.32172,40.8834],[140.32276,40.88273],[140.32328,40.88599],[140.3252,40.88733],[140.32471,40.8891],[140.32228,40.89091]]]},"properties":{"hoanrinKind":"保安林"}},
{"type":"Feature","geometry":{"type":"Polygon","coordinates":[[[140.32911,40.92534],[140.33123,40.92494],[140.33465,40.92524],[140.32914,40.92576],[140.32911,40.92534]]]},"properties":{"hoanrinKind":"保安林"}},
{"type":"Feature","geometry":{"type":"Polygon","coordinates":[[[140.3624,40.97022],[140.36361,40.96921],[140.36326,40.96696],[140.36485,40.96684],[140.36616,40.96926],[140.36622,40.97058],[140.36334,40.97072],[140.3624,40.97022]]]},"properties":{"hoanrinKind":"保安林"}},
{"type":"Feature","geometry":{"type":"Polygon","coordinates":[[[140.36165,40.98954],[140.35947,40.99004],[140.35502,40.98862],[140.35243,40.98823],[140.3527,40.9872],[140.35149,40.98613],[140.35331,40.98316],[140.35523,40.98266],[140.35606,40.98164],[140.35408,40.9798],[140.35655,40.9797],[140.358,40.98169],[140.35505,40.98551],[140.35969,40.98784],[140.36417,40.98737],[140.36087,40.98532],[140.3619,40.98382],[140.36529,40.98471],[140.36645,40.98745],[140.36355,40.98808],[140.36165,40.98954]]]},"properties":{"hoanrinKind":"保安林"}},
{"type":"Feature","geometry":{"type":"Polygon","coordinates":[[[140.35495,40.95302],[140.35148,40.95305],[140.35365,40.95203],[140.35495,40.95302]]]},"properties":{"hoanrinKind":"保安林"}},
{"type":"Feature","geometry":{"type":"Polygon","coordinates":[[[140.3414,41.05886],[140.3421,41.05625],[140.34249,41.05362],[140.3431,41.05373],[140.34316,41.05504],[140.34232,41.05812],[140.3414,41.05886]]]},"properties":{"hoanrinKind":"保安林"}},
{"type":"Feature","geometry":{"type":"Polygon","coordinates":[[[140.33592,41.06407],[140.33325,41.06297],[140.33504,41.0622],[140.33791,41.06244],[140.33592,41.06407]]]},"properties":{"hoanrinKind":"保安林"}},
{"type":"Feature","geometry":{"type":"Polygon","coordinates":[[[140.33238,41.04595],[140.33262,41.04463],[140.33459,41.04505],[140.33504,41.04642],[140.33678,41.04809],[140.33542,41.04895],[140.3328,41.04737],[140.33238,41.04595]]]},"properties":{"hoanrinKind":"保安林"}},
{"type":"Feature","geometry":{"type":"Polygon","coordinates":[[[140.34488,41.05943],[140.34532,41.05659],[140.34704,41.05078],[140.34835,41.05028],[140.34673,41.05663],[140.34615,41.05974],[140.34488,41.05943]]]},"properties":{"hoanrinKind":"保安林"}},
{"type":"Feature","geometry":{"type":"Polygon","coordinates":[[[140.34614,41.04137],[140.34891,41.03941],[140.3503,41.04082],[140.34614,41.04137]]]},"properties":{"hoanrinKind":"保安林"}},
{"type":"Feature","geometry":{"type":"Polygon","coordinates":[[[140.33872,41.05413],[140.33756,41.05472],[140.33782,41.0527],[140.3389,41.05286],[140.33872,41.05413]]]},"properties":{"hoanrinKind":"保安林"}},
{"type":"Feature","geometry":{"type":"Polygon","coordinates":[[[140.36366,41.0422],[140.36423,41.04229],[140.36316,41.04413],[140.36271,41.04347],[140.36366,41.0422]]]},"properties":{"hoanrinKind":"保安林"}},
{"type":"Feature","geometry":{"type":"Polygon","coordinates":[[[140.36815,41.05801],[140.36714,41.05788],[140.36754,41.05661],[140.36868,41.05718],[140.36815,41.05801]]]},"properties":{"hoanrinKind":"保安林"}},
{"type":"Feature","geometry":{"type":"Polygon","coordinates":[[[140.36615,41.05553],[140.36611,41.05484],[140.36658,41.05476],[140.36667,41.05532],[140.36615,41.05553]]]},"properties":{"hoanrinKind":"保安林"}},
{"type":"Feature","geometry":{"type":"Polygon","coordinates":[[[140.34196,41.06261],[140.34294,41.06269],[140.34301,41.06319],[140.3414,41.06312],[140.34196,41.06261]]]},"properties":{"hoanrinKind":"保安林"}},
{"type":"Feature","geometry":{"type":"Polygon","coordinates":[[[140.32624,41.08349],[140.32496,41.08389],[140.3247,41.0836],[140.32618,41.0831],[140.32624,41.08349]]]},"properties":{"hoanrinKind":"保安林"}},
{"type":"Feature","geometry":{"type":"Polygon","coordinates":[[[140.32678,41.08138],[140.32734,41.08142],[140.3272,41.08174],[140.32666,41.0816],[140.32678,41.08138]]]},"properties":{"hoanrinKind":"保安林"}},
{"type":"Feature","geometry":{"type":"Polygon","coordinates":[[[140.32992,41.04953],[140.3317,41.04933],[140.33271,41.05075],[140.33454,41.05078],[140.33254,41.05813],[140.33121,41.06179],[140.33114,41.0641],[140.32895,41.06431],[140.32759,41.06619],[140.33273,41.06891],[140.33272,41.06726],[140.33702,41.0664],[140.3404,41.06895],[140.33773,41.07142],[140.33387,41.07399],[140.33452,41.07512],[140.33256,41.0768],[140.33025,41.07644],[140.33057,41.07538],[140.32703,41.0745],[140.32522,41.07349],[140.32434,41.07201],[140.32449,41.06192],[140.32517,41.06013],[140.3253,41.0484],[140.3248,41.041],[140.32666,41.04106],[140.32762,41.04295],[140.32755,41.04456],[140.32913,41.04847],[140.32956,41.05425],[140.33182,41.05411],[140.33096,41.05222],[140.32976,41.05116],[140.32992,41.04953]]]},"properties":{"hoanrinKind":"保安林"}},
{"type":"Feature","geometry":{"type":"Polygon","coordinates":[[[140.32815,41.0361],[140.32871,41.03511],[140.32915,41.03546],[140.32901,41.03606],[140.32815,41.0361]]]},"properties":{"hoanrinKind":"保安林"}},
{"type":"Feature","geometry":{"type":"Polygon","coordinates":[[[140.28358,41.12351],[140.28963,41.11833],[140.29136,41.11789],[140.29247,41.11582],[140.29649,41.11548],[140.29633,41.11705],[140.29722,41.11809],[140.29549,41.11934],[140.28979,41.11998],[140.28761,41.12066],[140.28648,41.12257],[140.28358,41.12351]]]},"properties":{"hoanrinKind":"保安林"}},
{"type":"Feature","geometry":{"type":"Polygon","coordinates":[[[140.31106,41.14469],[140.312,41.1434],[140.31181,41.13981],[140.31235,41.13774],[140.3143,41.13767],[140.31573,41.13682],[140.31583,41.13561],[140.31436,41.13514],[140.31393,41.13361],[140.31592,41.13295],[140.31896,41.13272],[140.32037,41.13131],[140.32471,41.13122],[140.32254,41.13305],[140.32094,41.13339],[140.31964,41.13467],[140.31824,41.13761],[140.31539,41.1393],[140.31281,41.14366],[140.31106,41.14469]]]},"properties":{"hoanrinKind":"保安林"}},
{"type":"Feature","geometry":{"type":"Polygon","coordinates":[[[140.30356,41.11557],[140.30187,41.11691],[140.30078,41.11474],[140.30158,41.11067],[140.30368,41.10793],[140.30683,41.1065],[140.30771,41.10438],[140.30999,41.10177],[140.31097,41.0997],[140.31511,41.09617],[140.31698,41.09715],[140.31464,41.10194],[140.31492,41.10447],[140.31377,41.10593],[140.31066,41.10801],[140.31011,41.10919],[140.30751,41.1105],[140.30579,41.11189],[140.30356,41.11557]]]},"properties":{"hoanrinKind":"保安林"}},
{"type":"Feature","geometry":{"type":"Polygon","coordinates":[[[140.292,41.12487],[140.28935,41.12353],[140.29197,41.12288],[140.29337,41.12415],[140.292,41.12487]]]},"properties":{"hoanrinKind":"保安林"}},
{"type":"Feature","geometry":{"type":"Polygon","coordinates":[[[140.29015,41.13243],[140.28994,41.13249],[140.28905,41.13167],[140.28944,41.1316],[140.29015,41.13243]]]},"properties":{"hoanrinKind":"保安林"}},
{"type":"Feature","geometry":{"type":"Polygon","coordinates":[[[140.29942,41.12895],[140.29884,41.12868],[140.29947,41.12784],[140.30026,41.1283],[140.29942,41.12895]]]},"properties":{"hoanrinKind":"保安林"}},
{"type":"Feature","geometry":{"type":"Polygon","coordinates":[[[140.30885,41.12603],[140.3082,41.1263],[140.30819,41.12583],[140.30885,41.12603]]]},"properties":{"hoanrinKind":"保安林"}},
{"type":"Feature","geometry":{"type":"Polygon","coordinates":[[[140.2621,41.1228],[140.26165,41.12247],[140.26228,41.12244],[140.2621,41.1228]]]},"properties":{"hoanrinKind":"保安林"}},
{"type":"Feature","geometry":{"type":"Polygon","coordinates":[[[140.25867,41.12319],[140.25824,41.12441],[140.25661,41.12537],[140.25742,41.12633],[140.25458,41.128],[140.25142,41.12923],[140.25361,41.12522],[140.25789,41.12222],[140.25867,41.12319]]]},"properties":{"hoanrinKind":"保安林"}},
{"type":"Feature","geometry":{"type":"Polygon","coordinates":[[[140.44008,40.52887],[140.43898,40.52821],[140.44048,40.52495],[140.44161,40.52707],[140.44008,40.52887]]]},"properties":{"hoanrinKind":"保安林"}},
{"type":"Feature","geometry":{"type":"Polygon","coordinates":[[[140.45654,40.53974],[140.45401,40.53804],[140.45577,40.53569],[140.45807,40.53568],[140.45921,40.53701],[140.45654,40.53974]]]},"properties":{"hoanrinKind":"保安林"}},
{"type":"Feature","geometry":{"type":"Polygon","coordinates":[[[140.4586,40.53897],[140.46136,40.5369],[140.46253,40.53765],[140.46376,40.53489],[140.46548,40.53459],[140.4654,40.53614],[140.4641,40.53816],[140.46236,40.53959],[140.46146,40.53901],[140.4586,40.53897]]]},"properties":{"hoanrinKind":"保安林"}},
{"type":"Feature","geometry":{"type":"Polygon","coordinates":[[[140.44907,40.53255],[140.44674,40.53122],[140.44674,40.53035],[140.44916,40.5294],[140.45142,40.52982],[140.45042,40.53206],[140.44907,40.53255]]]},"properties":{"hoanrinKind":"保安林"}},
{"type":"Feature","geometry":{"type":"Polygon","coordinates":[[[140.42303,40.54718],[140.42233,40.54682],[140.42253,40.54642],[140.42303,40.54718]]]},"properties":{"hoanrinKind":"保安林"}},
{"type":"Feature","geometry":{"type":"Polygon","coordinates":[[[140.42152,40.54286],[140.42132,40.54266],[140.42129,40.54193],[140.42156,40.54188],[140.42172,40.54261],[140.42152,40.54286]]]},"properties":{"hoanrinKind":"保安林"}},
{"type":"Feature","geometry":{"type":"Polygon","coordinates":[[[140.42422,40.5418],[140.4229,40.54231],[140.42467,40.54066],[140.42481,40.54125],[140.42422,40.5418]]]},"properties":{"hoanrinKind":"保安林"}},
{"type":"Feature","geometry":{"type":"Polygon","coordinates":[[[140.40086,40.54648],[140.40166,40.54694],[140.40251,40.54707],[140.40263,40.54769],[140.40141,40.54731],[140.40086,40.54648]]]},"properties":{"hoanrinKind":"保安林"}},
{"type":"Feature","geometry":{"type":"Polygon","coordinates":[[[140.42215,40.54334],[140.42209,40.54471],[140.42131,40.54451],[140.42215,40.54334]]]},"properties":{"hoanrinKind":"保安林"}},
{"type":"Feature","geometry":{"type":"Polygon","coordinates":[[[140.37942,40.57576],[140.38125,40.57676],[140.38069,40.57725],[140.37893,40.57648],[140.37942,40.57576]]]},"properties":{"hoanrinKind":"保安林"}},
{"type":"Feature","geometry":{"type":"Polygon","coordinates":[[[140.39376,40.5923],[140.39427,40.59172],[140.39496,40.5922],[140.3945,40.59272],[140.39376,40.5923]]]},"properties":{"hoanrinKind":"保安林"}},
{"type":"Feature","geometry":{"type":"Polygon","coordinates":[[[140.37211,40.59408],[140.3722,40.5934],[140.37166,40.59296],[140.37264,40.59212],[140.37249,40.59346],[140.37211,40.59408]]]},"properties":{"hoanrinKind":"保安林"}},
{"type":"Feature","geometry":{"type":"Polygon","coordinates":[[[140.3754,40.58988],[140.37532,40.58931],[140.37486,40.58884],[140.37509,40.5887],[140.37563,40.58933],[140.3754,40.58988]]]},"properties":{"hoanrinKind":"保安林"}},
{"type":"Feature","geometry":{"type":"Polygon","coordinates":[[[140.37481,40.75433],[140.37509,40.75315],[140.37707,40.75293],[140.37681,40.75508],[140.37481,40.75433]]]},"properties":{"hoanrinKind":"保安林"}},
{"type":"Feature","geometry":{"type":"Polygon","coordinates":[[[140.37887,40.75525],[140.37883,40.75676],[140.37706,40.75619],[140.37887,40.75525]]]},"properties":{"hoanrinKind":"保安林"}},
{"type":"Feature","geometry":{"type":"Polygon","coordinates":[[[140.37569,40.76281],[140.37885,40.76385],[140.37704,40.76553],[140.37514,40.76461],[140.37569,40.76281]]]},"properties":{"hoanrinKind":"保安林"}},
{"type":"Feature","geometry":{"type":"Polygon","coordinates":[[[140.49231,40.81642],[140.4863,40.81645],[140.48364,40.81721],[140.48225,40.81667],[140.48739,40.81591],[140.49225,40.81585],[140.49231,40.81642]]]},"properties":{"hoanrinKind":"保安林"}},
{"type":"Feature","geometry":{"type":"Polygon","coordinates":[[[140.37849,40.7595],[140.37992,40.75969],[140.37957,40.76124],[140.37746,40.76212],[140.3766,40.76102],[140.37849,40.7595]]]},"properties":{"hoanrinKind":"保安林"}},
{"type":"Feature","geometry":{"type":"Polygon","coordinates":[[[140.44449,40.80253],[140.44398,40.80192],[140.44322,40.79587],[140.4438,40.79749],[140.44431,40.80186],[140.44449,40.80253]]]},"properties":{"hoanrinKind":"保安林"}},
{"type":"Feature","geometry":{"type":"Polygon","coordinates":[[[140.48587,40.9149],[140.47744,40.90995],[140.47195,40.90619],[140.47225,40.90575],[140.48279,40.91264],[140.48587,40.9149]]]},"properties":{"hoanrinKind":"保安林"}},
{"type":"Feature","geometry":{"type":"Polygon","coordinates":[[[140.48833,40.85878],[140.48937,40.85828],[140.49125,40.8578],[140.4921,40.85853],[140.49045,40.8587],[140.4893,40.85845],[140.48833,40.85878]]]},"properties":{"hoanrinKind":"保安林"}},
{"type":"Feature","geometry":{"type":"Polygon","coordinates":[[[140.488,40.9098],[140.48832,40.91004],[140.4878,40.91048],[140.48747,40.91024],[140.488,40.9098]]]},"properties":{"hoanrinKind":"保安林"}},
{"type":"Feature","geometry":{"type":"Polygon","coordinates":[[[140.44932,40.9581],[140.4475,40.95616],[140.44798,40.95509],[140.45058,40.95584],[140.45218,40.95681],[140.45196,40.95801],[140.44932,40.9581]]]},"properties":{"hoanrinKind":"保安林"}},
{"type":"Feature","geometry":{"type":"Polygon","coordinates":[[[140.46087,40.95886],[140.46146,40.95942],[140.45937,40.95988],[140.45957,40.95917],[140.46087,40.95886]]]},"properties":{"hoanrinKind":"保安林"}},
{"type":"Feature","geometry":{"type":"Polygon","coordinates":[[[140.45868,40.93006],[140.45704,40.93056],[140.45641,40.93026],[140.45812,40.92984],[140.45868,40.93006]]]},"properties":{"hoanrinKind":"保安林"}},
{"type":"Feature","geometry":{"type":"Polygon","coordinates":[[[140.47119,40.93047],[140.47006,40.9312],[140.46569,40.9317],[140.46398,40.93089],[140.4644,40.92958],[140.47119,40.93047]]]},"properties":{"hoanrinKind":"保安林"}},
{"type":"Feature","geometry":{"type":"Polygon","coordinates":[[[140.47211,40.93234],[140.47071,40.93273],[140.4702,40.93179],[140.47209,40.93116],[140.47211,40.93234]]]},"properties":{"hoanrinKind":"保安林"}},
{"type":"Feature","geometry":{"type":"Polygon","coordinates":[[[140.4717,40.93531],[140.46957,40.93529],[140.46767,40.93458],[140.46697,40.93262],[140.46956,40.93292],[140.4717,40.93531]]]},"properties":{"hoanrinKind":"保安林"}},
{"type":"Feature","geometry":{"type":"Polygon","coordinates":[[[140.38505,41.04457],[140.38309,41.04645],[140.37827,41.04568],[140.37955,41.04322],[140.38505,41.04457]]]},"properties":{"hoanrinKind":"保安林"}},
{"type":"Feature","geometry":{"type":"Polygon","coordinates":[[[140.42306,41.00355],[140.42441,41.00333],[140.42414,41.00378],[140.42346,41.00394],[140.42306,41.00355]]]},"properties":{"hoanrinKind":"保安林"}},
{"type":"Feature","geometry":{"type":"Polygon","coordinates":[[[140.43,41.19536],[140.42912,41.19528],[140.42871,41.19469],[140.42968,41.19476],[140.43,41.19536]]]},"properties":{"hoanrinKind":"保安林"}},
{"type":"Feature","geometry":{"type":"Polygon","coordinates":[[[140.45863,41.18175],[140.45949,41.1821],[140.46079,41.18303],[140.46001,41.18349],[140.45976,41.1827],[140.45863,41.18175]]]},"properties":{"hoanrinKind":"保安林"}},
{"type":"Feature","geometry":{"type":"Polygon","coordinates":[[[140.45986,41.18626],[140.45751,41.18771],[140.45325,41.18823],[140.45319,41.1877],[140.45701,41.18738],[140.45986,41.18626]]]},"properties":{"hoanrinKind":"保安林"}},
{"type":"Feature","geometry":{"type":"Polygon","coordinates":[[[140.39927,41.2225],[140.39957,41.22215],[140.40198,41.22301],[140.4019,41.22345],[140.39927,41.2225]]]},"properties":{"hoanrinKind":"保安林"}},
{"type":"Feature","geometry":{"type":"Polygon","coordinates":[[[140.52666,40.47655],[140.52612,40.47735],[140.52401,40.47691],[140.525,40.47554],[140.52666,40.47655]]]},"properties":{"hoanrinKind":"保安林"}},
{"type":"Feature","geometry":{"type":"Polygon","coordinates":[[[140.59309,40.49312],[140.59237,40.49081],[140.59553,40.48856],[140.59456,40.48698],[140.59166,40.48578],[140.59214,40.48464],[140.59169,40.48247],[140.58837,40.48348],[140.58833,40.48251],[140.59172,40.48027],[140.59227,40.47816],[140.5932,40.47755],[140.59595,40.47789],[140.59985,40.48005],[140.60197,40.47888],[140.60393,40.48007],[140.60513,40.4789],[140.6067,40.48055],[140.60529,40.48522],[140.60606,40.48861],[140.60419,40.49121],[140.60603,40.49426],[140.60385,40.50037],[140.60244,40.49935],[140.60094,40.49713],[140.59901,40.49687],[140.59851,40.49469],[140.59897,40.49292],[140.5951,40.49351],[140.59309,40.49312]],[[140.59737,40.48653],[140.60039,40.48586],[140.60083,40.48482],[140.5992,40.4839],[140.59737,40.48653]]]},"properties":{"hoanrinKind":"保安林"}},
{"type":"Feature","geometry":{"type":"Polygon","coordinates":[[[140.52217,40.53864],[140.52073,40.53486],[140.52061,40.5328],[140.51845,40.5319],[140.51305,40.53599],[140.50909,40.53471],[140.50774,40.53603],[140.50626,40.53456],[140.5084,40.53247],[140.50769,40.53153],[140.51018,40.5304],[140.51141,40.52806],[140.50885,40.528],[140.50814,40.52741],[140.50873,40.52539],[140.51045,40.52537],[140.51166,40.52277],[140.51065,40.52084],[140.50901,40.51968],[140.5108,40.51899],[140.51444,40.52126],[140.51583,40.52323],[140.51805,40.5233],[140.5208,40.52278],[140.52455,40.52385],[140.52724,40.52527],[140.52864,40.52785],[140.52807,40.53024],[140.52825,40.53363],[140.53008,40.53656],[140.52901,40.5391],[140.52346,40.54002],[140.52217,40.53864]]]},"properties":{"hoanrinKind":"保安林"}},
{"type":"Feature","geometry":{"type":"Polygon","coordinates":[[[140.5074,40.53821],[140.5065,40.53648],[140.5089,40.53656],[140.5074,40.53821]]]},"properties":{"hoanrinKind":"保安林"}},
{"type":"Feature","geometry":{"type":"Polygon","coordinates":[[[140.50519,40.5297],[140.50625,40.52994],[140.50562,40.53042],[140.50519,40.5297]]]},"properties":{"hoanrinKind":"保安林"}},
{"type":"Feature","geometry":{"type":"Polygon","coordinates":[[[140.55866,40.51583],[140.5591,40.51408],[140.56083,40.51427],[140.55866,40.51583]]]},"properties":{"hoanrinKind":"保安林"}},
{"type":"Feature","geometry":{"type":"Polygon","coordinates":[[[140.54335,40.5108],[140.54262,40.50968],[140.54392,40.50968],[140.54335,40.5108]]]},"properties":{"hoanrinKind":"保安林"}},
{"type":"Feature","geometry":{"type":"Polygon","coordinates":[[[140.5492,40.52698],[140.54737,40.52699],[140.54795,40.52645],[140.54915,40.52625],[140.5492,40.52698]]]},"properties":{"hoanrinKind":"保安林"}},
{"type":"Feature","geometry":{"type":"Polygon","coordinates":[[[140.54911,40.5258],[140.54771,40.52577],[140.54823,40.52537],[140.54907,40.52543],[140.54911,40.5258]]]},"properties":{"hoanrinKind":"保安林"}},
{"type":"Feature","geometry":{"type":"Polygon","coordinates":[[[140.6193,40.50819],[140.61971,40.50752],[140.62035,40.50801],[140.6193,40.50819]]]},"properties":{"hoanrinKind":"保安林"}},
{"type":"Feature","geometry":{"type":"Polygon","coordinates":[[[140.53422,40.50603],[140.53412,40.50556],[140.53493,40.50559],[140.53496,40.50602],[140.53422,40.50603]]]},"properties":{"hoanrinKind":"保安林"}},
{"type":"Feature","geometry":{"type":"Polygon","coordinates":[[[140.54492,40.75783],[140.54913,40.75881],[140.54987,40.75983],[140.54744,40.76052],[140.54492,40.75783]]]},"properties":{"hoanrinKind":"保安林"}},
{"type":"Feature","geometry":{"type":"Polygon","coordinates":[[[140.54308,40.75744],[140.54238,40.75678],[140.54386,40.7566],[140.54308,40.75744]]]},"properties":{"hoanrinKind":"保安林"}},
{"type":"Feature","geometry":{"type":"Polygon","coordinates":[[[140.49984,40.88324],[140.4995,40.88274],[140.50126,40.88238],[140.5017,40.88265],[140.49984,40.88324]]]},"properties":{"hoanrinKind":"保安林"}},
{"type":"Feature","geometry":{"type":"Polygon","coordinates":[[[140.49779,40.91828],[140.49925,40.91594],[140.49675,40.91404],[140.49714,40.91292],[140.5,40.91514],[140.50026,40.91582],[140.49911,40.91842],[140.49779,40.91828]]]},"properties":{"hoanrinKind":"保安林"}},
{"type":"Feature","geometry":{"type":"Polygon","coordinates":[[[140.59603,41.05479],[140.59666,41.05518],[140.59679,41.0565],[140.59747,41.05727],[140.59675,41.05779],[140.59629,41.05852],[140.59528,41.05883],[140.59455,41.05959],[140.59406,41.05936],[140.59476,41.05875],[140.59637,41.05801],[140.5969,41.05709],[140.59645,41.05641],[140.59648,41.05536],[140.59603,41.05479]]]},"properties":{"hoanrinKind":"保安林"}},
{"type":"Feature","geometry":{"type":"Polygon","coordinates":[[[140.61894,41.04868],[140.61817,41.04664],[140.61946,41.04566],[140.6202,41.04772],[140.61894,41.04868]]]},"properties":{"hoanrinKind":"保安林"}},
{"type":"Feature","geometry":{"type":"Polygon","coordinates":[[[140.5974,41.05452],[140.59681,41.05421],[140.59721,41.0536],[140.59822,41.05443],[140.5974,41.05452]]]},"properties":{"hoanrinKind":"保安林"}},
{"type":"Feature","geometry":{"type":"Polygon","coordinates":[[[140.61361,41.04966],[140.61438,41.04993],[140.61407,41.05112],[140.61556,41.05177],[140.61538,41.05216],[140.61429,41.05184],[140.61378,41.0511],[140.61395,41.05043],[140.61361,41.04966]]]},"properties":{"hoanrinKind":"保安林"}},
{"type":"Feature","geometry":{"type":"Polygon","coordinates":[[[140.583,41.06269],[140.58305,41.06143],[140.58355,41.06143],[140.583,41.06269]]]},"properties":{"hoanrinKind":"保安林"}},
{"type":"Feature","geometry":{"type":"Polygon","coordinates":[[[140.57891,41.04851],[140.57937,41.04879],[140.57838,41.04981],[140.57795,41.04953],[140.57891,41.04851]]]},"properties":{"hoanrinKind":"保安林"}},
{"type":"Feature","geometry":{"type":"Polygon","coordinates":[[[140.58097,41.04712],[140.58062,41.04599],[140.58169,41.04644],[140.58097,41.04712]]]},"properties":{"hoanrinKind":"保安林"}},
{"type":"Feature","geometry":{"type":"Polygon","coordinates":[[[140.60229,41.04406],[140.60112,41.04377],[140.60109,41.04199],[140.60197,41.04173],[140.60165,41.04363],[140.60229,41.04406]]]},"properties":{"hoanrinKind":"保安林"}},
{"type":"Feature","geometry":{"type":"Polygon","coordinates":[[[140.59931,41.05302],[140.59855,41.05254],[140.5993,41.0523],[140.59931,41.05302]]]},"properties":{"hoanrinKind":"保安林"}},
{"type":"Feature","geometry":{"type":"Polygon","coordinates":[[[140.5268,41.11721],[140.52666,41.11881],[140.52438,41.11792],[140.5268,41.11721]]]},"properties":{"hoanrinKind":"保安林"}},
{"type":"Feature","geometry":{"type":"Polygon","coordinates":[[[140.53541,41.21651],[140.53703,41.2164],[140.53615,41.21956],[140.53547,41.21948],[140.53541,41.21651]]]},"properties":{"hoanrinKind":"保安林"}},
{"type":"Feature","geometry":{"type":"Polygon","coordinates":[[[140.52152,41.21107],[140.52152,41.21206],[140.52288,41.21277],[140.52377,41.21373],[140.52307,41.2147],[140.52273,41.21331],[140.52149,41.21284],[140.5208,41.21214],[140.52076,41.21112],[140.52152,41.21107]]]},"properties":{"hoanrinKind":"保安林"}},
{"type":"Feature","geometry":{"type":"Polygon","coordinates":[[[140.51341,41.17338],[140.51105,41.17246],[140.5113,41.17185],[140.51341,41.17338]]]},"properties":{"hoanrinKind":"保安林"}},
{"type":"Feature","geometry":{"type":"Polygon","coordinates":[[[140.64818,40.49637],[140.64739,40.49731],[140.64456,40.49748],[140.64299,40.49653],[140.64892,40.49512],[140.64818,40.49637]]]},"properties":{"hoanrinKind":"保安林"}},
{"type":"Feature","geometry":{"type":"Polygon","coordinates":[[[140.63656,40.45614],[140.63575,40.45286],[140.63765,40.45226],[140.63791,40.45378],[140.63656,40.45614]]]},"properties":{"hoanrinKind":"保安林"}},
{"type":"Feature","geometry":{"type":"Polygon","coordinates":[[[140.62929,40.47989],[140.63036,40.47944],[140.63083,40.48001],[140.62952,40.48032],[140.62929,40.47989]]]},"properties":{"hoanrinKind":"保安林"}},
{"type":"Feature","geometry":{"type":"Polygon","coordinates":[[[140.63283,40.47764],[140.63316,40.47428],[140.63472,40.47585],[140.63443,40.47707],[140.63283,40.47764]]]},"properties":{"hoanrinKind":"保安林"}},
{"type":"Feature","geometry":{"type":"Polygon","coordinates":[[[140.64404,40.4926],[140.64163,40.49358],[140.63915,40.49285],[140.64139,40.49095],[140.64312,40.49118],[140.64404,40.4926]]]},"properties":{"hoanrinKind":"保安林"}},
{"type":"Feature","geometry":{"type":"Polygon","coordinates":[[[140.72349,40.52619],[140.72318,40.52553],[140.72435,40.5253],[140.72416,40.5261],[140.72349,40.52619]]]},"properties":{"hoanrinKind":"保安林"}},
{"type":"Feature","geometry":{"type":"Polygon","coordinates":[[[140.71256,40.53039],[140.71297,40.53106],[140.71206,40.53171],[140.71181,40.53075],[140.71256,40.53039]]]},"properties":{"hoanrinKind":"保安林"}},
{"type":"Feature","geometry":{"type":"Polygon","coordinates":[[[140.71436,40.52943],[140.71561,40.5302],[140.71385,40.53068],[140.71436,40.52943]]]},"properties":{"hoanrinKind":"保安林"}},
{"type":"Feature","geometry":{"type":"Polygon","coordinates":[[[140.64709,40.51213],[140.64342,40.51009],[140.64391,40.50916],[140.64582,40.50858],[140.64795,40.50883],[140.64709,40.51213]]]},"properties":{"hoanrinKind":"保安林"}},
{"type":"Feature","geometry":{"type":"Polygon","coordinates":[[[140.65347,40.53188],[140.6523,40.53171],[140.65234,40.5283],[140.65098,40.52613],[140.65338,40.52565],[140.65577,40.52694],[140.65846,40.52667],[140.65977,40.52592],[140.66448,40.52826],[140.66078,40.52895],[140.6595,40.53049],[140.65779,40.53146],[140.65347,40.53188]]]},"properties":{"hoanrinKind":"保安林"}},
{"type":"Feature","geometry":{"type":"Polygon","coordinates":[[[140.66536,40.54154],[140.66435,40.54129],[140.66145,40.53786],[140.66694,40.53252],[140.66943,40.53341],[140.67069,40.53314],[140.67236,40.53435],[140.67463,40.53918],[140.67826,40.54147],[140.67744,40.54352],[140.67569,40.54209],[140.67373,40.54158],[140.67254,40.54219],[140.67134,40.54113],[140.66862,40.543],[140.66536,40.54154]]]},"properties":{"hoanrinKind":"保安林"}},
{"type":"Feature","geometry":{"type":"Polygon","coordinates":[[[140.6999,40.58027],[140.70007,40.58066],[140.69974,40.58095],[140.69928,40.5804],[140.6999,40.58027]]]},"properties":{"hoanrinKind":"保安林"}},
{"type":"Feature","geometry":{"type":"Polygon","coordinates":[[[140.68733,40.55662],[140.68529,40.55712],[140.68397,40.55666],[140.68271,40.55462],[140.68515,40.55488],[140.68733,40.55662]]]},"properties":{"hoanrinKind":"保安林"}},
{"type":"Feature","geometry":{"type":"Polygon","coordinates":[[[140.63342,40.57986],[140.63398,40.5798],[140.63473,40.58121],[140.6332,40.58063],[140.63342,40.57986]]]},"properties":{"hoanrinKind":"保安林"}},
{"type":"Feature","geometry":{"type":"Polygon","coordinates":[[[140.63511,40.57899],[140.6362,40.57926],[140.63575,40.5798],[140.63511,40.57899]]]},"properties":{"hoanrinKind":"保安林"}},
{"type":"Feature","geometry":{"type":"Polygon","coordinates":[[[140.62478,40.56587],[140.62447,40.56433],[140.62562,40.56427],[140.62478,40.56587]]]},"properties":{"hoanrinKind":"保安林"}},
{"type":"Feature","geometry":{"type":"Polygon","coordinates":[[[140.679,40.54878],[140.67985,40.54933],[140.68018,40.55068],[140.67958,40.55081],[140.679,40.54878]]]},"properties":{"hoanrinKind":"保安林"}},
{"type":"Feature","geometry":{"type":"Polygon","coordinates":[[[140.68276,40.54414],[140.68103,40.54371],[140.68243,40.54318],[140.68276,40.54414]]]},"properties":{"hoanrinKind":"保安林"}},
{"type":"Feature","geometry":{"type":"Polygon","coordinates":[[[140.68913,40.54369],[140.68975,40.54187],[140.6909,40.54106],[140.68987,40.54369],[140.68913,40.54369]]]},"properties":{"hoanrinKind":"保安林"}},
{"type":"Feature","geometry":{"type":"Polygon","coordinates":[[[140.73709,40.5216],[140.73769,40.52012],[140.73868,40.5202],[140.73761,40.52174],[140.73709,40.5216]]]},"properties":{"hoanrinKind":"保安林"}},
{"type":"Feature","geometry":{"type":"Polygon","coordinates":[[[140.74565,40.53003],[140.74498,40.52974],[140.74454,40.52885],[140.74509,40.52877],[140.74565,40.53003]]]},"properties":{"hoanrinKind":"保安林"}},
{"type":"Feature","geometry":{"type":"Polygon","coordinates":[[[140.70716,40.53374],[140.70519,40.53139],[140.7031,40.5327],[140.70358,40.5299],[140.70512,40.5286],[140.71117,40.5248],[140.71297,40.52612],[140.71296,40.52822],[140.711,40.52959],[140.71103,40.53065],[140.70843,40.53161],[140.70849,40.53338],[140.70716,40.53374]]]},"properties":{"hoanrinKind":"保安林"}},
{"type":"Feature","geometry":{"type":"Polygon","coordinates":[[[140.68317,40.56775],[140.68442,40.56629],[140.68523,40.56733],[140.68317,40.56775]]]},"properties":{"hoanrinKind":"保安林"}},
{"type":"Feature","geometry":{"type":"Polygon","coordinates":[[[140.69366,40.55722],[140.69537,40.5569],[140.69576,40.55765],[140.69454,40.55778],[140.69366,40.55722]]]},"properties":{"hoanrinKind":"保安林"}},
{"type":"Feature","geometry":{"type":"Polygon","coordinates":[[[140.69347,40.55571],[140.69443,40.55362],[140.69551,40.55331],[140.69785,40.55409],[140.69772,40.55531],[140.69347,40.55571]]]},"properties":{"hoanrinKind":"保安林"}},
{"type":"Feature","geometry":{"type":"Polygon","coordinates":[[[140.71253,40.58469],[140.71422,40.58422],[140.71526,40.58504],[140.71372,40.58528],[140.71253,40.58469]]]},"properties":{"hoanrinKind":"保安林"}},
{"type":"Feature","geometry":{"type":"Polygon","coordinates":[[[140.70015,40.57991],[140.69821,40.5804],[140.69732,40.57921],[140.69962,40.57892],[140.70015,40.57991]]]},"properties":{"hoanrinKind":"保安林"}},
{"type":"Feature","geometry":{"type":"Polygon","coordinates":[[[140.69308,40.58142],[140.69389,40.57953],[140.69436,40.57984],[140.69308,40.58142]]]},"properties":{"hoanrinKind":"保安林"}},
{"type":"Feature","geometry":{"type":"Polygon","coordinates":[[[140.70616,40.52334],[140.70523,40.52323],[140.70575,40.52277],[140.70616,40.52334]]]},"properties":{"hoanrinKind":"保安林"}},
{"type":"Feature","geometry":{"type":"Polygon","coordinates":[[[140.65495,40.51249],[140.65444,40.51061],[140.6566,40.51009],[140.65683,40.51196],[140.65495,40.51249]]]},"properties":{"hoanrinKind":"保安林"}},
{"type":"Feature","geometry":{"type":"Polygon","coordinates":[[[140.68893,40.53763],[140.68845,40.53768],[140.68778,40.53743],[140.68841,40.53714],[140.68893,40.53763]]]},"properties":{"hoanrinKind":"保安林"}},
{"type":"Feature","geometry":{"type":"Polygon","coordinates":[[[140.71612,40.52579],[140.71576,40.52539],[140.71608,40.52507],[140.71624,40.5257],[140.71612,40.52579]]]},"properties":{"hoanrinKind":"保安林"}},
{"type":"Feature","geometry":{"type":"Polygon","coordinates":[[[140.73522,40.52631],[140.73491,40.52617],[140.73522,40.52577],[140.73554,40.52615],[140.73522,40.52631]]]},"properties":{"hoanrinKind":"保安林"}},
{"type":"Feature","geometry":{"type":"Polygon","coordinates":[[[140.73823,40.53031],[140.73914,40.52904],[140.73937,40.52913],[140.73844,40.53045],[140.73823,40.53031]]]},"properties":{"hoanrinKind":"保安林"}},
{"type":"Feature","geometry":{"type":"Polygon","coordinates":[[[140.74298,40.52927],[140.74302,40.52889],[140.74327,40.52886],[140.74328,40.52924],[140.74298,40.52927]]]},"properties":{"hoanrinKind":"保安林"}},
{"type":"Feature","geometry":{"type":"Polygon","coordinates":[[[140.71538,40.59129],[140.71644,40.59135],[140.71666,40.59204],[140.71585,40.59229],[140.71538,40.59129]]]},"properties":{"hoanrinKind":"保安林"}},
{"type":"Feature","geometry":{"type":"Polygon","coordinates":[[[140.71394,40.62893],[140.71259,40.62771],[140.71416,40.62734],[140.71394,40.62893]]]},"properties":{"hoanrinKind":"保安林"}},
{"type":"Feature","geometry":{"type":"Polygon","coordinates":[[[140.72174,40.63907],[140.72245,40.638],[140.7229,40.63866],[140.72174,40.63907]]]},"properties":{"hoanrinKind":"保安林"}},
{"type":"Feature","geometry":{"type":"Polygon","coordinates":[[[140.70539,40.63596],[140.70539,40.63524],[140.70656,40.63551],[140.70539,40.63596]]]},"properties":{"hoanrinKind":"保安林"}},
{"type":"Feature","geometry":{"type":"Polygon","coordinates":[[[140.68171,40.59587],[140.67982,40.59501],[140.67942,40.59378],[140.68111,40.59311],[140.68233,40.59402],[140.6837,40.59358],[140.68568,40.59453],[140.68171,40.59587]]]},"properties":{"hoanrinKind":"保安林"}},
{"type":"Feature","geometry":{"type":"Polygon","coordinates":[[[140.74306,40.64301],[140.74141,40.64266],[140.74128,40.64194],[140.7432,40.64233],[140.74306,40.64301]]]},"properties":{"hoanrinKind":"保安林"}},
{"type":"Feature","geometry":{"type":"Polygon","coordinates":[[[140.72083,40.63315],[140.72028,40.63257],[140.7215,40.63177],[140.72282,40.6317],[140.72083,40.63315]]]},"properties":{"hoanrinKind":"保安林"}},
{"type":"Feature","geometry":{"type":"Polygon","coordinates":[[[140.64426,40.60017],[140.64686,40.59987],[140.64736,40.59867],[140.64517,40.59755],[140.64723,40.59601],[140.64589,40.59522],[140.64679,40.59419],[140.64886,40.5954],[140.64783,40.59656],[140.64719,40.60218],[140.64607,40.60202],[140.64424,40.60397],[140.64251,40.60309],[140.64255,40.60197],[140.64426,40.60017]]]},"properties":{"hoanrinKind":"保安林"}},
{"type":"Feature","geometry":{"type":"Polygon","coordinates":[[[140.68258,40.61112],[140.68264,40.6103],[140.68079,40.60898],[140.68441,40.60878],[140.68567,40.60925],[140.68482,40.61163],[140.68258,40.61112]]]},"properties":{"hoanrinKind":"保安林"}},
{"type":"Feature","geometry":{"type":"Polygon","coordinates":[[[140.67976,40.6034],[140.68148,40.60281],[140.682,40.60338],[140.68086,40.60389],[140.67976,40.6034]]]},"properties":{"hoanrinKind":"保安林"}},
{"type":"Feature","geometry":{"type":"Polygon","coordinates":[[[140.68482,40.66344],[140.68365,40.6673],[140.68199,40.6678],[140.68128,40.66603],[140.67812,40.66543],[140.67786,40.66366],[140.67214,40.66405],[140.66618,40.66555],[140.66857,40.66391],[140.67105,40.66092],[140.67499,40.66001],[140.67886,40.66012],[140.68122,40.65857],[140.68476,40.65903],[140.68482,40.66344]]]},"properties":{"hoanrinKind":"保安林"}},
{"type":"Feature","geometry":{"type":"Polygon","coordinates":[[[140.70096,40.62616],[140.70322,40.62743],[140.70137,40.62756],[140.70096,40.62616]]]},"properties":{"hoanrinKind":"保安林"}},
{"type":"Feature","geometry":{"type":"Polygon","coordinates":[[[140.63483,40.61841],[140.63429,40.61805],[140.63313,40.61408],[140.63444,40.61232],[140.63565,40.61215],[140.63633,40.61422],[140.63793,40.61297],[140.63875,40.61114],[140.6402,40.61018],[140.63979,40.60831],[140.64114,40.6077],[140.64447,40.60917],[140.64545,40.61108],[140.64489,40.61279],[140.64179,40.61331],[140.63749,40.61555],[140.63535,40.61634],[140.63483,40.61841]]]},"properties":{"hoanrinKind":"保安林"}},
{"type":"Feature","geometry":{"type":"Polygon","coordinates":[[[140.6954,40.59284],[140.69594,40.59386],[140.69496,40.59491],[140.69407,40.59393],[140.6954,40.59284]]]},"properties":{"hoanrinKind":"保安林"}},
{"type":"Feature","geometry":{"type":"Polygon","coordinates":[[[140.73385,40.64033],[140.73481,40.64085],[140.73491,40.6417],[140.73385,40.64033]]]},"properties":{"hoanrinKind":"保安林"}},
{"type":"Feature","geometry":{"type":"Polygon","coordinates":[[[140.69861,40.63737],[140.69746,40.6383],[140.69278,40.63801],[140.69201,40.63716],[140.69339,40.63534],[140.69229,40.63458],[140.69222,40.63173],[140.69374,40.63155],[140.69744,40.63347],[140.69961,40.63289],[140.7009,40.63433],[140.69895,40.63513],[140.69861,40.63737]]]},"properties":{"hoanrinKind":"保安林"}},
{"type":"Feature","geometry":{"type":"Polygon","coordinates":[[[140.64387,40.608],[140.647,40.60694],[140.64907,40.60694],[140.65091,40.6093],[140.65083,40.61034],[140.64726,40.61193],[140.64828,40.60861],[140.64545,40.60872],[140.64387,40.608]]]},"properties":{"hoanrinKind":"保安林"}},
{"type":"Feature","geometry":{"type":"Polygon","coordinates":[[[140.64613,40.71149],[140.64913,40.71125],[140.65259,40.7096],[140.6562,40.70907],[140.66001,40.70898],[140.66359,40.70662],[140.66522,40.70663],[140.6602,40.70946],[140.65619,40.70956],[140.65221,40.71009],[140.6498,40.71143],[140.64666,40.71201],[140.64613,40.71149]]]},"properties":{"hoanrinKind":"保安林"}},
{"type":"Feature","geometry":{"type":"Polygon","coordinates":[[[140.66146,40.71417],[140.65649,40.71636],[140.65247,40.71562],[140.64785,40.71644],[140.64569,40.71579],[140.64538,40.71463],[140.64342,40.71401],[140.64378,40.71243],[140.65044,40.71301],[140.65443,40.71285],[140.65605,40.71206],[140.66241,40.7104],[140.66497,40.70906],[140.66823,40.71064],[140.66602,40.7127],[140.66146,40.71417]]]},"properties":{"hoanrinKind":"保安林"}},
{"type":"Feature","geometry":{"type":"Polygon","coordinates":[[[140.63926,40.70625],[140.64007,40.70516],[140.64027,40.7032],[140.64119,40.7023],[140.64338,40.70227],[140.64439,40.70131],[140.64528,40.69955],[140.64763,40.69784],[140.64806,40.69834],[140.6468,40.69888],[140.64555,40.70002],[140.64484,40.70139],[140.64372,40.70244],[140.64096,40.70309],[140.64059,40.70392],[140.64052,40.70549],[140.64006,40.70603],[140.64,40.70768],[140.63945,40.70768],[140.63926,40.70625]]]},"properties":{"hoanrinKind":"保安林"}},
{"type":"Feature","geometry":{"type":"Polygon","coordinates":[[[140.63525,40.72547],[140.63428,40.72526],[140.63453,40.72431],[140.63543,40.72444],[140.63525,40.72547]]]},"properties":{"hoanrinKind":"保安林"}},
{"type":"Feature","geometry":{"type":"Polygon","coordinates":[[[140.71439,40.744],[140.71334,40.7446],[140.71097,40.7444],[140.71018,40.74102],[140.71144,40.7399],[140.71364,40.74034],[140.71439,40.744]]]},"properties":{"hoanrinKind":"保安林"}},
{"type":"Feature","geometry":{"type":"Polygon","coordinates":[[[140.64031,40.73639],[140.63655,40.73637],[140.63331,40.73682],[140.63107,40.73572],[140.63092,40.73419],[140.63212,40.73341],[140.6352,40.73316],[140.63565,40.73187],[140.64079,40.73322],[140.64135,40.73403],[140.64031,40.73639]]]},"properties":{"hoanrinKind":"保安林"}},
{"type":"Feature","geometry":{"type":"Polygon","coordinates":[[[140.64769,40.70789],[140.64954,40.70819],[140.65014,40.70919],[140.64787,40.70952],[140.64769,40.70789]]]},"properties":{"hoanrinKind":"保安林"}},
{"type":"Feature","geometry":{"type":"Polygon","coordinates":[[[140.66292,40.69047],[140.66279,40.68924],[140.66413,40.68913],[140.66292,40.69047]]]},"properties":{"hoanrinKind":"保安林"}},
{"type":"Feature","geometry":{"type":"Polygon","coordinates":[[[140.6669,40.68709],[140.66602,40.68587],[140.66801,40.68513],[140.66788,40.68665],[140.6669,40.68709]]]},"properties":{"hoanrinKind":"保安林"}},
{"type":"Feature","geometry":{"type":"Polygon","coordinates":[[[140.65188,40.7814],[140.65366,40.78301],[140.65318,40.784],[140.64848,40.78532],[140.64701,40.78626],[140.64423,40.78571],[140.6419,40.78673],[140.64104,40.78546],[140.6418,40.7837],[140.6434,40.78359],[140.64579,40.78449],[140.64629,40.78235],[140.65188,40.7814]]]},"properties":{"hoanrinKind":"保安林"}},
{"type":"Feature","geometry":{"type":"Polygon","coordinates":[[[140.66822,40.79397],[140.67007,40.7958],[140.6681,40.79734],[140.66992,40.80125],[140.67007,40.80257],[140.666,40.8018],[140.66578,40.79992],[140.66659,40.79901],[140.66651,40.79583],[140.66564,40.79534],[140.66356,40.79659],[140.6618,40.79661],[140.66165,40.79521],[140.66262,40.79358],[140.66381,40.793],[140.66517,40.79093],[140.6664,40.79076],[140.66702,40.79298],[140.66822,40.79397]]]},"properties":{"hoanrinKind":"保安林"}},
{"type":"Feature","geometry":{"type":"Polygon","coordinates":[[[140.66036,40.80487],[140.65683,40.80535],[140.65548,40.80474],[140.65433,40.80321],[140.65213,40.80248],[140.65456,40.79986],[140.65665,40.80166],[140.6589,40.8028],[140.66036,40.80487]]]},"properties":{"hoanrinKind":"保安林"}},
{"type":"Feature","geometry":{"type":"Polygon","coordinates":[[[140.69674,40.77529],[140.69758,40.77671],[140.69694,40.7808],[140.69597,40.78062],[140.69674,40.77529]]]},"properties":{"hoanrinKind":"保安林"}},
{"type":"Feature","geometry":{"type":"Polygon","coordinates":[[[140.64143,41.05348],[140.64051,41.05266],[140.64194,41.05017],[140.64312,41.04985],[140.64237,41.05328],[140.64143,41.05348]]]},"properties":{"hoanrinKind":"保安林"}},
{"type":"Feature","geometry":{"type":"Polygon","coordinates":[[[140.63477,41.04759],[140.63601,41.04837],[140.63535,41.05052],[140.6343,41.05026],[140.63477,41.04759]]]},"properties":{"hoanrinKind":"保安林"}},
{"type":"Feature","geometry":{"type":"Polygon","coordinates":[[[140.62691,41.03989],[140.62817,41.03928],[140.62997,41.04144],[140.62855,41.04173],[140.62691,41.03989]]]},"properties":{"hoanrinKind":"保安林"}},
{"type":"Feature","geometry":{"type":"Polygon","coordinates":[[[140.63244,41.08896],[140.63257,41.09131],[140.62879,41.09227],[140.62932,41.09073],[140.63071,41.09072],[140.63244,41.08896]]]},"properties":{"hoanrinKind":"保安林"}},
{"type":"Feature","geometry":{"type":"Polygon","coordinates":[[[140.62612,41.19188],[140.62543,41.1935],[140.62458,41.19305],[140.62612,41.19188]]]},"properties":{"hoanrinKind":"保安林"}},
{"type":"Feature","geometry":{"type":"Polygon","coordinates":[[[140.79538,40.73137],[140.79604,40.72958],[140.79722,40.72993],[140.79538,40.73137]]]},"properties":{"hoanrinKind":"保安林"}},
{"type":"Feature","geometry":{"type":"Polygon","coordinates":[[[140.79711,40.72885],[140.7969,40.72816],[140.79779,40.72747],[140.79825,40.72827],[140.79711,40.72885]]]},"properties":{"hoanrinKind":"保安林"}},
{"type":"Feature","geometry":{"type":"Polygon","coordinates":[[[140.77654,40.75987],[140.7772,40.76221],[140.77562,40.76391],[140.77601,40.76131],[140.77654,40.75987]]]},"properties":{"hoanrinKind":"保安林"}},
{"type":"Feature","geometry":{"type":"Polygon","coordinates":[[[140.85202,40.89547],[140.85075,40.8968],[140.84891,40.89754],[140.84732,40.8964],[140.84744,40.89491],[140.84866,40.89392],[140.85099,40.89417],[140.85202,40.89547]]]},"properties":{"hoanrinKind":"保安林"}},
{"type":"Feature","geometry":{"type":"Polygon","coordinates":[[[140.86162,40.90284],[140.85989,40.90449],[140.85904,40.90406],[140.86162,40.90284]]]},"properties":{"hoanrinKind":"保安林"}},
{"type":"Feature","geometry":{"type":"Polygon","coordinates":[[[140.85545,40.95082],[140.85627,40.94939],[140.85705,40.94962],[140.85661,40.9512],[140.85545,40.95082]]]},"properties":{"hoanrinKind":"保安林"}},
{"type":"Feature","geometry":{"type":"Polygon","coordinates":[[[140.84948,40.95384],[140.84695,40.95444],[140.84438,40.9532],[140.8421,40.95348],[140.83917,40.95251],[140.83869,40.95112],[140.84205,40.94987],[140.84427,40.95091],[140.84519,40.94872],[140.8476,40.94865],[140.85018,40.94742],[140.85145,40.94626],[140.85456,40.94552],[140.85744,40.944],[140.86001,40.94611],[140.85606,40.94748],[140.85656,40.94845],[140.85427,40.94892],[140.85328,40.9502],[140.85039,40.95135],[140.84948,40.95384]]]},"properties":{"hoanrinKind":"保安林"}},
{"type":"Feature","geometry":{"type":"Polygon","coordinates":[[[140.86209,40.95619],[140.8598,40.95688],[140.85839,40.95525],[140.86209,40.95619]]]},"properties":{"hoanrinKind":"保安林"}},
{"type":"Feature","geometry":{"type":"Polygon","coordinates":[[[140.86662,40.94588],[140.86514,40.94762],[140.86406,40.94705],[140.86662,40.94588]]]},"properties":{"hoanrinKind":"保安林"}},
{"type":"Feature","geometry":{"type":"Polygon","coordinates":[[[140.87108,40.98519],[140.87136,40.98667],[140.86988,40.98723],[140.86666,40.98661],[140.86344,40.98494],[140.86675,40.98312],[140.86921,40.98401],[140.86913,40.9853],[140.87108,40.98519]]]},"properties":{"hoanrinKind":"保安林"}},
{"type":"Feature","geometry":{"type":"Polygon","coordinates":[[[140.81522,41.13481],[140.81523,41.13537],[140.81361,41.1354],[140.81336,41.13492],[140.81522,41.13481]]]},"properties":{"hoanrinKind":"保安林"}},
{"type":"Feature","geometry":{"type":"Polygon","coordinates":[[[140.8131,41.13718],[140.81404,41.13608],[140.816,41.13626],[140.81567,41.13707],[140.81429,41.13681],[140.8131,41.13718]]]},"properties":{"hoanrinKind":"保安林"}},
{"type":"Feature","geometry":{"type":"Polygon","coordinates":[[[140.80892,41.12928],[140.81069,41.12784],[140.81412,41.13043],[140.81481,41.13209],[140.81329,41.13348],[140.81106,41.13334],[140.80877,41.13226],[140.80892,41.12928]]]},"properties":{"hoanrinKind":"保安林"}},
{"type":"Feature","geometry":{"type":"Polygon","coordinates":[[[140.84489,41.15735],[140.84586,41.15643],[140.84602,41.1572],[140.84489,41.15735]]]},"properties":{"hoanrinKind":"保安林"}},
{"type":"Feature","geometry":{"type":"Polygon","coordinates":[[[140.79164,41.13409],[140.79162,41.13376],[140.79288,41.13341],[140.79306,41.13357],[140.7919,41.13412],[140.79164,41.13409]]]},"properties":{"hoanrinKind":"保安林"}},
{"type":"Feature","geometry":{"type":"Polygon","coordinates":[[[140.79813,41.17467],[140.79798,41.17578],[140.79731,41.17485],[140.79813,41.17467]]]},"properties":{"hoanrinKind":"保安林"}},
{"type":"Feature","geometry":{"type":"Polygon","coordinates":[[[140.8428,41.26554],[140.84121,41.26371],[140.84368,41.26271],[140.84454,41.26466],[140.8428,41.26554]]]},"properties":{"hoanrinKind":"保安林"}},
{"type":"Feature","geometry":{"type":"Polygon","coordinates":[[[140.84568,41.26654],[140.8466,41.2676],[140.84458,41.2686],[140.8471,41.27042],[140.84553,41.27127],[140.84285,41.26939],[140.84436,41.26867],[140.84342,41.26761],[140.84568,41.26654]]]},"properties":{"hoanrinKind":"保安林"}},
{"type":"Feature","geometry":{"type":"Polygon","coordinates":[[[140.82858,41.36642],[140.8272,41.36584],[140.82813,41.36513],[140.82928,41.36544],[140.82858,41.36642]]]},"properties":{"hoanrinKind":"保安林"}},
{"type":"Feature","geometry":{"type":"Polygon","coordinates":[[[140.83124,41.38332],[140.83386,41.38264],[140.83735,41.38241],[140.83741,41.38382],[140.8351,41.38404],[140.83183,41.38568],[140.83009,41.38535],[140.8292,41.38392],[140.83124,41.38332]]]},"properties":{"hoanrinKind":"保安林"}},
{"type":"Feature","geometry":{"type":"Polygon","coordinates":[[[140.83515,41.40268],[140.8335,41.40422],[140.83328,41.40226],[140.83515,41.40268]]]},"properties":{"hoanrinKind":"保安林"}},
{"type":"Feature","geometry":{"type":"Polygon","coordinates":[[[140.97739,40.58466],[140.97619,40.58326],[140.97652,40.58096],[140.97854,40.58127],[140.97739,40.58466]]]},"properties":{"hoanrinKind":"保安林"}},
{"type":"Feature","geometry":{"type":"Polygon","coordinates":[[[140.97218,40.58941],[140.9706,40.58827],[140.97275,40.58822],[140.97218,40.58941]]]},"properties":{"hoanrinKind":"保安林"}},
{"type":"Feature","geometry":{"type":"Polygon","coordinates":[[[140.99359,40.59758],[140.99206,40.59727],[140.98952,40.59889],[140.98547,40.59843],[140.98598,40.59711],[140.98563,40.5953],[140.9837,40.59637],[140.98238,40.59483],[140.98913,40.5946],[140.98909,40.59502],[140.9961,40.59621],[140.99621,40.59733],[140.99359,40.59758]]]},"properties":{"hoanrinKind":"保安林"}},
{"type":"Feature","geometry":{"type":"Polygon","coordinates":[[[140.87999,40.83077],[140.88035,40.82898],[140.88088,40.82923],[140.88057,40.83098],[140.87999,40.83077]]]},"properties":{"hoanrinKind":"保安林"}},
{"type":"Feature","geometry":{"type":"Polygon","coordinates":[[[140.88017,40.82566],[140.87792,40.82358],[140.87946,40.82343],[140.88128,40.82499],[140.88017,40.82566]]]},"properties":{"hoanrinKind":"保安林"}},
{"type":"Feature","geometry":{"type":"Polygon","coordinates":[[[140.97559,40.86747],[140.97376,40.86473],[140.97485,40.86314],[140.97693,40.86696],[140.97559,40.86747]]]},"properties":{"hoanrinKind":"保安林"}},
{"type":"Feature","geometry":{"type":"Polygon","coordinates":[[[140.98139,40.8905],[140.98294,40.89176],[140.98054,40.89547],[140.97721,40.89535],[140.97545,40.89315],[140.97329,40.89222],[140.97487,40.88931],[140.97706,40.89015],[140.9808,40.88982],[140.98139,40.8905]]]},"properties":{"hoanrinKind":"保安林"}},
{"type":"Feature","geometry":{"type":"Polygon","coordinates":[[[140.95917,40.89084],[140.95829,40.89184],[140.95945,40.89331],[140.95716,40.8942],[140.95166,40.89275],[140.95181,40.89106],[140.95355,40.89048],[140.95607,40.89102],[140.95702,40.88946],[140.95917,40.89084]]]},"properties":{"hoanrinKind":"保安林"}},
{"type":"Feature","geometry":{"type":"Polygon","coordinates":[[[140.90943,40.9143],[140.90909,40.91285],[140.9114,40.9131],[140.91073,40.91482],[140.90943,40.9143]]]},"properties":{"hoanrinKind":"保安林"}},
{"type":"Feature","geometry":{"type":"Polygon","coordinates":[[[140.93142,40.90012],[140.93077,40.89784],[140.92949,40.89601],[140.93021,40.89249],[140.92993,40.88979],[140.93233,40.89084],[140.93455,40.89074],[140.93704,40.89133],[140.94058,40.89079],[140.94299,40.89348],[140.9434,40.89784],[140.94307,40.9001],[140.94413,40.9021],[140.94303,40.90432],[140.93918,40.90477],[140.93802,40.90148],[140.9371,40.90089],[140.9353,40.90195],[140.93649,40.90324],[140.93418,40.9035],[140.93305,40.90105],[140.93142,40.90012]]]},"properties":{"hoanrinKind":"保安林"}},
{"type":"Feature","geometry":{"type":"Polygon","coordinates":[[[140.96265,40.87848],[140.96462,40.87837],[140.96473,40.87887],[140.96268,40.8793],[140.96265,40.87848]]]},"properties":{"hoanrinKind":"保安林"}},
{"type":"Feature","geometry":{"type":"Polygon","coordinates":[[[140.89543,40.93035],[140.89805,40.9306],[140.89855,40.93138],[140.90161,40.9315],[140.9007,40.93381],[140.89874,40.93484],[140.89917,40.93642],[140.89751,40.93879],[140.89412,40.93771],[140.89058,40.93808],[140.88949,40.93707],[140.88982,40.93474],[140.8913,40.93177],[140.89373,40.9314],[140.89543,40.93035]]]},"properties":{"hoanrinKind":"保安林"}},
{"type":"Feature","geometry":{"type":"Polygon","coordinates":[[[140.91399,40.93652],[140.91403,40.93754],[140.91213,40.9388],[140.91621,40.94114],[140.91714,40.9411],[140.92127,40.94433],[140.92235,40.9422],[140.92549,40.94151],[140.92645,40.94053],[140.92702,40.93829],[140.92649,40.9367],[140.92822,40.93625],[140.92623,40.93481],[140.92479,40.93714],[140.92409,40.93386],[140.92307,40.9331],[140.92179,40.92818],[140.92345,40.9257],[140.92544,40.92628],[140.92806,40.92806],[140.92823,40.92898],[140.9306,40.92921],[140.93282,40.92775],[140.93476,40.92888],[140.93483,40.92647],[140.93858,40.92846],[140.93762,40.93174],[140.93651,40.93392],[140.9383,40.93512],[140.94233,40.93548],[140.94268,40.93264],[140.9435,40.93048],[140.94754,40.93145],[140.94961,40.93421],[140.95055,40.93738],[140.94703,40.93679],[140.94614,40.93728],[140.94276,40.93714],[140.93696,40.93807],[140.9364,40.94143],[140.9332,40.94368],[140.93078,40.94211],[140.92951,40.94279],[140.92855,40.94441],[140.92927,40.94689],[140.93274,40.94466],[140.93593,40.94311],[140.93835,40.94479],[140.93782,40.94725],[140.93491,40.94715],[140.93308,40.94814],[140.93228,40.94994],[140.93027,40.95121],[140.92602,40.95201],[140.92333,40.95199],[140.92228,40.95416],[140.91622,40.95257],[140.91446,40.95103],[140.91001,40.95045],[140.90459,40.95098],[140.9012,40.95222],[140.89982,40.95214],[140.89933,40.95079],[140.89652,40.94859],[140.89206,40.94748],[140.88997,40.94258],[140.88817,40.94064],[140.89282,40.94085],[140.89396,40.94196],[140.89631,40.94243],[140.89796,40.94027],[140.89979,40.93692],[140.90034,40.93515],[140.90296,40.93247],[140.90505,40.93188],[140.90473,40.93063],[140.90591,40.9281],[140.90932,40.92847],[140.90976,40.93297],[140.91179,40.93401],[140.90912,40.93542],[140.90714,40.93534],[140.90565,40.9361],[140.9053,40.93803],[140.90277,40.94077],[140.89991,40.9413],[140.90042,40.9424],[140.9035,40.94079],[140.90554,40.93916],[140.90716,40.93678],[140.9082,40.9389],[140.91012,40.93891],[140.91399,40.93652]],[[140.93383,40.93716],[140.93467,40.93537],[140.93304,40.93406],[140.93247,40.93709],[140.93383,40.93716]],[[140.92216,40.95194],[140.92137,40.94977],[140.92227,40.94732],[140.92007,40.947],[140.91908,40.94839],[140.91751,40.94878],[140.91869,40.95042],[140.92216,40.95194]]]},"properties":{"hoanrinKind":"保安林"}},
{"type":"Feature","geometry":{"type":"Polygon","coordinates":[[[140.87416,40.98053],[140.8736,40.97959],[140.87447,40.97963],[140.87416,40.98053]]]},"properties":{"hoanrinKind":"保安林"}},
{"type":"Feature","geometry":{"type":"Polygon","coordinates":[[[140.90496,41.00475],[140.90506,41.00602],[140.90254,41.00711],[140.90206,41.00527],[140.90496,41.00475]]]},"properties":{"hoanrinKind":"保安林"}},
{"type":"Feature","geometry":{"type":"Polygon","coordinates":[[[140.91361,41.17707],[140.91383,41.17605],[140.91301,41.17543],[140.91586,41.17594],[140.9142,41.17637],[140.91361,41.17707]]]},"properties":{"hoanrinKind":"保安林"}},
{"type":"Feature","geometry":{"type":"Polygon","coordinates":[[[140.90501,41.17127],[140.90375,41.17252],[140.90754,41.17352],[140.90704,41.1757],[140.90537,41.17486],[140.90106,41.17726],[140.89858,41.17632],[140.89937,41.1719],[140.90129,41.17088],[140.90334,41.17057],[140.90501,41.17127]]]},"properties":{"hoanrinKind":"保安林"}},
{"type":"Feature","geometry":{"type":"Polygon","coordinates":[[[140.97828,41.24483],[140.97942,41.24365],[140.98113,41.24283],[140.98269,41.24294],[140.98222,41.24343],[140.98091,41.2433],[140.98017,41.24364],[140.97862,41.2449],[140.97828,41.24483]]]},"properties":{"hoanrinKind":"保安林"}},
{"type":"Feature","geometry":{"type":"Polygon","coordinates":[[[140.95453,41.19526],[140.95243,41.1967],[140.95117,41.1998],[140.94882,41.19878],[140.947,41.20024],[140.94812,41.20099],[140.94646,41.20222],[140.94198,41.20168],[140.94237,41.20348],[140.94053,41.20379],[140.93997,41.20254],[140.94237,41.19975],[140.94291,41.19712],[140.94549,41.19497],[140.9483,41.19483],[140.94938,41.19355],[140.94544,41.19238],[140.94635,41.19043],[140.94954,41.19185],[140.95149,41.19023],[140.95518,41.19081],[140.95389,41.19288],[140.95453,41.19526]],[[140.95099,41.19557],[140.95331,41.19569],[140.95341,41.19451],[140.95102,41.19439],[140.95099,41.19557]]]},"properties":{"hoanrinKind":"保安林"}},
{"type":"Feature","geometry":{"type":"Polygon","coordinates":[[[140.94718,41.29567],[140.94792,41.296],[140.9476,41.29754],[140.94669,41.29677],[140.94718,41.29567]]]},"properties":{"hoanrinKind":"保安林"}},
{"type":"Feature","geometry":{"type":"Polygon","coordinates":[[[140.94534,41.29518],[140.94362,41.29484],[140.94272,41.29588],[140.94046,41.29603],[140.9424,41.29476],[140.94427,41.29456],[140.94534,41.29518]]]},"properties":{"hoanrinKind":"保安林"}},
{"type":"Feature","geometry":{"type":"Polygon","coordinates":[[[140.9872,41.46388],[140.98702,41.46325],[140.98771,41.46332],[140.9872,41.46388]]]},"properties":{"hoanrinKind":"保安林"}},
{"type":"Feature","geometry":{"type":"Polygon","coordinates":[[[140.95786,41.50082],[140.95607,41.50162],[140.95312,41.5022],[140.94888,41.50176],[140.94568,41.49963],[140.94539,41.49759],[140.94883,41.49447],[140.94774,41.4924],[140.94985,41.49122],[140.95123,41.48975],[140.95136,41.48783],[140.95435,41.48998],[140.95527,41.49354],[140.95599,41.49419],[140.95954,41.49493],[140.95787,41.49886],[140.95786,41.50082]]]},"properties":{"hoanrinKind":"保安林"}},
{"type":"Feature","geometry":{"type":"Polygon","coordinates":[[[140.92338,41.53438],[140.92243,41.53776],[140.91792,41.54254],[140.91738,41.54215],[140.92053,41.53914],[140.92199,41.53729],[140.92338,41.53438]]]},"properties":{"hoanrinKind":"保安林"}},
{"type":"Feature","geometry":{"type":"Polygon","coordinates":[[[140.96173,41.51039],[140.96286,41.50941],[140.96346,41.50807],[140.96398,41.50834],[140.96331,41.50945],[140.96173,41.51039]]]},"properties":{"hoanrinKind":"保安林"}},
{"type":"Feature","geometry":{"type":"Polygon","coordinates":[[[140.92436,41.53369],[140.9267,41.53254],[140.92671,41.53291],[140.92428,41.5342],[140.92436,41.53369]]]},"properties":{"hoanrinKind":"保安林"}},
{"type":"Feature","geometry":{"type":"Polygon","coordinates":[[[141.10836,40.40273],[141.10718,40.4025],[141.10548,40.39989],[141.10783,40.39919],[141.10768,40.40064],[141.10891,40.40154],[141.10836,40.40273]]]},"properties":{"hoanrinKind":"保安林"}},
{"type":"Feature","geometry":{"type":"Polygon","coordinates":[[[141.07252,40.38293],[141.0746,40.38261],[141.0767,40.38153],[141.07609,40.3843],[141.07314,40.38383],[141.07252,40.38293]]]},"properties":{"hoanrinKind":"保安林"}},
{"type":"Feature","geometry":{"type":"Polygon","coordinates":[[[141.09114,40.33854],[141.09315,40.33775],[141.09355,40.34033],[141.09149,40.34068],[141.08979,40.33997],[141.09114,40.33854]]]},"properties":{"hoanrinKind":"保安林"}},
{"type":"Feature","geometry":{"type":"Polygon","coordinates":[[[141.09079,40.34351],[141.09045,40.34217],[141.09168,40.34125],[141.09528,40.34166],[141.09486,40.34316],[141.09235,40.34322],[141.09299,40.34638],[141.0911,40.34575],[141.09079,40.34351]]]},"properties":{"hoanrinKind":"保安林"}},
{"type":"Feature","geometry":{"type":"Polygon","coordinates":[[[141.09063,40.38128],[141.0896,40.38001],[141.08993,40.37858],[141.09282,40.37877],[141.09289,40.38007],[141.09583,40.3802],[141.09549,40.3814],[141.09101,40.3819],[141.08549,40.38139],[141.08527,40.38012],[141.08668,40.3781],[141.08811,40.38034],[141.09063,40.38128]]]},"properties":{"hoanrinKind":"保安林"}},
{"type":"Feature","geometry":{"type":"Polygon","coordinates":[[[141.08106,40.35362],[141.07939,40.35386],[141.07626,40.35296],[141.07852,40.35183],[141.08061,40.35272],[141.08106,40.35362]]]},"properties":{"hoanrinKind":"保安林"}},
{"type":"Feature","geometry":{"type":"Polygon","coordinates":[[[141.08268,40.3829],[141.08068,40.38187],[141.08171,40.38048],[141.08321,40.38203],[141.08268,40.3829]]]},"properties":{"hoanrinKind":"保安林"}},
{"type":"Feature","geometry":{"type":"Polygon","coordinates":[[[141.11894,40.4565],[141.11786,40.45716],[141.11531,40.45686],[141.11526,40.45551],[141.11841,40.45496],[141.11894,40.4565]]]},"properties":{"hoanrinKind":"保安林"}},
{"type":"Feature","geometry":{"type":"Polygon","coordinates":[[[141.11141,40.43349],[141.11249,40.4328],[141.11541,40.4325],[141.11401,40.43403],[141.11141,40.43349]]]},"properties":{"hoanrinKind":"保安林"}},
{"type":"Feature","geometry":{"type":"Polygon","coordinates":[[[141.10097,40.46879],[141.10253,40.46913],[141.10287,40.47138],[141.09994,40.47019],[141.10097,40.46879]]]},"properties":{"hoanrinKind":"保安林"}},
{"type":"Feature","geometry":{"type":"Polygon","coordinates":[[[141.09433,40.46344],[141.09494,40.46263],[141.09705,40.46206],[141.10183,40.46257],[141.0986,40.46315],[141.09666,40.46306],[141.09433,40.46344]]]},"properties":{"hoanrinKind":"保安林"}},
{"type":"Feature","geometry":{"type":"Polygon","coordinates":[[[141.08994,40.46218],[141.09291,40.46006],[141.09355,40.46109],[141.08994,40.46218]]]},"properties":{"hoanrinKind":"保安林"}},
{"type":"Feature","geometry":{"type":"Polygon","coordinates":[[[141.09629,40.49071],[141.09895,40.48994],[141.10013,40.49111],[141.10204,40.49041],[141.10307,40.48698],[141.1056,40.4869],[141.10578,40.49106],[141.104,40.49291],[141.09791,40.49315],[141.09638,40.49412],[141.09629,40.49071]]]},"properties":{"hoanrinKind":"保安林"}},
{"type":"Feature","geometry":{"type":"Polygon","coordinates":[[[141.10325,40.51683],[141.10391,40.5154],[141.10974,40.51471],[141.11029,40.51409],[141.11664,40.51437],[141.11834,40.51697],[141.11647,40.51765],[141.11076,40.51777],[141.10527,40.51599],[141.10325,40.51683]]]},"properties":{"hoanrinKind":"保安林"}},
{"type":"Feature","geometry":{"type":"Polygon","coordinates":[[[140.99721,40.56928],[140.99686,40.56818],[140.99763,40.56756],[140.99829,40.56862],[140.99721,40.56928]]]},"properties":{"hoanrinKind":"保安林"}},
{"type":"Feature","geometry":{"type":"Polygon","coordinates":[[[141.06792,40.64093],[141.0663,40.63922],[141.06474,40.64007],[141.06229,40.63961],[141.06463,40.63795],[141.06804,40.63726],[141.06757,40.63633],[141.06515,40.63699],[141.06464,40.63552],[141.06664,40.63531],[141.0705,40.63658],[141.07376,40.63402],[141.07567,40.63345],[141.0778,40.63352],[141.07854,40.63552],[141.07577,40.63781],[141.07411,40.63859],[141.07313,40.64056],[141.07092,40.6403],[141.06792,40.64093]]]},"properties":{"hoanrinKind":"保安林"}},
{"type":"Feature","geometry":{"type":"Polygon","coordinates":[[[141.06,40.63621],[141.05831,40.63612],[141.0561,40.63415],[141.05617,40.63304],[141.05925,40.63163],[141.06219,40.63084],[141.06317,40.6327],[141.06468,40.63396],[141.06637,40.63223],[141.06719,40.6338],[141.06356,40.63612],[141.06,40.63621]]]},"properties":{"hoanrinKind":"保安林"}},
{"type":"Feature","geometry":{"type":"Polygon","coordinates":[[[141.05862,40.67988],[141.05552,40.68199],[141.05539,40.68152],[141.05803,40.67947],[141.05862,40.67988]]]},"properties":{"hoanrinKind":"保安林"}},
{"type":"Feature","geometry":{"type":"Polygon","coordinates":[[[141.09364,40.7067],[141.09244,40.70644],[141.0897,40.70471],[141.08694,40.70429],[141.08613,40.70305],[141.08398,40.70249],[141.08313,40.70064],[141.0801,40.69907],[141.08088,40.69737],[141.08503,40.69771],[141.08691,40.69685],[141.0901,40.69721],[141.08987,40.69857],[141.09101,40.70198],[141.09364,40.7067]]]},"properties":{"hoanrinKind":"保安林"}},
{"type":"Feature","geometry":{"type":"Polygon","coordinates":[[[141.06777,40.72101],[141.06635,40.71889],[141.06321,40.71776],[141.06151,40.71601],[141.06487,40.71499],[141.06649,40.71573],[141.06877,40.71785],[141.06777,40.72101]]]},"properties":{"hoanrinKind":"保安林"}},
{"type":"Feature","geometry":{"type":"Polygon","coordinates":[[[140.99684,40.87187],[140.99771,40.87004],[141.00049,40.86921],[141.00075,40.86753],[141.00537,40.86947],[141.00825,40.8695],[141.00925,40.86883],[141.0127,40.86896],[141.01271,40.87026],[141.01051,40.87209],[141.00701,40.87282],[141.00293,40.87323],[140.99877,40.87443],[140.99722,40.87418],[140.99684,40.87187]]]},"properties":{"hoanrinKind":"保安林"}},
{"type":"Feature","geometry":{"type":"Polygon","coordinates":[[[141.0493,40.8778],[141.05233,40.87877],[141.05368,40.87977],[141.05972,40.87982],[141.06195,40.87903],[141.06191,40.88162],[141.0638,40.88192],[141.06488,40.8796],[141.06767,40.87946],[141.06682,40.88253],[141.07231,40.88309],[141.07449,40.88513],[141.07084,40.88476],[141.06332,40.88276],[141.05943,40.8837],[141.05958,40.88479],[141.05817,40.887],[141.05502,40.88523],[141.04847,40.88318],[141.04788,40.88171],[141.04643,40.88125],[141.04647,40.87909],[141.0493,40.8778]]]},"properties":{"hoanrinKind":"保安林"}},
{"type":"Feature","geometry":{"type":"Polygon","coordinates":[[[141.04822,41.18399],[141.05213,41.18288],[141.05567,41.18285],[141.05838,41.18369],[141.05752,41.1841],[141.05494,41.18331],[141.05142,41.18349],[141.04984,41.18405],[141.04822,41.18399]]]},"properties":{"hoanrinKind":"保安林"}},
{"type":"Feature","geometry":{"type":"Polygon","coordinates":[[[141.01578,41.20526],[141.01681,41.20552],[141.01833,41.20733],[141.01762,41.20942],[141.01842,41.21341],[141.02005,41.21401],[141.02294,41.21376],[141.02358,41.21224],[141.02535,41.21227],[141.0289,41.20998],[141.03087,41.20954],[141.03311,41.21066],[141.03038,41.21519],[141.0305,41.21797],[141.02707,41.21938],[141.02484,41.21887],[141.02405,41.21998],[141.02133,41.22055],[141.01898,41.22227],[141.01618,41.22174],[141.01451,41.22075],[141.01284,41.21727],[141.01003,41.2165],[141.00869,41.21804],[141.00665,41.21754],[141.00754,41.21582],[141.00789,41.21342],[141.00666,41.2122],[141.00817,41.20973],[141.01075,41.20948],[141.01404,41.20702],[141.01578,41.20526]]]},"properties":{"hoanrinKind":"保安林"}},
{"type":"Feature","geometry":{"type":"Polygon","coordinates":[[[141.05535,41.19339],[141.05557,41.19522],[141.05447,41.19675],[141.05689,41.19687],[141.05676,41.19903],[141.05406,41.19918],[141.05363,41.20105],[141.0517,41.2016],[141.05107,41.20002],[141.05353,41.19992],[141.05374,41.19912],[141.05499,41.19827],[141.05328,41.19766],[141.05425,41.1958],[141.05381,41.19502],[141.05535,41.19339]]]},"properties":{"hoanrinKind":"保安林"}},
{"type":"Feature","geometry":{"type":"Polygon","coordinates":[[[141.05391,41.23502],[141.05287,41.2345],[141.05405,41.23295],[141.05525,41.23022],[141.05647,41.23062],[141.05669,41.23233],[141.05391,41.23502]]]},"properties":{"hoanrinKind":"保安林"}},
{"type":"Feature","geometry":{"type":"Polygon","coordinates":[[[141.07204,41.47653],[141.07201,41.47619],[141.07249,41.47638],[141.07204,41.47653]]]},"properties":{"hoanrinKind":"保安林"}},
{"type":"Feature","geometry":{"type":"Polygon","coordinates":[[[141.04619,41.47509],[141.0467,41.47703],[141.04583,41.47821],[141.04349,41.4779],[141.04619,41.47509]]]},"properties":{"hoanrinKind":"保安林"}},
{"type":"Feature","geometry":{"type":"Polygon","coordinates":[[[140.99874,41.48661],[140.99996,41.48556],[141.00133,41.48508],[141.00205,41.48544],[140.99999,41.48636],[140.99874,41.48661]]]},"properties":{"hoanrinKind":"保安林"}},
{"type":"Feature","geometry":{"type":"Polygon","coordinates":[[[141.07055,41.47802],[141.06979,41.47766],[141.06981,41.4773],[141.07093,41.47783],[141.07055,41.47802]]]},"properties":{"hoanrinKind":"保安林"}},
{"type":"Feature","geometry":{"type":"Polygon","coordinates":[[[141.01068,41.48477],[141.01189,41.48309],[141.01436,41.48375],[141.01068,41.48477]]]},"properties":{"hoanrinKind":"保安林"}},
{"type":"Feature","geometry":{"type":"Polygon","coordinates":[[[141.00242,41.48502],[141.00653,41.48462],[141.00643,41.4853],[141.00242,41.48502]]]},"properties":{"hoanrinKind":"保安林"}},
{"type":"Feature","geometry":{"type":"Polygon","coordinates":[[[141.08792,41.4698],[141.08743,41.46945],[141.09001,41.46764],[141.08886,41.46664],[141.09018,41.46652],[141.09049,41.46755],[141.08938,41.46882],[141.08792,41.4698]]]},"properties":{"hoanrinKind":"保安林"}},
{"type":"Feature","geometry":{"type":"Polygon","coordinates":[[[141.0983,41.46545],[141.09872,41.46535],[141.09898,41.46594],[141.09854,41.46608],[141.0983,41.46545]]]},"properties":{"hoanrinKind":"保安林"}},
{"type":"Feature","geometry":{"type":"Polygon","coordinates":[[[141.10429,41.46453],[141.1025,41.4644],[141.10298,41.46373],[141.10429,41.46453]]]},"properties":{"hoanrinKind":"保安林"}},
{"type":"Feature","geometry":{"type":"Polygon","coordinates":[[[141.09904,41.46482],[141.09878,41.46441],[141.0995,41.46417],[141.09954,41.46502],[141.09904,41.46482]]]},"properties":{"hoanrinKind":"保安林"}},
{"type":"Feature","geometry":{"type":"Polygon","coordinates":[[[141.0154,41.48223],[141.01529,41.48166],[141.01564,41.48159],[141.01581,41.48216],[141.0154,41.48223]]]},"properties":{"hoanrinKind":"保安林"}},
{"type":"Feature","geometry":{"type":"Polygon","coordinates":[[[141.03441,41.47885],[141.03509,41.47932],[141.03539,41.48034],[141.03468,41.48021],[141.03441,41.47885]]]},"properties":{"hoanrinKind":"保安林"}},
{"type":"Feature","geometry":{"type":"Polygon","coordinates":[[[141.11628,41.4537],[141.11591,41.45368],[141.11588,41.45329],[141.11628,41.45322],[141.11628,41.4537]]]},"properties":{"hoanrinKind":"保安林"}},
{"type":"Feature","geometry":{"type":"Polygon","coordinates":[[[141.11246,41.45749],[141.11216,41.45787],[141.11088,41.45732],[141.11098,41.45717],[141.11186,41.45748],[141.11246,41.45749]]]},"properties":{"hoanrinKind":"保安林"}},
{"type":"Feature","geometry":{"type":"Polygon","coordinates":[[[141.12486,40.32526],[141.12338,40.32338],[141.12696,40.32363],[141.12652,40.32553],[141.12486,40.32526]]]},"properties":{"hoanrinKind":"保安林"}},
{"type":"Feature","geometry":{"type":"Polygon","coordinates":[[[141.12864,40.29948],[141.12672,40.29919],[141.12429,40.30009],[141.12255,40.29966],[141.12348,40.29825],[141.12514,40.29809],[141.12593,40.2964],[141.12703,40.29631],[141.12944,40.29797],[141.12864,40.29948]]]},"properties":{"hoanrinKind":"保安林"}},
{"type":"Feature","geometry":{"type":"Polygon","coordinates":[[[141.17168,40.40397],[141.17228,40.40385],[141.17211,40.4043],[141.17198,40.40408],[141.17168,40.40397]]]},"properties":{"hoanrinKind":"保安林"}},
{"type":"Feature","geometry":{"type":"Polygon","coordinates":[[[141.14147,40.40134],[141.14062,40.39955],[141.1424,40.39996],[141.14147,40.40134]]]},"properties":{"hoanrinKind":"保安林"}},
{"type":"Feature","geometry":{"type":"Polygon","coordinates":[[[141.21503,40.40419],[141.21673,40.40254],[141.21757,40.4029],[141.2159,40.40475],[141.21503,40.40419]]]},"properties":{"hoanrinKind":"保安林"}},
{"type":"Feature","geometry":{"type":"Polygon","coordinates":[[[141.211,40.41058],[141.21164,40.41183],[141.21101,40.41402],[141.20977,40.41485],[141.2078,40.41486],[141.20592,40.41564],[141.20421,40.41523],[141.20493,40.41395],[141.20511,40.41117],[141.20691,40.40923],[141.20997,40.40811],[141.211,40.41058]]]},"properties":{"hoanrinKind":"保安林"}},
{"type":"Feature","geometry":{"type":"Polygon","coordinates":[[[141.14103,40.39728],[141.1383,40.39826],[141.1375,40.39469],[141.13541,40.39456],[141.13548,40.39148],[141.13412,40.39071],[141.13391,40.38709],[141.13343,40.38615],[141.12947,40.38424],[141.1294,40.38192],[141.13047,40.38088],[141.13347,40.37994],[141.13786,40.38034],[141.13945,40.38229],[141.13726,40.38294],[141.13745,40.38459],[141.13483,40.38591],[141.13699,40.38724],[141.13707,40.38878],[141.13937,40.3876],[141.14106,40.38606],[141.14293,40.38512],[141.14577,40.38515],[141.14561,40.38673],[141.14262,40.38778],[141.14233,40.39136],[141.14465,40.39096],[141.14773,40.39327],[141.15038,40.39371],[141.14919,40.39579],[141.14808,40.39553],[141.14559,40.3965],[141.14103,40.39728]],[[141.14625,40.39429],[141.14315,40.39199],[141.14108,40.39157],[141.13946,40.39317],[141.13998,40.39444],[141.14311,40.39456],[141.14522,40.3951],[141.14625,40.39429]]]},"properties":{"hoanrinKind":"保安林"}},
{"type":"Feature","geometry":{"type":"Polygon","coordinates":[[[141.14677,40.38234],[141.14591,40.38119],[141.147,40.38031],[141.14894,40.38118],[141.14677,40.38234]]]},"properties":{"hoanrinKind":"保安林"}},
{"type":"Feature","geometry":{"type":"Polygon","coordinates":[[[141.18023,40.39741],[141.17766,40.39647],[141.17792,40.39507],[141.17985,40.3956],[141.18023,40.39741]]]},"properties":{"hoanrinKind":"保安林"}},
{"type":"Feature","geometry":{"type":"Polygon","coordinates":[[[141.17541,40.4054],[141.17354,40.40467],[141.1742,40.40377],[141.17528,40.40451],[141.17541,40.4054]]]},"properties":{"hoanrinKind":"保安林"}},
{"type":"Feature","geometry":{"type":"Polygon","coordinates":[[[141.22216,40.40833],[141.22081,40.40711],[141.22061,40.40494],[141.22194,40.405],[141.22622,40.40737],[141.22501,40.40843],[141.22216,40.40833]]]},"properties":{"hoanrinKind":"保安林"}},
{"type":"Feature","geometry":{"type":"Polygon","coordinates":[[[141.13953,40.42979],[141.14053,40.42896],[141.14099,40.42968],[141.13953,40.42979]]]},"properties":{"hoanrinKind":"保安林"}},
{"type":"Feature","geometry":{"type":"Polygon","coordinates":[[[141.21883,40.447],[141.22028,40.44618],[141.22226,40.44768],[141.22169,40.44976],[141.22024,40.44961],[141.21883,40.447]]]},"properties":{"hoanrinKind":"保安林"}},
{"type":"Feature","geometry":{"type":"Polygon","coordinates":[[[141.13431,40.46428],[141.13285,40.46422],[141.13249,40.46147],[141.1337,40.45874],[141.13479,40.46031],[141.13366,40.46079],[141.13579,40.46278],[141.13431,40.46428]]]},"properties":{"hoanrinKind":"保安林"}},
{"type":"Feature","geometry":{"type":"Polygon","coordinates":[[[141.18182,40.44675],[141.17951,40.44657],[141.18001,40.4436],[141.18075,40.44233],[141.18441,40.44384],[141.18419,40.44674],[141.18182,40.44675]]]},"properties":{"hoanrinKind":"保安林"}},
{"type":"Feature","geometry":{"type":"Polygon","coordinates":[[[141.12676,40.49513],[141.127,40.49352],[141.12996,40.4932],[141.12983,40.49497],[141.12772,40.4959],[141.12676,40.49513]]]},"properties":{"hoanrinKind":"保安林"}},
{"type":"Feature","geometry":{"type":"Polygon","coordinates":[[[141.1423,40.46781],[141.13977,40.4673],[141.13966,40.46653],[141.14373,40.46548],[141.14366,40.46381],[141.1461,40.46507],[141.14486,40.46634],[141.15017,40.46854],[141.14691,40.47047],[141.14515,40.46742],[141.1423,40.46781]]]},"properties":{"hoanrinKind":"保安林"}},
{"type":"Feature","geometry":{"type":"Polygon","coordinates":[[[141.15642,40.42608],[141.15285,40.42711],[141.14651,40.42633],[141.14302,40.42645],[141.14159,40.42578],[141.14324,40.42349],[141.14608,40.42209],[141.14908,40.42186],[141.15169,40.42228],[141.15239,40.42358],[141.15642,40.42608]]]},"properties":{"hoanrinKind":"保安林"}},
{"type":"Feature","geometry":{"type":"Polygon","coordinates":[[[141.20019,40.49496],[141.20283,40.49722],[141.20557,40.5008],[141.2041,40.50233],[141.20223,40.50144],[141.20077,40.5],[141.20038,40.49775],[141.19833,40.49592],[141.20019,40.49496]]]},"properties":{"hoanrinKind":"保安林"}},
{"type":"Feature","geometry":{"type":"Polygon","coordinates":[[[141.15134,40.4388],[141.15227,40.43965],[141.15004,40.44062],[141.15011,40.43889],[141.15134,40.4388]]]},"properties":{"hoanrinKind":"保安林"}},
{"type":"Feature","geometry":{"type":"Polygon","coordinates":[[[141.12645,40.5455],[141.12691,40.54434],[141.1279,40.54477],[141.12645,40.5455]]]},"properties":{"hoanrinKind":"保安林"}},
{"type":"Feature","geometry":{"type":"Polygon","coordinates":[[[141.14398,40.60859],[141.14374,40.60823],[141.14431,40.60825],[141.14398,40.60859]]]},"properties":{"hoanrinKind":"保安林"}},
{"type":"Feature","geometry":{"type":"Polygon","coordinates":[[[141.23449,40.66857],[141.23388,40.66835],[141.23394,40.66802],[141.23468,40.66799],[141.23449,40.66857]]]},"properties":{"hoanrinKind":"保安林"}},
{"type":"Feature","geometry":{"type":"Polygon","coordinates":[[[141.13294,40.6308],[141.13094,40.63144],[141.13009,40.62975],[141.1335,40.62877],[141.13294,40.6308]]]},"properties":{"hoanrinKind":"保安林"}},
{"type":"Feature","geometry":{"type":"Polygon","coordinates":[[[141.18568,40.65095],[141.18876,40.65054],[141.18954,40.65283],[141.18649,40.65285],[141.18568,40.65095]]]},"properties":{"hoanrinKind":"保安林"}},
{"type":"Feature","geometry":{"type":"Polygon","coordinates":[[[141.14,40.63445],[141.13877,40.63645],[141.13732,40.63654],[141.13471,40.639],[141.13215,40.63874],[141.12952,40.63906],[141.12986,40.63787],[141.13424,40.63746],[141.13587,40.63332],[141.14,40.63445]]]},"properties":{"hoanrinKind":"保安林"}},
{"type":"Feature","geometry":{"type":"Polygon","coordinates":[[[141.24554,40.68607],[141.2445,40.6857],[141.24521,40.68432],[141.24629,40.68566],[141.24554,40.68607]]]},"properties":{"hoanrinKind":"保安林"}},
{"type":"Feature","geometry":{"type":"Polygon","coordinates":[[[141.21956,40.67155],[141.21862,40.67187],[141.21841,40.67373],[141.21677,40.67437],[141.21597,40.67079],[141.21707,40.67013],[141.21956,40.67155]]]},"properties":{"hoanrinKind":"保安林"}},
{"type":"Feature","geometry":{"type":"Polygon","coordinates":[[[141.23892,40.68109],[141.24176,40.68023],[141.2424,40.68201],[141.241,40.68334],[141.23892,40.68109]]]},"properties":{"hoanrinKind":"保安林"}},
{"type":"Feature","geometry":{"type":"Polygon","coordinates":[[[141.15031,40.68994],[141.14854,40.68903],[141.14706,40.6874],[141.14097,40.68418],[141.14001,40.68328],[141.14162,40.68211],[141.14328,40.68306],[141.14524,40.68521],[141.14668,40.68585],[141.14914,40.68801],[141.14874,40.68881],[141.15031,40.68994]]]},"properties":{"hoanrinKind":"保安林"}},
{"type":"Feature","geometry":{"type":"Polygon","coordinates":[[[141.22158,40.67709],[141.2221,40.67613],[141.22368,40.67615],[141.22329,40.67698],[141.22158,40.67709]]]},"properties":{"hoanrinKind":"保安林"}},
{"type":"Feature","geometry":{"type":"Polygon","coordinates":[[[141.22804,40.67574],[141.2293,40.676],[141.22993,40.6781],[141.22746,40.67802],[141.22613,40.67691],[141.22804,40.67574]]]},"properties":{"hoanrinKind":"保安林"}},
{"type":"Feature","geometry":{"type":"Polygon","coordinates":[[[141.24442,40.68427],[141.24408,40.68461],[141.24375,40.68446],[141.24442,40.68427]]]},"properties":{"hoanrinKind":"保安林"}},
{"type":"Feature","geometry":{"type":"Polygon","coordinates":[[[141.23924,40.82203],[141.24127,40.82161],[141.24137,40.82275],[141.23936,40.82323],[141.23924,40.82203]]]},"properties":{"hoanrinKind":"保安林"}},
{"type":"Feature","geometry":{"type":"Polygon","coordinates":[[[141.24434,40.81549],[141.24534,40.8161],[141.24522,40.81774],[141.24328,40.81882],[141.24128,40.81743],[141.24193,40.81612],[141.24434,40.81549]]]},"properties":{"hoanrinKind":"保安林"}},
{"type":"Feature","geometry":{"type":"Polygon","coordinates":[[[141.13301,40.79632],[141.1345,40.79497],[141.13531,40.79933],[141.1322,40.80038],[141.13065,40.79939],[141.13035,40.79743],[141.1317,40.79753],[141.13301,40.79632]]]},"properties":{"hoanrinKind":"保安林"}},
{"type":"Feature","geometry":{"type":"Polygon","coordinates":[[[141.12503,40.80171],[141.1235,40.80051],[141.12689,40.79992],[141.12718,40.8007],[141.12503,40.80171]]]},"properties":{"hoanrinKind":"保安林"}},
{"type":"Feature","geometry":{"type":"Polygon","coordinates":[[[141.2014,40.78546],[141.20359,40.78423],[141.20399,40.78588],[141.2014,40.78546]]]},"properties":{"hoanrinKind":"保安林"}},
{"type":"Feature","geometry":{"type":"Polygon","coordinates":[[[141.20686,40.78411],[141.20459,40.78409],[141.20533,40.7829],[141.20686,40.78411]]]},"properties":{"hoanrinKind":"保安林"}},
{"type":"Feature","geometry":{"type":"Polygon","coordinates":[[[141.23772,40.90911],[141.23919,40.90845],[141.2405,40.9095],[141.23754,40.91007],[141.23772,40.90911]]]},"properties":{"hoanrinKind":"保安林"}},
{"type":"Feature","geometry":{"type":"Polygon","coordinates":[[[141.23664,40.89733],[141.23411,40.8965],[141.23679,40.89566],[141.23891,40.8962],[141.2418,40.896],[141.2421,40.89683],[141.23985,40.89816],[141.23664,40.89733]]]},"properties":{"hoanrinKind":"保安林"}},
{"type":"Feature","geometry":{"type":"Polygon","coordinates":[[[141.23952,40.90776],[141.23946,40.90712],[141.23661,40.90332],[141.23546,40.90244],[141.23273,40.90255],[141.23426,40.90087],[141.23627,40.90078],[141.23767,40.90203],[141.23879,40.90077],[141.24228,40.90249],[141.24134,40.90612],[141.23952,40.90776]]]},"properties":{"hoanrinKind":"保安林"}},
{"type":"Feature","geometry":{"type":"Polygon","coordinates":[[[141.22702,40.88287],[141.224,40.88277],[141.224,40.88037],[141.23018,40.87836],[141.23289,40.87725],[141.23194,40.87627],[141.23045,40.87707],[141.22702,40.87742],[141.22447,40.87673],[141.22512,40.8756],[141.22737,40.87545],[141.2299,40.87459],[141.22936,40.87286],[141.22755,40.87301],[141.2265,40.87401],[141.22348,40.87445],[141.2217,40.8726],[141.22189,40.87145],[141.21956,40.87141],[141.21938,40.87055],[141.22289,40.86937],[141.22475,40.87002],[141.22752,40.87005],[141.22811,40.87083],[141.23068,40.87074],[141.23126,40.87009],[141.23395,40.86972],[141.23868,40.86997],[141.23648,40.87213],[141.23526,40.87421],[141.23783,40.87603],[141.23609,40.87734],[141.23558,40.88118],[141.23397,40.88212],[141.23336,40.88336],[141.23096,40.8827],[141.22702,40.88287]]]},"properties":{"hoanrinKind":"保安林"}},
{"type":"Feature","geometry":{"type":"Polygon","coordinates":[[[141.20044,40.90878],[141.19989,40.90979],[141.19894,40.90787],[141.20031,40.90778],[141.20044,40.90878]]]},"properties":{"hoanrinKind":"保安林"}},
{"type":"Feature","geometry":{"type":"Polygon","coordinates":[[[141.19892,40.87584],[141.20213,40.87605],[141.20433,40.87555],[141.20928,40.87642],[141.20735,40.87732],[141.20827,40.87842],[141.208,40.88022],[141.20631,40.88112],[141.20551,40.88337],[141.20381,40.88472],[141.20231,40.88272],[141.19866,40.87614],[141.19892,40.87584]]]},"properties":{"hoanrinKind":"保安林"}},
{"type":"Feature","geometry":{"type":"Polygon","coordinates":[[[141.2178,40.96415],[141.21611,40.96125],[141.21275,40.95399],[141.20989,40.9494],[141.20678,40.94375],[141.20199,40.93578],[141.19861,40.9305],[141.20138,40.92967],[141.20245,40.92988],[141.2088,40.93716],[141.2123,40.94534],[141.21625,40.9496],[141.21546,40.95055],[141.2134,40.95098],[141.21626,40.95586],[141.2198,40.96254],[141.21965,40.96397],[141.2178,40.96415]]]},"properties":{"hoanrinKind":"保安林"}},
{"type":"Feature","geometry":{"type":"Polygon","coordinates":[[[141.23072,40.99379],[141.23072,40.99323],[141.22632,40.98194],[141.22236,40.97283],[141.22243,40.97094],[141.22448,40.9714],[141.22424,40.97347],[141.22624,40.97407],[141.22738,40.97722],[141.22564,40.9776],[141.22759,40.98239],[141.23246,40.98221],[141.23346,40.98728],[141.23387,40.99202],[141.23237,40.99211],[141.23291,40.99531],[141.23119,40.99547],[141.23072,40.99379]]]},"properties":{"hoanrinKind":"保安林"}},
{"type":"Feature","geometry":{"type":"Polygon","coordinates":[[[141.24462,41.02787],[141.2451,41.0302],[141.24376,41.03358],[141.24094,41.03594],[141.23965,41.03541],[141.24356,41.03201],[141.24341,41.02784],[141.24462,41.02787]]]},"properties":{"hoanrinKind":"保安林"}},
{"type":"Feature","geometry":{"type":"Polygon","coordinates":[[[141.24542,41.0744],[141.24563,41.07593],[141.24451,41.0758],[141.24542,41.0744]]]},"properties":{"hoanrinKind":"保安林"}},
{"type":"Feature","geometry":{"type":"Polygon","coordinates":[[[141.19406,41.27513],[141.19445,41.27562],[141.18966,41.27761],[141.18881,41.27639],[141.19363,41.27454],[141.19406,41.27513]]]},"properties":{"hoanrinKind":"保安林"}},
{"type":"Feature","geometry":{"type":"Polygon","coordinates":[[[141.15134,41.31397],[141.15217,41.31148],[141.1533,41.31093],[141.15631,41.3111],[141.16394,41.3101],[141.16346,41.31175],[141.16601,41.31158],[141.16875,41.31033],[141.17,41.31179],[141.16751,41.31303],[141.16763,41.31418],[141.15817,41.31299],[141.15425,41.31406],[141.15134,41.31397]]]},"properties":{"hoanrinKind":"保安林"}},
{"type":"Feature","geometry":{"type":"Polygon","coordinates":[[[141.17015,41.4035],[141.17018,41.40328],[141.17158,41.40291],[141.17218,41.40257],[141.17247,41.40277],[141.17123,41.40338],[141.17015,41.4035]]]},"properties":{"hoanrinKind":"保安林"}},
{"type":"Feature","geometry":{"type":"Polygon","coordinates":[[[141.1605,41.39631],[141.16304,41.39519],[141.16494,41.39584],[141.16714,41.39755],[141.1664,41.3995],[141.16432,41.39942],[141.16416,41.39764],[141.16204,41.39788],[141.1605,41.39631]]]},"properties":{"hoanrinKind":"保安林"}},
{"type":"Feature","geometry":{"type":"Polygon","coordinates":[[[141.14274,41.43094],[141.14323,41.43152],[141.1387,41.43131],[141.14053,41.43037],[141.14274,41.43094]]]},"properties":{"hoanrinKind":"保安林"}},
{"type":"Feature","geometry":{"type":"Polygon","coordinates":[[[141.35778,40.39612],[141.35761,40.39604],[141.35764,40.39575],[141.35779,40.39573],[141.35778,40.39612]]]},"properties":{"hoanrinKind":"保安林"}},
{"type":"Feature","geometry":{"type":"Polygon","coordinates":[[[141.29008,40.35747],[141.28874,40.35764],[141.28932,40.35651],[141.29008,40.35747]]]},"properties":{"hoanrinKind":"保安林"}},
{"type":"Feature","geometry":{"type":"Polygon","coordinates":[[[141.28729,40.38903],[141.28447,40.38882],[141.28638,40.38753],[141.28729,40.38903]]]},"properties":{"hoanrinKind":"保安林"}},
{"type":"Feature","geometry":{"type":"Polygon","coordinates":[[[141.29153,40.37658],[141.29107,40.37562],[141.29341,40.37467],[141.29319,40.37656],[141.29153,40.37658]]]},"properties":{"hoanrinKind":"保安林"}},
{"type":"Feature","geometry":{"type":"Polygon","coordinates":[[[141.25566,40.37443],[141.25589,40.37321],[141.25714,40.37116],[141.2592,40.3719],[141.25821,40.37298],[141.25717,40.37224],[141.25639,40.37446],[141.25566,40.37443]]]},"properties":{"hoanrinKind":"保安林"}},
{"type":"Feature","geometry":{"type":"Polygon","coordinates":[[[141.3362,40.3602],[141.33634,40.35747],[141.33818,40.35707],[141.34069,40.35812],[141.33984,40.35944],[141.33792,40.36089],[141.3362,40.3602]]]},"properties":{"hoanrinKind":"保安林"}},
{"type":"Feature","geometry":{"type":"Polygon","coordinates":[[[141.27726,40.35673],[141.27596,40.35798],[141.27252,40.35969],[141.27089,40.36104],[141.26845,40.35997],[141.26902,40.35885],[141.26622,40.35867],[141.26251,40.35582],[141.26065,40.35481],[141.26073,40.35295],[141.26244,40.35232],[141.26501,40.35604],[141.26924,40.35801],[141.27251,40.35757],[141.27564,40.35617],[141.27726,40.35673]]]},"properties":{"hoanrinKind":"保安林"}},
{"type":"Feature","geometry":{"type":"Polygon","coordinates":[[[141.30204,40.41088],[141.29813,40.41055],[141.30045,40.40906],[141.29995,40.40778],[141.29809,40.40811],[141.29668,40.40578],[141.297,40.40314],[141.29521,40.40345],[141.29333,40.40295],[141.29687,40.40086],[141.29589,40.39954],[141.29802,40.39822],[141.29615,40.39657],[141.29546,40.39496],[141.29605,40.39272],[141.29532,40.39163],[141.29563,40.38995],[141.29131,40.3928],[141.29179,40.39397],[141.29064,40.39514],[141.2875,40.39686],[141.28729,40.39568],[141.28935,40.39154],[141.29098,40.39046],[141.28919,40.38844],[141.2886,40.38684],[141.29069,40.38544],[141.28778,40.38488],[141.28645,40.38223],[141.28823,40.37976],[141.28666,40.37916],[141.28578,40.37758],[141.2902,40.37713],[141.2934,40.37736],[141.29657,40.3763],[141.30083,40.37427],[141.3038,40.37496],[141.30461,40.37184],[141.30373,40.37073],[141.29999,40.37117],[141.29664,40.36666],[141.29469,40.36485],[141.29542,40.36386],[141.29747,40.36559],[141.30051,40.3656],[141.30351,40.36616],[141.30583,40.36565],[141.30773,40.3665],[141.31034,40.36678],[141.31257,40.36881],[141.31426,40.36968],[141.31432,40.37086],[141.31559,40.37241],[141.31707,40.37278],[141.31989,40.3712],[141.32038,40.37002],[141.32377,40.37012],[141.32463,40.36957],[141.3244,40.36757],[141.32502,40.36568],[141.32754,40.36517],[141.32827,40.36291],[141.33062,40.36168],[141.33392,40.36168],[141.33601,40.3652],[141.33765,40.36513],[141.3394,40.36656],[141.33728,40.36792],[141.33476,40.37051],[141.33622,40.37258],[141.33437,40.37321],[141.3333,40.37442],[141.33314,40.37636],[141.334,40.37809],[141.33668,40.37844],[141.33595,40.37972],[141.3332,40.37891],[141.32653,40.38004],[141.32233,40.37989],[141.31906,40.37888],[141.31974,40.38065],[141.31921,40.38149],[141.31534,40.37938],[141.31318,40.37968],[141.31432,40.38254],[141.31321,40.38409],[141.31447,40.38549],[141.31875,40.38624],[141.32162,40.38824],[141.3241,40.38842],[141.32388,40.39197],[141.32147,40.39409],[141.3199,40.39412],[141.31689,40.3985],[141.31719,40.40186],[141.31186,40.39795],[141.3125,40.39969],[141.31451,40.40093],[141.31436,40.40276],[141.31009,40.40265],[141.30981,40.40668],[141.30693,40.4097],[141.30569,40.40954],[141.30204,40.41088]]]},"properties":{"hoanrinKind":"保安林"}},
{"type":"Feature","geometry":{"type":"Polygon","coordinates":[[[141.36217,40.49092],[141.36159,40.49081],[141.36178,40.49056],[141.36217,40.49092]]]},"properties":{"hoanrinKind":"保安林"}},
{"type":"Feature","geometry":{"type":"Polygon","coordinates":[[[141.36631,40.48752],[141.36652,40.48717],[141.36706,40.48728],[141.36685,40.48776],[141.36631,40.48752]]]},"properties":{"hoanrinKind":"保安林"}},
{"type":"Feature","geometry":{"type":"Polygon","coordinates":[[[141.26539,40.45412],[141.26468,40.45355],[141.26577,40.45346],[141.26539,40.45412]]]},"properties":{"hoanrinKind":"保安林"}},
{"type":"Feature","geometry":{"type":"Polygon","coordinates":[[[141.34845,40.49615],[141.34995,40.49534],[141.35163,40.49665],[141.35035,40.49781],[141.34845,40.49615]]]},"properties":{"hoanrinKind":"保安林"}},
{"type":"Feature","geometry":{"type":"Polygon","coordinates":[[[141.34029,40.4568],[141.34277,40.45444],[141.34378,40.45705],[141.34252,40.45919],[141.34075,40.45992],[141.33945,40.46168],[141.33951,40.46297],[141.33791,40.46331],[141.33623,40.4618],[141.33863,40.45971],[141.33714,40.45842],[141.33939,40.4568],[141.34029,40.4568]]]},"properties":{"hoanrinKind":"保安林"}},
{"type":"Feature","geometry":{"type":"Polygon","coordinates":[[[141.33504,40.46682],[141.33876,40.46617],[141.34199,40.46657],[141.34299,40.46714],[141.34507,40.46646],[141.34547,40.46787],[141.34807,40.46907],[141.34573,40.47193],[141.34337,40.4708],[141.3408,40.46804],[141.3382,40.46789],[141.33504,40.46682]]]},"properties":{"hoanrinKind":"保安林"}},
{"type":"Feature","geometry":{"type":"Polygon","coordinates":[[[141.33859,40.47494],[141.33907,40.47343],[141.33841,40.47244],[141.33899,40.47059],[141.34156,40.47016],[141.34302,40.47147],[141.34124,40.47333],[141.34485,40.47318],[141.34232,40.47813],[141.33959,40.48206],[141.33761,40.48052],[141.3372,40.4772],[141.33859,40.47494]]]},"properties":{"hoanrinKind":"保安林"}},
{"type":"Feature","geometry":{"type":"Polygon","coordinates":[[[141.30424,40.47116],[141.30484,40.463],[141.30591,40.46096],[141.30558,40.45959],[141.3102,40.46009],[141.31263,40.462],[141.31136,40.46546],[141.30812,40.4679],[141.30782,40.46961],[141.30655,40.46965],[141.30424,40.47116]]]},"properties":{"hoanrinKind":"保安林"}},
{"type":"Feature","geometry":{"type":"Polygon","coordinates":[[[141.32942,40.44015],[141.33108,40.43956],[141.33301,40.44181],[141.33244,40.44262],[141.32713,40.44384],[141.32542,40.4433],[141.32344,40.44148],[141.32027,40.44036],[141.31621,40.43969],[141.31374,40.43964],[141.30838,40.43788],[141.30628,40.43582],[141.30811,40.43491],[141.31026,40.4348],[141.31674,40.43781],[141.31921,40.43694],[141.32472,40.43957],[141.3272,40.44162],[141.32942,40.44015]]]},"properties":{"hoanrinKind":"保安林"}},
{"type":"Feature","geometry":{"type":"Polygon","coordinates":[[[141.26441,40.5602],[141.26377,40.5603],[141.26353,40.55954],[141.2642,40.5594],[141.26441,40.5602]]]},"properties":{"hoanrinKind":"保安林"}},
{"type":"Feature","geometry":{"type":"Polygon","coordinates":[[[141.26554,40.5639],[141.26298,40.56304],[141.26338,40.56196],[141.26554,40.5639]]]},"properties":{"hoanrinKind":"保安林"}},
{"type":"Feature","geometry":{"type":"Polygon","coordinates":[[[141.26386,40.56441],[141.26322,40.56758],[141.26255,40.56728],[141.26305,40.56415],[141.26386,40.56441]]]},"properties":{"hoanrinKind":"保安林"}},
{"type":"Feature","geometry":{"type":"Polygon","coordinates":[[[141.31583,40.56608],[141.31697,40.56752],[141.31242,40.5674],[141.31088,40.56928],[141.30707,40.56813],[141.3078,40.56703],[141.31463,40.56563],[141.31583,40.56608]]]},"properties":{"hoanrinKind":"保安林"}},
{"type":"Feature","geometry":{"type":"Polygon","coordinates":[[[141.31646,40.57242],[141.31488,40.57171],[141.31307,40.57001],[141.31367,40.56917],[141.31636,40.5692],[141.31973,40.56859],[141.32128,40.56782],[141.31931,40.56504],[141.32005,40.56408],[141.32271,40.56295],[141.32486,40.56386],[141.32466,40.56517],[141.32616,40.56605],[141.32523,40.56809],[141.32304,40.56942],[141.32113,40.56886],[141.3187,40.56979],[141.31678,40.56993],[141.31753,40.5713],[141.31646,40.57242]]]},"properties":{"hoanrinKind":"保安林"}},
{"type":"Feature","geometry":{"type":"Polygon","coordinates":[[[141.30102,40.56283],[141.29904,40.56233],[141.29891,40.55907],[141.29724,40.55813],[141.29452,40.55835],[141.29075,40.55785],[141.28908,40.55695],[141.28877,40.55573],[141.29085,40.55394],[141.2936,40.55287],[141.29546,40.55137],[141.29717,40.5523],[141.29778,40.55387],[141.30063,40.5543],[141.30148,40.55828],[141.30042,40.56016],[141.30102,40.56283]]]},"properties":{"hoanrinKind":"保安林"}},
{"type":"Feature","geometry":{"type":"Polygon","coordinates":[[[141.3438,40.508],[141.34311,40.50764],[141.34342,40.50755],[141.3438,40.508]]]},"properties":{"hoanrinKind":"保安林"}},
{"type":"Feature","geometry":{"type":"Polygon","coordinates":[[[141.30952,40.5922],[141.31036,40.59162],[141.31279,40.59118],[141.31297,40.59211],[141.31125,40.5919],[141.30952,40.5922]]]},"properties":{"hoanrinKind":"保安林"}},
{"type":"Feature","geometry":{"type":"Polygon","coordinates":[[[141.27594,40.74902],[141.27247,40.74671],[141.26941,40.74417],[141.27043,40.74386],[141.2722,40.74574],[141.27668,40.74879],[141.27594,40.74902]]]},"properties":{"hoanrinKind":"保安林"}},
{"type":"Feature","geometry":{"type":"Polygon","coordinates":[[[141.27589,40.73989],[141.27693,40.74013],[141.27592,40.74151],[141.27484,40.74149],[141.27589,40.73989]]]},"properties":{"hoanrinKind":"保安林"}},
{"type":"Feature","geometry":{"type":"Polygon","coordinates":[[[141.27714,40.74053],[141.27892,40.73762],[141.2802,40.73512],[141.28049,40.73351],[141.28141,40.7309],[141.28188,40.731],[141.28108,40.73319],[141.28065,40.73589],[141.27971,40.73703],[141.279,40.73911],[141.27797,40.74048],[141.27714,40.74053]]]},"properties":{"hoanrinKind":"保安林"}},
{"type":"Feature","geometry":{"type":"Polygon","coordinates":[[[141.24929,40.82698],[141.25066,40.82628],[141.25424,40.82626],[141.25228,40.828],[141.24964,40.82942],[141.2484,40.82948],[141.24648,40.82771],[141.24929,40.82698]]]},"properties":{"hoanrinKind":"保安林"}},
{"type":"Feature","geometry":{"type":"Polygon","coordinates":[[[141.25763,40.86727],[141.25828,40.86561],[141.25976,40.86714],[141.25763,40.86727]]]},"properties":{"hoanrinKind":"保安林"}},
{"type":"Feature","geometry":{"type":"Polygon","coordinates":[[[141.25677,40.85505],[141.25933,40.85529],[141.25888,40.85682],[141.25687,40.85628],[141.25677,40.85505]]]},"properties":{"hoanrinKind":"保安林"}},
{"type":"Feature","geometry":{"type":"Polygon","coordinates":[[[141.2569,40.86022],[141.25767,40.86112],[141.25975,40.86134],[141.25758,40.86278],[141.25638,40.86189],[141.2569,40.86022]]]},"properties":{"hoanrinKind":"保安林"}},
{"type":"Feature","geometry":{"type":"Polygon","coordinates":[[[141.28725,40.90482],[141.28983,40.90332],[141.2903,40.90474],[141.28774,40.90546],[141.28725,40.90482]]]},"properties":{"hoanrinKind":"保安林"}},
{"type":"Feature","geometry":{"type":"Polygon","coordinates":[[[141.25898,40.90371],[141.25783,40.90123],[141.26058,40.89814],[141.26061,40.89988],[141.2593,40.90175],[141.25898,40.90371]]]},"properties":{"hoanrinKind":"保安林"}},
{"type":"Feature","geometry":{"type":"Polygon","coordinates":[[[141.29497,40.90584],[141.29793,40.90658],[141.29479,40.90749],[141.29497,40.90584]]]},"properties":{"hoanrinKind":"保安林"}},
{"type":"Feature","geometry":{"type":"Polygon","coordinates":[[[141.25348,40.90756],[141.25378,40.90638],[141.2555,40.90578],[141.256,40.90465],[141.25883,40.90389],[141.25835,40.90542],[141.25608,40.90832],[141.25348,40.90756]]]},"properties":{"hoanrinKind":"保安林"}},
{"type":"Feature","geometry":{"type":"Polygon","coordinates":[[[141.2712,40.85808],[141.26998,40.85746],[141.26947,40.85434],[141.27281,40.85172],[141.27224,40.85812],[141.2712,40.85808]]]},"properties":{"hoanrinKind":"保安林"}},
{"type":"Feature","geometry":{"type":"Polygon","coordinates":[[[141.25857,40.8732],[141.25875,40.87171],[141.26056,40.87116],[141.26197,40.86969],[141.26395,40.86922],[141.26592,40.87132],[141.26191,40.87323],[141.25857,40.8732]]]},"properties":{"hoanrinKind":"保安林"}},
{"type":"Feature","geometry":{"type":"Polygon","coordinates":[[[141.34177,40.88455],[141.34382,40.88123],[141.34489,40.88305],[141.35085,40.88249],[141.35194,40.88325],[141.34656,40.88373],[141.34177,40.88455]]]},"properties":{"hoanrinKind":"保安林"}},
{"type":"Feature","geometry":{"type":"Polygon","coordinates":[[[141.26357,40.86031],[141.26339,40.85874],[141.2623,40.85833],[141.26057,40.86015],[141.25906,40.85927],[141.25965,40.85834],[141.2619,40.85823],[141.2649,40.85653],[141.26248,40.85624],[141.26198,40.85733],[141.25992,40.857],[141.26081,40.85505],[141.26416,40.85593],[141.26652,40.85709],[141.26513,40.85959],[141.26357,40.86031]]]},"properties":{"hoanrinKind":"保安林"}},
{"type":"Feature","geometry":{"type":"Polygon","coordinates":[[[141.28188,40.90824],[141.28426,40.90738],[141.28366,40.9062],[141.28837,40.90677],[141.28901,40.90859],[141.28759,40.90972],[141.28356,40.91101],[141.27819,40.91121],[141.2786,40.91008],[141.28098,40.91057],[141.28281,40.91019],[141.28188,40.90824]]]},"properties":{"hoanrinKind":"保安林"}},
{"type":"Feature","geometry":{"type":"Polygon","coordinates":[[[141.29998,40.88189],[141.29837,40.88082],[141.29682,40.88066],[141.29563,40.87915],[141.29757,40.87883],[141.29784,40.87758],[141.30094,40.87876],[141.30356,40.87743],[141.30589,40.87851],[141.3074,40.88088],[141.30511,40.88131],[141.30276,40.88031],[141.30061,40.88002],[141.29998,40.88189]]]},"properties":{"hoanrinKind":"保安林"}},
{"type":"Feature","geometry":{"type":"Polygon","coordinates":[[[141.33665,40.85489],[141.33342,40.85311],[141.33346,40.85163],[141.33161,40.85092],[141.33123,40.84818],[141.33527,40.84559],[141.33673,40.84614],[141.33608,40.84778],[141.3378,40.84814],[141.33489,40.85069],[141.33601,40.85255],[141.339,40.85222],[141.33831,40.85394],[141.33665,40.85489]]]},"properties":{"hoanrinKind":"保安林"}},
{"type":"Feature","geometry":{"type":"Polygon","coordinates":[[[141.27051,40.86184],[141.27118,40.85997],[141.27243,40.86191],[141.27051,40.86184]]]},"properties":{"hoanrinKind":"保安林"}},
{"type":"Feature","geometry":{"type":"Polygon","coordinates":[[[141.34885,40.90093],[141.34786,40.89961],[141.34904,40.89905],[141.35145,40.89985],[141.35002,40.90158],[141.34885,40.90093]]]},"properties":{"hoanrinKind":"保安林"}},
{"type":"Feature","geometry":{"type":"Polygon","coordinates":[[[141.34944,40.94684],[141.35209,40.94594],[141.35877,40.94496],[141.35756,40.94603],[141.34944,40.94684]]]},"properties":{"hoanrinKind":"保安林"}},
{"type":"Feature","geometry":{"type":"Polygon","coordinates":[[[141.36757,40.94785],[141.37022,40.9523],[141.36923,40.95268],[141.36741,40.94954],[141.36757,40.94785]]]},"properties":{"hoanrinKind":"保安林"}},
{"type":"Feature","geometry":{"type":"Polygon","coordinates":[[[141.28689,40.93725],[141.2849,40.9359],[141.28218,40.93721],[141.2807,40.93682],[141.27752,40.93706],[141.27515,40.93613],[141.27721,40.93512],[141.28034,40.93493],[141.28121,40.93409],[141.28327,40.93415],[141.28746,40.93504],[141.28812,40.93584],[141.28689,40.93725]]]},"properties":{"hoanrinKind":"保安林"}},
{"type":"Feature","geometry":{"type":"Polygon","coordinates":[[[141.35141,40.95205],[141.3511,40.95172],[141.35259,40.94902],[141.35292,40.95025],[141.35141,40.95205]]]},"properties":{"hoanrinKind":"保安林"}},
{"type":"Feature","geometry":{"type":"Polygon","coordinates":[[[141.26133,41.00681],[141.26044,41.00611],[141.25656,41.00648],[141.25613,41.00515],[141.25907,41.0046],[141.25894,41.0036],[141.26265,41.00324],[141.26409,41.00431],[141.26431,41.0058],[141.26133,41.00681]]]},"properties":{"hoanrinKind":"保安林"}},
{"type":"Feature","geometry":{"type":"Polygon","coordinates":[[[141.26355,41.07413],[141.26306,41.07669],[141.26227,41.07694],[141.26273,41.07412],[141.26355,41.07413]]]},"properties":{"hoanrinKind":"保安林"}},
{"type":"Feature","geometry":{"type":"Polygon","coordinates":[[[141.27408,41.13994],[141.27246,41.13574],[141.27346,41.13626],[141.27416,41.13758],[141.27408,41.13994]]]},"properties":{"hoanrinKind":"保安林"}},
{"type":"Feature","geometry":{"type":"Polygon","coordinates":[[[141.24897,41.10388],[141.24761,41.10312],[141.24785,41.10125],[141.24893,41.10143],[141.2483,41.10274],[141.24897,41.10388]]]},"properties":{"hoanrinKind":"保安林"}},
{"type":"Feature","geometry":{"type":"Polygon","coordinates":[[[141.30954,41.13403],[141.31138,41.13406],[141.31554,41.13542],[141.31926,41.1379],[141.3152,41.14112],[141.31362,41.14082],[141.30998,41.14149],[141.30954,41.13403]]]},"properties":{"hoanrinKind":"保安林"}},
{"type":"Feature","geometry":{"type":"Polygon","coordinates":[[[141.29594,41.13421],[141.29831,41.13377],[141.2988,41.13164],[141.30091,41.13064],[141.30429,41.13184],[141.30529,41.13415],[141.30886,41.13392],[141.30941,41.14159],[141.30847,41.14208],[141.30699,41.13705],[141.30625,41.13715],[141.30765,41.14209],[141.30268,41.14147],[141.29888,41.13868],[141.29541,41.13712],[141.29387,41.13579],[141.29097,41.13552],[141.29045,41.13465],[141.29319,41.13375],[141.29594,41.13421]]]},"properties":{"hoanrinKind":"保安林"}},
{"type":"Feature","geometry":{"type":"Polygon","coordinates":[[[141.25214,41.21865],[141.25222,41.21959],[141.24996,41.22322],[141.24874,41.22305],[141.25077,41.21991],[141.25214,41.21865]]]},"properties":{"hoanrinKind":"保安林"}},
{"type":"Feature","geometry":{"type":"Polygon","coordinates":[[[141.26839,41.19522],[141.26795,41.19669],[141.26508,41.197],[141.26624,41.19366],[141.26832,41.19421],[141.26839,41.19522]]]},"properties":{"hoanrinKind":"保安林"}},
{"type":"Feature","geometry":{"type":"Polygon","coordinates":[[[141.30754,41.31654],[141.30868,41.31365],[141.30593,41.31138],[141.30503,41.3096],[141.30694,41.30744],[141.30633,41.30653],[141.30692,41.30368],[141.30945,41.3007],[141.30615,41.29844],[141.30259,41.29763],[141.3037,41.29477],[141.30293,41.29414],[141.30379,41.29065],[141.30528,41.28828],[141.30506,41.28641],[141.30335,41.2855],[141.3032,41.28431],[141.30499,41.28413],[141.30692,41.28487],[141.31064,41.2849],[141.31131,41.28322],[141.31286,41.28222],[141.31455,41.28239],[141.31653,41.28166],[141.31896,41.2816],[141.32005,41.28075],[141.31923,41.2779],[141.31977,41.27519],[141.32157,41.27325],[141.32449,41.27393],[141.32628,41.27674],[141.3251,41.27774],[141.32641,41.279],[141.33011,41.28119],[141.33086,41.28249],[141.32846,41.28367],[141.32638,41.28328],[141.32513,41.28594],[141.32233,41.28708],[141.32174,41.28795],[141.32206,41.2904],[141.32063,41.29143],[141.3195,41.294],[141.32113,41.29468],[141.3212,41.29678],[141.32251,41.2977],[141.32218,41.30026],[141.32055,41.3012],[141.3198,41.30326],[141.32002,41.30462],[141.31911,41.30764],[141.31671,41.30931],[141.31465,41.31212],[141.31215,41.31403],[141.31163,41.3156],[141.30972,41.31773],[141.30754,41.31654]]]},"properties":{"hoanrinKind":"保安林"}},
{"type":"Feature","geometry":{"type":"Polygon","coordinates":[[[141.2701,41.29595],[141.26756,41.2966],[141.26524,41.29667],[141.26453,41.29314],[141.26709,41.2917],[141.27152,41.28632],[141.27275,41.28572],[141.27791,41.28453],[141.28123,41.2874],[141.28016,41.28863],[141.28262,41.28931],[141.28672,41.28868],[141.28789,41.28482],[141.29034,41.284],[141.29508,41.28485],[141.29559,41.28735],[141.29791,41.28977],[141.29692,41.29122],[141.29628,41.29496],[141.2943,41.29459],[141.29407,41.2971],[141.29343,41.29797],[141.29015,41.29851],[141.2877,41.30057],[141.28509,41.30047],[141.28244,41.29899],[141.28237,41.29653],[141.28151,41.29394],[141.27952,41.29234],[141.27778,41.29309],[141.27723,41.29446],[141.27405,41.29561],[141.2701,41.29595]],[[141.27131,41.29517],[141.27401,41.29515],[141.27446,41.2939],[141.27131,41.29375],[141.27131,41.29517]]]},"properties":{"hoanrinKind":"保安林"}},
{"type":"Feature","geometry":{"type":"Polygon","coordinates":[[[141.2643,41.27028],[141.26203,41.26937],[141.2628,41.26771],[141.25922,41.26686],[141.25823,41.26574],[141.25451,41.26471],[141.25496,41.2632],[141.25798,41.26213],[141.26275,41.26359],[141.26817,41.26309],[141.26972,41.26356],[141.26907,41.26566],[141.26957,41.26866],[141.26661,41.26895],[141.2643,41.27028]]]},"properties":{"hoanrinKind":"保安林"}},
{"type":"Feature","geometry":{"type":"Polygon","coordinates":[[[141.31908,41.27419],[141.3174,41.27611],[141.31561,41.27641],[141.3123,41.27364],[141.31133,41.27153],[141.31141,41.26788],[141.31359,41.26676],[141.31342,41.26511],[141.31463,41.26443],[141.31875,41.26394],[141.32068,41.26521],[141.32353,41.26622],[141.32505,41.26753],[141.32644,41.27068],[141.32239,41.27159],[141.3216,41.27022],[141.3198,41.27],[141.31882,41.27144],[141.31908,41.27419]]]},"properties":{"hoanrinKind":"保安林"}},
{"type":"Feature","geometry":{"type":"Polygon","coordinates":[[[141.34518,41.29523],[141.34424,41.29484],[141.34477,41.29439],[141.34518,41.29523]]]},"properties":{"hoanrinKind":"保安林"}},
{"type":"Feature","geometry":{"type":"Polygon","coordinates":[[[141.33997,41.30115],[141.34058,41.30061],[141.34091,41.30115],[141.33997,41.30115]]]},"properties":{"hoanrinKind":"保安林"}},
{"type":"Feature","geometry":{"type":"Polygon","coordinates":[[[141.35704,41.36143],[141.35524,41.36303],[141.35192,41.3615],[141.34905,41.3597],[141.34934,41.35866],[141.35718,41.35998],[141.35704,41.36143]]]},"properties":{"hoanrinKind":"保安林"}},
{"type":"Feature","geometry":{"type":"Polygon","coordinates":[[[141.36279,41.36093],[141.36255,41.35966],[141.3611,41.35829],[141.36764,41.35768],[141.36989,41.35851],[141.36833,41.36054],[141.36675,41.35874],[141.36505,41.36004],[141.36279,41.36093]]]},"properties":{"hoanrinKind":"保安林"}},
{"type":"Feature","geometry":{"type":"Polygon","coordinates":[[[141.33377,41.34551],[141.336,41.34532],[141.33687,41.34451],[141.33565,41.34286],[141.33451,41.34027],[141.33771,41.33932],[141.34244,41.33922],[141.3463,41.34195],[141.34873,41.34265],[141.34756,41.34579],[141.34759,41.34684],[141.34543,41.3469],[141.34209,41.34804],[141.33935,41.34956],[141.33747,41.34873],[141.33501,41.34935],[141.33515,41.34779],[141.33271,41.34595],[141.33377,41.34551]]]},"properties":{"hoanrinKind":"保安林"}},
{"type":"Feature","geometry":{"type":"Polygon","coordinates":[[[141.4808,40.40046],[141.47522,40.40394],[141.47398,40.40223],[141.47442,40.39829],[141.47672,40.39811],[141.47914,40.39984],[141.4808,40.40046]]]},"properties":{"hoanrinKind":"保安林"}},
{"type":"Feature","geometry":{"type":"Polygon","coordinates":[[[141.39212,40.49699],[141.3927,40.49602],[141.39345,40.4968],[141.39212,40.49699]]]},"properties":{"hoanrinKind":"保安林"}},
{"type":"Feature","geometry":{"type":"Polygon","coordinates":[[[141.41026,40.50226],[141.41109,40.5015],[141.41222,40.50173],[141.41085,40.50237],[141.41026,40.50226]]]},"properties":{"hoanrinKind":"保安林"}},
{"type":"Feature","geometry":{"type":"Polygon","coordinates":[[[141.37987,40.49994],[141.37907,40.49972],[141.37648,40.4967],[141.377,40.49424],[141.37903,40.49359],[141.38024,40.49588],[141.38171,40.49594],[141.38227,40.49775],[141.38081,40.49834],[141.37987,40.49994]]]},"properties":{"hoanrinKind":"保安林"}},
{"type":"Feature","geometry":{"type":"Polygon","coordinates":[[[141.38382,40.47965],[141.38632,40.47768],[141.38844,40.47699],[141.38735,40.48077],[141.38533,40.48191],[141.38159,40.48156],[141.37889,40.4824],[141.37517,40.48107],[141.37574,40.48028],[141.38093,40.48008],[141.38382,40.47965]]]},"properties":{"hoanrinKind":"保安林"}},
{"type":"Feature","geometry":{"type":"Polygon","coordinates":[[[141.38372,40.4956],[141.38415,40.49315],[141.38746,40.49212],[141.38774,40.4936],[141.39079,40.49561],[141.39239,40.49599],[141.3903,40.49882],[141.38683,40.5015],[141.38254,40.49899],[141.38424,40.49779],[141.38496,40.49621],[141.38372,40.4956]]]},"properties":{"hoanrinKind":"保安林"}},
{"type":"Feature","geometry":{"type":"Polygon","coordinates":[[[141.40717,40.50405],[141.40748,40.50357],[141.40841,40.50414],[141.40768,40.50458],[141.40717,40.50405]]]},"properties":{"hoanrinKind":"保安林"}},
{"type":"Feature","geometry":{"type":"Polygon","coordinates":[[[141.43563,40.639],[141.43535,40.63791],[141.43324,40.63822],[141.42688,40.63623],[141.4226,40.63619],[141.41624,40.6339],[141.41954,40.63407],[141.4228,40.63539],[141.42765,40.6358],[141.43233,40.63713],[141.43665,40.63779],[141.43563,40.639]]]},"properties":{"hoanrinKind":"保安林"}},
{"type":"Feature","geometry":{"type":"Polygon","coordinates":[[[141.46356,40.60163],[141.46435,40.60095],[141.46465,40.59813],[141.46776,40.59065],[141.4695,40.59172],[141.46473,40.60249],[141.46356,40.60163]]]},"properties":{"hoanrinKind":"保安林"}},
{"type":"Feature","geometry":{"type":"Polygon","coordinates":[[[141.44935,40.6292],[141.4506,40.62733],[141.45327,40.61831],[141.45588,40.61832],[141.45236,40.6281],[141.4495,40.63395],[141.44817,40.6374],[141.44689,40.6372],[141.44781,40.63516],[141.44827,40.63193],[141.44707,40.63116],[141.44778,40.62949],[141.44935,40.6292]]]},"properties":{"hoanrinKind":"保安林"}},
{"type":"Feature","geometry":{"type":"Polygon","coordinates":[[[141.44828,40.62856],[141.44888,40.62785],[141.44939,40.62788],[141.44903,40.62849],[141.44828,40.62856]]]},"properties":{"hoanrinKind":"保安林"}},
{"type":"Feature","geometry":{"type":"Polygon","coordinates":[[[141.37944,40.66528],[141.37962,40.66506],[141.38084,40.66539],[141.38003,40.66562],[141.37944,40.66528]]]},"properties":{"hoanrinKind":"保安林"}},
{"type":"Feature","geometry":{"type":"Polygon","coordinates":[[[141.37967,40.6644],[141.37982,40.66413],[141.38239,40.66499],[141.38252,40.66533],[141.37967,40.6644]]]},"properties":{"hoanrinKind":"保安林"}},
{"type":"Feature","geometry":{"type":"Polygon","coordinates":[[[141.40979,40.74048],[141.40892,40.74073],[141.40989,40.7356],[141.41072,40.73559],[141.40979,40.74048]]]},"properties":{"hoanrinKind":"保安林"}},
{"type":"Feature","geometry":{"type":"Polygon","coordinates":[[[141.4095,40.74228],[141.40931,40.74338],[141.40852,40.74332],[141.40876,40.74241],[141.4095,40.74228]]]},"properties":{"hoanrinKind":"保安林"}},
{"type":"Feature","geometry":{"type":"Polygon","coordinates":[[[141.41502,40.73605],[141.41617,40.7366],[141.41884,40.73441],[141.41719,40.74128],[141.41376,40.74092],[141.41502,40.73605]]]},"properties":{"hoanrinKind":"保安林"}},
{"type":"Feature","geometry":{"type":"Polygon","coordinates":[[[141.38594,40.85474],[141.38877,40.85332],[141.38926,40.85099],[141.39044,40.85091],[141.39021,40.85309],[141.39119,40.85477],[141.38594,40.85474]]]},"properties":{"hoanrinKind":"保安林"}},
{"type":"Feature","geometry":{"type":"Polygon","coordinates":[[[141.38143,40.88521],[141.37989,40.88465],[141.37859,40.88274],[141.37524,40.88076],[141.3755,40.88044],[141.37887,40.88242],[141.38143,40.88521]]]},"properties":{"hoanrinKind":"保安林"}},
{"type":"Feature","geometry":{"type":"Polygon","coordinates":[[[141.37443,40.94758],[141.37347,40.94723],[141.37403,40.94575],[141.37525,40.94574],[141.37443,40.94758]]]},"properties":{"hoanrinKind":"保安林"}},
{"type":"Feature","geometry":{"type":"Polygon","coordinates":[[[141.37574,40.9438],[141.37449,40.94377],[141.37408,40.93505],[141.37528,40.93476],[141.37574,40.9438]]]},"properties":{"hoanrinKind":"保安林"}},
{"type":"Feature","geometry":{"type":"Polygon","coordinates":[[[141.37955,40.94481],[141.37942,40.94302],[141.38014,40.94169],[141.38078,40.93861],[141.38461,40.93775],[141.38455,40.94325],[141.38498,40.94471],[141.37955,40.94481]]]},"properties":{"hoanrinKind":"保安林"}},
{"type":"Feature","geometry":{"type":"Polygon","coordinates":[[[141.3796,40.96092],[141.37864,40.95919],[141.3801,40.95297],[141.38127,40.95118],[141.38123,40.94948],[141.37993,40.94901],[141.37988,40.94707],[141.38501,40.94664],[141.38533,40.94722],[141.38517,40.95331],[141.38373,40.95947],[141.38187,40.96127],[141.3796,40.96092]]]},"properties":{"hoanrinKind":"保安林"}},
{"type":"Feature","geometry":{"type":"Polygon","coordinates":[[[141.37539,40.94544],[141.37378,40.94542],[141.37415,40.9442],[141.37568,40.9442],[141.37539,40.94544]]]},"properties":{"hoanrinKind":"保安林"}},
{"type":"Feature","geometry":{"type":"Polygon","coordinates":[[[141.37691,40.96295],[141.37794,40.96375],[141.37952,40.96628],[141.38286,40.96826],[141.38259,40.97539],[141.37815,40.97465],[141.37774,40.96725],[141.37691,40.96295]]]},"properties":{"hoanrinKind":"保安林"}},
{"type":"Feature","geometry":{"type":"Polygon","coordinates":[[[141.37241,41.03916],[141.3723,41.03807],[141.37331,41.03797],[141.37371,41.03901],[141.37241,41.03916]]]},"properties":{"hoanrinKind":"保安林"}},
{"type":"Feature","geometry":{"type":"Polygon","coordinates":[[[141.39326,41.11686],[141.39484,41.12105],[141.39427,41.12326],[141.39663,41.12668],[141.39575,41.12908],[141.39342,41.12844],[141.3922,41.12567],[141.38911,41.12459],[141.38767,41.12312],[141.38746,41.1219],[141.38608,41.12112],[141.39142,41.11959],[141.39217,41.12288],[141.3903,41.12398],[141.39216,41.12487],[141.39288,41.12386],[141.39298,41.1206],[141.39161,41.11866],[141.39326,41.11686]]]},"properties":{"hoanrinKind":"保安林"}},
{"type":"Feature","geometry":{"type":"Polygon","coordinates":[[[141.39156,41.2507],[141.39105,41.24941],[141.39375,41.24811],[141.39296,41.25027],[141.39156,41.2507]]]},"properties":{"hoanrinKind":"保安林"}},
{"type":"Feature","geometry":{"type":"Polygon","coordinates":[[[141.40014,41.23166],[141.40157,41.23225],[141.40145,41.227],[141.40263,41.22695],[141.40244,41.23318],[141.4031,41.24002],[141.40009,41.2399],[141.40048,41.23895],[141.3999,41.23612],[141.40014,41.23166]]]},"properties":{"hoanrinKind":"保安林"}},
{"type":"Feature","geometry":{"type":"Polygon","coordinates":[[[141.40119,41.28539],[141.40315,41.28128],[141.40371,41.27934],[141.4026,41.27835],[141.40449,41.27718],[141.40874,41.29069],[141.40555,41.29031],[141.40418,41.28883],[141.40386,41.28749],[141.40119,41.28539]]]},"properties":{"hoanrinKind":"保安林"}},
{"type":"Feature","geometry":{"type":"Polygon","coordinates":[[[141.3986,41.28883],[141.39813,41.28805],[141.40038,41.28608],[141.40168,41.28676],[141.40328,41.28887],[141.39983,41.28913],[141.3986,41.28883]]]},"properties":{"hoanrinKind":"保安林"}},
{"type":"Feature","geometry":{"type":"Polygon","coordinates":[[[141.3972,41.2675],[141.39505,41.26551],[141.39608,41.2623],[141.39873,41.25879],[141.40059,41.26521],[141.39977,41.26727],[141.3972,41.2675]]]},"properties":{"hoanrinKind":"保安林"}},
{"type":"Feature","geometry":{"type":"Polygon","coordinates":[[[141.39733,41.25399],[141.39787,41.25626],[141.39613,41.25578],[141.39733,41.25399]]]},"properties":{"hoanrinKind":"保安林"}},
{"type":"Feature","geometry":{"type":"Polygon","coordinates":[[[141.4258,41.39311],[141.42648,41.39065],[141.42623,41.38901],[141.42856,41.38807],[141.42938,41.38709],[141.43224,41.38661],[141.43452,41.38692],[141.43416,41.38833],[141.43242,41.3902],[141.43099,41.39064],[141.42758,41.39273],[141.4258,41.39311]]]},"properties":{"hoanrinKind":"保安林"}},
{"type":"Feature","geometry":{"type":"Polygon","coordinates":[[[141.41404,41.392],[141.41219,41.39126],[141.4105,41.38994],[141.41001,41.38885],[141.40808,41.38747],[141.40987,41.38781],[141.41054,41.38865],[141.41092,41.38989],[141.41158,41.39057],[141.41419,41.39171],[141.41404,41.392]]]},"properties":{"hoanrinKind":"保安林"}},
{"type":"Feature","geometry":{"type":"Polygon","coordinates":[[[141.4169,41.39262],[141.41592,41.39294],[141.41493,41.39282],[141.41678,41.39238],[141.4169,41.39262]]]},"properties":{"hoanrinKind":"保安林"}},
{"type":"Feature","geometry":{"type":"Polygon","coordinates":[[[141.45133,41.40052],[141.45508,41.40278],[141.45343,41.40368],[141.45025,41.40187],[141.45133,41.40052]]]},"properties":{"hoanrinKind":"保安林"}},
{"type":"Feature","geometry":{"type":"Polygon","coordinates":[[[141.44976,41.39773],[141.4495,41.39737],[141.45001,41.39726],[141.45011,41.39749],[141.44976,41.39773]]]},"properties":{"hoanrinKind":"保安林"}},
{"type":"Feature","geometry":{"type":"Polygon","coordinates":[[[141.44148,41.41333],[141.44448,41.4134],[141.44323,41.4148],[141.44148,41.41333]]]},"properties":{"hoanrinKind":"保安林"}},
{"type":"Feature","geometry":{"type":"Polygon","coordinates":[[[141.44848,41.40909],[141.45302,41.40825],[141.4532,41.40913],[141.4488,41.40967],[141.44848,41.40909]]]},"properties":{"hoanrinKind":"保安林"}},
{"type":"Feature","geometry":{"type":"Polygon","coordinates":[[[141.45541,41.40893],[141.45433,41.40986],[141.45365,41.40936],[141.45541,41.40893]]]},"properties":{"hoanrinKind":"保安林"}},
{"type":"Feature","geometry":{"type":"Polygon","coordinates":[[[141.45962,41.40651],[141.4573,41.40853],[141.45692,41.40815],[141.45802,41.40747],[141.45872,41.40651],[141.45962,41.40651]]]},"properties":{"hoanrinKind":"保安林"}},
{"type":"Feature","geometry":{"type":"Polygon","coordinates":[[[141.45863,41.40595],[141.45687,41.40397],[141.45741,41.40374],[141.45876,41.40515],[141.45863,41.40595]]]},"properties":{"hoanrinKind":"保安林"}},
{"type":"Feature","geometry":{"type":"Polygon","coordinates":[[[141.4445,41.36835],[141.44217,41.36756],[141.44228,41.36588],[141.44003,41.36521],[141.4406,41.36412],[141.44003,41.36223],[141.43744,41.36112],[141.43656,41.35914],[141.44038,41.35846],[141.44306,41.36339],[141.44253,41.36502],[141.44351,41.36577],[141.4445,41.36835]]]},"properties":{"hoanrinKind":"保安林"}},
{"type":"Feature","geometry":{"type":"Polygon","coordinates":[[[141.44633,41.37337],[141.44356,41.3743],[141.44408,41.37368],[141.44573,41.37326],[141.44633,41.37337]]]},"properties":{"hoanrinKind":"保安林"}},
{"type":"Feature","geometry":{"type":"Polygon","coordinates":[[[141.44908,41.37522],[141.44896,41.37803],[141.44812,41.37926],[141.44737,41.37912],[141.4482,41.37812],[141.44874,41.37687],[141.44908,41.37522]]]},"properties":{"hoanrinKind":"保安林"}},
{"type":"Feature","geometry":{"type":"Polygon","coordinates":[[[141.59542,40.43329],[141.59568,40.43386],[141.59404,40.43368],[141.59453,40.43336],[141.59542,40.43329]]]},"properties":{"hoanrinKind":"保安林"}},
{"type":"Feature","geometry":{"type":"Polygon","coordinates":[[[141.55743,40.47055],[141.55729,40.46968],[141.55875,40.46936],[141.55888,40.47061],[141.55743,40.47055]]]},"properties":{"hoanrinKind":"保安林"}},
{"type":"Feature","geometry":{"type":"Polygon","coordinates":[[[141.56385,40.47325],[141.56013,40.47313],[141.56091,40.47157],[141.5609,40.46976],[141.56246,40.46844],[141.56587,40.47045],[141.56644,40.47147],[141.56385,40.47325]]]},"properties":{"hoanrinKind":"保安林"}},
{"type":"Feature","geometry":{"type":"Polygon","coordinates":[[[141.50911,40.45679],[141.5084,40.45818],[141.50486,40.45633],[141.50727,40.45548],[141.50865,40.45395],[141.511,40.45508],[141.50911,40.45679]]]},"properties":{"hoanrinKind":"保安林"}},
{"type":"Feature","geometry":{"type":"Polygon","coordinates":[[[141.51216,40.45082],[141.51074,40.44971],[141.50955,40.44756],[141.51185,40.44663],[141.51212,40.44398],[141.51568,40.4467],[141.51502,40.44725],[141.51417,40.4508],[141.51216,40.45082]]]},"properties":{"hoanrinKind":"保安林"}},
{"type":"Feature","geometry":{"type":"Polygon","coordinates":[[[139.99748,40.59659],[139.99971,40.5969],[139.99986,40.59874],[139.99788,40.59883],[139.99543,40.60099],[139.99324,40.60025],[139.98954,40.6002],[139.98864,40.60361],[139.98985,40.60606],[139.99105,40.60623],[139.99192,40.60786],[139.99628,40.61086],[139.99534,40.61243],[139.99334,40.61385],[139.99342,40.61642],[139.9965,40.61635],[139.99511,40.61796],[139.99523,40.61981],[139.99271,40.61998],[139.98977,40.62087],[139.98669,40.62455],[139.98611,40.62723],[139.98997,40.62814],[139.99149,40.62772],[139.99319,40.63087],[139.99172,40.63163],[139.98858,40.63096],[139.98627,40.63124],[139.98574,40.62973],[139.983,40.62858],[139.9843,40.62759],[139.98472,40.62615],[139.98392,40.62525],[139.98419,40.62258],[139.98209,40.62195],[139.98175,40.6238],[139.97817,40.6251],[139.97721,40.62586],[139.97262,40.62689],[139.97192,40.62915],[139.97016,40.63067],[139.97341,40.63196],[139.97493,40.63179],[139.97514,40.63435],[139.97155,40.63556],[139.97141,40.63666],[139.96913,40.63955],[139.96551,40.64022],[139.96489,40.64178],[139.96335,40.64329],[139.9655,40.64564],[139.96468,40.6469],[139.9612,40.64929],[139.95438,40.64624],[139.95522,40.64329],[139.95638,40.64123],[139.95802,40.64064],[139.95767,40.63857],[139.95805,40.63686],[139.95729,40.635],[139.95764,40.63311],[139.95641,40.6323],[139.95757,40.62973],[139.95943,40.62778],[139.95997,40.62475],[139.962,40.62422],[139.96149,40.62276],[139.95848,40.62433],[139.95822,40.627],[139.95492,40.62696],[139.95328,40.62607],[139.95388,40.62375],[139.95368,40.62122],[139.95215,40.62206],[139.95177,40.62357],[139.94967,40.62422],[139.94983,40.62616],[139.95396,40.62927],[139.95181,40.63241],[139.95184,40.63496],[139.95084,40.6357],[139.95049,40.63739],[139.94498,40.63744],[139.94536,40.63577],[139.94683,40.63467],[139.94411,40.63355],[139.94107,40.63676],[139.93926,40.63344],[139.94068,40.63027],[139.94241,40.62931],[139.94347,40.62779],[139.94259,40.62586],[139.94031,40.62558],[139.9393,40.62672],[139.93721,40.62727],[139.93582,40.62635],[139.93685,40.62491],[139.93814,40.62511],[139.9395,40.62385],[139.93989,40.62106],[139.94317,40.62248],[139.94506,40.6229],[139.94996,40.62115],[139.95139,40.62159],[139.95395,40.62003],[139.95517,40.61841],[139.9603,40.61583],[139.96133,40.6143],[139.96478,40.61186],[139.96596,40.61043],[139.96263,40.60746],[139.96096,40.60512],[139.95673,40.60133],[139.95418,40.60064],[139.95257,40.59892],[139.94987,40.59733],[139.9479,40.59737],[139.94668,40.59656],[139.94319,40.5964],[139.94043,40.59529],[139.94114,40.59354],[139.9454,40.59337],[139.94648,40.59387],[139.9485,40.59278],[139.95336,40.59105],[139.95309,40.59013],[139.94934,40.58939],[139.94738,40.58959],[139.94544,40.58901],[139.94251,40.58953],[139.93601,40.58823],[139.9335,40.58994],[139.93216,40.58981],[139.9308,40.58855],[139.93102,40.58698],[139.9337,40.58483],[139.93778,40.58565],[139.9387,40.58489],[139.94308,40.58654],[139.9446,40.5844],[139.94743,40.58399],[139.94997,40.58491],[139.95429,40.58444],[139.95688,40.58316],[139.95914,40.58381],[139.96139,40.58352],[139.96456,40.58381],[139.96587,40.58535],[139.96778,40.58625],[139.96963,40.58582],[139.96773,40.58402],[139.96756,40.58272],[139.97025,40.58316],[139.97008,40.58487],[139.97155,40.58601],[139.97216,40.58855],[139.9716,40.59027],[139.97355,40.591],[139.97517,40.58797],[139.97217,40.58664],[139.97138,40.58454],[139.9742,40.58427],[139.976,40.58456],[139.97558,40.58216],[139.97668,40.57973],[139.97876,40.57898],[139.9802,40.57691],[139.98112,40.57672],[139.98163,40.57481],[139.98282,40.57292],[139.98445,40.5719],[139.98637,40.57198],[139.98546,40.57353],[139.98301,40.57544],[139.99003,40.57564],[139.99248,40.57487],[139.99331,40.57354],[139.99244,40.57191],[139.98858,40.5713],[139.98838,40.56821],[139.99133,40.56359],[139.98447,40.56602],[139.97993,40.56799],[139.97752,40.56951],[139.97596,40.57153],[139.97549,40.57313],[139.97376,40.57332],[139.97138,40.57223],[139.96491,40.57039],[139.95907,40.57013],[139.95648,40.56344],[139.9553,40.56408],[139.95243,40.5634],[139.95266,40.56217],[139.95021,40.56188],[139.94866,40.56092],[139.95033,40.55938],[139.9481,40.55452],[139.94513,40.55203],[139.94647,40.55075],[139.95194,40.55183],[139.9516,40.55314],[139.95323,40.55356],[139.95802,40.55232],[139.95932,40.55127],[139.9614,40.55116],[139.96376,40.55224],[139.96574,40.55157],[139.96775,40.54913],[139.96899,40.54961],[139.97046,40.54772],[139.9703,40.54557],[139.9711,40.54418],[139.97444,40.54363],[139.97819,40.54514],[139.98006,40.54336],[139.98396,40.54514],[139.98497,40.54469],[139.98642,40.54242],[139.98864,40.5426],[139.98913,40.54114],[139.99119,40.53977],[139.99365,40.53924],[139.99655,40.53691],[139.9979,40.5344],[139.99937,40.53295],[139.99655,40.53133],[139.99432,40.53125],[139.9905,40.53175],[139.98341,40.53106],[139.97788,40.53266],[139.97497,40.53077],[139.97017,40.52961],[139.96695,40.52991],[139.96158,40.52885],[139.96206,40.52707],[139.9604,40.52498],[139.9603,40.52397],[139.96367,40.52337],[139.96669,40.52438],[139.96855,40.5235],[139.9716,40.52348],[139.97181,40.5224],[139.97,40.52121],[139.9702,40.5191],[139.96924,40.5182],[139.9655,40.51942],[139.96371,40.51919],[139.96318,40.51798],[139.95911,40.51759],[139.95486,40.51528],[139.95831,40.51327],[139.95871,40.51247],[139.96105,40.5121],[139.96366,40.51224],[139.9707,40.51142],[139.97103,40.5105],[139.96918,40.50783],[139.97639,40.50436],[139.97635,40.5014],[139.97731,40.49983],[139.97848,40.49951],[139.98094,40.49725],[139.97673,40.4962],[139.9762,40.49529],[139.97409,40.49604],[139.97144,40.49593],[139.96689,40.49665],[139.96387,40.49567],[139.96292,40.4942],[139.9637,40.49299],[139.96612,40.49298],[139.96563,40.49072],[139.96815,40.48992],[139.96988,40.48708],[139.97244,40.48591],[139.97725,40.48511],[139.97858,40.48573],[139.97827,40.48781],[139.98371,40.48891],[139.98574,40.48838],[139.98254,40.48497],[139.98276,40.48381],[139.98441,40.4832],[139.98876,40.48353],[139.98633,40.47984],[139.98074,40.47969],[139.97866,40.48002],[139.97381,40.47978],[139.97213,40.4788],[139.96974,40.47898],[139.96188,40.47861],[139.95953,40.47774],[139.95747,40.4791],[139.9583,40.48045],[139.95392,40.48297],[139.95246,40.48098],[139.95104,40.478],[139.94996,40.47757],[139.95067,40.47575],[139.94879,40.47445],[139.95087,40.4729],[139.94967,40.47014],[139.94851,40.46977],[139.94731,40.4679],[139.94881,40.4675],[139.95206,40.4649],[139.94772,40.46409],[139.9468,40.46245],[139.94791,40.46027],[139.94692,40.45902],[139.94885,40.45744],[139.94692,40.45642],[139.94949,40.45352],[139.95211,40.45337],[139.95309,40.45035],[139.95088,40.45054],[139.94641,40.4489],[139.94326,40.44891],[139.94157,40.44755],[139.94313,40.44669],[139.94209,40.4437],[139.94429,40.44327],[139.94313,40.44174],[139.94341,40.43626],[139.94414,40.43334],[139.94244,40.43289],[139.94279,40.42985],[139.94572,40.42991],[139.94817,40.43114],[139.95158,40.43103],[139.95579,40.43273],[139.95703,40.43412],[139.95959,40.43466],[139.96339,40.43271],[139.96425,40.43027],[139.96873,40.42874],[139.97023,40.42738],[139.97283,40.42666],[139.97878,40.42808],[139.9816,40.4275],[139.98684,40.42881],[139.99137,40.43196],[139.99374,40.43255],[139.99482,40.43493],[139.99657,40.43432],[139.9975,40.43277],[140.00104,40.43278],[140.00324,40.43177],[140.00644,40.42741],[140.00917,40.42558],[140.01149,40.42594],[140.01421,40.42335],[140.01425,40.42238],[140.01744,40.42105],[140.0193,40.42307],[140.01745,40.42706],[140.01885,40.42841],[140.02196,40.42971],[140.02283,40.4355],[140.02522,40.4365],[140.026,40.43889],[140.0221,40.44367],[140.02173,40.44495],[140.02017,40.44661],[140.02085,40.44908],[140.02493,40.45311],[140.02806,40.4538],[140.03017,40.45529],[140.03046,40.45687],[140.03231,40.45807],[140.03413,40.45785],[140.03547,40.4589],[140.03614,40.4613],[140.03848,40.46085],[140.04112,40.4611],[140.04326,40.4605],[140.04574,40.46079],[140.04889,40.46034],[140.05018,40.4621],[140.05393,40.46424],[140.05244,40.46615],[140.05372,40.4676],[140.05858,40.46707],[140.06079,40.46776],[140.06285,40.46754],[140.06538,40.46831],[140.06874,40.46882],[140.07024,40.4684],[140.07108,40.46643],[140.0738,40.46475],[140.07658,40.46534],[140.07911,40.46672],[140.08239,40.46452],[140.08359,40.46227],[140.08721,40.46225],[140.09143,40.45946],[140.09298,40.45908],[140.0996,40.45304],[140.09791,40.45064],[140.09746,40.44915],[140.09986,40.44532],[140.09921,40.44399],[140.10184,40.4429],[140.10551,40.44018],[140.10766,40.43588],[140.1115,40.43548],[140.11454,40.43619],[140.11789,40.4349],[140.12071,40.43628],[140.12637,40.43715],[140.12881,40.43708],[140.13122,40.43818],[140.13397,40.43809],[140.13586,40.43933],[140.14,40.43928],[140.14216,40.43774],[140.14736,40.43792],[140.14953,40.43571],[140.15197,40.43491],[140.15577,40.43623],[140.15772,40.43747],[140.16218,40.43929],[140.16712,40.43988],[140.16899,40.43968],[140.17141,40.43827],[140.17388,40.44014],[140.17726,40.44025],[140.18002,40.44096],[140.18202,40.44214],[140.18562,40.44327],[140.18596,40.44174],[140.18742,40.43953],[140.19014,40.43809],[140.1939,40.43488],[140.19597,40.43456],[140.20343,40.43641],[140.20572,40.43656],[140.20844,40.43825],[140.21016,40.43835],[140.21164,40.43593],[140.21427,40.43427],[140.21687,40.43341],[140.21843,40.43165],[140.22024,40.43115],[140.2239,40.43178],[140.22789,40.43367],[140.23179,40.43431],[140.2352,40.43631],[140.23821,40.43725],[140.24145,40.43756],[140.24321,40.43734],[140.24539,40.43816],[140.24576,40.43926],[140.24805,40.44081],[140.24997,40.44297],[140.25185,40.44176],[140.25863,40.44132],[140.26072,40.44179],[140.26306,40.44076],[140.2671,40.44071],[140.26998,40.44196],[140.27438,40.44288],[140.27946,40.44595],[140.28241,40.4459],[140.28381,40.44538],[140.28677,40.44582],[140.28814,40.44488],[140.29112,40.44652],[140.29304,40.44589],[140.29474,40.44634],[140.29859,40.44625],[140.30007,40.44534],[140.30076,40.44399],[140.30249,40.44271],[140.30589,40.44268],[140.30773,40.44169],[140.30851,40.43984],[140.30798,40.43786],[140.30968,40.43646],[140.311,40.43618],[140.31325,40.43729],[140.31534,40.43738],[140.31784,40.43961],[140.32103,40.4385],[140.32215,40.4392],[140.32713,40.43903],[140.33123,40.43935],[140.33219,40.44002],[140.33513,40.43934],[140.33698,40.44052],[140.339,40.44097],[140.3406,40.44347],[140.33986,40.44418],[140.3417,40.44723],[140.34113,40.44963],[140.34389,40.4522],[140.34276,40.45448],[140.3438,40.45619],[140.34288,40.46042],[140.34338,40.46171],[140.34697,40.46155],[140.34794,40.46263],[140.34838,40.46477],[140.34794,40.46752],[140.3491,40.46831],[140.35217,40.46871],[140.35334,40.46999],[140.35394,40.47242],[140.35697,40.4747],[140.35988,40.47596],[140.36,40.47736],[140.3614,40.47837],[140.36495,40.47847],[140.36745,40.47706],[140.37227,40.47629],[140.37785,40.4766],[140.37848,40.47788],[140.3811,40.47923],[140.38385,40.48525],[140.38673,40.48705],[140.38808,40.48709],[140.38976,40.48558],[140.39226,40.48472],[140.39393,40.48515],[140.39413,40.48272],[140.39567,40.48192],[140.39702,40.47958],[140.39663,40.47827],[140.40158,40.47742],[140.40207,40.4752],[140.40408,40.47523],[140.40647,40.47455],[140.40853,40.47493],[140.41224,40.47663],[140.41755,40.47994],[140.42728,40.48264],[140.42883,40.4818],[140.43113,40.48167],[140.43248,40.48047],[140.43477,40.48037],[140.43723,40.4783],[140.43525,40.47463],[140.43517,40.47368],[140.43319,40.47178],[140.43352,40.46767],[140.43698,40.46549],[140.43739,40.46345],[140.43673,40.45958],[140.43777,40.45874],[140.43747,40.45557],[140.43938,40.45289],[140.44027,40.45241],[140.43974,40.45056],[140.44177,40.44986],[140.44405,40.45074],[140.4451,40.45207],[140.44785,40.45292],[140.44859,40.45398],[140.45263,40.45348],[140.45354,40.45434],[140.45681,40.45505],[140.45948,40.45639],[140.46291,40.4559],[140.46454,40.45626],[140.46585,40.45405],[140.46975,40.45345],[140.47481,40.45353],[140.48107,40.45145],[140.48181,40.44931],[140.48422,40.44647],[140.48372,40.44341],[140.48161,40.4417],[140.48416,40.44116],[140.48916,40.43877],[140.49281,40.43797],[140.49501,40.43696],[140.49781,40.43647],[140.50146,40.43401],[140.50226,40.43169],[140.50522,40.43015],[140.50976,40.42853],[140.51198,40.42923],[140.51361,40.42863],[140.51726,40.43019],[140.51918,40.43064],[140.52226,40.43043],[140.52792,40.43124],[140.52954,40.43045],[140.53063,40.42637],[140.52932,40.42338],[140.5299,40.42027],[140.52575,40.41954],[140.52437,40.41966],[140.52398,40.41679],[140.52495,40.41307],[140.52366,40.41086],[140.52396,40.41012],[140.53182,40.41126],[140.53573,40.40955],[140.53699,40.40812],[140.53798,40.40476],[140.54037,40.40281],[140.54287,40.40323],[140.5442,40.4027],[140.54738,40.40395],[140.55011,40.40205],[140.55059,40.4009],[140.55444,40.40004],[140.55687,40.39889],[140.55896,40.39704],[140.56361,40.39825],[140.56533,40.398],[140.56707,40.39867],[140.56929,40.40072],[140.56805,40.40126],[140.56578,40.40331],[140.56583,40.40658],[140.56229,40.41004],[140.56083,40.41024],[140.55924,40.41144],[140.55863,40.41331],[140.55613,40.41522],[140.55644,40.41649],[140.55496,40.41896],[140.55333,40.41989],[140.55503,40.4226],[140.55764,40.42565],[140.56044,40.42597],[140.56198,40.42704],[140.56292,40.42617],[140.56528,40.42576],[140.56835,40.42619],[140.57415,40.42623],[140.57536,40.4287],[140.57685,40.4294],[140.57885,40.42895],[140.58261,40.42994],[140.58506,40.42913],[140.58683,40.42926],[140.58896,40.43065],[140.58985,40.43442],[140.58964,40.43618],[140.59433,40.43518],[140.59894,40.43313],[140.60293,40.43083],[140.60364,40.42984],[140.60391,40.42745],[140.60621,40.42585],[140.60816,40.42557],[140.61138,40.42381],[140.61481,40.42413],[140.61777,40.42334],[140.62371,40.42457],[140.62568,40.42399],[140.62708,40.42191],[140.63006,40.42391],[140.63341,40.42559],[140.63361,40.42652],[140.63566,40.42806],[140.63625,40.42957],[140.63588,40.43189],[140.63498,40.43317],[140.63502,40.43554],[140.63278,40.4401],[140.63152,40.43963],[140.62981,40.43638],[140.62883,40.43707],[140.62934,40.43936],[140.63176,40.44158],[140.63251,40.44375],[140.63258,40.44667],[140.62852,40.44926],[140.62867,40.4502],[140.63109,40.45371],[140.63114,40.45677],[140.63231,40.45788],[140.62787,40.45913],[140.62685,40.46184],[140.62784,40.46269],[140.63009,40.46305],[140.62703,40.46483],[140.63032,40.46923],[140.63036,40.47038],[140.62796,40.47176],[140.62651,40.47035],[140.62426,40.46917],[140.61919,40.46907],[140.61811,40.468],[140.61396,40.46627],[140.61486,40.4683],[140.61369,40.46873],[140.60957,40.4675],[140.60751,40.4661],[140.60471,40.46597],[140.60286,40.46425],[140.60023,40.4644],[140.60027,40.46619],[140.59944,40.46827],[140.59755,40.46948],[140.59797,40.47028],[140.59669,40.47231],[140.5925,40.47292],[140.59021,40.47223],[140.59075,40.46997],[140.58917,40.4687],[140.59095,40.46735],[140.58925,40.46618],[140.58977,40.46384],[140.5919,40.46253],[140.58873,40.46125],[140.58865,40.46373],[140.58657,40.46703],[140.58664,40.4683],[140.57902,40.47173],[140.57426,40.47297],[140.57374,40.47375],[140.56929,40.47533],[140.5674,40.47463],[140.56322,40.47427],[140.56134,40.47337],[140.55856,40.47343],[140.55719,40.47501],[140.5538,40.47605],[140.54888,40.4716],[140.547,40.46916],[140.5484,40.46729],[140.54739,40.46625],[140.54894,40.46417],[140.54704,40.46379],[140.54838,40.46188],[140.54688,40.46072],[140.54735,40.45929],[140.54653,40.45713],[140.54688,40.45524],[140.54956,40.45338],[140.54777,40.4529],[140.54668,40.4536],[140.54361,40.45241],[140.54279,40.44991],[140.54483,40.4504],[140.54682,40.4502],[140.54798,40.4492],[140.54896,40.44681],[140.54875,40.44542],[140.5509,40.44388],[140.55007,40.44327],[140.54697,40.4431],[140.54411,40.44193],[140.54297,40.44268],[140.54379,40.4439],[140.54204,40.44597],[140.54233,40.44741],[140.54139,40.44825],[140.53829,40.44744],[140.53559,40.44812],[140.53933,40.44911],[140.54068,40.45139],[140.54026,40.45315],[140.54213,40.45421],[140.54206,40.45728],[140.54271,40.45894],[140.54068,40.46035],[140.54204,40.4613],[140.53987,40.46259],[140.54003,40.46483],[140.54084,40.46688],[140.54186,40.46774],[140.5435,40.47158],[140.54534,40.47327],[140.54538,40.47534],[140.54876,40.47802],[140.55054,40.47874],[140.55271,40.48042],[140.55341,40.48363],[140.55103,40.48481],[140.54889,40.48341],[140.54971,40.48667],[140.54659,40.48808],[140.54582,40.48964],[140.5433,40.4917],[140.5408,40.4921],[140.54011,40.49066],[140.54117,40.4883],[140.54016,40.48691],[140.53785,40.48535],[140.53382,40.48562],[140.53126,40.48899],[140.53045,40.48708],[140.53101,40.48513],[140.53239,40.48287],[140.53297,40.47966],[140.53404,40.47823],[140.53098,40.47773],[140.52848,40.47537],[140.52823,40.47383],[140.52279,40.46945],[140.52079,40.4707],[140.51955,40.4698],[140.51716,40.4705],[140.51431,40.47524],[140.51158,40.47694],[140.51958,40.47821],[140.52186,40.47792],[140.52291,40.47859],[140.52535,40.47805],[140.52944,40.47907],[140.52984,40.48284],[140.52922,40.4835],[140.52434,40.48465],[140.52272,40.48548],[140.52243,40.48739],[140.52146,40.48933],[140.51969,40.48978],[140.51889,40.49112],[140.51634,40.4881],[140.51201,40.48404],[140.50952,40.48522],[140.5107,40.48642],[140.51088,40.48795],[140.50939,40.4904],[140.51142,40.49074],[140.51419,40.49192],[140.51502,40.494],[140.5143,40.4957],[140.51762,40.49581],[140.51566,40.49879],[140.51412,40.49894],[140.51265,40.49757],[140.50891,40.49735],[140.5073,40.49783],[140.50465,40.49682],[140.49891,40.49927],[140.49902,40.5028],[140.49971,40.50549],[140.49591,40.50354],[140.49275,40.50402],[140.48886,40.50383],[140.48444,40.50794],[140.48537,40.5116],[140.48253,40.51341],[140.48195,40.5144],[140.48398,40.51684],[140.4845,40.51839],[140.48696,40.51954],[140.48947,40.51982],[140.49327,40.52162],[140.49793,40.52077],[140.49942,40.52181],[140.50691,40.52368],[140.50825,40.52376],[140.50662,40.52697],[140.50603,40.5291],[140.50411,40.5297],[140.5048,40.53041],[140.50478,40.53251],[140.50352,40.53521],[140.50149,40.53295],[140.50313,40.53024],[140.50158,40.52963],[140.50023,40.53177],[140.49974,40.53537],[140.50324,40.53551],[140.50426,40.53684],[140.50359,40.53901],[140.50051,40.5389],[140.50148,40.54082],[140.50021,40.54201],[140.50021,40.54362],[140.49859,40.54527],[140.4986,40.54873],[140.49688,40.5493],[140.49711,40.54621],[140.49619,40.54488],[140.4958,40.54188],[140.49429,40.5392],[140.49136,40.54096],[140.49149,40.54232],[140.48992,40.54311],[140.48616,40.54226],[140.48639,40.54439],[140.48778,40.54597],[140.48656,40.54959],[140.48518,40.5499],[140.48387,40.54848],[140.48156,40.54784],[140.48022,40.54869],[140.47916,40.54741],[140.48065,40.54452],[140.48074,40.5425],[140.47918,40.54269],[140.47944,40.54015],[140.47851,40.53767],[140.47698,40.53585],[140.47589,40.53307],[140.47675,40.53103],[140.48047,40.52756],[140.48233,40.52349],[140.48121,40.52264],[140.47683,40.52277],[140.47568,40.5254],[140.47383,40.5274],[140.4708,40.5241],[140.46799,40.52418],[140.46873,40.5262],[140.46775,40.52853],[140.4686,40.53077],[140.46771,40.53255],[140.46613,40.53326],[140.46462,40.53243],[140.46654,40.531],[140.46652,40.52973],[140.46421,40.52867],[140.46379,40.52715],[140.46085,40.52552],[140.45788,40.52297],[140.45552,40.52316],[140.45534,40.52594],[140.45314,40.52806],[140.44996,40.52763],[140.44857,40.52913],[140.44666,40.52986],[140.44518,40.52746],[140.44349,40.5259],[140.44268,40.52439],[140.43994,40.52103],[140.43787,40.51997],[140.4367,40.52146],[140.43351,40.52044],[140.43053,40.52176],[140.43517,40.52451],[140.43785,40.52453],[140.43365,40.52794],[140.43577,40.52987],[140.43956,40.53201],[140.4415,40.53203],[140.44428,40.53139],[140.44328,40.53327],[140.44134,40.53347],[140.43835,40.53478],[140.44036,40.53574],[140.44184,40.53884],[140.44127,40.54006],[140.44287,40.54146],[140.44518,40.54075],[140.44631,40.54216],[140.44492,40.54355],[140.44377,40.54563],[140.44178,40.54719],[140.43926,40.54741],[140.43593,40.54332],[140.43582,40.54078],[140.43373,40.53766],[140.43401,40.53725],[140.42936,40.53188],[140.42627,40.52881],[140.42359,40.52691],[140.42096,40.52729],[140.42074,40.53014],[140.42209,40.5316],[140.42224,40.53367],[140.41972,40.53576],[140.41665,40.53511],[140.41565,40.53539],[140.41374,40.53732],[140.4117,40.53811],[140.40974,40.53792],[140.40936,40.53579],[140.40775,40.53334],[140.40795,40.52932],[140.4054,40.53052],[140.40372,40.53203],[140.40721,40.53821],[140.40755,40.54116],[140.40622,40.54183],[140.40391,40.54452],[140.40155,40.54505],[140.3977,40.54291],[140.39532,40.54124],[140.39541,40.54032],[140.39052,40.53724],[140.38852,40.53362],[140.39065,40.53179],[140.39092,40.52952],[140.38757,40.52857],[140.38522,40.53041],[140.38092,40.52958],[140.37937,40.52839],[140.37634,40.52951],[140.3763,40.52787],[140.37836,40.5282],[140.37751,40.52573],[140.37553,40.52523],[140.3763,40.52355],[140.37414,40.5236],[140.37207,40.52491],[140.37325,40.52659],[140.3731,40.52919],[140.37085,40.52967],[140.36825,40.52835],[140.36757,40.52674],[140.36649,40.52648],[140.36301,40.52733],[140.36124,40.52827],[140.3626,40.52976],[140.36656,40.52856],[140.3685,40.52923],[140.36902,40.53117],[140.3656,40.53011],[140.36298,40.53012],[140.36511,40.53205],[140.36458,40.53456],[140.36597,40.53757],[140.36339,40.53792],[140.36281,40.53621],[140.36367,40.53455],[140.36111,40.53509],[140.36009,40.53457],[140.3611,40.53255],[140.36054,40.53039],[140.35817,40.5285],[140.35605,40.52598],[140.35447,40.52582],[140.35085,40.52714],[140.34921,40.52846],[140.34864,40.53037],[140.34522,40.5333],[140.34363,40.5389],[140.34194,40.54125],[140.3433,40.54303],[140.34305,40.54609],[140.34368,40.54844],[140.34328,40.5505],[140.34436,40.55216],[140.34239,40.55337],[140.34262,40.55702],[140.3416,40.55719],[140.34048,40.55944],[140.33612,40.55611],[140.334,40.55653],[140.33271,40.5561],[140.33209,40.55784],[140.33376,40.56072],[140.33813,40.56419],[140.34077,40.56427],[140.34258,40.565],[140.33886,40.56675],[140.33657,40.56681],[140.3342,40.5639],[140.33177,40.56213],[140.33145,40.56046],[140.32897,40.56001],[140.32755,40.56054],[140.32429,40.55942],[140.31987,40.5586],[140.31799,40.55748],[140.31724,40.55579],[140.31868,40.55502],[140.31874,40.55274],[140.31763,40.55209],[140.31855,40.54789],[140.32003,40.54627],[140.31994,40.54479],[140.32226,40.54411],[140.32294,40.54226],[140.32223,40.54035],[140.3241,40.53894],[140.32464,40.53699],[140.32278,40.53666],[140.32204,40.5352],[140.32008,40.53524],[140.31871,40.53688],[140.31803,40.5389],[140.31677,40.5402],[140.31759,40.5426],[140.31614,40.54311],[140.3138,40.53956],[140.3142,40.54295],[140.31579,40.54422],[140.31388,40.5458],[140.31515,40.54774],[140.31222,40.54779],[140.30946,40.54722],[140.30522,40.54882],[140.30148,40.54814],[140.29889,40.54813],[140.29734,40.54882],[140.29638,40.5477],[140.29604,40.5449],[140.29726,40.54374],[140.30156,40.54224],[140.30233,40.53905],[140.29838,40.53807],[140.29539,40.53844],[140.29505,40.53736],[140.29551,40.53404],[140.28998,40.53232],[140.28819,40.53364],[140.28921,40.53494],[140.28857,40.53725],[140.28717,40.53795],[140.28653,40.53927],[140.28426,40.54025],[140.28373,40.54249],[140.28257,40.54354],[140.27916,40.54351],[140.28047,40.54527],[140.27975,40.54683],[140.27829,40.54813],[140.2757,40.54639],[140.27482,40.54491],[140.27588,40.54308],[140.2752,40.54229],[140.27454,40.53846],[140.27728,40.53846],[140.27888,40.53631],[140.27691,40.53395],[140.27566,40.53339],[140.27499,40.53098],[140.27361,40.53126],[140.27232,40.5332],[140.27123,40.53332],[140.27,40.53132],[140.26839,40.53003],[140.26822,40.52892],[140.2663,40.5286],[140.26498,40.52646],[140.26491,40.5242],[140.26149,40.52484],[140.26005,40.52609],[140.25672,40.52443],[140.25394,40.52597],[140.25053,40.52523],[140.25135,40.52321],[140.25039,40.52172],[140.24903,40.52295],[140.24667,40.52413],[140.2462,40.52791],[140.24316,40.52958],[140.23996,40.52908],[140.23949,40.52752],[140.2358,40.52497],[140.23424,40.52531],[140.23204,40.52176],[140.22965,40.52059],[140.23043,40.51883],[140.2285,40.51792],[140.22533,40.52088],[140.22361,40.52182],[140.22189,40.52073],[140.22236,40.51921],[140.22184,40.51614],[140.2195,40.51081],[140.21767,40.50994],[140.21653,40.51037],[140.21694,40.51294],[140.215,40.51476],[140.21412,40.51292],[140.21292,40.51196],[140.2121,40.50899],[140.20673,40.50883],[140.20313,40.50614],[140.20184,40.50457],[140.20362,40.50197],[140.2036,40.50051],[140.20035,40.49738],[140.19822,40.49968],[140.19841,40.50228],[140.19978,40.50628],[140.20272,40.50857],[140.20172,40.51022],[140.20247,40.51292],[140.20094,40.51381],[140.20082,40.51703],[140.19923,40.51997],[140.20389,40.52192],[140.20669,40.5221],[140.20697,40.52401],[140.20873,40.52491],[140.20855,40.52697],[140.21089,40.52943],[140.21246,40.52953],[140.21378,40.53607],[140.21131,40.53982],[140.21123,40.54225],[140.213,40.54419],[140.21655,40.54204],[140.21863,40.54211],[140.21971,40.54114],[140.21921,40.53854],[140.22136,40.53843],[140.22279,40.53898],[140.22574,40.53888],[140.22601,40.54062],[140.22808,40.54256],[140.23318,40.5421],[140.23902,40.54048],[140.24062,40.53941],[140.24414,40.54023],[140.24421,40.54119],[140.24678,40.54168],[140.25001,40.54371],[140.25154,40.54569],[140.25266,40.54584],[140.25289,40.54751],[140.2558,40.54657],[140.2568,40.54764],[140.26013,40.54751],[140.26018,40.54624],[140.26133,40.54501],[140.26391,40.54593],[140.26352,40.54764],[140.26489,40.5479],[140.26843,40.5523],[140.27017,40.55209],[140.27113,40.55517],[140.27542,40.55523],[140.27652,40.55605],[140.27533,40.55744],[140.27878,40.56041],[140.27605,40.56027],[140.27447,40.55966],[140.27357,40.55821],[140.27037,40.55659],[140.26868,40.55434],[140.26711,40.5548],[140.26602,40.55671],[140.26419,40.55868],[140.26815,40.55926],[140.26935,40.5606],[140.27567,40.56158],[140.27632,40.56428],[140.28108,40.56409],[140.2824,40.5647],[140.28228,40.56614],[140.28096,40.56791],[140.27868,40.56883],[140.27833,40.57034],[140.27348,40.57126],[140.26879,40.57112],[140.26648,40.57065],[140.2623,40.5717],[140.26106,40.57262],[140.25791,40.57149],[140.25389,40.56924],[140.25242,40.57155],[140.24914,40.57006],[140.24668,40.56749],[140.24299,40.56603],[140.24028,40.56638],[140.2351,40.56439],[140.23689,40.56659],[140.23935,40.56698],[140.24009,40.56782],[140.2425,40.56728],[140.24492,40.56811],[140.24717,40.57032],[140.24667,40.57328],[140.24883,40.57294],[140.24979,40.57541],[140.24962,40.57738],[140.25201,40.57801],[140.25618,40.58032],[140.25609,40.58217],[140.25398,40.58497],[140.25388,40.58615],[140.25526,40.58736],[140.25869,40.58699],[140.26079,40.58763],[140.26214,40.58513],[140.26753,40.58516],[140.26939,40.58658],[140.27261,40.58672],[140.27386,40.5878],[140.2737,40.59033],[140.27135,40.59131],[140.27232,40.59346],[140.27147,40.59453],[140.2723,40.5958],[140.27471,40.59728],[140.27363,40.59897],[140.27571,40.60035],[140.27778,40.59919],[140.27884,40.59732],[140.28102,40.59837],[140.27801,40.6022],[140.27669,40.6023],[140.27403,40.6052],[140.26965,40.60424],[140.26594,40.60446],[140.26462,40.60329],[140.26239,40.60332],[140.2604,40.60217],[140.25737,40.60315],[140.25595,40.60213],[140.25434,40.60337],[140.25465,40.60464],[140.25177,40.60766],[140.24957,40.60779],[140.24844,40.60642],[140.24865,40.60442],[140.24743,40.60288],[140.24464,40.60278],[140.24292,40.60353],[140.24097,40.60333],[140.23786,40.60437],[140.23633,40.60311],[140.23584,40.60063],[140.23662,40.59746],[140.23406,40.59494],[140.23155,40.59083],[140.2305,40.59036],[140.22749,40.59057],[140.22594,40.59239],[140.22231,40.60017],[140.22328,40.60143],[140.22285,40.60248],[140.22449,40.60562],[140.22237,40.60661],[140.21847,40.60528],[140.21674,40.60545],[140.21523,40.60418],[140.21122,40.60536],[140.20883,40.60456],[140.20654,40.60242],[140.20759,40.60159],[140.19988,40.59831],[140.19991,40.59668],[140.19882,40.59537],[140.19722,40.59649],[140.19571,40.59615],[140.19565,40.59452],[140.19441,40.59415],[140.19117,40.59493],[140.19151,40.59782],[140.19288,40.60154],[140.1895,40.60601],[140.18768,40.60615],[140.18446,40.60777],[140.18062,40.60643],[140.17965,40.60764],[140.17865,40.61165],[140.17877,40.6136],[140.18074,40.61542],[140.17744,40.6162],[140.17671,40.61822],[140.17653,40.62109],[140.18043,40.62165],[140.18651,40.62382],[140.18905,40.62338],[140.19217,40.62394],[140.19401,40.62533],[140.19468,40.62747],[140.19691,40.62809],[140.2005,40.63021],[140.20105,40.63339],[140.19613,40.63353],[140.19465,40.63313],[140.19341,40.63393],[140.19274,40.63646],[140.19766,40.63705],[140.19961,40.6378],[140.19838,40.63922],[140.20269,40.63927],[140.20387,40.63828],[140.20596,40.63811],[140.20608,40.63644],[140.20856,40.637],[140.21163,40.63942],[140.2131,40.63988],[140.21285,40.64123],[140.21696,40.64169],[140.22087,40.64167],[140.21546,40.64378],[140.21175,40.64659],[140.21323,40.64808],[140.21316,40.64952],[140.20853,40.65179],[140.20653,40.65228],[140.19943,40.65155],[140.19586,40.64963],[140.18987,40.649],[140.18896,40.64868],[140.18626,40.65075],[140.18755,40.65204],[140.1872,40.65431],[140.18737,40.65679],[140.18898,40.65808],[140.19161,40.65913],[140.193,40.66174],[140.19233,40.66361],[140.19411,40.66595],[140.19599,40.66663],[140.19886,40.67064],[140.20139,40.67168],[140.19979,40.6736],[140.19698,40.67414],[140.19648,40.67643],[140.19378,40.67595],[140.19247,40.67738],[140.19009,40.6784],[140.18809,40.67764],[140.18813,40.67604],[140.1894,40.67449],[140.18933,40.67267],[140.18763,40.6703],[140.18796,40.66934],[140.19012,40.6682],[140.18876,40.66614],[140.18666,40.66647],[140.18685,40.6648],[140.18575,40.66384],[140.18436,40.66437],[140.18353,40.66606],[140.18194,40.66655],[140.1797,40.66559],[140.17974,40.66764],[140.1819,40.66903],[140.18142,40.67054],[140.18239,40.67272],[140.18229,40.67387],[140.18327,40.67638],[140.18188,40.67906],[140.18269,40.68082],[140.18159,40.68364],[140.17832,40.68564],[140.17768,40.6836],[140.17801,40.68143],[140.17634,40.68066],[140.17462,40.68285],[140.17141,40.68314],[140.1685,40.68274],[140.17056,40.68658],[140.16617,40.68636],[140.1662,40.68896],[140.16539,40.69036],[140.16346,40.69138],[140.16261,40.68932],[140.16349,40.68879],[140.16278,40.68666],[140.16125,40.68594],[140.15648,40.68683],[140.15398,40.68631],[140.15192,40.6831],[140.15006,40.68181],[140.15067,40.67678],[140.15029,40.67541],[140.14822,40.67253],[140.14824,40.67066],[140.14934,40.66929],[140.15116,40.66848],[140.1524,40.66896],[140.15361,40.66774],[140.15382,40.66563],[140.15236,40.66246],[140.15222,40.65795],[140.14875,40.65731],[140.14983,40.65921],[140.14912,40.66104],[140.14982,40.66258],[140.14977,40.66629],[140.14847,40.66781],[140.14668,40.66724],[140.14466,40.66836],[140.14356,40.67139],[140.13897,40.67109],[140.13664,40.66945],[140.13355,40.67031],[140.13257,40.66974],[140.12882,40.66887],[140.12682,40.66757],[140.12373,40.6664],[140.12093,40.668],[140.11534,40.67],[140.11487,40.6724],[140.11818,40.67533],[140.12023,40.67605],[140.12283,40.67831],[140.1269,40.67969],[140.13097,40.67688],[140.13104,40.67527],[140.13436,40.67407],[140.13526,40.67542],[140.13717,40.67574],[140.13798,40.67687],[140.13993,40.6775],[140.13877,40.67866],[140.13599,40.68002],[140.13553,40.68094],[140.1358,40.68458],[140.13793,40.68513],[140.13755,40.6866],[140.13881,40.68965],[140.14025,40.69128],[140.1434,40.69102],[140.14644,40.69167],[140.15024,40.69103],[140.15213,40.69119],[140.15592,40.69383],[140.15299,40.69429],[140.15099,40.69735],[140.15108,40.69898],[140.15421,40.69917],[140.15488,40.70003],[140.1535,40.70109],[140.14966,40.70137],[140.14702,40.70251],[140.14456,40.70437],[140.14542,40.70963],[140.14429,40.7111],[140.14484,40.71371],[140.14605,40.7141],[140.14746,40.71311],[140.14942,40.71366],[140.14795,40.71655],[140.14741,40.71978],[140.14557,40.7224],[140.14174,40.72181],[140.14209,40.72295],[140.1398,40.72526],[140.13745,40.72528],[140.13593,40.72616],[140.13607,40.7274],[140.13754,40.72832],[140.13281,40.72875],[140.13015,40.727],[140.12973,40.72477],[140.12734,40.72263],[140.12901,40.72076],[140.12908,40.71672],[140.12966,40.71513],[140.12916,40.71279],[140.13086,40.71065],[140.13373,40.70909],[140.13499,40.7072],[140.13864,40.70508],[140.13997,40.70535],[140.14135,40.70417],[140.13635,40.7025],[140.13329,40.69914],[140.13216,40.69693],[140.13358,40.69582],[140.12993,40.69488],[140.13118,40.69147],[140.12836,40.68877],[140.12686,40.68678],[140.12544,40.68816],[140.12153,40.68788],[140.11783,40.68915],[140.11543,40.69233],[140.11508,40.69445],[140.11316,40.69757],[140.11278,40.70175],[140.11057,40.69971],[140.10944,40.69729],[140.10906,40.69432],[140.10742,40.6929],[140.10493,40.69249],[140.10079,40.68902],[140.09974,40.69011],[140.09964,40.69195],[140.10078,40.69299],[140.10217,40.69278],[140.10344,40.69157],[140.10581,40.69486],[140.10695,40.69579],[140.1079,40.69856],[140.10552,40.69891],[140.10411,40.6998],[140.10239,40.69908],[140.10083,40.70206],[140.1005,40.70363],[140.09819,40.70445],[140.09729,40.70563],[140.09991,40.7088],[140.10315,40.70807],[140.10556,40.70882],[140.10873,40.70767],[140.10875,40.70944],[140.1024,40.71048],[140.10061,40.71166],[140.10265,40.71478],[140.10459,40.71563],[140.10454,40.71667],[140.10285,40.71715],[140.09981,40.71547],[140.09617,40.71713],[140.09446,40.71685],[140.0945,40.7142],[140.09276,40.71103],[140.09192,40.71034],[140.09053,40.70716],[140.09067,40.70422],[140.08879,40.70277],[140.08827,40.7016],[140.08914,40.69792],[140.08698,40.69618],[140.08562,40.69575],[140.08273,40.69591],[140.08183,40.69825],[140.08295,40.70059],[140.08472,40.70276],[140.08408,40.70472],[140.08568,40.70687],[140.08301,40.70699],[140.08096,40.70568],[140.07939,40.70753],[140.07857,40.71114],[140.07596,40.71209],[140.07108,40.71166],[140.06889,40.71006],[140.06631,40.71004],[140.06283,40.70922],[140.0608,40.70997],[140.06301,40.71183],[140.06522,40.7194],[140.06851,40.72362],[140.06953,40.72663],[140.07119,40.72823],[140.07036,40.72955],[140.07069,40.73104],[140.07445,40.73372],[140.08182,40.73656],[140.08224,40.7384],[140.08459,40.74026],[140.08281,40.74104],[140.08082,40.74107],[140.07641,40.73923],[140.07333,40.73733],[140.07245,40.73565],[140.06998,40.73608],[140.06849,40.73756],[140.06737,40.73697],[140.06822,40.73539],[140.06737,40.73391],[140.06849,40.73205],[140.06651,40.73212],[140.06551,40.73093],[140.06407,40.73223],[140.06078,40.73256],[140.06041,40.73023],[140.06194,40.72929],[140.06144,40.72753],[140.05953,40.72851],[140.05858,40.72595],[140.05624,40.72893],[140.05713,40.73027],[140.05473,40.73254],[140.05379,40.73418],[140.05462,40.73593],[140.05624,40.7347],[140.05834,40.73506],[140.05606,40.73809],[140.05191,40.73781],[140.05065,40.73904],[140.04821,40.74028],[140.04738,40.74161],[140.04296,40.74172],[140.04225,40.74107],[140.04461,40.73976],[140.04475,40.73832],[140.04281,40.73774],[140.04132,40.73955],[140.03929,40.73972],[140.0374,40.7421],[140.03416,40.74417],[140.03331,40.74263],[140.03381,40.74118],[140.03792,40.74052],[140.03918,40.73875],[140.03834,40.73827],[140.03216,40.7403],[140.032,40.73952],[140.03485,40.73834],[140.03593,40.73704],[140.03928,40.73691],[140.0404,40.73749],[140.04299,40.73739],[140.04444,40.73537],[140.04575,40.7345],[140.04552,40.73267],[140.04613,40.72999],[140.04416,40.72865],[140.04238,40.73074],[140.04295,40.73169],[140.04011,40.73188],[140.03826,40.73145],[140.03716,40.73206],[140.03616,40.73495],[140.03473,40.73443],[140.03377,40.73631],[140.03456,40.7371],[140.03326,40.73849],[140.03092,40.7395],[140.02965,40.73842],[140.02993,40.73709],[140.03138,40.73551],[140.02817,40.73583],[140.02582,40.73776],[140.02449,40.73776],[140.0237,40.73587],[140.02513,40.73578],[140.02654,40.73379],[140.02951,40.73371],[140.03101,40.73424],[140.03428,40.73299],[140.03612,40.72964],[140.03648,40.72686],[140.0383,40.72508],[140.03877,40.7213],[140.03731,40.71916],[140.03844,40.71803],[140.03662,40.71651],[140.03435,40.71846],[140.02896,40.71856],[140.02641,40.71963],[140.02346,40.72232],[140.02116,40.72266],[140.01594,40.7202],[140.01307,40.72202],[140.01701,40.7239],[140.01604,40.7254],[140.01708,40.72798],[140.01477,40.7276],[140.0087,40.72894],[140.00693,40.72808],[140.00769,40.72643],[140.00937,40.72534],[140.00857,40.72408],[140.00279,40.72555],[140.00257,40.7249],[140.00487,40.72321],[140.0106,40.72175],[140.01262,40.72055],[140.01447,40.72074],[140.01519,40.7196],[140.01491,40.71775],[140.01713,40.71605],[140.01511,40.71389],[140.01253,40.71488],[140.00894,40.71484],[140.00591,40.71722],[140.00515,40.72083],[140.00157,40.72364],[140.00083,40.72126],[139.9995,40.72055],[139.99914,40.7161],[139.99523,40.71486],[139.99702,40.71425],[139.99826,40.71476],[140.00193,40.71495],[140.00713,40.71303],[140.0089,40.71161],[140.01167,40.71084],[140.01092,40.70861],[140.01221,40.70648],[140.01164,40.70543],[140.01552,40.70304],[140.01695,40.70117],[140.01722,40.69974],[140.02029,40.69645],[140.01915,40.69528],[140.01914,40.69355],[140.01447,40.69472],[140.01315,40.69566],[140.00982,40.69653],[140.00754,40.69794],[140.00794,40.69961],[140.00629,40.7002],[140.00455,40.702],[140.00293,40.70103],[140.00305,40.69874],[140.00055,40.70047],[139.99985,40.70261],[139.99756,40.7017],[139.99871,40.70027],[139.99745,40.69875],[139.9971,40.69711],[139.99886,40.69493],[140.00083,40.69351],[139.99647,40.6908],[139.9967,40.68989],[139.99856,40.68873],[140.00028,40.68916],[140.00264,40.68704],[140.00549,40.6869],[140.00619,40.68593],[140.00234,40.68516],[140.00216,40.68376],[140.00534,40.6814],[140.00839,40.68466],[140.00824,40.68718],[140.01018,40.6877],[140.01199,40.68508],[140.01095,40.68457],[140.0101,40.68174],[140.00896,40.68037],[140.00745,40.68079],[140.00275,40.68082],[140.00147,40.67901],[140.00272,40.67696],[140.00291,40.67511],[140.00077,40.67489],[140.0004,40.67344],[140.00358,40.67426],[140.00578,40.67293],[140.00769,40.6725],[140.00916,40.67038],[140.01133,40.66933],[140.01408,40.66874],[140.01821,40.66851],[140.01914,40.66807],[140.02007,40.66542],[140.02118,40.66418],[140.02373,40.66346],[140.0261,40.66184],[140.02086,40.65988],[140.01597,40.65637],[140.0174,40.6548],[140.01467,40.65419],[140.01369,40.65191],[140.01161,40.6522],[140.01068,40.65101],[140.01053,40.64932],[140.00771,40.64991],[140.00714,40.64837],[140.00537,40.64868],[140.00527,40.65102],[140.00431,40.65242],[140.00151,40.65271],[139.99646,40.65446],[139.99546,40.657],[139.99796,40.6595],[140.00135,40.66057],[140.0035,40.66337],[140.00251,40.66547],[139.99988,40.66441],[139.99744,40.66547],[139.99721,40.66807],[139.99922,40.669],[139.99908,40.66996],[139.99384,40.67188],[139.99314,40.67369],[139.99041,40.67507],[139.98874,40.67459],[139.98868,40.67309],[139.98764,40.67243],[139.98785,40.6704],[139.98652,40.67038],[139.9853,40.67162],[139.98316,40.67167],[139.98285,40.67046],[139.98067,40.66948],[139.97575,40.67015],[139.97381,40.67143],[139.97325,40.66761],[139.97148,40.66483],[139.97321,40.66342],[139.97505,40.66112],[139.97219,40.65926],[139.97297,40.65836],[139.97207,40.65697],[139.96713,40.65791],[139.9656,40.657],[139.97034,40.65535],[139.9685,40.65436],[139.97004,40.65326],[139.97525,40.65094],[139.97651,40.6499],[139.97819,40.65002],[139.9806,40.64902],[139.98505,40.64658],[139.98416,40.64588],[139.9829,40.64308],[139.98066,40.64237],[139.97859,40.63938],[139.98064,40.63729],[139.98096,40.6357],[139.98458,40.63517],[139.98521,40.63432],[139.98716,40.63527],[139.9895,40.63487],[139.99104,40.63571],[139.99159,40.63725],[139.99352,40.6381],[139.99732,40.6388],[139.99953,40.63847],[140.00034,40.63921],[140.00377,40.64015],[140.00569,40.64129],[140.00799,40.63948],[140.00961,40.6394],[140.01004,40.63565],[140.00816,40.63609],[140.0068,40.63557],[140.00617,40.63381],[140.00764,40.63284],[140.00728,40.63192],[140.00293,40.6299],[140.00295,40.62707],[140.00453,40.62737],[140.0066,40.62633],[140.00779,40.62745],[140.0133,40.62633],[140.01685,40.62494],[140.01991,40.62499],[140.01878,40.62374],[140.02178,40.62103],[140.01718,40.62106],[140.01432,40.62017],[140.01396,40.61747],[140.01254,40.61591],[140.01476,40.61514],[140.01619,40.61612],[140.02008,40.6131],[140.02047,40.61091],[140.02226,40.60785],[140.01954,40.60838],[140.01667,40.60712],[140.015,40.60731],[140.01092,40.60884],[140.00975,40.60789],[140.01107,40.60593],[140.01004,40.60364],[140.0099,40.60202],[140.00732,40.60215],[140.00871,40.6006],[140.01001,40.59813],[140.00966,40.59589],[140.01369,40.59503],[140.0178,40.59288],[140.0145,40.59226],[140.01195,40.59068],[140.00904,40.59077],[140.00915,40.59208],[140.00801,40.59289],[140.00245,40.58877],[139.99696,40.58834],[139.99491,40.58953],[139.99741,40.5938],[139.99884,40.59485],[139.99748,40.59659]],[[139.99748,40.59659],[139.99524,40.59742],[139.99701,40.59876],[139.99748,40.59659]],[[140.09478,40.67564],[140.09499,40.67409],[140.09312,40.67424],[140.09277,40.67529],[140.09478,40.67564]],[[139.97787,40.56654],[139.98075,40.5665],[139.98071,40.56523],[139.97874,40.5654],[139.97787,40.56654]],[[140.02132,40.61171],[140.02197,40.61287],[140.02434,40.61278],[140.02499,40.61151],[140.02132,40.61171]],[[140.18147,40.67908],[140.18177,40.67772],[140.18028,40.67673],[140.17932,40.67851],[140.18147,40.67908]],[[140.36891,40.52526],[140.37025,40.52484],[140.36969,40.52252],[140.36816,40.52259],[140.36805,40.52422],[140.36891,40.52526]],[[140.20479,40.53455],[140.20658,40.53436],[140.20726,40.53332],[140.20456,40.53266],[140.20327,40.53422],[140.20479,40.53455]],[[139.97089,40.56686],[139.97278,40.56712],[139.97349,40.56577],[139.97266,40.56498],[139.97078,40.565],[139.97089,40.56686]],[[140.18694,40.60006],[140.18823,40.60013],[140.18915,40.59746],[140.18718,40.59757],[140.18635,40.59866],[140.18694,40.60006]],[[139.9669,40.47513],[139.96895,40.47382],[139.9675,40.47263],[139.9658,40.47465],[139.9669,40.47513]],[[140.20799,40.64947],[140.20917,40.64694],[140.20771,40.64678],[140.20629,40.64809],[140.20799,40.64947]],[[140.13721,40.66857],[140.13845,40.6677],[140.13829,40.66614],[140.13677,40.66626],[140.13611,40.66757],[140.13721,40.66857]],[[140.18708,40.60198],[140.18986,40.60148],[140.1901,40.60052],[140.18733,40.60068],[140.18708,40.60198]],[[140.02083,40.65287],[140.01962,40.6524],[140.01655,40.65288],[140.01583,40.65399],[140.02056,40.65343],[140.02083,40.65287]],[[139.9676,40.49484],[139.96734,40.49391],[139.96341,40.49383],[139.96396,40.49555],[139.96688,40.49541],[139.9676,40.49484]],[[140.0036,40.68043],[140.00743,40.67968],[140.00696,40.67853],[140.0035,40.67922],[140.0036,40.68043]],[[139.96993,40.47295],[139.97271,40.47241],[139.97321,40.47068],[139.97064,40.47151],[139.96993,40.47295]],[[139.95978,40.62953],[139.96045,40.63058],[139.96288,40.63102],[139.9625,40.62948],[139.95978,40.62953]],[[140.19903,40.51751],[140.19785,40.51598],[140.19631,40.51703],[140.19767,40.5186],[140.19903,40.51751]],[[140.37316,40.52298],[140.37545,40.5229],[140.37656,40.52165],[140.37555,40.52091],[140.3717,40.52203],[140.37316,40.52298]],[[140.15454,40.56262],[140.1577,40.56227],[140.15726,40.56005],[140.1539,40.56157],[140.15454,40.56262]],[[139.96745,40.60764],[139.97002,40.60719],[139.96992,40.60452],[139.96871,40.60424],[139.96745,40.60764]],[[140.29166,40.53269],[140.29282,40.53199],[140.29281,40.52897],[140.29084,40.52952],[140.29054,40.53147],[140.29166,40.53269]],[[140.11158,40.68249],[140.10996,40.68122],[140.10817,40.68071],[140.10781,40.68198],[140.11086,40.684],[140.11158,40.68249]],[[140.51984,40.48283],[140.52376,40.48239],[140.52322,40.48076],[140.52028,40.48178],[140.51984,40.48283]],[[139.96939,40.56637],[139.97001,40.56437],[139.9687,40.56339],[139.96601,40.56376],[139.96939,40.56637]],[[140.49491,40.45285],[140.49311,40.4522],[140.49224,40.45075],[140.48985,40.45174],[140.49136,40.45322],[140.49491,40.45285]],[[140.31539,40.52781],[140.31705,40.52827],[140.31799,40.52948],[140.31963,40.52956],[140.31919,40.52729],[140.31539,40.52781]],[[139.96421,40.63553],[139.96486,40.63422],[139.96453,40.63245],[139.96232,40.63302],[139.96037,40.63482],[139.96421,40.63553]],[[140.17771,40.58601],[140.17749,40.58501],[140.17387,40.58577],[140.17384,40.58785],[140.17671,40.58803],[140.17648,40.58636],[140.17771,40.58601]],[[140.01021,40.63957],[140.01531,40.63863],[140.01455,40.63772],[140.01071,40.63754],[140.01021,40.63957]],[[140.18708,40.60581],[140.18915,40.6057],[140.19134,40.60275],[140.18721,40.60253],[140.18708,40.60581]],[[139.98269,40.59244],[139.98071,40.59027],[139.9782,40.59236],[139.97937,40.59367],[139.98133,40.59424],[139.98269,40.59244]],[[139.96793,40.59041],[139.96938,40.59115],[139.97069,40.58968],[139.96994,40.58884],[139.96648,40.58876],[139.96793,40.59041]],[[140.1571,40.68194],[140.15556,40.68332],[140.1538,40.68334],[140.15463,40.68527],[140.15772,40.68291],[140.1571,40.68194]],[[140.09132,40.66697],[140.09288,40.6649],[140.09017,40.665],[140.09132,40.66697]],[[140.24653,40.51343],[140.24792,40.51162],[140.24596,40.51055],[140.24458,40.51081],[140.24398,40.5147],[140.24653,40.51343]],[[139.98187,40.65526],[139.98182,40.65602],[139.98388,40.65807],[139.98616,40.65695],[139.98867,40.65494],[139.98187,40.65526]],[[140.22245,40.51085],[140.22564,40.51095],[140.22741,40.51054],[140.22751,40.50855],[140.22566,40.50806],[140.22086,40.50989],[140.22245,40.51085]],[[140.37627,40.51766],[140.37696,40.51987],[140.37868,40.52231],[140.37926,40.5204],[140.37841,40.5171],[140.37627,40.51766]],[[140.27033,40.56734],[140.27063,40.56864],[140.27336,40.56999],[140.27368,40.56869],[140.27533,40.5678],[140.27492,40.56588],[140.27231,40.56633],[140.27033,40.56734]],[[140.19877,40.49291],[140.19898,40.49156],[140.19788,40.48985],[140.19755,40.4875],[140.19535,40.48719],[140.19587,40.49037],[140.19724,40.49061],[140.1975,40.4921],[140.19877,40.49291]],[[140.25129,40.51268],[140.25199,40.51127],[140.25364,40.51135],[140.25419,40.5099],[140.25399,40.50799],[140.25235,40.50641],[140.25079,40.50778],[140.25236,40.50855],[140.25014,40.50957],[140.25129,40.51268]],[[140.17962,40.58022],[140.18069,40.58003],[140.18179,40.57809],[140.1797,40.57556],[140.17683,40.57727],[140.17683,40.58018],[140.17962,40.58022]],[[139.97704,40.59145],[139.97773,40.59231],[139.98059,40.58987],[139.97904,40.58913],[139.97671,40.5891],[139.97546,40.58826],[139.97428,40.5898],[139.97628,40.59034],[139.97704,40.59145]],[[139.99418,40.65725],[139.99145,40.65488],[139.98995,40.65542],[139.98927,40.65678],[139.99352,40.65844],[139.99418,40.65725]],[[139.98369,40.65817],[139.97844,40.66045],[139.97868,40.66267],[139.98298,40.66203],[139.98483,40.65929],[139.98369,40.65817]],[[139.97965,40.58601],[139.97965,40.58474],[139.97742,40.58479],[139.9744,40.58446],[139.97223,40.58497],[139.97261,40.58634],[139.97508,40.58745],[139.97543,40.58601],[139.97965,40.58601]],[[139.98305,40.58601],[139.98397,40.5848],[139.98312,40.58412],[139.98291,40.58325],[139.98208,40.58259],[139.98193,40.58194],[139.98119,40.58526],[139.98305,40.58601]],[[140.54363,40.47291],[140.54114,40.47145],[140.53854,40.47178],[140.53437,40.47134],[140.5344,40.47343],[140.53594,40.47458],[140.5373,40.47456],[140.54363,40.47291]],[[139.97588,40.5935],[139.97553,40.59542],[139.97659,40.59636],[139.97907,40.59394],[139.97844,40.59291],[139.97579,40.59153],[139.97376,40.59246],[139.97232,40.59381],[139.97236,40.595],[139.97443,40.59491],[139.97407,40.59344],[139.97588,40.5935]],[[140.14602,40.6449],[140.14618,40.64344],[140.14781,40.64246],[140.14811,40.64062],[140.14627,40.64004],[140.14524,40.64384],[140.14602,40.6449]],[[140.31485,40.53838],[140.31739,40.53615],[140.31777,40.53476],[140.31489,40.53259],[140.31513,40.53156],[140.31408,40.52888],[140.31257,40.52833],[140.31146,40.53037],[140.31387,40.53458],[140.31565,40.53436],[140.31668,40.53548],[140.31427,40.53768],[140.31485,40.53838]],[[140.26706,40.59513],[140.26519,40.59488],[140.26438,40.59367],[140.26199,40.59473],[140.26072,40.59632],[140.25907,40.59599],[140.25651,40.59754],[140.25473,40.5974],[140.25511,40.59994],[140.26191,40.59968],[140.26289,40.59658],[140.26634,40.5962],[140.26706,40.59513]],[[140.55923,40.45676],[140.56152,40.45709],[140.56255,40.4589],[140.56421,40.45641],[140.56759,40.45461],[140.57001,40.45453],[140.57093,40.45366],[140.56449,40.45207],[140.56272,40.45242],[140.56211,40.45348],[140.55899,40.45519],[140.55923,40.45676]],[[140.03578,40.65567],[140.03775,40.65442],[140.03995,40.655],[140.04415,40.65351],[140.04668,40.65483],[140.05107,40.6555],[140.05261,40.65317],[140.05229,40.651],[140.04995,40.65131],[140.04551,40.65088],[140.044,40.64962],[140.04232,40.64981],[140.04162,40.65328],[140.0382,40.65285],[140.03508,40.65171],[140.03465,40.65469],[140.03578,40.65567]],[[140.11044,40.53546],[140.10805,40.53454],[140.10772,40.53318],[140.10618,40.53285],[140.10421,40.52943],[140.10331,40.53019],[140.10534,40.53427],[140.10712,40.53533],[140.11044,40.53546]],[[139.98373,40.58601],[139.97989,40.588],[139.98085,40.58884],[139.98618,40.59001],[139.98618,40.59148],[139.98851,40.59123],[139.99046,40.59025],[139.99084,40.58766],[139.99161,40.58594],[139.9937,40.58616],[139.99303,40.58203],[139.98853,40.58273],[139.98791,40.58155],[139.98232,40.58172],[139.98238,40.5826],[139.98438,40.58475],[139.98373,40.58601]],[[139.96831,40.44145],[139.96607,40.44155],[139.9655,40.44243],[139.96312,40.44315],[139.96308,40.44626],[139.95903,40.45072],[139.95855,40.45291],[139.96189,40.45324],[139.96443,40.45256],[139.967,40.45098],[139.96891,40.45158],[139.97504,40.45127],[139.97466,40.44895],[139.97383,40.44865],[139.97512,40.44522],[139.97427,40.44394],[139.9711,40.44208],[139.96831,40.44145]],[[140.12154,40.6511],[140.11865,40.64851],[140.11744,40.64979],[140.11823,40.65061],[140.11838,40.6526],[140.11716,40.65402],[140.11772,40.65817],[140.11676,40.6628],[140.12019,40.66533],[140.12153,40.6649],[140.12312,40.66223],[140.12478,40.66061],[140.12906,40.66084],[140.12961,40.65828],[140.12697,40.65307],[140.12154,40.6511]]]},"properties":{"hoanrinKind":"保安林"}},
{"type":"Feature","geometry":{"type":"Polygon","coordinates":[[[139.92128,40.61333],[139.92116,40.61808],[139.91867,40.61978],[139.92173,40.61968],[139.92176,40.62158],[139.92101,40.62491],[139.91712,40.62343],[139.91615,40.62205],[139.91469,40.62177],[139.91168,40.6238],[139.90867,40.62393],[139.90771,40.62347],[139.90234,40.61918],[139.90082,40.61914],[139.89887,40.61839],[139.89751,40.6174],[139.89741,40.61655],[139.90143,40.61389],[139.90654,40.61163],[139.91009,40.60839],[139.91307,40.60996],[139.91514,40.61055],[139.91537,40.6124],[139.91683,40.61375],[139.92128,40.61333]],[[139.91211,40.61268],[139.91051,40.6108],[139.91142,40.61003],[139.90964,40.60902],[139.90833,40.61053],[139.90327,40.61377],[139.89968,40.61541],[139.89776,40.61696],[139.89876,40.61809],[139.90253,40.61903],[139.90476,40.61918],[139.9053,40.61828],[139.90834,40.61781],[139.90955,40.61691],[139.90812,40.61566],[139.90826,40.6139],[139.91041,40.61201],[139.91211,40.61268]]]},"properties":{"hoanrinKind":"保安林"}},
{"type":"Feature","geometry":{"type":"Polygon","coordinates":[[[139.9298,40.6115],[139.92694,40.60995],[139.92529,40.60963],[139.92407,40.60738],[139.92383,40.60522],[139.92158,40.6024],[139.91885,40.60168],[139.91816,40.5986],[139.91918,40.59658],[139.9187,40.59578],[139.91995,40.59406],[139.92283,40.59433],[139.92458,40.59506],[139.92764,40.59798],[139.92853,40.60211],[139.92822,40.60329],[139.92597,40.60387],[139.92902,40.6057],[139.93136,40.60602],[139.93126,40.60883],[139.9289,40.60803],[139.92703,40.60822],[139.92854,40.60609],[139.92812,40.60545],[139.9248,40.60379],[139.9249,40.60672],[139.9261,40.60866],[139.92896,40.60957],[139.9298,40.6115]],[[139.92741,40.60039],[139.92489,40.60049],[139.92362,40.59977],[139.92268,40.60115],[139.92371,40.60245],[139.92503,40.60262],[139.92741,40.60039]]]},"properties":{"hoanrinKind":"保安林"}},
{"type":"Feature","geometry":{"type":"Polygon","coordinates":[[[139.92656,40.62283],[139.92548,40.62166],[139.92836,40.61945],[139.93,40.62151],[139.93176,40.62231],[139.93418,40.62454],[139.93151,40.62594],[139.93114,40.62797],[139.92982,40.62849],[139.92668,40.62781],[139.92498,40.62694],[139.92753,40.62513],[139.92656,40.62283]]]},"properties":{"hoanrinKind":"保安林"}},
{"type":"Feature","geometry":{"type":"Polygon","coordinates":[[[139.96478,40.64882],[139.96505,40.64819],[139.96637,40.6479],[139.96486,40.64919],[139.96478,40.64882]]]},"properties":{"hoanrinKind":"保安林"}},
{"type":"Feature","geometry":{"type":"Polygon","coordinates":[[[139.99654,40.73194],[139.99561,40.73112],[139.99552,40.72915],[139.99397,40.72672],[139.99347,40.7254],[139.99541,40.72567],[139.99416,40.72629],[139.99576,40.72833],[139.99654,40.73194]]]},"properties":{"hoanrinKind":"保安林"}},
{"type":"Feature","geometry":{"type":"Polygon","coordinates":[[[139.98574,40.67364],[139.9826,40.67625],[139.98194,40.67448],[139.98404,40.67253],[139.98574,40.67364]]]},"properties":{"hoanrinKind":"保安林"}},
{"type":"Feature","geometry":{"type":"Polygon","coordinates":[[[139.99655,40.60371],[139.99501,40.60312],[139.99326,40.60155],[139.99785,40.60152],[140.00047,40.60259],[140.00313,40.60279],[140.00615,40.60195],[140.00565,40.60493],[140.00425,40.60496],[140.00317,40.60623],[140.0019,40.60575],[139.99867,40.6056],[139.99655,40.60371]]]},"properties":{"hoanrinKind":"保安林"}},
{"type":"Feature","geometry":{"type":"Polygon","coordinates":[[[140.00202,40.63701],[140.00468,40.6381],[140.00278,40.63798],[140.00202,40.63701]]]},"properties":{"hoanrinKind":"保安林"}},
{"type":"Feature","geometry":{"type":"Polygon","coordinates":[[[140.08742,40.75266],[140.08822,40.75504],[140.08695,40.75474],[140.08739,40.75422],[140.0869,40.75266],[140.08742,40.75266]]]},"properties":{"hoanrinKind":"保安林"}},
{"type":"Feature","geometry":{"type":"Polygon","coordinates":[[[140.21292,40.71027],[140.21225,40.7097],[140.21231,40.70613],[140.21364,40.70315],[140.21323,40.69932],[140.21202,40.6962],[140.21145,40.69354],[140.21219,40.69189],[140.21209,40.69024],[140.21512,40.69071],[140.2158,40.6931],[140.2188,40.69272],[140.21974,40.69878],[140.22116,40.69995],[140.22502,40.69956],[140.22673,40.70138],[140.22403,40.70391],[140.22258,40.70722],[140.22094,40.70843],[140.21915,40.70879],[140.21404,40.71058],[140.21292,40.71027]]]},"properties":{"hoanrinKind":"保安林"}},
{"type":"Feature","geometry":{"type":"Polygon","coordinates":[[[140.22399,40.71493],[140.22297,40.71296],[140.21835,40.70979],[140.22013,40.70883],[140.22346,40.71182],[140.22594,40.71324],[140.22693,40.71556],[140.22399,40.71493]]]},"properties":{"hoanrinKind":"保安林"}},
{"type":"Feature","geometry":{"type":"Polygon","coordinates":[[[140.15787,40.75266],[140.15564,40.75514],[140.15588,40.75333],[140.15787,40.75266]]]},"properties":{"hoanrinKind":"保安林"}},
{"type":"Feature","geometry":{"type":"Polygon","coordinates":[[[140.21938,40.75266],[140.218,40.74821],[140.21646,40.74585],[140.21796,40.74541],[140.22035,40.74908],[140.22209,40.75092],[140.22295,40.75266],[140.22255,40.75435],[140.22373,40.75669],[140.22263,40.75792],[140.22279,40.76073],[140.22206,40.76401],[140.22049,40.76284],[140.22147,40.76143],[140.2202,40.75992],[140.21989,40.75786],[140.2201,40.7549],[140.21938,40.75266]]]},"properties":{"hoanrinKind":"保安林"}},
{"type":"Feature","geometry":{"type":"Polygon","coordinates":[[[140.15992,40.69877],[140.16184,40.70039],[140.15982,40.7009],[140.15992,40.69877]]]},"properties":{"hoanrinKind":"保安林"}},
{"type":"Feature","geometry":{"type":"Polygon","coordinates":[[[140.15945,40.697],[140.15913,40.69744],[140.15816,40.69701],[140.15887,40.69643],[140.15945,40.697]]]},"properties":{"hoanrinKind":"保安林"}},
{"type":"Feature","geometry":{"type":"Polygon","coordinates":[[[140.14942,40.71366],[140.15025,40.71113],[140.1492,40.70471],[140.15506,40.70343],[140.15759,40.70179],[140.16179,40.70231],[140.16147,40.70465],[140.16602,40.70621],[140.16775,40.70986],[140.16819,40.71452],[140.16661,40.71558],[140.16718,40.71814],[140.16833,40.71842],[140.16881,40.72003],[140.16559,40.72061],[140.16444,40.71955],[140.1625,40.71943],[140.16031,40.72023],[140.16186,40.72177],[140.16505,40.72388],[140.16821,40.72272],[140.1696,40.72406],[140.1721,40.72291],[140.17389,40.72361],[140.17332,40.72689],[140.17179,40.7276],[140.17216,40.72878],[140.16911,40.731],[140.16972,40.73322],[140.16936,40.73631],[140.1699,40.73902],[140.17226,40.73967],[140.17289,40.74283],[140.17278,40.74459],[140.17054,40.74516],[140.168,40.74304],[140.16606,40.74362],[140.16651,40.74653],[140.16299,40.74621],[140.16054,40.74448],[140.15854,40.74203],[140.15931,40.74084],[140.15958,40.73839],[140.16463,40.7345],[140.16716,40.73059],[140.16924,40.72843],[140.16468,40.72859],[140.16445,40.72659],[140.16323,40.72467],[140.16224,40.72425],[140.16008,40.72121],[140.15452,40.72031],[140.15582,40.71841],[140.15479,40.71659],[140.15455,40.71462],[140.15164,40.71377],[140.14942,40.71366]]]},"properties":{"hoanrinKind":"保安林"}},
{"type":"Feature","geometry":{"type":"Polygon","coordinates":[[[140.1726,40.70125],[140.17089,40.70035],[140.17104,40.69745],[140.17271,40.69819],[140.17353,40.70001],[140.1726,40.70125]]]},"properties":{"hoanrinKind":"保安林"}},
{"type":"Feature","geometry":{"type":"Polygon","coordinates":[[[140.24652,40.77335],[140.24457,40.77224],[140.24585,40.77151],[140.2461,40.76988],[140.24195,40.76953],[140.24244,40.76721],[140.24395,40.76606],[140.24422,40.76469],[140.24101,40.76415],[140.24652,40.76147],[140.24871,40.76198],[140.2498,40.76106],[140.25156,40.76122],[140.25516,40.76351],[140.2536,40.76585],[140.25531,40.76811],[140.25559,40.7701],[140.25448,40.7721],[140.25495,40.77302],[140.25366,40.77413],[140.25149,40.77475],[140.2491,40.77453],[140.24652,40.77335]]]},"properties":{"hoanrinKind":"保安林"}},
{"type":"Feature","geometry":{"type":"Polygon","coordinates":[[[140.28813,40.58602],[140.28732,40.58635],[140.28762,40.58434],[140.28882,40.58489],[140.28813,40.58602]]]},"properties":{"hoanrinKind":"保安林"}},
{"type":"Feature","geometry":{"type":"Polygon","coordinates":[[[140.31809,40.63525],[140.31855,40.63318],[140.32121,40.63113],[140.32385,40.63202],[140.31809,40.63525]]]},"properties":{"hoanrinKind":"保安林"}},
{"type":"Feature","geometry":{"type":"Polygon","coordinates":[[[140.24652,40.71381],[140.2475,40.71221],[140.24973,40.71219],[140.25008,40.71602],[140.25266,40.71647],[140.25553,40.71617],[140.25663,40.71933],[140.25527,40.7208],[140.25609,40.72249],[140.25586,40.72449],[140.25438,40.72523],[140.25341,40.72882],[140.25344,40.73055],[140.2569,40.72648],[140.26024,40.72578],[140.26562,40.72804],[140.26546,40.73014],[140.26359,40.73069],[140.25995,40.73003],[140.25949,40.73402],[140.25457,40.73645],[140.25374,40.73758],[140.25512,40.7383],[140.25237,40.74181],[140.24866,40.73908],[140.25209,40.73784],[140.25354,40.73677],[140.25367,40.73545],[140.25568,40.73543],[140.25552,40.73289],[140.25235,40.73421],[140.24979,40.73424],[140.24977,40.73583],[140.2445,40.7355],[140.24546,40.73422],[140.24508,40.7303],[140.24404,40.72918],[140.243,40.7254],[140.24362,40.72386],[140.24152,40.72176],[140.24103,40.72058],[140.23602,40.72216],[140.23363,40.72087],[140.23377,40.71834],[140.23579,40.71685],[140.23779,40.71877],[140.24284,40.71865],[140.24229,40.71722],[140.24652,40.71381]]]},"properties":{"hoanrinKind":"保安林"}},
{"type":"Feature","geometry":{"type":"Polygon","coordinates":[[[140.35389,40.66934],[140.3564,40.66957],[140.35518,40.67162],[140.36464,40.67406],[140.36386,40.67624],[140.365,40.67691],[140.36061,40.68304],[140.35755,40.68494],[140.34561,40.69033],[140.35349,40.69488],[140.35236,40.69607],[140.35014,40.69637],[140.34467,40.69503],[140.3361,40.69479],[140.334,40.69351],[140.33267,40.69384],[140.33059,40.69283],[140.32305,40.68824],[140.32119,40.68671],[140.31822,40.68325],[140.3149,40.68076],[140.3029,40.67753],[140.29957,40.67572],[140.29661,40.6759],[140.29511,40.67518],[140.29246,40.67521],[140.29184,40.67342],[140.29209,40.67132],[140.28885,40.66925],[140.28894,40.66803],[140.28572,40.66741],[140.28253,40.66607],[140.28006,40.66455],[140.27975,40.66279],[140.27713,40.66043],[140.2773,40.65841],[140.27874,40.65841],[140.27927,40.65471],[140.27447,40.65467],[140.2695,40.65353],[140.27053,40.65627],[140.26761,40.66028],[140.26478,40.66062],[140.26229,40.662],[140.25968,40.66113],[140.25853,40.66146],[140.25042,40.66124],[140.2516,40.6596],[140.25126,40.65781],[140.25127,40.6541],[140.24885,40.65503],[140.24687,40.65485],[140.24423,40.65704],[140.24292,40.65737],[140.24006,40.65674],[140.23943,40.65469],[140.24068,40.65374],[140.24329,40.65293],[140.2396,40.64968],[140.2377,40.65104],[140.23549,40.64957],[140.23444,40.64967],[140.23508,40.652],[140.23405,40.65448],[140.23389,40.65626],[140.23489,40.65798],[140.23306,40.65846],[140.2294,40.66166],[140.22554,40.65901],[140.22517,40.65736],[140.22329,40.65345],[140.22286,40.65065],[140.22208,40.64889],[140.22723,40.6492],[140.22987,40.64794],[140.22931,40.64565],[140.23113,40.64506],[140.23115,40.64371],[140.22926,40.64155],[140.22883,40.63975],[140.23029,40.63905],[140.2292,40.6363],[140.22688,40.63584],[140.22582,40.63351],[140.22408,40.63238],[140.2237,40.63077],[140.22584,40.6285],[140.22952,40.62669],[140.22673,40.63055],[140.22863,40.63357],[140.22866,40.63449],[140.23421,40.6364],[140.23614,40.63663],[140.23775,40.63786],[140.23761,40.63909],[140.23441,40.64057],[140.23636,40.6416],[140.23707,40.64013],[140.24021,40.64107],[140.24196,40.63943],[140.24735,40.64136],[140.24932,40.64382],[140.25367,40.64441],[140.25508,40.64307],[140.2614,40.63955],[140.26322,40.63961],[140.26982,40.6387],[140.27106,40.63942],[140.27332,40.63604],[140.27404,40.63187],[140.27464,40.63093],[140.27451,40.62885],[140.27748,40.62921],[140.27973,40.62794],[140.28492,40.62706],[140.28874,40.62681],[140.28995,40.62559],[140.29244,40.62466],[140.29454,40.62323],[140.29861,40.62198],[140.30241,40.62042],[140.30485,40.62381],[140.30672,40.62346],[140.30638,40.62529],[140.30475,40.62638],[140.30501,40.62777],[140.30868,40.62781],[140.30942,40.62508],[140.31091,40.62307],[140.31316,40.62382],[140.31198,40.62537],[140.31259,40.62737],[140.31727,40.62724],[140.31834,40.62687],[140.31856,40.6253],[140.31962,40.62419],[140.3282,40.62541],[140.32772,40.62698],[140.32818,40.62849],[140.32473,40.62991],[140.32179,40.62975],[140.31818,40.63273],[140.31721,40.63668],[140.32432,40.63207],[140.32611,40.63154],[140.33177,40.62799],[140.33431,40.62723],[140.3348,40.62884],[140.33187,40.62922],[140.32597,40.63311],[140.32517,40.63657],[140.32349,40.63743],[140.32167,40.6402],[140.32005,40.64134],[140.31769,40.64166],[140.31616,40.64265],[140.31529,40.64483],[140.3188,40.64274],[140.32063,40.64206],[140.32405,40.63873],[140.32715,40.63648],[140.33062,40.63489],[140.33243,40.63309],[140.33511,40.63454],[140.33937,40.63616],[140.34037,40.63802],[140.34657,40.64051],[140.34762,40.64208],[140.35277,40.64745],[140.35384,40.64946],[140.3549,40.64947],[140.35586,40.6576],[140.35668,40.65952],[140.35691,40.66329],[140.35324,40.66449],[140.35219,40.66799],[140.35389,40.66934]],[[140.23315,40.64931],[140.23511,40.64847],[140.23393,40.64615],[140.23119,40.6463],[140.23081,40.64746],[140.22891,40.64851],[140.23067,40.64966],[140.23315,40.64931]],[[140.30511,40.65687],[140.30185,40.65355],[140.30111,40.65157],[140.29865,40.65261],[140.29967,40.65465],[140.3042,40.657],[140.30511,40.65687]]]},"properties":{"hoanrinKind":"保安林"}},
{"type":"Feature","geometry":{"type":"Polygon","coordinates":[[[140.27603,40.79608],[140.27673,40.79684],[140.27609,40.79726],[140.27603,40.79608]]]},"properties":{"hoanrinKind":"保安林"}},
{"type":"Feature","geometry":{"type":"Polygon","coordinates":[[[140.3639,40.7666],[140.36454,40.76567],[140.36967,40.76035],[140.37133,40.76035],[140.36923,40.76294],[140.36824,40.76253],[140.36528,40.76638],[140.3658,40.76837],[140.36752,40.76811],[140.36662,40.77133],[140.36256,40.76963],[140.3639,40.7666]]]},"properties":{"hoanrinKind":"保安林"}},
{"type":"Feature","geometry":{"type":"Polygon","coordinates":[[[140.27875,40.7962],[140.27831,40.79514],[140.28318,40.79434],[140.28188,40.79352],[140.27963,40.79433],[140.27626,40.79353],[140.27739,40.79248],[140.28157,40.79286],[140.28648,40.79235],[140.28776,40.7942],[140.28496,40.79419],[140.28341,40.79605],[140.2801,40.79655],[140.27875,40.7962]]]},"properties":{"hoanrinKind":"保安林"}},
{"type":"Feature","geometry":{"type":"Polygon","coordinates":[[[140.3396,40.76746],[140.34248,40.76682],[140.34282,40.76745],[140.33985,40.76824],[140.3396,40.76746]]]},"properties":{"hoanrinKind":"保安林"}},
{"type":"Feature","geometry":{"type":"Polygon","coordinates":[[[140.33963,40.76856],[140.33804,40.77018],[140.33669,40.76896],[140.33761,40.7681],[140.33649,40.76651],[140.33887,40.76591],[140.33963,40.76856]]]},"properties":{"hoanrinKind":"保安林"}},
{"type":"Feature","geometry":{"type":"Polygon","coordinates":[[[140.30201,40.83599],[140.30037,40.83321],[140.30043,40.8318],[140.30302,40.83242],[140.30385,40.83557],[140.30541,40.83777],[140.30524,40.83982],[140.30787,40.84191],[140.30968,40.84163],[140.313,40.84316],[140.31238,40.84422],[140.30515,40.84147],[140.30241,40.83841],[140.30201,40.83599]]]},"properties":{"hoanrinKind":"保安林"}},
{"type":"Feature","geometry":{"type":"Polygon","coordinates":[[[140.2498,40.75267],[140.25097,40.75267],[140.25229,40.75415],[140.24994,40.75621],[140.24966,40.75891],[140.24836,40.75878],[140.24746,40.75632],[140.249,40.75504],[140.2488,40.75376],[140.2498,40.75267]]]},"properties":{"hoanrinKind":"保安林"}},
{"type":"Feature","geometry":{"type":"Polygon","coordinates":[[[140.24652,40.75879],[140.24726,40.76034],[140.24254,40.76113],[140.24149,40.76249],[140.23909,40.76366],[140.23619,40.76452],[140.23637,40.76335],[140.23942,40.76245],[140.24065,40.76084],[140.24294,40.76053],[140.24289,40.75813],[140.24189,40.75623],[140.24294,40.75441],[140.24521,40.75476],[140.24523,40.75625],[140.24652,40.75879]]]},"properties":{"hoanrinKind":"保安林"}},
{"type":"Feature","geometry":{"type":"Polygon","coordinates":[[[140.279,40.7911],[140.27901,40.79037],[140.2811,40.78792],[140.2825,40.78681],[140.28305,40.78738],[140.28129,40.78874],[140.28036,40.79011],[140.279,40.7911]]]},"properties":{"hoanrinKind":"保安林"}},
{"type":"Feature","geometry":{"type":"Polygon","coordinates":[[[140.2558,40.77688],[140.2564,40.77806],[140.25565,40.77867],[140.25501,40.77765],[140.2558,40.77688]]]},"properties":{"hoanrinKind":"保安林"}},
{"type":"Feature","geometry":{"type":"Polygon","coordinates":[[[140.3136,40.84259],[140.31671,40.84543],[140.31554,40.84603],[140.3136,40.84259]]]},"properties":{"hoanrinKind":"保安林"}},
{"type":"Feature","geometry":{"type":"Polygon","coordinates":[[[140.29452,40.84215],[140.29308,40.84053],[140.29047,40.83928],[140.29108,40.83877],[140.29415,40.8401],[140.29452,40.84215]]]},"properties":{"hoanrinKind":"保安林"}},
{"type":"Feature","geometry":{"type":"Polygon","coordinates":[[[140.29452,40.84215],[140.29727,40.84215],[140.29945,40.84526],[140.2992,40.84762],[140.29974,40.84932],[140.29975,40.85222],[140.2988,40.85549],[140.29717,40.8567],[140.29768,40.85892],[140.29565,40.85818],[140.29666,40.85556],[140.29802,40.85504],[140.29916,40.85142],[140.29845,40.851],[140.2986,40.84746],[140.29748,40.8437],[140.29452,40.84215]]]},"properties":{"hoanrinKind":"保安林"}},
{"type":"Feature","geometry":{"type":"Polygon","coordinates":[[[140.33,40.90121],[140.3276,40.90116],[140.32742,40.90048],[140.33013,40.90042],[140.33,40.90121]]]},"properties":{"hoanrinKind":"保安林"}},
{"type":"Feature","geometry":{"type":"Polygon","coordinates":[[[140.35338,40.9633],[140.35167,40.96201],[140.35162,40.96059],[140.35535,40.96019],[140.35661,40.96151],[140.35547,40.96305],[140.35338,40.9633]]]},"properties":{"hoanrinKind":"保安林"}},
{"type":"Feature","geometry":{"type":"Polygon","coordinates":[[[140.34603,40.91932],[140.34737,40.92164],[140.34736,40.92363],[140.34173,40.92325],[140.34242,40.92122],[140.34225,40.91753],[140.34088,40.91564],[140.3447,40.91529],[140.3448,40.91699],[140.34603,40.91932]]]},"properties":{"hoanrinKind":"保安林"}},
{"type":"Feature","geometry":{"type":"Polygon","coordinates":[[[140.32224,41.08597],[140.32389,41.07929],[140.32493,41.08058],[140.32487,41.08257],[140.32224,41.08597]]]},"properties":{"hoanrinKind":"保安林"}},
{"type":"Feature","geometry":{"type":"Polygon","coordinates":[[[140.3715,41.02618],[140.37194,41.02607],[140.37617,41.0283],[140.37918,41.02884],[140.38701,41.02886],[140.39159,41.02797],[140.40047,41.02489],[140.39542,41.02724],[140.39048,41.02879],[140.38864,41.02916],[140.38478,41.02938],[140.37861,41.02926],[140.37543,41.02844],[140.37278,41.02719],[140.3715,41.02618]]]},"properties":{"hoanrinKind":"保安林"}},
{"type":"Feature","geometry":{"type":"Polygon","coordinates":[[[140.35338,40.9633],[140.35307,40.96412],[140.35056,40.96469],[140.35106,40.97024],[140.35038,40.97183],[140.35341,40.97173],[140.36043,40.97274],[140.36113,40.97439],[140.35671,40.97667],[140.35727,40.97325],[140.35404,40.97292],[140.3488,40.97355],[140.34346,40.97343],[140.34203,40.97384],[140.33898,40.97345],[140.33877,40.97499],[140.33965,40.97737],[140.33888,40.9776],[140.34038,40.98546],[140.33988,40.98878],[140.34204,40.98948],[140.34558,40.98979],[140.35237,40.98984],[140.35343,40.99027],[140.35681,40.99016],[140.35705,40.9925],[140.35505,40.99424],[140.34925,40.99622],[140.34757,40.99739],[140.34338,40.998],[140.34296,40.99932],[140.3387,41.00055],[140.33584,41.00081],[140.33595,41.00282],[140.3283,41.00317],[140.32727,41.00346],[140.3273,41.00636],[140.32829,41.00799],[140.33001,41.00827],[140.33216,41.0074],[140.3344,41.00767],[140.33266,41.01134],[140.33452,41.01181],[140.33468,41.01391],[140.33308,41.01785],[140.33182,41.02293],[140.33126,41.03058],[140.33049,41.03022],[140.33059,41.0255],[140.3312,41.02286],[140.33078,41.02216],[140.33181,41.02004],[140.32889,41.01994],[140.32815,41.02062],[140.32833,41.02326],[140.32578,41.02447],[140.32585,41.01894],[140.32703,41.01777],[140.32734,41.0136],[140.326,41.00743],[140.32606,41.0058],[140.3228,41.00102],[140.32206,41.00264],[140.32381,41.00672],[140.32507,41.01053],[140.32432,41.01159],[140.32539,41.01373],[140.3238,41.01663],[140.32513,41.01874],[140.32473,41.01953],[140.32478,41.02322],[140.32385,41.02936],[140.3244,41.03313],[140.32397,41.0351],[140.32271,41.03521],[140.32201,41.02317],[140.32227,41.01651],[140.32178,41.01581],[140.32176,41.01185],[140.32087,41.00501],[140.31924,41.00097],[140.31935,40.99982],[140.32092,40.99905],[140.31907,40.99758],[140.31852,40.99583],[140.31604,40.98098],[140.31658,40.981],[140.31596,40.97499],[140.31488,40.97501],[140.31467,40.973],[140.31213,40.96005],[140.31031,40.94981],[140.31029,40.94804],[140.30927,40.94473],[140.30795,40.93893],[140.30729,40.93479],[140.30471,40.92501],[140.30351,40.9188],[140.30044,40.90742],[140.29946,40.90532],[140.29689,40.89685],[140.29292,40.88642],[140.28907,40.87547],[140.28778,40.87074],[140.2855,40.86478],[140.28381,40.86109],[140.28374,40.85964],[140.28236,40.85747],[140.27786,40.84647],[140.2773,40.84643],[140.27465,40.8413],[140.2728,40.83669],[140.26978,40.83049],[140.26761,40.82546],[140.26509,40.82193],[140.2638,40.81897],[140.25994,40.81343],[140.25933,40.8114],[140.25786,40.81023],[140.25617,40.80754],[140.25074,40.80074],[140.25062,40.79906],[140.24728,40.79628],[140.24391,40.79272],[140.24141,40.79061],[140.24276,40.78975],[140.24595,40.7917],[140.24804,40.79133],[140.25474,40.79152],[140.25438,40.79291],[140.25196,40.79244],[140.24842,40.79248],[140.24959,40.79451],[140.24965,40.79654],[140.25199,40.79649],[140.25355,40.79573],[140.25603,40.79603],[140.25478,40.79872],[140.25773,40.7992],[140.25775,40.8],[140.26206,40.79987],[140.26572,40.80008],[140.26764,40.80056],[140.27316,40.79936],[140.27284,40.79833],[140.27676,40.7977],[140.27795,40.79929],[140.27581,40.80088],[140.27441,40.8007],[140.27396,40.80312],[140.27172,40.80256],[140.26956,40.80416],[140.27333,40.80419],[140.27679,40.80328],[140.27864,40.80212],[140.27994,40.80285],[140.28015,40.80491],[140.28358,40.80437],[140.28635,40.80333],[140.28969,40.80362],[140.28963,40.80519],[140.28325,40.80564],[140.2837,40.80705],[140.28808,40.8058],[140.29032,40.80659],[140.29247,40.80547],[140.29354,40.80626],[140.29324,40.80762],[140.29032,40.80817],[140.28721,40.80738],[140.28351,40.80756],[140.28633,40.80916],[140.2888,40.81295],[140.29001,40.81408],[140.28894,40.81535],[140.29154,40.81592],[140.29428,40.81576],[140.29423,40.8176],[140.29733,40.81941],[140.29667,40.8214],[140.29617,40.82523],[140.29881,40.82561],[140.30074,40.82754],[140.30165,40.82947],[140.29938,40.82988],[140.29836,40.82802],[140.2961,40.82546],[140.29456,40.82529],[140.29431,40.81935],[140.28889,40.81626],[140.28609,40.81224],[140.28401,40.81043],[140.27936,40.80717],[140.27818,40.80435],[140.27653,40.80497],[140.26866,40.80505],[140.26446,40.80572],[140.2597,40.80719],[140.2644,40.80879],[140.26362,40.80953],[140.26821,40.81011],[140.26681,40.81111],[140.26855,40.81197],[140.26932,40.81337],[140.26805,40.81477],[140.27299,40.82341],[140.27179,40.82423],[140.27156,40.8261],[140.2756,40.82635],[140.28009,40.82742],[140.28018,40.82824],[140.2756,40.82827],[140.27532,40.83094],[140.27953,40.8315],[140.27989,40.83503],[140.28242,40.83573],[140.28305,40.84251],[140.28064,40.84239],[140.27866,40.84383],[140.27875,40.84465],[140.28087,40.84573],[140.27978,40.8467],[140.28353,40.84844],[140.28507,40.84962],[140.28564,40.8524],[140.28493,40.85576],[140.28501,40.85754],[140.28839,40.86505],[140.28962,40.86904],[140.29023,40.87296],[140.29209,40.87461],[140.29332,40.877],[140.29477,40.87829],[140.2986,40.87907],[140.30044,40.8806],[140.29842,40.8823],[140.29738,40.88415],[140.29527,40.88423],[140.29464,40.88646],[140.30014,40.88674],[140.30144,40.8874],[140.30737,40.88796],[140.30948,40.88782],[140.31019,40.88571],[140.30943,40.88473],[140.3139,40.88483],[140.31444,40.88584],[140.31386,40.88828],[140.31552,40.88816],[140.31563,40.89205],[140.31439,40.8926],[140.31506,40.89487],[140.31887,40.89561],[140.32107,40.90006],[140.3176,40.90026],[140.31804,40.90131],[140.32053,40.90198],[140.32462,40.90252],[140.32966,40.90214],[140.33238,40.90165],[140.33368,40.90056],[140.33473,40.90177],[140.33485,40.9036],[140.33294,40.90443],[140.33158,40.90726],[140.32806,40.90978],[140.32793,40.91156],[140.32664,40.91198],[140.32784,40.91358],[140.32005,40.91598],[140.31972,40.91471],[140.32348,40.91359],[140.32226,40.91271],[140.32132,40.91034],[140.31559,40.90796],[140.32047,40.90822],[140.32268,40.90934],[140.32585,40.90937],[140.32805,40.90856],[140.32858,40.90564],[140.33153,40.90437],[140.3307,40.90253],[140.32164,40.90365],[140.31639,40.90354],[140.31415,40.90384],[140.3112,40.90139],[140.30833,40.90124],[140.30827,40.90407],[140.31014,40.90954],[140.31245,40.90854],[140.3162,40.91192],[140.31519,40.91528],[140.31398,40.91639],[140.31131,40.91687],[140.31151,40.91926],[140.31329,40.9202],[140.31206,40.92107],[140.31301,40.92355],[140.31318,40.92766],[140.31643,40.92756],[140.32663,40.92563],[140.32657,40.92618],[140.3214,40.92752],[140.31648,40.92809],[140.31699,40.93135],[140.31682,40.93405],[140.32861,40.93384],[140.33626,40.93357],[140.33739,40.93268],[140.33685,40.93111],[140.34152,40.93106],[140.34104,40.92678],[140.33832,40.92518],[140.3393,40.92372],[140.34463,40.92505],[140.34213,40.92613],[140.34318,40.92885],[140.34237,40.93354],[140.33668,40.9342],[140.33047,40.9353],[140.33431,40.93575],[140.33542,40.94103],[140.33704,40.94097],[140.33976,40.94208],[140.3417,40.9411],[140.34113,40.94409],[140.3441,40.94473],[140.34529,40.94293],[140.34957,40.94341],[140.35137,40.94461],[140.34817,40.94529],[140.34764,40.94593],[140.35136,40.947],[140.35012,40.94821],[140.34985,40.94982],[140.34518,40.95363],[140.34416,40.95528],[140.34431,40.95737],[140.34264,40.95862],[140.34181,40.96144],[140.34281,40.96263],[140.34636,40.96271],[140.34889,40.96201],[140.34885,40.96375],[140.35139,40.96312],[140.35338,40.9633]],[[140.31126,40.88802],[140.31314,40.88724],[140.31292,40.88524],[140.31092,40.8858],[140.31036,40.88756],[140.31126,40.88802]],[[140.31523,40.94247],[140.31668,40.94343],[140.31861,40.94277],[140.31667,40.94076],[140.31523,40.94247]],[[140.3396,40.99263],[140.33892,40.99406],[140.34135,40.99447],[140.34358,40.99269],[140.3396,40.99263]],[[140.31632,40.93713],[140.32349,40.93703],[140.32309,40.93583],[140.31764,40.93666],[140.31632,40.93713]],[[140.32411,40.941],[140.32465,40.94201],[140.32874,40.94356],[140.33303,40.94281],[140.33023,40.94159],[140.32656,40.94097],[140.32411,40.941]],[[140.31212,40.89055],[140.30997,40.89034],[140.30915,40.88901],[140.30536,40.88832],[140.30587,40.88946],[140.30854,40.89106],[140.31373,40.89213],[140.31212,40.89055]],[[140.35097,40.99285],[140.35187,40.99094],[140.34677,40.99073],[140.33998,40.99075],[140.33995,40.99204],[140.34505,40.99214],[140.3452,40.99306],[140.35045,40.99346],[140.35097,40.99285]],[[140.33925,40.96968],[140.34022,40.97095],[140.34402,40.97152],[140.34753,40.97113],[140.34704,40.96473],[140.342,40.96501],[140.34031,40.96462],[140.3396,40.96624],[140.33925,40.96968]],[[140.32369,40.96232],[140.32833,40.96214],[140.33201,40.96238],[140.33768,40.96225],[140.34091,40.95965],[140.34051,40.95885],[140.33698,40.95971],[140.33412,40.95936],[140.328,40.95935],[140.32483,40.96011],[140.32251,40.95953],[140.32016,40.95962],[140.32047,40.9623],[140.32369,40.96232]],[[140.31339,40.89666],[140.31286,40.89522],[140.31097,40.89475],[140.3105,40.89336],[140.30812,40.8926],[140.30677,40.89333],[140.30322,40.89147],[140.30162,40.89291],[140.30481,40.89416],[140.30496,40.89553],[140.30724,40.896],[140.30712,40.89829],[140.30972,40.89831],[140.31339,40.89666]],[[140.32628,40.96487],[140.32168,40.9645],[140.32121,40.96381],[140.31789,40.96414],[140.31719,40.9669],[140.31515,40.96822],[140.32155,40.9683],[140.32166,40.97118],[140.32387,40.97085],[140.33085,40.97117],[140.33804,40.97099],[140.33719,40.96461],[140.3373,40.96376],[140.33337,40.96396],[140.32626,40.96385],[140.32628,40.96487]],[[140.32247,40.95747],[140.33005,40.95665],[140.3366,40.95759],[140.33714,40.95837],[140.34141,40.95856],[140.34163,40.95726],[140.33924,40.9552],[140.34003,40.95309],[140.34329,40.9528],[140.347,40.94859],[140.34568,40.94684],[140.34147,40.94693],[140.33929,40.94626],[140.33703,40.94483],[140.33182,40.94563],[140.32949,40.94524],[140.32122,40.9454],[140.31811,40.94677],[140.3156,40.94657],[140.31598,40.9478],[140.3186,40.94813],[140.31874,40.94909],[140.32617,40.94991],[140.32571,40.95149],[140.32344,40.95127],[140.31912,40.9516],[140.32068,40.95283],[140.32148,40.95446],[140.33104,40.95301],[140.33639,40.9529],[140.3365,40.95426],[140.33255,40.95417],[140.33249,40.95589],[140.325,40.95639],[140.32757,40.95487],[140.33048,40.95492],[140.33039,40.95411],[140.32266,40.95497],[140.31971,40.95583],[140.32,40.95763],[140.32247,40.95747]],[[140.32274,40.97424],[140.32721,40.9742],[140.326,40.97562],[140.32271,40.97528],[140.32263,40.97787],[140.325,40.98035],[140.3199,40.98041],[140.32225,40.98233],[140.32338,40.98242],[140.32396,40.99083],[140.32372,40.99367],[140.32484,40.99881],[140.32581,41.00006],[140.32932,41.00093],[140.3319,41.00017],[140.33435,41.00027],[140.33543,40.99846],[140.33662,40.99485],[140.33422,40.99483],[140.33376,40.99566],[140.32989,40.99722],[140.32544,40.99687],[140.32535,40.99596],[140.32945,40.99428],[140.3345,40.99414],[140.33709,40.99351],[140.33672,40.99146],[140.3382,40.98747],[140.33694,40.98682],[140.32966,40.98615],[140.33871,40.985],[140.33789,40.98159],[140.33675,40.97888],[140.33598,40.97315],[140.33293,40.974],[140.32973,40.97354],[140.32481,40.97365],[140.32274,40.97424]]]},"properties":{"hoanrinKind":"保安林"}},
{"type":"Feature","geometry":{"type":"Polygon","coordinates":[[[140.35466,41.25261],[140.35265,41.25349],[140.35217,41.25247],[140.35466,41.25261]]]},"properties":{"hoanrinKind":"保安林"}},
{"type":"Feature","geometry":{"type":"Polygon","coordinates":[[[140.37151,40.75085],[140.37427,40.74903],[140.3767,40.75],[140.3765,40.75097],[140.37467,40.75136],[140.37151,40.75085]]]},"properties":{"hoanrinKind":"保安林"}},
{"type":"Feature","geometry":{"type":"Polygon","coordinates":[[[140.37151,40.75865],[140.3724,40.75863],[140.37377,40.76067],[140.3724,40.76078],[140.37151,40.75865]]]},"properties":{"hoanrinKind":"保安林"}},
{"type":"Feature","geometry":{"type":"Polygon","coordinates":[[[140.37151,40.75804],[140.36965,40.75782],[140.36899,40.75634],[140.37072,40.75479],[140.37083,40.75678],[140.37151,40.75804]]]},"properties":{"hoanrinKind":"保安林"}},
{"type":"Feature","geometry":{"type":"Polygon","coordinates":[[[140.3715,41.05385],[140.36994,41.05348],[140.37012,41.05277],[140.3715,41.05385]]]},"properties":{"hoanrinKind":"保安林"}},
{"type":"Feature","geometry":{"type":"Polygon","coordinates":[[[140.4371,41.16929],[140.4364,41.1703],[140.43115,41.17247],[140.42845,41.17205],[140.42635,41.17318],[140.42422,41.17304],[140.41976,41.17986],[140.42001,41.18135],[140.4232,41.18179],[140.42661,41.18401],[140.42934,41.18477],[140.43251,41.18747],[140.43189,41.19151],[140.42993,41.19227],[140.42795,41.19414],[140.42542,41.19297],[140.42444,41.19196],[140.42304,41.19517],[140.41954,41.19302],[140.41558,41.19203],[140.41296,41.19082],[140.41118,41.18914],[140.40783,41.18818],[140.40697,41.19257],[140.40785,41.1942],[140.40545,41.19601],[140.40899,41.19887],[140.41049,41.19933],[140.41186,41.20152],[140.41451,41.20062],[140.41619,41.20195],[140.41882,41.20304],[140.41823,41.20524],[140.41558,41.2063],[140.41381,41.20809],[140.41163,41.20752],[140.4085,41.20596],[140.40932,41.20947],[140.40706,41.21016],[140.40889,41.21169],[140.40886,41.21269],[140.40319,41.21192],[140.40317,41.21437],[140.39878,41.21662],[140.40001,41.21833],[140.39953,41.22142],[140.39824,41.22113],[140.39644,41.22268],[140.3946,41.21926],[140.38657,41.22151],[140.38805,41.22271],[140.38878,41.22576],[140.38602,41.22632],[140.38744,41.22788],[140.38746,41.22913],[140.38618,41.23033],[140.38549,41.23224],[140.38311,41.23316],[140.3804,41.23133],[140.37816,41.23103],[140.37741,41.23289],[140.37763,41.23548],[140.37942,41.2372],[140.3771,41.23821],[140.37465,41.24037],[140.37023,41.24033],[140.37009,41.23951],[140.37208,41.23812],[140.36853,41.23792],[140.36726,41.23914],[140.3714,41.24243],[140.37129,41.24425],[140.36554,41.24499],[140.36479,41.24661],[140.36294,41.24485],[140.36111,41.24602],[140.35878,41.24369],[140.35762,41.24116],[140.35792,41.24015],[140.3564,41.23912],[140.35487,41.23938],[140.35425,41.24159],[140.35547,41.24389],[140.3536,41.24583],[140.35154,41.24648],[140.34864,41.24877],[140.34565,41.24787],[140.34273,41.24784],[140.34192,41.2438],[140.34014,41.24316],[140.34188,41.24152],[140.34308,41.23374],[140.34494,41.23125],[140.34582,41.22827],[140.34586,41.22435],[140.34624,41.2223],[140.33955,41.22207],[140.33724,41.22105],[140.33613,41.22144],[140.33228,41.22139],[140.33251,41.21728],[140.33441,41.21466],[140.33433,41.21053],[140.33607,41.20693],[140.3358,41.20293],[140.33613,41.20105],[140.3374,41.20018],[140.33934,41.20091],[140.34266,41.20414],[140.3449,41.20567],[140.34493,41.20833],[140.34573,41.21136],[140.34702,41.21282],[140.35151,41.21369],[140.35022,41.21228],[140.34855,41.21252],[140.34714,41.21185],[140.34698,41.20936],[140.34567,41.20849],[140.34612,41.20513],[140.34348,41.20356],[140.34439,41.20199],[140.34187,41.19992],[140.34139,41.19806],[140.34174,41.19611],[140.33829,41.19595],[140.34002,41.19328],[140.34008,41.19041],[140.33861,41.18498],[140.33805,41.17884],[140.33658,41.17719],[140.33663,41.17336],[140.33359,41.17148],[140.33532,41.16938],[140.33337,41.16641],[140.33249,41.16333],[140.33202,41.15948],[140.33041,41.15501],[140.33279,41.15449],[140.33197,41.15132],[140.33122,41.1512],[140.32902,41.15317],[140.32665,41.15012],[140.32845,41.14832],[140.33122,41.14808],[140.32877,41.14435],[140.32324,41.1449],[140.3228,41.1437],[140.32392,41.14131],[140.3282,41.14146],[140.32952,41.14071],[140.32967,41.13905],[140.32789,41.13835],[140.32465,41.13845],[140.32601,41.13647],[140.32771,41.13511],[140.32885,41.13311],[140.33582,41.13408],[140.33876,41.13274],[140.33586,41.13044],[140.33292,41.13053],[140.33222,41.13137],[140.32791,41.13021],[140.32882,41.12624],[140.32693,41.12615],[140.32464,41.12751],[140.32603,41.12417],[140.32579,41.12182],[140.32865,41.1219],[140.32486,41.11921],[140.32338,41.12004],[140.32325,41.12152],[140.32088,41.12251],[140.31765,41.12202],[140.31667,41.12145],[140.31858,41.11856],[140.3219,41.11586],[140.32449,41.11665],[140.32701,41.1139],[140.3271,41.11301],[140.329,41.11242],[140.3308,41.11288],[140.33232,41.11127],[140.33519,41.11292],[140.33715,41.11171],[140.3355,41.10899],[140.33342,41.10981],[140.33082,41.11011],[140.329,41.11186],[140.32552,41.11263],[140.32215,41.11461],[140.32088,41.11339],[140.32342,41.11106],[140.324,41.10989],[140.3259,41.10915],[140.33011,41.11026],[140.33033,41.10908],[140.32779,41.10894],[140.32646,41.10782],[140.32698,41.10681],[140.33,41.10617],[140.33217,41.10695],[140.33359,41.10659],[140.3333,41.10495],[140.3354,41.10255],[140.33517,41.10065],[140.33283,41.09904],[140.33138,41.0988],[140.33357,41.09667],[140.33616,41.09616],[140.33776,41.09399],[140.3383,41.09181],[140.34585,41.09289],[140.34129,41.09054],[140.34006,41.09066],[140.33947,41.08872],[140.34567,41.08899],[140.34865,41.08813],[140.3499,41.08996],[140.35285,41.08996],[140.35615,41.09066],[140.3603,41.09402],[140.36207,41.09307],[140.3593,41.09015],[140.36,41.08818],[140.36302,41.08478],[140.36379,41.0834],[140.36333,41.07951],[140.36469,41.07737],[140.36808,41.07542],[140.36885,41.0759],[140.3699,41.07913],[140.3692,41.08073],[140.36988,41.08155],[140.36836,41.08352],[140.36725,41.08597],[140.36797,41.0874],[140.37039,41.08853],[140.37312,41.08808],[140.37348,41.08667],[140.37576,41.08346],[140.376,41.08147],[140.3738,41.07779],[140.37365,41.07516],[140.37261,41.07352],[140.37463,41.07205],[140.3741,41.06843],[140.37495,41.06843],[140.37568,41.07179],[140.37847,41.07305],[140.38218,41.07349],[140.38546,41.07699],[140.38792,41.07794],[140.39182,41.07877],[140.39253,41.08081],[140.39243,41.08295],[140.39453,41.08467],[140.39695,41.08466],[140.39679,41.08271],[140.39741,41.07737],[140.39674,41.07362],[140.39813,41.06991],[140.39792,41.06683],[140.39963,41.06645],[140.39981,41.06446],[140.4011,41.06278],[140.40107,41.0615],[140.40347,41.05971],[140.40273,41.05873],[140.40417,41.05772],[140.40939,41.05975],[140.41084,41.06168],[140.41198,41.06028],[140.41635,41.06124],[140.42395,41.06487],[140.42602,41.06649],[140.42975,41.0665],[140.42967,41.0676],[140.43182,41.06902],[140.43366,41.06928],[140.43498,41.07072],[140.43637,41.07015],[140.43369,41.06638],[140.43198,41.06497],[140.42717,41.06023],[140.42289,41.05876],[140.42018,41.0565],[140.4193,41.05407],[140.41792,41.05299],[140.41635,41.05014],[140.41646,41.04758],[140.41514,41.04474],[140.41773,41.04473],[140.41916,41.04319],[140.41816,41.04189],[140.42272,41.04019],[140.42192,41.04301],[140.42189,41.04479],[140.42358,41.04559],[140.42425,41.04818],[140.42591,41.04833],[140.42939,41.04977],[140.42874,41.0467],[140.4274,41.04556],[140.42768,41.04379],[140.4258,41.04247],[140.42395,41.04188],[140.42436,41.03987],[140.42576,41.03979],[140.42977,41.04202],[140.43131,41.0433],[140.43265,41.04331],[140.43374,41.04494],[140.43544,41.04591],[140.43466,41.04762],[140.43798,41.05329],[140.4386,41.05198],[140.43756,41.05132],[140.43643,41.04895],[140.44103,41.04697],[140.44402,41.04648],[140.4479,41.0468],[140.4495,41.04631],[140.44984,41.0479],[140.4512,41.04911],[140.45332,41.04759],[140.45522,41.04811],[140.4573,41.05023],[140.45919,41.05073],[140.46,41.05341],[140.46257,41.0548],[140.46251,41.05808],[140.46562,41.05988],[140.46882,41.06247],[140.46837,41.0603],[140.46436,41.05728],[140.46434,41.05583],[140.46279,41.05467],[140.46095,41.05179],[140.46388,41.05196],[140.46538,41.05314],[140.46743,41.0528],[140.46888,41.05477],[140.47085,41.05398],[140.47144,41.05142],[140.46685,41.05162],[140.46576,41.05217],[140.46405,41.05102],[140.45969,41.05018],[140.45886,41.04761],[140.45186,41.04548],[140.452,41.04408],[140.44992,41.04364],[140.44866,41.04462],[140.44592,41.04402],[140.44271,41.04385],[140.43998,41.04306],[140.43905,41.04214],[140.43616,41.04118],[140.43178,41.03846],[140.434,41.03758],[140.43654,41.03747],[140.4384,41.03607],[140.43429,41.03628],[140.43154,41.0369],[140.42853,41.03519],[140.42459,41.03161],[140.42446,41.02964],[140.4235,41.02801],[140.42149,41.02693],[140.42235,41.02619],[140.42588,41.02762],[140.42679,41.02943],[140.42901,41.03009],[140.42933,41.03168],[140.43115,41.03151],[140.43392,41.03243],[140.43737,41.03229],[140.43937,41.0303],[140.44364,41.02968],[140.44709,41.03106],[140.44883,41.03232],[140.45251,41.03573],[140.45442,41.0358],[140.45876,41.03784],[140.45864,41.03635],[140.45647,41.03543],[140.45113,41.03232],[140.45244,41.03103],[140.45084,41.02945],[140.45296,41.02827],[140.45989,41.02733],[140.46222,41.02589],[140.46359,41.02435],[140.46079,41.0233],[140.45593,41.02244],[140.45167,41.02107],[140.44688,41.01785],[140.44858,41.01759],[140.45022,41.01859],[140.45564,41.02054],[140.45626,41.01999],[140.44533,41.01605],[140.4443,41.01525],[140.44692,41.01404],[140.44903,41.0158],[140.45227,41.01559],[140.45676,41.01488],[140.46002,41.01523],[140.46498,41.01806],[140.46543,41.01978],[140.46929,41.01973],[140.46735,41.01637],[140.46344,41.0127],[140.46128,41.0122],[140.45845,41.01055],[140.45473,41.01074],[140.45409,41.01163],[140.44831,41.01214],[140.44943,41.00986],[140.45208,41.01065],[140.4565,41.00955],[140.4518,41.00919],[140.44979,41.00725],[140.44962,41.00596],[140.45073,41.00508],[140.45376,41.00586],[140.45981,41.0061],[140.46175,41.00693],[140.46252,41.00611],[140.45431,41.00429],[140.45353,41.00322],[140.45763,41.00254],[140.45652,41.00121],[140.45202,41.00075],[140.44821,41.0017],[140.44829,41.00318],[140.44678,41.00418],[140.44542,41.00406],[140.44294,41.00603],[140.43976,41.00655],[140.43761,41.00484],[140.43611,41.0052],[140.43141,41.0051],[140.43012,41.00637],[140.42908,41.00297],[140.42705,41.00314],[140.42507,41.00199],[140.42745,41.00003],[140.4264,40.99959],[140.42832,40.99542],[140.42982,40.99326],[140.43144,40.99449],[140.43481,40.99461],[140.43491,40.99221],[140.43274,40.99256],[140.42882,40.99163],[140.4316,40.99059],[140.43323,40.99108],[140.43448,40.99042],[140.43615,40.99104],[140.4379,40.99081],[140.4412,40.9924],[140.44505,40.99042],[140.44706,40.99275],[140.44814,40.99326],[140.45032,40.99639],[140.4513,40.99622],[140.45794,40.99871],[140.45937,40.99951],[140.4615,40.99948],[140.46259,41.0007],[140.46832,41.00264],[140.47226,41.00237],[140.47371,41.00323],[140.47605,41.00175],[140.47054,40.99944],[140.46949,40.99809],[140.46548,40.99694],[140.46253,40.99682],[140.4587,40.99389],[140.46053,40.99211],[140.46342,40.99134],[140.46393,40.98895],[140.4669,40.98742],[140.4679,40.98574],[140.46987,40.98434],[140.47305,40.98385],[140.47269,40.98287],[140.46931,40.98361],[140.46695,40.98514],[140.46488,40.98461],[140.46294,40.98547],[140.46167,40.98387],[140.46251,40.98183],[140.46199,40.98071],[140.46279,40.97952],[140.46157,40.97841],[140.4634,40.97498],[140.46482,40.9752],[140.46582,40.97835],[140.4667,40.97954],[140.47528,40.98087],[140.4778,40.98225],[140.4797,40.98163],[140.47733,40.97929],[140.4771,40.97729],[140.48116,40.97823],[140.48441,40.98052],[140.48569,40.98078],[140.48712,40.98223],[140.49136,40.98394],[140.49247,40.98287],[140.48936,40.97949],[140.48685,40.97798],[140.48539,40.97506],[140.4834,40.97425],[140.47993,40.97519],[140.47837,40.97502],[140.4744,40.97546],[140.47123,40.97525],[140.47344,40.97242],[140.47648,40.97182],[140.48011,40.97167],[140.48104,40.97238],[140.48363,40.9723],[140.4881,40.97452],[140.49034,40.97471],[140.48981,40.97318],[140.48773,40.9716],[140.48529,40.97095],[140.48076,40.97047],[140.47616,40.96798],[140.47371,40.96785],[140.47061,40.96715],[140.47005,40.96599],[140.47136,40.96457],[140.46994,40.96357],[140.46618,40.96286],[140.46351,40.96335],[140.46084,40.96302],[140.45757,40.96175],[140.46077,40.96121],[140.46254,40.96172],[140.46901,40.96249],[140.46988,40.96188],[140.46928,40.96034],[140.47158,40.9603],[140.47175,40.96151],[140.47309,40.96262],[140.47774,40.96425],[140.47943,40.96548],[140.48249,40.96641],[140.48459,40.96819],[140.48648,40.96684],[140.49017,40.9663],[140.49046,40.96501],[140.4882,40.96357],[140.4852,40.96324],[140.4816,40.96177],[140.48084,40.96053],[140.47869,40.95967],[140.47475,40.9595],[140.47327,40.95889],[140.47187,40.95942],[140.46987,40.95874],[140.46951,40.95771],[140.46744,40.95623],[140.46945,40.95333],[140.47229,40.9525],[140.47517,40.94973],[140.47831,40.94891],[140.48025,40.9479],[140.48405,40.94681],[140.48798,40.94674],[140.49021,40.9463],[140.48718,40.94245],[140.48346,40.94224],[140.48191,40.94295],[140.47818,40.94329],[140.47682,40.94238],[140.4743,40.94244],[140.47026,40.94386],[140.47007,40.94556],[140.4682,40.94695],[140.46793,40.9483],[140.4656,40.94902],[140.46498,40.95133],[140.46378,40.95189],[140.4641,40.95319],[140.46029,40.95432],[140.45763,40.95622],[140.45569,40.95638],[140.45367,40.9557],[140.45215,40.95446],[140.45028,40.95414],[140.44778,40.95283],[140.44873,40.95146],[140.4511,40.95169],[140.45234,40.95023],[140.45237,40.94872],[140.44975,40.94771],[140.44993,40.94706],[140.45587,40.94827],[140.45794,40.94737],[140.45623,40.94619],[140.45635,40.94519],[140.45258,40.94205],[140.45056,40.94233],[140.44998,40.94083],[140.45402,40.94117],[140.45577,40.94065],[140.45701,40.93901],[140.45297,40.93875],[140.45406,40.93697],[140.45592,40.93586],[140.45876,40.93625],[140.46085,40.935],[140.4631,40.93534],[140.46535,40.93673],[140.46623,40.93808],[140.46851,40.93833],[140.47205,40.93702],[140.47246,40.93575],[140.47465,40.9347],[140.47523,40.93346],[140.47283,40.93353],[140.47374,40.93206],[140.47317,40.93026],[140.47634,40.92807],[140.47716,40.93175],[140.47789,40.93148],[140.47709,40.92886],[140.47987,40.92738],[140.48224,40.92929],[140.48642,40.92958],[140.48724,40.92739],[140.49025,40.92905],[140.49316,40.92861],[140.49899,40.93168],[140.49943,40.9301],[140.50158,40.93032],[140.50485,40.92935],[140.50642,40.93103],[140.50994,40.93037],[140.50975,40.92877],[140.51198,40.92815],[140.51146,40.92683],[140.50963,40.92653],[140.50522,40.92428],[140.50538,40.92337],[140.50775,40.92304],[140.50804,40.92193],[140.51015,40.92122],[140.51295,40.92312],[140.51469,40.92587],[140.51738,40.9254],[140.51784,40.92643],[140.51956,40.9265],[140.52049,40.9209],[140.51884,40.91898],[140.51888,40.91741],[140.51638,40.91658],[140.51488,40.91533],[140.51728,40.91326],[140.51925,40.91349],[140.52236,40.91461],[140.52285,40.91274],[140.52531,40.91214],[140.53011,40.91203],[140.53226,40.91093],[140.53263,40.90966],[140.53516,40.90836],[140.53573,40.90639],[140.53731,40.90532],[140.53396,40.90455],[140.53218,40.90344],[140.52858,40.9025],[140.52499,40.90193],[140.51963,40.90375],[140.5166,40.90404],[140.51534,40.90341],[140.51345,40.90375],[140.50961,40.90244],[140.50898,40.9037],[140.50503,40.90348],[140.50529,40.90193],[140.50702,40.90077],[140.50896,40.90114],[140.51039,40.90047],[140.51261,40.90105],[140.51507,40.89996],[140.51737,40.90084],[140.51756,40.90198],[140.52164,40.90208],[140.52288,40.90137],[140.52243,40.89902],[140.52606,40.89933],[140.52779,40.8985],[140.53316,40.89987],[140.53599,40.89929],[140.53898,40.89994],[140.54083,40.89955],[140.54124,40.89628],[140.53882,40.89275],[140.53764,40.89354],[140.53641,40.89253],[140.53777,40.89131],[140.53558,40.89077],[140.53425,40.88919],[140.53019,40.88944],[140.52656,40.8881],[140.52514,40.88834],[140.52245,40.88786],[140.52285,40.8869],[140.52268,40.88641],[140.52177,40.88652],[140.52088,40.88641],[140.52007,40.88489],[140.51842,40.88507],[140.51575,40.8833],[140.51793,40.88253],[140.52166,40.88313],[140.52325,40.88156],[140.5202,40.88078],[140.51389,40.88104],[140.51389,40.87823],[140.51264,40.87755],[140.51059,40.87828],[140.50612,40.87753],[140.50454,40.8785],[140.50169,40.87854],[140.49789,40.87746],[140.4945,40.87699],[140.49096,40.87709],[140.48853,40.8765],[140.48539,40.87627],[140.48648,40.87442],[140.48532,40.87251],[140.48534,40.86969],[140.48386,40.86767],[140.48565,40.86636],[140.48817,40.86669],[140.48964,40.86562],[140.48466,40.86317],[140.48599,40.86058],[140.49107,40.86042],[140.49345,40.86003],[140.49653,40.86036],[140.49718,40.86114],[140.50054,40.86009],[140.503,40.86159],[140.50316,40.86308],[140.50464,40.86363],[140.5046,40.8613],[140.50351,40.85982],[140.50493,40.85917],[140.5083,40.85959],[140.50869,40.86168],[140.51007,40.86245],[140.50957,40.86388],[140.51519,40.86476],[140.51671,40.86395],[140.51988,40.86514],[140.52229,40.86466],[140.52501,40.8656],[140.52636,40.86689],[140.53054,40.86754],[140.53321,40.86728],[140.53616,40.86379],[140.53944,40.86291],[140.5383,40.86169],[140.54196,40.86092],[140.54214,40.86037],[140.54014,40.85788],[140.53829,40.85701],[140.5333,40.85744],[140.52517,40.85891],[140.52401,40.86105],[140.52035,40.85912],[140.51966,40.85717],[140.52041,40.85601],[140.5254,40.85513],[140.52467,40.85317],[140.52721,40.85235],[140.52886,40.85365],[140.5324,40.85302],[140.53455,40.8541],[140.53703,40.85394],[140.53886,40.85478],[140.54112,40.85412],[140.52914,40.85167],[140.529,40.84976],[140.53371,40.84918],[140.53314,40.84715],[140.53504,40.84653],[140.53604,40.84732],[140.53986,40.84682],[140.53856,40.84544],[140.54034,40.84411],[140.53719,40.84318],[140.53256,40.84355],[140.53145,40.84436],[140.528,40.84561],[140.52483,40.84323],[140.52762,40.84265],[140.52839,40.84186],[140.53353,40.84023],[140.53677,40.83737],[140.53935,40.83691],[140.53959,40.83497],[140.53466,40.83337],[140.5338,40.83261],[140.52708,40.83152],[140.5268,40.83047],[140.52987,40.82883],[140.52445,40.82664],[140.52525,40.82475],[140.52349,40.82246],[140.52423,40.8209],[140.529,40.81985],[140.52971,40.81896],[140.534,40.81945],[140.53526,40.81892],[140.54035,40.81957],[140.54428,40.81779],[140.54386,40.8192],[140.5449,40.82113],[140.54835,40.82202],[140.54981,40.82416],[140.55346,40.82283],[140.55573,40.82494],[140.55855,40.82511],[140.56807,40.82383],[140.56945,40.82431],[140.57162,40.82716],[140.57452,40.82906],[140.57615,40.82865],[140.57668,40.82543],[140.57598,40.82236],[140.57434,40.82265],[140.56933,40.82041],[140.56483,40.82051],[140.56389,40.81856],[140.5612,40.81695],[140.55902,40.81635],[140.55696,40.81658],[140.55454,40.81425],[140.55195,40.81329],[140.55123,40.81209],[140.54829,40.81236],[140.54746,40.81176],[140.54493,40.81256],[140.54664,40.81475],[140.54542,40.8169],[140.5411,40.81696],[140.53949,40.81742],[140.53114,40.81808],[140.5295,40.8179],[140.5264,40.81836],[140.52519,40.81642],[140.52229,40.81353],[140.52585,40.81282],[140.5257,40.81094],[140.52846,40.81005],[140.52445,40.80893],[140.52377,40.80942],[140.52077,40.80921],[140.51859,40.80589],[140.52017,40.80592],[140.5214,40.80691],[140.52322,40.80694],[140.52718,40.80851],[140.53038,40.8085],[140.53644,40.80655],[140.53991,40.80676],[140.54233,40.80614],[140.54463,40.80684],[140.5458,40.80452],[140.544,40.80284],[140.54277,40.80244],[140.54448,40.80016],[140.54646,40.79953],[140.54685,40.79785],[140.54393,40.79784],[140.5398,40.79644],[140.53784,40.79503],[140.53651,40.79505],[140.53594,40.79107],[140.53477,40.78898],[140.53238,40.78594],[140.53343,40.7845],[140.53693,40.78372],[140.53508,40.78203],[140.53129,40.7817],[140.53187,40.77991],[140.53103,40.77857],[140.53144,40.77699],[140.53039,40.77545],[140.53144,40.77479],[140.52981,40.77305],[140.53099,40.77237],[140.53457,40.77206],[140.53527,40.77089],[140.53182,40.77065],[140.5325,40.76899],[140.53742,40.76834],[140.5396,40.76648],[140.53994,40.76499],[140.54192,40.76305],[140.5457,40.76349],[140.54782,40.76419],[140.5488,40.76537],[140.54716,40.7674],[140.54847,40.76915],[140.54835,40.77198],[140.54742,40.77356],[140.54973,40.77662],[140.55158,40.77785],[140.55574,40.77767],[140.55521,40.77956],[140.55534,40.78281],[140.55483,40.78445],[140.55553,40.78752],[140.5566,40.78941],[140.55669,40.7912],[140.55869,40.79039],[140.56152,40.79177],[140.56498,40.7923],[140.56738,40.79365],[140.5696,40.79232],[140.57206,40.79181],[140.57167,40.79074],[140.56878,40.78992],[140.56298,40.7897],[140.56248,40.78858],[140.557,40.78689],[140.56165,40.78627],[140.55984,40.78485],[140.55703,40.78551],[140.55615,40.78468],[140.55629,40.78009],[140.55754,40.77778],[140.5569,40.77679],[140.5587,40.77531],[140.5558,40.77453],[140.55545,40.77237],[140.55635,40.77165],[140.55937,40.77157],[140.5607,40.77102],[140.5631,40.7711],[140.56264,40.76923],[140.56347,40.76847],[140.5632,40.7668],[140.55927,40.76589],[140.5569,40.76624],[140.556,40.76553],[140.56209,40.76523],[140.56785,40.76722],[140.57115,40.76695],[140.57272,40.76925],[140.57492,40.76858],[140.5755,40.76565],[140.57629,40.76469],[140.57408,40.7624],[140.57244,40.76146],[140.56669,40.76128],[140.56372,40.76321],[140.56019,40.76279],[140.56334,40.76107],[140.56917,40.75983],[140.57361,40.76043],[140.578,40.7654],[140.57821,40.76789],[140.57676,40.77016],[140.57666,40.77231],[140.57529,40.77471],[140.57301,40.77607],[140.5729,40.77893],[140.57222,40.77979],[140.57499,40.78346],[140.57783,40.78235],[140.5791,40.77952],[140.58124,40.77839],[140.58345,40.77866],[140.58182,40.7833],[140.58226,40.78508],[140.58489,40.78609],[140.58653,40.78555],[140.58707,40.7873],[140.58671,40.78896],[140.59015,40.78679],[140.59433,40.78487],[140.59936,40.78423],[140.60046,40.78492],[140.60112,40.78836],[140.60261,40.78937],[140.60353,40.79122],[140.6079,40.79013],[140.61012,40.79057],[140.6111,40.79208],[140.60901,40.79307],[140.60981,40.79394],[140.61263,40.79458],[140.61174,40.79835],[140.6125,40.80042],[140.61064,40.80153],[140.60889,40.80144],[140.60688,40.80231],[140.60533,40.80387],[140.60704,40.80617],[140.60784,40.8088],[140.60653,40.81095],[140.60928,40.81238],[140.61147,40.81451],[140.61271,40.81681],[140.61512,40.81733],[140.61896,40.8169],[140.61967,40.81814],[140.61888,40.81923],[140.62059,40.8208],[140.61924,40.8225],[140.61669,40.8232],[140.61413,40.8234],[140.61417,40.82646],[140.61751,40.82608],[140.61717,40.82373],[140.61921,40.82391],[140.62378,40.82531],[140.62574,40.82696],[140.62928,40.82831],[140.62783,40.83139],[140.62613,40.83077],[140.62048,40.83118],[140.62064,40.83416],[140.61955,40.83473],[140.61722,40.83834],[140.62148,40.84001],[140.62398,40.83989],[140.62327,40.84157],[140.62462,40.84226],[140.62649,40.84204],[140.62934,40.84337],[140.62789,40.84541],[140.63087,40.84625],[140.63293,40.84912],[140.6308,40.85167],[140.62906,40.85143],[140.62649,40.84957],[140.62332,40.85012],[140.62303,40.8529],[140.62041,40.85648],[140.62021,40.85835],[140.6238,40.86284],[140.6239,40.86408],[140.62714,40.86648],[140.62891,40.86729],[140.63142,40.86754],[140.63159,40.8693],[140.62924,40.86824],[140.62544,40.87109],[140.62491,40.87249],[140.62614,40.87354],[140.6256,40.87682],[140.62592,40.87883],[140.62809,40.88053],[140.62935,40.88452],[140.63017,40.88543],[140.63208,40.88578],[140.63767,40.88998],[140.63346,40.89049],[140.63189,40.88937],[140.62452,40.88668],[140.62059,40.88338],[140.61681,40.88574],[140.61901,40.8878],[140.62092,40.88897],[140.62342,40.88968],[140.62297,40.89274],[140.62088,40.89297],[140.61838,40.89534],[140.62118,40.89591],[140.6218,40.89662],[140.62653,40.89729],[140.62941,40.89856],[140.6318,40.8966],[140.63476,40.89775],[140.63616,40.899],[140.63863,40.8995],[140.63814,40.90105],[140.63603,40.90251],[140.63546,40.90496],[140.63442,40.90631],[140.63224,40.90536],[140.62883,40.90533],[140.62535,40.90363],[140.62453,40.90367],[140.62624,40.90727],[140.62566,40.9078],[140.61939,40.90681],[140.6183,40.90778],[140.61644,40.90784],[140.6123,40.90611],[140.61211,40.90527],[140.60832,40.9043],[140.61292,40.90737],[140.61303,40.90882],[140.61209,40.91138],[140.61404,40.91157],[140.61736,40.91104],[140.62298,40.90945],[140.62415,40.90876],[140.62588,40.90913],[140.62567,40.9104],[140.62778,40.91231],[140.62868,40.91467],[140.62821,40.91633],[140.62672,40.9171],[140.62384,40.91679],[140.62341,40.91887],[140.62237,40.92094],[140.62367,40.92247],[140.62082,40.92353],[140.61869,40.92193],[140.6165,40.92236],[140.61736,40.92489],[140.61688,40.92714],[140.61733,40.92958],[140.61693,40.93292],[140.61554,40.93385],[140.61413,40.93651],[140.61446,40.93947],[140.61612,40.94103],[140.61332,40.94258],[140.61167,40.9449],[140.61285,40.94697],[140.61526,40.94853],[140.61587,40.95127],[140.61831,40.95454],[140.62168,40.95715],[140.62194,40.95794],[140.61699,40.95823],[140.61383,40.95711],[140.60569,40.95808],[140.60712,40.96036],[140.61001,40.96006],[140.61145,40.96059],[140.6138,40.95994],[140.61648,40.96141],[140.61794,40.96075],[140.61959,40.96165],[140.62232,40.96099],[140.62364,40.96199],[140.62117,40.96364],[140.61852,40.96435],[140.6182,40.96505],[140.61394,40.96669],[140.61518,40.96877],[140.61386,40.97062],[140.61428,40.97183],[140.61337,40.97302],[140.61056,40.97405],[140.61056,40.97795],[140.60659,40.97788],[140.60533,40.97712],[140.60493,40.97515],[140.60548,40.97293],[140.60157,40.97449],[140.60004,40.97302],[140.59897,40.97615],[140.59527,40.97527],[140.59002,40.97447],[140.58796,40.97293],[140.58265,40.97283],[140.58222,40.97399],[140.58053,40.97439],[140.57609,40.97295],[140.57484,40.97456],[140.57817,40.97621],[140.57841,40.97772],[140.58022,40.97835],[140.58174,40.98117],[140.58419,40.9811],[140.58578,40.97991],[140.58732,40.98045],[140.58987,40.97993],[140.5884,40.97724],[140.59023,40.97662],[140.59476,40.98011],[140.59594,40.98178],[140.59957,40.98239],[140.60425,40.9826],[140.60521,40.98393],[140.60858,40.98317],[140.60979,40.98443],[140.60845,40.98617],[140.60843,40.98847],[140.60298,40.98953],[140.6004,40.98836],[140.59538,40.98723],[140.58836,40.98625],[140.58659,40.98528],[140.58408,40.98607],[140.58225,40.98607],[140.57902,40.98778],[140.58081,40.9899],[140.5837,40.99067],[140.58704,40.9929],[140.58824,40.99468],[140.59065,40.99611],[140.59368,40.99736],[140.59386,40.99823],[140.59584,40.99957],[140.59453,41.00124],[140.59503,41.00226],[140.59375,41.00382],[140.59071,41.00457],[140.58752,41.00373],[140.58613,41.00638],[140.5841,41.00707],[140.58191,41.0069],[140.58032,41.00819],[140.5793,41.01207],[140.5795,41.01365],[140.58144,41.01442],[140.58375,41.01404],[140.58507,41.01558],[140.58127,41.01569],[140.58188,41.01762],[140.58011,41.01763],[140.57826,41.01546],[140.57586,41.01748],[140.57492,41.01885],[140.57609,41.01996],[140.57472,41.02104],[140.57268,41.02104],[140.56892,41.02513],[140.5684,41.02664],[140.57124,41.02683],[140.57345,41.02571],[140.57453,41.02744],[140.57614,41.02874],[140.57064,41.03104],[140.56992,41.03246],[140.5693,41.03606],[140.57146,41.03743],[140.56786,41.04018],[140.56584,41.03935],[140.56599,41.03821],[140.5637,41.03628],[140.56202,41.03647],[140.55847,41.03294],[140.55611,41.03329],[140.55404,41.03259],[140.55315,41.03348],[140.55017,41.03286],[140.54761,41.03289],[140.54758,41.03566],[140.55136,41.03591],[140.55256,41.03648],[140.55545,41.03617],[140.55878,41.03673],[140.56129,41.03796],[140.56153,41.03879],[140.56435,41.04155],[140.56465,41.04314],[140.56234,41.04265],[140.55943,41.04317],[140.55584,41.04517],[140.55897,41.04646],[140.55941,41.04937],[140.55705,41.05393],[140.55749,41.05649],[140.55611,41.0579],[140.55207,41.0585],[140.55145,41.05707],[140.54926,41.05604],[140.54495,41.05624],[140.5431,41.05741],[140.54315,41.05874],[140.54433,41.0603],[140.54421,41.06289],[140.54659,41.06333],[140.5468,41.06429],[140.54375,41.06439],[140.54339,41.06795],[140.54232,41.06842],[140.54107,41.07033],[140.54189,41.07085],[140.54085,41.07367],[140.54207,41.07493],[140.53922,41.07737],[140.54097,41.07888],[140.54104,41.08121],[140.54318,41.0826],[140.54683,41.08087],[140.5489,41.08075],[140.55033,41.08171],[140.55178,41.08434],[140.55096,41.0872],[140.55319,41.08869],[140.55301,41.09033],[140.55399,41.0933],[140.55401,41.0958],[140.5556,41.09778],[140.55253,41.10099],[140.55042,41.10143],[140.54823,41.101],[140.543,41.10328],[140.54239,41.10508],[140.53942,41.10753],[140.53566,41.10829],[140.53391,41.10999],[140.53311,41.11241],[140.53075,41.11362],[140.52902,41.11321],[140.52685,41.11576],[140.52303,41.11442],[140.52274,41.11279],[140.52318,41.11037],[140.51536,41.11023],[140.51514,41.11201],[140.51956,41.11148],[140.52132,41.11353],[140.52234,41.11593],[140.52427,41.11597],[140.52296,41.11816],[140.5226,41.12006],[140.51989,41.12381],[140.51922,41.12539],[140.51914,41.13058],[140.51779,41.13195],[140.51753,41.13332],[140.51238,41.13214],[140.50973,41.12973],[140.50922,41.12854],[140.50545,41.12768],[140.50601,41.13024],[140.50785,41.13081],[140.50815,41.13208],[140.51004,41.1329],[140.50805,41.13491],[140.50622,41.13478],[140.50347,41.13262],[140.5007,41.1331],[140.49759,41.13158],[140.4946,41.13193],[140.4921,41.13367],[140.48936,41.13392],[140.48991,41.13676],[140.49171,41.1382],[140.49289,41.14013],[140.49648,41.14228],[140.4979,41.14242],[140.49942,41.14373],[140.49949,41.1451],[140.50199,41.14902],[140.50195,41.1505],[140.503,41.15112],[140.49936,41.15542],[140.49914,41.15706],[140.49974,41.16031],[140.49762,41.16163],[140.49558,41.16213],[140.4928,41.16191],[140.48913,41.16042],[140.48812,41.15889],[140.48974,41.15229],[140.48644,41.15371],[140.48585,41.15587],[140.48186,41.15514],[140.47797,41.15324],[140.47742,41.15097],[140.47462,41.14741],[140.47156,41.14601],[140.46757,41.14474],[140.46311,41.14487],[140.46307,41.14618],[140.46439,41.14812],[140.46212,41.15025],[140.46517,41.15498],[140.46455,41.15617],[140.46509,41.15853],[140.46442,41.15975],[140.46679,41.16092],[140.46643,41.16246],[140.46736,41.16498],[140.46395,41.16666],[140.4629,41.16607],[140.45745,41.16549],[140.45717,41.16725],[140.45858,41.16884],[140.45842,41.17079],[140.45645,41.17086],[140.45497,41.17289],[140.45375,41.17565],[140.45222,41.17619],[140.45144,41.17788],[140.45213,41.18002],[140.44819,41.18122],[140.44641,41.17847],[140.44491,41.17881],[140.44347,41.1769],[140.44346,41.17526],[140.44084,41.17419],[140.43941,41.1722],[140.43838,41.16966],[140.4371,41.16929]],[[140.40148,41.10468],[140.40409,41.10527],[140.40389,41.10389],[140.40177,41.1035],[140.40148,41.10468]],[[140.52911,40.81458],[140.52801,40.8135],[140.52624,40.81368],[140.52663,40.81499],[140.52911,40.81458]],[[140.33922,41.1021],[140.34167,41.10196],[140.34056,41.10011],[140.33922,41.1021]],[[140.40624,41.089],[140.40599,41.09014],[140.4077,41.09082],[140.40865,41.08896],[140.40624,41.089]],[[140.46231,41.16196],[140.46559,41.16211],[140.46614,41.16134],[140.46391,41.16016],[140.46231,41.16196]],[[140.61079,40.90837],[140.60895,40.90992],[140.61042,40.91214],[140.61169,40.91117],[140.61079,40.90837]],[[140.61864,40.85307],[140.62102,40.8509],[140.61699,40.85088],[140.61769,40.85273],[140.61864,40.85307]],[[140.60825,40.96754],[140.60743,40.96558],[140.60345,40.96475],[140.60394,40.96666],[140.60825,40.96754]],[[140.61619,40.822],[140.61894,40.82127],[140.61773,40.81938],[140.61588,40.82026],[140.61619,40.822]],[[140.36302,41.11505],[140.3665,41.11298],[140.36462,41.11193],[140.36212,41.11293],[140.36104,41.11477],[140.36302,41.11505]],[[140.51728,40.8675],[140.51698,40.86988],[140.51914,40.87167],[140.52077,40.8709],[140.51728,40.8675]],[[140.54341,40.89761],[140.54282,40.90011],[140.54582,40.90051],[140.54715,40.89932],[140.54584,40.89836],[140.54341,40.89761]],[[140.51183,40.86455],[140.51082,40.8656],[140.51156,40.86756],[140.51056,40.8698],[140.51368,40.87029],[140.51464,40.86973],[140.51269,40.8682],[140.51309,40.8669],[140.51183,40.86455]],[[140.60512,40.81717],[140.60622,40.81758],[140.60851,40.8158],[140.60873,40.81486],[140.60525,40.81176],[140.6047,40.813],[140.60589,40.81405],[140.60503,40.81546],[140.60512,40.81717]],[[140.52325,40.88664],[140.52362,40.88782],[140.52607,40.88705],[140.52593,40.88578],[140.52789,40.88477],[140.52313,40.88459],[140.52147,40.88502],[140.52104,40.88618],[140.52204,40.88641],[140.52307,40.8861],[140.52325,40.88664]],[[140.53336,40.87405],[140.53285,40.87746],[140.53499,40.87701],[140.53626,40.87555],[140.53927,40.87391],[140.53336,40.87405]],[[140.50532,40.86398],[140.50697,40.86438],[140.50807,40.86589],[140.50938,40.86635],[140.50927,40.86374],[140.50786,40.86101],[140.5053,40.86117],[140.5061,40.86353],[140.50532,40.86398]],[[140.60402,40.96423],[140.60651,40.96334],[140.60624,40.96194],[140.60486,40.95995],[140.60206,40.96207],[140.60402,40.96423]],[[140.50749,40.93794],[140.50584,40.93772],[140.50652,40.94041],[140.50823,40.93929],[140.50749,40.93794]],[[140.49201,40.99551],[140.48995,40.99299],[140.48563,40.99254],[140.4857,40.99367],[140.4881,40.99314],[140.48989,40.99391],[140.48997,40.997],[140.49187,40.99764],[140.49201,40.99551]],[[140.61215,40.92307],[140.60881,40.92485],[140.60649,40.92568],[140.60693,40.92779],[140.60958,40.92813],[140.61242,40.92573],[140.61215,40.92307]],[[140.34569,41.13027],[140.34114,41.12888],[140.33571,41.12789],[140.33501,41.12854],[140.33746,41.12986],[140.33866,41.12933],[140.34404,41.13085],[140.34569,41.13027]],[[140.34708,41.09347],[140.35159,41.09485],[140.35577,41.0953],[140.35718,41.0945],[140.3546,41.09346],[140.35619,41.09178],[140.35583,41.09108],[140.35328,41.09104],[140.34961,41.09161],[140.34708,41.09347]],[[140.54239,40.82983],[140.54067,40.82939],[140.53884,40.8308],[140.53827,40.8322],[140.54061,40.83312],[140.54258,40.83287],[140.5429,40.83187],[140.54513,40.83151],[140.54631,40.83202],[140.5476,40.8308],[140.54625,40.82873],[140.54239,40.82983]],[[140.50812,40.94288],[140.5079,40.94585],[140.5096,40.94633],[140.50928,40.94837],[140.51118,40.94882],[140.51536,40.94848],[140.51595,40.9471],[140.5112,40.94562],[140.50812,40.94288]],[[140.61397,40.91932],[140.61487,40.91877],[140.61498,40.91634],[140.61243,40.91498],[140.60972,40.91519],[140.60908,40.91726],[140.60761,40.91791],[140.61018,40.92156],[140.6117,40.92037],[140.61396,40.92078],[140.61397,40.91932]],[[140.56081,40.79516],[140.5589,40.79609],[140.55701,40.79801],[140.55835,40.80044],[140.5588,40.80327],[140.56082,40.803],[140.56014,40.80013],[140.56307,40.7985],[140.56115,40.79692],[140.56081,40.79516]],[[140.50482,41.02712],[140.50611,41.02503],[140.50613,41.02342],[140.50349,41.02067],[140.50074,41.01956],[140.49929,41.02128],[140.49921,41.02286],[140.50378,41.02498],[140.50482,41.02712]],[[140.58537,40.85754],[140.58682,40.85561],[140.58552,40.8537],[140.58753,40.85065],[140.58676,40.84962],[140.58313,40.85044],[140.58331,40.85168],[140.58027,40.85446],[140.58255,40.85727],[140.58537,40.85754]],[[140.58496,40.96984],[140.58721,40.97091],[140.58801,40.97044],[140.59072,40.97174],[140.59398,40.97254],[140.5946,40.97113],[140.58856,40.96904],[140.5857,40.96861],[140.58496,40.96984]],[[140.61201,40.836],[140.61426,40.83489],[140.61557,40.83333],[140.61596,40.83125],[140.61491,40.8298],[140.61092,40.82997],[140.60818,40.8314],[140.60561,40.832],[140.60777,40.83515],[140.61001,40.83715],[140.61201,40.836]],[[140.52384,40.91932],[140.52602,40.92078],[140.52952,40.92186],[140.53332,40.92],[140.53318,40.91867],[140.53121,40.91729],[140.52905,40.91827],[140.52562,40.91639],[140.52322,40.91678],[140.52384,40.91932]],[[140.40988,41.09354],[140.40636,41.09769],[140.40728,41.10006],[140.40813,41.10031],[140.40876,41.10272],[140.41156,41.10237],[140.4126,41.09973],[140.41563,41.09972],[140.41597,41.09823],[140.41397,41.09619],[140.41475,41.0941],[140.4142,41.09331],[140.41122,41.09282],[140.40988,41.09354]],[[140.52788,41.07697],[140.52881,41.07761],[140.53106,41.07758],[140.53233,41.07683],[140.53073,41.07388],[140.52766,41.07297],[140.52559,41.07111],[140.52397,41.07082],[140.52184,41.07165],[140.51881,41.07174],[140.51778,41.07282],[140.52028,41.07427],[140.52172,41.07439],[140.52382,41.07293],[140.52547,41.07394],[140.52823,41.07458],[140.52871,41.0761],[140.52788,41.07697]],[[140.53041,40.94579],[140.53085,40.94429],[140.5291,40.94195],[140.52913,40.94001],[140.52626,40.93798],[140.52528,40.93488],[140.52342,40.93326],[140.52256,40.93585],[140.52385,40.9376],[140.52376,40.94157],[140.525,40.94329],[140.52862,40.9445],[140.53041,40.94579]],[[140.39992,41.19348],[140.40024,41.19279],[140.39844,41.19007],[140.39532,41.18844],[140.39329,41.18651],[140.38995,41.18718],[140.38691,41.18957],[140.38572,41.19225],[140.38585,41.19358],[140.38853,41.19733],[140.39029,41.19826],[140.39139,41.19973],[140.39416,41.19913],[140.39776,41.19597],[140.3993,41.19531],[140.39992,41.19348]],[[140.5774,40.85833],[140.57959,40.85986],[140.58095,40.85839],[140.58002,40.85612],[140.57859,40.85456],[140.57866,40.85282],[140.57371,40.85444],[140.57208,40.85451],[140.56881,40.85338],[140.56672,40.85631],[140.56288,40.85544],[140.55877,40.8554],[140.55755,40.85426],[140.5553,40.85337],[140.5525,40.85164],[140.55146,40.8518],[140.54911,40.85375],[140.5455,40.85459],[140.54848,40.85568],[140.55123,40.85782],[140.55344,40.85838],[140.55868,40.86042],[140.56215,40.86147],[140.56746,40.85842],[140.56969,40.85521],[140.57124,40.85556],[140.57256,40.85815],[140.57554,40.85734],[140.5774,40.85833]],[[140.52381,41.08597],[140.52287,41.08392],[140.5228,41.08202],[140.52473,41.08211],[140.52496,41.08013],[140.52248,41.08021],[140.52287,41.07774],[140.52074,41.07755],[140.51887,41.07995],[140.51712,41.08068],[140.52,41.08358],[140.52114,41.08369],[140.52099,41.08629],[140.52337,41.08739],[140.52444,41.08932],[140.52472,41.09277],[140.5257,41.09306],[140.52541,41.08964],[140.52381,41.08597]],[[140.54779,40.91034],[140.55438,40.91067],[140.5567,40.91144],[140.56667,40.91088],[140.56941,40.91133],[140.5727,40.91092],[140.57379,40.91013],[140.5706,40.90746],[140.57303,40.90553],[140.571,40.90518],[140.56929,40.9042],[140.56552,40.90393],[140.56109,40.90503],[140.55447,40.90307],[140.554,40.90165],[140.55754,40.90129],[140.55827,40.89752],[140.55717,40.89723],[140.55137,40.89963],[140.55014,40.90058],[140.5472,40.90173],[140.55059,40.90322],[140.54966,40.90429],[140.54684,40.90556],[140.5441,40.90444],[140.54158,40.90487],[140.54164,40.90621],[140.53975,40.90833],[140.5447,40.90968],[140.54675,40.91066],[140.54779,40.91034]],[[140.37413,41.16929],[140.37503,41.16766],[140.37482,41.16151],[140.38091,41.15757],[140.38436,41.15583],[140.37687,41.15312],[140.37697,41.15074],[140.3752,41.15006],[140.37393,41.14817],[140.37292,41.14799],[140.36983,41.15082],[140.36641,41.15083],[140.36532,41.15273],[140.36312,41.15335],[140.36366,41.15536],[140.36594,41.15791],[140.36806,41.16215],[140.3688,41.16667],[140.36815,41.16826],[140.36992,41.17072],[140.37149,41.17063],[140.37413,41.16929]],[[140.54007,40.8835],[140.53921,40.88596],[140.53989,40.88759],[140.54132,40.889],[140.5437,40.88836],[140.54581,40.88848],[140.55271,40.89054],[140.55482,40.89079],[140.56044,40.89254],[140.55784,40.89039],[140.554,40.8892],[140.551,40.88896],[140.54648,40.88768],[140.54648,40.88686],[140.54312,40.88665],[140.54336,40.88503],[140.54637,40.88337],[140.54791,40.88385],[140.54894,40.88297],[140.55316,40.88423],[140.55434,40.88412],[140.55586,40.88528],[140.56102,40.88721],[140.55826,40.88434],[140.55562,40.88339],[140.55058,40.88261],[140.54916,40.88124],[140.55005,40.87903],[140.55277,40.87944],[140.55664,40.8795],[140.55854,40.88036],[140.55939,40.87954],[140.55561,40.87898],[140.55745,40.8766],[140.55486,40.87643],[140.55196,40.87786],[140.5512,40.8771],[140.5534,40.87518],[140.55083,40.87515],[140.54912,40.87643],[140.54818,40.87852],[140.54621,40.87952],[140.54364,40.87732],[140.54123,40.87757],[140.53842,40.87844],[140.53787,40.87938],[140.53833,40.8831],[140.54007,40.8835]],[[140.56837,40.836],[140.57094,40.83495],[140.5749,40.83426],[140.57926,40.83441],[140.58065,40.833],[140.57635,40.83065],[140.57101,40.83122],[140.56806,40.83194],[140.5642,40.8341],[140.56341,40.8365],[140.56249,40.83688],[140.55874,40.83651],[140.55369,40.83906],[140.55126,40.84181],[140.55061,40.84351],[140.54581,40.84652],[140.5466,40.84708],[140.54873,40.84606],[140.55026,40.84449],[140.5529,40.84315],[140.55567,40.84029],[140.55747,40.83965],[140.56065,40.83972],[140.56271,40.84119],[140.56556,40.84101],[140.56938,40.84158],[140.56913,40.84073],[140.56595,40.84014],[140.56317,40.84032],[140.56175,40.83893],[140.56503,40.838],[140.56991,40.83918],[140.57634,40.83993],[140.57629,40.83903],[140.57158,40.83854],[140.56593,40.83731],[140.56837,40.836]]]},"properties":{"hoanrinKind":"保安林"}},
{"type":"Feature","geometry":{"type":"Polygon","coordinates":[[[140.37149,41.24632],[140.36797,41.24628],[140.36595,41.24536],[140.37066,41.24507],[140.37149,41.24632]]]},"properties":{"hoanrinKind":"保安林"}},
{"type":"Feature","geometry":{"type":"Polygon","coordinates":[[[140.54421,40.5027],[140.54514,40.50039],[140.54264,40.49863],[140.54608,40.49658],[140.54674,40.4971],[140.54551,40.49955],[140.54809,40.50106],[140.55102,40.50001],[140.55134,40.50314],[140.54644,40.50437],[140.545,40.50551],[140.54369,40.50382],[140.54421,40.5027]]]},"properties":{"hoanrinKind":"保安林"}},
{"type":"Feature","geometry":{"type":"Polygon","coordinates":[[[140.5679,40.53941],[140.56706,40.53856],[140.56717,40.53667],[140.5709,40.53487],[140.57198,40.53373],[140.57325,40.53435],[140.57619,40.53754],[140.57284,40.54167],[140.5679,40.53941]],[[140.57019,40.53909],[140.57323,40.5388],[140.57221,40.53533],[140.57036,40.53747],[140.57019,40.53909]]]},"properties":{"hoanrinKind":"保安林"}},
{"type":"Feature","geometry":{"type":"Polygon","coordinates":[[[140.63696,41.1693],[140.63782,41.17072],[140.63632,41.17317],[140.63659,41.17487],[140.63545,41.17619],[140.63328,41.17558],[140.63274,41.17966],[140.63089,41.17876],[140.63016,41.17731],[140.62877,41.17692],[140.62629,41.1752],[140.62448,41.175],[140.62538,41.17694],[140.62873,41.17841],[140.62701,41.17966],[140.62642,41.18144],[140.62958,41.18283],[140.62972,41.18541],[140.63049,41.18678],[140.63228,41.18819],[140.63096,41.19014],[140.62893,41.18933],[140.62778,41.18962],[140.62545,41.18752],[140.62436,41.18799],[140.62524,41.19044],[140.62407,41.19076],[140.62147,41.18916],[140.62079,41.19086],[140.61873,41.19121],[140.61357,41.18956],[140.6125,41.19154],[140.61234,41.19376],[140.61434,41.19532],[140.61891,41.19447],[140.61955,41.19579],[140.61578,41.19667],[140.61456,41.19789],[140.61488,41.19952],[140.61227,41.20185],[140.60997,41.20748],[140.60715,41.21007],[140.60447,41.21025],[140.60212,41.21107],[140.60042,41.21292],[140.59834,41.2131],[140.5973,41.21248],[140.59235,41.21376],[140.59431,41.21526],[140.59565,41.21459],[140.59883,41.2145],[140.60057,41.21359],[140.60326,41.21411],[140.59418,41.21557],[140.59027,41.21566],[140.59003,41.21378],[140.58726,41.21162],[140.58666,41.21746],[140.58502,41.21621],[140.58272,41.21539],[140.57969,41.21615],[140.57976,41.21746],[140.57734,41.21836],[140.57637,41.21705],[140.57221,41.21904],[140.56981,41.22072],[140.56757,41.21897],[140.56482,41.21921],[140.56072,41.21801],[140.5581,41.21671],[140.55428,41.21645],[140.55249,41.21437],[140.55331,41.21301],[140.55201,41.21245],[140.55134,41.21445],[140.54913,41.21606],[140.54586,41.21565],[140.54355,41.21593],[140.54425,41.21321],[140.54288,41.21247],[140.54134,41.21474],[140.54038,41.21473],[140.54142,41.21088],[140.54157,41.20744],[140.53934,41.20963],[140.53567,41.20873],[140.53067,41.20925],[140.52836,41.2089],[140.5261,41.20951],[140.524,41.2089],[140.52567,41.20522],[140.52455,41.20359],[140.52748,41.20243],[140.52981,41.20262],[140.53148,41.20107],[140.53363,41.20022],[140.53618,41.19983],[140.53712,41.20024],[140.53863,41.19837],[140.54197,41.19639],[140.54543,41.19325],[140.54493,41.19228],[140.5408,41.19257],[140.53517,41.19457],[140.538,41.19068],[140.53843,41.18902],[140.53418,41.19042],[140.53162,41.19384],[140.53058,41.19322],[140.52415,41.19329],[140.52338,41.19132],[140.51536,41.19151],[140.519,41.18877],[140.51933,41.18802],[140.52219,41.18644],[140.52932,41.18654],[140.53157,41.18599],[140.53288,41.18455],[140.53685,41.18341],[140.53744,41.18168],[140.53991,41.18117],[140.54549,41.18071],[140.55041,41.18064],[140.55417,41.18187],[140.55711,41.17831],[140.5544,41.17789],[140.5496,41.17988],[140.54352,41.17963],[140.54369,41.17797],[140.5477,41.17662],[140.54643,41.17562],[140.54253,41.17572],[140.54085,41.1738],[140.53875,41.17293],[140.53942,41.17201],[140.53762,41.17094],[140.53361,41.17016],[140.53268,41.16916],[140.52974,41.16879],[140.52949,41.16721],[140.53047,41.16637],[140.52747,41.16468],[140.53175,41.15897],[140.53336,41.15735],[140.54043,41.15594],[140.53612,41.15421],[140.53392,41.15373],[140.53356,41.15225],[140.54341,41.15567],[140.5468,41.15603],[140.55178,41.15885],[140.55185,41.15801],[140.54764,41.15522],[140.54406,41.15486],[140.53886,41.15281],[140.5368,41.15253],[140.53308,41.15113],[140.53151,41.14959],[140.5339,41.14933],[140.53377,41.14807],[140.53072,41.14888],[140.52016,41.1481],[140.51518,41.14696],[140.51553,41.14582],[140.51783,41.14312],[140.51945,41.14399],[140.52176,41.14291],[140.52519,41.14365],[140.52836,41.14325],[140.52736,41.14204],[140.52828,41.13965],[140.52742,41.13823],[140.53036,41.13671],[140.53102,41.13546],[140.53291,41.13392],[140.53125,41.13322],[140.52812,41.13674],[140.5232,41.1372],[140.52127,41.13621],[140.52232,41.13471],[140.5222,41.13319],[140.52082,41.13156],[140.52275,41.12873],[140.52267,41.12599],[140.52679,41.12391],[140.52724,41.12248],[140.52658,41.12071],[140.52761,41.11862],[140.533,41.11663],[140.53201,41.11341],[140.53381,41.11255],[140.53436,41.11039],[140.53571,41.10869],[140.53977,41.10779],[140.54292,41.10511],[140.54349,41.10365],[140.54754,41.10226],[140.5483,41.10163],[140.55284,41.10149],[140.5561,41.09822],[140.55921,41.09797],[140.56062,41.09914],[140.56068,41.10053],[140.55811,41.10238],[140.55774,41.1037],[140.55848,41.10639],[140.55802,41.1105],[140.55957,41.111],[140.55984,41.10799],[140.55916,41.10695],[140.55997,41.10283],[140.56184,41.10293],[140.56215,41.10005],[140.56294,41.09827],[140.56605,41.09777],[140.56511,41.09549],[140.56555,41.09249],[140.56391,41.09025],[140.56486,41.08802],[140.56491,41.08586],[140.56707,41.08437],[140.5749,41.08557],[140.57516,41.08807],[140.57926,41.09015],[140.57988,41.09169],[140.58199,41.09046],[140.58319,41.08897],[140.58366,41.08698],[140.58541,41.08477],[140.58376,41.08351],[140.58785,41.08319],[140.58906,41.08174],[140.58908,41.08031],[140.58575,41.07826],[140.58245,41.07741],[140.57546,41.07152],[140.57377,41.06964],[140.57418,41.06742],[140.57601,41.06705],[140.57688,41.06898],[140.57859,41.06739],[140.58012,41.06733],[140.58207,41.06876],[140.58424,41.07105],[140.5869,41.07005],[140.5894,41.07147],[140.59071,41.07324],[140.59231,41.07388],[140.59343,41.07543],[140.59436,41.07795],[140.59525,41.0778],[140.59277,41.0736],[140.58821,41.06814],[140.59138,41.06775],[140.59185,41.06479],[140.58995,41.06351],[140.5922,41.06236],[140.59364,41.06283],[140.59618,41.06159],[140.59666,41.06017],[140.5988,41.05918],[140.6009,41.05989],[140.60074,41.06146],[140.60288,41.06223],[140.60599,41.06432],[140.60283,41.06778],[140.60129,41.06738],[140.60079,41.06609],[140.59918,41.06615],[140.5975,41.06758],[140.59564,41.06814],[140.59329,41.06754],[140.59308,41.06867],[140.59535,41.0727],[140.59769,41.0751],[140.60084,41.07469],[140.60247,41.07334],[140.60172,41.07188],[140.60284,41.06987],[140.60511,41.06983],[140.60776,41.06487],[140.6092,41.06543],[140.61452,41.0647],[140.61689,41.06522],[140.61858,41.06453],[140.62782,41.0641],[140.62769,41.06478],[140.6249,41.06656],[140.62247,41.06724],[140.62187,41.07031],[140.62332,41.07191],[140.62477,41.0726],[140.6237,41.07429],[140.62148,41.07425],[140.61969,41.07636],[140.61688,41.07881],[140.61986,41.07964],[140.62148,41.07872],[140.6253,41.07831],[140.62848,41.08002],[140.62785,41.08225],[140.6247,41.08135],[140.62193,41.08144],[140.62198,41.084],[140.61817,41.08506],[140.61715,41.08607],[140.62017,41.08713],[140.62259,41.09108],[140.61994,41.09482],[140.62322,41.0958],[140.62521,41.09574],[140.62996,41.09712],[140.62994,41.09797],[140.62629,41.09738],[140.62276,41.09774],[140.62021,41.09884],[140.62033,41.1031],[140.61882,41.1047],[140.62159,41.10736],[140.62294,41.10776],[140.62382,41.10919],[140.62702,41.10985],[140.6255,41.1114],[140.62406,41.11087],[140.62063,41.11143],[140.62085,41.11418],[140.62147,41.11554],[140.62568,41.11454],[140.62547,41.1162],[140.62147,41.11864],[140.61479,41.12086],[140.61334,41.12424],[140.61694,41.12542],[140.61918,41.12446],[140.62147,41.12458],[140.62396,41.12373],[140.62551,41.12457],[140.62904,41.12485],[140.63002,41.12705],[140.62857,41.12756],[140.62747,41.12666],[140.62488,41.12711],[140.62323,41.12689],[140.62221,41.12783],[140.62409,41.12993],[140.62135,41.13213],[140.6215,41.13334],[140.61915,41.13435],[140.61432,41.1353],[140.61308,41.13609],[140.60904,41.13611],[140.60585,41.13769],[140.60502,41.14011],[140.60755,41.14125],[140.61058,41.14049],[140.61243,41.1405],[140.6199,41.14267],[140.62072,41.14098],[140.62229,41.13996],[140.62233,41.13893],[140.62442,41.13848],[140.62682,41.13711],[140.62577,41.13985],[140.62867,41.14239],[140.62434,41.14352],[140.62637,41.14521],[140.62531,41.14821],[140.62712,41.15039],[140.62459,41.15207],[140.6217,41.15324],[140.61846,41.15498],[140.61793,41.15584],[140.61538,41.1564],[140.61143,41.15911],[140.61234,41.16195],[140.61377,41.16316],[140.61567,41.16198],[140.6199,41.16378],[140.62248,41.16273],[140.62569,41.16203],[140.62855,41.16223],[140.63084,41.16172],[140.636,41.16254],[140.63798,41.16637],[140.63598,41.16561],[140.6347,41.16585],[140.63402,41.16823],[140.63696,41.1693]],[[140.6064,41.19146],[140.60602,41.19021],[140.60342,41.18972],[140.6035,41.19097],[140.6064,41.19146]],[[140.55,41.13106],[140.55071,41.12921],[140.54788,41.12946],[140.55,41.13106]],[[140.54288,41.1693],[140.54266,41.16804],[140.53936,41.16781],[140.53901,41.16977],[140.54288,41.1693]],[[140.56965,41.16629],[140.5704,41.16486],[140.56916,41.16296],[140.56803,41.16344],[140.56965,41.16629]],[[140.5403,41.14871],[140.54186,41.14859],[140.54582,41.14928],[140.54361,41.14738],[140.53992,41.14751],[140.5403,41.14871]],[[140.6067,41.09347],[140.60784,41.09337],[140.6089,41.09171],[140.60796,41.08979],[140.60465,41.09136],[140.60543,41.09297],[140.6067,41.09347]],[[140.53796,41.1699],[140.54001,41.17157],[140.54326,41.17125],[140.54284,41.17004],[140.53902,41.17041],[140.53796,41.1699]],[[140.55153,41.19976],[140.55425,41.20186],[140.55787,41.20248],[140.55738,41.20076],[140.55545,41.19885],[140.55301,41.199],[140.55153,41.19976]],[[140.60386,41.10258],[140.60613,41.10354],[140.60877,41.10276],[140.61014,41.10045],[140.60743,41.09994],[140.60386,41.10258]],[[140.55541,41.21603],[140.55544,41.21435],[140.55894,41.21131],[140.55933,41.21045],[140.55736,41.2094],[140.55417,41.2113],[140.55448,41.21316],[140.55372,41.21535],[140.55541,41.21603]]]},"properties":{"hoanrinKind":"保安林"}},
{"type":"Feature","geometry":{"type":"Polygon","coordinates":[[[140.65903,40.50271],[140.66081,40.50054],[140.65971,40.49946],[140.65649,40.4983],[140.65439,40.49652],[140.65241,40.49565],[140.65895,40.49555],[140.66332,40.49931],[140.6656,40.50018],[140.66965,40.50091],[140.67081,40.50241],[140.67292,40.50375],[140.67539,40.50454],[140.67724,40.50715],[140.67647,40.50888],[140.67492,40.50856],[140.67442,40.51179],[140.67242,40.51132],[140.67245,40.5078],[140.66808,40.50874],[140.66771,40.51113],[140.66579,40.51099],[140.66326,40.51156],[140.66104,40.51285],[140.65719,40.51208],[140.65809,40.51025],[140.66112,40.50982],[140.66239,40.50833],[140.66052,40.50705],[140.65876,40.50888],[140.65787,40.50819],[140.65767,40.50627],[140.65668,40.50554],[140.65857,40.50446],[140.65903,40.50271]]]},"properties":{"hoanrinKind":"保安林"}},
{"type":"Feature","geometry":{"type":"Polygon","coordinates":[[[140.63035,40.41938],[140.63284,40.41776],[140.63361,40.41573],[140.63382,40.41153],[140.63426,40.4103],[140.63627,40.40951],[140.63501,40.40633],[140.63357,40.40577],[140.63247,40.40385],[140.63428,40.40232],[140.63575,40.40322],[140.63845,40.40393],[140.64108,40.40515],[140.64491,40.40312],[140.64872,40.40404],[140.65246,40.40348],[140.65486,40.40471],[140.6572,40.40459],[140.65983,40.40524],[140.66121,40.40445],[140.66421,40.40702],[140.66618,40.40966],[140.66594,40.41153],[140.67117,40.41182],[140.67298,40.41141],[140.67537,40.4121],[140.67655,40.41421],[140.68158,40.41643],[140.68509,40.41673],[140.68645,40.4177],[140.68554,40.41882],[140.6835,40.41917],[140.68055,40.41886],[140.67822,40.41905],[140.67529,40.41987],[140.67452,40.42159],[140.67305,40.42216],[140.66954,40.41944],[140.66729,40.42057],[140.66672,40.42163],[140.66422,40.42315],[140.66617,40.42432],[140.66323,40.42576],[140.66078,40.42628],[140.65714,40.42495],[140.65658,40.42394],[140.65325,40.42513],[140.65144,40.42481],[140.6486,40.42637],[140.64409,40.43141],[140.64264,40.43225],[140.64156,40.43453],[140.63828,40.43544],[140.63581,40.43715],[140.63533,40.43827],[140.63719,40.43925],[140.63873,40.43688],[140.64082,40.43666],[140.64078,40.43819],[140.63937,40.43829],[140.6368,40.43979],[140.63515,40.43903],[140.63538,40.43631],[140.63716,40.43587],[140.63568,40.43425],[140.63715,40.43124],[140.63736,40.4295],[140.63618,40.42662],[140.63222,40.42377],[140.6293,40.42282],[140.62733,40.42063],[140.63035,40.41938]]]},"properties":{"hoanrinKind":"保安林"}},
{"type":"Feature","geometry":{"type":"Polygon","coordinates":[[[140.64473,40.43141],[140.64573,40.43061],[140.64715,40.42837],[140.64837,40.42932],[140.64703,40.42985],[140.64614,40.431],[140.64473,40.43141]]]},"properties":{"hoanrinKind":"保安林"}},
{"type":"Feature","geometry":{"type":"Polygon","coordinates":[[[140.6215,40.52019],[140.62163,40.52075],[140.61992,40.52058],[140.62014,40.52014],[140.6215,40.52019]]]},"properties":{"hoanrinKind":"保安林"}},
{"type":"Feature","geometry":{"type":"Polygon","coordinates":[[[140.63338,40.50271],[140.63391,40.50129],[140.63825,40.50133],[140.63976,40.50072],[140.64177,40.50199],[140.64266,40.50323],[140.64223,40.50446],[140.64043,40.50476],[140.63937,40.50586],[140.63773,40.50572],[140.63613,40.50691],[140.63441,40.50664],[140.6331,40.50473],[140.63338,40.50271]]]},"properties":{"hoanrinKind":"保安林"}},
{"type":"Feature","geometry":{"type":"Polygon","coordinates":[[[140.6215,40.55534],[140.62343,40.55375],[140.62712,40.55249],[140.62961,40.55091],[140.63383,40.55373],[140.63688,40.55607],[140.63851,40.55625],[140.64264,40.55586],[140.64601,40.55473],[140.64768,40.55555],[140.65035,40.55565],[140.65166,40.55487],[140.65327,40.55538],[140.65535,40.55425],[140.65747,40.55158],[140.66211,40.5508],[140.66542,40.55118],[140.66307,40.54884],[140.65986,40.54831],[140.65795,40.54899],[140.65475,40.54717],[140.65318,40.54769],[140.6519,40.54594],[140.65261,40.54369],[140.65022,40.54344],[140.64955,40.54183],[140.65108,40.54108],[140.65354,40.5423],[140.65439,40.54209],[140.65771,40.54313],[140.66142,40.54297],[140.66166,40.54454],[140.6579,40.54515],[140.65806,40.54624],[140.66067,40.5453],[140.66339,40.54554],[140.66978,40.54729],[140.67095,40.54673],[140.67364,40.54712],[140.6759,40.54829],[140.67688,40.54786],[140.67875,40.5492],[140.67935,40.55121],[140.67904,40.55385],[140.67759,40.55457],[140.67587,40.55434],[140.67456,40.55638],[140.67206,40.55732],[140.67087,40.56025],[140.66969,40.5606],[140.67113,40.56425],[140.67256,40.56438],[140.67164,40.56666],[140.66902,40.56768],[140.66876,40.56949],[140.6662,40.57068],[140.66504,40.57221],[140.66211,40.57279],[140.66417,40.57455],[140.66738,40.57261],[140.67075,40.57216],[140.67164,40.57142],[140.66889,40.57005],[140.67035,40.56835],[140.67243,40.56733],[140.67321,40.56606],[140.67514,40.56698],[140.67695,40.56696],[140.67974,40.56875],[140.67959,40.57036],[140.67678,40.57051],[140.67299,40.57189],[140.67235,40.57402],[140.67236,40.57709],[140.67546,40.57931],[140.678,40.58017],[140.67973,40.58215],[140.67866,40.58271],[140.67777,40.58526],[140.6755,40.58504],[140.67338,40.5842],[140.67268,40.58288],[140.67201,40.57969],[140.67026,40.57919],[140.66748,40.57726],[140.66522,40.5769],[140.66415,40.57584],[140.66081,40.57723],[140.65946,40.57824],[140.6599,40.58103],[140.65902,40.58221],[140.654,40.58274],[140.64969,40.58066],[140.64319,40.57617],[140.64188,40.57742],[140.63958,40.57799],[140.63744,40.57788],[140.64045,40.57572],[140.64046,40.57434],[140.64159,40.57266],[140.64343,40.57145],[140.64508,40.56948],[140.64368,40.56702],[140.64253,40.566],[140.64402,40.56406],[140.64309,40.56179],[140.63782,40.56518],[140.6371,40.56698],[140.63233,40.56672],[140.62794,40.56768],[140.6283,40.56512],[140.62998,40.5634],[140.62619,40.56186],[140.62434,40.5607],[140.62785,40.55914],[140.62846,40.55642],[140.63021,40.55676],[140.6316,40.55587],[140.62761,40.55446],[140.62581,40.55499],[140.62113,40.55822],[140.6194,40.55712],[140.6215,40.55534]],[[140.66496,40.55454],[140.66656,40.55523],[140.67019,40.55352],[140.67423,40.55308],[140.67354,40.55111],[140.67069,40.55183],[140.66969,40.55267],[140.66687,40.5519],[140.66496,40.55454]]]},"properties":{"hoanrinKind":"保安林"}},
{"type":"Feature","geometry":{"type":"Polygon","coordinates":[[[140.64279,40.58603],[140.6408,40.58707],[140.63785,40.58617],[140.63773,40.58444],[140.63649,40.58275],[140.63639,40.58141],[140.63909,40.58046],[140.64144,40.58062],[140.64564,40.58169],[140.64816,40.58367],[140.64673,40.58469],[140.64279,40.58603]]]},"properties":{"hoanrinKind":"保安林"}},
{"type":"Feature","geometry":{"type":"Polygon","coordinates":[[[140.70647,40.58603],[140.70216,40.58528],[140.69995,40.58405],[140.69857,40.58217],[140.70005,40.581],[140.70233,40.5832],[140.70693,40.58482],[140.70647,40.58603]]]},"properties":{"hoanrinKind":"保安林"}},
{"type":"Feature","geometry":{"type":"Polygon","coordinates":[[[140.62148,41.04363],[140.62237,41.04414],[140.62175,41.04483],[140.62121,41.04442],[140.62148,41.04363]]]},"properties":{"hoanrinKind":"保安林"}},
{"type":"Feature","geometry":{"type":"Polygon","coordinates":[[[140.64187,41.1693],[140.64279,41.16996],[140.64305,41.17431],[140.64148,41.17687],[140.64203,41.17182],[140.64187,41.1693]]]},"properties":{"hoanrinKind":"保安林"}},
{"type":"Feature","geometry":{"type":"Polygon","coordinates":[[[141.05925,40.38795],[141.06196,40.38981],[141.06152,40.39429],[141.05795,40.39752],[141.06228,40.39741],[141.06552,40.39689],[141.06517,40.39798],[141.06313,40.39798],[141.05666,40.39921],[141.05593,40.40105],[141.05257,40.40171],[141.0461,40.40138],[141.04427,40.40025],[141.04289,40.40138],[141.04575,40.40288],[141.05022,40.40761],[141.05236,40.40829],[141.05439,40.40809],[141.055,40.40913],[141.05468,40.41129],[141.05671,40.41485],[141.05589,40.41549],[141.05963,40.41899],[141.06264,40.41787],[141.06534,40.41939],[141.06702,40.41844],[141.06773,40.41656],[141.06671,40.41374],[141.0711,40.41208],[141.07677,40.41202],[141.07845,40.41162],[141.08232,40.41166],[141.08289,40.40979],[141.0846,40.40815],[141.08718,40.4065],[141.08734,40.4055],[141.09016,40.40617],[141.0886,40.40778],[141.09079,40.40793],[141.09267,40.40592],[141.09545,40.40544],[141.10227,40.4061],[141.1068,40.40922],[141.10768,40.4113],[141.11295,40.4135],[141.11253,40.41462],[141.11504,40.41546],[141.11766,40.41577],[141.12085,40.41684],[141.12192,40.41791],[141.12087,40.41969],[141.12348,40.4243],[141.12453,40.42537],[141.12433,40.42692],[141.12062,40.42771],[141.11932,40.42872],[141.11606,40.42856],[141.11269,40.42622],[141.11028,40.42593],[141.106,40.42628],[141.10162,40.42729],[141.09961,40.42661],[141.09686,40.42657],[141.09618,40.4281],[141.09422,40.42944],[141.09183,40.42838],[141.0909,40.43007],[141.08929,40.42995],[141.08917,40.42619],[141.08723,40.42598],[141.08621,40.42837],[141.08405,40.42856],[141.08431,40.42977],[141.08739,40.43137],[141.08928,40.43318],[141.08685,40.43327],[141.08703,40.43435],[141.0905,40.4341],[141.09145,40.43569],[141.09099,40.43682],[141.09237,40.43799],[141.09586,40.43965],[141.09552,40.44075],[141.09149,40.44012],[141.09012,40.43956],[141.08696,40.43986],[141.08672,40.44121],[141.08347,40.44343],[141.08166,40.44369],[141.08075,40.446],[141.07552,40.44524],[141.07584,40.44703],[141.07947,40.44831],[141.08216,40.44829],[141.08288,40.44683],[141.08841,40.44603],[141.09218,40.4475],[141.09653,40.4481],[141.09701,40.4478],[141.10167,40.44863],[141.10442,40.44818],[141.10952,40.44869],[141.11381,40.44774],[141.11453,40.45071],[141.11706,40.44945],[141.1221,40.45204],[141.1194,40.45313],[141.11614,40.45192],[141.11286,40.45232],[141.11048,40.45472],[141.10853,40.45348],[141.10431,40.45345],[141.10264,40.45225],[141.09882,40.45058],[141.09456,40.45105],[141.09039,40.45105],[141.09035,40.44993],[141.07994,40.45095],[141.07818,40.45002],[141.07588,40.44954],[141.07351,40.44811],[141.07123,40.44753],[141.06928,40.44539],[141.06781,40.44679],[141.06686,40.44973],[141.06637,40.45295],[141.06549,40.45509],[141.06586,40.45673],[141.06415,40.4567],[141.06285,40.4547],[141.06378,40.45334],[141.06187,40.45307],[141.06008,40.45169],[141.05905,40.44871],[141.05737,40.44878],[141.05234,40.45044],[141.05054,40.45044],[141.04765,40.45305],[141.04508,40.45402],[141.04187,40.45406],[141.04446,40.45624],[141.04529,40.45855],[141.04738,40.45944],[141.04887,40.4613],[141.05189,40.46061],[141.05684,40.46108],[141.05563,40.45968],[141.05196,40.45694],[141.05155,40.45473],[141.05528,40.45412],[141.05542,40.45628],[141.05988,40.45497],[141.06222,40.45492],[141.06238,40.45827],[141.06554,40.46087],[141.07077,40.46254],[141.07331,40.46191],[141.07647,40.46214],[141.07976,40.46136],[141.07812,40.46373],[141.07432,40.46342],[141.07186,40.46281],[141.07088,40.46379],[141.07275,40.46467],[141.08044,40.46458],[141.07948,40.46903],[141.07771,40.47113],[141.07616,40.47168],[141.07586,40.47315],[141.0773,40.47426],[141.08072,40.47201],[141.08115,40.47055],[141.08372,40.46899],[141.08587,40.4707],[141.08306,40.47079],[141.08234,40.47242],[141.08952,40.47265],[141.09064,40.47326],[141.09525,40.47362],[141.09623,40.47301],[141.09955,40.47334],[141.10038,40.47201],[141.10244,40.47482],[141.10491,40.47599],[141.10508,40.47679],[141.1002,40.47652],[141.09806,40.47702],[141.09568,40.47575],[141.09047,40.47581],[141.08984,40.47837],[141.08623,40.47962],[141.08453,40.47931],[141.08119,40.48078],[141.07585,40.48038],[141.07578,40.48188],[141.07971,40.48433],[141.08352,40.48524],[141.08587,40.48483],[141.0869,40.48332],[141.08823,40.47966],[141.09011,40.47952],[141.09338,40.48168],[141.0947,40.48443],[141.09621,40.48552],[141.09329,40.48742],[141.09247,40.49012],[141.08921,40.49257],[141.08691,40.49246],[141.08442,40.49355],[141.08291,40.49525],[141.08452,40.4959],[141.08716,40.49895],[141.09004,40.49918],[141.09156,40.49848],[141.09378,40.49865],[141.09254,40.49487],[141.09615,40.49812],[141.09863,40.49824],[141.10062,40.49651],[141.10281,40.4978],[141.10414,40.4958],[141.10603,40.49556],[141.10686,40.49811],[141.10791,40.49902],[141.10701,40.50074],[141.1076,40.50181],[141.1093,40.50212],[141.1123,40.50182],[141.11326,40.50226],[141.1166,40.50151],[141.11735,40.50229],[141.11776,40.50663],[141.11443,40.50704],[141.11168,40.50837],[141.10671,40.50908],[141.10521,40.51177],[141.10344,40.51184],[141.1006,40.51536],[141.09908,40.51656],[141.09505,40.51771],[141.09775,40.51976],[141.10202,40.52046],[141.10338,40.52036],[141.10475,40.5219],[141.10871,40.52247],[141.11023,40.52525],[141.11377,40.52653],[141.12165,40.52672],[141.12266,40.52638],[141.12522,40.52719],[141.12695,40.52702],[141.12842,40.52808],[141.12481,40.52838],[141.12038,40.52972],[141.12146,40.53168],[141.1218,40.53402],[141.12325,40.53766],[141.12745,40.53743],[141.12907,40.53601],[141.13175,40.53545],[141.13309,40.53465],[141.13524,40.5366],[141.13254,40.53678],[141.13213,40.53956],[141.13288,40.54012],[141.13056,40.54189],[141.13147,40.54337],[141.13103,40.54544],[141.13195,40.54673],[141.13175,40.54812],[141.13397,40.54981],[141.13247,40.55098],[141.12968,40.54972],[141.1312,40.54781],[141.12869,40.54587],[141.13029,40.54339],[141.12832,40.5423],[141.12554,40.54258],[141.1226,40.54185],[141.11932,40.53969],[141.11638,40.53706],[141.11527,40.5346],[141.11083,40.53379],[141.10986,40.53466],[141.1109,40.53791],[141.11024,40.54044],[141.10847,40.53996],[141.10615,40.54118],[141.10426,40.54453],[141.10229,40.54403],[141.10244,40.5456],[141.10403,40.54586],[141.10494,40.54714],[141.10708,40.5483],[141.10549,40.54923],[141.10317,40.54896],[141.10127,40.54733],[141.09811,40.54716],[141.09449,40.5476],[141.09328,40.54698],[141.09023,40.54762],[141.0917,40.54857],[141.09229,40.5501],[141.08847,40.54824],[141.08614,40.54645],[141.08459,40.54447],[141.08311,40.5435],[141.08219,40.54479],[141.08223,40.54647],[141.08526,40.54836],[141.08506,40.5494],[141.08312,40.55013],[141.0802,40.54751],[141.0763,40.5468],[141.07414,40.54544],[141.07391,40.54456],[141.06867,40.54386],[141.06769,40.54481],[141.06564,40.54514],[141.065,40.54607],[141.07,40.54729],[141.07729,40.55094],[141.08162,40.55222],[141.08487,40.55252],[141.08694,40.55168],[141.08702,40.5533],[141.08965,40.55443],[141.0913,40.55596],[141.09266,40.55801],[141.09235,40.5601],[141.09016,40.55838],[141.08839,40.55793],[141.08777,40.56053],[141.09173,40.56345],[141.09504,40.56341],[141.09671,40.56503],[141.09553,40.56624],[141.09235,40.56505],[141.09005,40.56586],[141.08942,40.56448],[141.08802,40.56367],[141.08247,40.55836],[141.0806,40.55724],[141.07757,40.55728],[141.07693,40.55651],[141.07269,40.55512],[141.07278,40.55674],[141.07374,40.5584],[141.07381,40.56022],[141.0752,40.56075],[141.08008,40.56133],[141.08123,40.56252],[141.07938,40.56481],[141.08213,40.56516],[141.0823,40.56647],[141.08129,40.56799],[141.07913,40.56765],[141.07785,40.56561],[141.07465,40.56707],[141.07227,40.56664],[141.07118,40.56704],[141.06867,40.5656],[141.06717,40.56421],[141.0645,40.5639],[141.06332,40.56307],[141.06031,40.56247],[141.05881,40.56319],[141.05747,40.56208],[141.05457,40.56166],[141.05125,40.56188],[141.04815,40.5616],[141.04981,40.56535],[141.04912,40.56718],[141.04627,40.56877],[141.04263,40.56824],[141.04063,40.56841],[141.04176,40.57057],[141.04179,40.57234],[141.04099,40.57319],[141.03709,40.57464],[141.03795,40.57204],[141.03643,40.57112],[141.03539,40.56938],[141.03365,40.56838],[141.03617,40.56651],[141.03744,40.56286],[141.03281,40.56394],[141.03221,40.56516],[141.03019,40.56584],[141.02644,40.56609],[141.02437,40.56559],[141.02156,40.56557],[141.02134,40.56418],[141.01941,40.56341],[141.01664,40.56642],[141.01498,40.56701],[141.01414,40.56824],[141.01495,40.57035],[141.0138,40.5718],[141.01739,40.57425],[141.01863,40.57778],[141.01669,40.57798],[141.01478,40.57612],[141.01346,40.57571],[141.01175,40.57662],[141.00639,40.57528],[141.00736,40.57644],[141.01038,40.57669],[141.01006,40.57787],[141.00735,40.5775],[141.00696,40.57868],[141.00395,40.57816],[141.00247,40.57878],[140.9992,40.57813],[140.99539,40.57571],[140.99123,40.5758],[140.99003,40.57522],[140.99119,40.57361],[140.98814,40.57383],[140.9875,40.57156],[140.98618,40.57029],[140.98529,40.56793],[140.98189,40.56959],[140.97972,40.56992],[140.97853,40.56839],[140.9795,40.56687],[140.97974,40.56378],[140.97877,40.56328],[140.97613,40.56658],[140.97625,40.56748],[140.97838,40.56927],[140.97909,40.57053],[140.97793,40.57362],[140.97777,40.57517],[140.97579,40.57747],[140.97388,40.57776],[140.97171,40.58056],[140.97049,40.58638],[140.96936,40.58793],[140.96708,40.58896],[140.96732,40.58988],[140.96598,40.5922],[140.9647,40.5926],[140.96472,40.59351],[140.96314,40.59335],[140.96206,40.59171],[140.9591,40.59212],[140.95855,40.59292],[140.95878,40.59431],[140.9568,40.59464],[140.95505,40.59571],[140.9538,40.59559],[140.95195,40.59666],[140.95438,40.59805],[140.9555,40.59929],[140.95374,40.60062],[140.94817,40.60364],[140.94714,40.60437],[140.94592,40.60453],[140.94597,40.60515],[140.9488,40.60625],[140.94877,40.60847],[140.94761,40.61199],[140.9478,40.61332],[140.94581,40.61538],[140.94538,40.61697],[140.94797,40.61857],[140.95058,40.61835],[140.95289,40.61621],[140.95689,40.61437],[140.95848,40.61462],[140.96429,40.61308],[140.96703,40.61462],[140.96877,40.61631],[140.96942,40.61802],[140.97439,40.61901],[140.97824,40.61827],[140.97849,40.61706],[140.98075,40.6162],[140.98316,40.61644],[140.98752,40.61325],[140.99125,40.61199],[140.99129,40.61086],[140.99495,40.60912],[140.99568,40.6073],[140.99902,40.60544],[140.99914,40.60401],[141.00123,40.60302],[141.00012,40.60137],[140.99729,40.60497],[140.99492,40.60451],[140.99333,40.60645],[140.99095,40.60689],[140.98914,40.60604],[140.98914,40.60469],[140.99109,40.60494],[140.99349,40.604],[140.99474,40.60228],[140.99634,40.60209],[140.99792,40.60074],[140.99742,40.59963],[140.99889,40.5984],[141.00182,40.59709],[141.00254,40.59599],[141.00445,40.59502],[141.00831,40.59487],[141.00698,40.5969],[141.00481,40.59815],[141.00362,40.59991],[141.00484,40.60155],[141.01015,40.60064],[141.01465,40.60061],[141.01636,40.60194],[141.02132,40.59999],[141.02455,40.6006],[141.02495,40.59965],[141.02911,40.59957],[141.03242,40.60005],[141.03428,40.60118],[141.03732,40.60186],[141.03718,40.6041],[141.03972,40.60268],[141.04103,40.60513],[141.03769,40.60915],[141.03888,40.61059],[141.04053,40.6112],[141.04111,40.61509],[141.03657,40.61575],[141.03449,40.61674],[141.03241,40.61593],[141.02642,40.6172],[141.02405,40.61712],[141.02093,40.61558],[141.01703,40.61574],[141.01601,40.61726],[141.01272,40.61901],[141.01251,40.62209],[141.00903,40.62204],[141.00749,40.62252],[141.00444,40.62258],[141.00217,40.62142],[141.00108,40.62215],[140.99769,40.62229],[140.99704,40.62373],[140.99435,40.62429],[140.99525,40.62635],[140.99263,40.62804],[140.99283,40.631],[140.99493,40.63194],[140.99718,40.6313],[140.99784,40.6319],[140.99545,40.63422],[140.99614,40.63545],[140.99646,40.63802],[141.00024,40.63954],[140.99998,40.63665],[140.99856,40.63121],[141.00043,40.63024],[141.00076,40.62912],[140.99814,40.62862],[140.99814,40.62744],[140.99977,40.6263],[141.00256,40.62687],[141.00653,40.62718],[141.00808,40.62568],[141.01151,40.62523],[141.01363,40.62428],[141.01556,40.62419],[141.01796,40.62327],[141.02204,40.62332],[141.02615,40.62507],[141.03274,40.62469],[141.03534,40.62382],[141.03709,40.62237],[141.04038,40.62065],[141.04529,40.61909],[141.0499,40.61905],[141.04956,40.62015],[141.05101,40.62313],[141.05227,40.62354],[141.05491,40.62104],[141.0571,40.62002],[141.05929,40.62062],[141.06216,40.61892],[141.06432,40.61915],[141.06527,40.62009],[141.06746,40.62053],[141.07085,40.6206],[141.07055,40.62253],[141.06878,40.62338],[141.06982,40.62448],[141.06569,40.62649],[141.06679,40.62858],[141.06594,40.62947],[141.06195,40.6297],[141.05842,40.6307],[141.05568,40.63217],[141.05152,40.63207],[141.04985,40.63358],[141.04835,40.6363],[141.04402,40.63604],[141.04155,40.63751],[141.04181,40.63852],[141.04959,40.63732],[141.05076,40.6333],[141.05402,40.63295],[141.05302,40.6362],[141.05385,40.63726],[141.05449,40.64009],[141.05663,40.64169],[141.05619,40.64229],[141.05298,40.64305],[141.05195,40.64543],[141.05468,40.64684],[141.05406,40.65002],[141.05512,40.65085],[141.05763,40.64976],[141.05915,40.65115],[141.06168,40.65197],[141.06387,40.65167],[141.06888,40.64873],[141.07207,40.64834],[141.07248,40.64973],[141.07188,40.65136],[141.07765,40.65114],[141.08046,40.6506],[141.08266,40.65085],[141.08668,40.65199],[141.08896,40.65119],[141.0915,40.65296],[141.09525,40.65209],[141.0953,40.65057],[141.09261,40.6512],[141.09302,40.64866],[141.09433,40.64773],[141.09723,40.64848],[141.10143,40.64833],[141.10837,40.64964],[141.11016,40.65074],[141.10923,40.65206],[141.10694,40.65301],[141.10345,40.65364],[141.10165,40.65481],[141.09574,40.65534],[141.09385,40.65612],[141.091,40.65563],[141.08939,40.65469],[141.08596,40.65474],[141.08349,40.65859],[141.08518,40.65952],[141.08883,40.65919],[141.08944,40.66107],[141.08954,40.66381],[141.08728,40.6638],[141.0855,40.66483],[141.08295,40.66553],[141.0799,40.6674],[141.07537,40.66816],[141.07275,40.66907],[141.06838,40.669],[141.06617,40.66941],[141.06549,40.67031],[141.06647,40.67268],[141.07499,40.67244],[141.08218,40.67117],[141.08474,40.6702],[141.08942,40.67072],[141.09443,40.67222],[141.09629,40.67126],[141.0978,40.66924],[141.09992,40.66868],[141.1035,40.66883],[141.10742,40.66857],[141.10888,40.66811],[141.11343,40.67011],[141.11367,40.67511],[141.11109,40.67431],[141.10691,40.67454],[141.10585,40.67336],[141.10447,40.67369],[141.1033,40.6762],[141.10761,40.67811],[141.10622,40.67971],[141.10374,40.67794],[141.1006,40.67691],[141.09825,40.67686],[141.09585,40.67851],[141.09279,40.67916],[141.09237,40.68028],[141.09396,40.6817],[141.09348,40.68268],[141.09572,40.68536],[141.09766,40.68892],[141.09524,40.68878],[141.09028,40.68975],[141.0889,40.68932],[141.08843,40.68779],[141.08196,40.68501],[141.08022,40.68526],[141.07646,40.68349],[141.07302,40.68322],[141.07171,40.68113],[141.06935,40.68082],[141.06776,40.67998],[141.06572,40.68021],[141.06448,40.67922],[141.06009,40.67876],[141.05827,40.67762],[141.05659,40.67763],[141.05615,40.67642],[141.05427,40.67561],[141.0485,40.67523],[141.04518,40.67561],[141.04407,40.67627],[141.04085,40.67668],[141.03987,40.67798],[141.03336,40.67803],[141.02728,40.67646],[141.02616,40.6754],[141.02415,40.67585],[141.02626,40.67735],[141.02589,40.6787],[141.02794,40.68162],[141.02546,40.68187],[141.02443,40.6842],[141.02284,40.68388],[141.02398,40.6818],[141.01836,40.6833],[141.01809,40.68529],[141.01681,40.68653],[141.01696,40.68811],[141.01815,40.68995],[141.01656,40.69246],[141.02276,40.6932],[141.02489,40.69453],[141.0298,40.69333],[141.03247,40.69238],[141.03314,40.69135],[141.02997,40.69048],[141.0316,40.68878],[141.03184,40.68685],[141.03023,40.68604],[141.02983,40.68386],[141.03198,40.68376],[141.03398,40.6826],[141.03544,40.68345],[141.03681,40.68693],[141.0383,40.6897],[141.04119,40.68935],[141.04724,40.68505],[141.04992,40.68457],[141.05218,40.68539],[141.05844,40.68561],[141.05936,40.68716],[141.05849,40.68914],[141.05605,40.689],[141.05549,40.69052],[141.05286,40.69197],[141.05654,40.69297],[141.05791,40.69294],[141.06242,40.69441],[141.06052,40.69901],[141.05784,40.69999],[141.06002,40.70375],[141.0596,40.70614],[141.05997,40.70794],[141.05811,40.70859],[141.05364,40.7084],[141.05157,40.70961],[141.05094,40.71209],[141.04952,40.71366],[141.04714,40.71442],[141.04451,40.71886],[141.04524,40.72063],[141.04725,40.72079],[141.05048,40.72007],[141.05321,40.72023],[141.05634,40.72228],[141.05889,40.72294],[141.06137,40.7226],[141.06364,40.72373],[141.06355,40.725],[141.06194,40.72715],[141.06328,40.72851],[141.06055,40.72966],[141.05886,40.73096],[141.05488,40.73041],[141.05449,40.73191],[141.05577,40.73302],[141.05538,40.73583],[141.05602,40.73624],[141.0587,40.73475],[141.06106,40.73436],[141.06369,40.73657],[141.06589,40.7365],[141.06601,40.73956],[141.06829,40.73938],[141.06858,40.74083],[141.07,40.74317],[141.07215,40.74485],[141.07476,40.74476],[141.07613,40.74556],[141.07793,40.74553],[141.07963,40.74375],[141.08153,40.74294],[141.08297,40.73978],[141.0853,40.73866],[141.08603,40.73956],[141.08595,40.74256],[141.08834,40.74311],[141.08834,40.7454],[141.08766,40.74876],[141.08322,40.74963],[141.0832,40.75141],[141.08393,40.75423],[141.0888,40.75421],[141.08851,40.75624],[141.08651,40.75742],[141.0877,40.7594],[141.08774,40.76229],[141.09026,40.7606],[141.09483,40.75967],[141.09657,40.75482],[141.10103,40.75523],[141.10675,40.75514],[141.10769,40.7564],[141.10759,40.7582],[141.10336,40.75834],[141.09882,40.75926],[141.09911,40.76217],[141.09586,40.76338],[141.09042,40.76495],[141.09378,40.76554],[141.09586,40.76661],[141.09453,40.76829],[141.09829,40.76908],[141.09889,40.77046],[141.09367,40.77016],[141.09143,40.77078],[141.09169,40.77398],[141.09455,40.77372],[141.09957,40.77206],[141.10262,40.77209],[141.10374,40.77436],[141.10365,40.7762],[141.10447,40.77741],[141.10261,40.7799],[141.10311,40.78191],[141.10685,40.78424],[141.10439,40.78575],[141.10036,40.78657],[141.09807,40.78746],[141.09396,40.78738],[141.08734,40.78865],[141.08402,40.78795],[141.0803,40.78534],[141.07707,40.78622],[141.07493,40.78636],[141.07002,40.78287],[141.06615,40.78075],[141.061,40.7762],[141.05917,40.77646],[141.05619,40.77325],[141.05494,40.77455],[141.05597,40.77588],[141.06038,40.77869],[141.06078,40.78019],[141.06408,40.78172],[141.06258,40.78351],[141.06793,40.7879],[141.06859,40.78893],[141.07084,40.79038],[141.07311,40.79082],[141.07563,40.79067],[141.08046,40.78948],[141.08219,40.79004],[141.08314,40.7915],[141.08225,40.7934],[141.08596,40.7935],[141.0865,40.79258],[141.0891,40.79238],[141.0913,40.79284],[141.09427,40.7924],[141.09831,40.79098],[141.10045,40.79155],[141.10063,40.79237],[141.09788,40.79307],[141.09676,40.79406],[141.09455,40.79462],[141.093,40.79644],[141.0936,40.79925],[141.0923,40.80029],[141.09478,40.80232],[141.09711,40.80353],[141.09801,40.80477],[141.10073,40.80691],[141.09866,40.80748],[141.09753,40.80596],[141.09534,40.80461],[141.09165,40.80147],[141.08836,40.80053],[141.08612,40.80089],[141.07863,40.80282],[141.07686,40.80233],[141.07284,40.80219],[141.07035,40.80287],[141.07308,40.80402],[141.07537,40.80358],[141.0791,40.80473],[141.08023,40.80442],[141.0829,40.80537],[141.08296,40.80738],[141.08418,40.80901],[141.08428,40.81222],[141.08133,40.8153],[141.08609,40.81872],[141.08705,40.82015],[141.08673,40.82152],[141.08899,40.8216],[141.09088,40.82336],[141.09008,40.8248],[141.08767,40.82668],[141.08503,40.82754],[141.08062,40.82783],[141.0783,40.82918],[141.07719,40.83052],[141.0706,40.83199],[141.06779,40.8324],[141.06727,40.8334],[141.06399,40.83372],[141.06199,40.83477],[141.06174,40.83601],[141.06024,40.83819],[141.05975,40.84288],[141.05888,40.84432],[141.05908,40.84683],[141.0573,40.84834],[141.05525,40.84922],[141.0548,40.8526],[141.05006,40.8543],[141.04702,40.85476],[141.04553,40.85751],[141.04329,40.8584],[141.04159,40.86413],[141.04217,40.86643],[141.04406,40.86897],[141.04353,40.87005],[141.04379,40.87217],[141.04033,40.87348],[141.03984,40.87559],[141.03891,40.87684],[141.03816,40.88074],[141.03742,40.88136],[141.03433,40.87933],[141.03207,40.87674],[141.03032,40.87608],[141.03011,40.87349],[141.02653,40.87253],[141.02661,40.87015],[141.02329,40.86961],[141.02202,40.86998],[141.01699,40.86829],[141.01237,40.86717],[141.01322,40.86514],[141.01249,40.86305],[141.01308,40.86243],[141.01727,40.86345],[141.01904,40.8652],[141.02211,40.86668],[141.02313,40.86794],[141.02659,40.86963],[141.02691,40.86423],[141.02416,40.8604],[141.02362,40.85762],[141.02444,40.85503],[141.02475,40.84904],[141.02722,40.84749],[141.02853,40.84447],[141.03246,40.84163],[141.03167,40.8403],[141.02987,40.83967],[141.0295,40.83843],[141.02365,40.83678],[141.01797,40.83706],[141.01835,40.83842],[141.02023,40.84083],[141.02003,40.84436],[141.01949,40.84559],[141.01757,40.84665],[141.0163,40.84864],[141.01587,40.85182],[141.0115,40.85382],[141.01112,40.85556],[141.00873,40.85666],[141.00571,40.85642],[141.00223,40.85427],[141.00094,40.85259],[140.99837,40.85171],[140.99594,40.85168],[140.99165,40.85312],[140.9884,40.85013],[140.9858,40.84651],[140.98442,40.84556],[140.98482,40.84353],[140.98321,40.84319],[140.98195,40.84523],[140.98223,40.84626],[140.98582,40.85118],[140.98808,40.85278],[140.99131,40.85914],[140.98922,40.86078],[140.98837,40.86282],[140.98686,40.85922],[140.98553,40.85877],[140.97997,40.85862],[140.97843,40.85928],[140.97327,40.85977],[140.9718,40.85796],[140.97165,40.85493],[140.97205,40.85406],[140.97006,40.85122],[140.96834,40.84962],[140.96257,40.84674],[140.96186,40.84527],[140.9592,40.84377],[140.95592,40.84284],[140.95392,40.8398],[140.95063,40.8371],[140.94846,40.83754],[140.94649,40.83869],[140.94298,40.83877],[140.94179,40.83936],[140.93961,40.84209],[140.93259,40.8433],[140.93042,40.84578],[140.93367,40.851],[140.93281,40.85288],[140.93245,40.85534],[140.93156,40.85659],[140.9319,40.85834],[140.93138,40.86034],[140.93363,40.862],[140.93514,40.86521],[140.93403,40.86672],[140.93574,40.86796],[140.9388,40.86841],[140.94044,40.87191],[140.93665,40.8724],[140.93769,40.87344],[140.94044,40.87453],[140.94169,40.87592],[140.93761,40.87611],[140.93239,40.87401],[140.93134,40.87436],[140.9289,40.8727],[140.92496,40.87161],[140.91989,40.87136],[140.91813,40.87171],[140.91471,40.87057],[140.91192,40.87012],[140.91076,40.87333],[140.91352,40.87515],[140.91469,40.87523],[140.91596,40.87661],[140.9207,40.87901],[140.92205,40.8808],[140.91887,40.88119],[140.91976,40.88211],[140.919,40.88364],[140.91487,40.88316],[140.91242,40.88523],[140.90962,40.88616],[140.90931,40.88821],[140.91132,40.89065],[140.914,40.89031],[140.91524,40.88914],[140.91782,40.88946],[140.9191,40.89052],[140.92018,40.89256],[140.925,40.89001],[140.92904,40.88976],[140.92916,40.89206],[140.92796,40.89525],[140.92825,40.89613],[140.92652,40.89775],[140.92306,40.90021],[140.92136,40.90083],[140.91927,40.90341],[140.91728,40.90275],[140.91717,40.89944],[140.91557,40.90114],[140.91129,40.90312],[140.90941,40.90287],[140.91046,40.90037],[140.91277,40.89911],[140.91305,40.8964],[140.91115,40.8945],[140.91053,40.89286],[140.90693,40.89298],[140.90559,40.89435],[140.90301,40.88981],[140.90217,40.88885],[140.9015,40.88647],[140.90714,40.88156],[140.9057,40.8815],[140.89919,40.88675],[140.89795,40.88626],[140.89858,40.88478],[140.90084,40.88268],[140.90205,40.8799],[140.9021,40.87841],[140.90066,40.87611],[140.89881,40.8749],[140.89719,40.87474],[140.89425,40.87604],[140.89315,40.87512],[140.89184,40.87745],[140.88917,40.87924],[140.88714,40.87948],[140.8861,40.8809],[140.88246,40.88195],[140.88141,40.88165],[140.87947,40.88283],[140.87454,40.88346],[140.87524,40.8815],[140.87256,40.88034],[140.87057,40.8806],[140.87012,40.8818],[140.86846,40.88273],[140.8691,40.88418],[140.86718,40.88567],[140.86609,40.88492],[140.86301,40.88421],[140.8597,40.882],[140.85752,40.87921],[140.85902,40.87808],[140.85882,40.87481],[140.85998,40.87467],[140.85992,40.87286],[140.86408,40.8724],[140.86375,40.87441],[140.86451,40.87503],[140.86649,40.87246],[140.87048,40.87275],[140.871,40.87472],[140.87246,40.87403],[140.87174,40.87194],[140.87282,40.87103],[140.87599,40.8711],[140.8792,40.87055],[140.88106,40.87069],[140.88708,40.86968],[140.88549,40.86891],[140.88345,40.86974],[140.88051,40.86974],[140.8762,40.87064],[140.87313,40.86932],[140.87015,40.87042],[140.86673,40.86993],[140.86058,40.86961],[140.85923,40.86898],[140.8571,40.86961],[140.85467,40.864],[140.85303,40.86418],[140.85324,40.86645],[140.85141,40.86748],[140.84916,40.86759],[140.84957,40.86559],[140.84667,40.86649],[140.84626,40.86536],[140.84756,40.86372],[140.84926,40.85937],[140.85016,40.85824],[140.85297,40.85824],[140.85476,40.8601],[140.85637,40.86011],[140.85841,40.86103],[140.86084,40.86281],[140.8648,40.86218],[140.86491,40.86001],[140.86409,40.85619],[140.86232,40.85303],[140.86011,40.85202],[140.86286,40.85093],[140.86785,40.85054],[140.86799,40.84937],[140.8652,40.84946],[140.86426,40.84872],[140.86251,40.84931],[140.86008,40.84866],[140.85881,40.84907],[140.85708,40.84804],[140.85768,40.84649],[140.8598,40.8455],[140.86281,40.84643],[140.8662,40.84518],[140.87027,40.84507],[140.87141,40.84382],[140.86897,40.84232],[140.87324,40.84214],[140.87395,40.84266],[140.87691,40.84241],[140.87422,40.84068],[140.8719,40.84012],[140.87346,40.83715],[140.87143,40.83544],[140.8685,40.83597],[140.86686,40.83561],[140.8674,40.8339],[140.86989,40.83503],[140.87181,40.83521],[140.87355,40.83645],[140.87898,40.83853],[140.87935,40.83939],[140.87686,40.83998],[140.87887,40.84148],[140.88013,40.84145],[140.8823,40.83887],[140.88457,40.83886],[140.883,40.83705],[140.88266,40.83469],[140.88164,40.83381],[140.88102,40.83196],[140.88144,40.82726],[140.88339,40.82921],[140.88375,40.83035],[140.88768,40.83079],[140.88239,40.83312],[140.8836,40.8347],[140.88409,40.8366],[140.88719,40.83858],[140.89189,40.83535],[140.89061,40.8317],[140.89228,40.82813],[140.89263,40.82497],[140.89462,40.8238],[140.8966,40.82336],[140.89476,40.82167],[140.89312,40.82166],[140.89074,40.82061],[140.88794,40.82038],[140.88618,40.8192],[140.88408,40.81932],[140.8838,40.81814],[140.88831,40.8159],[140.89013,40.81566],[140.89134,40.81469],[140.89361,40.81506],[140.89454,40.81366],[140.89138,40.8131],[140.88913,40.8105],[140.88518,40.81146],[140.88347,40.81224],[140.88333,40.8133],[140.87954,40.81484],[140.87664,40.81651],[140.87446,40.81901],[140.87331,40.81783],[140.87329,40.81502],[140.87249,40.8125],[140.86638,40.81064],[140.86002,40.8115],[140.86058,40.80953],[140.85887,40.80791],[140.85953,40.80485],[140.85763,40.80524],[140.85893,40.81042],[140.85826,40.81199],[140.85674,40.81191],[140.85393,40.81325],[140.85179,40.81169],[140.8495,40.80901],[140.84822,40.80666],[140.84776,40.80461],[140.84483,40.80488],[140.84322,40.80305],[140.84298,40.80055],[140.84074,40.79857],[140.84022,40.79749],[140.84102,40.79379],[140.84381,40.79193],[140.84482,40.78889],[140.84767,40.78571],[140.85075,40.78349],[140.85225,40.78315],[140.8518,40.78169],[140.85253,40.77988],[140.85399,40.77892],[140.85003,40.77654],[140.84687,40.77589],[140.84583,40.77437],[140.84275,40.77309],[140.83911,40.76947],[140.83657,40.76896],[140.83646,40.76771],[140.835,40.76553],[140.83485,40.76287],[140.83715,40.76206],[140.83699,40.76124],[140.84202,40.76211],[140.84444,40.75982],[140.84372,40.75745],[140.84496,40.75745],[140.84353,40.75475],[140.83991,40.75379],[140.83941,40.75298],[140.83487,40.75176],[140.83314,40.75162],[140.83074,40.75045],[140.83061,40.74575],[140.82816,40.74592],[140.82469,40.74564],[140.81833,40.74838],[140.81054,40.749],[140.80522,40.75141],[140.80183,40.75246],[140.79678,40.75574],[140.79497,40.75751],[140.7908,40.75485],[140.79254,40.75268],[140.79731,40.75017],[140.80069,40.749],[140.7968,40.74808],[140.79723,40.74687],[140.79951,40.74506],[140.7988,40.7436],[140.7988,40.74146],[140.80037,40.7396],[140.79787,40.73836],[140.79881,40.73657],[140.80074,40.73674],[140.80096,40.73289],[140.79877,40.72823],[140.79814,40.72622],[140.79657,40.72667],[140.79641,40.72895],[140.79494,40.73024],[140.79287,40.72953],[140.79344,40.72644],[140.79234,40.72509],[140.79567,40.72446],[140.79244,40.72352],[140.79203,40.72176],[140.79636,40.72251],[140.79842,40.72243],[140.80058,40.72157],[140.79818,40.72057],[140.79392,40.72051],[140.7898,40.72166],[140.7889,40.72259],[140.79114,40.72426],[140.79059,40.72676],[140.78723,40.72687],[140.78424,40.72802],[140.78272,40.7281],[140.78056,40.73043],[140.78567,40.7296],[140.78509,40.73195],[140.78086,40.73188],[140.77709,40.73213],[140.77913,40.72974],[140.78107,40.72833],[140.78476,40.72676],[140.78428,40.72593],[140.78446,40.72251],[140.7868,40.72286],[140.78871,40.72019],[140.7908,40.71945],[140.79245,40.71821],[140.79334,40.71527],[140.79496,40.71513],[140.79392,40.71305],[140.78937,40.71288],[140.7884,40.71352],[140.78537,40.71348],[140.7815,40.71788],[140.78021,40.71653],[140.78249,40.71305],[140.78519,40.71101],[140.78748,40.7108],[140.79051,40.71126],[140.7915,40.71066],[140.79387,40.712],[140.79588,40.71213],[140.79803,40.71327],[140.79819,40.71147],[140.79532,40.71081],[140.79326,40.70925],[140.7916,40.70884],[140.78889,40.70933],[140.78519,40.70916],[140.77954,40.70982],[140.77663,40.71088],[140.77521,40.71041],[140.77151,40.71139],[140.77071,40.71069],[140.77414,40.70841],[140.77821,40.70671],[140.77976,40.70662],[140.7819,40.70549],[140.78646,40.70419],[140.78643,40.70595],[140.78762,40.70739],[140.79173,40.70735],[140.79253,40.70617],[140.79789,40.70581],[140.8002,40.70521],[140.80347,40.70531],[140.80726,40.70501],[140.80709,40.70405],[140.80921,40.69981],[140.81544,40.69676],[140.81677,40.69507],[140.81632,40.69371],[140.81292,40.69225],[140.80673,40.69189],[140.80385,40.69039],[140.80252,40.68913],[140.80049,40.69042],[140.79845,40.68848],[140.79838,40.68645],[140.79742,40.68498],[140.80085,40.6833],[140.80638,40.68313],[140.80927,40.68258],[140.81627,40.68236],[140.81893,40.68129],[140.82496,40.68118],[140.82696,40.68146],[140.82989,40.68109],[140.83263,40.68123],[140.83826,40.67779],[140.84334,40.67573],[140.84979,40.6739],[140.85505,40.67337],[140.85889,40.67569],[140.86185,40.67577],[140.86262,40.67358],[140.86515,40.67215],[140.8691,40.67433],[140.87106,40.67427],[140.87249,40.67281],[140.87565,40.67193],[140.87801,40.66964],[140.88074,40.6695],[140.8817,40.66831],[140.88075,40.66596],[140.87567,40.66459],[140.86993,40.6656],[140.86427,40.6655],[140.85908,40.66415],[140.85515,40.666],[140.8546,40.66697],[140.85158,40.667],[140.84912,40.66746],[140.84671,40.66728],[140.84351,40.66762],[140.84122,40.66716],[140.83839,40.66726],[140.8353,40.6682],[140.834,40.66817],[140.82902,40.66964],[140.82626,40.66939],[140.82359,40.67102],[140.82284,40.67317],[140.82409,40.67658],[140.8224,40.67692],[140.8209,40.67941],[140.81645,40.67857],[140.81332,40.68068],[140.81243,40.67955],[140.80752,40.67934],[140.80212,40.67853],[140.80302,40.67724],[140.80583,40.67759],[140.80948,40.67758],[140.80961,40.67656],[140.81134,40.6758],[140.81171,40.67324],[140.81291,40.67125],[140.81283,40.66527],[140.81201,40.6624],[140.81087,40.66164],[140.80852,40.6614],[140.80604,40.66254],[140.80342,40.66265],[140.80151,40.66474],[140.80159,40.66877],[140.79917,40.66943],[140.79822,40.67182],[140.80214,40.67287],[140.80214,40.67437],[140.79988,40.67646],[140.79919,40.67918],[140.79702,40.68017],[140.79684,40.68094],[140.79366,40.68264],[140.79274,40.68529],[140.79072,40.6865],[140.78877,40.68518],[140.78778,40.68618],[140.7849,40.6867],[140.78408,40.68571],[140.78386,40.68124],[140.78564,40.67862],[140.78594,40.67582],[140.78477,40.67501],[140.78586,40.6722],[140.78335,40.67109],[140.78236,40.67006],[140.77902,40.67019],[140.77755,40.66938],[140.7743,40.66923],[140.77058,40.67055],[140.77114,40.67236],[140.77,40.67345],[140.76643,40.67396],[140.7629,40.6768],[140.76097,40.681],[140.76273,40.68193],[140.76519,40.6821],[140.76599,40.68329],[140.76573,40.68643],[140.76735,40.68799],[140.76607,40.6892],[140.76405,40.68913],[140.7601,40.6907],[140.75904,40.69202],[140.76155,40.6924],[140.76241,40.69669],[140.75976,40.69632],[140.75982,40.69874],[140.75853,40.70601],[140.75698,40.7088],[140.75669,40.70518],[140.75593,40.70332],[140.75688,40.701],[140.75623,40.69901],[140.75136,40.69922],[140.75019,40.69788],[140.75114,40.69671],[140.75049,40.69464],[140.74715,40.69543],[140.74537,40.69646],[140.74042,40.69754],[140.73831,40.69662],[140.73721,40.69729],[140.73146,40.69286],[140.72954,40.69393],[140.72878,40.69522],[140.72659,40.69664],[140.72383,40.69755],[140.72205,40.6998],[140.72151,40.70152],[140.72219,40.70271],[140.72176,40.70457],[140.71871,40.70837],[140.71626,40.70935],[140.71421,40.71203],[140.71381,40.71319],[140.71223,40.71364],[140.71072,40.71523],[140.70916,40.71801],[140.70739,40.71809],[140.70597,40.71691],[140.70875,40.71514],[140.70913,40.71381],[140.71119,40.71153],[140.7112,40.70984],[140.70759,40.70962],[140.70529,40.71113],[140.70264,40.71084],[140.69961,40.71109],[140.69511,40.71089],[140.69498,40.70977],[140.69359,40.70808],[140.69138,40.70807],[140.6898,40.70692],[140.68869,40.70152],[140.69001,40.70036],[140.69411,40.6999],[140.69884,40.69669],[140.70136,40.69582],[140.70334,40.69637],[140.70692,40.69449],[140.70765,40.69334],[140.70645,40.6901],[140.70854,40.6885],[140.70693,40.68759],[140.70442,40.68968],[140.70129,40.68891],[140.69892,40.68907],[140.70038,40.68571],[140.7028,40.68447],[140.70315,40.68291],[140.70068,40.68257],[140.69871,40.68352],[140.69666,40.68654],[140.69713,40.68814],[140.69549,40.69053],[140.69178,40.69251],[140.68915,40.69355],[140.68619,40.6936],[140.6839,40.69273],[140.68832,40.69208],[140.69088,40.69134],[140.69251,40.69033],[140.69336,40.68879],[140.69349,40.6867],[140.69267,40.68484],[140.69406,40.68347],[140.69032,40.68152],[140.69192,40.68055],[140.69367,40.68051],[140.69516,40.68158],[140.699,40.67808],[140.69966,40.67598],[140.70138,40.67525],[140.70512,40.67168],[140.70841,40.66985],[140.70794,40.66792],[140.70416,40.66668],[140.70409,40.66495],[140.7047,40.66132],[140.70354,40.65818],[140.70166,40.65656],[140.69847,40.65901],[140.6947,40.66001],[140.69211,40.65918],[140.69088,40.65807],[140.68916,40.65822],[140.68888,40.65564],[140.68567,40.65426],[140.68337,40.65434],[140.68273,40.65245],[140.68486,40.64966],[140.67966,40.64418],[140.67664,40.64469],[140.67646,40.64302],[140.67538,40.64065],[140.67315,40.63957],[140.67234,40.63832],[140.67437,40.63722],[140.67583,40.63782],[140.67661,40.63912],[140.67842,40.64047],[140.68187,40.63843],[140.68411,40.64065],[140.68525,40.64022],[140.68852,40.64147],[140.69043,40.64165],[140.69254,40.64261],[140.69546,40.64507],[140.69656,40.64771],[140.69811,40.64812],[140.69977,40.64679],[140.70259,40.64549],[140.70525,40.6423],[140.70821,40.6438],[140.71147,40.64502],[140.71269,40.64249],[140.71145,40.64124],[140.71326,40.63995],[140.70968,40.63769],[140.70873,40.63549],[140.70872,40.63374],[140.71073,40.63344],[140.7122,40.63526],[140.71365,40.6359],[140.71364,40.63761],[140.71548,40.638],[140.71638,40.63952],[140.71824,40.63852],[140.72086,40.63906],[140.72368,40.64232],[140.72567,40.64267],[140.72723,40.64374],[140.72906,40.64321],[140.7306,40.64483],[140.7337,40.64552],[140.73317,40.64728],[140.7348,40.64737],[140.73465,40.6458],[140.73721,40.64327],[140.74127,40.64661],[140.7459,40.64615],[140.75142,40.6481],[140.75207,40.64624],[140.74841,40.64408],[140.74673,40.64361],[140.74562,40.64234],[140.74372,40.64194],[140.74258,40.641],[140.74029,40.64138],[140.73914,40.64062],[140.73479,40.63986],[140.73215,40.63765],[140.73172,40.63569],[140.73259,40.63449],[140.73085,40.63312],[140.72874,40.63268],[140.72981,40.63134],[140.72859,40.62961],[140.72855,40.62748],[140.72568,40.62745],[140.72407,40.6268],[140.72845,40.62535],[140.72267,40.62501],[140.71998,40.62595],[140.71887,40.62487],[140.72838,40.62263],[140.72745,40.62114],[140.72101,40.62188],[140.71962,40.6229],[140.71716,40.62336],[140.71539,40.62313],[140.71474,40.62136],[140.71841,40.6205],[140.71655,40.61882],[140.71788,40.61714],[140.71389,40.61535],[140.71447,40.61313],[140.71571,40.61139],[140.71223,40.61096],[140.71168,40.61002],[140.70876,40.60824],[140.71,40.60699],[140.71436,40.60775],[140.71772,40.60948],[140.71749,40.60729],[140.71803,40.60556],[140.72036,40.60351],[140.72239,40.60498],[140.72442,40.60508],[140.72436,40.60703],[140.72576,40.60814],[140.72539,40.60947],[140.72598,40.61176],[140.7278,40.61213],[140.72818,40.61392],[140.73175,40.61516],[140.73131,40.61359],[140.72931,40.61349],[140.72848,40.6127],[140.72839,40.60954],[140.72645,40.60693],[140.72642,40.60466],[140.72525,40.60392],[140.72279,40.60365],[140.72242,40.60187],[140.71966,40.60093],[140.71817,40.59967],[140.7167,40.59971],[140.71492,40.5984],[140.71111,40.60094],[140.7091,40.59919],[140.70663,40.59603],[140.70934,40.595],[140.71512,40.59617],[140.71593,40.59449],[140.71938,40.593],[140.72067,40.58921],[140.72155,40.58774],[140.72398,40.58921],[140.72576,40.59175],[140.72938,40.59156],[140.73272,40.59287],[140.73366,40.59439],[140.73536,40.59553],[140.73537,40.59703],[140.73922,40.59503],[140.74189,40.59675],[140.7434,40.59577],[140.7419,40.59407],[140.73895,40.59312],[140.73647,40.59164],[140.73735,40.59097],[140.73418,40.58989],[140.73624,40.587],[140.73876,40.58692],[140.73711,40.58511],[140.73415,40.58671],[140.73088,40.58543],[140.72881,40.58609],[140.72551,40.58291],[140.72425,40.58329],[140.72209,40.58244],[140.72167,40.58153],[140.71705,40.58151],[140.71637,40.5796],[140.71379,40.58047],[140.71204,40.57834],[140.70859,40.58059],[140.70498,40.58091],[140.70407,40.57991],[140.70161,40.58017],[140.69966,40.57806],[140.69802,40.578],[140.69777,40.57631],[140.69379,40.57535],[140.69371,40.5745],[140.69584,40.57344],[140.69703,40.5719],[140.69895,40.57553],[140.7035,40.57493],[140.70402,40.57822],[140.70511,40.57852],[140.70842,40.57821],[140.71039,40.57722],[140.71279,40.57506],[140.71286,40.57393],[140.71732,40.57158],[140.7136,40.56881],[140.71062,40.56925],[140.70727,40.56836],[140.70463,40.56683],[140.70114,40.56637],[140.70073,40.56487],[140.69906,40.5645],[140.69608,40.56469],[140.69423,40.56537],[140.69025,40.56572],[140.69036,40.56415],[140.69392,40.56331],[140.69515,40.56153],[140.69779,40.56072],[140.69773,40.55934],[140.70168,40.55599],[140.70448,40.55586],[140.70919,40.55407],[140.71069,40.55415],[140.71049,40.54992],[140.71183,40.54686],[140.70784,40.5458],[140.7046,40.54646],[140.70371,40.54854],[140.69934,40.54988],[140.69497,40.55039],[140.69331,40.54915],[140.69621,40.54555],[140.69977,40.54515],[140.69905,40.54406],[140.69572,40.54477],[140.69197,40.54789],[140.68944,40.54859],[140.68993,40.55098],[140.69273,40.55161],[140.6924,40.55455],[140.69023,40.55581],[140.68692,40.55374],[140.68729,40.55219],[140.68903,40.55117],[140.68857,40.54857],[140.69045,40.54529],[140.69221,40.54536],[140.69373,40.54416],[140.69377,40.54142],[140.69478,40.54035],[140.69714,40.54092],[140.70019,40.54065],[140.70218,40.54105],[140.70435,40.54038],[140.7057,40.53884],[140.70613,40.53634],[140.70708,40.53442],[140.70938,40.53466],[140.71442,40.53226],[140.71767,40.53341],[140.71996,40.53264],[140.72236,40.5324],[140.72281,40.53155],[140.72544,40.53261],[140.72713,40.53172],[140.73238,40.53181],[140.73158,40.53402],[140.73404,40.53419],[140.73678,40.53598],[140.73537,40.53677],[140.73298,40.53568],[140.73518,40.54141],[140.7395,40.54339],[140.74154,40.54554],[140.74481,40.54483],[140.74217,40.54258],[140.74016,40.54214],[140.74201,40.53984],[140.74443,40.53816],[140.74508,40.53898],[140.74774,40.54005],[140.74805,40.54246],[140.74913,40.54481],[140.75144,40.5474],[140.75228,40.5491],[140.75481,40.55049],[140.75543,40.54961],[140.75327,40.54447],[140.7549,40.54275],[140.75454,40.5412],[140.75273,40.54077],[140.75225,40.53849],[140.75067,40.53534],[140.75266,40.53392],[140.75347,40.53471],[140.75732,40.53285],[140.76123,40.53259],[140.76417,40.53323],[140.76653,40.53266],[140.77321,40.52985],[140.77648,40.52982],[140.77867,40.52835],[140.77915,40.52643],[140.77538,40.52564],[140.77166,40.52553],[140.77475,40.52415],[140.77393,40.52267],[140.77141,40.52213],[140.77006,40.52297],[140.76923,40.52601],[140.76691,40.52655],[140.76532,40.52889],[140.76284,40.52995],[140.76011,40.52939],[140.75763,40.53024],[140.75545,40.53012],[140.75236,40.53065],[140.75198,40.52929],[140.75301,40.52592],[140.74897,40.52562],[140.7498,40.52321],[140.74823,40.52297],[140.74678,40.52407],[140.74401,40.52468],[140.74505,40.5189],[140.7475,40.51892],[140.75283,40.5199],[140.75552,40.51906],[140.75484,40.51708],[140.75381,40.51692],[140.75249,40.51516],[140.74875,40.51524],[140.74405,40.51615],[140.74001,40.51738],[140.7382,40.51866],[140.73589,40.51782],[140.7365,40.51511],[140.73782,40.51303],[140.73659,40.51108],[140.73883,40.50877],[140.7428,40.50997],[140.74556,40.50867],[140.74049,40.50876],[140.74121,40.506],[140.74337,40.50549],[140.74634,40.50342],[140.74754,40.50038],[140.74786,40.49841],[140.74507,40.49831],[140.74478,40.50039],[140.74252,40.50266],[140.74014,40.50296],[140.73896,40.50399],[140.73684,40.50729],[140.73525,40.50767],[140.73461,40.5063],[140.73307,40.50709],[140.73441,40.50869],[140.73371,40.50978],[140.73132,40.51005],[140.7307,40.51149],[140.72732,40.51366],[140.72497,40.51348],[140.72249,40.51473],[140.72047,40.51726],[140.71852,40.51581],[140.7204,40.51508],[140.72175,40.5138],[140.72083,40.51147],[140.72119,40.51004],[140.72234,40.50945],[140.72122,40.50758],[140.72013,40.50844],[140.72018,40.51199],[140.71852,40.51317],[140.71771,40.51645],[140.71562,40.51655],[140.71431,40.51543],[140.71151,40.51636],[140.71057,40.51819],[140.70768,40.52006],[140.70367,40.52113],[140.70121,40.52328],[140.69944,40.52376],[140.69831,40.52499],[140.69408,40.52738],[140.69191,40.52764],[140.69008,40.52642],[140.68889,40.52837],[140.6853,40.52839],[140.68365,40.52973],[140.68671,40.53074],[140.68732,40.53302],[140.68407,40.53394],[140.68197,40.53388],[140.68059,40.533],[140.67944,40.5303],[140.67396,40.52616],[140.67165,40.52525],[140.6743,40.52208],[140.6768,40.52159],[140.67696,40.51948],[140.67649,40.51705],[140.67701,40.51482],[140.6753,40.51186],[140.67907,40.51109],[140.67851,40.51021],[140.68083,40.50788],[140.68262,40.5077],[140.68362,40.51058],[140.68613,40.50927],[140.68617,40.50591],[140.68685,40.50356],[140.68481,40.50187],[140.68173,40.50127],[140.68059,40.49909],[140.67839,40.49765],[140.67607,40.49775],[140.67234,40.49645],[140.67118,40.49473],[140.67598,40.49357],[140.67599,40.49469],[140.67824,40.49565],[140.68019,40.49516],[140.67777,40.49336],[140.67718,40.49031],[140.6759,40.48923],[140.67662,40.48795],[140.674,40.48568],[140.67124,40.48698],[140.66871,40.48587],[140.66945,40.48362],[140.67144,40.48308],[140.6721,40.48397],[140.67446,40.48191],[140.67008,40.48257],[140.66812,40.48226],[140.67192,40.47867],[140.66989,40.47886],[140.66918,40.47777],[140.66488,40.47805],[140.66326,40.47675],[140.66068,40.47737],[140.65841,40.47618],[140.6571,40.47628],[140.65339,40.47441],[140.65573,40.47291],[140.65694,40.47332],[140.65993,40.47083],[140.66328,40.47058],[140.66307,40.46888],[140.66068,40.46925],[140.65545,40.47161],[140.65094,40.4722],[140.64786,40.47318],[140.64717,40.47109],[140.64764,40.46979],[140.64623,40.46898],[140.64655,40.46597],[140.64859,40.46496],[140.65086,40.46315],[140.65074,40.46189],[140.64613,40.46166],[140.64668,40.4579],[140.64557,40.45693],[140.64364,40.45691],[140.63992,40.45614],[140.6412,40.4542],[140.64433,40.45334],[140.64536,40.45254],[140.64547,40.45066],[140.64732,40.44941],[140.64889,40.44933],[140.6523,40.44753],[140.65538,40.44718],[140.66233,40.44687],[140.6632,40.44584],[140.66476,40.446],[140.66583,40.44774],[140.66803,40.44697],[140.66845,40.44587],[140.6725,40.44736],[140.67367,40.44435],[140.67721,40.44476],[140.67861,40.44342],[140.6754,40.44308],[140.66976,40.44182],[140.66731,40.44204],[140.66313,40.44183],[140.66157,40.43932],[140.66028,40.44063],[140.65271,40.44203],[140.64922,40.4433],[140.64169,40.44444],[140.63846,40.44618],[140.63772,40.44425],[140.64021,40.44198],[140.64277,40.44288],[140.64372,40.44249],[140.64444,40.44022],[140.64576,40.43944],[140.64144,40.43835],[140.64368,40.43663],[140.64413,40.43512],[140.64694,40.43122],[140.64932,40.42962],[140.65219,40.42829],[140.65391,40.42835],[140.65419,40.42612],[140.65792,40.42574],[140.6589,40.42755],[140.66226,40.42716],[140.66513,40.42637],[140.66848,40.42388],[140.67045,40.42384],[140.67387,40.42232],[140.67556,40.4222],[140.67595,40.42031],[140.67821,40.41949],[140.68075,40.41945],[140.68528,40.41988],[140.68764,40.41886],[140.68827,40.42163],[140.68645,40.42233],[140.68687,40.42512],[140.68842,40.42749],[140.69238,40.42705],[140.69406,40.42798],[140.69625,40.42819],[140.69854,40.42931],[140.69999,40.42774],[140.70303,40.42721],[140.70586,40.42799],[140.70898,40.42789],[140.71062,40.4297],[140.71579,40.42763],[140.71742,40.42563],[140.71734,40.42133],[140.72067,40.41947],[140.72175,40.41929],[140.72382,40.41637],[140.72591,40.4157],[140.72787,40.41617],[140.73053,40.41561],[140.73383,40.41603],[140.73561,40.41928],[140.7355,40.42195],[140.73445,40.42295],[140.73596,40.42527],[140.73571,40.42774],[140.73131,40.43103],[140.73293,40.43306],[140.73532,40.43415],[140.73278,40.43648],[140.73342,40.43878],[140.7353,40.43978],[140.73867,40.43934],[140.74051,40.43826],[140.74293,40.43781],[140.74649,40.43852],[140.74782,40.4392],[140.75137,40.43862],[140.7536,40.44022],[140.75625,40.4433],[140.75695,40.44571],[140.76033,40.44719],[140.76184,40.45029],[140.7631,40.45139],[140.76602,40.45233],[140.76825,40.4536],[140.77003,40.45365],[140.772,40.45137],[140.77663,40.45212],[140.782,40.45552],[140.78455,40.45573],[140.78689,40.45704],[140.78905,40.45671],[140.79142,40.45344],[140.79154,40.45133],[140.79316,40.44966],[140.7969,40.44916],[140.79982,40.44932],[140.80395,40.44866],[140.80554,40.45021],[140.80609,40.45384],[140.80812,40.45776],[140.80783,40.4597],[140.80952,40.46487],[140.80904,40.46643],[140.80921,40.4706],[140.81024,40.47251],[140.81003,40.47429],[140.8117,40.47611],[140.81193,40.47863],[140.81019,40.48067],[140.81124,40.48315],[140.81096,40.48696],[140.81141,40.48774],[140.81419,40.4881],[140.81546,40.48893],[140.81722,40.49159],[140.81883,40.49225],[140.81918,40.49376],[140.82179,40.4961],[140.82499,40.49657],[140.82754,40.49623],[140.82984,40.49837],[140.83143,40.50082],[140.83515,40.50144],[140.83682,40.50403],[140.84009,40.50408],[140.84206,40.50341],[140.8425,40.50528],[140.84546,40.50713],[140.84705,40.50695],[140.84873,40.50781],[140.8525,40.50521],[140.85507,40.50615],[140.85924,40.50683],[140.8614,40.50611],[140.86373,40.50675],[140.86551,40.50792],[140.86795,40.50814],[140.8718,40.50908],[140.87339,40.50905],[140.87707,40.51115],[140.88037,40.51037],[140.87824,40.49816],[140.8796,40.49932],[140.88382,40.50014],[140.88624,40.49971],[140.88792,40.50052],[140.89062,40.49997],[140.89227,40.50049],[140.89409,40.50219],[140.89697,40.50349],[140.90253,40.50242],[140.90572,40.50349],[140.90765,40.50333],[140.9107,40.50439],[140.91674,40.50358],[140.91934,40.50097],[140.91937,40.50008],[140.92099,40.4979],[140.92187,40.49589],[140.92018,40.49419],[140.9214,40.49233],[140.92602,40.4917],[140.92689,40.49054],[140.93003,40.48777],[140.93206,40.48554],[140.93261,40.48357],[140.93493,40.48168],[140.93694,40.48087],[140.93787,40.4796],[140.9405,40.4783],[140.94179,40.47488],[140.9411,40.47157],[140.94016,40.47004],[140.94067,40.46731],[140.94206,40.46549],[140.94409,40.46416],[140.94483,40.46299],[140.94392,40.45928],[140.94405,40.45729],[140.94323,40.4563],[140.94544,40.45328],[140.94708,40.44946],[140.94889,40.44794],[140.94824,40.44504],[140.94671,40.44738],[140.94333,40.448],[140.94014,40.44767],[140.93533,40.44441],[140.93188,40.44071],[140.93157,40.43926],[140.93228,40.43754],[140.92944,40.43782],[140.93027,40.43545],[140.92787,40.43466],[140.92808,40.43949],[140.93058,40.44361],[140.92971,40.44561],[140.92845,40.44612],[140.92937,40.44821],[140.92711,40.44927],[140.92107,40.44964],[140.92328,40.45102],[140.92069,40.45199],[140.91697,40.45253],[140.91775,40.45467],[140.91891,40.4552],[140.92196,40.45871],[140.92302,40.46063],[140.92241,40.46326],[140.91884,40.46529],[140.91282,40.46631],[140.90947,40.46634],[140.90639,40.4654],[140.90428,40.4636],[140.90341,40.45948],[140.90249,40.45873],[140.90306,40.45694],[140.90649,40.45665],[140.90658,40.45494],[140.90833,40.45503],[140.91056,40.45388],[140.91306,40.45021],[140.91377,40.44825],[140.91342,40.44636],[140.915,40.44439],[140.91429,40.44087],[140.9148,40.4397],[140.91286,40.43925],[140.91381,40.43764],[140.9121,40.43538],[140.90735,40.43258],[140.90286,40.43245],[140.90023,40.43183],[140.89743,40.4319],[140.89486,40.43314],[140.8924,40.43591],[140.89012,40.43597],[140.88592,40.44114],[140.88524,40.44637],[140.88093,40.446],[140.88059,40.44725],[140.87776,40.44836],[140.87872,40.45104],[140.87672,40.45114],[140.87618,40.45016],[140.87704,40.44849],[140.87599,40.44685],[140.87638,40.44518],[140.87906,40.44337],[140.88036,40.44086],[140.87942,40.43911],[140.87934,40.43602],[140.88005,40.4346],[140.88483,40.43461],[140.88635,40.43366],[140.88955,40.43275],[140.89268,40.4331],[140.89488,40.43112],[140.8968,40.43072],[140.89829,40.42949],[140.90129,40.42973],[140.90399,40.42779],[140.90594,40.42696],[140.90738,40.42499],[140.91089,40.42327],[140.91276,40.42364],[140.91408,40.42492],[140.9168,40.42596],[140.91824,40.42701],[140.92007,40.42732],[140.92622,40.42136],[140.92734,40.42106],[140.9331,40.42149],[140.93572,40.42309],[140.93744,40.42582],[140.93737,40.42751],[140.94183,40.43004],[140.94307,40.42912],[140.9453,40.4291],[140.94615,40.42799],[140.94894,40.42764],[140.95155,40.42631],[140.95347,40.42706],[140.955,40.42645],[140.95825,40.42649],[140.9604,40.42709],[140.964,40.42708],[140.96503,40.42859],[140.96703,40.42894],[140.97261,40.43075],[140.97756,40.42907],[140.97818,40.42751],[140.97591,40.42674],[140.97423,40.42559],[140.9752,40.42343],[140.97507,40.42194],[140.97614,40.42056],[140.97534,40.41846],[140.97298,40.41762],[140.97423,40.4157],[140.97919,40.41526],[140.98154,40.41536],[140.98281,40.41331],[140.98195,40.41138],[140.9822,40.40821],[140.98149,40.40629],[140.98234,40.40484],[140.9851,40.40414],[140.98589,40.40309],[140.98559,40.40115],[140.98685,40.40011],[140.98741,40.39851],[140.98742,40.39504],[140.99121,40.39488],[140.99408,40.39592],[140.9983,40.39649],[140.99973,40.39534],[141.0003,40.39164],[140.99938,40.3901],[140.99966,40.38884],[140.99463,40.38637],[140.99576,40.38555],[140.99451,40.38118],[140.99842,40.38163],[141.00101,40.3833],[141.00175,40.38268],[141.00002,40.38092],[140.99991,40.37794],[141.00135,40.37684],[141.00205,40.37261],[141.00419,40.37277],[141.01132,40.37113],[141.0123,40.3713],[141.01296,40.37492],[141.01064,40.37816],[141.00887,40.37952],[141.00773,40.38298],[141.01115,40.38424],[141.01324,40.38092],[141.01427,40.37768],[141.01658,40.377],[141.01889,40.37454],[141.01953,40.37109],[141.02148,40.36995],[141.02266,40.36625],[141.02404,40.36352],[141.02715,40.35995],[141.02861,40.35889],[141.02765,40.35598],[141.02758,40.35219],[141.02974,40.34963],[141.03038,40.34795],[141.02553,40.34465],[141.02282,40.34364],[141.02076,40.34216],[141.02088,40.33792],[141.01892,40.33462],[141.01871,40.33251],[141.0178,40.33144],[141.01452,40.3303],[141.01327,40.33225],[141.01172,40.33281],[141.00704,40.33223],[141.00493,40.32966],[141.00351,40.32921],[140.99887,40.32899],[140.99617,40.32839],[140.99395,40.327],[140.99264,40.32423],[140.99091,40.32333],[140.98722,40.32301],[140.98719,40.32166],[140.98409,40.31773],[140.98217,40.31724],[140.97891,40.31832],[140.97825,40.3157],[140.97744,40.31448],[140.97441,40.31196],[140.9738,40.31021],[140.97179,40.30745],[140.9693,40.30609],[140.9627,40.30544],[140.95961,40.30633],[140.9576,40.30648],[140.95593,40.30342],[140.95366,40.3012],[140.94593,40.29894],[140.94466,40.29769],[140.94403,40.29592],[140.94517,40.29457],[140.94416,40.29235],[140.94456,40.28827],[140.94621,40.28742],[140.9488,40.2871],[140.95245,40.28743],[140.95435,40.28476],[140.9565,40.28487],[140.95761,40.28219],[140.95415,40.27949],[140.95335,40.27633],[140.95275,40.27574],[140.9528,40.27137],[140.94968,40.2689],[140.94938,40.2672],[140.94723,40.26447],[140.94722,40.26171],[140.94573,40.25825],[140.94787,40.25563],[140.94897,40.25354],[140.95413,40.25066],[140.95503,40.24756],[140.95491,40.2451],[140.9586,40.24176],[140.96347,40.24068],[140.96517,40.23982],[140.96691,40.23816],[140.96731,40.23602],[140.96601,40.2351],[140.96847,40.23325],[140.96865,40.23057],[140.9694,40.22842],[140.96877,40.22639],[140.97227,40.22683],[140.97573,40.22593],[140.97638,40.22498],[140.97587,40.22343],[140.97805,40.22244],[140.9789,40.22012],[140.98021,40.21969],[140.98377,40.22084],[140.98603,40.22102],[140.98775,40.22198],[140.99104,40.22281],[140.99301,40.22101],[140.99647,40.21912],[141.00126,40.22064],[141.00311,40.22003],[141.00574,40.21799],[141.01008,40.21903],[141.01173,40.21799],[141.0156,40.21819],[141.01583,40.21939],[141.01739,40.2201],[141.02229,40.22042],[141.02388,40.22148],[141.02598,40.22165],[141.02607,40.22494],[141.02697,40.22656],[141.02944,40.22747],[141.03095,40.22908],[141.03225,40.22914],[141.0354,40.23156],[141.04136,40.23443],[141.0418,40.23668],[141.04561,40.23711],[141.0486,40.23653],[141.05245,40.23702],[141.05416,40.23674],[141.05907,40.23787],[141.05967,40.24212],[141.06237,40.24216],[141.06275,40.24406],[141.06512,40.24562],[141.06687,40.24789],[141.07145,40.25056],[141.0725,40.25185],[141.07533,40.25399],[141.07663,40.25552],[141.0793,40.25607],[141.08162,40.2541],[141.08379,40.25679],[141.08451,40.25677],[141.08576,40.25438],[141.08644,40.25174],[141.08967,40.25197],[141.09124,40.25293],[141.09054,40.25469],[141.09125,40.25606],[141.09001,40.25717],[141.09022,40.25901],[141.08424,40.25872],[141.0824,40.26255],[141.08062,40.26305],[141.07598,40.26299],[141.07398,40.2614],[141.07375,40.25886],[141.07207,40.25589],[141.0722,40.25275],[141.06984,40.25135],[141.06639,40.25275],[141.06575,40.25434],[141.0645,40.25518],[141.06406,40.2573],[141.06214,40.25913],[141.05775,40.25936],[141.0562,40.26027],[141.05255,40.25938],[141.05262,40.25734],[141.05405,40.25285],[141.05733,40.2523],[141.05957,40.25026],[141.06026,40.24878],[141.05597,40.24837],[141.05357,40.24886],[141.05357,40.24728],[141.05083,40.24468],[141.04757,40.24236],[141.04668,40.24011],[141.04486,40.24099],[141.04263,40.24316],[141.0421,40.24549],[141.04287,40.24784],[141.04401,40.24861],[141.04214,40.25322],[141.04025,40.254],[141.03957,40.25555],[141.03946,40.25782],[141.03681,40.25808],[141.03497,40.25902],[141.03308,40.25651],[141.0308,40.25623],[141.0291,40.25917],[141.02437,40.25954],[141.02116,40.25919],[141.01939,40.25958],[141.01349,40.25808],[141.01292,40.25988],[141.01562,40.26011],[141.01562,40.26163],[141.01967,40.26307],[141.02126,40.2626],[141.0236,40.26331],[141.02784,40.26307],[141.0298,40.26359],[141.03414,40.26333],[141.03294,40.26577],[141.03044,40.26736],[141.03063,40.26952],[141.03314,40.27034],[141.03552,40.27199],[141.03555,40.27516],[141.03727,40.27674],[141.04099,40.27716],[141.0415,40.27804],[141.04378,40.27929],[141.04509,40.28062],[141.04534,40.2823],[141.04051,40.28411],[141.03933,40.2827],[141.03482,40.28298],[141.03032,40.28169],[141.02655,40.28454],[141.03056,40.28664],[141.03412,40.28637],[141.03579,40.28791],[141.03608,40.28997],[141.03218,40.29132],[141.03071,40.29139],[141.02825,40.28979],[141.02615,40.29088],[141.02093,40.29151],[141.01846,40.29269],[141.01532,40.29312],[141.01294,40.29425],[141.01199,40.29528],[141.00821,40.29562],[141.00612,40.29442],[140.99952,40.29304],[140.99564,40.29279],[140.99336,40.29226],[140.99226,40.29126],[140.99037,40.29116],[140.98662,40.28937],[140.98281,40.2883],[140.9802,40.28894],[140.97707,40.28908],[140.97325,40.28677],[140.97034,40.28667],[140.96895,40.28767],[140.96664,40.28777],[140.95826,40.29055],[140.95934,40.29109],[140.96671,40.2887],[140.97018,40.2884],[140.97285,40.28704],[140.97459,40.28763],[140.977,40.28931],[140.97994,40.28923],[140.98409,40.29016],[140.98664,40.29118],[140.98752,40.2927],[140.9925,40.2927],[140.99507,40.29371],[140.99758,40.29373],[140.99943,40.29482],[141.00835,40.2972],[141.00774,40.2988],[141.00615,40.29955],[141.00335,40.302],[141.00178,40.30504],[141.00296,40.3066],[141.00408,40.30303],[141.00758,40.30004],[141.00895,40.29978],[141.01037,40.29805],[141.01241,40.29754],[141.01422,40.29779],[141.01667,40.29719],[141.01726,40.29827],[141.01957,40.29837],[141.02064,40.29662],[141.02272,40.2976],[141.02439,40.29679],[141.02574,40.29747],[141.03003,40.29698],[141.03165,40.29735],[141.03368,40.29606],[141.03321,40.29898],[141.03409,40.30363],[141.03657,40.30435],[141.03881,40.30632],[141.04094,40.30675],[141.04303,40.30621],[141.04345,40.3037],[141.04309,40.3022],[141.04372,40.2994],[141.04477,40.29759],[141.04644,40.29932],[141.04429,40.30238],[141.04406,40.30667],[141.04616,40.30895],[141.04828,40.30847],[141.05074,40.30863],[141.05352,40.30768],[141.05565,40.30811],[141.05754,40.30644],[141.05961,40.30594],[141.06265,40.306],[141.06567,40.30718],[141.0673,40.30668],[141.06946,40.30898],[141.0694,40.31095],[141.06736,40.31145],[141.06334,40.30976],[141.0602,40.30987],[141.05849,40.30863],[141.05574,40.30825],[141.05603,40.30996],[141.05784,40.31259],[141.05808,40.31367],[141.05595,40.31415],[141.05657,40.31573],[141.05468,40.31725],[141.05746,40.31907],[141.05938,40.31981],[141.05841,40.32185],[141.05879,40.32399],[141.0561,40.32605],[141.05389,40.32664],[141.0536,40.32767],[141.0567,40.32961],[141.05712,40.33068],[141.05974,40.33297],[141.06349,40.33096],[141.0663,40.33084],[141.06775,40.32884],[141.07006,40.32767],[141.07109,40.32565],[141.07293,40.32375],[141.0741,40.32358],[141.07501,40.32195],[141.0768,40.32255],[141.07722,40.32508],[141.07612,40.32651],[141.07325,40.32681],[141.07076,40.33044],[141.06927,40.3317],[141.07003,40.33399],[141.0693,40.33463],[141.06682,40.33367],[141.0669,40.33551],[141.07009,40.33639],[141.07331,40.33849],[141.07724,40.33848],[141.0785,40.33681],[141.0826,40.337],[141.08682,40.33902],[141.08844,40.34013],[141.08381,40.34112],[141.08228,40.34318],[141.08425,40.34361],[141.087,40.34327],[141.08623,40.34469],[141.08293,40.34559],[141.08202,40.34687],[141.07993,40.34449],[141.07747,40.34467],[141.07696,40.34676],[141.07887,40.34798],[141.07843,40.34961],[141.07413,40.34801],[141.07435,40.3472],[141.06998,40.34606],[141.06953,40.34465],[141.06579,40.34255],[141.06554,40.3412],[141.06346,40.34084],[141.0608,40.34316],[141.06082,40.34639],[141.05751,40.34542],[141.0542,40.3465],[141.05604,40.34864],[141.06002,40.34946],[141.06675,40.35047],[141.0703,40.35231],[141.07043,40.35302],[141.07312,40.35513],[141.07539,40.35926],[141.07394,40.36112],[141.07441,40.36243],[141.06894,40.36453],[141.0672,40.36278],[141.06463,40.36193],[141.06662,40.35918],[141.06805,40.35893],[141.06692,40.35556],[141.06583,40.35644],[141.06356,40.3601],[141.06407,40.36129],[141.0608,40.36103],[141.05958,40.35872],[141.06019,40.35727],[141.05822,40.35711],[141.0581,40.35825],[141.05637,40.35935],[141.05593,40.36117],[141.05846,40.36177],[141.05928,40.36313],[141.0615,40.36497],[141.06347,40.36364],[141.06478,40.36514],[141.06651,40.36565],[141.06522,40.36715],[141.0698,40.36662],[141.07026,40.36858],[141.06477,40.37034],[141.06381,40.36975],[141.0606,40.37199],[141.0606,40.37281],[141.06383,40.37301],[141.06373,40.37106],[141.06702,40.37062],[141.07083,40.36945],[141.0727,40.36941],[141.07507,40.36853],[141.07599,40.36992],[141.07518,40.37155],[141.0753,40.37329],[141.07451,40.37501],[141.07035,40.37538],[141.06819,40.37511],[141.06422,40.37607],[141.06195,40.37583],[141.05942,40.37644],[141.05811,40.37577],[141.05222,40.37581],[141.05057,40.3763],[141.04534,40.37888],[141.04202,40.38174],[141.0414,40.38279],[141.04189,40.38449],[141.04835,40.38665],[141.05054,40.38668],[141.05193,40.38731],[141.05428,40.38712],[141.05822,40.3882],[141.05925,40.38795]],[[141.01802,40.27386],[141.018,40.27476],[141.02051,40.27498],[141.02019,40.27366],[141.01802,40.27386]],[[141.02869,40.60971],[141.02928,40.60791],[141.02728,40.60788],[141.02705,40.60955],[141.02869,40.60971]],[[140.91863,40.72033],[140.92124,40.72065],[140.92132,40.71906],[140.91918,40.71871],[140.91863,40.72033]],[[141.03277,40.60725],[141.03314,40.60906],[141.03546,40.60785],[141.03416,40.60699],[141.03277,40.60725]],[[140.69088,40.55397],[140.68955,40.55242],[140.68775,40.55287],[140.6896,40.55441],[140.69088,40.55397]],[[140.64908,40.4352],[140.64826,40.4329],[140.64703,40.43321],[140.64654,40.43482],[140.64908,40.4352]],[[140.88242,40.86496],[140.88237,40.86376],[140.88045,40.86328],[140.8797,40.86402],[140.88161,40.86612],[140.88242,40.86496]],[[140.70285,40.51895],[140.70125,40.51818],[140.7002,40.51975],[140.70118,40.5211],[140.70285,40.51895]],[[141.10508,40.42143],[141.10779,40.4213],[141.10759,40.42014],[141.10485,40.42002],[141.10508,40.42143]],[[141.1048,40.505],[141.10768,40.50458],[141.10933,40.50314],[141.10502,40.50359],[141.1048,40.505]],[[140.6482,40.43755],[140.64732,40.43857],[140.64909,40.43924],[140.6504,40.438],[140.6482,40.43755]],[[141.02822,40.55097],[141.02711,40.55196],[141.03106,40.55333],[141.02991,40.55118],[141.02822,40.55097]],[[141.10659,40.50541],[141.10641,40.507],[141.10842,40.50777],[141.11022,40.50641],[141.10659,40.50541]],[[140.95379,40.72901],[140.95356,40.72727],[140.9508,40.72749],[140.95017,40.72942],[140.95325,40.72985],[140.95379,40.72901]],[[140.82717,40.65405],[140.82752,40.65231],[140.82584,40.65231],[140.82552,40.65356],[140.82717,40.65405]],[[141.07506,40.47073],[141.07749,40.46978],[141.07793,40.46816],[141.07427,40.47003],[141.07506,40.47073]],[[141.02216,40.5505],[141.02329,40.55078],[141.02564,40.54959],[141.02463,40.54815],[141.02273,40.54914],[141.02216,40.5505]],[[140.66893,40.44777],[140.66704,40.44868],[140.66676,40.44971],[140.67025,40.44999],[140.67045,40.44849],[140.66893,40.44777]],[[140.94802,40.59993],[140.94828,40.60135],[140.94969,40.60202],[140.95221,40.60053],[140.95178,40.59983],[140.94802,40.59993]],[[141.04654,40.63984],[141.04439,40.64029],[141.04399,40.64128],[141.04516,40.64262],[141.04814,40.64217],[141.04654,40.63984]],[[140.72865,40.50566],[140.72749,40.50702],[140.72878,40.50903],[140.73062,40.50934],[140.73074,40.5067],[140.72865,40.50566]],[[141.04189,40.40369],[141.04108,40.40214],[141.03965,40.40129],[141.03837,40.40234],[141.04189,40.40369]],[[141.08663,40.53965],[141.08516,40.53757],[141.08318,40.53855],[141.08581,40.54009],[141.08663,40.53965]],[[141.05374,40.35216],[141.054,40.35342],[141.05562,40.35376],[141.05736,40.35184],[141.05663,40.35099],[141.05374,40.35216]],[[140.77075,40.65308],[140.76707,40.65084],[140.76676,40.65248],[140.76905,40.65317],[140.77075,40.65308]],[[140.89456,40.80877],[140.89607,40.8076],[140.89419,40.80684],[140.89272,40.80782],[140.89456,40.80877]],[[141.08126,40.43638],[141.08141,40.43822],[141.08314,40.43769],[141.0856,40.43799],[141.08811,40.43716],[141.08752,40.43625],[141.08475,40.43672],[141.08126,40.43638]],[[141.04863,40.55068],[141.04891,40.55195],[141.04626,40.55231],[141.04726,40.55415],[141.05099,40.55438],[141.05153,40.55375],[141.05028,40.55157],[141.04863,40.55068]],[[141.04015,40.31858],[141.03744,40.32001],[141.03739,40.32178],[141.04194,40.32097],[141.04244,40.31828],[141.04015,40.31858]],[[141.09841,40.54045],[141.10157,40.54306],[141.10275,40.54013],[141.09999,40.53831],[141.09841,40.54045]],[[141.05379,40.41721],[141.05238,40.41593],[141.04918,40.4162],[141.05333,40.41763],[141.05379,40.41721]],[[141.12881,40.53867],[141.12625,40.5397],[141.12303,40.53986],[141.12273,40.54064],[141.12729,40.54153],[141.12787,40.54051],[141.13032,40.54001],[141.12881,40.53867]],[[140.89192,40.86675],[140.88877,40.86804],[140.88949,40.86895],[140.89143,40.86853],[140.89411,40.86722],[140.89369,40.86498],[140.89243,40.86515],[140.89192,40.86675]],[[140.71448,40.68205],[140.71795,40.68316],[140.71914,40.68048],[140.71879,40.67804],[140.71681,40.6779],[140.71448,40.68205]],[[140.82126,40.59891],[140.82381,40.5983],[140.82176,40.59391],[140.81842,40.59482],[140.82062,40.5972],[140.82126,40.59891]],[[140.79578,40.71906],[140.79462,40.71821],[140.79242,40.71915],[140.79492,40.71995],[140.79578,40.71906]],[[140.99647,40.41441],[140.99998,40.41352],[140.99854,40.41221],[140.99659,40.41175],[140.9963,40.41347],[140.99322,40.41382],[140.99396,40.41478],[140.99647,40.41441]],[[141.08477,40.43239],[141.08542,40.4317],[141.08222,40.42969],[141.07848,40.42989],[141.08015,40.43096],[141.08296,40.43069],[141.08477,40.43239]],[[141.102,40.50177],[141.10352,40.50155],[141.10437,40.49994],[141.09903,40.50049],[141.102,40.50177]],[[141.02851,40.32295],[141.03367,40.32395],[141.03359,40.32227],[141.03423,40.31955],[141.03276,40.31931],[141.03108,40.32262],[141.02884,40.322],[141.02851,40.32295]],[[140.95312,40.7455],[140.95115,40.74408],[140.94615,40.7443],[140.94526,40.74657],[140.94682,40.74666],[140.94916,40.74536],[140.95032,40.74587],[140.95312,40.7455]],[[140.95743,40.75016],[140.95751,40.74812],[140.95404,40.74577],[140.95443,40.74765],[140.95743,40.75016]],[[140.99647,40.57183],[140.99939,40.57307],[140.99891,40.56934],[140.99952,40.56794],[140.99721,40.56712],[140.99483,40.56963],[140.99485,40.57082],[140.99647,40.57183]],[[141.01107,40.41939],[141.01419,40.4168],[141.01249,40.41562],[141.01107,40.41939]],[[141.00797,40.25275],[141.00819,40.25134],[141.00477,40.25159],[141.0061,40.2527],[141.00791,40.25619],[141.00908,40.25468],[141.00797,40.25275]],[[140.93777,40.44264],[140.93519,40.44038],[140.93443,40.43838],[140.93569,40.43716],[140.93364,40.43629],[140.93269,40.43722],[140.93253,40.44041],[140.93496,40.44192],[140.93667,40.44366],[140.93777,40.44264]],[[141.05341,40.54842],[141.05214,40.54683],[141.04766,40.54478],[141.04662,40.54648],[141.04765,40.54799],[141.05062,40.54963],[141.05341,40.54842]],[[141.03747,40.55627],[141.03981,40.55495],[141.0383,40.5541],[141.03576,40.5542],[141.03321,40.55334],[141.03167,40.55476],[141.03322,40.55621],[141.03431,40.55555],[141.03747,40.55627]],[[141.09581,40.54286],[141.09633,40.5445],[141.09887,40.54628],[141.09966,40.54493],[141.09581,40.54286]],[[141.07175,40.42979],[141.06776,40.42758],[141.06671,40.42819],[141.06816,40.43046],[141.06947,40.43003],[141.07377,40.43173],[141.07553,40.43079],[141.07175,40.42979]],[[141.07608,40.42894],[141.07923,40.42867],[141.08025,40.42592],[141.07677,40.42676],[141.07331,40.42445],[141.07265,40.42643],[141.07327,40.4276],[141.07608,40.42894]],[[140.80387,40.68925],[140.80423,40.68999],[140.80785,40.69057],[140.8102,40.6892],[140.80921,40.68791],[140.80643,40.68777],[140.80576,40.68696],[140.80332,40.68722],[140.79976,40.68632],[140.80058,40.68839],[140.80387,40.68925]],[[141.03217,40.54597],[141.03113,40.54353],[141.02862,40.54011],[141.0263,40.53821],[141.02546,40.54011],[141.02946,40.54232],[141.02966,40.54606],[141.03217,40.54597]],[[140.8503,40.65109],[140.85264,40.6508],[140.8545,40.65127],[140.85338,40.64562],[140.85139,40.64646],[140.84613,40.64662],[140.84564,40.6484],[140.84692,40.64856],[140.84957,40.64997],[140.8503,40.65109]],[[141.01563,40.25275],[141.01597,40.24894],[141.01388,40.24989],[141.01214,40.25153],[141.00993,40.25242],[141.01102,40.25532],[141.01235,40.25505],[141.01573,40.25668],[141.01622,40.25545],[141.01563,40.25275]],[[140.95719,40.72885],[140.95698,40.72545],[140.95767,40.72326],[140.95618,40.7218],[140.95236,40.72199],[140.95118,40.72284],[140.94969,40.72249],[140.94907,40.72385],[140.95111,40.7253],[140.95362,40.72448],[140.95403,40.72644],[140.9552,40.72819],[140.95719,40.72885]],[[141.02684,40.60643],[141.02779,40.60518],[141.03091,40.60374],[141.03403,40.60332],[141.03249,40.60209],[141.0281,40.60372],[141.02614,40.60518],[141.02483,40.605],[141.02141,40.60674],[141.02538,40.60738],[141.02684,40.60643]],[[140.76376,40.51898],[140.76166,40.51873],[140.75983,40.51936],[140.75817,40.51883],[140.75887,40.52238],[140.7567,40.52206],[140.75647,40.52388],[140.76096,40.52572],[140.76474,40.52476],[140.76324,40.52113],[140.76376,40.51898]],[[141.0633,40.55365],[141.06513,40.55438],[141.06776,40.55435],[141.06745,40.55227],[141.06538,40.55157],[141.06261,40.55138],[141.06014,40.55013],[141.05725,40.55048],[141.05626,40.54986],[141.0547,40.55076],[141.05703,40.55256],[141.06009,40.55356],[141.0628,40.55302],[141.0633,40.55365]],[[140.74984,40.58603],[140.75138,40.58411],[140.75033,40.58349],[140.74528,40.58544],[140.74142,40.58565],[140.74071,40.58917],[140.74575,40.58834],[140.74912,40.58709],[140.74984,40.58603]],[[141.01937,40.6413],[141.02192,40.63928],[141.02876,40.63729],[141.02465,40.63737],[141.02231,40.63794],[141.02148,40.63954],[141.01982,40.64],[141.01937,40.6413]],[[140.99231,40.41257],[140.99325,40.4105],[140.99107,40.40862],[140.98998,40.40907],[140.9888,40.41321],[140.98628,40.41299],[140.98566,40.41427],[140.98701,40.4173],[140.98953,40.41664],[140.99127,40.41518],[140.99021,40.41272],[140.99231,40.41257]],[[141.04589,40.46631],[141.04468,40.46798],[141.04018,40.47238],[141.0385,40.47485],[141.04209,40.47604],[141.04448,40.47603],[141.04496,40.47485],[141.04678,40.47445],[141.04665,40.47026],[141.04801,40.46895],[141.04562,40.46858],[141.04589,40.46631]],[[141.08567,40.52982],[141.08682,40.53164],[141.08908,40.53188],[141.08922,40.52916],[141.09097,40.52728],[141.09089,40.52614],[141.09238,40.52398],[141.09128,40.52229],[141.08999,40.52163],[141.08791,40.52246],[141.0856,40.5253],[141.08408,40.52795],[141.08567,40.52982]],[[140.82424,40.50271],[140.82501,40.50679],[140.82728,40.50661],[140.82848,40.50833],[140.83034,40.50861],[140.83456,40.50802],[140.83625,40.50539],[140.83507,40.50474],[140.83367,40.50269],[140.83199,40.50233],[140.82889,40.5004],[140.82734,40.5003],[140.82503,40.50137],[140.82424,40.50271]],[[141.01477,40.31016],[141.01649,40.30957],[141.01774,40.30666],[141.01778,40.3053],[141.01363,40.30275],[141.01164,40.30312],[141.01027,40.30215],[141.00759,40.30366],[141.00703,40.30505],[141.00559,40.30533],[141.0051,40.30782],[141.00648,40.30976],[141.01149,40.30863],[141.01477,40.31016]],[[141.07621,40.55544],[141.07915,40.55551],[141.07848,40.55471],[141.07688,40.55419],[141.07678,40.55309],[141.07474,40.55158],[141.0737,40.55158],[141.07103,40.54902],[141.06776,40.54788],[141.06622,40.54919],[141.0687,40.55101],[141.0691,40.55239],[141.07142,40.55253],[141.07117,40.55412],[141.07368,40.55381],[141.07652,40.55478],[141.07621,40.55544]],[[141.08627,40.67656],[141.08542,40.67716],[141.08524,40.67932],[141.08654,40.68277],[141.08767,40.68304],[141.08922,40.68585],[141.09479,40.68746],[141.09188,40.6824],[141.09015,40.68001],[141.08732,40.67831],[141.08627,40.67656]],[[140.8237,40.72593],[140.82122,40.72843],[140.82012,40.729],[140.81656,40.72944],[140.8144,40.73176],[140.81396,40.73537],[140.81715,40.73551],[140.82087,40.73458],[140.82139,40.73269],[140.82473,40.73212],[140.82584,40.72834],[140.82459,40.72775],[140.8237,40.72593]],[[141.02241,40.53493],[141.02632,40.53495],[141.02903,40.53405],[141.02999,40.5363],[141.03202,40.53398],[141.03537,40.53298],[141.03521,40.53194],[141.03332,40.53106],[141.03119,40.52907],[141.02848,40.52845],[141.02582,40.52985],[141.02486,40.53262],[141.02241,40.53493]],[[141.05382,40.36905],[141.05431,40.36747],[141.05266,40.36743],[141.0516,40.36649],[141.04767,40.36497],[141.04643,40.36536],[141.04566,40.36382],[141.04411,40.36456],[141.04466,40.36767],[141.0438,40.37027],[141.04805,40.36897],[141.04934,40.36748],[141.05122,40.36935],[141.05399,40.37072],[141.05701,40.37063],[141.05973,40.36757],[141.0572,40.36621],[141.05606,40.36678],[141.05627,40.36979],[141.05382,40.36905]],[[140.894,40.71419],[140.89498,40.713],[140.88992,40.71153],[140.88797,40.71172],[140.88669,40.71421],[140.8886,40.71684],[140.89164,40.71685],[140.89239,40.71433],[140.894,40.71419]],[[141.03325,40.56285],[141.03893,40.56078],[141.03753,40.55937],[141.03294,40.55869],[141.031,40.55739],[141.0305,40.55629],[141.02723,40.55454],[141.02529,40.55554],[141.02535,40.55658],[141.02781,40.55776],[141.02639,40.55899],[141.02458,40.5585],[141.02229,40.55956],[141.02651,40.56128],[141.02962,40.56109],[141.03325,40.56285]],[[141.01946,40.41939],[141.01838,40.42022],[141.02163,40.42216],[141.0222,40.4239],[141.02356,40.42364],[141.02488,40.42464],[141.02707,40.42431],[141.02378,40.4225],[141.02238,40.42052],[141.03111,40.42075],[141.03067,40.42192],[141.03466,40.42276],[141.03598,40.42082],[141.03185,40.42132],[141.03159,40.41938],[141.02843,40.41948],[141.02615,40.41847],[141.02514,40.41961],[141.02325,40.41945],[141.02128,40.42005],[141.01946,40.41939]],[[141.00733,40.54021],[141.01115,40.54243],[141.00916,40.54544],[141.01184,40.54771],[141.01421,40.5485],[141.01463,40.54978],[141.01741,40.5494],[141.01976,40.54974],[141.02088,40.54684],[141.02069,40.54505],[141.01926,40.54376],[141.01691,40.54298],[141.01814,40.54043],[141.01524,40.54024],[141.01351,40.53831],[141.0105,40.53979],[141.00811,40.53955],[141.00733,40.54021]],[[141.07686,40.81072],[141.0763,40.80969],[141.07439,40.81035],[141.07159,40.81045],[141.06871,40.81138],[141.06709,40.81122],[141.0658,40.80921],[141.06377,40.80934],[141.05954,40.80777],[141.05827,40.80899],[141.05974,40.81046],[141.06336,40.81117],[141.06732,40.81302],[141.07534,40.81232],[141.07775,40.81163],[141.08003,40.8119],[141.08064,40.81076],[141.07704,40.81135],[141.07686,40.81072]],[[140.95503,40.74396],[140.95601,40.74484],[140.95799,40.74307],[140.96098,40.74168],[140.96058,40.74075],[140.95816,40.74086],[140.95821,40.73942],[140.96177,40.73845],[140.9653,40.73631],[140.96323,40.73363],[140.96152,40.73545],[140.95962,40.7364],[140.95882,40.73526],[140.95712,40.73691],[140.95548,40.73704],[140.95392,40.73841],[140.95192,40.74179],[140.95305,40.74304],[140.95503,40.74396]],[[141.0724,40.46826],[141.07098,40.46668],[141.06678,40.46697],[141.06679,40.46515],[141.07012,40.46416],[141.06862,40.46321],[141.06595,40.46241],[141.06093,40.46204],[141.05901,40.46092],[141.05688,40.4626],[141.055,40.46665],[141.05687,40.46719],[141.06004,40.46679],[141.0629,40.46774],[141.06545,40.46974],[141.06814,40.47004],[141.07066,40.46954],[141.0724,40.46826]],[[140.8253,40.71951],[140.82726,40.71894],[140.83166,40.71918],[140.83033,40.71735],[140.83012,40.71583],[140.82716,40.71525],[140.82874,40.71394],[140.82991,40.71108],[140.82794,40.70955],[140.82733,40.70781],[140.82534,40.70523],[140.82253,40.70507],[140.81999,40.70704],[140.82176,40.70753],[140.82103,40.70996],[140.82144,40.71173],[140.82282,40.71327],[140.82131,40.71392],[140.82479,40.71728],[140.8253,40.71951]],[[141.05258,40.48311],[141.0536,40.48457],[141.05345,40.48613],[141.0544,40.48813],[141.05806,40.48938],[141.06104,40.49145],[141.06386,40.49408],[141.06656,40.49509],[141.06714,40.49593],[141.06963,40.49559],[141.07211,40.49609],[141.07131,40.49341],[141.06997,40.49188],[141.06766,40.49159],[141.06376,40.48778],[141.06332,40.48606],[141.05735,40.48407],[141.05501,40.48408],[141.05258,40.48311]],[[140.71366,40.54983],[140.71133,40.55428],[140.71801,40.55758],[140.72161,40.5582],[140.72344,40.55963],[140.72382,40.56111],[140.72575,40.56322],[140.72735,40.56358],[140.72788,40.56108],[140.72946,40.56024],[140.72967,40.55847],[140.73144,40.55779],[140.73009,40.55645],[140.73126,40.55544],[140.72854,40.55444],[140.72935,40.55294],[140.72753,40.55179],[140.72198,40.55282],[140.72068,40.55227],[140.7186,40.55262],[140.71667,40.55222],[140.71366,40.54983]],[[140.73827,40.55042],[140.73607,40.54988],[140.73602,40.54882],[140.73228,40.54735],[140.73269,40.54541],[140.73076,40.54414],[140.73366,40.54159],[140.73408,40.53977],[140.73126,40.53702],[140.72759,40.53722],[140.72669,40.53824],[140.7225,40.53856],[140.72059,40.53912],[140.71846,40.54058],[140.72165,40.54195],[140.71862,40.54297],[140.71902,40.54453],[140.71764,40.54616],[140.71759,40.54767],[140.71994,40.54926],[140.72224,40.54898],[140.72563,40.54962],[140.7283,40.55068],[140.73112,40.55039],[140.73288,40.55175],[140.7345,40.5522],[140.7372,40.55182],[140.73827,40.55042]],[[141.05257,40.49847],[141.05623,40.49826],[141.05688,40.49734],[141.05193,40.49618],[141.04982,40.49672],[141.04645,40.49516],[141.04245,40.49432],[141.04218,40.4933],[141.0391,40.49237],[141.03444,40.49211],[141.03115,40.49073],[141.02447,40.48902],[141.02324,40.48943],[141.02292,40.49191],[141.02498,40.4929],[141.0314,40.49501],[141.03604,40.49542],[141.04031,40.49662],[141.04577,40.49726],[141.04772,40.49802],[141.05257,40.49847]],[[141.01416,40.50271],[141.01388,40.50065],[141.01603,40.49879],[141.01397,40.49686],[141.01367,40.49475],[141.01087,40.49499],[141.00887,40.49465],[141.00666,40.49313],[141.00715,40.48931],[141.00338,40.48843],[141.00029,40.48812],[141.00001,40.48988],[140.99676,40.49236],[140.996,40.49501],[140.997,40.49599],[141.00115,40.4945],[141.00476,40.49541],[141.00688,40.49772],[141.00664,40.49914],[141.00498,40.50029],[141.00591,40.50248],[141.00476,40.50376],[141.00735,40.50427],[141.00824,40.50497],[141.01035,40.50466],[141.01416,40.50271]],[[141.05863,40.78474],[141.05744,40.78428],[141.05369,40.78446],[141.05335,40.78401],[141.04883,40.78446],[141.04482,40.78405],[141.04345,40.78124],[141.03997,40.78125],[141.0377,40.78212],[141.03559,40.78169],[141.03587,40.78428],[141.03853,40.7842],[141.0409,40.78362],[141.04124,40.78471],[141.0391,40.78572],[141.03981,40.78699],[141.04168,40.78641],[141.04369,40.78708],[141.04482,40.78818],[141.04992,40.78811],[141.05413,40.7884],[141.05617,40.78915],[141.05837,40.78898],[141.06082,40.79034],[141.06319,40.78996],[141.06559,40.78843],[141.06311,40.78753],[141.05968,40.78503],[141.05863,40.78474]],[[140.69793,40.45012],[140.69711,40.44828],[140.69782,40.44765],[140.69601,40.44624],[140.69524,40.44407],[140.70114,40.44343],[140.70276,40.44272],[140.70365,40.44009],[140.70483,40.43863],[140.70823,40.43622],[140.70631,40.43622],[140.70527,40.43759],[140.70356,40.43834],[140.70262,40.44055],[140.70058,40.44177],[140.69753,40.44161],[140.69393,40.44094],[140.6909,40.44115],[140.69161,40.44386],[140.69352,40.44479],[140.69352,40.44575],[140.69576,40.44873],[140.69793,40.45012]],[[140.93755,40.50529],[140.9349,40.50318],[140.93108,40.50719],[140.93136,40.50802],[140.92891,40.50988],[140.92418,40.51184],[140.91619,40.51348],[140.91731,40.51535],[140.92277,40.51786],[140.92409,40.51627],[140.92858,40.51811],[140.93172,40.51617],[140.93429,40.51336],[140.93586,40.51082],[140.93466,40.50924],[140.93555,40.50847],[140.93819,40.50887],[140.9398,40.50771],[140.93755,40.50529]],[[140.92027,40.54968],[140.91762,40.54897],[140.9162,40.54792],[140.91207,40.54735],[140.9075,40.54779],[140.90617,40.54753],[140.90151,40.54819],[140.901,40.54907],[140.89622,40.55056],[140.89289,40.55068],[140.88912,40.55272],[140.8894,40.55547],[140.89073,40.558],[140.89292,40.55951],[140.89696,40.55938],[140.90041,40.56034],[140.90172,40.55876],[140.90136,40.55742],[140.90532,40.55523],[140.90549,40.55414],[140.90716,40.55247],[140.9087,40.552],[140.91126,40.55337],[140.91556,40.55319],[140.91742,40.55194],[140.92102,40.55218],[140.92027,40.54968]],[[141.01538,40.63656],[141.01712,40.63614],[141.01834,40.63352],[141.02015,40.63408],[141.02204,40.63369],[141.02541,40.63485],[141.02696,40.63241],[141.03147,40.63144],[141.02857,40.62968],[141.02896,40.62825],[141.02462,40.62943],[141.02098,40.62937],[141.02056,40.62635],[141.0167,40.63088],[141.01647,40.63272],[141.01433,40.63486],[141.01323,40.63352],[141.01354,40.63201],[141.01296,40.6285],[141.00988,40.62831],[141.00771,40.62929],[141.00608,40.62895],[141.0054,40.63025],[141.00468,40.63631],[141.00056,40.63968],[141.00129,40.64007],[141.00827,40.63802],[141.01538,40.63656]],[[141.01814,40.52241],[141.02013,40.52084],[141.01949,40.51442],[141.02076,40.51157],[141.01965,40.50948],[141.01508,40.50427],[141.01233,40.50564],[141.01377,40.50796],[141.01355,40.51129],[141.00997,40.5115],[141.00973,40.51264],[141.00763,40.51311],[141.00695,40.51433],[141.00301,40.51645],[141.0014,40.51839],[141.00432,40.52036],[141.00313,40.52239],[141.00018,40.52429],[141.00337,40.52844],[141.0047,40.52742],[141.00864,40.52554],[141.01579,40.52407],[141.01814,40.52241]],[[141.00636,40.6575],[141.00653,40.65836],[141.00518,40.66098],[141.00705,40.66369],[141.00902,40.66355],[141.00802,40.66203],[141.00925,40.65984],[141.01018,40.65678],[141.01362,40.6552],[141.01593,40.65376],[141.01859,40.6528],[141.02285,40.6492],[141.02324,40.64675],[141.02482,40.6447],[141.02524,40.64163],[141.02649,40.64029],[141.02406,40.64004],[141.02214,40.64214],[141.02149,40.64353],[141.01925,40.64381],[141.01756,40.645],[141.01688,40.64828],[141.01532,40.65022],[141.01557,40.65182],[141.01297,40.65238],[141.009,40.65626],[141.00636,40.6575]],[[140.99646,40.67759],[140.99272,40.68153],[140.98806,40.68406],[140.98678,40.68577],[140.98396,40.68637],[140.98254,40.68569],[140.97923,40.6859],[140.97758,40.68481],[140.97777,40.68198],[140.9773,40.68007],[140.97505,40.68024],[140.97322,40.68127],[140.97163,40.68113],[140.97075,40.68211],[140.97083,40.68438],[140.97235,40.68506],[140.9736,40.6866],[140.97598,40.68782],[140.97803,40.6898],[140.97961,40.69283],[140.98119,40.69261],[140.98282,40.68962],[140.983,40.68672],[140.98582,40.68655],[140.98707,40.68595],[140.98831,40.68427],[140.99298,40.68174],[140.99646,40.67759]],[[140.87148,40.53805],[140.8729,40.5386],[140.87312,40.54],[140.87496,40.54107],[140.88032,40.54198],[140.8864,40.54138],[140.88792,40.54232],[140.89296,40.54273],[140.89699,40.54256],[140.89958,40.54333],[140.90193,40.54331],[140.90255,40.54234],[140.90128,40.54038],[140.90265,40.53972],[140.90555,40.54017],[140.90625,40.53882],[140.89877,40.53747],[140.89322,40.53723],[140.887,40.53533],[140.88591,40.53655],[140.88113,40.53592],[140.87712,40.53387],[140.87674,40.53273],[140.87831,40.5321],[140.87749,40.52934],[140.87388,40.52835],[140.87012,40.52827],[140.86839,40.5323],[140.86501,40.53424],[140.87003,40.53747],[140.87148,40.53805]],[[140.99646,40.67893],[140.99547,40.68107],[140.99432,40.68224],[140.98924,40.68489],[140.98953,40.68633],[140.9908,40.68648],[140.99381,40.68387],[140.99598,40.68429],[140.9944,40.68605],[140.99539,40.6865],[140.99249,40.68985],[140.99156,40.69244],[140.99228,40.69366],[140.99465,40.6946],[140.99664,40.69608],[140.9982,40.69829],[140.99887,40.70264],[141.00303,40.69986],[141.00588,40.70145],[141.00702,40.70057],[141.01151,40.69868],[141.01162,40.69703],[141.00805,40.69816],[141.00708,40.6975],[141.01068,40.69635],[141.01335,40.69505],[141.01212,40.69354],[141.0104,40.69442],[141.00879,40.69312],[141.00599,40.69251],[141.00568,40.69023],[141.00457,40.68972],[141.00456,40.68825],[141.00313,40.68761],[141.00099,40.68897],[140.99881,40.68913],[141.00067,40.68591],[141.00382,40.68649],[141.00589,40.68575],[141.00589,40.68342],[141.00728,40.67993],[141.00842,40.6791],[141.00923,40.67381],[141.00559,40.67291],[141.00494,40.67197],[141.00283,40.67115],[141.00184,40.67243],[141.0016,40.67423],[140.99868,40.67796],[140.99646,40.67893]],[[140.8186,40.52169],[140.81559,40.5229],[140.81291,40.52166],[140.81191,40.5227],[140.80836,40.52246],[140.80674,40.5254],[140.80378,40.52614],[140.80473,40.52787],[140.80676,40.52882],[140.80829,40.53125],[140.81253,40.53568],[140.81543,40.53739],[140.81962,40.5379],[140.82161,40.53981],[140.82335,40.54057],[140.82577,40.54305],[140.82663,40.5433],[140.83094,40.54256],[140.83216,40.54],[140.83524,40.5374],[140.83231,40.53573],[140.83143,40.53425],[140.82869,40.53218],[140.8291,40.53069],[140.82833,40.52729],[140.82363,40.52164],[140.8207,40.52028],[140.81902,40.52029],[140.8186,40.52169]],[[140.78982,40.50271],[140.79073,40.50078],[140.79317,40.49918],[140.79555,40.50107],[140.79697,40.50099],[140.79715,40.49897],[140.79566,40.49637],[140.79894,40.49726],[140.79859,40.4941],[140.79656,40.49126],[140.79806,40.49102],[140.79779,40.48949],[140.79515,40.48986],[140.79294,40.48867],[140.79104,40.49331],[140.79005,40.49492],[140.78927,40.49838],[140.78725,40.49988],[140.7857,40.50246],[140.78445,40.50223],[140.78248,40.50441],[140.78011,40.50502],[140.77721,40.50475],[140.77413,40.50609],[140.77349,40.50729],[140.76866,40.50795],[140.76728,40.50927],[140.76592,40.5089],[140.76376,40.50966],[140.7605,40.51254],[140.76259,40.51339],[140.76388,40.51464],[140.76625,40.5152],[140.76955,40.51426],[140.77186,40.5161],[140.77333,40.51389],[140.77358,40.51261],[140.77552,40.51286],[140.77745,40.50954],[140.77865,40.50909],[140.78173,40.51017],[140.78199,40.50817],[140.78458,40.50686],[140.78742,40.50671],[140.78982,40.50271]],[[140.90473,40.58604],[140.90584,40.58255],[140.90838,40.57972],[140.91119,40.57731],[140.9127,40.57547],[140.91659,40.57288],[140.9187,40.57109],[140.91904,40.56887],[140.92025,40.56679],[140.92291,40.56497],[140.92458,40.56491],[140.9275,40.56385],[140.93072,40.56337],[140.93231,40.56363],[140.93171,40.55947],[140.92985,40.55943],[140.92913,40.55832],[140.92183,40.5581],[140.91857,40.5573],[140.91613,40.55824],[140.9135,40.55785],[140.91178,40.55931],[140.90988,40.56185],[140.90734,40.56238],[140.90441,40.56391],[140.90344,40.56687],[140.90231,40.56829],[140.8996,40.56742],[140.89834,40.56921],[140.89697,40.56851],[140.89474,40.56996],[140.89004,40.57205],[140.88874,40.5722],[140.88861,40.57419],[140.88972,40.57746],[140.88815,40.5787],[140.88631,40.58155],[140.88674,40.58309],[140.89167,40.58261],[140.89483,40.58387],[140.89983,40.58472],[140.90259,40.58617],[140.90473,40.58604]],[[140.80319,40.63093],[140.80167,40.62927],[140.79866,40.62748],[140.79624,40.62511],[140.79197,40.62627],[140.78771,40.62822],[140.78194,40.62952],[140.78113,40.63274],[140.77867,40.63529],[140.77752,40.63569],[140.7755,40.63824],[140.77331,40.64037],[140.77392,40.64263],[140.77349,40.64396],[140.77051,40.64505],[140.77039,40.64617],[140.7787,40.6451],[140.78257,40.64574],[140.78377,40.6467],[140.7916,40.64594],[140.79407,40.64487],[140.79582,40.64635],[140.79731,40.64645],[140.79896,40.64753],[140.8035,40.64645],[140.80591,40.64518],[140.80767,40.64636],[140.81029,40.64553],[140.81191,40.64651],[140.81076,40.64837],[140.81534,40.65161],[140.81655,40.65203],[140.81928,40.65078],[140.81892,40.64888],[140.81915,40.64601],[140.81771,40.64493],[140.82113,40.64221],[140.82061,40.64059],[140.81719,40.63983],[140.81531,40.63858],[140.81246,40.63972],[140.81256,40.63837],[140.8072,40.63472],[140.807,40.6331],[140.80554,40.63182],[140.80319,40.63093]],[[140.97916,40.66936],[140.97916,40.66852],[140.98201,40.66832],[140.98444,40.6688],[140.98762,40.66882],[140.98864,40.66805],[140.98325,40.66701],[140.98384,40.66579],[140.98815,40.66493],[140.9908,40.66477],[140.99049,40.66347],[140.99177,40.66296],[140.99145,40.66142],[140.99338,40.66059],[140.99205,40.65917],[140.9916,40.65768],[140.99002,40.65734],[140.98781,40.65781],[140.98519,40.6594],[140.98097,40.6608],[140.98054,40.66249],[140.97753,40.66381],[140.97473,40.66982],[140.97297,40.67087],[140.97179,40.66997],[140.96816,40.67005],[140.97359,40.66524],[140.97483,40.66245],[140.97623,40.6611],[140.97585,40.65883],[140.97397,40.66031],[140.97218,40.6628],[140.97023,40.66473],[140.96675,40.66642],[140.96632,40.66872],[140.96424,40.6688],[140.96437,40.66691],[140.9654,40.66589],[140.96364,40.6638],[140.95953,40.66504],[140.95927,40.66584],[140.95385,40.66697],[140.95008,40.66676],[140.94817,40.66765],[140.94619,40.66778],[140.94096,40.67032],[140.93942,40.67072],[140.93819,40.67277],[140.93521,40.67338],[140.9317,40.67553],[140.93311,40.67712],[140.93691,40.67821],[140.93495,40.68036],[140.93224,40.68188],[140.9303,40.68201],[140.92701,40.68341],[140.92466,40.68379],[140.91973,40.68577],[140.92056,40.68815],[140.91943,40.68924],[140.91527,40.69095],[140.91348,40.6907],[140.90951,40.69421],[140.90725,40.69698],[140.90417,40.69845],[140.90229,40.69989],[140.89961,40.7008],[140.89699,40.70094],[140.89253,40.69975],[140.88984,40.70023],[140.88635,40.70186],[140.88079,40.70485],[140.8813,40.70577],[140.88469,40.70579],[140.88794,40.70531],[140.88897,40.70287],[140.89428,40.70621],[140.89634,40.70682],[140.89676,40.70553],[140.89491,40.70402],[140.89497,40.70298],[140.89967,40.70301],[140.90172,40.70359],[140.90359,40.70605],[140.90488,40.70527],[140.90598,40.70649],[140.90544,40.70856],[140.90634,40.70995],[140.90819,40.71071],[140.92618,40.71949],[140.92907,40.71892],[140.93795,40.71321],[140.94222,40.71118],[140.952,40.70616],[140.95315,40.70397],[140.96253,40.68948],[140.96882,40.67942],[140.96886,40.67822],[140.96683,40.67565],[140.9686,40.6733],[140.97252,40.67228],[140.97432,40.67072],[140.97739,40.66939],[140.97916,40.66936]]]},"properties":{"hoanrinKind":"保安林"}},
{"type":"Feature","geometry":{"type":"Polygon","coordinates":[[[140.74648,40.64376],[140.74648,40.64412],[140.74533,40.64435],[140.74536,40.64378],[140.74648,40.64376]]]},"properties":{"hoanrinKind":"保安林"}},
{"type":"Feature","geometry":{"type":"Polygon","coordinates":[[[140.84103,40.66936],[140.84059,40.67206],[140.83624,40.67518],[140.82906,40.6788],[140.82746,40.67818],[140.82733,40.67456],[140.82898,40.67401],[140.83006,40.6727],[140.83223,40.67253],[140.83447,40.67136],[140.83601,40.67126],[140.83858,40.66967],[140.83922,40.6686],[140.84103,40.66936]]]},"properties":{"hoanrinKind":"保安林"}},
{"type":"Feature","geometry":{"type":"Polygon","coordinates":[[[140.74648,40.70322],[140.74896,40.70133],[140.7504,40.70129],[140.74997,40.70358],[140.75139,40.70563],[140.75087,40.70779],[140.74839,40.70844],[140.74813,40.70974],[140.74612,40.71102],[140.74477,40.7133],[140.7441,40.71645],[140.74301,40.71698],[140.74234,40.7137],[140.74041,40.71202],[140.73967,40.71061],[140.7398,40.70851],[140.7408,40.70736],[140.74429,40.70518],[140.74648,40.70322]]]},"properties":{"hoanrinKind":"保安林"}},
{"type":"Feature","geometry":{"type":"Polygon","coordinates":[[[140.86686,40.89439],[140.86782,40.89408],[140.86828,40.89503],[140.86686,40.89439]]]},"properties":{"hoanrinKind":"保安林"}},
{"type":"Feature","geometry":{"type":"Polygon","coordinates":[[[140.84924,41.1693],[140.85052,41.16972],[140.85052,41.17394],[140.8535,41.17446],[140.85252,41.1756],[140.85406,41.17645],[140.85261,41.17761],[140.85181,41.17972],[140.84775,41.18044],[140.84587,41.18272],[140.84536,41.18436],[140.84529,41.18762],[140.84731,41.18952],[140.84768,41.18738],[140.85165,41.18592],[140.85334,41.18428],[140.8577,41.1823],[140.86124,41.17877],[140.86168,41.17672],[140.86394,41.17644],[140.86549,41.17763],[140.86722,41.17765],[140.86866,41.17848],[140.86853,41.17972],[140.87395,41.18068],[140.87464,41.18192],[140.87664,41.18192],[140.87801,41.17933],[140.87933,41.17835],[140.88114,41.17814],[140.88205,41.17695],[140.88177,41.17355],[140.88311,41.17196],[140.88333,41.16976],[140.88672,41.16914],[140.88956,41.17016],[140.88994,41.17232],[140.88701,41.17398],[140.88365,41.17408],[140.8855,41.17541],[140.88823,41.1761],[140.88845,41.17688],[140.8866,41.17812],[140.88185,41.18325],[140.88603,41.18708],[140.88906,41.18769],[140.8897,41.18641],[140.89144,41.1869],[140.89501,41.1864],[140.89687,41.18481],[140.89779,41.18305],[140.89976,41.18242],[140.90148,41.18341],[140.90293,41.18551],[140.90661,41.18406],[140.91166,41.18302],[140.91335,41.18346],[140.91436,41.18259],[140.91822,41.18273],[140.92255,41.18216],[140.92385,41.18245],[140.92882,41.18147],[140.9286,41.18463],[140.9278,41.18625],[140.92533,41.1873],[140.92233,41.18613],[140.91813,41.18678],[140.91276,41.18934],[140.90731,41.18976],[140.90658,41.19058],[140.90677,41.19396],[140.90373,41.19344],[140.90165,41.19207],[140.89984,41.19204],[140.89719,41.19311],[140.89705,41.19399],[140.901,41.19528],[140.90145,41.19657],[140.89767,41.19834],[140.89828,41.19959],[140.90284,41.19672],[140.90535,41.1973],[140.90818,41.19643],[140.91748,41.1962],[140.91845,41.19913],[140.9213,41.20164],[140.92102,41.2051],[140.92162,41.20914],[140.92395,41.20829],[140.92739,41.20772],[140.93274,41.20751],[140.9349,41.20855],[140.93849,41.20921],[140.93824,41.21039],[140.93629,41.21164],[140.93603,41.21462],[140.9346,41.21771],[140.93444,41.21951],[140.93614,41.22162],[140.93971,41.22122],[140.94081,41.21887],[140.94012,41.21627],[140.94117,41.21435],[140.9433,41.21425],[140.94379,41.21278],[140.94614,41.21086],[140.94562,41.21355],[140.94618,41.21545],[140.94844,41.21492],[140.95083,41.21519],[140.95245,41.21411],[140.95301,41.21651],[140.95433,41.21705],[140.95819,41.21553],[140.96119,41.21753],[140.96365,41.2177],[140.96407,41.22048],[140.96482,41.22099],[140.96503,41.22374],[140.96415,41.22554],[140.96283,41.22645],[140.96276,41.22835],[140.96472,41.22961],[140.96513,41.23262],[140.96369,41.2349],[140.96216,41.2358],[140.96142,41.2395],[140.96195,41.24086],[140.96496,41.24377],[140.95887,41.24416],[140.95646,41.24522],[140.95412,41.24709],[140.95484,41.25071],[140.9542,41.25434],[140.95823,41.25468],[140.96059,41.25406],[140.96131,41.25292],[140.96489,41.25263],[140.96723,41.25189],[140.96844,41.25087],[140.96793,41.24893],[140.96804,41.246],[140.96562,41.24618],[140.96551,41.24501],[140.96858,41.24234],[140.96949,41.24033],[140.97249,41.23884],[140.97423,41.23907],[140.97687,41.23795],[140.97721,41.23607],[140.97953,41.23525],[140.9787,41.23808],[140.97973,41.24057],[140.97848,41.24242],[140.97653,41.24323],[140.97471,41.24586],[140.97534,41.2483],[140.97245,41.24884],[140.97042,41.25201],[140.97158,41.25351],[140.97318,41.25287],[140.9736,41.25132],[140.97639,41.25116],[140.98002,41.25183],[140.98073,41.25298],[140.97746,41.25267],[140.97494,41.25534],[140.97329,41.25606],[140.97363,41.25741],[140.97301,41.26042],[140.97125,41.26288],[140.97366,41.26508],[140.97778,41.26556],[140.98261,41.26197],[140.98647,41.26099],[140.98802,41.26167],[140.98715,41.26505],[140.9858,41.26657],[140.98276,41.26506],[140.98202,41.26854],[140.98366,41.26988],[140.9854,41.26969],[140.98735,41.27031],[140.98746,41.26839],[140.99126,41.26485],[140.99178,41.26289],[140.9916,41.26094],[140.98985,41.26],[140.98928,41.25799],[140.99017,41.25584],[140.98818,41.25525],[140.98819,41.25249],[140.9908,41.25014],[140.99172,41.24699],[140.99273,41.24624],[140.99281,41.24394],[140.997,41.24253],[140.99862,41.24243],[140.99979,41.24095],[141.00185,41.23963],[140.99955,41.23895],[140.99868,41.23948],[140.99703,41.23789],[140.99887,41.23731],[141.00003,41.23611],[141.00177,41.23604],[141.0024,41.23942],[141.00395,41.24049],[141.00664,41.24485],[141.00959,41.24775],[141.01185,41.2489],[141.01454,41.25103],[141.01794,41.24956],[141.02087,41.24873],[141.02373,41.25077],[141.0237,41.25191],[141.02645,41.25443],[141.02864,41.25528],[141.03046,41.25697],[141.034,41.25854],[141.03578,41.2561],[141.03548,41.25149],[141.03347,41.24892],[141.03336,41.24795],[141.03035,41.24548],[141.03092,41.24],[141.0315,41.23686],[141.0332,41.23577],[141.03485,41.23579],[141.03849,41.23171],[141.03749,41.22921],[141.03613,41.22854],[141.03463,41.22416],[141.0361,41.22166],[141.03709,41.22232],[141.03691,41.22457],[141.03857,41.22619],[141.04169,41.22581],[141.04203,41.22174],[141.04665,41.22164],[141.04653,41.22508],[141.0429,41.22536],[141.04434,41.22826],[141.044,41.23179],[141.04634,41.23606],[141.04586,41.23891],[141.04829,41.24079],[141.04708,41.24362],[141.04753,41.24791],[141.04733,41.2505],[141.04662,41.253],[141.04687,41.25402],[141.04879,41.25539],[141.05052,41.2552],[141.04991,41.25304],[141.05119,41.25073],[141.05137,41.24907],[141.05239,41.24712],[141.05473,41.24569],[141.05547,41.24257],[141.05758,41.24091],[141.05907,41.23911],[141.05867,41.23817],[141.05999,41.23666],[141.06223,41.23726],[141.06357,41.23698],[141.06588,41.23525],[141.06657,41.23331],[141.06831,41.2315],[141.06727,41.23058],[141.06748,41.22831],[141.06623,41.22676],[141.06365,41.22935],[141.06468,41.23145],[141.06167,41.23096],[141.06106,41.23313],[141.05962,41.23348],[141.05833,41.23171],[141.05847,41.22989],[141.06025,41.22514],[141.06178,41.22436],[141.06272,41.22672],[141.06537,41.22545],[141.066,41.22383],[141.06876,41.22346],[141.07038,41.22148],[141.07238,41.22169],[141.07282,41.22388],[141.06842,41.22685],[141.06935,41.22782],[141.07082,41.22618],[141.07316,41.22532],[141.07793,41.22438],[141.07901,41.22533],[141.0805,41.22391],[141.08377,41.22379],[141.08461,41.22192],[141.08668,41.2204],[141.08835,41.21993],[141.09056,41.21833],[141.09329,41.21748],[141.09482,41.21774],[141.09629,41.21963],[141.09388,41.22079],[141.0939,41.22371],[141.09273,41.22734],[141.08991,41.23103],[141.08914,41.23352],[141.08898,41.23574],[141.08746,41.23918],[141.08477,41.24008],[141.08238,41.24205],[141.08114,41.24597],[141.07937,41.24797],[141.07991,41.25123],[141.07934,41.25328],[141.08093,41.25392],[141.08205,41.25203],[141.08373,41.25053],[141.0849,41.24652],[141.0845,41.24451],[141.0829,41.24336],[141.08367,41.24162],[141.0849,41.24138],[141.08721,41.23972],[141.08992,41.2396],[141.08845,41.24123],[141.08734,41.246],[141.08471,41.25117],[141.08563,41.25327],[141.08743,41.25037],[141.08934,41.24648],[141.08766,41.24586],[141.08991,41.24396],[141.09076,41.24461],[141.09085,41.24713],[141.09342,41.24938],[141.09509,41.2487],[141.09615,41.24725],[141.10037,41.245],[141.10193,41.2424],[141.10075,41.2406],[141.10148,41.23918],[141.10331,41.23798],[141.10197,41.23715],[141.10604,41.23484],[141.10883,41.2321],[141.11234,41.2324],[141.11641,41.23158],[141.11742,41.23024],[141.1207,41.23153],[141.11751,41.2349],[141.11934,41.23704],[141.12193,41.23861],[141.12041,41.24012],[141.11891,41.24027],[141.1159,41.24177],[141.11509,41.24149],[141.11194,41.24419],[141.11021,41.24492],[141.10946,41.24618],[141.10467,41.24939],[141.10458,41.25175],[141.10657,41.25486],[141.10587,41.25597],[141.10622,41.25798],[141.10766,41.25839],[141.10968,41.26181],[141.11208,41.26366],[141.11152,41.26649],[141.11402,41.26673],[141.1124,41.26873],[141.11186,41.27179],[141.11035,41.27116],[141.10623,41.27259],[141.1052,41.2739],[141.10578,41.27647],[141.10985,41.28173],[141.10857,41.28156],[141.10558,41.28281],[141.10336,41.28233],[141.10095,41.28031],[141.09962,41.28106],[141.10493,41.28348],[141.10614,41.28312],[141.10906,41.28395],[141.10878,41.28197],[141.11209,41.28315],[141.1209,41.28281],[141.11734,41.28201],[141.11471,41.28232],[141.1116,41.28107],[141.10885,41.27887],[141.10646,41.27536],[141.10688,41.27311],[141.11034,41.27167],[141.11295,41.27264],[141.1131,41.26867],[141.11472,41.26693],[141.116,41.26758],[141.11571,41.26947],[141.11625,41.27089],[141.11944,41.27091],[141.12263,41.27366],[141.12379,41.27252],[141.12573,41.27504],[141.13228,41.2738],[141.13388,41.27132],[141.13609,41.27038],[141.14035,41.27365],[141.14045,41.27467],[141.14225,41.27678],[141.14224,41.28359],[141.14155,41.28553],[141.14006,41.28682],[141.13672,41.28627],[141.13754,41.28817],[141.13968,41.28841],[141.14249,41.28953],[141.14599,41.29027],[141.14688,41.29206],[141.15021,41.2932],[141.15262,41.29341],[141.15518,41.29434],[141.15807,41.29451],[141.15911,41.2951],[141.15573,41.2969],[141.15402,41.29947],[141.15386,41.30058],[141.15195,41.30151],[141.14634,41.30143],[141.14366,41.30247],[141.14035,41.30317],[141.14083,41.30423],[141.13979,41.3053],[141.1484,41.30674],[141.14967,41.30591],[141.15397,41.30618],[141.15704,41.30439],[141.1597,41.30391],[141.16057,41.30441],[141.15953,41.30784],[141.15661,41.30796],[141.15439,41.31014],[141.15164,41.31118],[141.1515,41.31326],[141.15035,41.31382],[141.15011,41.31643],[141.15208,41.31745],[141.15317,41.3168],[141.15328,41.31441],[141.1573,41.31566],[141.16003,41.3154],[141.16085,41.31704],[141.16348,41.31779],[141.16369,41.31916],[141.16065,41.32111],[141.15906,41.32132],[141.15761,41.32341],[141.15988,41.3236],[141.16188,41.32449],[141.1644,41.32358],[141.165,41.32216],[141.16691,41.32157],[141.1727,41.32145],[141.17363,41.32052],[141.17564,41.3204],[141.17773,41.31946],[141.18042,41.31909],[141.18387,41.31924],[141.1862,41.32243],[141.18614,41.32396],[141.18457,41.32584],[141.18084,41.32806],[141.17801,41.32877],[141.17517,41.32862],[141.17226,41.33142],[141.17205,41.33283],[141.17326,41.33827],[141.17414,41.34033],[141.17175,41.34124],[141.17198,41.34342],[141.17016,41.34634],[141.16815,41.34604],[141.16694,41.34465],[141.16563,41.34585],[141.16189,41.34418],[141.15798,41.34524],[141.15364,41.34494],[141.15435,41.34382],[141.15306,41.34248],[141.1525,41.34017],[141.1506,41.34095],[141.14891,41.34002],[141.14742,41.34114],[141.15139,41.34546],[141.15275,41.34781],[141.14951,41.34753],[141.1455,41.34634],[141.14193,41.3463],[141.14077,41.34531],[141.1375,41.34367],[141.13873,41.34621],[141.13856,41.34757],[141.14125,41.34887],[141.14508,41.35005],[141.14485,41.35283],[141.15006,41.3516],[141.15389,41.34855],[141.15613,41.34852],[141.15889,41.34984],[141.1632,41.35053],[141.16713,41.35318],[141.16319,41.35419],[141.16539,41.35589],[141.16816,41.35688],[141.16797,41.3585],[141.16623,41.36001],[141.16382,41.35964],[141.1614,41.35751],[141.15338,41.3563],[141.15257,41.35923],[141.15544,41.35962],[141.15783,41.36145],[141.15891,41.36329],[141.162,41.36551],[141.16074,41.3661],[141.15752,41.36475],[141.15371,41.36481],[141.15285,41.36706],[141.14803,41.366],[141.14644,41.36611],[141.14355,41.36446],[141.14332,41.36206],[141.14102,41.36147],[141.13707,41.36143],[141.13641,41.36219],[141.13797,41.36414],[141.13596,41.364],[141.13283,41.36199],[141.13185,41.36316],[141.12974,41.36203],[141.12741,41.36257],[141.12502,41.36214],[141.12468,41.36404],[141.12258,41.3663],[141.12621,41.37078],[141.12833,41.37084],[141.13146,41.3734],[141.13253,41.37527],[141.13391,41.37606],[141.13231,41.37895],[141.13298,41.38292],[141.13554,41.38699],[141.13587,41.38812],[141.13479,41.38907],[141.13258,41.38871],[141.12979,41.3842],[141.12752,41.38287],[141.12651,41.38381],[141.12649,41.38629],[141.12467,41.38672],[141.1231,41.38565],[141.11941,41.38604],[141.11882,41.38719],[141.11433,41.38756],[141.11032,41.38895],[141.10927,41.38818],[141.10547,41.38942],[141.10462,41.39051],[141.10695,41.39165],[141.10823,41.3957],[141.11331,41.3948],[141.11532,41.39325],[141.11451,41.39215],[141.11622,41.39044],[141.11889,41.39026],[141.12314,41.39167],[141.12593,41.39301],[141.12802,41.39253],[141.13062,41.39355],[141.13149,41.39499],[141.13695,41.39623],[141.13824,41.39917],[141.13385,41.40135],[141.13093,41.40412],[141.13073,41.40575],[141.13173,41.40684],[141.13405,41.4047],[141.13721,41.4026],[141.13979,41.40465],[141.14292,41.40454],[141.14186,41.40768],[141.14012,41.40947],[141.13813,41.41075],[141.13872,41.41179],[141.14131,41.41257],[141.14111,41.41384],[141.14284,41.41532],[141.14486,41.41549],[141.14226,41.41863],[141.14054,41.41941],[141.14203,41.42196],[141.14189,41.42466],[141.14454,41.42632],[141.14295,41.42848],[141.14386,41.42958],[141.14307,41.43052],[141.14076,41.42988],[141.13822,41.43076],[141.13719,41.43242],[141.13465,41.43209],[141.1339,41.43314],[141.13067,41.43397],[141.12763,41.43249],[141.12624,41.43329],[141.12271,41.43296],[141.12189,41.43502],[141.12333,41.43659],[141.12142,41.43719],[141.11889,41.43707],[141.11454,41.43756],[141.11446,41.43981],[141.11227,41.44288],[141.11343,41.44469],[141.11252,41.44565],[141.11095,41.44489],[141.11035,41.44321],[141.10916,41.44239],[141.10716,41.44308],[141.10608,41.44619],[141.10994,41.44815],[141.10847,41.44865],[141.10168,41.44852],[141.10275,41.45004],[141.09993,41.45102],[141.09885,41.4519],[141.09642,41.45583],[141.09406,41.45662],[141.0934,41.45744],[141.09358,41.45965],[141.09514,41.46201],[141.09464,41.46416],[141.09274,41.46381],[141.0924,41.46224],[141.09097,41.46181],[141.09074,41.46397],[141.08913,41.46486],[141.08655,41.46545],[141.08561,41.46745],[141.08411,41.46812],[141.08646,41.47027],[141.08588,41.47191],[141.08369,41.47214],[141.07973,41.47373],[141.0801,41.47247],[141.08218,41.47239],[141.08558,41.47093],[141.08293,41.46868],[141.08296,41.46796],[141.08055,41.467],[141.07646,41.46797],[141.07745,41.4736],[141.07666,41.47353],[141.07653,41.46967],[141.07535,41.46725],[141.07263,41.46818],[141.0712,41.46932],[141.06929,41.46942],[141.06645,41.47131],[141.06488,41.47298],[141.06212,41.47411],[141.06557,41.47879],[141.0667,41.47961],[141.06711,41.48157],[141.05998,41.48242],[141.04978,41.48245],[141.05446,41.48169],[141.05259,41.48095],[141.05025,41.48135],[141.04802,41.48085],[141.0485,41.47931],[141.04826,41.47705],[141.05026,41.47579],[141.04943,41.47342],[141.04682,41.47465],[141.04432,41.47363],[141.04246,41.47508],[141.04078,41.47398],[141.03801,41.4749],[141.0393,41.47269],[141.03539,41.47333],[141.03452,41.47243],[141.03288,41.47319],[141.03088,41.47276],[141.0296,41.47525],[141.03104,41.47687],[141.03006,41.47843],[141.02439,41.47969],[141.02195,41.47885],[141.0231,41.4751],[141.02152,41.47338],[141.02108,41.47206],[141.02276,41.47013],[141.01978,41.46989],[141.01722,41.47081],[141.0136,41.47295],[141.01151,41.47523],[141.00969,41.47617],[141.00562,41.47702],[141.00322,41.47521],[141.00427,41.47302],[141.01115,41.46972],[141.01531,41.46721],[141.0173,41.46694],[141.01985,41.46515],[141.02026,41.46395],[141.01773,41.46248],[141.01529,41.46296],[141.01178,41.46297],[141.01077,41.46346],[141.00877,41.46586],[141.00557,41.46762],[141.00248,41.46806],[141.00128,41.46558],[141.002,41.4647],[141.0022,41.46087],[140.9999,41.46094],[140.99845,41.45867],[140.99677,41.45777],[140.99643,41.46069],[140.99819,41.46087],[141.0002,41.46191],[141.00087,41.46316],[140.99895,41.46641],[140.99971,41.46801],[140.99715,41.46786],[140.99462,41.46549],[140.98875,41.46161],[140.9852,41.4567],[140.98246,41.45915],[140.98085,41.46008],[140.9815,41.46179],[140.97897,41.46189],[140.98019,41.46407],[140.98238,41.4634],[140.98538,41.4645],[140.98695,41.46433],[140.98646,41.46806],[140.98693,41.46998],[140.98458,41.47165],[140.98343,41.47382],[140.98383,41.47601],[140.97676,41.47715],[140.9747,41.47949],[140.97294,41.48024],[140.97357,41.4822],[140.97616,41.48239],[140.97762,41.48394],[140.97697,41.48486],[140.97753,41.48696],[140.97579,41.48821],[140.9715,41.48722],[140.96925,41.48842],[140.96778,41.48819],[140.96526,41.48639],[140.96033,41.4839],[140.95751,41.48309],[140.95497,41.48348],[140.95414,41.48171],[140.95588,41.48051],[140.95803,41.48039],[140.95887,41.47902],[140.95877,41.47712],[140.95791,41.47496],[140.95916,41.47349],[140.96066,41.47286],[140.96134,41.47046],[140.96029,41.46828],[140.95759,41.46682],[140.95725,41.46521],[140.95849,41.46462],[140.95855,41.46196],[140.95797,41.45993],[140.95666,41.45799],[140.95523,41.45711],[140.95299,41.45803],[140.95061,41.45717],[140.94377,41.45776],[140.94228,41.45841],[140.94042,41.45776],[140.93775,41.46101],[140.93493,41.46279],[140.93294,41.46277],[140.9304,41.46422],[140.92972,41.46786],[140.92968,41.4701],[140.92889,41.47405],[140.92957,41.47631],[140.92725,41.4775],[140.92619,41.47447],[140.92418,41.47188],[140.92179,41.47043],[140.91968,41.47157],[140.91852,41.47127],[140.91928,41.46738],[140.91788,41.46538],[140.91543,41.46417],[140.91648,41.46206],[140.91592,41.45964],[140.91475,41.45819],[140.91586,41.45725],[140.91805,41.45701],[140.91881,41.45598],[140.9175,41.45483],[140.91428,41.45433],[140.91164,41.45578],[140.91013,41.45496],[140.90894,41.45569],[140.90507,41.45515],[140.90281,41.45543],[140.90247,41.4566],[140.90008,41.45838],[140.90099,41.46171],[140.90032,41.46338],[140.89673,41.46521],[140.89793,41.46123],[140.89805,41.45716],[140.89636,41.45675],[140.89527,41.45772],[140.89401,41.45621],[140.8943,41.45471],[140.891,41.4522],[140.88935,41.45181],[140.89266,41.44986],[140.89232,41.44777],[140.89049,41.44808],[140.88861,41.44749],[140.88481,41.44764],[140.88593,41.44642],[140.88773,41.44624],[140.88874,41.44411],[140.8896,41.43891],[140.88889,41.43812],[140.89267,41.4334],[140.89356,41.43064],[140.891,41.42818],[140.89085,41.42463],[140.88767,41.42494],[140.88499,41.42597],[140.88272,41.42814],[140.88217,41.42933],[140.88015,41.43061],[140.87812,41.43293],[140.8761,41.43259],[140.87447,41.43132],[140.87478,41.42935],[140.87666,41.42884],[140.87608,41.42731],[140.87742,41.42512],[140.88012,41.42225],[140.88139,41.42183],[140.88615,41.41745],[140.8875,41.41715],[140.8913,41.41523],[140.89463,41.41303],[140.89608,41.41294],[140.89617,41.4104],[140.89557,41.40913],[140.89384,41.40951],[140.89572,41.41107],[140.89458,41.41229],[140.89102,41.4133],[140.88669,41.41605],[140.8844,41.41682],[140.88308,41.41568],[140.88155,41.41634],[140.8787,41.41843],[140.87635,41.41819],[140.87623,41.4162],[140.8772,41.41254],[140.87995,41.40959],[140.88167,41.4088],[140.88169,41.40622],[140.88265,41.40538],[140.88334,41.40328],[140.88267,41.40119],[140.8835,41.40001],[140.8839,41.39657],[140.88138,41.39368],[140.88032,41.39193],[140.87776,41.38957],[140.87641,41.39012],[140.87641,41.39279],[140.87494,41.39606],[140.87253,41.39591],[140.86947,41.39718],[140.86885,41.39948],[140.8696,41.40038],[140.87035,41.40558],[140.8687,41.40946],[140.86056,41.41077],[140.8602,41.40659],[140.85917,41.40488],[140.85696,41.40366],[140.85752,41.40241],[140.85617,41.40123],[140.85841,41.40002],[140.85834,41.39569],[140.85975,41.39473],[140.85849,41.39055],[140.85889,41.38719],[140.86218,41.38664],[140.86223,41.38531],[140.86048,41.38482],[140.86062,41.38219],[140.85932,41.38142],[140.85766,41.38185],[140.85555,41.38137],[140.85205,41.38142],[140.84749,41.37894],[140.84299,41.37826],[140.84032,41.37743],[140.84063,41.37663],[140.83727,41.37511],[140.83461,41.37585],[140.8331,41.37458],[140.83222,41.37082],[140.83121,41.36936],[140.82935,41.36813],[140.82961,41.36605],[140.83313,41.36491],[140.83129,41.3642],[140.83271,41.36167],[140.83183,41.36052],[140.82669,41.35937],[140.82483,41.35646],[140.82318,41.35653],[140.82203,41.35343],[140.8207,41.35169],[140.82083,41.34982],[140.82031,41.34626],[140.81884,41.34334],[140.8168,41.34165],[140.81664,41.33902],[140.81432,41.33595],[140.81157,41.33429],[140.80604,41.33293],[140.80212,41.32819],[140.8049,41.32857],[140.81349,41.32829],[140.82052,41.32564],[140.82099,41.32414],[140.81772,41.32463],[140.8173,41.32541],[140.81406,41.32701],[140.81129,41.32761],[140.80712,41.32722],[140.80448,41.32591],[140.80338,41.32431],[140.80083,41.32239],[140.79949,41.32251],[140.79882,41.32088],[140.80493,41.31675],[140.8061,41.31427],[140.80507,41.31186],[140.80328,41.31073],[140.80348,41.30943],[140.79994,41.30405],[140.80212,41.30347],[140.79913,41.30177],[140.79837,41.29738],[140.79938,41.29653],[140.79998,41.29457],[140.80176,41.29412],[140.80389,41.29438],[140.80689,41.29595],[140.80771,41.2945],[140.80644,41.29327],[140.80385,41.29258],[140.80462,41.29061],[140.80681,41.28875],[140.81157,41.28666],[140.81105,41.28561],[140.80409,41.28952],[140.80119,41.29154],[140.79833,41.29218],[140.79784,41.28895],[140.79684,41.28764],[140.79787,41.28656],[140.79728,41.28505],[140.79541,41.28393],[140.79485,41.28221],[140.79573,41.27906],[140.79135,41.27518],[140.79013,41.27379],[140.79143,41.27146],[140.78987,41.26993],[140.78996,41.26852],[140.78883,41.26495],[140.78747,41.26269],[140.78566,41.26151],[140.78532,41.25619],[140.78432,41.25481],[140.78213,41.2536],[140.77997,41.25352],[140.77971,41.25018],[140.78088,41.24714],[140.78157,41.24652],[140.78192,41.24238],[140.78339,41.24155],[140.78462,41.23958],[140.78385,41.23737],[140.78545,41.2351],[140.78513,41.23095],[140.78323,41.22764],[140.78343,41.22534],[140.78227,41.22329],[140.78252,41.22178],[140.78044,41.21919],[140.77925,41.2141],[140.77941,41.20959],[140.77884,41.2075],[140.77432,41.20543],[140.77306,41.20363],[140.77153,41.20347],[140.76809,41.20032],[140.76795,41.19942],[140.7655,41.19743],[140.76413,41.19523],[140.76424,41.1911],[140.76561,41.18513],[140.76663,41.18438],[140.76674,41.18189],[140.76748,41.1799],[140.76731,41.17785],[140.76819,41.17663],[140.76906,41.17167],[140.76871,41.17007],[140.76695,41.16826],[140.76836,41.16612],[140.76871,41.1645],[140.7668,41.16079],[140.76819,41.15864],[140.76812,41.15756],[140.7666,41.15645],[140.76559,41.15396],[140.76673,41.15347],[140.76708,41.15145],[140.76468,41.14845],[140.76418,41.14623],[140.7649,41.14483],[140.76844,41.15098],[140.77181,41.15425],[140.77511,41.156],[140.77597,41.15769],[140.77769,41.15945],[140.7786,41.15839],[140.78292,41.15811],[140.7823,41.15507],[140.78421,41.15263],[140.78509,41.14929],[140.79073,41.14961],[140.79296,41.1489],[140.79665,41.14913],[140.7987,41.15017],[140.80189,41.15025],[140.80144,41.14925],[140.80403,41.14874],[140.80495,41.14995],[140.80399,41.15099],[140.80108,41.15237],[140.79923,41.1553],[140.79776,41.15578],[140.79511,41.15775],[140.79468,41.15869],[140.79153,41.16072],[140.79493,41.16486],[140.79773,41.16532],[140.79993,41.16424],[140.80207,41.1646],[140.80187,41.16754],[140.79998,41.16877],[140.79446,41.16938],[140.79223,41.17026],[140.79017,41.1701],[140.78759,41.17134],[140.78573,41.1707],[140.7861,41.17275],[140.78471,41.17473],[140.78202,41.17704],[140.77849,41.17873],[140.77563,41.18075],[140.77971,41.18238],[140.78113,41.18452],[140.78231,41.18741],[140.78438,41.18717],[140.78527,41.18819],[140.78328,41.18979],[140.78139,41.18949],[140.77848,41.18724],[140.77703,41.18949],[140.77991,41.19024],[140.78185,41.19163],[140.78154,41.19295],[140.78236,41.19529],[140.78433,41.19707],[140.78716,41.19604],[140.78886,41.1949],[140.79094,41.19456],[140.79334,41.19108],[140.79451,41.19135],[140.79336,41.19636],[140.79255,41.19712],[140.79134,41.20055],[140.79015,41.20516],[140.79045,41.20721],[140.79136,41.2084],[140.79342,41.20844],[140.79124,41.20596],[140.79134,41.2044],[140.79469,41.19478],[140.79532,41.19163],[140.7964,41.19125],[140.79759,41.19289],[140.79839,41.1952],[140.80157,41.19795],[140.80567,41.19778],[140.80573,41.19705],[140.80191,41.19728],[140.79945,41.19506],[140.79925,41.19391],[140.79661,41.19095],[140.79664,41.18907],[140.79924,41.18862],[140.80174,41.18878],[140.80274,41.18596],[140.80232,41.1836],[140.80452,41.18316],[140.80536,41.18016],[140.8048,41.17716],[140.80923,41.17671],[140.81016,41.17915],[140.81156,41.17842],[140.81188,41.17685],[140.80823,41.17518],[140.80894,41.17412],[140.80898,41.17129],[140.80804,41.17037],[140.81145,41.16878],[140.81145,41.16724],[140.81494,41.16562],[140.81495,41.15896],[140.81395,41.15814],[140.81512,41.15619],[140.81682,41.1563],[140.81686,41.15396],[140.81916,41.15285],[140.82012,41.15149],[140.82218,41.1509],[140.82353,41.15258],[140.82474,41.15164],[140.82922,41.15213],[140.82772,41.15327],[140.82633,41.15294],[140.82483,41.15408],[140.82325,41.15329],[140.82191,41.15399],[140.82147,41.15531],[140.82322,41.15814],[140.82655,41.1593],[140.82848,41.15941],[140.82933,41.16033],[140.82865,41.16248],[140.82974,41.16417],[140.82889,41.16614],[140.82967,41.16689],[140.8325,41.16742],[140.83636,41.16607],[140.83993,41.16546],[140.84119,41.16367],[140.84579,41.16369],[140.84713,41.16302],[140.84883,41.16083],[140.85296,41.16148],[140.8497,41.16451],[140.84995,41.16566],[140.84798,41.16691],[140.84756,41.16837],[140.84924,41.1693]],[[140.99962,41.25172],[140.99889,41.24964],[140.99769,41.24999],[140.99849,41.25161],[140.99962,41.25172]],[[141.02956,41.41471],[141.03384,41.415],[141.03275,41.41388],[141.02976,41.41401],[141.02956,41.41471]],[[141.1126,41.31228],[141.11483,41.31128],[141.114,41.30966],[141.11246,41.31034],[141.1126,41.31228]],[[140.99343,41.40037],[140.98953,41.39971],[140.9902,41.4013],[140.99343,41.40037]],[[141.14016,41.36033],[141.13973,41.35874],[141.1374,41.35818],[141.13767,41.35981],[141.14016,41.36033]],[[140.87856,41.41768],[140.88048,41.41668],[140.88079,41.41515],[140.87813,41.41546],[140.87856,41.41768]],[[141.15269,41.36366],[141.15228,41.36224],[141.15066,41.36123],[141.14953,41.3625],[141.15269,41.36366]],[[140.80733,41.32455],[140.80939,41.32241],[140.80683,41.32241],[140.80733,41.32455]],[[141.06256,41.24571],[141.06411,41.24558],[141.06323,41.24366],[141.06422,41.24206],[141.06258,41.24129],[141.06256,41.24571]],[[141.11818,41.42903],[141.12124,41.42683],[141.11796,41.42695],[141.11818,41.42903]],[[140.91707,41.3987],[140.91881,41.39672],[140.9159,41.3958],[140.91592,41.39758],[140.91707,41.3987]],[[140.96309,41.46551],[140.96505,41.46478],[140.96424,41.46361],[140.96269,41.46455],[140.96309,41.46551]],[[141.12142,41.37471],[141.12013,41.37539],[141.12281,41.37672],[141.12499,41.37561],[141.12419,41.37435],[141.12142,41.37471]],[[141.08898,41.44557],[141.09119,41.44478],[141.08962,41.44354],[141.08784,41.44437],[141.08898,41.44557]],[[140.91917,41.39048],[140.9226,41.38964],[140.9232,41.38779],[140.92028,41.38817],[140.91896,41.38946],[140.91917,41.39048]],[[140.93306,41.31088],[140.93363,41.30927],[140.93091,41.30741],[140.92994,41.30916],[140.93306,41.31088]],[[140.90782,41.39569],[140.91052,41.39682],[140.91175,41.39606],[140.91199,41.3946],[140.90931,41.39422],[140.90782,41.39569]],[[141.05821,41.48199],[141.06005,41.48131],[141.06298,41.48143],[141.06473,41.48049],[141.06,41.48005],[141.05813,41.48058],[141.05821,41.48199]],[[140.89621,41.43712],[140.89473,41.43849],[140.8921,41.43991],[140.89291,41.44072],[140.89597,41.43958],[140.89621,41.43712]],[[141.12142,41.37281],[141.12142,41.37426],[141.12396,41.37381],[141.1237,41.37234],[141.12142,41.37281]],[[140.89093,41.39672],[140.89347,41.39348],[140.89221,41.3926],[140.89005,41.39437],[140.89093,41.39672]],[[141.1056,41.44038],[141.10878,41.43855],[141.10459,41.43905],[141.1056,41.44038]],[[140.8224,41.2835],[140.8228,41.28458],[140.82632,41.28347],[140.82657,41.2818],[140.82313,41.27973],[140.8224,41.2835]],[[140.89606,41.19043],[140.89418,41.18952],[140.89466,41.18814],[140.89365,41.18736],[140.89204,41.18845],[140.89263,41.19034],[140.89235,41.19321],[140.89409,41.19332],[140.89556,41.19197],[140.89606,41.19043]],[[141.14297,41.32355],[141.14711,41.32344],[141.14225,41.31987],[141.14004,41.32013],[141.14297,41.32355]],[[140.96505,41.48101],[140.96751,41.48031],[140.97016,41.47866],[140.97044,41.47706],[140.96836,41.47674],[140.9651,41.47934],[140.96505,41.48101]],[[141.12555,41.41315],[141.12822,41.41315],[141.12845,41.41091],[141.13042,41.41074],[141.13182,41.40971],[141.13051,41.40868],[141.12646,41.41174],[141.12555,41.41315]],[[140.9644,41.33596],[140.96259,41.33227],[140.96181,41.33345],[140.96305,41.33849],[140.96496,41.33987],[140.9644,41.33596]],[[141.12142,41.37744],[141.11814,41.37694],[141.11807,41.37942],[141.12142,41.37744]],[[140.81375,41.29258],[140.8126,41.29405],[140.81281,41.29604],[140.81499,41.29588],[140.81716,41.29403],[140.81566,41.29108],[140.81396,41.29129],[140.81375,41.29258]],[[141.05915,41.46952],[141.06329,41.46808],[141.06261,41.46658],[141.05681,41.466],[141.058,41.46703],[141.05747,41.46815],[141.05915,41.46952]],[[140.98092,41.45916],[140.9839,41.45675],[140.98577,41.45574],[140.98459,41.45486],[140.98428,41.45344],[140.98312,41.45267],[140.98193,41.45397],[140.98372,41.4557],[140.98253,41.45611],[140.98092,41.45916]],[[140.96464,41.25847],[140.96783,41.25582],[140.97008,41.25474],[140.96969,41.25395],[140.96584,41.25556],[140.96402,41.25767],[140.96464,41.25847]],[[141.07113,41.25263],[141.07244,41.24937],[141.06961,41.25077],[141.06857,41.25312],[141.06969,41.25401],[141.07113,41.25263]],[[141.12142,41.41031],[141.12371,41.40959],[141.12572,41.40734],[141.123,41.40773],[141.12209,41.40697],[141.11814,41.40996],[141.11818,41.41095],[141.12142,41.41031]],[[140.90314,41.45358],[140.90118,41.45076],[140.89915,41.4492],[140.89632,41.45195],[140.89729,41.45491],[140.90194,41.45528],[140.90368,41.45448],[140.90314,41.45358]],[[140.99644,41.25768],[140.99773,41.25949],[140.99829,41.26187],[141.00103,41.26185],[141.00315,41.26267],[141.00362,41.2596],[140.99913,41.25797],[140.99644,41.25768]],[[141.07427,41.23275],[141.07303,41.23313],[141.0728,41.23491],[141.07532,41.23648],[141.07432,41.23763],[141.07481,41.23898],[141.0769,41.24001],[141.0795,41.23901],[141.0767,41.23698],[141.07427,41.23275]],[[141.02145,41.46418],[141.02502,41.46317],[141.02739,41.45918],[141.02529,41.45826],[141.02415,41.45879],[141.02287,41.46062],[141.01921,41.46293],[141.02145,41.46418]],[[140.92667,41.33595],[140.92239,41.33557],[140.91848,41.33559],[140.92361,41.3372],[140.92535,41.33718],[140.92667,41.33595]],[[140.84443,41.25263],[140.84426,41.25352],[140.84774,41.25541],[140.85178,41.2527],[140.85017,41.2523],[140.84772,41.25034],[140.84408,41.25138],[140.84443,41.25263]],[[140.97776,41.27871],[140.97969,41.27691],[140.98018,41.27481],[140.97843,41.27353],[140.97784,41.27214],[140.97001,41.2717],[140.96928,41.27451],[140.97005,41.27731],[140.97183,41.27882],[140.97668,41.27835],[140.97776,41.27871]],[[141.14153,41.30889],[141.13735,41.30953],[141.13926,41.31092],[141.14205,41.31088],[141.14485,41.31162],[141.14825,41.31173],[141.15335,41.30839],[141.15274,41.30724],[141.1471,41.30886],[141.14153,41.30889]],[[141.01877,41.44596],[141.01762,41.44469],[141.01689,41.44226],[141.01825,41.44176],[141.02212,41.44253],[141.02343,41.44163],[141.02345,41.43981],[141.02613,41.43766],[141.02426,41.43695],[141.01983,41.43917],[141.0145,41.44034],[141.01458,41.4431],[141.01538,41.44471],[141.01728,41.44609],[141.01877,41.44596]],[[141.0785,41.39923],[141.08357,41.39652],[141.08665,41.3936],[141.08879,41.39276],[141.08844,41.39159],[141.0853,41.3927],[141.08166,41.3965],[141.07745,41.39863],[141.0785,41.39923]],[[140.82397,41.1693],[140.82479,41.16702],[140.82731,41.16596],[140.82392,41.1632],[140.82278,41.16392],[140.82229,41.16663],[140.8175,41.1685],[140.81659,41.16996],[140.81763,41.17415],[140.81977,41.17408],[140.82288,41.17289],[140.82397,41.1693]],[[141.09198,41.37155],[141.09076,41.3737],[141.09058,41.37726],[141.08748,41.37993],[141.08797,41.3822],[141.09066,41.3795],[141.0929,41.37774],[141.09535,41.37721],[141.09809,41.37872],[141.09856,41.37692],[141.09579,41.37422],[141.09305,41.37369],[141.09198,41.37155]],[[141.12142,41.39543],[141.12009,41.39552],[141.11683,41.39855],[141.1158,41.40039],[141.11647,41.40114],[141.11848,41.39804],[141.12142,41.39543]],[[140.81726,41.33595],[140.81715,41.33718],[140.81917,41.33722],[140.81846,41.3354],[140.82158,41.33575],[140.82302,41.33636],[140.8274,41.33699],[140.82964,41.3342],[140.82591,41.33271],[140.82405,41.33268],[140.82245,41.33182],[140.81844,41.33212],[140.81411,41.33069],[140.81073,41.33053],[140.81042,41.33168],[140.8133,41.33232],[140.81443,41.33362],[140.81669,41.33463],[140.81726,41.33595]],[[141.0961,41.40988],[141.09753,41.40784],[141.10072,41.40593],[141.10465,41.4027],[141.10657,41.39966],[141.10621,41.39746],[141.10369,41.39709],[141.10159,41.39925],[141.10091,41.40106],[141.09801,41.40401],[141.09638,41.4062],[141.09427,41.40751],[141.0961,41.40988]],[[140.87145,41.18867],[140.87512,41.18735],[140.87538,41.18972],[140.87477,41.19241],[140.87623,41.19275],[140.87773,41.19178],[140.87668,41.188],[140.88009,41.18639],[140.88034,41.18444],[140.87076,41.18842],[140.86909,41.18869],[140.8654,41.19071],[140.86633,41.1911],[140.86869,41.18973],[140.87145,41.18867]],[[140.82308,41.32157],[140.82153,41.32209],[140.82118,41.32331],[140.82209,41.32499],[140.8255,41.32469],[140.82655,41.32419],[140.83162,41.31734],[140.83284,41.31632],[140.83564,41.31567],[140.83538,41.31494],[140.83168,41.31599],[140.83046,41.318],[140.82803,41.31915],[140.82495,41.32167],[140.82308,41.32157]],[[141.05375,41.38275],[141.05561,41.37994],[141.05692,41.37614],[141.05492,41.37432],[141.05338,41.37372],[141.05247,41.37223],[141.04834,41.3718],[141.04686,41.37266],[141.04514,41.371],[141.04473,41.36755],[141.04335,41.37007],[141.04188,41.37138],[141.0484,41.37772],[141.0526,41.37886],[141.05166,41.38188],[141.05375,41.38275]],[[140.81225,41.25971],[140.81197,41.26211],[140.81047,41.26421],[140.81015,41.27021],[140.81034,41.272],[140.81165,41.27685],[140.81622,41.27695],[140.81801,41.27821],[140.82095,41.2783],[140.82223,41.2794],[140.82354,41.27613],[140.82297,41.27382],[140.82135,41.27311],[140.82058,41.27102],[140.822,41.26944],[140.82152,41.26709],[140.81807,41.26537],[140.81594,41.26157],[140.81225,41.25971]],[[141.11149,41.37215],[141.10862,41.36916],[141.10385,41.36705],[141.10126,41.36779],[141.10598,41.36906],[141.10722,41.3697],[141.1114,41.3738],[141.11225,41.37669],[141.11187,41.37963],[141.11097,41.3807],[141.11181,41.3816],[141.10938,41.3835],[141.10894,41.38457],[141.10955,41.38639],[141.11242,41.38665],[141.11651,41.38564],[141.11499,41.38487],[141.11413,41.38348],[141.1167,41.38344],[141.11743,41.38265],[141.11684,41.38079],[141.11338,41.38045],[141.11322,41.37497],[141.11149,41.37215]],[[141.0654,41.40158],[141.06578,41.39891],[141.06514,41.39701],[141.06517,41.39429],[141.06304,41.39252],[141.06096,41.38671],[141.06063,41.38466],[141.05789,41.38616],[141.0543,41.38578],[141.05038,41.38668],[141.04705,41.38697],[141.04488,41.39092],[141.04526,41.39256],[141.0448,41.3941],[141.04284,41.39519],[141.04683,41.39697],[141.05239,41.39563],[141.05674,41.39672],[141.05885,41.39999],[141.06107,41.40143],[141.06214,41.40333],[141.06264,41.40579],[141.06423,41.40688],[141.0654,41.40158]],[[140.87144,41.36739],[140.86923,41.36853],[140.87473,41.36844],[140.87641,41.3695],[140.87763,41.36871],[140.87526,41.36681],[140.87771,41.36509],[140.88018,41.36612],[140.88323,41.36988],[140.88422,41.36979],[140.88499,41.36727],[140.88662,41.36804],[140.88902,41.36858],[140.89093,41.36855],[140.89025,41.36594],[140.89466,41.36576],[140.89763,41.36359],[140.899,41.36345],[140.899,41.36194],[140.89786,41.35938],[140.89669,41.35842],[140.89727,41.35632],[140.89661,41.35459],[140.89512,41.3531],[140.89418,41.35373],[140.89514,41.35637],[140.89695,41.35702],[140.89621,41.35889],[140.89823,41.36078],[140.89832,41.36307],[140.89703,41.36333],[140.89461,41.36521],[140.89293,41.36564],[140.89045,41.36522],[140.88963,41.36629],[140.89049,41.36807],[140.88884,41.36808],[140.88611,41.36745],[140.88499,41.36678],[140.88401,41.36709],[140.88407,41.36891],[140.88,41.36551],[140.87818,41.36478],[140.87904,41.36365],[140.87676,41.36332],[140.87499,41.36399],[140.87144,41.36739]],[[141.09444,41.32977],[141.0953,41.32745],[141.09711,41.3265],[141.09908,41.32267],[141.09977,41.31912],[141.09906,41.31491],[141.09713,41.31325],[141.09292,41.31168],[141.09065,41.31009],[141.08549,41.30892],[141.08316,41.30876],[141.08171,41.3103],[141.08206,41.31293],[141.07955,41.31495],[141.07751,41.31581],[141.07546,41.31921],[141.07517,41.32213],[141.07719,41.32319],[141.07809,41.32487],[141.08102,41.3258],[141.081,41.32751],[141.08448,41.33187],[141.08851,41.33132],[141.09261,41.33442],[141.09559,41.3314],[141.09444,41.32977]],[[140.96204,41.31842],[140.96249,41.3164],[140.95836,41.31501],[140.95851,41.31323],[140.96026,41.31185],[140.96144,41.30965],[140.96124,41.30786],[140.95856,41.30603],[140.95798,41.30324],[140.95857,41.3003],[140.95926,41.29964],[140.96154,41.30055],[140.96363,41.30023],[140.96478,41.29876],[140.96794,41.2982],[140.9692,41.29737],[140.97107,41.29861],[140.97313,41.29848],[140.97492,41.2995],[140.97666,41.30225],[140.97894,41.30328],[140.97768,41.30623],[140.9825,41.30675],[140.98303,41.30528],[140.98582,41.30346],[140.98638,41.30188],[140.98322,41.30066],[140.9803,41.30034],[140.98009,41.2979],[140.9776,41.29717],[140.97573,41.29588],[140.97329,41.29493],[140.97193,41.29367],[140.96942,41.29364],[140.96998,41.29201],[140.96765,41.29113],[140.96371,41.29297],[140.96229,41.29251],[140.95998,41.29309],[140.95711,41.29305],[140.95316,41.29393],[140.95009,41.29332],[140.94514,41.28948],[140.94138,41.28778],[140.94045,41.28773],[140.93678,41.28511],[140.93509,41.28478],[140.93468,41.2815],[140.93242,41.28078],[140.93136,41.28201],[140.93211,41.28386],[140.92822,41.28389],[140.92467,41.28608],[140.92607,41.28749],[140.92845,41.28845],[140.92935,41.28974],[140.92858,41.29405],[140.93067,41.296],[140.93044,41.29822],[140.92824,41.29924],[140.92877,41.30045],[140.9338,41.2994],[140.93707,41.30062],[140.94021,41.30042],[140.94458,41.29774],[140.94686,41.29837],[140.9486,41.30056],[140.94612,41.30307],[140.94606,41.30532],[140.94756,41.30608],[140.94867,41.30843],[140.94893,41.31069],[140.95412,41.30822],[140.9553,41.31038],[140.95751,41.31054],[140.95903,41.30968],[140.96015,41.31122],[140.95662,41.31374],[140.9597,41.31852],[140.96021,41.32019],[140.95944,41.32383],[140.95842,41.32675],[140.95672,41.32823],[140.9545,41.3289],[140.95156,41.3291],[140.95066,41.33051],[140.94631,41.33079],[140.94497,41.33126],[140.93994,41.33143],[140.93855,41.33323],[140.94288,41.33306],[140.94595,41.3321],[140.94931,41.33166],[140.95153,41.33078],[140.95409,41.33102],[140.95589,41.33039],[140.9613,41.32727],[140.96313,41.32596],[140.96457,41.32763],[140.96735,41.32459],[140.96649,41.32361],[140.96364,41.32227],[140.96204,41.31842]],[[140.87145,41.25514],[140.86954,41.25539],[140.86809,41.25379],[140.86471,41.25291],[140.86257,41.25118],[140.86008,41.25263],[140.85877,41.25442],[140.85475,41.25508],[140.85509,41.25787],[140.85092,41.25952],[140.84549,41.25947],[140.84489,41.25904],[140.84065,41.25867],[140.83831,41.26001],[140.83263,41.25998],[140.82839,41.26116],[140.82526,41.2598],[140.82386,41.25972],[140.8191,41.26041],[140.82185,41.26253],[140.82272,41.26463],[140.82661,41.26946],[140.83134,41.27122],[140.8331,41.27077],[140.83388,41.27189],[140.83152,41.27375],[140.83393,41.27537],[140.83714,41.27672],[140.83812,41.27933],[140.84012,41.27936],[140.84175,41.28018],[140.84239,41.2817],[140.83917,41.28436],[140.83681,41.28762],[140.83534,41.28838],[140.83452,41.29122],[140.83512,41.29262],[140.83277,41.29601],[140.83058,41.29764],[140.83393,41.29911],[140.83402,41.3006],[140.8352,41.3026],[140.83327,41.30381],[140.83131,41.30296],[140.83059,41.30489],[140.83505,41.30389],[140.83872,41.30435],[140.84083,41.30664],[140.84414,41.30635],[140.84385,41.30478],[140.84475,41.30254],[140.84676,41.30113],[140.84857,41.29849],[140.8478,41.29719],[140.84783,41.29516],[140.84987,41.29552],[140.85133,41.29444],[140.8521,41.29109],[140.85526,41.28726],[140.85746,41.28169],[140.85846,41.27622],[140.86051,41.27636],[140.86415,41.27867],[140.86706,41.27659],[140.86813,41.27382],[140.87165,41.27158],[140.87366,41.26814],[140.87662,41.26738],[140.87774,41.2661],[140.87974,41.26743],[140.88165,41.26739],[140.8843,41.26649],[140.88589,41.267],[140.88787,41.26985],[140.88713,41.27158],[140.8929,41.27279],[140.89344,41.27455],[140.89529,41.27637],[140.89658,41.27512],[140.89563,41.27366],[140.89576,41.27128],[140.8935,41.26998],[140.89187,41.26996],[140.88901,41.26757],[140.88757,41.26531],[140.88451,41.26412],[140.88068,41.26414],[140.88041,41.26265],[140.87873,41.26079],[140.87961,41.25949],[140.87624,41.25875],[140.87527,41.25772],[140.87232,41.2575],[140.87145,41.25514]]]},"properties":{"hoanrinKind":"保安林"}},
{"type":"Feature","geometry":{"type":"Polygon","coordinates":[[[140.95519,40.6146],[140.95264,40.61601],[140.95041,40.61809],[140.94804,40.61804],[140.94573,40.61705],[140.94613,40.6155],[140.94816,40.6134],[140.94912,40.60847],[140.94908,40.60602],[140.94616,40.60491],[140.94732,40.60462],[140.94837,40.60388],[140.95092,40.60333],[140.95057,40.60278],[140.95574,40.5995],[140.95466,40.59786],[140.95545,40.5958],[140.95971,40.59398],[140.95889,40.5928],[140.96073,40.59197],[140.96193,40.59198],[140.96243,40.59303],[140.9619,40.59401],[140.96246,40.59426],[140.9633,40.59362],[140.96439,40.5939],[140.96628,40.59235],[140.96802,40.58976],[140.96984,40.5895],[140.97063,40.59129],[140.97272,40.59265],[140.9781,40.59335],[140.9751,40.59535],[140.97554,40.59755],[140.97267,40.6007],[140.96885,40.60268],[140.96904,40.60513],[140.96806,40.60652],[140.96599,40.60445],[140.96312,40.60466],[140.96048,40.60677],[140.95848,40.60953],[140.95744,40.61005],[140.95602,40.6141],[140.95519,40.6146]]]},"properties":{"hoanrinKind":"保安林"}},
{"type":"Feature","geometry":{"type":"Polygon","coordinates":[[[140.98148,40.89542],[140.98472,40.89223],[140.98714,40.89317],[140.98407,40.89445],[140.98525,40.89592],[140.98871,40.89437],[140.99011,40.89486],[140.99017,40.89609],[140.99205,40.89745],[140.98284,40.90171],[140.98484,40.90178],[140.9866,40.90292],[140.98864,40.90156],[140.99044,40.90133],[140.99073,40.90436],[140.99023,40.9053],[140.98734,40.90754],[140.98356,40.90631],[140.98065,40.90467],[140.97837,40.90183],[140.9782,40.89983],[140.98017,40.89818],[140.98224,40.89731],[140.98148,40.89542]]]},"properties":{"hoanrinKind":"保安林"}},
{"type":"Feature","geometry":{"type":"Polygon","coordinates":[[[140.9818,40.91933],[140.98008,40.92053],[140.98089,40.92123],[140.97858,40.92316],[140.9752,40.92295],[140.9728,40.92324],[140.97316,40.92191],[140.97522,40.92086],[140.97554,40.91993],[140.98001,40.91833],[140.9818,40.91933]]]},"properties":{"hoanrinKind":"保安林"}},
{"type":"Feature","geometry":{"type":"Polygon","coordinates":[[[140.87146,40.88583],[140.87338,40.8856],[140.87503,40.88672],[140.87449,40.88821],[140.87739,40.88751],[140.8756,40.88609],[140.87612,40.88499],[140.88018,40.88415],[140.88241,40.88273],[140.88444,40.88278],[140.88835,40.88389],[140.89015,40.8827],[140.89163,40.88305],[140.89249,40.88544],[140.89215,40.88667],[140.8958,40.88773],[140.89787,40.88782],[140.9003,40.88968],[140.89914,40.89264],[140.90004,40.89389],[140.89998,40.89599],[140.89839,40.89689],[140.89756,40.89957],[140.89618,40.90229],[140.89713,40.90438],[140.89675,40.9072],[140.89569,40.90886],[140.89095,40.91039],[140.89087,40.91395],[140.88919,40.91273],[140.88744,40.91234],[140.88666,40.91413],[140.88269,40.91307],[140.87989,40.91329],[140.88146,40.90918],[140.87666,40.9076],[140.87756,40.90605],[140.87335,40.90342],[140.87146,40.9018],[140.86986,40.90244],[140.86783,40.90415],[140.86333,40.90334],[140.86427,40.90143],[140.86247,40.89958],[140.86401,40.89747],[140.86315,40.89659],[140.86237,40.8941],[140.86408,40.89281],[140.86774,40.8954],[140.86893,40.895],[140.87253,40.89565],[140.86725,40.89242],[140.86667,40.8911],[140.86526,40.8909],[140.86396,40.8896],[140.86743,40.88862],[140.86812,40.88723],[140.87036,40.88687],[140.87146,40.88583]],[[140.88958,40.90155],[140.89014,40.90012],[140.88845,40.89932],[140.88764,40.90024],[140.88958,40.90155]],[[140.89213,40.90421],[140.89188,40.90064],[140.89022,40.90173],[140.89213,40.90421]]]},"properties":{"hoanrinKind":"保安林"}},
{"type":"Feature","geometry":{"type":"Polygon","coordinates":[[[140.87146,40.96628],[140.8729,40.96408],[140.87119,40.96219],[140.87208,40.96131],[140.87199,40.95959],[140.87365,40.95816],[140.86993,40.9559],[140.87249,40.95325],[140.87396,40.95404],[140.87786,40.95401],[140.88049,40.9552],[140.88122,40.95714],[140.88343,40.95903],[140.88364,40.96099],[140.8848,40.96262],[140.88405,40.96512],[140.88525,40.96914],[140.88176,40.97047],[140.88137,40.96841],[140.87939,40.9684],[140.87989,40.9724],[140.87789,40.97362],[140.87645,40.97335],[140.87225,40.97626],[140.86878,40.97657],[140.8674,40.97539],[140.8686,40.97424],[140.86785,40.97229],[140.86596,40.97222],[140.86534,40.97348],[140.86206,40.97254],[140.86313,40.97098],[140.86108,40.96858],[140.86137,40.96662],[140.86749,40.9662],[140.86772,40.96334],[140.86938,40.96377],[140.87049,40.96607],[140.87146,40.96628]]]},"properties":{"hoanrinKind":"保安林"}},
{"type":"Feature","geometry":{"type":"Polygon","coordinates":[[[140.97427,40.96333],[140.97677,40.96327],[140.97092,40.96784],[140.96502,40.97054],[140.9619,40.96769],[140.9611,40.96597],[140.96353,40.96336],[140.96489,40.96352],[140.9681,40.96213],[140.97038,40.96037],[140.96999,40.9593],[140.97255,40.95563],[140.97526,40.95449],[140.97869,40.95509],[140.97495,40.95669],[140.97169,40.95909],[140.97215,40.95951],[140.97557,40.95704],[140.97542,40.95954],[140.97629,40.96183],[140.97427,40.96333]]]},"properties":{"hoanrinKind":"保安林"}},
{"type":"Feature","geometry":{"type":"Polygon","coordinates":[[[140.90378,41.00266],[140.90554,41.00136],[140.90542,41.00031],[140.9072,40.99985],[140.91006,41.00097],[140.90619,41.00348],[140.90378,41.00266]]]},"properties":{"hoanrinKind":"保安林"}},
{"type":"Feature","geometry":{"type":"Polygon","coordinates":[[[140.98444,41.25263],[140.98449,41.25323],[140.98376,41.25343],[140.98371,41.25263],[140.98444,41.25263]]]},"properties":{"hoanrinKind":"保安林"}},
{"type":"Feature","geometry":{"type":"Polygon","coordinates":[[[140.87144,41.43605],[140.87305,41.43522],[140.87308,41.43378],[140.87602,41.43465],[140.87648,41.43582],[140.87515,41.43716],[140.87255,41.43741],[140.87144,41.43605]]]},"properties":{"hoanrinKind":"保安林"}},
{"type":"Feature","geometry":{"type":"Polygon","coordinates":[[[141.11228,40.41023],[141.1128,40.40827],[141.11593,40.40922],[141.11583,40.41118],[141.11243,40.41158],[141.11228,40.41023]]]},"properties":{"hoanrinKind":"保安林"}},
{"type":"Feature","geometry":{"type":"Polygon","coordinates":[[[141.05925,40.38795],[141.05823,40.38749],[141.05858,40.38472],[141.05944,40.38262],[141.06358,40.38072],[141.06581,40.38393],[141.07059,40.38534],[141.068,40.38606],[141.06632,40.38763],[141.06302,40.38814],[141.06001,40.38742],[141.05925,40.38795]]]},"properties":{"hoanrinKind":"保安林"}},
{"type":"Feature","geometry":{"type":"Polygon","coordinates":[[[141.16606,40.4194],[141.16232,40.4194],[141.16127,40.41757],[141.16068,40.41345],[141.15745,40.41248],[141.15338,40.41246],[141.15393,40.41463],[141.15343,40.41551],[141.14836,40.41587],[141.14678,40.41443],[141.14406,40.41449],[141.14207,40.41349],[141.14177,40.41019],[141.14015,40.40895],[141.13795,40.41077],[141.13704,40.40755],[141.1336,40.40795],[141.13459,40.40544],[141.13242,40.40604],[141.13223,40.40769],[141.13029,40.4074],[141.12835,40.40843],[141.129,40.40947],[141.12741,40.41075],[141.12733,40.41257],[141.124,40.41077],[141.12305,40.40911],[141.12146,40.40925],[141.12072,40.40726],[141.11953,40.40741],[141.11675,40.40384],[141.11711,40.40216],[141.11588,40.40043],[141.11406,40.40115],[141.11099,40.40058],[141.11103,40.39792],[141.1093,40.39671],[141.11219,40.3949],[141.11075,40.39272],[141.11285,40.39265],[141.11529,40.39328],[141.11636,40.39032],[141.11798,40.39031],[141.11939,40.38801],[141.12146,40.38891],[141.1236,40.38921],[141.12604,40.39194],[141.12836,40.39097],[141.12636,40.38717],[141.12657,40.38505],[141.13061,40.3857],[141.12946,40.38665],[141.12971,40.38789],[141.13213,40.389],[141.1299,40.3896],[141.1311,40.39339],[141.13071,40.39511],[141.13132,40.39665],[141.13314,40.39661],[141.13443,40.39972],[141.13705,40.40075],[141.13755,40.40177],[141.14135,40.40305],[141.14507,40.40487],[141.14636,40.40601],[141.14864,40.4061],[141.14891,40.40375],[141.15435,40.39973],[141.15732,40.40056],[141.15797,40.40182],[141.15997,40.40296],[141.16032,40.40496],[141.15886,40.40534],[141.15917,40.40678],[141.15718,40.4069],[141.15768,40.40854],[141.1588,40.4093],[141.16328,40.40776],[141.16439,40.40787],[141.1675,40.40675],[141.17153,40.40395],[141.17213,40.40643],[141.16964,40.40816],[141.1702,40.40875],[141.17663,40.40581],[141.17885,40.40745],[141.17892,40.40922],[141.18156,40.40862],[141.18308,40.40747],[141.18465,40.40831],[141.18688,40.40679],[141.18753,40.40898],[141.18884,40.40957],[141.1895,40.41156],[141.18871,40.41479],[141.1879,40.41517],[141.18446,40.41458],[141.18335,40.41361],[141.18022,40.41385],[141.17807,40.41515],[141.17755,40.41633],[141.17593,40.41601],[141.17453,40.41727],[141.17502,40.41827],[141.17376,40.4194],[141.17136,40.41963],[141.1698,40.4204],[141.16606,40.4194]],[[141.17734,40.41202],[141.17696,40.41393],[141.17823,40.4141],[141.17838,40.41211],[141.17734,40.41202]],[[141.14824,40.40718],[141.14913,40.40967],[141.15093,40.40862],[141.14824,40.40718]]]},"properties":{"hoanrinKind":"保安林"}},
{"type":"Feature","geometry":{"type":"Polygon","coordinates":[[[141.10976,40.67535],[141.11066,40.67443],[141.11207,40.67597],[141.10988,40.67616],[141.10976,40.67535]]]},"properties":{"hoanrinKind":"保安林"}},
{"type":"Feature","geometry":{"type":"Polygon","coordinates":[[[140.99644,41.21686],[141.00018,41.2141],[140.99978,41.21256],[141.00238,41.21345],[141.00283,41.21227],[141.0047,41.21277],[141.00427,41.21425],[141.00514,41.21691],[141.01035,41.2194],[141.0113,41.22217],[141.00892,41.22331],[141.00748,41.22331],[141.00284,41.2221],[141.00248,41.22345],[141.0056,41.22412],[141.00324,41.22521],[141.002,41.22442],[140.99644,41.22438],[140.99312,41.22271],[140.9939,41.22158],[140.99461,41.21779],[140.99644,41.21686]]]},"properties":{"hoanrinKind":"保安林"}},
{"type":"Feature","geometry":{"type":"Polygon","coordinates":[[[140.99643,41.48646],[140.9969,41.48673],[140.99691,41.48752],[140.99671,41.4875],[140.99643,41.48682],[140.99643,41.48646]]]},"properties":{"hoanrinKind":"保安林"}},
{"type":"Feature","geometry":{"type":"Polygon","coordinates":[[[141.13758,40.41939],[141.13752,40.4211],[141.1362,40.42317],[141.13717,40.42468],[141.14127,40.42733],[141.13972,40.42825],[141.1376,40.43085],[141.13895,40.43171],[141.1405,40.43141],[141.14247,40.42984],[141.14534,40.42852],[141.15118,40.43033],[141.15215,40.4319],[141.1542,40.4307],[141.15485,40.42884],[141.1585,40.42903],[141.16565,40.43103],[141.16877,40.43136],[141.17149,40.43217],[141.16623,40.43402],[141.16304,40.43417],[141.16134,40.43239],[141.15754,40.43293],[141.15585,40.43457],[141.15766,40.43709],[141.15678,40.43879],[141.15465,40.43895],[141.15218,40.43611],[141.1509,40.43653],[141.1482,40.43494],[141.14689,40.43518],[141.14253,40.43299],[141.13768,40.43263],[141.13428,40.43061],[141.13086,40.43041],[141.1297,40.42838],[141.12761,40.4279],[141.12448,40.42783],[141.12486,40.42441],[141.12344,40.42309],[141.12306,40.42133],[141.12184,40.42008],[141.12323,40.41632],[141.12646,40.41621],[141.13006,40.41568],[141.13144,40.4151],[141.13638,40.41758],[141.13862,40.41803],[141.13758,40.41939]]]},"properties":{"hoanrinKind":"保安林"}},
{"type":"Feature","geometry":{"type":"Polygon","coordinates":[[[141.12146,40.49558],[141.12439,40.49539],[141.12558,40.49596],[141.12405,40.4979],[141.12279,40.49787],[141.12146,40.49935],[141.11547,40.49984],[141.11375,40.50042],[141.11134,40.49919],[141.12146,40.49558]]]},"properties":{"hoanrinKind":"保安林"}},
{"type":"Feature","geometry":{"type":"Polygon","coordinates":[[[141.12146,40.44332],[141.12015,40.44668],[141.11672,40.44656],[141.11093,40.44564],[141.10844,40.4456],[141.10655,40.44396],[141.11005,40.44214],[141.1099,40.44012],[141.1114,40.44021],[141.11553,40.43956],[141.11579,40.44057],[141.11132,40.44071],[141.11196,40.44218],[141.11238,40.44523],[141.11557,40.44286],[141.11746,40.44291],[141.11961,40.44208],[141.12146,40.44332]]]},"properties":{"hoanrinKind":"保安林"}},
{"type":"Feature","geometry":{"type":"Polygon","coordinates":[[[141.12146,40.46538],[141.12024,40.46668],[141.11713,40.46743],[141.11671,40.46518],[141.12146,40.46538]]]},"properties":{"hoanrinKind":"保安林"}},
{"type":"Feature","geometry":{"type":"Polygon","coordinates":[[[141.12145,40.64055],[141.12177,40.63973],[141.12428,40.64125],[141.12409,40.64197],[141.12145,40.64055]]]},"properties":{"hoanrinKind":"保安林"}},
{"type":"Feature","geometry":{"type":"Polygon","coordinates":[[[141.12145,40.63247],[141.11983,40.63347],[141.11928,40.63509],[141.11546,40.63608],[141.11403,40.63697],[141.11252,40.63385],[141.11522,40.63159],[141.11947,40.62857],[141.12218,40.6275],[141.12558,40.62408],[141.12961,40.62431],[141.13317,40.62661],[141.13128,40.62797],[141.12809,40.62773],[141.12659,40.62918],[141.12531,40.62839],[141.12364,40.62913],[141.12326,40.63132],[141.12145,40.63247]]]},"properties":{"hoanrinKind":"保安林"}},
{"type":"Feature","geometry":{"type":"Polygon","coordinates":[[[141.23368,40.66937],[141.23726,40.66821],[141.23952,40.67048],[141.24147,40.67348],[141.24228,40.67398],[141.24355,40.67826],[141.24112,40.67813],[141.23613,40.67495],[141.23562,40.67331],[141.23705,40.67255],[141.23926,40.67295],[141.23741,40.66979],[141.23368,40.66937]]]},"properties":{"hoanrinKind":"保安林"}},
{"type":"Feature","geometry":{"type":"Polygon","coordinates":[[[141.2444,40.68392],[141.24348,40.68428],[141.24381,40.68378],[141.2444,40.68392]]]},"properties":{"hoanrinKind":"保安林"}},
{"type":"Feature","geometry":{"type":"Polygon","coordinates":[[[141.2304,40.91934],[141.22994,40.92058],[141.2338,40.92424],[141.2291,40.92534],[141.22932,40.92681],[141.22775,40.92714],[141.22746,40.92846],[141.2298,40.92938],[141.2279,40.93479],[141.2282,40.9355],[141.23102,40.93599],[141.23502,40.93746],[141.23465,40.93867],[141.23298,40.9404],[141.23457,40.94279],[141.23971,40.94804],[141.24022,40.94933],[141.24311,40.95145],[141.23669,40.95279],[141.23117,40.9534],[141.22948,40.95336],[141.22855,40.95241],[141.23075,40.95161],[141.23017,40.95006],[141.22757,40.95007],[141.22572,40.95067],[141.2242,40.94924],[141.22524,40.94774],[141.22382,40.94727],[141.22339,40.94576],[141.22654,40.9447],[141.2279,40.94623],[141.22908,40.9458],[141.23091,40.94339],[141.22584,40.94373],[141.22232,40.94424],[141.22192,40.94188],[141.22057,40.93992],[141.22172,40.93793],[141.22377,40.93691],[141.22808,40.93643],[141.22765,40.93564],[141.22531,40.93471],[141.22254,40.93606],[141.22145,40.93425],[141.22251,40.93327],[141.22594,40.93334],[141.22594,40.93199],[141.21968,40.93199],[141.21954,40.93075],[141.2169,40.93161],[141.21744,40.92983],[141.22228,40.92953],[141.2216,40.92843],[141.21792,40.92893],[141.21616,40.92701],[141.21872,40.92707],[141.22188,40.92604],[141.22829,40.9245],[141.23065,40.92347],[141.2309,40.92255],[141.2294,40.92072],[141.2304,40.91934]],[[141.22246,40.94096],[141.23035,40.94044],[141.2298,40.93883],[141.2283,40.93858],[141.22127,40.93977],[141.22246,40.94096]]]},"properties":{"hoanrinKind":"保安林"}},
{"type":"Feature","geometry":{"type":"Polygon","coordinates":[[[141.23656,41.01876],[141.23551,41.01431],[141.23297,41.00512],[141.2348,41.00787],[141.23385,41.0082],[141.23498,41.01038],[141.2366,41.01191],[141.24256,41.01479],[141.24363,41.01784],[141.23895,41.01912],[141.24051,41.02043],[141.24235,41.0202],[141.24327,41.02188],[141.24276,41.02281],[141.24048,41.02312],[141.24065,41.02414],[141.24271,41.02528],[141.23915,41.02679],[141.23815,41.0265],[141.23656,41.01876]]]},"properties":{"hoanrinKind":"保安林"}},
{"type":"Feature","geometry":{"type":"Polygon","coordinates":[[[141.12143,41.21904],[141.12716,41.22295],[141.12667,41.22344],[141.12143,41.21985],[141.12143,41.21904]]]},"properties":{"hoanrinKind":"保安林"}},
{"type":"Feature","geometry":{"type":"Polygon","coordinates":[[[141.22259,41.25264],[141.2291,41.24677],[141.23499,41.24063],[141.23579,41.24027],[141.23866,41.24084],[141.23681,41.24253],[141.23324,41.24679],[141.23394,41.24751],[141.23097,41.25093],[141.22801,41.25332],[141.22681,41.25268],[141.22935,41.25069],[141.23229,41.24739],[141.2312,41.2465],[141.22591,41.25085],[141.22491,41.25264],[141.20521,41.2688],[141.20299,41.27028],[141.20163,41.26934],[141.21444,41.25975],[141.22259,41.25264]]]},"properties":{"hoanrinKind":"保安林"}},
{"type":"Feature","geometry":{"type":"Polygon","coordinates":[[[141.3454,40.40971],[141.34373,40.40895],[141.344,40.40769],[141.34361,40.40441],[141.3428,40.40356],[141.34446,40.40169],[141.34619,40.40329],[141.34576,40.4046],[141.34658,40.40617],[141.3454,40.40971]]]},"properties":{"hoanrinKind":"保安林"}},
{"type":"Feature","geometry":{"type":"Polygon","coordinates":[[[141.27835,40.43412],[141.27765,40.4339],[141.27869,40.43286],[141.27911,40.4331],[141.27835,40.43412]]]},"properties":{"hoanrinKind":"保安林"}},
{"type":"Feature","geometry":{"type":"Polygon","coordinates":[[[141.27996,40.43288],[141.28241,40.43311],[141.28099,40.43484],[141.27819,40.43511],[141.27996,40.43288]]]},"properties":{"hoanrinKind":"保安林"}},
{"type":"Feature","geometry":{"type":"Polygon","coordinates":[[[141.29941,40.42992],[141.2972,40.42901],[141.29739,40.42714],[141.29893,40.42465],[141.30296,40.42436],[141.30059,40.42722],[141.29941,40.42992]]]},"properties":{"hoanrinKind":"保安林"}},
{"type":"Feature","geometry":{"type":"Polygon","coordinates":[[[141.35231,40.48457],[141.35333,40.47792],[141.35581,40.4763],[141.3602,40.47661],[141.35961,40.47792],[141.3581,40.47795],[141.35681,40.47967],[141.35919,40.47969],[141.36031,40.48133],[141.35862,40.4831],[141.36073,40.48401],[141.3597,40.48602],[141.35687,40.48864],[141.35448,40.48997],[141.34984,40.49148],[141.34876,40.4901],[141.35096,40.48771],[141.35231,40.48457]]]},"properties":{"hoanrinKind":"保安林"}},
{"type":"Feature","geometry":{"type":"Polygon","coordinates":[[[141.28619,40.44351],[141.28553,40.4422],[141.28745,40.44003],[141.29372,40.43507],[141.29274,40.43384],[141.29611,40.42969],[141.29926,40.43011],[141.29995,40.43112],[141.29954,40.43265],[141.3007,40.4346],[141.30239,40.43439],[141.30272,40.436],[141.30164,40.43788],[141.2996,40.43918],[141.29716,40.44211],[141.29692,40.44356],[141.29471,40.44408],[141.29355,40.44212],[141.29635,40.43869],[141.29461,40.43888],[141.29231,40.4425],[141.29019,40.44384],[141.28973,40.44172],[141.28758,40.44146],[141.28619,40.44351]]]},"properties":{"hoanrinKind":"保安林"}},
{"type":"Feature","geometry":{"type":"Polygon","coordinates":[[[141.28418,40.4194],[141.289,40.42003],[141.29012,40.42123],[141.28822,40.42206],[141.28909,40.42306],[141.29076,40.42259],[141.29123,40.42428],[141.28932,40.42636],[141.28737,40.42693],[141.28456,40.4267],[141.28566,40.42884],[141.2871,40.43009],[141.29145,40.43217],[141.28975,40.43342],[141.28607,40.43443],[141.28489,40.43345],[141.28087,40.43199],[141.28128,40.43022],[141.28013,40.42722],[141.28114,40.42618],[141.27898,40.42531],[141.27964,40.42387],[141.27818,40.42054],[141.27876,40.41819],[141.27813,40.41633],[141.2801,40.41632],[141.28172,40.41771],[141.28197,40.41936],[141.28418,40.4194]]]},"properties":{"hoanrinKind":"保安林"}},
{"type":"Feature","geometry":{"type":"Polygon","coordinates":[[[141.2345,40.4194],[141.23561,40.41857],[141.23807,40.41828],[141.23981,40.41726],[141.24645,40.41571],[141.2486,40.41431],[141.24925,40.41488],[141.24799,40.41726],[141.2453,40.4194],[141.24417,40.42157],[141.24406,40.42302],[141.2459,40.4245],[141.25034,40.42479],[141.25175,40.42716],[141.25604,40.42787],[141.25873,40.42899],[141.26086,40.42905],[141.26396,40.42768],[141.26225,40.42706],[141.26151,40.42391],[141.26046,40.42231],[141.263,40.42089],[141.26723,40.41994],[141.27133,40.42025],[141.27332,40.41962],[141.27306,40.4261],[141.27354,40.428],[141.27591,40.42893],[141.27575,40.42724],[141.2745,40.42501],[141.2746,40.42328],[141.27926,40.43109],[141.27727,40.4339],[141.27469,40.43474],[141.27533,40.43722],[141.27478,40.44056],[141.27394,40.44226],[141.26966,40.44506],[141.26599,40.44842],[141.26485,40.44729],[141.26652,40.44501],[141.26668,40.44388],[141.26617,40.43851],[141.26434,40.43746],[141.26518,40.44063],[141.26313,40.44281],[141.26108,40.4429],[141.26181,40.44064],[141.25887,40.43798],[141.25824,40.43631],[141.25678,40.43584],[141.25494,40.43701],[141.25253,40.43707],[141.25324,40.43871],[141.25526,40.4393],[141.25646,40.44182],[141.25634,40.44271],[141.25368,40.44617],[141.25046,40.44852],[141.24956,40.44811],[141.24804,40.44443],[141.24565,40.44634],[141.24094,40.44392],[141.23804,40.44335],[141.23617,40.44179],[141.23323,40.43779],[141.22955,40.43422],[141.23188,40.43222],[141.23025,40.43069],[141.22929,40.42799],[141.23151,40.42658],[141.23151,40.42528],[141.22905,40.42465],[141.2297,40.42001],[141.23107,40.41893],[141.23282,40.42007],[141.2335,40.42185],[141.2352,40.42042],[141.2345,40.4194]]]},"properties":{"hoanrinKind":"保安林"}},
{"type":"Feature","geometry":{"type":"Polygon","coordinates":[[[141.33674,40.50769],[141.33859,40.50595],[141.34218,40.50486],[141.34472,40.50494],[141.34735,40.50397],[141.34885,40.50678],[141.34581,40.50844],[141.34379,40.50726],[141.34104,40.50796],[141.34381,40.50948],[141.34109,40.5106],[141.33857,40.51107],[141.33813,40.50931],[141.33674,40.50769]]]},"properties":{"hoanrinKind":"保安林"}},
{"type":"Feature","geometry":{"type":"Polygon","coordinates":[[[141.24645,40.51208],[141.24887,40.51224],[141.24698,40.51418],[141.24547,40.51342],[141.24645,40.51208]]]},"properties":{"hoanrinKind":"保安林"}},
{"type":"Feature","geometry":{"type":"Polygon","coordinates":[[[141.24644,40.66126],[141.24475,40.65863],[141.24686,40.65877],[141.24644,40.66126]]]},"properties":{"hoanrinKind":"保安林"}},
{"type":"Feature","geometry":{"type":"Polygon","coordinates":[[[141.24643,40.82611],[141.25099,40.82458],[141.25161,40.82519],[141.24847,40.82713],[141.24625,40.82763],[141.24536,40.82919],[141.23864,40.83234],[141.23567,40.83058],[141.23548,40.82758],[141.23854,40.82735],[141.24256,40.82657],[141.24488,40.82665],[141.24643,40.82611]]]},"properties":{"hoanrinKind":"保安林"}},
{"type":"Feature","geometry":{"type":"Polygon","coordinates":[[[141.23885,40.83602],[141.23736,40.83558],[141.24635,40.83407],[141.24696,40.83455],[141.25191,40.83451],[141.25042,40.83568],[141.24143,40.83561],[141.23885,40.83602]]]},"properties":{"hoanrinKind":"保安林"}},
{"type":"Feature","geometry":{"type":"Polygon","coordinates":[[[141.29034,40.90089],[141.28941,40.90097],[141.28514,40.90363],[141.28358,40.90258],[141.28685,40.89979],[141.2903,40.89857],[141.29105,40.89769],[141.29387,40.89688],[141.2945,40.89882],[141.29742,40.89846],[141.29869,40.90096],[141.29101,40.90182],[141.29034,40.90089]]]},"properties":{"hoanrinKind":"保安林"}},
{"type":"Feature","geometry":{"type":"Polygon","coordinates":[[[141.24643,40.8754],[141.25007,40.87465],[141.25053,40.87639],[141.24813,40.87638],[141.24335,40.87784],[141.2443,40.88031],[141.24342,40.88172],[141.24205,40.88212],[141.24083,40.88019],[141.23868,40.8801],[141.24002,40.87802],[141.24444,40.87553],[141.24643,40.8754]]]},"properties":{"hoanrinKind":"保安林"}},
{"type":"Feature","geometry":{"type":"Polygon","coordinates":[[[141.24643,40.88941],[141.24796,40.89062],[141.24752,40.89217],[141.24898,40.89255],[141.25208,40.89231],[141.25623,40.89049],[141.25953,40.8908],[141.25954,40.8914],[141.25588,40.89198],[141.25376,40.89322],[141.25666,40.89437],[141.2543,40.89505],[141.25291,40.89442],[141.25307,40.89267],[141.2471,40.89305],[141.24113,40.89568],[141.23864,40.89579],[141.24025,40.89413],[141.23976,40.89182],[141.24196,40.89264],[141.24309,40.89376],[141.24428,40.8899],[141.24643,40.88941]]]},"properties":{"hoanrinKind":"保安林"}},
{"type":"Feature","geometry":{"type":"Polygon","coordinates":[[[141.37142,40.87254],[141.37147,40.86965],[141.37311,40.86527],[141.37289,40.86333],[141.37348,40.86036],[141.37437,40.86059],[141.37415,40.86507],[141.37315,40.86633],[141.37202,40.87187],[141.37142,40.87254]]]},"properties":{"hoanrinKind":"保安林"}},
{"type":"Feature","geometry":{"type":"Polygon","coordinates":[[[141.24643,40.90852],[141.24263,40.90891],[141.24639,40.90319],[141.24986,40.90556],[141.24643,40.90852]]]},"properties":{"hoanrinKind":"保安林"}},
{"type":"Feature","geometry":{"type":"Polygon","coordinates":[[[141.24643,40.88522],[141.24742,40.8853],[141.24971,40.88402],[141.25166,40.88191],[141.25039,40.8788],[141.25126,40.87668],[141.25038,40.87467],[141.25211,40.87191],[141.25752,40.86977],[141.25822,40.87185],[141.25779,40.87571],[141.2587,40.87641],[141.25496,40.87906],[141.25493,40.8773],[141.25626,40.87435],[141.25523,40.87252],[141.25331,40.87407],[141.25508,40.87617],[141.25426,40.87708],[141.25189,40.87744],[141.25207,40.88095],[141.25275,40.88374],[141.25114,40.88513],[141.24909,40.88534],[141.24537,40.88639],[141.24394,40.88815],[141.24289,40.88751],[141.24057,40.88774],[141.23603,40.88749],[141.23479,40.8881],[141.23238,40.88772],[141.2335,40.88613],[141.23836,40.8868],[141.24353,40.8849],[141.2453,40.88341],[141.24614,40.88437],[141.24833,40.88301],[141.24913,40.88173],[141.24651,40.8804],[141.24985,40.8793],[141.25093,40.88067],[141.25098,40.88207],[141.24893,40.88421],[141.24643,40.88522]]]},"properties":{"hoanrinKind":"保安林"}},
{"type":"Feature","geometry":{"type":"Polygon","coordinates":[[[141.26118,40.91871],[141.2588,40.91525],[141.25756,40.91177],[141.2598,40.91295],[141.26263,40.91144],[141.26235,40.91532],[141.26344,40.91659],[141.26571,40.91689],[141.26545,40.91821],[141.26328,40.91778],[141.26118,40.91871]]]},"properties":{"hoanrinKind":"保安林"}},
{"type":"Feature","geometry":{"type":"Polygon","coordinates":[[[141.28688,40.87898],[141.28273,40.88018],[141.28232,40.87928],[141.28606,40.87785],[141.28691,40.87709],[141.28613,40.87406],[141.28707,40.8735],[141.286,40.87189],[141.28868,40.8704],[141.2894,40.8693],[141.28875,40.86792],[141.29127,40.86708],[141.29329,40.86579],[141.29632,40.86834],[141.29459,40.86961],[141.29407,40.87104],[141.29105,40.87295],[141.29086,40.87438],[141.29227,40.87605],[141.28688,40.87898]]]},"properties":{"hoanrinKind":"保安林"}},
{"type":"Feature","geometry":{"type":"Polygon","coordinates":[[[141.29171,40.86616],[141.28855,40.86771],[141.28431,40.86871],[141.28276,40.87166],[141.2838,40.87333],[141.28023,40.87356],[141.27722,40.87524],[141.27411,40.87635],[141.27459,40.87722],[141.27348,40.87881],[141.27047,40.87599],[141.2713,40.87481],[141.27389,40.87458],[141.27475,40.87331],[141.27645,40.87301],[141.28081,40.87123],[141.28039,40.86989],[141.28223,40.86829],[141.28346,40.86824],[141.28566,40.86673],[141.29024,40.86602],[141.29171,40.86616]]]},"properties":{"hoanrinKind":"保安林"}},
{"type":"Feature","geometry":{"type":"Polygon","coordinates":[[[141.25499,41.00266],[141.26026,41.0017],[141.26161,41.00302],[141.25765,41.00299],[141.25763,41.00383],[141.25407,41.00407],[141.25499,41.00266]]]},"properties":{"hoanrinKind":"保安林"}},
{"type":"Feature","geometry":{"type":"Polygon","coordinates":[[[141.24643,40.96838],[141.24413,40.96802],[141.2395,40.96826],[141.23739,40.96745],[141.2379,40.96618],[141.24072,40.96723],[141.24157,40.96602],[141.23966,40.96447],[141.23447,40.9649],[141.23551,40.96391],[141.2346,40.96208],[141.23148,40.95977],[141.23393,40.95795],[141.23869,40.95737],[141.24077,40.95604],[141.24376,40.95752],[141.24538,40.95876],[141.24539,40.96019],[141.24763,40.96097],[141.24701,40.96304],[141.24807,40.96429],[141.24973,40.96353],[141.25027,40.96242],[141.25368,40.96322],[141.25694,40.96332],[141.25819,40.96641],[141.25529,40.96842],[141.25371,40.96863],[141.24643,40.96838]]]},"properties":{"hoanrinKind":"保安林"}},
{"type":"Feature","geometry":{"type":"Polygon","coordinates":[[[141.24643,40.99879],[141.245,41.00134],[141.23971,41.00235],[141.23689,41.00249],[141.23807,41.00582],[141.2334,41.00422],[141.23306,41.00215],[141.23136,40.99606],[141.23347,40.99509],[141.23908,40.9934],[141.24009,40.99481],[141.23721,40.99605],[141.23766,40.99837],[141.24363,40.99786],[141.24394,40.99658],[141.24643,40.99656],[141.24862,40.99575],[141.24919,40.99824],[141.24643,40.99879]],[[141.2374,40.99948],[141.23742,41.00076],[141.2393,41.00069],[141.23919,40.999],[141.2374,40.99948]]]},"properties":{"hoanrinKind":"保安林"}},
{"type":"Feature","geometry":{"type":"Polygon","coordinates":[[[141.2502,40.91934],[141.25157,40.92067],[141.2533,40.92078],[141.25462,40.9185],[141.25808,40.91827],[141.25742,40.91641],[141.25475,40.91648],[141.25375,40.91516],[141.25569,40.91434],[141.25526,40.91325],[141.25309,40.9136],[141.25291,40.91238],[141.25472,40.91212],[141.25478,40.91037],[141.25209,40.9096],[141.25046,40.9098],[141.24975,40.9111],[141.24658,40.91112],[141.24674,40.91209],[141.24451,40.91247],[141.24507,40.90923],[141.24643,40.90883],[141.25245,40.90832],[141.25444,40.90851],[141.25643,40.9102],[141.2567,40.91268],[141.25776,40.91491],[141.25937,40.91628],[141.2597,40.9189],[141.26068,40.91885],[141.26111,40.92197],[141.26199,40.92402],[141.2609,40.92613],[141.25602,40.92396],[141.25283,40.92431],[141.24979,40.92388],[141.24728,40.92141],[141.24594,40.92311],[141.24188,40.92348],[141.23905,40.92486],[141.23772,40.92497],[141.2363,40.92337],[141.23524,40.92071],[141.23763,40.92044],[141.23994,40.91911],[141.2434,40.91907],[141.24455,40.91827],[141.23666,40.91815],[141.23636,40.91637],[141.24246,40.91685],[141.24457,40.91678],[141.25045,40.91533],[141.25063,40.91672],[141.24925,40.91844],[141.2502,40.91934]]]},"properties":{"hoanrinKind":"保安林"}},
{"type":"Feature","geometry":{"type":"Polygon","coordinates":[[[141.24642,41.05786],[141.24419,41.059],[141.24483,41.06099],[141.24272,41.06042],[141.2424,41.05509],[141.24133,41.04631],[141.24376,41.04662],[141.24435,41.05141],[141.24421,41.0533],[141.24491,41.05576],[141.24372,41.05587],[141.24392,41.05763],[141.24642,41.05786]]]},"properties":{"hoanrinKind":"保安林"}},
{"type":"Feature","geometry":{"type":"Polygon","coordinates":[[[141.24642,41.06953],[141.24573,41.06947],[141.24717,41.06269],[141.24878,41.06291],[141.24739,41.06965],[141.24642,41.06953]]]},"properties":{"hoanrinKind":"保安林"}},
{"type":"Feature","geometry":{"type":"Polygon","coordinates":[[[141.24643,41.04061],[141.2458,41.03864],[141.24743,41.03827],[141.24848,41.04314],[141.24944,41.04612],[141.24791,41.04636],[141.24643,41.04061]]]},"properties":{"hoanrinKind":"保安林"}},
{"type":"Feature","geometry":{"type":"Polygon","coordinates":[[[141.3608,41.16932],[141.35986,41.1706],[141.36197,41.17143],[141.3592,41.17326],[141.35912,41.17403],[141.36146,41.17636],[141.36047,41.17767],[141.3567,41.17854],[141.35852,41.18011],[141.36095,41.17958],[141.36251,41.18145],[141.36295,41.18318],[141.36429,41.1844],[141.3661,41.18458],[141.37004,41.18671],[141.37372,41.18667],[141.37654,41.18826],[141.37755,41.19123],[141.3766,41.19289],[141.37266,41.19394],[141.37141,41.19215],[141.37019,41.19236],[141.36941,41.19063],[141.36696,41.18982],[141.36597,41.19217],[141.36473,41.1935],[141.36308,41.19694],[141.3618,41.20051],[141.36423,41.20245],[141.36496,41.20382],[141.3574,41.20409],[141.35532,41.20576],[141.35567,41.20696],[141.35778,41.20976],[141.35732,41.21046],[141.35352,41.2107],[141.35271,41.21134],[141.3531,41.21397],[141.35494,41.21607],[141.35784,41.22056],[141.35702,41.22165],[141.35786,41.22404],[141.35948,41.22443],[141.36187,41.22608],[141.36387,41.22619],[141.36481,41.22499],[141.35894,41.22082],[141.36143,41.21852],[141.36212,41.21717],[141.3667,41.21409],[141.36812,41.21388],[141.36886,41.2153],[141.36811,41.21692],[141.37492,41.21539],[141.37626,41.21643],[141.37696,41.22296],[141.37448,41.22335],[141.3718,41.2245],[141.37268,41.22619],[141.37159,41.22828],[141.37321,41.22882],[141.37568,41.2281],[141.37941,41.22613],[141.38103,41.22722],[141.38272,41.22736],[141.38132,41.23057],[141.38128,41.23202],[141.38221,41.23345],[141.38202,41.23531],[141.38004,41.23813],[141.37919,41.23843],[141.37333,41.2384],[141.37021,41.23694],[141.36795,41.2373],[141.36772,41.23862],[141.36998,41.24136],[141.3696,41.24343],[141.37066,41.24703],[141.36948,41.2492],[141.36475,41.24824],[141.36271,41.24822],[141.36041,41.24715],[141.3597,41.24542],[141.36058,41.24462],[141.36452,41.24293],[141.36544,41.2414],[141.36442,41.23862],[141.35755,41.23888],[141.35521,41.24033],[141.35268,41.24257],[141.35041,41.24199],[141.34883,41.24394],[141.34628,41.24531],[141.34466,41.2449],[141.34024,41.24256],[141.3402,41.24043],[141.33737,41.24069],[141.33649,41.24221],[141.33382,41.24166],[141.3338,41.24295],[141.33243,41.24424],[141.33433,41.24523],[141.33646,41.24486],[141.3375,41.24581],[141.33928,41.24591],[141.34136,41.24716],[141.34176,41.24886],[141.34084,41.24998],[141.34185,41.25179],[141.33937,41.25153],[141.3383,41.25469],[141.33409,41.25207],[141.33048,41.25279],[141.32844,41.25471],[141.32781,41.25862],[141.32487,41.25902],[141.32288,41.25978],[141.32021,41.25821],[141.31749,41.25902],[141.31648,41.26023],[141.31465,41.25955],[141.31266,41.25657],[141.31524,41.25616],[141.3173,41.25698],[141.31859,41.25516],[141.31623,41.25437],[141.31428,41.25487],[141.31239,41.25432],[141.31124,41.25299],[141.30951,41.25445],[141.30714,41.2554],[141.30459,41.25575],[141.3008,41.25548],[141.29928,41.25335],[141.29463,41.25713],[141.2933,41.25634],[141.29297,41.25445],[141.29536,41.25422],[141.29414,41.25206],[141.29266,41.25081],[141.29345,41.25012],[141.29265,41.24837],[141.28973,41.24732],[141.28259,41.24996],[141.28094,41.24998],[141.28143,41.25264],[141.2809,41.25436],[141.27617,41.25349],[141.27407,41.25394],[141.27377,41.25179],[141.27204,41.25065],[141.27198,41.24812],[141.27314,41.24692],[141.26763,41.24535],[141.26519,41.2435],[141.26765,41.24004],[141.2682,41.23813],[141.27164,41.23959],[141.27374,41.23983],[141.27575,41.23916],[141.28215,41.23952],[141.28406,41.23829],[141.28711,41.23911],[141.28849,41.23876],[141.28854,41.23645],[141.29002,41.23532],[141.29216,41.23192],[141.29413,41.23078],[141.2945,41.22911],[141.3015,41.23225],[141.30443,41.23441],[141.30425,41.23544],[141.3058,41.23688],[141.30482,41.23819],[141.30188,41.24055],[141.29974,41.24055],[141.2978,41.24173],[141.2985,41.24347],[141.30166,41.24452],[141.3027,41.24555],[141.30129,41.24719],[141.30324,41.24864],[141.30471,41.24769],[141.30666,41.24747],[141.30719,41.2457],[141.31045,41.24361],[141.31308,41.24501],[141.31658,41.24484],[141.32008,41.24274],[141.32536,41.24109],[141.32594,41.23998],[141.32251,41.2385],[141.32139,41.2385],[141.3211,41.23604],[141.32326,41.23604],[141.32494,41.23337],[141.32545,41.2318],[141.32732,41.23135],[141.3319,41.22786],[141.33086,41.22609],[141.33071,41.22322],[141.32934,41.22205],[141.32465,41.22188],[141.32319,41.2204],[141.32143,41.22059],[141.31867,41.21921],[141.31748,41.21692],[141.31474,41.21652],[141.31218,41.21556],[141.311,41.21413],[141.30858,41.21254],[141.30542,41.21183],[141.30476,41.21038],[141.3024,41.20946],[141.29971,41.20988],[141.29452,41.20763],[141.29322,41.20662],[141.29542,41.20491],[141.30076,41.20356],[141.30173,41.20614],[141.30301,41.20799],[141.30524,41.20964],[141.30728,41.20958],[141.3109,41.20809],[141.30864,41.20639],[141.30435,41.20457],[141.3047,41.20312],[141.30735,41.20306],[141.3077,41.20213],[141.30634,41.20087],[141.30561,41.19905],[141.30445,41.19798],[141.30492,41.19657],[141.30746,41.19582],[141.30931,41.19696],[141.31189,41.19637],[141.31353,41.19654],[141.31457,41.19485],[141.31299,41.19399],[141.31062,41.19498],[141.3052,41.19388],[141.30185,41.19249],[141.30069,41.19131],[141.30407,41.19014],[141.30676,41.19076],[141.3057,41.18811],[141.31055,41.1873],[141.31416,41.18631],[141.31851,41.18697],[141.32126,41.18672],[141.32871,41.18521],[141.32884,41.18352],[141.33006,41.1816],[141.32879,41.17932],[141.32681,41.17791],[141.32592,41.17639],[141.32331,41.17397],[141.3244,41.17103],[141.32162,41.16982],[141.31936,41.16768],[141.32122,41.16605],[141.31946,41.16514],[141.31221,41.16725],[141.30767,41.16602],[141.30557,41.16574],[141.30198,41.16884],[141.29988,41.17205],[141.29663,41.1725],[141.29189,41.17128],[141.29146,41.17023],[141.29407,41.16743],[141.29077,41.16681],[141.28914,41.16528],[141.28968,41.16429],[141.288,41.16343],[141.2882,41.16182],[141.2901,41.15785],[141.29118,41.15677],[141.29408,41.15581],[141.29522,41.15487],[141.30004,41.15437],[141.30494,41.15251],[141.30858,41.15247],[141.31094,41.15166],[141.31647,41.15269],[141.31886,41.15258],[141.32301,41.1541],[141.32454,41.15282],[141.32444,41.15195],[141.32721,41.14953],[141.32577,41.1483],[141.32629,41.14593],[141.3257,41.14247],[141.32664,41.14153],[141.32656,41.13945],[141.32752,41.13704],[141.32658,41.13642],[141.32903,41.13394],[141.33069,41.13309],[141.33183,41.13011],[141.33344,41.12986],[141.3326,41.12753],[141.33421,41.12602],[141.33401,41.1234],[141.32806,41.12216],[141.32543,41.11686],[141.3266,41.11425],[141.32827,41.11257],[141.33397,41.10979],[141.3348,41.1089],[141.33707,41.1092],[141.33994,41.10774],[141.3427,41.10711],[141.34412,41.10731],[141.34768,41.10665],[141.34786,41.10483],[141.35041,41.10273],[141.35218,41.10183],[141.35228,41.09972],[141.35139,41.09755],[141.35314,41.09594],[141.353,41.09497],[141.35051,41.09378],[141.346,41.0928],[141.34481,41.09102],[141.34448,41.08878],[141.34522,41.08599],[141.34343,41.08294],[141.34418,41.08036],[141.34584,41.07919],[141.34592,41.07543],[141.34192,41.07349],[141.33944,41.07303],[141.33951,41.07077],[141.34178,41.06961],[141.34342,41.06716],[141.3444,41.06461],[141.34295,41.06254],[141.34336,41.05993],[141.34152,41.05785],[141.33821,41.05736],[141.33757,41.05826],[141.33497,41.0591],[141.33278,41.05866],[141.32903,41.05914],[141.32714,41.05779],[141.32691,41.05673],[141.32484,41.05547],[141.3257,41.05402],[141.32535,41.05072],[141.32304,41.05012],[141.31921,41.05006],[141.31663,41.04958],[141.31077,41.0477],[141.31057,41.0442],[141.31351,41.04371],[141.31493,41.04175],[141.31759,41.03952],[141.31762,41.03733],[141.31977,41.03703],[141.32049,41.03474],[141.31981,41.0323],[141.31819,41.03018],[141.31748,41.02673],[141.31487,41.02502],[141.31237,41.02128],[141.31328,41.02018],[141.31146,41.01523],[141.31205,41.01087],[141.3131,41.00955],[141.31416,41.00682],[141.31608,41.005],[141.32008,41.0022],[141.32323,40.99913],[141.32579,40.99527],[141.32596,40.99362],[141.32754,40.99119],[141.3291,40.9937],[141.32889,40.99496],[141.33015,40.99667],[141.32776,40.99997],[141.33115,41.00226],[141.33395,41.00266],[141.33301,41.00608],[141.33365,41.00634],[141.33344,41.01155],[141.33419,41.01458],[141.33813,41.01863],[141.33978,41.02198],[141.34012,41.02371],[141.34255,41.02536],[141.34484,41.02837],[141.34097,41.03289],[141.34042,41.03395],[141.34283,41.03622],[141.34218,41.0383],[141.34111,41.03902],[141.34055,41.04092],[141.3425,41.04544],[141.34722,41.04938],[141.35,41.04646],[141.35461,41.04518],[141.35557,41.04421],[141.35721,41.04469],[141.36225,41.04704],[141.36878,41.04862],[141.37293,41.04909],[141.37411,41.04968],[141.37584,41.04915],[141.37586,41.05186],[141.37281,41.05439],[141.37416,41.05581],[141.37687,41.05691],[141.3756,41.05952],[141.37567,41.06116],[141.37395,41.06264],[141.37478,41.06424],[141.37337,41.06738],[141.37471,41.06809],[141.37391,41.07096],[141.37497,41.07488],[141.37623,41.07593],[141.37505,41.07902],[141.37215,41.08206],[141.37202,41.08398],[141.37342,41.08537],[141.36701,41.08744],[141.36148,41.08773],[141.35993,41.0886],[141.35662,41.09224],[141.35429,41.09424],[141.35792,41.09424],[141.36089,41.0927],[141.36249,41.09238],[141.3652,41.09334],[141.36659,41.09526],[141.3679,41.09804],[141.36761,41.10118],[141.36934,41.10383],[141.3707,41.10667],[141.37397,41.10629],[141.37517,41.108],[141.3744,41.11053],[141.37498,41.11287],[141.37341,41.1137],[141.36984,41.11458],[141.37102,41.11742],[141.37234,41.11902],[141.37317,41.12121],[141.37593,41.12254],[141.37676,41.12399],[141.3817,41.12786],[141.38465,41.12873],[141.38568,41.13068],[141.37977,41.12786],[141.3766,41.1287],[141.37372,41.1304],[141.37035,41.13002],[141.36831,41.12878],[141.36625,41.12845],[141.36764,41.13068],[141.37159,41.13083],[141.37257,41.13274],[141.37691,41.13498],[141.37659,41.13699],[141.37177,41.13446],[141.3705,41.13462],[141.36843,41.13617],[141.37187,41.13767],[141.37395,41.13996],[141.37649,41.14073],[141.37743,41.14212],[141.3799,41.14237],[141.38168,41.1445],[141.38253,41.14796],[141.37669,41.1481],[141.37224,41.14918],[141.36989,41.14824],[141.36596,41.14382],[141.36586,41.13913],[141.36324,41.13932],[141.36218,41.14085],[141.35648,41.14343],[141.35478,41.14252],[141.35217,41.14361],[141.35116,41.14541],[141.35134,41.14913],[141.34747,41.14905],[141.34531,41.1495],[141.34531,41.15041],[141.34945,41.15],[141.35098,41.15021],[141.35139,41.15379],[141.35358,41.1551],[141.35572,41.15575],[141.355,41.15734],[141.35284,41.15718],[141.34989,41.15956],[141.34757,41.15983],[141.35094,41.16254],[141.35384,41.16334],[141.35662,41.16484],[141.36112,41.16774],[141.3608,41.16932]],[[141.35324,41.16932],[141.34889,41.16984],[141.34859,41.17146],[141.35296,41.17123],[141.35324,41.16932]],[[141.33443,41.25132],[141.3369,41.25081],[141.3388,41.25138],[141.34002,41.25029],[141.33967,41.2485],[141.33808,41.24851],[141.33707,41.247],[141.33452,41.24673],[141.33308,41.24953],[141.33443,41.25132]],[[141.37142,41.06177],[141.37243,41.06121],[141.37195,41.0591],[141.37051,41.05953],[141.36879,41.06135],[141.36787,41.06374],[141.36924,41.06479],[141.37142,41.06177]],[[141.29744,41.24112],[141.29406,41.24109],[141.29272,41.24183],[141.29162,41.24401],[141.30016,41.24667],[141.30216,41.2457],[141.30141,41.24486],[141.29901,41.24446],[141.29782,41.24353],[141.29744,41.24112]],[[141.351,41.13418],[141.35334,41.13245],[141.35726,41.13198],[141.35855,41.13047],[141.36059,41.13032],[141.36389,41.12788],[141.36477,41.12628],[141.36536,41.12363],[141.36228,41.12136],[141.36016,41.12402],[141.35731,41.126],[141.35336,41.12669],[141.35395,41.12822],[141.35124,41.12986],[141.35157,41.13107],[141.35055,41.13222],[141.351,41.13418]]]},"properties":{"hoanrinKind":"保安林"}},
{"type":"Feature","geometry":{"type":"Polygon","coordinates":[[[141.27602,41.16931],[141.2763,41.16764],[141.27863,41.16291],[141.28039,41.16272],[141.28033,41.16683],[141.27725,41.17149],[141.27563,41.17485],[141.27488,41.17813],[141.27397,41.17752],[141.27445,41.1742],[141.27602,41.16931]]]},"properties":{"hoanrinKind":"保安林"}},
{"type":"Feature","geometry":{"type":"Polygon","coordinates":[[[141.29122,41.16931],[141.29019,41.17046],[141.28892,41.1687],[141.29024,41.16726],[141.29122,41.16931]]]},"properties":{"hoanrinKind":"保安林"}},
{"type":"Feature","geometry":{"type":"Polygon","coordinates":[[[141.37141,41.2913],[141.3696,41.29287],[141.36875,41.292],[141.36659,41.29165],[141.36343,41.29267],[141.36628,41.29511],[141.36423,41.29732],[141.36099,41.30176],[141.35783,41.30165],[141.35569,41.30241],[141.35446,41.3038],[141.35298,41.3029],[141.34568,41.30086],[141.34655,41.29957],[141.34965,41.29997],[141.3491,41.29859],[141.35142,41.29771],[141.35357,41.29469],[141.35034,41.29381],[141.35309,41.29086],[141.35406,41.28704],[141.35435,41.28379],[141.3574,41.28385],[141.3609,41.28198],[141.36303,41.28145],[141.36391,41.28272],[141.36613,41.284],[141.3668,41.28569],[141.36958,41.28554],[141.36964,41.2887],[141.37222,41.28996],[141.37141,41.2913]]]},"properties":{"hoanrinKind":"保安林"}},
{"type":"Feature","geometry":{"type":"Polygon","coordinates":[[[141.36334,41.33597],[141.36408,41.33563],[141.3645,41.33584],[141.36361,41.3362],[141.36334,41.33597]]]},"properties":{"hoanrinKind":"保安林"}},
{"type":"Feature","geometry":{"type":"Polygon","coordinates":[[[141.49643,40.37643],[141.49466,40.3788],[141.4932,40.37746],[141.49442,40.37459],[141.49602,40.37493],[141.49607,40.37316],[141.49365,40.37197],[141.4943,40.37011],[141.49643,40.36981],[141.4983,40.36886],[141.49979,40.36708],[141.50198,40.36557],[141.50428,40.36527],[141.50753,40.36369],[141.50786,40.36143],[141.50975,40.35933],[141.51301,40.35897],[141.51504,40.35803],[141.51593,40.35592],[141.51717,40.35459],[141.51926,40.35376],[141.51998,40.35167],[141.52397,40.35139],[141.52547,40.35019],[141.52772,40.34999],[141.53016,40.35052],[141.53155,40.3514],[141.53352,40.35069],[141.53403,40.34935],[141.53601,40.34868],[141.53613,40.3473],[141.53926,40.34808],[141.54206,40.34958],[141.53986,40.35046],[141.53914,40.35288],[141.53738,40.35576],[141.53561,40.35788],[141.53395,40.35677],[141.53301,40.35774],[141.53068,40.3577],[141.52935,40.35614],[141.52756,40.35713],[141.52731,40.35977],[141.52341,40.36002],[141.5226,40.36223],[141.51902,40.36244],[141.519,40.36431],[141.51983,40.36493],[141.51976,40.36835],[141.52034,40.37007],[141.51965,40.37363],[141.52064,40.37538],[141.51869,40.37613],[141.51644,40.38076],[141.51455,40.3793],[141.51539,40.37866],[141.51548,40.37552],[141.51142,40.37665],[141.50994,40.3786],[141.50776,40.37733],[141.50427,40.37811],[141.50172,40.37907],[141.50073,40.38085],[141.49643,40.37643]],[[141.51407,40.37025],[141.5141,40.36842],[141.51314,40.36721],[141.51172,40.36771],[141.51092,40.36919],[141.51407,40.37025]]]},"properties":{"hoanrinKind":"保安林"}},
{"type":"Feature","geometry":{"type":"Polygon","coordinates":[[[141.37144,40.34057],[141.37326,40.34312],[141.37221,40.34379],[141.36915,40.34264],[141.36766,40.34083],[141.36288,40.33899],[141.36141,40.34125],[141.3558,40.34066],[141.35261,40.34316],[141.35025,40.3418],[141.34814,40.34261],[141.34556,40.34078],[141.34876,40.3387],[141.34929,40.33515],[141.351,40.3345],[141.35099,40.33105],[141.35314,40.33105],[141.35724,40.334],[141.3598,40.33442],[141.36401,40.33635],[141.37009,40.33847],[141.37144,40.34057]]]},"properties":{"hoanrinKind":"保安林"}},
{"type":"Feature","geometry":{"type":"Polygon","coordinates":[[[141.37144,40.43811],[141.37256,40.43723],[141.37354,40.43484],[141.37972,40.43431],[141.38089,40.43225],[141.38464,40.43475],[141.386,40.43519],[141.38896,40.43506],[141.39138,40.43595],[141.39174,40.43904],[141.39148,40.44034],[141.38992,40.44132],[141.38724,40.44203],[141.38565,40.4436],[141.38351,40.44453],[141.38341,40.44654],[141.3801,40.44507],[141.38105,40.44294],[141.38129,40.44006],[141.37953,40.43844],[141.37867,40.44002],[141.37918,40.44125],[141.37808,40.44678],[141.37376,40.4442],[141.37202,40.44397],[141.3724,40.44226],[141.37079,40.44087],[141.37144,40.43811]]]},"properties":{"hoanrinKind":"保安林"}},
{"type":"Feature","geometry":{"type":"Polygon","coordinates":[[[141.40514,40.50272],[141.40266,40.49999],[141.40203,40.5005],[141.39869,40.4994],[141.39739,40.49856],[141.40008,40.49723],[141.40246,40.49815],[141.40418,40.50034],[141.40549,40.50032],[141.40707,40.5019],[141.40514,40.50272]]]},"properties":{"hoanrinKind":"保安林"}},
{"type":"Feature","geometry":{"type":"Polygon","coordinates":[[[141.43285,40.66937],[141.43422,40.66363],[141.43497,40.6638],[141.43699,40.66115],[141.44024,40.65153],[141.43935,40.64973],[141.44188,40.64514],[141.44339,40.64539],[141.44429,40.64321],[141.44563,40.64352],[141.44396,40.64758],[141.44222,40.65014],[141.44091,40.65453],[141.44137,40.65463],[141.43943,40.65907],[141.43792,40.66335],[141.43616,40.66931],[141.43513,40.67388],[141.43275,40.67945],[141.43093,40.68525],[141.42997,40.68529],[141.43005,40.68824],[141.42807,40.69313],[141.42761,40.69589],[141.42784,40.69869],[141.42738,40.69942],[141.42559,40.70624],[141.42498,40.70992],[141.42305,40.71762],[141.42196,40.72308],[141.4204,40.72868],[141.41992,40.73213],[141.41684,40.73141],[141.41844,40.72958],[141.41785,40.72765],[141.41674,40.72709],[141.41833,40.72017],[141.41999,40.71753],[141.4215,40.70965],[141.4251,40.70325],[141.42636,40.69945],[141.42645,40.69666],[141.4259,40.69577],[141.42719,40.69104],[141.42817,40.68949],[141.42835,40.68478],[141.42919,40.68373],[141.43036,40.67815],[141.43192,40.67694],[141.43347,40.67388],[141.43397,40.66972],[141.43285,40.66937]]]},"properties":{"hoanrinKind":"保安林"}},
{"type":"Feature","geometry":{"type":"Polygon","coordinates":[[[141.46987,40.58605],[141.47222,40.58261],[141.47072,40.58194],[141.47099,40.57983],[141.47457,40.58139],[141.47103,40.58822],[141.46812,40.58845],[141.46987,40.58605]]]},"properties":{"hoanrinKind":"保安林"}},
{"type":"Feature","geometry":{"type":"Polygon","coordinates":[[[141.37143,40.72739],[141.37271,40.72701],[141.37296,40.73025],[141.37249,40.73202],[141.37295,40.73322],[141.37237,40.73471],[141.37293,40.73975],[141.37148,40.73978],[141.36885,40.74141],[141.36369,40.7417],[141.36279,40.74275],[141.36456,40.74394],[141.36224,40.74609],[141.36199,40.74354],[141.36342,40.74089],[141.36518,40.74001],[141.36934,40.74099],[141.37095,40.73917],[141.37013,40.73817],[141.36979,40.73438],[141.36756,40.7376],[141.36376,40.73895],[141.35997,40.73772],[141.3586,40.73785],[141.35769,40.73423],[141.36053,40.73361],[141.36094,40.73255],[141.36334,40.73367],[141.364,40.73565],[141.36751,40.73557],[141.36748,40.73305],[141.36881,40.73322],[141.37105,40.72751],[141.37143,40.72739]]]},"properties":{"hoanrinKind":"保安林"}},
{"type":"Feature","geometry":{"type":"Polygon","coordinates":[[[141.41502,40.7527],[141.41255,40.76275],[141.41154,40.76843],[141.41037,40.76986],[141.40967,40.77474],[141.4084,40.7817],[141.4059,40.79444],[141.40426,40.79514],[141.40121,40.79487],[141.40089,40.79251],[141.40245,40.79251],[141.40372,40.78871],[141.40294,40.78687],[141.40183,40.78633],[141.40463,40.77517],[141.40552,40.77217],[141.40823,40.77224],[141.40908,40.77144],[141.40886,40.76805],[141.40775,40.76553],[141.40819,40.76101],[141.40887,40.75881],[141.41039,40.75678],[141.41067,40.75415],[141.41366,40.7413],[141.41667,40.74192],[141.415,40.74776],[141.41583,40.74793],[141.41502,40.7527]]]},"properties":{"hoanrinKind":"保安林"}},
{"type":"Feature","geometry":{"type":"Polygon","coordinates":[[[141.39902,40.83602],[141.39807,40.84173],[141.39522,40.84149],[141.39346,40.84413],[141.38371,40.84412],[141.38569,40.84024],[141.38798,40.8383],[141.38865,40.83558],[141.39102,40.83476],[141.39251,40.8332],[141.39537,40.83255],[141.39624,40.83074],[141.39502,40.82607],[141.39362,40.82734],[141.39172,40.82758],[141.39197,40.82471],[141.39288,40.82464],[141.39433,40.82284],[141.39424,40.82158],[141.39556,40.81967],[141.39464,40.81895],[141.39307,40.81559],[141.39347,40.81256],[141.39339,40.80855],[141.39423,40.80697],[141.39598,40.80594],[141.4007,40.80677],[141.40212,40.80409],[141.39977,40.80404],[141.39932,40.80309],[141.4005,40.79523],[141.40551,40.79566],[141.40364,40.80771],[141.40104,40.82198],[141.40078,40.82448],[141.39902,40.83602]],[[141.38778,40.84245],[141.38878,40.84212],[141.38835,40.83965],[141.38609,40.84026],[141.38522,40.8419],[141.38778,40.84245]]]},"properties":{"hoanrinKind":"保安林"}},
{"type":"Feature","geometry":{"type":"Polygon","coordinates":[[[141.38216,40.91934],[141.38255,40.91191],[141.3829,40.91103],[141.38271,40.90667],[141.38341,40.90082],[141.3842,40.89755],[141.38403,40.89538],[141.38489,40.8902],[141.38456,40.88847],[141.38715,40.88784],[141.38752,40.89023],[141.38924,40.89105],[141.39064,40.88808],[141.39211,40.88828],[141.39069,40.89873],[141.39047,40.90459],[141.38937,40.90454],[141.38902,40.9088],[141.38827,40.91168],[141.38778,40.91707],[141.38788,40.91902],[141.387,40.92391],[141.38491,40.92438],[141.38234,40.92814],[141.37825,40.92956],[141.37634,40.92887],[141.37939,40.92684],[141.38113,40.924],[141.38098,40.92252],[141.38191,40.92118],[141.38216,40.91934]]]},"properties":{"hoanrinKind":"保安林"}},
{"type":"Feature","geometry":{"type":"Polygon","coordinates":[[[141.37601,41.00266],[141.37289,41.0021],[141.37274,41],[141.37188,40.99827],[141.37291,40.99639],[141.37119,40.99487],[141.37074,40.99279],[141.37235,40.99251],[141.37457,40.99333],[141.37423,40.98887],[141.37752,40.98843],[141.3777,40.98497],[141.37868,40.98445],[141.37845,40.98254],[141.37711,40.98268],[141.37759,40.98454],[141.37562,40.98622],[141.37411,40.98664],[141.37388,40.98819],[141.37241,40.9889],[141.37237,40.99046],[141.36988,40.99107],[141.36991,40.98876],[141.37059,40.98712],[141.37121,40.98237],[141.37224,40.98237],[141.37312,40.9805],[141.37493,40.98017],[141.37755,40.97892],[141.37733,40.97781],[141.37903,40.97696],[141.38226,40.97697],[141.38204,40.98144],[141.38265,40.98275],[141.38262,40.98735],[141.38304,40.9898],[141.38338,41.0012],[141.38355,41.00266],[141.38332,41.01175],[141.38405,41.01936],[141.38407,41.02594],[141.38531,41.03273],[141.38567,41.03886],[141.38672,41.04629],[141.38594,41.04799],[141.38437,41.04666],[141.38357,41.04428],[141.38381,41.0404],[141.37994,41.0367],[141.38271,41.03624],[141.38234,41.03176],[141.38048,41.03152],[141.38023,41.02982],[141.38125,41.02823],[141.38068,41.02503],[141.37968,41.02406],[141.37676,41.02456],[141.37625,41.02258],[141.37785,41.02111],[141.38,41.02145],[141.37812,41.01898],[141.37499,41.0206],[141.3742,41.01534],[141.3756,41.0129],[141.3773,41.01214],[141.38,41.01264],[141.38222,41.01393],[141.38278,41.01177],[141.38187,41.01057],[141.37775,41.00913],[141.37528,41.00903],[141.37385,41.00722],[141.37399,41.00551],[141.37329,41.00376],[141.37601,41.00266]]]},"properties":{"hoanrinKind":"保安林"}},
{"type":"Feature","geometry":{"type":"Polygon","coordinates":[[[141.37142,41.00955],[141.37061,41.01072],[141.36946,41.00858],[141.36997,41.00734],[141.37142,41.00955]]]},"properties":{"hoanrinKind":"保安林"}},
{"type":"Feature","geometry":{"type":"Polygon","coordinates":[[[141.37142,41.03383],[141.37811,41.03313],[141.37931,41.03353],[141.38037,41.03525],[141.37722,41.03558],[141.37768,41.03746],[141.37962,41.03727],[141.38048,41.039],[141.38232,41.04037],[141.3825,41.04108],[141.37858,41.04165],[141.37888,41.04324],[141.37592,41.04386],[141.37702,41.04748],[141.374,41.04877],[141.3733,41.04686],[141.37362,41.04568],[141.37594,41.04546],[141.37507,41.04214],[141.37795,41.04132],[141.37755,41.03978],[141.38009,41.03904],[141.37922,41.03774],[141.37695,41.03753],[141.37665,41.03558],[141.37349,41.03553],[141.37324,41.034],[141.37142,41.03383]],[[141.37564,41.03535],[141.37621,41.03373],[141.37368,41.03401],[141.37402,41.03546],[141.37564,41.03535]],[[141.37839,41.03342],[141.37663,41.03366],[141.37708,41.03521],[141.37972,41.03497],[141.37839,41.03342]],[[141.37608,41.04587],[141.37361,41.04612],[141.3741,41.04828],[141.37629,41.04726],[141.37608,41.04587]],[[141.38231,41.04079],[141.38061,41.03944],[141.37809,41.03971],[141.37851,41.04122],[141.38231,41.04079]]]},"properties":{"hoanrinKind":"保安林"}},
{"type":"Feature","geometry":{"type":"Polygon","coordinates":[[[141.38885,41.16932],[141.38969,41.1729],[141.3896,41.17653],[141.39083,41.18448],[141.38913,41.1843],[141.38925,41.17733],[141.38876,41.17492],[141.38888,41.17239],[141.38832,41.17073],[141.38885,41.16932]]]},"properties":{"hoanrinKind":"保安林"}},
{"type":"Feature","geometry":{"type":"Polygon","coordinates":[[[141.41148,41.30949],[141.40897,41.30831],[141.40611,41.30939],[141.40348,41.30898],[141.40254,41.30795],[141.40685,41.30469],[141.40437,41.30217],[141.40552,41.30049],[141.40461,41.2997],[141.40455,41.29684],[141.40629,41.29651],[141.40824,41.29493],[141.40989,41.29452],[141.41671,41.31681],[141.41301,41.31567],[141.41217,41.31225],[141.41087,41.31037],[141.41148,41.30949]]]},"properties":{"hoanrinKind":"保安林"}},
{"type":"Feature","geometry":{"type":"Polygon","coordinates":[[[141.39261,41.25264],[141.39305,41.2518],[141.39616,41.25018],[141.39711,41.25343],[141.393,41.25355],[141.39261,41.25264]]]},"properties":{"hoanrinKind":"保安林"}},
{"type":"Feature","geometry":{"type":"Polygon","coordinates":[[[141.42269,41.33597],[141.42605,41.34706],[141.42415,41.34723],[141.42472,41.34542],[141.42147,41.34517],[141.41979,41.34392],[141.41605,41.34227],[141.41634,41.34107],[141.41512,41.34022],[141.41515,41.33597],[141.41268,41.33531],[141.41213,41.33777],[141.41273,41.33958],[141.41109,41.3405],[141.4129,41.34211],[141.41203,41.34428],[141.41317,41.34538],[141.41381,41.34773],[141.41203,41.34874],[141.41188,41.35066],[141.40882,41.35147],[141.40901,41.35396],[141.40677,41.35328],[141.40609,41.35028],[141.40442,41.35002],[141.4012,41.35149],[141.39843,41.34995],[141.39367,41.35277],[141.39583,41.35348],[141.39566,41.35511],[141.39296,41.35552],[141.39265,41.35665],[141.3892,41.35663],[141.38604,41.35568],[141.38438,41.35344],[141.38206,41.35385],[141.37812,41.35572],[141.3769,41.35517],[141.37746,41.35357],[141.37943,41.35209],[141.37988,41.35052],[141.37651,41.34944],[141.37677,41.34759],[141.37439,41.34615],[141.37477,41.3436],[141.37897,41.34194],[141.38072,41.34199],[141.38299,41.33966],[141.3844,41.33921],[141.38669,41.34012],[141.388,41.3395],[141.39107,41.34073],[141.39298,41.33962],[141.39744,41.33943],[141.40055,41.33897],[141.40154,41.33704],[141.40098,41.33628],[141.40254,41.33315],[141.40363,41.33283],[141.40596,41.33078],[141.40648,41.32958],[141.40496,41.32807],[141.40043,41.33024],[141.39682,41.32992],[141.39561,41.33057],[141.39369,41.32975],[141.38844,41.33034],[141.38718,41.33176],[141.38416,41.32786],[141.3818,41.3277],[141.37877,41.3268],[141.37751,41.32706],[141.37561,41.32923],[141.37431,41.32787],[141.37141,41.32872],[141.36695,41.32883],[141.36528,41.32817],[141.36391,41.32888],[141.36152,41.32851],[141.35853,41.32614],[141.35951,41.32508],[141.35813,41.32053],[141.35674,41.32047],[141.35768,41.32437],[141.35688,41.32608],[141.35764,41.32996],[141.35728,41.33426],[141.35429,41.33455],[141.35283,41.33355],[141.34935,41.33239],[141.34663,41.33296],[141.34521,41.33209],[141.34514,41.33004],[141.34582,41.32717],[141.34529,41.32549],[141.34734,41.32561],[141.34937,41.32368],[141.35132,41.32272],[141.34984,41.32125],[141.34759,41.32071],[141.34815,41.31703],[141.35168,41.31913],[141.35432,41.31774],[141.35586,41.315],[141.3559,41.31348],[141.35497,41.31122],[141.3569,41.31113],[141.35892,41.31381],[141.36092,41.31531],[141.362,41.31531],[141.36273,41.31342],[141.36391,41.31346],[141.3645,41.30954],[141.36675,41.30799],[141.365,41.30541],[141.36515,41.30383],[141.36614,41.30296],[141.36933,41.30199],[141.37143,41.3001],[141.37443,41.30021],[141.37602,41.30206],[141.37615,41.30351],[141.37934,41.30521],[141.38203,41.30398],[141.38353,41.30405],[141.38393,41.30229],[141.38651,41.30187],[141.38735,41.2997],[141.38951,41.29952],[141.38955,41.30303],[141.39119,41.30365],[141.39404,41.30289],[141.39676,41.30266],[141.39489,41.306],[141.3973,41.30687],[141.40123,41.30626],[141.40333,41.30663],[141.40052,41.30862],[141.39998,41.31112],[141.40018,41.31375],[141.4033,41.31761],[141.40665,41.32123],[141.40976,41.32206],[141.40944,41.32349],[141.41274,41.32543],[141.41365,41.32824],[141.41321,41.33042],[141.41603,41.3315],[141.41845,41.33172],[141.42051,41.32889],[141.42269,41.33597]],[[141.39227,41.34806],[141.39557,41.34676],[141.39472,41.34434],[141.38937,41.34466],[141.39227,41.34806]],[[141.38953,41.31447],[141.38992,41.3161],[141.39143,41.31559],[141.39209,41.31198],[141.39102,41.30922],[141.39109,41.30716],[141.38778,41.30863],[141.38813,41.31101],[141.38769,41.31276],[141.38953,41.31447]]]},"properties":{"hoanrinKind":"保安林"}},
{"type":"Feature","geometry":{"type":"Polygon","coordinates":[[[141.37141,41.36065],[141.38032,41.36039],[141.38421,41.3619],[141.38732,41.36125],[141.38574,41.36448],[141.38207,41.36704],[141.38566,41.36836],[141.38988,41.36882],[141.38996,41.37395],[141.39083,41.37502],[141.3938,41.3754],[141.39641,41.37427],[141.39768,41.37442],[141.39793,41.37813],[141.39887,41.37986],[141.39537,41.37863],[141.3898,41.37608],[141.38045,41.37309],[141.38096,41.37212],[141.37549,41.37033],[141.37496,41.37094],[141.37088,41.36904],[141.36404,41.36655],[141.35633,41.36348],[141.35899,41.36128],[141.36096,41.3618],[141.3639,41.36178],[141.36597,41.36108],[141.36834,41.36125],[141.37141,41.36065]]]},"properties":{"hoanrinKind":"保安林"}},
{"type":"Feature","geometry":{"type":"Polygon","coordinates":[[[141.46629,41.41929],[141.4641,41.42219],[141.46255,41.42281],[141.4631,41.42622],[141.463,41.42821],[141.46053,41.42921],[141.45598,41.42411],[141.45263,41.42241],[141.44915,41.41837],[141.44796,41.41855],[141.44484,41.41648],[141.44559,41.41476],[141.44968,41.41438],[141.44997,41.41282],[141.44676,41.41201],[141.44569,41.4103],[141.44292,41.40853],[141.4411,41.40975],[141.43927,41.40734],[141.43533,41.40463],[141.43643,41.40313],[141.44063,41.40364],[141.44048,41.4018],[141.44127,41.39966],[141.43979,41.39727],[141.44187,41.3936],[141.4411,41.39107],[141.44459,41.3894],[141.45363,41.38772],[141.45488,41.38944],[141.45371,41.39184],[141.45404,41.39296],[141.45722,41.39116],[141.45768,41.38743],[141.46064,41.38861],[141.45821,41.39145],[141.45691,41.39191],[141.45439,41.39382],[141.45284,41.39441],[141.45177,41.39703],[141.44759,41.39587],[141.44503,41.39781],[141.44625,41.40187],[141.44643,41.40657],[141.44588,41.40896],[141.44762,41.40988],[141.44766,41.41187],[141.45044,41.41242],[141.45142,41.41324],[141.45937,41.41122],[141.45962,41.41303],[141.46116,41.4165],[141.46204,41.41763],[141.46606,41.41884],[141.46629,41.41929]]]},"properties":{"hoanrinKind":"保安林"}},
{"type":"Feature","geometry":{"type":"Polygon","coordinates":[[[141.54363,40.36599],[141.54177,40.36514],[141.54279,40.36389],[141.54446,40.36343],[141.54655,40.36133],[141.55025,40.3603],[141.55137,40.36091],[141.55025,40.36328],[141.54898,40.36312],[141.54855,40.3654],[141.54605,40.36448],[141.54363,40.36599]]]},"properties":{"hoanrinKind":"保安林"}},
{"type":"Feature","geometry":{"type":"Polygon","coordinates":[[[141.53595,40.36451],[141.53701,40.3637],[141.5398,40.3637],[141.54057,40.36194],[141.54018,40.36087],[141.53699,40.36137],[141.53629,40.36029],[141.53419,40.35959],[141.53702,40.35758],[141.54076,40.35173],[141.54208,40.35287],[141.54313,40.35115],[141.54547,40.35127],[141.54787,40.35509],[141.55056,40.35699],[141.55303,40.35778],[141.55222,40.35935],[141.55051,40.36006],[141.5466,40.36066],[141.54417,40.36294],[141.54226,40.36377],[141.54125,40.36522],[141.53837,40.36583],[141.53863,40.36426],[141.53595,40.36451]]]},"properties":{"hoanrinKind":"保安林"}},
{"type":"Feature","geometry":{"type":"Polygon","coordinates":[[[141.51107,40.43277],[141.51218,40.43469],[141.51438,40.43391],[141.51467,40.43521],[141.51133,40.43567],[141.51252,40.43714],[141.50851,40.43795],[141.50993,40.4344],[141.50895,40.43251],[141.5094,40.43112],[141.50914,40.42901],[141.50763,40.42823],[141.50646,40.42675],[141.51035,40.42692],[141.51193,40.42761],[141.51102,40.42969],[141.51297,40.43117],[141.51532,40.43097],[141.51524,40.43274],[141.51107,40.43277]]]},"properties":{"hoanrinKind":"保安林"}},
{"type":"Feature","geometry":{"type":"Polygon","coordinates":[[[141.62141,40.42063],[141.62996,40.42077],[141.63451,40.42138],[141.6374,40.42264],[141.63921,40.42291],[141.63735,40.42562],[141.63653,40.42759],[141.63448,40.42976],[141.63077,40.42889],[141.62861,40.43073],[141.62627,40.43073],[141.62425,40.43003],[141.6228,40.43044],[141.61927,40.42907],[141.61772,40.42923],[141.61692,40.43179],[141.61402,40.43221],[141.61312,40.43378],[141.61153,40.43408],[141.60847,40.43122],[141.60664,40.43185],[141.60371,40.43458],[141.60156,40.43358],[141.60235,40.432],[141.59996,40.43218],[141.59764,40.4273],[141.59432,40.42595],[141.59091,40.42536],[141.58507,40.4217],[141.58646,40.41972],[141.58685,40.41797],[141.58317,40.41884],[141.58081,40.42033],[141.57935,40.41908],[141.58021,40.41749],[141.57548,40.4174],[141.57268,40.41627],[141.5711,40.4163],[141.56828,40.41552],[141.56555,40.41623],[141.56177,40.41671],[141.56095,40.41883],[141.55896,40.41745],[141.56068,40.41459],[141.55835,40.4155],[141.557,40.41321],[141.55607,40.41056],[141.55521,40.41041],[141.55293,40.41179],[141.55088,40.41123],[141.54762,40.41314],[141.54561,40.4125],[141.54324,40.40909],[141.54187,40.40916],[141.54186,40.40708],[141.54262,40.40636],[141.54095,40.40381],[141.54072,40.40192],[141.54272,40.3992],[141.54148,40.39841],[141.54401,40.39562],[141.54381,40.3944],[141.54162,40.3939],[141.54149,40.39134],[141.54335,40.39053],[141.54358,40.3885],[141.54483,40.38636],[141.54446,40.38426],[141.5485,40.37977],[141.54745,40.37829],[141.54529,40.37222],[141.54867,40.36879],[141.54919,40.36702],[141.55043,40.36631],[141.55069,40.36464],[141.55183,40.36245],[141.55411,40.3593],[141.55606,40.36122],[141.55857,40.36066],[141.56133,40.36075],[141.56395,40.36157],[141.56808,40.36399],[141.56967,40.36544],[141.57177,40.36589],[141.5721,40.36908],[141.57284,40.36975],[141.57605,40.37055],[141.57788,40.37164],[141.56927,40.3755],[141.5674,40.37675],[141.56923,40.37857],[141.57083,40.37779],[141.57295,40.37876],[141.57978,40.38038],[141.58157,40.38198],[141.5835,40.38094],[141.58165,40.37937],[141.57494,40.37712],[141.5715,40.37556],[141.57501,40.37555],[141.57754,40.37509],[141.58194,40.37664],[141.58559,40.37835],[141.58676,40.38057],[141.58354,40.38302],[141.58278,40.38484],[141.58424,40.38764],[141.58465,40.38983],[141.58303,40.39159],[141.58121,40.39208],[141.58163,40.39388],[141.58164,40.39862],[141.5827,40.39932],[141.5799,40.40186],[141.58201,40.40299],[141.58338,40.40544],[141.58093,40.40668],[141.58467,40.41423],[141.58541,40.4153],[141.58806,40.41644],[141.58998,40.41562],[141.59203,40.41708],[141.59415,40.41604],[141.59529,40.41627],[141.59935,40.41893],[141.60077,40.421],[141.60278,40.42164],[141.60498,40.42327],[141.60525,40.41831],[141.60575,40.41406],[141.60949,40.4154],[141.61306,40.41597],[141.61302,40.41759],[141.61426,40.41928],[141.61616,40.42039],[141.61981,40.42102],[141.62141,40.42063]],[[141.60274,40.43144],[141.606,40.43106],[141.60849,40.43006],[141.60843,40.42915],[141.60498,40.42957],[141.60274,40.43144]],[[141.56356,40.36289],[141.56225,40.36487],[141.56608,40.36675],[141.56771,40.36649],[141.56791,40.36504],[141.56681,40.36392],[141.56356,40.36289]],[[141.55743,40.38082],[141.56289,40.3843],[141.56356,40.38607],[141.56472,40.38704],[141.5671,40.38659],[141.56781,40.38506],[141.56507,40.38556],[141.56447,40.38356],[141.56145,40.38157],[141.55907,40.38054],[141.55743,40.38082]],[[141.55674,40.40349],[141.55673,40.40389],[141.5606,40.40867],[141.56099,40.40733],[141.56392,40.40895],[141.56635,40.40986],[141.57191,40.40865],[141.57292,40.40795],[141.57133,40.40672],[141.5683,40.40519],[141.56502,40.4057],[141.56402,40.40454],[141.55792,40.40114],[141.5534,40.3997],[141.55337,40.40087],[141.55527,40.40118],[141.55674,40.40349]]]},"properties":{"hoanrinKind":"保安林"}},
{"type":"Feature","geometry":{"type":"Polygon","coordinates":[[[141.56776,40.45389],[141.5713,40.45371],[141.57191,40.45273],[141.57565,40.45205],[141.57604,40.45113],[141.57849,40.45145],[141.57828,40.45518],[141.57598,40.45736],[141.57324,40.45846],[141.572,40.45967],[141.57136,40.46257],[141.56853,40.46265],[141.56867,40.46097],[141.56585,40.46081],[141.56404,40.45846],[141.5598,40.45956],[141.55921,40.45793],[141.56094,40.45598],[141.56245,40.45761],[141.56347,40.45707],[141.56265,40.45506],[141.56482,40.45516],[141.56336,40.45111],[141.56651,40.44939],[141.56895,40.44984],[141.56801,40.45112],[141.56901,40.45206],[141.56776,40.45389]]]},"properties":{"hoanrinKind":"保安林"}},
{"type":"Feature","geometry":{"type":"Polygon","coordinates":[[[141.6149,40.46235],[141.61472,40.46433],[141.61228,40.4646],[141.61216,40.46355],[141.60763,40.46215],[141.60973,40.4593],[141.61219,40.45963],[141.61136,40.458],[141.61361,40.45813],[141.61507,40.46027],[141.6149,40.46235]]]},"properties":{"hoanrinKind":"保安林"}},
{"type":"Feature","geometry":{"type":"Polygon","coordinates":[[[141.62141,40.45891],[141.61986,40.4579],[141.62129,40.4563],[141.62086,40.45549],[141.62211,40.45396],[141.62646,40.45495],[141.62808,40.45299],[141.63205,40.45368],[141.63347,40.4546],[141.63627,40.45522],[141.63687,40.45947],[141.63464,40.45879],[141.63221,40.45726],[141.62874,40.45567],[141.6282,40.45662],[141.62595,40.45648],[141.62409,40.4573],[141.62457,40.45947],[141.62352,40.46021],[141.62141,40.45891]]]},"properties":{"hoanrinKind":"保安林"}}
]}