{"type":"FeatureCollection", "features": [
{"type":"Feature","geometry":{"type":"Polygon","coordinates":[[[140.89525,37.7774],[140.89523,37.77747],[140.89513,37.77746],[140.89514,37.77741],[140.89525,37.7774]]]},"properties":{"hoanrinKind":"保安林"}},
{"type":"Feature","geometry":{"type":"Polygon","coordinates":[[[140.89478,37.77728],[140.89476,37.77736],[140.89466,37.77735],[140.89468,37.77727],[140.89478,37.77728]]]},"properties":{"hoanrinKind":"保安林"}},
{"type":"Feature","geometry":{"type":"Polygon","coordinates":[[[140.89841,37.77907],[140.89822,37.77918],[140.89812,37.77909],[140.89831,37.77899],[140.89841,37.77907]]]},"properties":{"hoanrinKind":"保安林"}},
{"type":"Feature","geometry":{"type":"Polygon","coordinates":[[[140.89656,37.77799],[140.89659,37.77816],[140.8964,37.77818],[140.89635,37.77806],[140.89656,37.77799]]]},"properties":{"hoanrinKind":"保安林"}},
{"type":"Feature","geometry":{"type":"Polygon","coordinates":[[[140.8959,37.77764],[140.89605,37.77774],[140.89588,37.77785],[140.89568,37.7777],[140.8959,37.77764]]]},"properties":{"hoanrinKind":"保安林"}},
{"type":"Feature","geometry":{"type":"Polygon","coordinates":[[[140.89717,37.77822],[140.89725,37.77835],[140.89698,37.7784],[140.89694,37.77818],[140.89717,37.77822]]]},"properties":{"hoanrinKind":"保安林"}},
{"type":"Feature","geometry":{"type":"Polygon","coordinates":[[[140.89883,37.77969],[140.89888,37.77991],[140.89871,37.78001],[140.89856,37.77973],[140.89883,37.77969]]]},"properties":{"hoanrinKind":"保安林"}},
{"type":"Feature","geometry":{"type":"Polygon","coordinates":[[[140.66148,37.55414],[140.66161,37.5544],[140.66162,37.55467],[140.66153,37.55494],[140.66146,37.55431],[140.66148,37.55414]]]},"properties":{"hoanrinKind":"保安林"}},
{"type":"Feature","geometry":{"type":"Polygon","coordinates":[[[140.32221,37.67899],[140.32239,37.67918],[140.32215,37.67928],[140.32197,37.67907],[140.32221,37.67899]]]},"properties":{"hoanrinKind":"保安林"}},
{"type":"Feature","geometry":{"type":"Polygon","coordinates":[[[140.43882,37.9208],[140.43924,37.92096],[140.43905,37.92108],[140.43882,37.92101],[140.43882,37.9208]]]},"properties":{"hoanrinKind":"保安林"}},
{"type":"Feature","geometry":{"type":"Polygon","coordinates":[[[140.32367,37.67934],[140.32376,37.67957],[140.32334,37.67953],[140.32367,37.67934]]]},"properties":{"hoanrinKind":"保安林"}},
{"type":"Feature","geometry":{"type":"Polygon","coordinates":[[[140.3244,37.6797],[140.32454,37.68006],[140.32422,37.67998],[140.3244,37.6797]]]},"properties":{"hoanrinKind":"保安林"}},
{"type":"Feature","geometry":{"type":"Polygon","coordinates":[[[140.32327,37.67871],[140.32334,37.67904],[140.32306,37.67897],[140.32327,37.67871]]]},"properties":{"hoanrinKind":"保安林"}},
{"type":"Feature","geometry":{"type":"Polygon","coordinates":[[[139.71323,37.11356],[139.71316,37.11379],[139.71277,37.11368],[139.71285,37.11352],[139.71323,37.11356]]]},"properties":{"hoanrinKind":"保安林"}},
{"type":"Feature","geometry":{"type":"Polygon","coordinates":[[[140.91092,37.72798],[140.91102,37.72837],[140.91072,37.72834],[140.91092,37.72798]]]},"properties":{"hoanrinKind":"保安林"}},
{"type":"Feature","geometry":{"type":"Polygon","coordinates":[[[140.32539,37.67398],[140.32551,37.67435],[140.3253,37.67444],[140.32513,37.67412],[140.32539,37.67398]]]},"properties":{"hoanrinKind":"保安林"}},
{"type":"Feature","geometry":{"type":"Polygon","coordinates":[[[140.62979,37.75741],[140.63009,37.75748],[140.63006,37.75772],[140.62975,37.75775],[140.62979,37.75741]]]},"properties":{"hoanrinKind":"保安林"}},
{"type":"Feature","geometry":{"type":"Polygon","coordinates":[[[140.32484,37.68069],[140.32507,37.68105],[140.32467,37.68102],[140.32484,37.68069]]]},"properties":{"hoanrinKind":"保安林"}},
{"type":"Feature","geometry":{"type":"Polygon","coordinates":[[[140.32186,37.67804],[140.32196,37.67845],[140.32163,37.67841],[140.32186,37.67804]]]},"properties":{"hoanrinKind":"保安林"}},
{"type":"Feature","geometry":{"type":"Polygon","coordinates":[[[140.32504,37.67295],[140.3252,37.67326],[140.3248,37.67326],[140.32504,37.67295]]]},"properties":{"hoanrinKind":"保安林"}},
{"type":"Feature","geometry":{"type":"Polygon","coordinates":[[[140.6599,37.555],[140.66019,37.55525],[140.66001,37.55532],[140.6598,37.55516],[140.6599,37.555]]]},"properties":{"hoanrinKind":"保安林"}},
{"type":"Feature","geometry":{"type":"Polygon","coordinates":[[[139.71231,37.11392],[139.71238,37.11416],[139.71186,37.11422],[139.71189,37.11394],[139.71231,37.11392]]]},"properties":{"hoanrinKind":"保安林"}},
{"type":"Feature","geometry":{"type":"Polygon","coordinates":[[[140.61666,37.76716],[140.61668,37.76757],[140.61635,37.76756],[140.61634,37.76729],[140.61666,37.76716]]]},"properties":{"hoanrinKind":"保安林"}},
{"type":"Feature","geometry":{"type":"Polygon","coordinates":[[[140.38756,37.76141],[140.3876,37.76173],[140.38717,37.76174],[140.38723,37.76144],[140.38756,37.76141]]]},"properties":{"hoanrinKind":"保安林"}},
{"type":"Feature","geometry":{"type":"Polygon","coordinates":[[[140.3219,37.67123],[140.32204,37.67155],[140.32175,37.67175],[140.32165,37.67133],[140.3219,37.67123]]]},"properties":{"hoanrinKind":"保安林"}},
{"type":"Feature","geometry":{"type":"Polygon","coordinates":[[[140.37596,36.89895],[140.376,36.89924],[140.37562,36.89934],[140.37551,36.8991],[140.37596,36.89895]]]},"properties":{"hoanrinKind":"保安林"}},
{"type":"Feature","geometry":{"type":"Polygon","coordinates":[[[141.00988,37.68415],[141.00989,37.68448],[141.00949,37.68449],[141.00946,37.68425],[141.00988,37.68415]]]},"properties":{"hoanrinKind":"保安林"}},
{"type":"Feature","geometry":{"type":"Polygon","coordinates":[[[140.37785,36.89733],[140.37775,36.89755],[140.37725,36.89762],[140.37727,36.89736],[140.37785,36.89733]]]},"properties":{"hoanrinKind":"保安林"}},
{"type":"Feature","geometry":{"type":"Polygon","coordinates":[[[139.7111,37.11436],[139.71113,37.11474],[139.71074,37.11476],[139.71072,37.11449],[139.7111,37.11436]]]},"properties":{"hoanrinKind":"保安林"}},
{"type":"Feature","geometry":{"type":"Polygon","coordinates":[[[140.97908,37.48367],[140.97898,37.48404],[140.97868,37.48402],[140.97869,37.48368],[140.97908,37.48367]]]},"properties":{"hoanrinKind":"保安林"}},
{"type":"Feature","geometry":{"type":"Polygon","coordinates":[[[140.12643,37.71608],[140.12647,37.71663],[140.12584,37.71614],[140.12643,37.71608]]]},"properties":{"hoanrinKind":"保安林"}},
{"type":"Feature","geometry":{"type":"Polygon","coordinates":[[[140.32612,37.68014],[140.32632,37.68048],[140.32597,37.6806],[140.32584,37.68017],[140.32612,37.68014]]]},"properties":{"hoanrinKind":"保安林"}},
{"type":"Feature","geometry":{"type":"Polygon","coordinates":[[[140.8909,37.78099],[140.89106,37.78122],[140.89075,37.78143],[140.89055,37.78106],[140.8909,37.78099]]]},"properties":{"hoanrinKind":"保安林"}},
{"type":"Feature","geometry":{"type":"Polygon","coordinates":[[[140.9588,37.60361],[140.95897,37.6039],[140.95842,37.60382],[140.95842,37.6035],[140.9588,37.60361]]]},"properties":{"hoanrinKind":"保安林"}},
{"type":"Feature","geometry":{"type":"Polygon","coordinates":[[[140.62921,37.75898],[140.62925,37.75928],[140.62876,37.75934],[140.6288,37.75895],[140.62921,37.75898]]]},"properties":{"hoanrinKind":"保安林"}},
{"type":"Feature","geometry":{"type":"Polygon","coordinates":[[[140.15556,37.49186],[140.15566,37.49227],[140.15517,37.49216],[140.15556,37.49186]]]},"properties":{"hoanrinKind":"保安林"}},
{"type":"Feature","geometry":{"type":"Polygon","coordinates":[[[140.3884,37.76189],[140.38878,37.76213],[140.38854,37.76228],[140.38812,37.76218],[140.3884,37.76189]]]},"properties":{"hoanrinKind":"保安林"}},
{"type":"Feature","geometry":{"type":"Polygon","coordinates":[[[140.63385,37.78481],[140.63404,37.78507],[140.63343,37.78508],[140.63335,37.7848],[140.63385,37.78481]]]},"properties":{"hoanrinKind":"保安林"}},
{"type":"Feature","geometry":{"type":"Polygon","coordinates":[[[140.38179,37.76258],[140.38188,37.76294],[140.38145,37.76298],[140.38136,37.76273],[140.38179,37.76258]]]},"properties":{"hoanrinKind":"保安林"}},
{"type":"Feature","geometry":{"type":"Polygon","coordinates":[[[140.9121,37.72759],[140.91208,37.72825],[140.91182,37.72824],[140.91171,37.72785],[140.9121,37.72759]]]},"properties":{"hoanrinKind":"保安林"}},
{"type":"Feature","geometry":{"type":"Polygon","coordinates":[[[141.01064,37.68045],[141.01045,37.68069],[141.00982,37.68074],[141.01009,37.68043],[141.01064,37.68045]]]},"properties":{"hoanrinKind":"保安林"}},
{"type":"Feature","geometry":{"type":"Polygon","coordinates":[[[141.01129,37.68156],[141.01142,37.68193],[141.01093,37.68198],[141.0109,37.68157],[141.01129,37.68156]]]},"properties":{"hoanrinKind":"保安林"}},
{"type":"Feature","geometry":{"type":"Polygon","coordinates":[[[140.38701,37.76084],[140.38658,37.76124],[140.3863,37.76094],[140.38701,37.76084]]]},"properties":{"hoanrinKind":"保安林"}},
{"type":"Feature","geometry":{"type":"Polygon","coordinates":[[[139.61799,37.6329],[139.61846,37.63303],[139.61809,37.63328],[139.61799,37.6329]]]},"properties":{"hoanrinKind":"保安林"}},
{"type":"Feature","geometry":{"type":"Polygon","coordinates":[[[139.71239,37.11532],[139.71256,37.11569],[139.71212,37.11578],[139.71187,37.11534],[139.71239,37.11532]]]},"properties":{"hoanrinKind":"保安林"}},
{"type":"Feature","geometry":{"type":"Polygon","coordinates":[[[140.9852,37.60646],[140.98487,37.60679],[140.98441,37.60685],[140.98433,37.60666],[140.98473,37.60644],[140.9852,37.60646]]]},"properties":{"hoanrinKind":"保安林"}},
{"type":"Feature","geometry":{"type":"Polygon","coordinates":[[[140.32279,37.67142],[140.3228,37.67193],[140.32234,37.67182],[140.32242,37.67138],[140.32279,37.67142]]]},"properties":{"hoanrinKind":"保安林"}},
{"type":"Feature","geometry":{"type":"Polygon","coordinates":[[[140.88902,37.84094],[140.88885,37.8414],[140.88848,37.84107],[140.88902,37.84094]]]},"properties":{"hoanrinKind":"保安林"}},
{"type":"Feature","geometry":{"type":"Polygon","coordinates":[[[140.91435,37.84769],[140.91451,37.84802],[140.91399,37.84827],[140.91396,37.84778],[140.91435,37.84769]]]},"properties":{"hoanrinKind":"保安林"}},
{"type":"Feature","geometry":{"type":"Polygon","coordinates":[[[140.97811,37.45656],[140.97761,37.45684],[140.97755,37.45641],[140.97811,37.45656]]]},"properties":{"hoanrinKind":"保安林"}},
{"type":"Feature","geometry":{"type":"Polygon","coordinates":[[[139.7016,37.11346],[139.70144,37.11401],[139.70098,37.11375],[139.7016,37.11346]]]},"properties":{"hoanrinKind":"保安林"}},
{"type":"Feature","geometry":{"type":"Polygon","coordinates":[[[140.88855,37.1089],[140.88939,37.10918],[140.88886,37.1094],[140.88855,37.1089]]]},"properties":{"hoanrinKind":"保安林"}},
{"type":"Feature","geometry":{"type":"Polygon","coordinates":[[[139.83946,37.21316],[139.83976,37.21356],[139.83922,37.21396],[139.83926,37.21316],[139.83946,37.21316]]]},"properties":{"hoanrinKind":"保安林"}},
{"type":"Feature","geometry":{"type":"Polygon","coordinates":[[[140.63829,37.77592],[140.63863,37.77627],[140.63838,37.77654],[140.63788,37.77619],[140.63829,37.77592]]]},"properties":{"hoanrinKind":"保安林"}},
{"type":"Feature","geometry":{"type":"Polygon","coordinates":[[[140.38667,37.76143],[140.38682,37.76186],[140.3862,37.76196],[140.38621,37.7616],[140.38667,37.76143]]]},"properties":{"hoanrinKind":"保安林"}},
{"type":"Feature","geometry":{"type":"Polygon","coordinates":[[[140.35048,37.7637],[140.34986,37.76407],[140.34963,37.76376],[140.35013,37.76342],[140.35048,37.7637]]]},"properties":{"hoanrinKind":"保安林"}},
{"type":"Feature","geometry":{"type":"Polygon","coordinates":[[[140.3925,37.75993],[140.3919,37.76036],[140.39167,37.76006],[140.3925,37.75993]]]},"properties":{"hoanrinKind":"保安林"}},
{"type":"Feature","geometry":{"type":"Polygon","coordinates":[[[140.60722,37.71088],[140.60726,37.71142],[140.60674,37.71116],[140.60722,37.71088]]]},"properties":{"hoanrinKind":"保安林"}},
{"type":"Feature","geometry":{"type":"Polygon","coordinates":[[[139.7118,37.10758],[139.7121,37.10821],[139.71158,37.10817],[139.7118,37.10758]]]},"properties":{"hoanrinKind":"保安林"}},
{"type":"Feature","geometry":{"type":"Polygon","coordinates":[[[139.55614,37.48359],[139.55626,37.48411],[139.55572,37.48411],[139.55572,37.48361],[139.55614,37.48359]]]},"properties":{"hoanrinKind":"保安林"}},
{"type":"Feature","geometry":{"type":"Polygon","coordinates":[[[140.62581,37.75437],[140.62548,37.75505],[140.62512,37.75479],[140.62581,37.75437]]]},"properties":{"hoanrinKind":"保安林"}},
{"type":"Feature","geometry":{"type":"Polygon","coordinates":[[[139.49659,37.07964],[139.49647,37.08008],[139.49569,37.0797],[139.49578,37.07935],[139.49659,37.07964]]]},"properties":{"hoanrinKind":"保安林"}},
{"type":"Feature","geometry":{"type":"Polygon","coordinates":[[[140.36058,37.76257],[140.36046,37.76314],[140.35992,37.76281],[140.36058,37.76257]]]},"properties":{"hoanrinKind":"保安林"}},
{"type":"Feature","geometry":{"type":"Polygon","coordinates":[[[140.32231,37.67516],[140.32194,37.67596],[140.32165,37.67579],[140.32231,37.67516]]]},"properties":{"hoanrinKind":"保安林"}},
{"type":"Feature","geometry":{"type":"Polygon","coordinates":[[[141.00944,37.74538],[141.00947,37.74608],[141.00921,37.74591],[141.00923,37.74541],[141.00944,37.74538]]]},"properties":{"hoanrinKind":"保安林"}},
{"type":"Feature","geometry":{"type":"Polygon","coordinates":[[[140.33376,37.68899],[140.33403,37.68951],[140.33342,37.68946],[140.33376,37.68899]]]},"properties":{"hoanrinKind":"保安林"}},
{"type":"Feature","geometry":{"type":"Polygon","coordinates":[[[139.55637,37.40442],[139.55625,37.4049],[139.55577,37.40515],[139.55555,37.40496],[139.5561,37.40446],[139.55637,37.40442]]]},"properties":{"hoanrinKind":"保安林"}},
{"type":"Feature","geometry":{"type":"Polygon","coordinates":[[[140.98716,37.60305],[140.98719,37.60361],[140.98666,37.60361],[140.98682,37.60305],[140.98716,37.60305]]]},"properties":{"hoanrinKind":"保安林"}},
{"type":"Feature","geometry":{"type":"Polygon","coordinates":[[[140.37788,37.76136],[140.37834,37.7619],[140.37806,37.76204],[140.37745,37.76152],[140.37788,37.76136]]]},"properties":{"hoanrinKind":"保安林"}},
{"type":"Feature","geometry":{"type":"Polygon","coordinates":[[[140.32323,37.67209],[140.32363,37.67263],[140.32337,37.67293],[140.3229,37.67213],[140.32323,37.67209]]]},"properties":{"hoanrinKind":"保安林"}},
{"type":"Feature","geometry":{"type":"Polygon","coordinates":[[[140.9451,37.85468],[140.94508,37.85536],[140.9446,37.85505],[140.9451,37.85468]]]},"properties":{"hoanrinKind":"保安林"}},
{"type":"Feature","geometry":{"type":"Polygon","coordinates":[[[140.3752,36.89831],[140.37507,36.8988],[140.37454,36.89882],[140.37454,36.89845],[140.3752,36.89831]]]},"properties":{"hoanrinKind":"保安林"}},
{"type":"Feature","geometry":{"type":"Polygon","coordinates":[[[140.62961,37.72328],[140.6296,37.72385],[140.629,37.72369],[140.62961,37.72328]]]},"properties":{"hoanrinKind":"保安林"}},
{"type":"Feature","geometry":{"type":"Polygon","coordinates":[[[140.93203,37.64339],[140.9325,37.64358],[140.93216,37.64399],[140.93174,37.64361],[140.93203,37.64339]]]},"properties":{"hoanrinKind":"保安林"}},
{"type":"Feature","geometry":{"type":"Polygon","coordinates":[[[140.93984,37.86481],[140.93966,37.86535],[140.93951,37.8652],[140.93984,37.86481]]]},"properties":{"hoanrinKind":"保安林"}},
{"type":"Feature","geometry":{"type":"Polygon","coordinates":[[[140.32239,37.67652],[140.32249,37.67702],[140.32182,37.67683],[140.32239,37.67652]]]},"properties":{"hoanrinKind":"保安林"}},
{"type":"Feature","geometry":{"type":"Polygon","coordinates":[[[140.57455,37.74942],[140.57515,37.75039],[140.57485,37.75051],[140.57428,37.74974],[140.57455,37.74942]]]},"properties":{"hoanrinKind":"保安林"}},
{"type":"Feature","geometry":{"type":"Polygon","coordinates":[[[140.95654,37.6026],[140.957,37.60264],[140.95717,37.60293],[140.95627,37.60298],[140.95654,37.6026]]]},"properties":{"hoanrinKind":"保安林"}},
{"type":"Feature","geometry":{"type":"Polygon","coordinates":[[[140.73277,37.18141],[140.73308,37.1819],[140.73254,37.18211],[140.73277,37.18141]]]},"properties":{"hoanrinKind":"保安林"}},
{"type":"Feature","geometry":{"type":"Polygon","coordinates":[[[140.91283,37.727],[140.91312,37.72736],[140.91292,37.72773],[140.91242,37.72752],[140.91283,37.727]]]},"properties":{"hoanrinKind":"保安林"}},
{"type":"Feature","geometry":{"type":"Polygon","coordinates":[[[139.71161,37.11278],[139.71211,37.11296],[139.71235,37.11346],[139.71192,37.1135],[139.71161,37.11278]]]},"properties":{"hoanrinKind":"保安林"}},
{"type":"Feature","geometry":{"type":"Polygon","coordinates":[[[140.32407,37.67303],[140.32437,37.67383],[140.32383,37.67379],[140.32407,37.67303]]]},"properties":{"hoanrinKind":"保安林"}},
{"type":"Feature","geometry":{"type":"Polygon","coordinates":[[[140.62962,37.758],[140.62899,37.75836],[140.62884,37.75808],[140.62962,37.758]]]},"properties":{"hoanrinKind":"保安林"}},
{"type":"Feature","geometry":{"type":"Polygon","coordinates":[[[140.74226,37.18289],[140.74263,37.18351],[140.74216,37.18358],[140.74226,37.18289]]]},"properties":{"hoanrinKind":"保安林"}},
{"type":"Feature","geometry":{"type":"Polygon","coordinates":[[[139.94282,37.6857],[139.94293,37.68632],[139.9422,37.68632],[139.94235,37.6859],[139.94282,37.6857]]]},"properties":{"hoanrinKind":"保安林"}},
{"type":"Feature","geometry":{"type":"Polygon","coordinates":[[[140.41238,37.74971],[140.41199,37.75012],[140.41147,37.74972],[140.41238,37.74971]]]},"properties":{"hoanrinKind":"保安林"}},
{"type":"Feature","geometry":{"type":"Polygon","coordinates":[[[140.26275,37.3768],[140.26287,37.37691],[140.26239,37.37764],[140.2618,37.37783],[140.26241,37.37708],[140.26275,37.3768]]]},"properties":{"hoanrinKind":"保安林"}},
{"type":"Feature","geometry":{"type":"Polygon","coordinates":[[[140.3941,37.75934],[140.39379,37.75982],[140.39326,37.75996],[140.39297,37.7597],[140.3941,37.75934]]]},"properties":{"hoanrinKind":"保安林"}},
{"type":"Feature","geometry":{"type":"Polygon","coordinates":[[[140.86259,37.77166],[140.86198,37.77256],[140.86163,37.77228],[140.86259,37.77166]]]},"properties":{"hoanrinKind":"保安林"}},
{"type":"Feature","geometry":{"type":"Polygon","coordinates":[[[139.63655,37.66793],[139.63709,37.66851],[139.63656,37.66868],[139.63636,37.66842],[139.63655,37.66793]]]},"properties":{"hoanrinKind":"保安林"}},
{"type":"Feature","geometry":{"type":"Polygon","coordinates":[[[140.33371,37.68382],[140.33349,37.68442],[140.33294,37.68396],[140.33371,37.68382]]]},"properties":{"hoanrinKind":"保安林"}},
{"type":"Feature","geometry":{"type":"Polygon","coordinates":[[[140.38943,37.76096],[140.38958,37.76152],[140.38898,37.76174],[140.38903,37.7611],[140.38943,37.76096]]]},"properties":{"hoanrinKind":"保安林"}},
{"type":"Feature","geometry":{"type":"Polygon","coordinates":[[[139.68992,37.29767],[139.69009,37.29817],[139.68938,37.29823],[139.68934,37.2978],[139.68992,37.29767]]]},"properties":{"hoanrinKind":"保安林"}},
{"type":"Feature","geometry":{"type":"Polygon","coordinates":[[[140.91308,37.7191],[140.91364,37.71969],[140.9134,37.71991],[140.91278,37.71949],[140.91308,37.7191]]]},"properties":{"hoanrinKind":"保安林"}},
{"type":"Feature","geometry":{"type":"Polygon","coordinates":[[[139.47667,37.28905],[139.47545,37.28971],[139.47555,37.28903],[139.47667,37.28905]]]},"properties":{"hoanrinKind":"保安林"}},
{"type":"Feature","geometry":{"type":"Polygon","coordinates":[[[140.8561,37.13725],[140.85596,37.13816],[140.85557,37.13822],[140.85557,37.13739],[140.8561,37.13725]]]},"properties":{"hoanrinKind":"保安林"}},
{"type":"Feature","geometry":{"type":"Polygon","coordinates":[[[140.36409,37.76278],[140.36407,37.76316],[140.3635,37.76348],[140.36326,37.76306],[140.36409,37.76278]]]},"properties":{"hoanrinKind":"保安林"}},
{"type":"Feature","geometry":{"type":"Polygon","coordinates":[[[140.32076,37.67042],[140.32116,37.67083],[140.32096,37.67111],[140.32041,37.67079],[140.32076,37.67042]]]},"properties":{"hoanrinKind":"保安林"}},
{"type":"Feature","geometry":{"type":"Polygon","coordinates":[[[140.63252,37.76948],[140.63241,37.76978],[140.63137,37.77017],[140.63126,37.76978],[140.63252,37.76948]]]},"properties":{"hoanrinKind":"保安林"}},
{"type":"Feature","geometry":{"type":"Polygon","coordinates":[[[140.52785,37.54521],[140.52803,37.54572],[140.52739,37.54575],[140.52722,37.54516],[140.52785,37.54521]]]},"properties":{"hoanrinKind":"保安林"}},
{"type":"Feature","geometry":{"type":"Polygon","coordinates":[[[140.9528,37.60196],[140.95351,37.60292],[140.9531,37.60294],[140.9526,37.60241],[140.9528,37.60196]]]},"properties":{"hoanrinKind":"保安林"}},
{"type":"Feature","geometry":{"type":"Polygon","coordinates":[[[140.62618,37.77987],[140.62585,37.78029],[140.6255,37.77993],[140.62618,37.77987]]]},"properties":{"hoanrinKind":"保安林"}},
{"type":"Feature","geometry":{"type":"Polygon","coordinates":[[[139.89207,37.24253],[139.89161,37.24308],[139.89133,37.24248],[139.89207,37.24253]]]},"properties":{"hoanrinKind":"保安林"}},
{"type":"Feature","geometry":{"type":"Polygon","coordinates":[[[140.93134,37.87989],[140.93169,37.88045],[140.93111,37.88069],[140.93094,37.88004],[140.93134,37.87989]]]},"properties":{"hoanrinKind":"保安林"}},
{"type":"Feature","geometry":{"type":"Polygon","coordinates":[[[140.6689,37.43894],[140.66874,37.43966],[140.66815,37.43893],[140.6689,37.43894]]]},"properties":{"hoanrinKind":"保安林"}},
{"type":"Feature","geometry":{"type":"Polygon","coordinates":[[[140.83022,36.98577],[140.8301,36.98617],[140.82946,36.9859],[140.83,36.98557],[140.83022,36.98577]]]},"properties":{"hoanrinKind":"保安林"}},
{"type":"Feature","geometry":{"type":"Polygon","coordinates":[[[140.63651,37.78457],[140.6369,37.78461],[140.63695,37.78512],[140.63622,37.78502],[140.63651,37.78457]]]},"properties":{"hoanrinKind":"保安林"}},
{"type":"Feature","geometry":{"type":"Polygon","coordinates":[[[140.40419,37.74826],[140.40402,37.74873],[140.40328,37.74845],[140.40373,37.74809],[140.40419,37.74826]]]},"properties":{"hoanrinKind":"保安林"}},
{"type":"Feature","geometry":{"type":"Polygon","coordinates":[[[140.5881,37.19841],[140.58837,37.19891],[140.58783,37.1992],[140.5875,37.19876],[140.5881,37.19841]]]},"properties":{"hoanrinKind":"保安林"}},
{"type":"Feature","geometry":{"type":"Polygon","coordinates":[[[141.0109,37.68367],[141.01066,37.68442],[141.01057,37.68529],[141.01021,37.68505],[141.01057,37.68445],[141.01037,37.68387],[141.0109,37.68367]]]},"properties":{"hoanrinKind":"保安林"}},
{"type":"Feature","geometry":{"type":"Polygon","coordinates":[[[140.98153,37.60735],[140.98127,37.6078],[140.98073,37.60799],[140.97998,37.60801],[140.98114,37.60741],[140.98153,37.60735]]]},"properties":{"hoanrinKind":"保安林"}},
{"type":"Feature","geometry":{"type":"Polygon","coordinates":[[[140.59501,37.70539],[140.59376,37.70542],[140.59363,37.70502],[140.59454,37.70501],[140.59501,37.70539]]]},"properties":{"hoanrinKind":"保安林"}},
{"type":"Feature","geometry":{"type":"Polygon","coordinates":[[[140.63123,37.75808],[140.63124,37.7586],[140.63062,37.75873],[140.63054,37.75815],[140.63123,37.75808]]]},"properties":{"hoanrinKind":"保安林"}},
{"type":"Feature","geometry":{"type":"Polygon","coordinates":[[[140.52068,37.55362],[140.52084,37.55397],[140.52017,37.55417],[140.51991,37.55362],[140.52068,37.55362]]]},"properties":{"hoanrinKind":"保安林"}},
{"type":"Feature","geometry":{"type":"Polygon","coordinates":[[[140.74477,37.2703],[140.74457,37.27093],[140.74399,37.27085],[140.74426,37.27027],[140.74477,37.2703]]]},"properties":{"hoanrinKind":"保安林"}},
{"type":"Feature","geometry":{"type":"Polygon","coordinates":[[[140.44007,37.91922],[140.44013,37.92002],[140.43936,37.91948],[140.44007,37.91922]]]},"properties":{"hoanrinKind":"保安林"}},
{"type":"Feature","geometry":{"type":"Polygon","coordinates":[[[139.68291,37.57262],[139.68341,37.57305],[139.6828,37.5733],[139.68256,37.57281],[139.68291,37.57262]]]},"properties":{"hoanrinKind":"保安林"}},
{"type":"Feature","geometry":{"type":"Polygon","coordinates":[[[140.86187,37.11694],[140.86255,37.11732],[140.86236,37.11777],[140.86187,37.11746],[140.86187,37.11694]]]},"properties":{"hoanrinKind":"保安林"}},
{"type":"Feature","geometry":{"type":"Polygon","coordinates":[[[140.50643,37.85829],[140.50663,37.85882],[140.50569,37.8588],[140.50573,37.85834],[140.50643,37.85829]]]},"properties":{"hoanrinKind":"保安林"}},
{"type":"Feature","geometry":{"type":"Polygon","coordinates":[[[140.61748,37.75939],[140.61743,37.76016],[140.61689,37.76025],[140.61691,37.7595],[140.61748,37.75939]]]},"properties":{"hoanrinKind":"保安林"}},
{"type":"Feature","geometry":{"type":"Polygon","coordinates":[[[140.41023,37.74956],[140.41005,37.74988],[140.40918,37.75001],[140.40889,37.74969],[140.41023,37.74956]]]},"properties":{"hoanrinKind":"保安林"}},
{"type":"Feature","geometry":{"type":"Polygon","coordinates":[[[140.40107,37.756],[140.40062,37.75662],[140.40005,37.756],[140.40107,37.756]]]},"properties":{"hoanrinKind":"保安林"}},
{"type":"Feature","geometry":{"type":"Polygon","coordinates":[[[140.57389,37.53208],[140.57464,37.53237],[140.57406,37.5327],[140.57389,37.53208]]]},"properties":{"hoanrinKind":"保安林"}},
{"type":"Feature","geometry":{"type":"Polygon","coordinates":[[[140.73356,36.95548],[140.73329,36.9562],[140.73274,36.95587],[140.73356,36.95548]]]},"properties":{"hoanrinKind":"保安林"}},
{"type":"Feature","geometry":{"type":"Polygon","coordinates":[[[140.51895,37.55346],[140.5191,37.55398],[140.51858,37.55426],[140.5184,37.55352],[140.51895,37.55346]]]},"properties":{"hoanrinKind":"保安林"}},
{"type":"Feature","geometry":{"type":"Polygon","coordinates":[[[140.54375,37.55712],[140.54428,37.55762],[140.54384,37.5579],[140.54328,37.55741],[140.54375,37.55712]]]},"properties":{"hoanrinKind":"保安林"}},
{"type":"Feature","geometry":{"type":"Polygon","coordinates":[[[139.49837,37.11614],[139.49817,37.11693],[139.4975,37.11657],[139.49837,37.11614]]]},"properties":{"hoanrinKind":"保安林"}},
{"type":"Feature","geometry":{"type":"Polygon","coordinates":[[[140.63922,37.76463],[140.63979,37.76489],[140.63957,37.76534],[140.63869,37.76507],[140.63922,37.76463]]]},"properties":{"hoanrinKind":"保安林"}},
{"type":"Feature","geometry":{"type":"Polygon","coordinates":[[[140.95747,37.65513],[140.95791,37.65557],[140.95738,37.65584],[140.95702,37.65547],[140.95747,37.65513]]]},"properties":{"hoanrinKind":"保安林"}},
{"type":"Feature","geometry":{"type":"Polygon","coordinates":[[[140.95724,37.47482],[140.95764,37.47534],[140.95655,37.47516],[140.95724,37.47482]]]},"properties":{"hoanrinKind":"保安林"}},
{"type":"Feature","geometry":{"type":"Polygon","coordinates":[[[139.7693,37.47331],[139.76983,37.47369],[139.76949,37.4741],[139.76903,37.47384],[139.7693,37.47331]]]},"properties":{"hoanrinKind":"保安林"}},
{"type":"Feature","geometry":{"type":"Polygon","coordinates":[[[140.97639,37.45568],[140.97626,37.45622],[140.97548,37.45604],[140.97598,37.45563],[140.97639,37.45568]]]},"properties":{"hoanrinKind":"保安林"}},
{"type":"Feature","geometry":{"type":"Polygon","coordinates":[[[140.98025,37.4829],[140.98023,37.48347],[140.97956,37.48364],[140.97942,37.48321],[140.98025,37.4829]]]},"properties":{"hoanrinKind":"保安林"}},
{"type":"Feature","geometry":{"type":"Polygon","coordinates":[[[140.36212,37.76181],[140.36221,37.76215],[140.3618,37.76274],[140.3614,37.7624],[140.36165,37.76189],[140.36212,37.76181]]]},"properties":{"hoanrinKind":"保安林"}},
{"type":"Feature","geometry":{"type":"Polygon","coordinates":[[[140.49148,37.41364],[140.49213,37.41384],[140.49204,37.41426],[140.49143,37.41423],[140.49148,37.41364]]]},"properties":{"hoanrinKind":"保安林"}},
{"type":"Feature","geometry":{"type":"Polygon","coordinates":[[[140.61748,37.76759],[140.61778,37.76816],[140.61686,37.76802],[140.61748,37.76759]]]},"properties":{"hoanrinKind":"保安林"}},
{"type":"Feature","geometry":{"type":"Polygon","coordinates":[[[140.5972,37.70248],[140.59793,37.70258],[140.59752,37.703],[140.5972,37.70248]]]},"properties":{"hoanrinKind":"保安林"}},
{"type":"Feature","geometry":{"type":"Polygon","coordinates":[[[140.5904,37.70289],[140.59103,37.70351],[140.59048,37.70373],[140.5904,37.70289]]]},"properties":{"hoanrinKind":"保安林"}},
{"type":"Feature","geometry":{"type":"Polygon","coordinates":[[[139.33066,37.37903],[139.33038,37.37955],[139.32956,37.37951],[139.32955,37.3789],[139.33066,37.37903]]]},"properties":{"hoanrinKind":"保安林"}},
{"type":"Feature","geometry":{"type":"Polygon","coordinates":[[[140.26319,37.37751],[140.26334,37.37809],[140.26256,37.37796],[140.26319,37.37751]]]},"properties":{"hoanrinKind":"保安林"}},
{"type":"Feature","geometry":{"type":"Polygon","coordinates":[[[140.33886,37.76856],[140.33916,37.76935],[140.33874,37.76959],[140.33821,37.76872],[140.33886,37.76856]]]},"properties":{"hoanrinKind":"保安林"}},
{"type":"Feature","geometry":{"type":"Polygon","coordinates":[[[139.55062,37.42936],[139.55092,37.42959],[139.55089,37.43027],[139.5502,37.42989],[139.55062,37.42936]]]},"properties":{"hoanrinKind":"保安林"}},
{"type":"Feature","geometry":{"type":"Polygon","coordinates":[[[140.67933,37.44193],[140.68041,37.44274],[140.68014,37.4429],[140.67915,37.44232],[140.67933,37.44193]]]},"properties":{"hoanrinKind":"保安林"}},
{"type":"Feature","geometry":{"type":"Polygon","coordinates":[[[139.9097,37.21504],[139.9084,37.21488],[139.9085,37.2145],[139.90987,37.2146],[139.9097,37.21504]]]},"properties":{"hoanrinKind":"保安林"}},
{"type":"Feature","geometry":{"type":"Polygon","coordinates":[[[140.3747,36.89753],[140.3745,36.89807],[140.37373,36.89833],[140.37403,36.89762],[140.3747,36.89753]]]},"properties":{"hoanrinKind":"保安林"}},
{"type":"Feature","geometry":{"type":"Polygon","coordinates":[[[140.39163,37.93308],[140.39203,37.93351],[140.39095,37.9336],[140.39083,37.93303],[140.39163,37.93308]]]},"properties":{"hoanrinKind":"保安林"}},
{"type":"Feature","geometry":{"type":"Polygon","coordinates":[[[139.86464,37.25646],[139.8642,37.2572],[139.8636,37.25698],[139.86415,37.25645],[139.86464,37.25646]]]},"properties":{"hoanrinKind":"保安林"}},
{"type":"Feature","geometry":{"type":"Polygon","coordinates":[[[140.97078,37.05965],[140.97096,37.06009],[140.96988,37.06018],[140.96982,37.05986],[140.97078,37.05965]]]},"properties":{"hoanrinKind":"保安林"}},
{"type":"Feature","geometry":{"type":"Polygon","coordinates":[[[140.91984,37.63394],[140.91941,37.63456],[140.91888,37.63399],[140.91984,37.63394]]]},"properties":{"hoanrinKind":"保安林"}},
{"type":"Feature","geometry":{"type":"Polygon","coordinates":[[[140.95472,37.49969],[140.95565,37.50056],[140.95537,37.50083],[140.95472,37.50018],[140.95472,37.49969]]]},"properties":{"hoanrinKind":"保安林"}},
{"type":"Feature","geometry":{"type":"Polygon","coordinates":[[[140.39579,37.74136],[140.39658,37.74187],[140.39649,37.7423],[140.39566,37.74187],[140.39579,37.74136]]]},"properties":{"hoanrinKind":"保安林"}},
{"type":"Feature","geometry":{"type":"Polygon","coordinates":[[[140.65857,37.4164],[140.65905,37.41713],[140.65848,37.41735],[140.65792,37.4166],[140.65857,37.4164]]]},"properties":{"hoanrinKind":"保安林"}},
{"type":"Feature","geometry":{"type":"Polygon","coordinates":[[[139.91033,37.28134],[139.91075,37.28194],[139.90977,37.28189],[139.91033,37.28134]]]},"properties":{"hoanrinKind":"保安林"}},
{"type":"Feature","geometry":{"type":"Polygon","coordinates":[[[140.80495,36.90389],[140.80528,36.90462],[140.80454,36.90458],[140.80495,36.90389]]]},"properties":{"hoanrinKind":"保安林"}},
{"type":"Feature","geometry":{"type":"Polygon","coordinates":[[[140.63543,37.78476],[140.63531,37.78497],[140.63444,37.78468],[140.63519,37.78448],[140.63543,37.78476]]]},"properties":{"hoanrinKind":"保安林"}},
{"type":"Feature","geometry":{"type":"Polygon","coordinates":[[[140.90588,37.70349],[140.90692,37.70385],[140.90643,37.7041],[140.90545,37.70376],[140.90588,37.70349]]]},"properties":{"hoanrinKind":"保安林"}},
{"type":"Feature","geometry":{"type":"Polygon","coordinates":[[[140.74168,37.686],[140.74182,37.68669],[140.74135,37.68659],[140.74099,37.68607],[140.74168,37.686]]]},"properties":{"hoanrinKind":"保安林"}},
{"type":"Feature","geometry":{"type":"Polygon","coordinates":[[[140.89848,37.36678],[140.89867,37.36737],[140.89803,37.3675],[140.89772,37.36714],[140.89848,37.36678]]]},"properties":{"hoanrinKind":"保安林"}},
{"type":"Feature","geometry":{"type":"Polygon","coordinates":[[[140.76809,37.74374],[140.76829,37.74447],[140.76772,37.74451],[140.76738,37.74404],[140.76809,37.74374]]]},"properties":{"hoanrinKind":"保安林"}},
{"type":"Feature","geometry":{"type":"Polygon","coordinates":[[[140.74204,37.20731],[140.74249,37.20805],[140.74154,37.20792],[140.74204,37.20731]]]},"properties":{"hoanrinKind":"保安林"}},
{"type":"Feature","geometry":{"type":"Polygon","coordinates":[[[140.94841,37.5577],[140.94923,37.55829],[140.94982,37.55842],[140.94945,37.55885],[140.94879,37.55829],[140.94841,37.5577]]]},"properties":{"hoanrinKind":"保安林"}},
{"type":"Feature","geometry":{"type":"Polygon","coordinates":[[[140.94698,37.50576],[140.94597,37.5069],[140.94646,37.50544],[140.94698,37.50576]]]},"properties":{"hoanrinKind":"保安林"}},
{"type":"Feature","geometry":{"type":"Polygon","coordinates":[[[140.45544,37.57847],[140.45575,37.57867],[140.45536,37.57917],[140.45497,37.57857],[140.45544,37.57847]]]},"properties":{"hoanrinKind":"保安林"}},
{"type":"Feature","geometry":{"type":"Polygon","coordinates":[[[139.41476,37.40417],[139.41412,37.40511],[139.41351,37.40412],[139.41476,37.40417]]]},"properties":{"hoanrinKind":"保安林"}},
{"type":"Feature","geometry":{"type":"Polygon","coordinates":[[[140.61512,37.44425],[140.61492,37.44489],[140.61415,37.44453],[140.61436,37.44417],[140.61512,37.44425]]]},"properties":{"hoanrinKind":"保安林"}},
{"type":"Feature","geometry":{"type":"Polygon","coordinates":[[[139.901,37.28268],[139.9014,37.28346],[139.90087,37.2836],[139.90051,37.28287],[139.901,37.28268]]]},"properties":{"hoanrinKind":"保安林"}},
{"type":"Feature","geometry":{"type":"Polygon","coordinates":[[[140.93631,37.02656],[140.93606,37.02716],[140.93539,37.02694],[140.93575,37.02649],[140.93631,37.02656]]]},"properties":{"hoanrinKind":"保安林"}},
{"type":"Feature","geometry":{"type":"Polygon","coordinates":[[[140.34626,37.7111],[140.34636,37.71174],[140.34573,37.71168],[140.34556,37.71115],[140.34626,37.7111]]]},"properties":{"hoanrinKind":"保安林"}},
{"type":"Feature","geometry":{"type":"Polygon","coordinates":[[[140.92827,37.05866],[140.929,37.05938],[140.92851,37.05956],[140.92787,37.059],[140.92827,37.05866]]]},"properties":{"hoanrinKind":"保安林"}},
{"type":"Feature","geometry":{"type":"Polygon","coordinates":[[[140.44083,37.92399],[140.44153,37.92483],[140.44087,37.92475],[140.44033,37.92414],[140.44083,37.92399]]]},"properties":{"hoanrinKind":"保安林"}},
{"type":"Feature","geometry":{"type":"Polygon","coordinates":[[[140.34835,37.76243],[140.34874,37.76277],[140.34775,37.76309],[140.34788,37.76234],[140.34835,37.76243]]]},"properties":{"hoanrinKind":"保安林"}},
{"type":"Feature","geometry":{"type":"Polygon","coordinates":[[[140.34815,37.70458],[140.34861,37.70476],[140.34839,37.70535],[140.34791,37.70503],[140.34815,37.70458]]]},"properties":{"hoanrinKind":"保安林"}},
{"type":"Feature","geometry":{"type":"Polygon","coordinates":[[[140.61567,37.76261],[140.61572,37.7635],[140.61488,37.76304],[140.61567,37.76261]]]},"properties":{"hoanrinKind":"保安林"}},
{"type":"Feature","geometry":{"type":"Polygon","coordinates":[[[140.61339,37.77071],[140.61373,37.7711],[140.61308,37.77155],[140.61277,37.77091],[140.61339,37.77071]]]},"properties":{"hoanrinKind":"保安林"}},
{"type":"Feature","geometry":{"type":"Polygon","coordinates":[[[140.58982,37.70244],[140.58962,37.70283],[140.58864,37.70263],[140.58953,37.70212],[140.58982,37.70244]]]},"properties":{"hoanrinKind":"保安林"}},
{"type":"Feature","geometry":{"type":"Polygon","coordinates":[[[140.57876,37.74868],[140.57736,37.74867],[140.57715,37.74826],[140.57814,37.74828],[140.57876,37.74868]]]},"properties":{"hoanrinKind":"保安林"}},
{"type":"Feature","geometry":{"type":"Polygon","coordinates":[[[140.97266,37.50044],[140.97272,37.501],[140.97204,37.50118],[140.97176,37.50068],[140.97266,37.50044]]]},"properties":{"hoanrinKind":"保安林"}},
{"type":"Feature","geometry":{"type":"Polygon","coordinates":[[[139.60139,37.46395],[139.60103,37.46466],[139.60047,37.46431],[139.60063,37.4639],[139.60139,37.46395]]]},"properties":{"hoanrinKind":"保安林"}},
{"type":"Feature","geometry":{"type":"Polygon","coordinates":[[[140.36388,37.76047],[140.36375,37.76102],[140.36288,37.76114],[140.36308,37.76066],[140.36388,37.76047]]]},"properties":{"hoanrinKind":"保安林"}},
{"type":"Feature","geometry":{"type":"Polygon","coordinates":[[[140.47425,37.40366],[140.47419,37.40431],[140.47348,37.4042],[140.47346,37.40367],[140.47425,37.40366]]]},"properties":{"hoanrinKind":"保安林"}},
{"type":"Feature","geometry":{"type":"Polygon","coordinates":[[[140.62359,37.76754],[140.62403,37.76783],[140.62387,37.76838],[140.62304,37.76803],[140.62359,37.76754]]]},"properties":{"hoanrinKind":"保安林"}},
{"type":"Feature","geometry":{"type":"Polygon","coordinates":[[[139.54091,37.42541],[139.54103,37.4258],[139.5404,37.42614],[139.54001,37.42565],[139.54091,37.42541]]]},"properties":{"hoanrinKind":"保安林"}},
{"type":"Feature","geometry":{"type":"Polygon","coordinates":[[[140.6612,37.44674],[140.6618,37.44723],[140.66154,37.44771],[140.66078,37.44726],[140.6612,37.44674]]]},"properties":{"hoanrinKind":"保安林"}},
{"type":"Feature","geometry":{"type":"Polygon","coordinates":[[[140.61863,37.79793],[140.6188,37.79862],[140.61806,37.79868],[140.61804,37.79801],[140.61863,37.79793]]]},"properties":{"hoanrinKind":"保安林"}},
{"type":"Feature","geometry":{"type":"Polygon","coordinates":[[[140.62454,37.77767],[140.62486,37.7787],[140.62454,37.77911],[140.62417,37.77783],[140.62454,37.77767]]]},"properties":{"hoanrinKind":"保安林"}},
{"type":"Feature","geometry":{"type":"Polygon","coordinates":[[[140.33679,37.69137],[140.33596,37.69126],[140.33624,37.6909],[140.33683,37.6908],[140.33679,37.69137]]]},"properties":{"hoanrinKind":"保安林"}},
{"type":"Feature","geometry":{"type":"Polygon","coordinates":[[[140.80563,36.90352],[140.80598,36.90399],[140.80557,36.90445],[140.8051,36.90395],[140.80563,36.90352]]]},"properties":{"hoanrinKind":"保安林"}},
{"type":"Feature","geometry":{"type":"Polygon","coordinates":[[[140.49038,37.41236],[140.49013,37.41301],[140.48948,37.41278],[140.48993,37.41226],[140.49038,37.41236]]]},"properties":{"hoanrinKind":"保安林"}},
{"type":"Feature","geometry":{"type":"Polygon","coordinates":[[[140.61339,37.79641],[140.61403,37.79686],[140.6138,37.79725],[140.61286,37.79674],[140.61339,37.79641]]]},"properties":{"hoanrinKind":"保安林"}},
{"type":"Feature","geometry":{"type":"Polygon","coordinates":[[[139.54855,37.42474],[139.54851,37.42542],[139.54764,37.42515],[139.5477,37.42477],[139.54855,37.42474]]]},"properties":{"hoanrinKind":"保安林"}},
{"type":"Feature","geometry":{"type":"Polygon","coordinates":[[[139.6475,37.20392],[139.64787,37.20422],[139.64678,37.20456],[139.64661,37.204],[139.6475,37.20392]]]},"properties":{"hoanrinKind":"保安林"}},
{"type":"Feature","geometry":{"type":"Polygon","coordinates":[[[140.56566,37.58152],[140.56602,37.58196],[140.56546,37.58248],[140.56511,37.5817],[140.56566,37.58152]]]},"properties":{"hoanrinKind":"保安林"}},
{"type":"Feature","geometry":{"type":"Polygon","coordinates":[[[140.58496,37.70151],[140.58563,37.70194],[140.58574,37.7024],[140.5849,37.70252],[140.58496,37.70151]]]},"properties":{"hoanrinKind":"保安林"}},
{"type":"Feature","geometry":{"type":"Polygon","coordinates":[[[140.63943,37.74564],[140.64012,37.74613],[140.63944,37.74682],[140.63943,37.74564]]]},"properties":{"hoanrinKind":"保安林"}},
{"type":"Feature","geometry":{"type":"Polygon","coordinates":[[[140.85783,37.10461],[140.85815,37.10528],[140.8575,37.10548],[140.85709,37.10474],[140.85783,37.10461]]]},"properties":{"hoanrinKind":"保安林"}},
{"type":"Feature","geometry":{"type":"Polygon","coordinates":[[[140.38664,37.75093],[140.38659,37.75044],[140.38755,37.75047],[140.38757,37.75092],[140.38664,37.75093]]]},"properties":{"hoanrinKind":"保安林"}},
{"type":"Feature","geometry":{"type":"Polygon","coordinates":[[[140.67488,37.88222],[140.67404,37.88335],[140.67351,37.88335],[140.67419,37.88241],[140.67488,37.88222]]]},"properties":{"hoanrinKind":"保安林"}},
{"type":"Feature","geometry":{"type":"Polygon","coordinates":[[[140.88364,37.10744],[140.88455,37.10766],[140.88404,37.10828],[140.88364,37.10744]]]},"properties":{"hoanrinKind":"保安林"}},
{"type":"Feature","geometry":{"type":"Polygon","coordinates":[[[140.94091,37.54077],[140.94077,37.5402],[140.94196,37.54007],[140.94192,37.54062],[140.94091,37.54077]]]},"properties":{"hoanrinKind":"保安林"}},
{"type":"Feature","geometry":{"type":"Polygon","coordinates":[[[140.1545,37.49128],[140.15465,37.49191],[140.15384,37.49197],[140.15389,37.49138],[140.1545,37.49128]]]},"properties":{"hoanrinKind":"保安林"}},
{"type":"Feature","geometry":{"type":"Polygon","coordinates":[[[140.72419,37.44895],[140.72484,37.44932],[140.72453,37.44966],[140.72373,37.44949],[140.72419,37.44895]]]},"properties":{"hoanrinKind":"保安林"}},
{"type":"Feature","geometry":{"type":"Polygon","coordinates":[[[140.87362,37.12215],[140.87379,37.12271],[140.87284,37.12271],[140.87294,37.12203],[140.87362,37.12215]]]},"properties":{"hoanrinKind":"保安林"}},
{"type":"Feature","geometry":{"type":"Polygon","coordinates":[[[139.76681,37.47457],[139.76685,37.4753],[139.76612,37.47534],[139.76623,37.47467],[139.76681,37.47457]]]},"properties":{"hoanrinKind":"保安林"}},
{"type":"Feature","geometry":{"type":"Polygon","coordinates":[[[140.80466,36.90275],[140.80516,36.90352],[140.80448,36.90361],[140.80466,36.90275]]]},"properties":{"hoanrinKind":"保安林"}},
{"type":"Feature","geometry":{"type":"Polygon","coordinates":[[[140.92863,37.66721],[140.93022,37.6679],[140.93001,37.66816],[140.9284,37.66761],[140.92863,37.66721]]]},"properties":{"hoanrinKind":"保安林"}},
{"type":"Feature","geometry":{"type":"Polygon","coordinates":[[[139.8088,37.71145],[139.80929,37.7123],[139.80841,37.71223],[139.8088,37.71145]]]},"properties":{"hoanrinKind":"保安林"}},
{"type":"Feature","geometry":{"type":"Polygon","coordinates":[[[140.89659,37.13082],[140.89756,37.13124],[140.89701,37.13165],[140.89659,37.13082]]]},"properties":{"hoanrinKind":"保安林"}},
{"type":"Feature","geometry":{"type":"Polygon","coordinates":[[[140.66904,37.43718],[140.66934,37.43793],[140.66825,37.43755],[140.66904,37.43718]]]},"properties":{"hoanrinKind":"保安林"}},
{"type":"Feature","geometry":{"type":"Polygon","coordinates":[[[140.94646,37.55522],[140.94693,37.55554],[140.94703,37.55605],[140.94623,37.55592],[140.94646,37.55522]]]},"properties":{"hoanrinKind":"保安林"}},
{"type":"Feature","geometry":{"type":"Polygon","coordinates":[[[140.02451,37.26871],[140.0252,37.26976],[140.02466,37.27012],[140.02444,37.2694],[140.02451,37.26871]]]},"properties":{"hoanrinKind":"保安林"}},
{"type":"Feature","geometry":{"type":"Polygon","coordinates":[[[140.41576,36.95475],[140.41567,36.95522],[140.41519,36.95558],[140.41498,36.95483],[140.41576,36.95475]]]},"properties":{"hoanrinKind":"保安林"}},
{"type":"Feature","geometry":{"type":"Polygon","coordinates":[[[140.64695,37.75688],[140.64565,37.7575],[140.64536,37.75705],[140.64695,37.75688]]]},"properties":{"hoanrinKind":"保安林"}},
{"type":"Feature","geometry":{"type":"Polygon","coordinates":[[[140.94919,37.59985],[140.94915,37.60046],[140.94805,37.60032],[140.94837,37.59983],[140.94919,37.59985]]]},"properties":{"hoanrinKind":"保安林"}},
{"type":"Feature","geometry":{"type":"Polygon","coordinates":[[[140.38621,36.89575],[140.38587,36.89645],[140.38499,36.89617],[140.38547,36.89556],[140.38621,36.89575]]]},"properties":{"hoanrinKind":"保安林"}},
{"type":"Feature","geometry":{"type":"Polygon","coordinates":[[[140.71688,37.22316],[140.71735,37.22355],[140.71722,37.22415],[140.71644,37.22358],[140.71688,37.22316]]]},"properties":{"hoanrinKind":"保安林"}},
{"type":"Feature","geometry":{"type":"Polygon","coordinates":[[[141.00054,37.7623],[140.99978,37.76246],[140.99907,37.7622],[140.9993,37.76184],[141.00004,37.7619],[141.00054,37.7623]]]},"properties":{"hoanrinKind":"保安林"}},
{"type":"Feature","geometry":{"type":"Polygon","coordinates":[[[140.60921,37.22948],[140.60865,37.23021],[140.60826,37.22955],[140.60921,37.22948]]]},"properties":{"hoanrinKind":"保安林"}},
{"type":"Feature","geometry":{"type":"Polygon","coordinates":[[[140.67997,37.45154],[140.67932,37.45215],[140.67907,37.45129],[140.67997,37.45154]]]},"properties":{"hoanrinKind":"保安林"}},
{"type":"Feature","geometry":{"type":"Polygon","coordinates":[[[139.51926,37.19189],[139.51964,37.19284],[139.51881,37.19255],[139.51926,37.19189]]]},"properties":{"hoanrinKind":"保安林"}},
{"type":"Feature","geometry":{"type":"Polygon","coordinates":[[[140.71022,36.9193],[140.71034,36.91968],[140.70977,36.92027],[140.70936,36.91996],[140.70952,36.91937],[140.71022,36.9193]]]},"properties":{"hoanrinKind":"保安林"}},
{"type":"Feature","geometry":{"type":"Polygon","coordinates":[[[140.87458,37.83567],[140.87381,37.83563],[140.87369,37.83485],[140.87462,37.83494],[140.87458,37.83567]]]},"properties":{"hoanrinKind":"保安林"}},
{"type":"Feature","geometry":{"type":"Polygon","coordinates":[[[139.90053,37.24326],[139.90094,37.24364],[139.89993,37.24421],[139.89991,37.24347],[139.90053,37.24326]]]},"properties":{"hoanrinKind":"保安林"}},
{"type":"Feature","geometry":{"type":"Polygon","coordinates":[[[140.70587,36.92109],[140.70521,36.92175],[140.70474,36.92116],[140.70587,36.92109]]]},"properties":{"hoanrinKind":"保安林"}},
{"type":"Feature","geometry":{"type":"Polygon","coordinates":[[[140.39099,37.76063],[140.39041,37.76177],[140.38982,37.76147],[140.39015,37.76101],[140.39099,37.76063]]]},"properties":{"hoanrinKind":"保安林"}},
{"type":"Feature","geometry":{"type":"Polygon","coordinates":[[[139.6907,37.0942],[139.69143,37.0944],[139.69036,37.09519],[139.69017,37.09437],[139.6907,37.0942]]]},"properties":{"hoanrinKind":"保安林"}},
{"type":"Feature","geometry":{"type":"Polygon","coordinates":[[[140.16683,37.63818],[140.16678,37.63871],[140.1659,37.63897],[140.16599,37.63831],[140.16683,37.63818]]]},"properties":{"hoanrinKind":"保安林"}},
{"type":"Feature","geometry":{"type":"Polygon","coordinates":[[[140.89888,37.77781],[140.89932,37.77851],[140.89912,37.77901],[140.89808,37.77799],[140.89888,37.77781]]]},"properties":{"hoanrinKind":"保安林"}},
{"type":"Feature","geometry":{"type":"Polygon","coordinates":[[[140.63886,37.77433],[140.63934,37.77523],[140.63839,37.77493],[140.63886,37.77433]]]},"properties":{"hoanrinKind":"保安林"}},
{"type":"Feature","geometry":{"type":"Polygon","coordinates":[[[140.96353,37.55091],[140.96432,37.55182],[140.96379,37.55188],[140.96302,37.55128],[140.96353,37.55091]]]},"properties":{"hoanrinKind":"保安林"}},
{"type":"Feature","geometry":{"type":"Polygon","coordinates":[[[140.55243,37.51798],[140.55274,37.51878],[140.55199,37.5187],[140.55161,37.51814],[140.55243,37.51798]]]},"properties":{"hoanrinKind":"保安林"}},
{"type":"Feature","geometry":{"type":"Polygon","coordinates":[[[140.33798,37.69174],[140.33737,37.69136],[140.33858,37.69109],[140.33883,37.69159],[140.33798,37.69174]]]},"properties":{"hoanrinKind":"保安林"}},
{"type":"Feature","geometry":{"type":"Polygon","coordinates":[[[140.78733,37.78905],[140.78788,37.79025],[140.78753,37.79066],[140.78695,37.78926],[140.78733,37.78905]]]},"properties":{"hoanrinKind":"保安林"}},
{"type":"Feature","geometry":{"type":"Polygon","coordinates":[[[140.68464,37.23979],[140.68487,37.24026],[140.68415,37.24086],[140.68367,37.24044],[140.68464,37.23979]]]},"properties":{"hoanrinKind":"保安林"}},
{"type":"Feature","geometry":{"type":"Polygon","coordinates":[[[140.79481,37.76529],[140.79484,37.76619],[140.79408,37.76626],[140.79422,37.76534],[140.79481,37.76529]]]},"properties":{"hoanrinKind":"保安林"}},
{"type":"Feature","geometry":{"type":"Polygon","coordinates":[[[140.45427,37.57943],[140.45415,37.58076],[140.45367,37.58068],[140.45368,37.57978],[140.45427,37.57943]]]},"properties":{"hoanrinKind":"保安林"}},
{"type":"Feature","geometry":{"type":"Polygon","coordinates":[[[140.03591,37.60962],[140.03584,37.61034],[140.03508,37.61003],[140.03591,37.60962]]]},"properties":{"hoanrinKind":"保安林"}},
{"type":"Feature","geometry":{"type":"Polygon","coordinates":[[[140.83436,37.02776],[140.83542,37.02784],[140.83531,37.0284],[140.8342,37.02835],[140.83436,37.02776]]]},"properties":{"hoanrinKind":"保安林"}},
{"type":"Feature","geometry":{"type":"Polygon","coordinates":[[[140.67252,37.60214],[140.67165,37.60305],[140.67109,37.60262],[140.67252,37.60214]]]},"properties":{"hoanrinKind":"保安林"}},
{"type":"Feature","geometry":{"type":"Polygon","coordinates":[[[140.87126,37.52771],[140.87032,37.52879],[140.86963,37.52838],[140.87126,37.52771]]]},"properties":{"hoanrinKind":"保安林"}},
{"type":"Feature","geometry":{"type":"Polygon","coordinates":[[[139.43472,37.39613],[139.43497,37.39668],[139.43462,37.39715],[139.43395,37.39668],[139.43472,37.39613]]]},"properties":{"hoanrinKind":"保安林"}},
{"type":"Feature","geometry":{"type":"Polygon","coordinates":[[[140.76173,37.22688],[140.76207,37.22762],[140.76139,37.228],[140.76106,37.22699],[140.76173,37.22688]]]},"properties":{"hoanrinKind":"保安林"}},
{"type":"Feature","geometry":{"type":"Polygon","coordinates":[[[140.6975,37.41713],[140.6977,37.41761],[140.69695,37.4178],[140.69666,37.41703],[140.6975,37.41713]]]},"properties":{"hoanrinKind":"保安林"}},
{"type":"Feature","geometry":{"type":"Polygon","coordinates":[[[140.81309,37.42972],[140.81329,37.43035],[140.81307,37.43104],[140.81272,37.43123],[140.81261,37.43017],[140.81309,37.42972]]]},"properties":{"hoanrinKind":"保安林"}},
{"type":"Feature","geometry":{"type":"Polygon","coordinates":[[[140.98062,37.20049],[140.98083,37.20115],[140.98028,37.20149],[140.97995,37.20066],[140.98062,37.20049]]]},"properties":{"hoanrinKind":"保安林"}},
{"type":"Feature","geometry":{"type":"Polygon","coordinates":[[[140.14911,37.27652],[140.15033,37.27708],[140.1487,37.2772],[140.14911,37.27652]]]},"properties":{"hoanrinKind":"保安林"}},
{"type":"Feature","geometry":{"type":"Polygon","coordinates":[[[139.72515,37.08778],[139.72586,37.08834],[139.72491,37.08851],[139.72515,37.08778]]]},"properties":{"hoanrinKind":"保安林"}},
{"type":"Feature","geometry":{"type":"Polygon","coordinates":[[[140.51559,37.56984],[140.51661,37.57041],[140.51545,37.5705],[140.51559,37.56984]]]},"properties":{"hoanrinKind":"保安林"}},
{"type":"Feature","geometry":{"type":"Polygon","coordinates":[[[140.15828,37.49118],[140.15788,37.49182],[140.1571,37.49164],[140.15706,37.49091],[140.15828,37.49118]]]},"properties":{"hoanrinKind":"保安林"}},
{"type":"Feature","geometry":{"type":"Polygon","coordinates":[[[140.3117,36.99696],[140.31207,36.99748],[140.31149,36.99805],[140.311,36.99747],[140.3117,36.99696]]]},"properties":{"hoanrinKind":"保安林"}},
{"type":"Feature","geometry":{"type":"Polygon","coordinates":[[[140.92535,37.66591],[140.92614,37.6661],[140.92608,37.66654],[140.9244,37.66622],[140.92535,37.66591]]]},"properties":{"hoanrinKind":"保安林"}},
{"type":"Feature","geometry":{"type":"Polygon","coordinates":[[[140.41158,37.01895],[140.41204,37.01959],[140.41114,37.01979],[140.41099,37.01914],[140.41158,37.01895]]]},"properties":{"hoanrinKind":"保安林"}},
{"type":"Feature","geometry":{"type":"Polygon","coordinates":[[[140.36083,37.71777],[140.36087,37.71901],[140.36031,37.71892],[140.3602,37.71777],[140.36083,37.71777]]]},"properties":{"hoanrinKind":"保安林"}},
{"type":"Feature","geometry":{"type":"Polygon","coordinates":[[[140.33386,37.68742],[140.33292,37.68813],[140.33261,37.68728],[140.33386,37.68742]]]},"properties":{"hoanrinKind":"保安林"}},
{"type":"Feature","geometry":{"type":"Polygon","coordinates":[[[140.39787,36.96924],[140.39749,36.97019],[140.39679,36.96953],[140.39787,36.96924]]]},"properties":{"hoanrinKind":"保安林"}},
{"type":"Feature","geometry":{"type":"Polygon","coordinates":[[[140.96849,37.50572],[140.9681,37.50638],[140.96684,37.50624],[140.96765,37.50576],[140.96849,37.50572]]]},"properties":{"hoanrinKind":"保安林"}},
{"type":"Feature","geometry":{"type":"Polygon","coordinates":[[[139.4547,37.2994],[139.45469,37.30009],[139.45367,37.30013],[139.45413,37.2994],[139.4547,37.2994]]]},"properties":{"hoanrinKind":"保安林"}},
{"type":"Feature","geometry":{"type":"Polygon","coordinates":[[[139.64301,37.31315],[139.64369,37.31363],[139.64304,37.31427],[139.64276,37.31375],[139.64301,37.31315]]]},"properties":{"hoanrinKind":"保安林"}},
{"type":"Feature","geometry":{"type":"Polygon","coordinates":[[[139.591,37.46068],[139.59124,37.46139],[139.59043,37.46142],[139.59,37.46097],[139.591,37.46068]]]},"properties":{"hoanrinKind":"保安林"}},
{"type":"Feature","geometry":{"type":"Polygon","coordinates":[[[140.36849,37.60505],[140.36782,37.60634],[140.36683,37.60599],[140.36849,37.60505]]]},"properties":{"hoanrinKind":"保安林"}},
{"type":"Feature","geometry":{"type":"Polygon","coordinates":[[[140.91255,37.72012],[140.91353,37.72042],[140.91341,37.72097],[140.91247,37.7209],[140.91255,37.72012]]]},"properties":{"hoanrinKind":"保安林"}},
{"type":"Feature","geometry":{"type":"Polygon","coordinates":[[[140.50667,37.56067],[140.50687,37.56121],[140.50584,37.56137],[140.50567,37.56057],[140.50667,37.56067]]]},"properties":{"hoanrinKind":"保安林"}},
{"type":"Feature","geometry":{"type":"Polygon","coordinates":[[[140.99873,37.13293],[140.99877,37.13492],[140.99846,37.13497],[140.99832,37.13309],[140.99873,37.13293]]]},"properties":{"hoanrinKind":"保安林"}},
{"type":"Feature","geometry":{"type":"Polygon","coordinates":[[[140.54507,37.52279],[140.54525,37.52354],[140.54426,37.52369],[140.54436,37.52278],[140.54507,37.52279]]]},"properties":{"hoanrinKind":"保安林"}},
{"type":"Feature","geometry":{"type":"Polygon","coordinates":[[[139.41325,37.37433],[139.41271,37.37511],[139.41188,37.37484],[139.41293,37.37415],[139.41325,37.37433]]]},"properties":{"hoanrinKind":"保安林"}},
{"type":"Feature","geometry":{"type":"Polygon","coordinates":[[[140.40982,36.89075],[140.40979,36.89145],[140.40853,36.89135],[140.40865,36.8908],[140.40982,36.89075]]]},"properties":{"hoanrinKind":"保安林"}},
{"type":"Feature","geometry":{"type":"Polygon","coordinates":[[[140.94597,37.46322],[140.94627,37.46392],[140.94547,37.46396],[140.94498,37.46333],[140.94597,37.46322]]]},"properties":{"hoanrinKind":"保安林"}},
{"type":"Feature","geometry":{"type":"Polygon","coordinates":[[[140.80902,37.34057],[140.8093,37.34121],[140.80889,37.34159],[140.8083,37.34097],[140.80902,37.34057]]]},"properties":{"hoanrinKind":"保安林"}},
{"type":"Feature","geometry":{"type":"Polygon","coordinates":[[[140.02655,37.26885],[140.02656,37.27014],[140.02586,37.27013],[140.02655,37.26885]]]},"properties":{"hoanrinKind":"保安林"}},
{"type":"Feature","geometry":{"type":"Polygon","coordinates":[[[140.80631,37.43288],[140.80595,37.43367],[140.80533,37.43344],[140.80586,37.43285],[140.80631,37.43288]]]},"properties":{"hoanrinKind":"保安林"}},
{"type":"Feature","geometry":{"type":"Polygon","coordinates":[[[140.57782,37.7472],[140.57725,37.74784],[140.57669,37.74716],[140.57782,37.7472]]]},"properties":{"hoanrinKind":"保安林"}},
{"type":"Feature","geometry":{"type":"Polygon","coordinates":[[[140.73407,36.95326],[140.73438,36.95508],[140.73392,36.95518],[140.73371,36.95359],[140.73407,36.95326]]]},"properties":{"hoanrinKind":"保安林"}},
{"type":"Feature","geometry":{"type":"Polygon","coordinates":[[[139.67586,37.73225],[139.67509,37.73328],[139.67408,37.73343],[139.67519,37.73248],[139.67586,37.73225]]]},"properties":{"hoanrinKind":"保安林"}},
{"type":"Feature","geometry":{"type":"Polygon","coordinates":[[[140.60416,37.6068],[140.60509,37.60711],[140.60503,37.60759],[140.60413,37.60772],[140.60416,37.6068]]]},"properties":{"hoanrinKind":"保安林"}},
{"type":"Feature","geometry":{"type":"Polygon","coordinates":[[[140.56744,37.62417],[140.56817,37.6245],[140.56734,37.625],[140.5669,37.62468],[140.56744,37.62417]]]},"properties":{"hoanrinKind":"保安林"}},
{"type":"Feature","geometry":{"type":"Polygon","coordinates":[[[140.37865,37.76091],[140.37929,37.76187],[140.37854,37.76195],[140.37865,37.76091]]]},"properties":{"hoanrinKind":"保安林"}},
{"type":"Feature","geometry":{"type":"Polygon","coordinates":[[[140.81384,37.73416],[140.81369,37.73499],[140.81308,37.73477],[140.81384,37.73416]]]},"properties":{"hoanrinKind":"保安林"}},
{"type":"Feature","geometry":{"type":"Polygon","coordinates":[[[140.60617,37.75501],[140.60688,37.75555],[140.60607,37.75594],[140.6056,37.75548],[140.60617,37.75501]]]},"properties":{"hoanrinKind":"保安林"}},
{"type":"Feature","geometry":{"type":"Polygon","coordinates":[[[140.86541,37.77412],[140.86551,37.77465],[140.86463,37.77564],[140.86433,37.77534],[140.86541,37.77412]]]},"properties":{"hoanrinKind":"保安林"}},
{"type":"Feature","geometry":{"type":"Polygon","coordinates":[[[140.63619,37.44188],[140.63462,37.44222],[140.63515,37.44155],[140.63619,37.44188]]]},"properties":{"hoanrinKind":"保安林"}},
{"type":"Feature","geometry":{"type":"Polygon","coordinates":[[[140.11923,37.68321],[140.12063,37.68388],[140.12019,37.68409],[140.11951,37.68375],[140.11923,37.68321]]]},"properties":{"hoanrinKind":"保安林"}},
{"type":"Feature","geometry":{"type":"Polygon","coordinates":[[[140.97872,37.45725],[140.97935,37.45787],[140.97866,37.45824],[140.97788,37.45762],[140.97872,37.45725]]]},"properties":{"hoanrinKind":"保安林"}},
{"type":"Feature","geometry":{"type":"Polygon","coordinates":[[[140.96729,37.6041],[140.96871,37.6048],[140.96858,37.60526],[140.96729,37.6041]]]},"properties":{"hoanrinKind":"保安林"}},
{"type":"Feature","geometry":{"type":"Polygon","coordinates":[[[140.19198,37.26049],[140.19253,37.26106],[140.19137,37.26154],[140.19107,37.26063],[140.19198,37.26049]]]},"properties":{"hoanrinKind":"保安林"}},
{"type":"Feature","geometry":{"type":"Polygon","coordinates":[[[140.50191,37.41447],[140.50176,37.41514],[140.5004,37.41495],[140.50044,37.41445],[140.50191,37.41447]]]},"properties":{"hoanrinKind":"保安林"}},
{"type":"Feature","geometry":{"type":"Polygon","coordinates":[[[140.63031,37.77419],[140.63083,37.77513],[140.63093,37.77605],[140.6304,37.77597],[140.63031,37.77419]]]},"properties":{"hoanrinKind":"保安林"}},
{"type":"Feature","geometry":{"type":"Polygon","coordinates":[[[141.00788,37.74914],[141.00731,37.74946],[141.00637,37.74942],[141.0066,37.74907],[141.00746,37.74892],[141.00788,37.74914]]]},"properties":{"hoanrinKind":"保安林"}},
{"type":"Feature","geometry":{"type":"Polygon","coordinates":[[[140.42097,37.75122],[140.42244,37.75168],[140.42223,37.75206],[140.42062,37.75178],[140.42097,37.75122]]]},"properties":{"hoanrinKind":"保安林"}},
{"type":"Feature","geometry":{"type":"Polygon","coordinates":[[[140.93917,37.56722],[140.9394,37.56782],[140.93867,37.56799],[140.9382,37.56727],[140.93917,37.56722]]]},"properties":{"hoanrinKind":"保安林"}},
{"type":"Feature","geometry":{"type":"Polygon","coordinates":[[[140.52202,37.14922],[140.52229,37.14981],[140.52132,37.15027],[140.52107,37.14971],[140.52202,37.14922]]]},"properties":{"hoanrinKind":"保安林"}},
{"type":"Feature","geometry":{"type":"Polygon","coordinates":[[[139.41505,37.37426],[139.41578,37.37491],[139.41539,37.37524],[139.4141,37.37457],[139.41505,37.37426]]]},"properties":{"hoanrinKind":"保安林"}},
{"type":"Feature","geometry":{"type":"Polygon","coordinates":[[[139.727,37.42919],[139.72717,37.42998],[139.72645,37.43001],[139.72612,37.42936],[139.727,37.42919]]]},"properties":{"hoanrinKind":"保安林"}},
{"type":"Feature","geometry":{"type":"Polygon","coordinates":[[[140.43555,36.92535],[140.43619,36.92618],[140.43493,36.92621],[140.43555,36.92535]]]},"properties":{"hoanrinKind":"保安林"}},
{"type":"Feature","geometry":{"type":"Polygon","coordinates":[[[140.41186,37.62412],[140.41224,37.62487],[140.41109,37.62462],[140.41186,37.62412]]]},"properties":{"hoanrinKind":"保安林"}},
{"type":"Feature","geometry":{"type":"Polygon","coordinates":[[[140.5517,37.79538],[140.55196,37.79618],[140.55113,37.79619],[140.5517,37.79538]]]},"properties":{"hoanrinKind":"保安林"}},
{"type":"Feature","geometry":{"type":"Polygon","coordinates":[[[140.43386,36.90623],[140.43493,36.90673],[140.43274,36.90683],[140.43294,36.9064],[140.43386,36.90623]]]},"properties":{"hoanrinKind":"保安林"}},
{"type":"Feature","geometry":{"type":"Polygon","coordinates":[[[140.53758,37.62402],[140.53723,37.62499],[140.53639,37.62448],[140.53758,37.62402]]]},"properties":{"hoanrinKind":"保安林"}},
{"type":"Feature","geometry":{"type":"Polygon","coordinates":[[[140.34987,37.76777],[140.35005,37.76852],[140.34899,37.76859],[140.34879,37.76794],[140.34987,37.76777]]]},"properties":{"hoanrinKind":"保安林"}},
{"type":"Feature","geometry":{"type":"Polygon","coordinates":[[[140.74643,37.52055],[140.74535,37.52104],[140.74507,37.52058],[140.74643,37.52055]]]},"properties":{"hoanrinKind":"保安林"}},
{"type":"Feature","geometry":{"type":"Polygon","coordinates":[[[140.52943,37.5445],[140.53021,37.54483],[140.52981,37.5457],[140.52928,37.54552],[140.52943,37.5445]]]},"properties":{"hoanrinKind":"保安林"}},
{"type":"Feature","geometry":{"type":"Polygon","coordinates":[[[139.60776,37.63203],[139.60614,37.63252],[139.60648,37.63177],[139.60776,37.63203]]]},"properties":{"hoanrinKind":"保安林"}},
{"type":"Feature","geometry":{"type":"Polygon","coordinates":[[[140.65898,37.43544],[140.65947,37.43602],[140.65811,37.43595],[140.65775,37.43544],[140.65898,37.43544]]]},"properties":{"hoanrinKind":"保安林"}},
{"type":"Feature","geometry":{"type":"Polygon","coordinates":[[[140.59163,37.05745],[140.59175,37.05797],[140.59099,37.05819],[140.58998,37.0578],[140.59163,37.05745]]]},"properties":{"hoanrinKind":"保安林"}},
{"type":"Feature","geometry":{"type":"Polygon","coordinates":[[[140.96543,37.50759],[140.96528,37.50819],[140.9645,37.50862],[140.96406,37.50812],[140.96543,37.50759]]]},"properties":{"hoanrinKind":"保安林"}},
{"type":"Feature","geometry":{"type":"Polygon","coordinates":[[[140.6617,37.41204],[140.66115,37.41303],[140.66058,37.41209],[140.6617,37.41204]]]},"properties":{"hoanrinKind":"保安林"}},
{"type":"Feature","geometry":{"type":"Polygon","coordinates":[[[140.60614,37.71045],[140.60623,37.71096],[140.60477,37.71139],[140.60489,37.71055],[140.60614,37.71045]]]},"properties":{"hoanrinKind":"保安林"}},
{"type":"Feature","geometry":{"type":"Polygon","coordinates":[[[140.68596,37.49316],[140.68448,37.49328],[140.6843,37.49273],[140.68575,37.49256],[140.68596,37.49316]]]},"properties":{"hoanrinKind":"保安林"}},
{"type":"Feature","geometry":{"type":"Polygon","coordinates":[[[140.69584,37.40746],[140.69592,37.40813],[140.69478,37.40823],[140.69508,37.40757],[140.69584,37.40746]]]},"properties":{"hoanrinKind":"保安林"}},
{"type":"Feature","geometry":{"type":"Polygon","coordinates":[[[139.59604,37.45708],[139.5964,37.4575],[139.59555,37.45799],[139.59516,37.45731],[139.59604,37.45708]]]},"properties":{"hoanrinKind":"保安林"}},
{"type":"Feature","geometry":{"type":"Polygon","coordinates":[[[140.81086,37.73884],[140.81141,37.73942],[140.811,37.7398],[140.8101,37.73931],[140.81086,37.73884]]]},"properties":{"hoanrinKind":"保安林"}},
{"type":"Feature","geometry":{"type":"Polygon","coordinates":[[[140.69636,37.48198],[140.69658,37.48328],[140.696,37.48318],[140.6958,37.48203],[140.69636,37.48198]]]},"properties":{"hoanrinKind":"保安林"}},
{"type":"Feature","geometry":{"type":"Polygon","coordinates":[[[140.60519,37.75599],[140.60422,37.75588],[140.6039,37.75543],[140.60506,37.75535],[140.60519,37.75599]]]},"properties":{"hoanrinKind":"保安林"}},
{"type":"Feature","geometry":{"type":"Polygon","coordinates":[[[140.80363,37.73233],[140.80557,37.73342],[140.80558,37.73375],[140.8034,37.73279],[140.80363,37.73233]]]},"properties":{"hoanrinKind":"保安林"}},
{"type":"Feature","geometry":{"type":"Polygon","coordinates":[[[139.51798,37.15523],[139.5187,37.15649],[139.51778,37.15655],[139.51798,37.15523]]]},"properties":{"hoanrinKind":"保安林"}},
{"type":"Feature","geometry":{"type":"Polygon","coordinates":[[[139.4864,37.30509],[139.486,37.306],[139.4852,37.30594],[139.48541,37.30518],[139.4864,37.30509]]]},"properties":{"hoanrinKind":"保安林"}},
{"type":"Feature","geometry":{"type":"Polygon","coordinates":[[[140.65819,37.74884],[140.65841,37.74951],[140.65777,37.74974],[140.65721,37.74907],[140.65819,37.74884]]]},"properties":{"hoanrinKind":"保安林"}},
{"type":"Feature","geometry":{"type":"Polygon","coordinates":[[[140.65898,37.58639],[140.65908,37.58729],[140.65816,37.58703],[140.65898,37.58639]]]},"properties":{"hoanrinKind":"保安林"}},
{"type":"Feature","geometry":{"type":"Polygon","coordinates":[[[140.97229,37.68848],[140.97306,37.68865],[140.97419,37.68931],[140.97372,37.68948],[140.97279,37.68908],[140.97212,37.68902],[140.97229,37.68848]]]},"properties":{"hoanrinKind":"保安林"}},
{"type":"Feature","geometry":{"type":"Polygon","coordinates":[[[140.57582,37.6231],[140.57612,37.62401],[140.57506,37.62379],[140.57582,37.6231]]]},"properties":{"hoanrinKind":"保安林"}},
{"type":"Feature","geometry":{"type":"Polygon","coordinates":[[[140.15856,37.29608],[140.15841,37.29688],[140.15764,37.29667],[140.15765,37.2958],[140.15856,37.29608]]]},"properties":{"hoanrinKind":"保安林"}},
{"type":"Feature","geometry":{"type":"Polygon","coordinates":[[[140.53276,37.54287],[140.53246,37.54385],[140.53131,37.54336],[140.53276,37.54287]]]},"properties":{"hoanrinKind":"保安林"}},
{"type":"Feature","geometry":{"type":"Polygon","coordinates":[[[140.62421,37.7221],[140.62472,37.72301],[140.62343,37.72302],[140.62421,37.7221]]]},"properties":{"hoanrinKind":"保安林"}},
{"type":"Feature","geometry":{"type":"Polygon","coordinates":[[[140.57091,37.61732],[140.57136,37.61801],[140.57089,37.61843],[140.57011,37.61767],[140.57091,37.61732]]]},"properties":{"hoanrinKind":"保安林"}},
{"type":"Feature","geometry":{"type":"Polygon","coordinates":[[[140.60407,37.26316],[140.60412,37.26398],[140.6032,37.26388],[140.60308,37.26308],[140.60407,37.26316]]]},"properties":{"hoanrinKind":"保安林"}},
{"type":"Feature","geometry":{"type":"Polygon","coordinates":[[[140.71653,37.45571],[140.71706,37.45671],[140.71678,37.45711],[140.71558,37.45599],[140.71653,37.45571]]]},"properties":{"hoanrinKind":"保安林"}},
{"type":"Feature","geometry":{"type":"Polygon","coordinates":[[[140.31673,36.99911],[140.31683,36.99959],[140.31563,37.00017],[140.31539,36.99948],[140.31673,36.99911]]]},"properties":{"hoanrinKind":"保安林"}},
{"type":"Feature","geometry":{"type":"Polygon","coordinates":[[[140.95294,37.40239],[140.95366,37.40265],[140.95347,37.40331],[140.95265,37.40313],[140.95294,37.40239]]]},"properties":{"hoanrinKind":"保安林"}},
{"type":"Feature","geometry":{"type":"Polygon","coordinates":[[[139.98761,37.66943],[139.98662,37.67034],[139.98625,37.66943],[139.98761,37.66943]]]},"properties":{"hoanrinKind":"保安林"}},
{"type":"Feature","geometry":{"type":"Polygon","coordinates":[[[140.42285,36.90186],[140.42237,36.90274],[140.42147,36.90244],[140.42178,36.90187],[140.42285,36.90186]]]},"properties":{"hoanrinKind":"保安林"}},
{"type":"Feature","geometry":{"type":"Polygon","coordinates":[[[140.60149,37.60451],[140.60087,37.60489],[140.60068,37.60435],[140.60118,37.60395],[140.60149,37.60451]]]},"properties":{"hoanrinKind":"保安林"}},
{"type":"Feature","geometry":{"type":"Polygon","coordinates":[[[140.97782,37.17726],[140.97652,37.17735],[140.97658,37.17625],[140.97782,37.17726]]]},"properties":{"hoanrinKind":"保安林"}},
{"type":"Feature","geometry":{"type":"Polygon","coordinates":[[[139.69484,37.48211],[139.6955,37.48257],[139.6951,37.48314],[139.69436,37.48282],[139.69484,37.48211]]]},"properties":{"hoanrinKind":"保安林"}},
{"type":"Feature","geometry":{"type":"Polygon","coordinates":[[[139.44204,37.37737],[139.44212,37.37823],[139.44106,37.37794],[139.44204,37.37737]]]},"properties":{"hoanrinKind":"保安林"}},
{"type":"Feature","geometry":{"type":"Polygon","coordinates":[[[140.9147,37.66291],[140.91525,37.66441],[140.91464,37.6644],[140.91413,37.66321],[140.9147,37.66291]]]},"properties":{"hoanrinKind":"保安林"}},
{"type":"Feature","geometry":{"type":"Polygon","coordinates":[[[140.93149,37.66663],[140.93191,37.66692],[140.93181,37.66781],[140.93067,37.66709],[140.93149,37.66663]]]},"properties":{"hoanrinKind":"保安林"}},
{"type":"Feature","geometry":{"type":"Polygon","coordinates":[[[140.69625,37.48576],[140.69675,37.48584],[140.69661,37.4871],[140.69583,37.4868],[140.69625,37.48576]]]},"properties":{"hoanrinKind":"保安林"}},
{"type":"Feature","geometry":{"type":"Polygon","coordinates":[[[140.62829,37.21862],[140.62857,37.21928],[140.62747,37.21938],[140.62758,37.2186],[140.62829,37.21862]]]},"properties":{"hoanrinKind":"保安林"}},
{"type":"Feature","geometry":{"type":"Polygon","coordinates":[[[140.45541,36.98942],[140.45529,36.99074],[140.45458,36.99044],[140.45541,36.98942]]]},"properties":{"hoanrinKind":"保安林"}},
{"type":"Feature","geometry":{"type":"Polygon","coordinates":[[[140.72579,37.44918],[140.72605,37.45011],[140.725,37.45024],[140.72524,37.44919],[140.72579,37.44918]]]},"properties":{"hoanrinKind":"保安林"}},
{"type":"Feature","geometry":{"type":"Polygon","coordinates":[[[140.72699,36.90193],[140.72582,36.90274],[140.7254,36.90215],[140.72699,36.90193]]]},"properties":{"hoanrinKind":"保安林"}},
{"type":"Feature","geometry":{"type":"Polygon","coordinates":[[[140.39032,37.57434],[140.39066,37.57513],[140.39006,37.57534],[140.38929,37.57472],[140.39032,37.57434]]]},"properties":{"hoanrinKind":"保安林"}},
{"type":"Feature","geometry":{"type":"Polygon","coordinates":[[[139.70737,37.10919],[139.70679,37.11033],[139.70623,37.10944],[139.70737,37.10919]]]},"properties":{"hoanrinKind":"保安林"}},
{"type":"Feature","geometry":{"type":"Polygon","coordinates":[[[140.65171,37.26618],[140.6524,37.26701],[140.65194,37.26735],[140.65113,37.26685],[140.65171,37.26618]]]},"properties":{"hoanrinKind":"保安林"}},
{"type":"Feature","geometry":{"type":"Polygon","coordinates":[[[140.81886,37.39829],[140.81921,37.39946],[140.81839,37.39951],[140.81886,37.39829]]]},"properties":{"hoanrinKind":"保安林"}},
{"type":"Feature","geometry":{"type":"Polygon","coordinates":[[[140.85649,37.13592],[140.85719,37.13645],[140.85687,37.1371],[140.85594,37.13666],[140.85649,37.13592]]]},"properties":{"hoanrinKind":"保安林"}},
{"type":"Feature","geometry":{"type":"Polygon","coordinates":[[[139.84408,37.21186],[139.84442,37.2123],[139.84379,37.21309],[139.84293,37.21313],[139.84408,37.21186]]]},"properties":{"hoanrinKind":"保安林"}},
{"type":"Feature","geometry":{"type":"Polygon","coordinates":[[[140.93498,37.66898],[140.93716,37.66918],[140.93603,37.66961],[140.93498,37.66898]]]},"properties":{"hoanrinKind":"保安林"}},
{"type":"Feature","geometry":{"type":"Polygon","coordinates":[[[139.76274,37.19539],[139.7625,37.19651],[139.76192,37.19533],[139.76274,37.19539]]]},"properties":{"hoanrinKind":"保安林"}},
{"type":"Feature","geometry":{"type":"Polygon","coordinates":[[[139.6537,37.20266],[139.6533,37.20346],[139.65268,37.20347],[139.65208,37.20278],[139.6537,37.20266]]]},"properties":{"hoanrinKind":"保安林"}},
{"type":"Feature","geometry":{"type":"Polygon","coordinates":[[[140.89039,37.10971],[140.89234,37.11094],[140.89104,37.11078],[140.89039,37.10971]]]},"properties":{"hoanrinKind":"保安林"}},
{"type":"Feature","geometry":{"type":"Polygon","coordinates":[[[140.51469,37.57305],[140.51481,37.57368],[140.51376,37.57402],[140.5134,37.57348],[140.51469,37.57305]]]},"properties":{"hoanrinKind":"保安林"}},
{"type":"Feature","geometry":{"type":"Polygon","coordinates":[[[140.686,37.44767],[140.68552,37.44873],[140.68448,37.44858],[140.68547,37.44769],[140.686,37.44767]]]},"properties":{"hoanrinKind":"保安林"}},
{"type":"Feature","geometry":{"type":"Polygon","coordinates":[[[139.91108,37.28555],[139.91189,37.2861],[139.91127,37.28684],[139.91108,37.28555]]]},"properties":{"hoanrinKind":"保安林"}},
{"type":"Feature","geometry":{"type":"Polygon","coordinates":[[[140.55285,37.56121],[140.55283,37.56185],[140.55142,37.56163],[140.55207,37.56113],[140.55285,37.56121]]]},"properties":{"hoanrinKind":"保安林"}},
{"type":"Feature","geometry":{"type":"Polygon","coordinates":[[[140.90215,37.6454],[140.90279,37.64632],[140.90205,37.64655],[140.90158,37.64561],[140.90215,37.6454]]]},"properties":{"hoanrinKind":"保安林"}},
{"type":"Feature","geometry":{"type":"Polygon","coordinates":[[[140.92335,37.66578],[140.92151,37.66609],[140.92147,37.66553],[140.92335,37.66578]]]},"properties":{"hoanrinKind":"保安林"}},
{"type":"Feature","geometry":{"type":"Polygon","coordinates":[[[140.97176,37.55839],[140.97249,37.55913],[140.97148,37.55922],[140.97176,37.55839]]]},"properties":{"hoanrinKind":"保安林"}},
{"type":"Feature","geometry":{"type":"Polygon","coordinates":[[[140.94576,37.85537],[140.94552,37.85693],[140.94502,37.85679],[140.94576,37.85537]]]},"properties":{"hoanrinKind":"保安林"}},
{"type":"Feature","geometry":{"type":"Polygon","coordinates":[[[140.5688,37.62326],[140.56922,37.62385],[140.56849,37.62434],[140.56811,37.6233],[140.5688,37.62326]]]},"properties":{"hoanrinKind":"保安林"}},
{"type":"Feature","geometry":{"type":"Polygon","coordinates":[[[140.61219,37.85078],[140.61217,37.85165],[140.61164,37.85224],[140.61117,37.85192],[140.61219,37.85078]]]},"properties":{"hoanrinKind":"保安林"}},
{"type":"Feature","geometry":{"type":"Polygon","coordinates":[[[140.93227,37.67363],[140.93268,37.67554],[140.93208,37.67558],[140.93227,37.67363]]]},"properties":{"hoanrinKind":"保安林"}},
{"type":"Feature","geometry":{"type":"Polygon","coordinates":[[[139.94633,37.65786],[139.94651,37.65858],[139.94541,37.65863],[139.94548,37.65797],[139.94633,37.65786]]]},"properties":{"hoanrinKind":"保安林"}},
{"type":"Feature","geometry":{"type":"Polygon","coordinates":[[[140.50086,37.52235],[140.50046,37.52311],[140.49944,37.52255],[140.50086,37.52235]]]},"properties":{"hoanrinKind":"保安林"}},
{"type":"Feature","geometry":{"type":"Polygon","coordinates":[[[140.35913,37.76297],[140.35958,37.76343],[140.35859,37.76419],[140.35798,37.76393],[140.35913,37.76297]]]},"properties":{"hoanrinKind":"保安林"}},
{"type":"Feature","geometry":{"type":"Polygon","coordinates":[[[139.9661,37.66528],[139.96708,37.66598],[139.96587,37.6663],[139.9661,37.66528]]]},"properties":{"hoanrinKind":"保安林"}},
{"type":"Feature","geometry":{"type":"Polygon","coordinates":[[[140.379,37.75124],[140.37913,37.75192],[140.37771,37.7517],[140.379,37.75124]]]},"properties":{"hoanrinKind":"保安林"}},
{"type":"Feature","geometry":{"type":"Polygon","coordinates":[[[140.70035,37.4197],[140.70083,37.42133],[140.70003,37.42149],[140.69979,37.41988],[140.70035,37.4197]]]},"properties":{"hoanrinKind":"保安林"}},
{"type":"Feature","geometry":{"type":"Polygon","coordinates":[[[140.56962,37.51289],[140.56971,37.51363],[140.56911,37.51416],[140.56854,37.51373],[140.56962,37.51289]]]},"properties":{"hoanrinKind":"保安林"}},
{"type":"Feature","geometry":{"type":"Polygon","coordinates":[[[139.82,37.76973],[139.81964,37.77063],[139.81864,37.77065],[139.81897,37.7699],[139.82,37.76973]]]},"properties":{"hoanrinKind":"保安林"}},
{"type":"Feature","geometry":{"type":"Polygon","coordinates":[[[140.79643,37.34541],[140.79688,37.34445],[140.79792,37.34531],[140.79643,37.34541]]]},"properties":{"hoanrinKind":"保安林"}},
{"type":"Feature","geometry":{"type":"Polygon","coordinates":[[[140.96823,37.27012],[140.96824,37.2708],[140.96711,37.27062],[140.9674,37.26961],[140.96823,37.27012]]]},"properties":{"hoanrinKind":"保安林"}},
{"type":"Feature","geometry":{"type":"Polygon","coordinates":[[[139.7529,37.46436],[139.7532,37.46501],[139.75231,37.46532],[139.75186,37.46447],[139.7529,37.46436]]]},"properties":{"hoanrinKind":"保安林"}},
{"type":"Feature","geometry":{"type":"Polygon","coordinates":[[[140.71458,37.12142],[140.71431,37.12299],[140.71341,37.12183],[140.71458,37.12142]]]},"properties":{"hoanrinKind":"保安林"}},
{"type":"Feature","geometry":{"type":"Polygon","coordinates":[[[140.65827,37.41482],[140.65879,37.41558],[140.65755,37.41552],[140.65827,37.41482]]]},"properties":{"hoanrinKind":"保安林"}},
{"type":"Feature","geometry":{"type":"Polygon","coordinates":[[[140.91938,37.70553],[140.92005,37.70573],[140.91924,37.70671],[140.91875,37.70646],[140.91938,37.70553]]]},"properties":{"hoanrinKind":"保安林"}},
{"type":"Feature","geometry":{"type":"Polygon","coordinates":[[[140.60564,37.22524],[140.60432,37.22595],[140.60425,37.22516],[140.60564,37.22524]]]},"properties":{"hoanrinKind":"保安林"}},
{"type":"Feature","geometry":{"type":"Polygon","coordinates":[[[140.90225,37.64748],[140.90283,37.64785],[140.90231,37.64862],[140.90153,37.64782],[140.90225,37.64748]]]},"properties":{"hoanrinKind":"保安林"}},
{"type":"Feature","geometry":{"type":"Polygon","coordinates":[[[139.93114,37.43039],[139.93249,37.43064],[139.93136,37.43126],[139.93114,37.43039]]]},"properties":{"hoanrinKind":"保安林"}},
{"type":"Feature","geometry":{"type":"Polygon","coordinates":[[[139.59286,37.64686],[139.59368,37.6473],[139.59261,37.64787],[139.59221,37.64701],[139.59286,37.64686]]]},"properties":{"hoanrinKind":"保安林"}},
{"type":"Feature","geometry":{"type":"Polygon","coordinates":[[[140.56821,37.6186],[140.56832,37.61956],[140.56738,37.61924],[140.56821,37.6186]]]},"properties":{"hoanrinKind":"保安林"}},
{"type":"Feature","geometry":{"type":"Polygon","coordinates":[[[139.33174,37.37739],[139.3294,37.3779],[139.32921,37.37728],[139.33174,37.37739]]]},"properties":{"hoanrinKind":"保安林"}},
{"type":"Feature","geometry":{"type":"Polygon","coordinates":[[[140.78844,37.43678],[140.78719,37.43662],[140.78825,37.43566],[140.78844,37.43678]]]},"properties":{"hoanrinKind":"保安林"}},
{"type":"Feature","geometry":{"type":"Polygon","coordinates":[[[139.70802,37.12966],[139.7093,37.1304],[139.70808,37.13079],[139.70802,37.12966]]]},"properties":{"hoanrinKind":"保安林"}},
{"type":"Feature","geometry":{"type":"Polygon","coordinates":[[[140.81707,37.73487],[140.81664,37.73597],[140.81598,37.73597],[140.81602,37.73496],[140.81707,37.73487]]]},"properties":{"hoanrinKind":"保安林"}},
{"type":"Feature","geometry":{"type":"Polygon","coordinates":[[[140.63657,37.74032],[140.63577,37.74118],[140.63455,37.74081],[140.63657,37.74032]]]},"properties":{"hoanrinKind":"保安林"}},
{"type":"Feature","geometry":{"type":"Polygon","coordinates":[[[140.39382,37.93275],[140.39395,37.93384],[140.3929,37.93401],[140.39311,37.93306],[140.39382,37.93275]]]},"properties":{"hoanrinKind":"保安林"}},
{"type":"Feature","geometry":{"type":"Polygon","coordinates":[[[140.96374,37.24507],[140.9638,37.24602],[140.96269,37.24555],[140.96374,37.24507]]]},"properties":{"hoanrinKind":"保安林"}},
{"type":"Feature","geometry":{"type":"Polygon","coordinates":[[[140.033,37.60165],[140.03343,37.60269],[140.03236,37.60272],[140.03212,37.60202],[140.033,37.60165]]]},"properties":{"hoanrinKind":"保安林"}},
{"type":"Feature","geometry":{"type":"Polygon","coordinates":[[[139.94635,37.6558],[139.94659,37.6568],[139.94564,37.65664],[139.94635,37.6558]]]},"properties":{"hoanrinKind":"保安林"}},
{"type":"Feature","geometry":{"type":"Polygon","coordinates":[[[140.97847,37.2111],[140.97844,37.21038],[140.97792,37.20974],[140.97895,37.20959],[140.97894,37.21036],[140.97847,37.2111]]]},"properties":{"hoanrinKind":"保安林"}},
{"type":"Feature","geometry":{"type":"Polygon","coordinates":[[[140.54583,37.03843],[140.5446,37.03863],[140.54528,37.03773],[140.54583,37.03843]]]},"properties":{"hoanrinKind":"保安林"}},
{"type":"Feature","geometry":{"type":"Polygon","coordinates":[[[140.4197,37.83639],[140.41907,37.83695],[140.41815,37.83683],[140.41765,37.83623],[140.4197,37.83639]]]},"properties":{"hoanrinKind":"保安林"}},
{"type":"Feature","geometry":{"type":"Polygon","coordinates":[[[140.65285,37.26044],[140.65314,37.26129],[140.65276,37.26171],[140.65183,37.26139],[140.65206,37.26076],[140.65285,37.26044]]]},"properties":{"hoanrinKind":"保安林"}},
{"type":"Feature","geometry":{"type":"Polygon","coordinates":[[[140.39625,37.75395],[140.39606,37.75476],[140.39517,37.75402],[140.39625,37.75395]]]},"properties":{"hoanrinKind":"保安林"}},
{"type":"Feature","geometry":{"type":"Polygon","coordinates":[[[140.16867,37.63914],[140.16877,37.63989],[140.16772,37.64014],[140.16781,37.63907],[140.16867,37.63914]]]},"properties":{"hoanrinKind":"保安林"}},
{"type":"Feature","geometry":{"type":"Polygon","coordinates":[[[140.70061,36.92633],[140.70074,36.92579],[140.70135,36.92579],[140.70144,36.9262],[140.70061,36.92633]]]},"properties":{"hoanrinKind":"保安林"}},
{"type":"Feature","geometry":{"type":"Polygon","coordinates":[[[140.3948,36.88109],[140.39568,36.88172],[140.39488,36.88229],[140.39438,36.88146],[140.3948,36.88109]]]},"properties":{"hoanrinKind":"保安林"}},
{"type":"Feature","geometry":{"type":"Polygon","coordinates":[[[140.96015,37.65325],[140.95949,37.65305],[140.95852,37.65317],[140.95909,37.65236],[140.95989,37.6525],[140.96015,37.65325]]]},"properties":{"hoanrinKind":"保安林"}},
{"type":"Feature","geometry":{"type":"Polygon","coordinates":[[[140.14373,37.50395],[140.14301,37.50578],[140.14252,37.50542],[140.14373,37.50395]]]},"properties":{"hoanrinKind":"保安林"}},
{"type":"Feature","geometry":{"type":"Polygon","coordinates":[[[140.34477,37.71045],[140.34545,37.71143],[140.34495,37.71194],[140.34431,37.71085],[140.34477,37.71045]]]},"properties":{"hoanrinKind":"保安林"}},
{"type":"Feature","geometry":{"type":"Polygon","coordinates":[[[139.95824,37.66204],[139.95908,37.66283],[139.95861,37.66331],[139.95785,37.6628],[139.95824,37.66204]]]},"properties":{"hoanrinKind":"保安林"}},
{"type":"Feature","geometry":{"type":"Polygon","coordinates":[[[140.7126,37.36563],[140.71352,37.36608],[140.71287,37.36659],[140.71168,37.36598],[140.7126,37.36563]]]},"properties":{"hoanrinKind":"保安林"}},
{"type":"Feature","geometry":{"type":"Polygon","coordinates":[[[140.49229,37.411],[140.49247,37.41156],[140.49081,37.4121],[140.49084,37.41144],[140.49229,37.411]]]},"properties":{"hoanrinKind":"保安林"}},
{"type":"Feature","geometry":{"type":"Polygon","coordinates":[[[140.97568,37.48414],[140.97381,37.48394],[140.97381,37.48338],[140.97468,37.48358],[140.97556,37.4835],[140.97568,37.48414]]]},"properties":{"hoanrinKind":"保安林"}},
{"type":"Feature","geometry":{"type":"Polygon","coordinates":[[[140.39671,37.02359],[140.39801,37.02384],[140.3973,37.02458],[140.39671,37.02359]]]},"properties":{"hoanrinKind":"保安林"}},
{"type":"Feature","geometry":{"type":"Polygon","coordinates":[[[139.89818,37.21704],[139.89836,37.21769],[139.89694,37.21856],[139.89642,37.21812],[139.89736,37.21773],[139.89818,37.21704]]]},"properties":{"hoanrinKind":"保安林"}},
{"type":"Feature","geometry":{"type":"Polygon","coordinates":[[[140.68549,37.45267],[140.68639,37.4536],[140.68539,37.45374],[140.68549,37.45267]]]},"properties":{"hoanrinKind":"保安林"}},
{"type":"Feature","geometry":{"type":"Polygon","coordinates":[[[140.94961,37.46397],[140.95024,37.46546],[140.94946,37.46541],[140.94961,37.46397]]]},"properties":{"hoanrinKind":"保安林"}},
{"type":"Feature","geometry":{"type":"Polygon","coordinates":[[[140.36395,37.02291],[140.3635,37.02396],[140.36285,37.02375],[140.36301,37.0231],[140.36395,37.02291]]]},"properties":{"hoanrinKind":"保安林"}},
{"type":"Feature","geometry":{"type":"Polygon","coordinates":[[[140.5342,37.54018],[140.53463,37.54112],[140.534,37.54156],[140.53331,37.54008],[140.5342,37.54018]]]},"properties":{"hoanrinKind":"保安林"}},
{"type":"Feature","geometry":{"type":"Polygon","coordinates":[[[139.43493,37.39833],[139.43474,37.39905],[139.4331,37.39868],[139.4333,37.398],[139.43493,37.39833]]]},"properties":{"hoanrinKind":"保安林"}},
{"type":"Feature","geometry":{"type":"Polygon","coordinates":[[[140.56011,37.50458],[140.56069,37.5053],[140.55951,37.50538],[140.55914,37.5046],[140.56011,37.50458]]]},"properties":{"hoanrinKind":"保安林"}},
{"type":"Feature","geometry":{"type":"Polygon","coordinates":[[[139.88171,37.74102],[139.88095,37.74009],[139.88218,37.74023],[139.88171,37.74102]]]},"properties":{"hoanrinKind":"保安林"}},
{"type":"Feature","geometry":{"type":"Polygon","coordinates":[[[139.73435,37.48143],[139.73433,37.48238],[139.73326,37.48176],[139.73435,37.48143]]]},"properties":{"hoanrinKind":"保安林"}},
{"type":"Feature","geometry":{"type":"Polygon","coordinates":[[[139.51382,37.15374],[139.51456,37.15474],[139.51388,37.15497],[139.51324,37.15409],[139.51382,37.15374]]]},"properties":{"hoanrinKind":"保安林"}},
{"type":"Feature","geometry":{"type":"Polygon","coordinates":[[[140.97321,37.60621],[140.97418,37.60642],[140.97444,37.60697],[140.97261,37.60642],[140.97321,37.60621]]]},"properties":{"hoanrinKind":"保安林"}},
{"type":"Feature","geometry":{"type":"Polygon","coordinates":[[[139.87116,37.29187],[139.87337,37.29222],[139.87321,37.29265],[139.87127,37.29237],[139.87116,37.29187]]]},"properties":{"hoanrinKind":"保安林"}},
{"type":"Feature","geometry":{"type":"Polygon","coordinates":[[[139.92697,37.39114],[139.92624,37.39156],[139.92473,37.39097],[139.92521,37.39045],[139.92697,37.39114]]]},"properties":{"hoanrinKind":"保安林"}},
{"type":"Feature","geometry":{"type":"Polygon","coordinates":[[[140.65519,37.7586],[140.65592,37.75943],[140.6547,37.75943],[140.65519,37.7586]]]},"properties":{"hoanrinKind":"保安林"}},
{"type":"Feature","geometry":{"type":"Polygon","coordinates":[[[140.86044,37.52738],[140.86077,37.52821],[140.85986,37.52829],[140.85923,37.52754],[140.86044,37.52738]]]},"properties":{"hoanrinKind":"保安林"}},
{"type":"Feature","geometry":{"type":"Polygon","coordinates":[[[140.99512,37.76522],[140.99447,37.76471],[140.99549,37.76442],[140.99512,37.76522]]]},"properties":{"hoanrinKind":"保安林"}},
{"type":"Feature","geometry":{"type":"Polygon","coordinates":[[[140.64013,37.25063],[140.63942,37.25087],[140.638,37.25021],[140.63953,37.25019],[140.64013,37.25063]]]},"properties":{"hoanrinKind":"保安林"}},
{"type":"Feature","geometry":{"type":"Polygon","coordinates":[[[140.07757,37.42285],[140.07629,37.42279],[140.07641,37.42215],[140.07715,37.42228],[140.07757,37.42285]]]},"properties":{"hoanrinKind":"保安林"}},
{"type":"Feature","geometry":{"type":"Polygon","coordinates":[[[140.49459,37.68364],[140.49544,37.6845],[140.49472,37.68499],[140.49433,37.68431],[140.49459,37.68364]]]},"properties":{"hoanrinKind":"保安林"}},
{"type":"Feature","geometry":{"type":"Polygon","coordinates":[[[140.8419,36.90882],[140.84181,36.90957],[140.84107,36.9092],[140.8419,36.90882]]]},"properties":{"hoanrinKind":"保安林"}},
{"type":"Feature","geometry":{"type":"Polygon","coordinates":[[[139.53895,37.17204],[139.53875,37.17316],[139.53756,37.17217],[139.53895,37.17204]]]},"properties":{"hoanrinKind":"保安林"}},
{"type":"Feature","geometry":{"type":"Polygon","coordinates":[[[140.0283,37.59288],[140.02678,37.5943],[140.02654,37.59399],[140.02722,37.59296],[140.0283,37.59288]]]},"properties":{"hoanrinKind":"保安林"}},
{"type":"Feature","geometry":{"type":"Polygon","coordinates":[[[140.39129,36.9751],[140.39144,36.97646],[140.39039,36.97597],[140.39129,36.9751]]]},"properties":{"hoanrinKind":"保安林"}},
{"type":"Feature","geometry":{"type":"Polygon","coordinates":[[[140.37071,37.59187],[140.37102,37.59303],[140.37018,37.59328],[140.37013,37.59197],[140.37071,37.59187]]]},"properties":{"hoanrinKind":"保安林"}},
{"type":"Feature","geometry":{"type":"Polygon","coordinates":[[[140.2865,37.49875],[140.28647,37.49971],[140.28522,37.49972],[140.28601,37.49866],[140.2865,37.49875]]]},"properties":{"hoanrinKind":"保安林"}},
{"type":"Feature","geometry":{"type":"Polygon","coordinates":[[[140.37848,37.73323],[140.3799,37.73386],[140.37943,37.73424],[140.37764,37.73379],[140.37848,37.73323]]]},"properties":{"hoanrinKind":"保安林"}},
{"type":"Feature","geometry":{"type":"Polygon","coordinates":[[[141.01204,37.68189],[141.01141,37.68449],[141.01107,37.68439],[141.01204,37.68189]]]},"properties":{"hoanrinKind":"保安林"}},
{"type":"Feature","geometry":{"type":"Polygon","coordinates":[[[140.9651,37.44447],[140.96569,37.44546],[140.96463,37.44541],[140.9651,37.44447]]]},"properties":{"hoanrinKind":"保安林"}},
{"type":"Feature","geometry":{"type":"Polygon","coordinates":[[[140.55426,37.6448],[140.55509,37.64511],[140.5547,37.64599],[140.55376,37.64535],[140.55426,37.6448]]]},"properties":{"hoanrinKind":"保安林"}},
{"type":"Feature","geometry":{"type":"Polygon","coordinates":[[[140.70627,36.91998],[140.70662,36.92041],[140.70515,36.92102],[140.70509,36.92005],[140.70627,36.91998]]]},"properties":{"hoanrinKind":"保安林"}},
{"type":"Feature","geometry":{"type":"Polygon","coordinates":[[[140.58462,37.19518],[140.58465,37.19603],[140.58389,37.19598],[140.58398,37.1952],[140.58462,37.19518]]]},"properties":{"hoanrinKind":"保安林"}},
{"type":"Feature","geometry":{"type":"Polygon","coordinates":[[[140.97259,37.04908],[140.973,37.05015],[140.97195,37.05013],[140.97259,37.04908]]]},"properties":{"hoanrinKind":"保安林"}},
{"type":"Feature","geometry":{"type":"Polygon","coordinates":[[[140.67542,37.60687],[140.6761,37.60747],[140.6749,37.60794],[140.67467,37.60726],[140.67542,37.60687]]]},"properties":{"hoanrinKind":"保安林"}},
{"type":"Feature","geometry":{"type":"Polygon","coordinates":[[[139.77784,37.70762],[139.7788,37.70794],[139.77835,37.70847],[139.77691,37.70805],[139.77784,37.70762]]]},"properties":{"hoanrinKind":"保安林"}},
{"type":"Feature","geometry":{"type":"Polygon","coordinates":[[[140.05314,37.60007],[140.05347,37.60038],[140.05254,37.60151],[140.0522,37.60037],[140.05314,37.60007]]]},"properties":{"hoanrinKind":"保安林"}},
{"type":"Feature","geometry":{"type":"Polygon","coordinates":[[[140.90877,37.59811],[140.90913,37.59884],[140.90812,37.59911],[140.90766,37.5985],[140.90877,37.59811]]]},"properties":{"hoanrinKind":"保安林"}},
{"type":"Feature","geometry":{"type":"Polygon","coordinates":[[[139.70115,37.11499],[139.70101,37.11589],[139.7005,37.11647],[139.70011,37.11493],[139.70115,37.11499]]]},"properties":{"hoanrinKind":"保安林"}},
{"type":"Feature","geometry":{"type":"Polygon","coordinates":[[[140.58989,37.12972],[140.59029,37.13065],[140.58911,37.13035],[140.58989,37.12972]]]},"properties":{"hoanrinKind":"保安林"}},
{"type":"Feature","geometry":{"type":"Polygon","coordinates":[[[140.58617,37.5327],[140.5871,37.53329],[140.58609,37.53367],[140.58617,37.5327]]]},"properties":{"hoanrinKind":"保安林"}},
{"type":"Feature","geometry":{"type":"Polygon","coordinates":[[[140.53639,37.43194],[140.53704,37.43263],[140.53568,37.43274],[140.53565,37.43193],[140.53639,37.43194]]]},"properties":{"hoanrinKind":"保安林"}},
{"type":"Feature","geometry":{"type":"Polygon","coordinates":[[[139.37822,37.2988],[139.37855,37.2994],[139.37763,37.30013],[139.37716,37.29917],[139.37822,37.2988]]]},"properties":{"hoanrinKind":"保安林"}},
{"type":"Feature","geometry":{"type":"Polygon","coordinates":[[[139.76741,37.50928],[139.76822,37.50995],[139.76773,37.51059],[139.76701,37.51003],[139.76741,37.50928]]]},"properties":{"hoanrinKind":"保安林"}},
{"type":"Feature","geometry":{"type":"Polygon","coordinates":[[[140.87727,37.71672],[140.87718,37.71791],[140.87621,37.71745],[140.87727,37.71672]]]},"properties":{"hoanrinKind":"保安林"}},
{"type":"Feature","geometry":{"type":"Polygon","coordinates":[[[140.15912,37.29547],[140.15845,37.2947],[140.15936,37.29457],[140.15912,37.29547]]]},"properties":{"hoanrinKind":"保安林"}},
{"type":"Feature","geometry":{"type":"Polygon","coordinates":[[[139.73063,37.52173],[139.73119,37.52263],[139.73022,37.52261],[139.72952,37.52179],[139.73063,37.52173]]]},"properties":{"hoanrinKind":"保安林"}},
{"type":"Feature","geometry":{"type":"Polygon","coordinates":[[[140.94888,37.18915],[140.94917,37.18951],[140.94771,37.19029],[140.94734,37.18986],[140.94888,37.18915]]]},"properties":{"hoanrinKind":"保安林"}},
{"type":"Feature","geometry":{"type":"Polygon","coordinates":[[[140.92352,37.53124],[140.92393,37.53189],[140.92305,37.53251],[140.92263,37.53188],[140.92352,37.53124]]]},"properties":{"hoanrinKind":"保安林"}},
{"type":"Feature","geometry":{"type":"Polygon","coordinates":[[[140.79606,37.76579],[140.7958,37.76655],[140.79503,37.76634],[140.79544,37.76522],[140.79606,37.76579]]]},"properties":{"hoanrinKind":"保安林"}},
{"type":"Feature","geometry":{"type":"Polygon","coordinates":[[[140.93396,37.70969],[140.9343,37.71081],[140.93334,37.71101],[140.93301,37.70995],[140.93396,37.70969]]]},"properties":{"hoanrinKind":"保安林"}},
{"type":"Feature","geometry":{"type":"Polygon","coordinates":[[[140.2708,37.52603],[140.27238,37.52729],[140.27163,37.52779],[140.2708,37.52603]]]},"properties":{"hoanrinKind":"保安林"}},
{"type":"Feature","geometry":{"type":"Polygon","coordinates":[[[140.04254,37.60632],[140.04244,37.60756],[140.04155,37.60715],[140.04254,37.60632]]]},"properties":{"hoanrinKind":"保安林"}},
{"type":"Feature","geometry":{"type":"Polygon","coordinates":[[[140.51714,37.57944],[140.51775,37.58034],[140.51683,37.58044],[140.51714,37.57944]]]},"properties":{"hoanrinKind":"保安林"}},
{"type":"Feature","geometry":{"type":"Polygon","coordinates":[[[140.9225,37.6404],[140.92329,37.64151],[140.9228,37.64208],[140.92212,37.64115],[140.9225,37.6404]]]},"properties":{"hoanrinKind":"保安林"}},
{"type":"Feature","geometry":{"type":"Polygon","coordinates":[[[139.59054,37.47463],[139.59048,37.47566],[139.58921,37.47532],[139.59054,37.47463]]]},"properties":{"hoanrinKind":"保安林"}},
{"type":"Feature","geometry":{"type":"Polygon","coordinates":[[[140.50526,37.01283],[140.50596,37.01303],[140.50596,37.01406],[140.5049,37.01396],[140.50526,37.01283]]]},"properties":{"hoanrinKind":"保安林"}},
{"type":"Feature","geometry":{"type":"Polygon","coordinates":[[[140.36085,37.76358],[140.36128,37.7651],[140.35996,37.76424],[140.36085,37.76358]]]},"properties":{"hoanrinKind":"保安林"}},
{"type":"Feature","geometry":{"type":"Polygon","coordinates":[[[140.50791,37.55415],[140.50845,37.55578],[140.50763,37.55569],[140.50791,37.55415]]]},"properties":{"hoanrinKind":"保安林"}},
{"type":"Feature","geometry":{"type":"Polygon","coordinates":[[[140.20397,37.21263],[140.20308,37.2137],[140.20247,37.21259],[140.20397,37.21263]]]},"properties":{"hoanrinKind":"保安林"}},
{"type":"Feature","geometry":{"type":"Polygon","coordinates":[[[140.39629,37.00733],[140.39629,37.00839],[140.39515,37.00847],[140.39514,37.00741],[140.39629,37.00733]]]},"properties":{"hoanrinKind":"保安林"}},
{"type":"Feature","geometry":{"type":"Polygon","coordinates":[[[140.41164,36.96036],[140.41348,36.96069],[140.41318,36.9613],[140.41148,36.96109],[140.41164,36.96036]]]},"properties":{"hoanrinKind":"保安林"}},
{"type":"Feature","geometry":{"type":"Polygon","coordinates":[[[140.59809,37.09161],[140.59884,37.09254],[140.59802,37.09288],[140.59722,37.0921],[140.59809,37.09161]]]},"properties":{"hoanrinKind":"保安林"}},
{"type":"Feature","geometry":{"type":"Polygon","coordinates":[[[140.63192,37.28228],[140.63218,37.28324],[140.63102,37.28309],[140.63192,37.28228]]]},"properties":{"hoanrinKind":"保安林"}},
{"type":"Feature","geometry":{"type":"Polygon","coordinates":[[[140.83721,37.28658],[140.83726,37.28755],[140.8358,37.2872],[140.83721,37.28658]]]},"properties":{"hoanrinKind":"保安林"}},
{"type":"Feature","geometry":{"type":"Polygon","coordinates":[[[140.54139,37.55944],[140.54126,37.56119],[140.54036,37.56128],[140.54086,37.55952],[140.54139,37.55944]]]},"properties":{"hoanrinKind":"保安林"}},
{"type":"Feature","geometry":{"type":"Polygon","coordinates":[[[140.45981,36.95345],[140.46008,36.95448],[140.4583,36.95369],[140.45981,36.95345]]]},"properties":{"hoanrinKind":"保安林"}},
{"type":"Feature","geometry":{"type":"Polygon","coordinates":[[[139.78896,37.50581],[139.78967,37.50704],[139.78922,37.50738],[139.78819,37.50627],[139.78896,37.50581]]]},"properties":{"hoanrinKind":"保安林"}},
{"type":"Feature","geometry":{"type":"Polygon","coordinates":[[[140.56189,37.51786],[140.56154,37.51868],[140.56085,37.51875],[140.56031,37.51813],[140.56189,37.51786]]]},"properties":{"hoanrinKind":"保安林"}},
{"type":"Feature","geometry":{"type":"Polygon","coordinates":[[[140.86145,37.11801],[140.8639,37.1186],[140.86255,37.11893],[140.86145,37.11801]]]},"properties":{"hoanrinKind":"保安林"}},
{"type":"Feature","geometry":{"type":"Polygon","coordinates":[[[140.52347,37.15002],[140.52435,37.15058],[140.52316,37.15121],[140.52272,37.15027],[140.52347,37.15002]]]},"properties":{"hoanrinKind":"保安林"}},
{"type":"Feature","geometry":{"type":"Polygon","coordinates":[[[140.85127,37.12799],[140.8511,37.13016],[140.85035,37.12994],[140.85127,37.12799]]]},"properties":{"hoanrinKind":"保安林"}},
{"type":"Feature","geometry":{"type":"Polygon","coordinates":[[[139.60631,37.33434],[139.60682,37.33494],[139.60584,37.33552],[139.60549,37.33445],[139.60631,37.33434]]]},"properties":{"hoanrinKind":"保安林"}},
{"type":"Feature","geometry":{"type":"Polygon","coordinates":[[[139.68427,37.57382],[139.68575,37.57472],[139.68442,37.57484],[139.68427,37.57382]]]},"properties":{"hoanrinKind":"保安林"}},
{"type":"Feature","geometry":{"type":"Polygon","coordinates":[[[139.61127,37.63146],[139.60987,37.63195],[139.60989,37.63146],[139.61121,37.6309],[139.61127,37.63146]]]},"properties":{"hoanrinKind":"保安林"}},
{"type":"Feature","geometry":{"type":"Polygon","coordinates":[[[140.60639,37.50402],[140.60594,37.505],[140.60455,37.50541],[140.60415,37.50498],[140.60639,37.50402]]]},"properties":{"hoanrinKind":"保安林"}},
{"type":"Feature","geometry":{"type":"Polygon","coordinates":[[[140.94667,37.54049],[140.94541,37.54039],[140.94567,37.53982],[140.94667,37.54049]]]},"properties":{"hoanrinKind":"保安林"}},
{"type":"Feature","geometry":{"type":"Polygon","coordinates":[[[140.94252,37.86026],[140.94171,37.86113],[140.94182,37.86008],[140.94252,37.86026]]]},"properties":{"hoanrinKind":"保安林"}},
{"type":"Feature","geometry":{"type":"Polygon","coordinates":[[[140.45747,37.57887],[140.45717,37.58005],[140.45622,37.57967],[140.45747,37.57887]]]},"properties":{"hoanrinKind":"保安林"}},
{"type":"Feature","geometry":{"type":"Polygon","coordinates":[[[140.35134,37.60564],[140.35223,37.60465],[140.35319,37.60491],[140.35134,37.60564]]]},"properties":{"hoanrinKind":"保安林"}},
{"type":"Feature","geometry":{"type":"Polygon","coordinates":[[[140.35471,37.76706],[140.35439,37.76892],[140.3537,37.76895],[140.35388,37.76762],[140.35471,37.76706]]]},"properties":{"hoanrinKind":"保安林"}},
{"type":"Feature","geometry":{"type":"Polygon","coordinates":[[[140.32997,37.00976],[140.33029,37.01032],[140.32883,37.01112],[140.32861,37.01034],[140.32997,37.00976]]]},"properties":{"hoanrinKind":"保安林"}},
{"type":"Feature","geometry":{"type":"Polygon","coordinates":[[[140.59168,37.05645],[140.59171,37.05723],[140.59027,37.0574],[140.59063,37.05673],[140.59168,37.05645]]]},"properties":{"hoanrinKind":"保安林"}},
{"type":"Feature","geometry":{"type":"Polygon","coordinates":[[[139.76777,37.25311],[139.76774,37.25398],[139.76651,37.25393],[139.76606,37.25324],[139.76777,37.25311]]]},"properties":{"hoanrinKind":"保安林"}},
{"type":"Feature","geometry":{"type":"Polygon","coordinates":[[[140.65608,37.56047],[140.65726,37.56072],[140.6568,37.56141],[140.65533,37.56122],[140.65608,37.56047]]]},"properties":{"hoanrinKind":"保安林"}},
{"type":"Feature","geometry":{"type":"Polygon","coordinates":[[[140.78817,37.32242],[140.7889,37.32286],[140.78847,37.32348],[140.78718,37.32276],[140.78817,37.32242]]]},"properties":{"hoanrinKind":"保安林"}},
{"type":"Feature","geometry":{"type":"Polygon","coordinates":[[[139.76238,37.45874],[139.76358,37.45966],[139.76275,37.46056],[139.76204,37.45926],[139.76238,37.45874]]]},"properties":{"hoanrinKind":"保安林"}},
{"type":"Feature","geometry":{"type":"Polygon","coordinates":[[[140.58662,37.1976],[140.5859,37.1983],[140.58472,37.19841],[140.58505,37.19761],[140.58662,37.1976]]]},"properties":{"hoanrinKind":"保安林"}},
{"type":"Feature","geometry":{"type":"Polygon","coordinates":[[[140.02304,37.59633],[140.02229,37.59736],[140.02102,37.59783],[140.02067,37.59744],[140.02304,37.59633]]]},"properties":{"hoanrinKind":"保安林"}},
{"type":"Feature","geometry":{"type":"Polygon","coordinates":[[[140.3935,37.75865],[140.39342,37.75906],[140.39044,37.76028],[140.3908,37.7597],[140.3935,37.75865]]]},"properties":{"hoanrinKind":"保安林"}},
{"type":"Feature","geometry":{"type":"Polygon","coordinates":[[[140.79548,37.34551],[140.79464,37.34668],[140.79376,37.34592],[140.79548,37.34551]]]},"properties":{"hoanrinKind":"保安林"}},
{"type":"Feature","geometry":{"type":"Polygon","coordinates":[[[140.64391,37.75199],[140.64452,37.75323],[140.64337,37.75312],[140.64391,37.75199]]]},"properties":{"hoanrinKind":"保安林"}},
{"type":"Feature","geometry":{"type":"Polygon","coordinates":[[[140.56994,37.53461],[140.57018,37.53571],[140.56894,37.53548],[140.56994,37.53461]]]},"properties":{"hoanrinKind":"保安林"}},
{"type":"Feature","geometry":{"type":"Polygon","coordinates":[[[140.6528,37.4247],[140.6524,37.42634],[140.65182,37.42571],[140.6521,37.42469],[140.6528,37.4247]]]},"properties":{"hoanrinKind":"保安林"}},
{"type":"Feature","geometry":{"type":"Polygon","coordinates":[[[139.96305,37.66535],[139.96267,37.66442],[139.9636,37.66425],[139.96389,37.66484],[139.96305,37.66535]]]},"properties":{"hoanrinKind":"保安林"}},
{"type":"Feature","geometry":{"type":"Polygon","coordinates":[[[140.52697,37.1499],[140.52676,37.14917],[140.52852,37.14905],[140.52801,37.14989],[140.52697,37.1499]]]},"properties":{"hoanrinKind":"保安林"}},
{"type":"Feature","geometry":{"type":"Polygon","coordinates":[[[140.45855,37.39278],[140.45953,37.39298],[140.45883,37.39376],[140.45791,37.39367],[140.45855,37.39278]]]},"properties":{"hoanrinKind":"保安林"}},
{"type":"Feature","geometry":{"type":"Polygon","coordinates":[[[140.8107,37.03456],[140.81143,37.03497],[140.81101,37.03576],[140.81018,37.03552],[140.8107,37.03456]]]},"properties":{"hoanrinKind":"保安林"}},
{"type":"Feature","geometry":{"type":"Polygon","coordinates":[[[140.41032,37.74824],[140.40947,37.74778],[140.41097,37.74753],[140.4113,37.74826],[140.41032,37.74824]]]},"properties":{"hoanrinKind":"保安林"}},
{"type":"Feature","geometry":{"type":"Polygon","coordinates":[[[140.56875,36.91097],[140.56711,36.91042],[140.56575,36.9102],[140.56588,36.90981],[140.56853,36.91044],[140.56875,36.91097]]]},"properties":{"hoanrinKind":"保安林"}},
{"type":"Feature","geometry":{"type":"Polygon","coordinates":[[[140.38572,37.76188],[140.38488,37.76282],[140.38361,37.76317],[140.3831,37.76268],[140.38572,37.76188]]]},"properties":{"hoanrinKind":"保安林"}},
{"type":"Feature","geometry":{"type":"Polygon","coordinates":[[[140.97584,37.26874],[140.97619,37.26965],[140.9752,37.26977],[140.97462,37.26922],[140.97584,37.26874]]]},"properties":{"hoanrinKind":"保安林"}},
{"type":"Feature","geometry":{"type":"Polygon","coordinates":[[[140.40019,37.75503],[140.39912,37.75554],[140.39855,37.7549],[140.40019,37.75503]]]},"properties":{"hoanrinKind":"保安林"}},
{"type":"Feature","geometry":{"type":"Polygon","coordinates":[[[140.46291,36.81148],[140.46395,36.81179],[140.46286,36.81268],[140.46199,36.81247],[140.46291,36.81148]]]},"properties":{"hoanrinKind":"保安林"}},
{"type":"Feature","geometry":{"type":"Polygon","coordinates":[[[140.67158,37.76934],[140.67236,37.77022],[140.67173,37.77055],[140.67082,37.76995],[140.67158,37.76934]]]},"properties":{"hoanrinKind":"保安林"}},
{"type":"Feature","geometry":{"type":"Polygon","coordinates":[[[140.57239,37.52402],[140.57306,37.52518],[140.57182,37.52507],[140.57239,37.52402]]]},"properties":{"hoanrinKind":"保安林"}},
{"type":"Feature","geometry":{"type":"Polygon","coordinates":[[[140.40143,36.88574],[140.40134,36.8866],[140.39909,36.88584],[140.39905,36.88539],[140.40143,36.88574]]]},"properties":{"hoanrinKind":"保安林"}},
{"type":"Feature","geometry":{"type":"Polygon","coordinates":[[[139.58786,37.47213],[139.58773,37.47339],[139.58676,37.47301],[139.58786,37.47213]]]},"properties":{"hoanrinKind":"保安林"}},
{"type":"Feature","geometry":{"type":"Polygon","coordinates":[[[140.99406,37.1209],[140.99462,37.12133],[140.99419,37.12216],[140.99337,37.12193],[140.99406,37.1209]]]},"properties":{"hoanrinKind":"保安林"}},
{"type":"Feature","geometry":{"type":"Polygon","coordinates":[[[139.52396,37.46638],[139.52487,37.46658],[139.52562,37.46716],[139.52545,37.4676],[139.52428,37.46733],[139.52396,37.46638]]]},"properties":{"hoanrinKind":"保安林"}},
{"type":"Feature","geometry":{"type":"Polygon","coordinates":[[[140.59166,37.12657],[140.59166,37.12752],[140.59031,37.12684],[140.59166,37.12657]]]},"properties":{"hoanrinKind":"保安林"}},
{"type":"Feature","geometry":{"type":"Polygon","coordinates":[[[140.98329,37.11643],[140.98173,37.11716],[140.98149,37.11644],[140.98329,37.11643]]]},"properties":{"hoanrinKind":"保安林"}},
{"type":"Feature","geometry":{"type":"Polygon","coordinates":[[[140.92082,37.63915],[140.92032,37.63988],[140.91856,37.63925],[140.9198,37.63882],[140.92082,37.63915]]]},"properties":{"hoanrinKind":"保安林"}},
{"type":"Feature","geometry":{"type":"Polygon","coordinates":[[[140.94277,36.95992],[140.94312,36.96116],[140.94177,36.96128],[140.94277,36.95992]]]},"properties":{"hoanrinKind":"保安林"}},
{"type":"Feature","geometry":{"type":"Polygon","coordinates":[[[140.96475,37.48559],[140.96343,37.4857],[140.96382,37.48474],[140.96475,37.48559]]]},"properties":{"hoanrinKind":"保安林"}},
{"type":"Feature","geometry":{"type":"Polygon","coordinates":[[[139.54449,37.42492],[139.5446,37.42573],[139.54326,37.42566],[139.54362,37.42483],[139.54449,37.42492]]]},"properties":{"hoanrinKind":"保安林"}},
{"type":"Feature","geometry":{"type":"Polygon","coordinates":[[[139.7106,37.13059],[139.71265,37.13103],[139.71192,37.13148],[139.71062,37.13129],[139.7106,37.13059]]]},"properties":{"hoanrinKind":"保安林"}},
{"type":"Feature","geometry":{"type":"Polygon","coordinates":[[[140.69352,37.14239],[140.69387,37.1433],[140.69265,37.14336],[140.69247,37.14236],[140.69352,37.14239]]]},"properties":{"hoanrinKind":"保安林"}},
{"type":"Feature","geometry":{"type":"Polygon","coordinates":[[[139.61455,37.20898],[139.61581,37.21032],[139.61516,37.21055],[139.61419,37.20963],[139.61455,37.20898]]]},"properties":{"hoanrinKind":"保安林"}},
{"type":"Feature","geometry":{"type":"Polygon","coordinates":[[[139.96308,37.76553],[139.96403,37.76573],[139.96484,37.76682],[139.96171,37.76563],[139.96308,37.76553]]]},"properties":{"hoanrinKind":"保安林"}},
{"type":"Feature","geometry":{"type":"Polygon","coordinates":[[[140.56872,37.6279],[140.56907,37.62897],[140.56815,37.62915],[140.56757,37.62841],[140.56872,37.6279]]]},"properties":{"hoanrinKind":"保安林"}},
{"type":"Feature","geometry":{"type":"Polygon","coordinates":[[[140.58033,37.21205],[140.58035,37.21275],[140.57895,37.21259],[140.57873,37.21186],[140.58033,37.21205]]]},"properties":{"hoanrinKind":"保安林"}},
{"type":"Feature","geometry":{"type":"Polygon","coordinates":[[[139.79478,37.71663],[139.79646,37.71683],[139.79645,37.71745],[139.79458,37.71714],[139.79478,37.71663]]]},"properties":{"hoanrinKind":"保安林"}},
{"type":"Feature","geometry":{"type":"Polygon","coordinates":[[[140.74222,37.26855],[140.74272,37.26892],[140.74263,37.27005],[140.74145,37.2691],[140.74222,37.26855]]]},"properties":{"hoanrinKind":"保安林"}},
{"type":"Feature","geometry":{"type":"Polygon","coordinates":[[[140.88726,37.8455],[140.88589,37.84604],[140.8851,37.84519],[140.88726,37.8455]]]},"properties":{"hoanrinKind":"保安林"}},
{"type":"Feature","geometry":{"type":"Polygon","coordinates":[[[140.7997,37.75714],[140.80046,37.75781],[140.80038,37.75862],[140.79889,37.75808],[140.7997,37.75714]]]},"properties":{"hoanrinKind":"保安林"}},
{"type":"Feature","geometry":{"type":"Polygon","coordinates":[[[140.94956,37.42961],[140.94909,37.43053],[140.94795,37.43037],[140.94799,37.42972],[140.94956,37.42961]]]},"properties":{"hoanrinKind":"保安林"}},
{"type":"Feature","geometry":{"type":"Polygon","coordinates":[[[140.52912,37.63613],[140.52875,37.6365],[140.52666,37.63576],[140.52709,37.6355],[140.52873,37.63568],[140.52912,37.63613]]]},"properties":{"hoanrinKind":"保安林"}},
{"type":"Feature","geometry":{"type":"Polygon","coordinates":[[[140.6538,37.42176],[140.65393,37.42354],[140.65321,37.42358],[140.65291,37.42163],[140.6538,37.42176]]]},"properties":{"hoanrinKind":"保安林"}},
{"type":"Feature","geometry":{"type":"Polygon","coordinates":[[[140.98185,37.67395],[140.98238,37.67486],[140.98113,37.67491],[140.98075,37.67409],[140.98185,37.67395]]]},"properties":{"hoanrinKind":"保安林"}},
{"type":"Feature","geometry":{"type":"Polygon","coordinates":[[[139.7043,37.13078],[139.70429,37.13256],[139.70314,37.1321],[139.7043,37.13078]]]},"properties":{"hoanrinKind":"保安林"}},
{"type":"Feature","geometry":{"type":"Polygon","coordinates":[[[139.67584,37.73107],[139.67592,37.73146],[139.67412,37.73251],[139.67304,37.73255],[139.67521,37.73119],[139.67584,37.73107]]]},"properties":{"hoanrinKind":"保安林"}},
{"type":"Feature","geometry":{"type":"Polygon","coordinates":[[[140.42458,37.04403],[140.4233,37.04497],[140.4226,37.044],[140.42458,37.04403]]]},"properties":{"hoanrinKind":"保安林"}},
{"type":"Feature","geometry":{"type":"Polygon","coordinates":[[[140.11325,37.41319],[140.11495,37.41227],[140.11553,37.413],[140.11325,37.41319]]]},"properties":{"hoanrinKind":"保安林"}},
{"type":"Feature","geometry":{"type":"Polygon","coordinates":[[[140.11564,37.20331],[140.11684,37.20402],[140.11514,37.20455],[140.11564,37.20331]]]},"properties":{"hoanrinKind":"保安林"}},
{"type":"Feature","geometry":{"type":"Polygon","coordinates":[[[140.82654,37.29472],[140.82603,37.29549],[140.82487,37.29565],[140.82429,37.29514],[140.82654,37.29472]]]},"properties":{"hoanrinKind":"保安林"}},
{"type":"Feature","geometry":{"type":"Polygon","coordinates":[[[140.95657,37.20327],[140.95615,37.20144],[140.9569,37.20135],[140.95723,37.20306],[140.95657,37.20327]]]},"properties":{"hoanrinKind":"保安林"}},
{"type":"Feature","geometry":{"type":"Polygon","coordinates":[[[139.94587,37.42084],[139.94604,37.42211],[139.94425,37.42186],[139.94587,37.42084]]]},"properties":{"hoanrinKind":"保安林"}},
{"type":"Feature","geometry":{"type":"Polygon","coordinates":[[[139.79438,37.42247],[139.79521,37.42304],[139.79452,37.42358],[139.79301,37.42258],[139.79438,37.42247]]]},"properties":{"hoanrinKind":"保安林"}},
{"type":"Feature","geometry":{"type":"Polygon","coordinates":[[[140.51125,37.03549],[140.51171,37.03693],[140.51042,37.03634],[140.51125,37.03549]]]},"properties":{"hoanrinKind":"保安林"}},
{"type":"Feature","geometry":{"type":"Polygon","coordinates":[[[140.53233,37.42078],[140.53087,37.42172],[140.5302,37.42057],[140.53233,37.42078]]]},"properties":{"hoanrinKind":"保安林"}},
{"type":"Feature","geometry":{"type":"Polygon","coordinates":[[[139.52688,37.46043],[139.52716,37.46147],[139.5259,37.46135],[139.52575,37.46065],[139.52688,37.46043]]]},"properties":{"hoanrinKind":"保安林"}},
{"type":"Feature","geometry":{"type":"Polygon","coordinates":[[[140.54056,37.80643],[140.54188,37.80732],[140.5413,37.80781],[140.53979,37.80664],[140.54056,37.80643]]]},"properties":{"hoanrinKind":"保安林"}},
{"type":"Feature","geometry":{"type":"Polygon","coordinates":[[[140.0514,37.45647],[140.0511,37.45703],[140.04989,37.45693],[140.04996,37.4564],[140.0514,37.45647]]]},"properties":{"hoanrinKind":"保安林"}},
{"type":"Feature","geometry":{"type":"Polygon","coordinates":[[[140.53362,37.62572],[140.53404,37.62636],[140.53278,37.62683],[140.5324,37.62581],[140.53362,37.62572]]]},"properties":{"hoanrinKind":"保安林"}},
{"type":"Feature","geometry":{"type":"Polygon","coordinates":[[[140.88116,37.33051],[140.88141,37.33123],[140.88023,37.33158],[140.87974,37.33089],[140.88116,37.33051]]]},"properties":{"hoanrinKind":"保安林"}},
{"type":"Feature","geometry":{"type":"Polygon","coordinates":[[[140.58516,37.71193],[140.58672,37.71341],[140.58602,37.71375],[140.58516,37.71193]]]},"properties":{"hoanrinKind":"保安林"}},
{"type":"Feature","geometry":{"type":"Polygon","coordinates":[[[140.56833,37.62932],[140.569,37.63046],[140.56805,37.63072],[140.56756,37.62995],[140.56833,37.62932]]]},"properties":{"hoanrinKind":"保安林"}},
{"type":"Feature","geometry":{"type":"Polygon","coordinates":[[[139.68335,37.50725],[139.68338,37.50843],[139.68227,37.50801],[139.68335,37.50725]]]},"properties":{"hoanrinKind":"保安林"}},
{"type":"Feature","geometry":{"type":"Polygon","coordinates":[[[140.5639,37.08459],[140.5659,37.08531],[140.56469,37.08609],[140.5639,37.08459]]]},"properties":{"hoanrinKind":"保安林"}},
{"type":"Feature","geometry":{"type":"Polygon","coordinates":[[[140.37948,37.73104],[140.38253,37.73191],[140.38238,37.73241],[140.38026,37.73169],[140.37948,37.73104]]]},"properties":{"hoanrinKind":"保安林"}},
{"type":"Feature","geometry":{"type":"Polygon","coordinates":[[[139.98485,37.66977],[139.98547,37.66992],[139.98475,37.67101],[139.9838,37.67107],[139.98485,37.66977]]]},"properties":{"hoanrinKind":"保安林"}},
{"type":"Feature","geometry":{"type":"Polygon","coordinates":[[[140.31161,37.21362],[140.31031,37.21349],[140.30917,37.21373],[140.30941,37.21284],[140.31154,37.21327],[140.31161,37.21362]]]},"properties":{"hoanrinKind":"保安林"}},
{"type":"Feature","geometry":{"type":"Polygon","coordinates":[[[140.95912,37.43074],[140.95831,37.43173],[140.95721,37.43104],[140.9581,37.43061],[140.95912,37.43074]]]},"properties":{"hoanrinKind":"保安林"}},
{"type":"Feature","geometry":{"type":"Polygon","coordinates":[[[140.42914,36.94853],[140.43053,36.9493],[140.4303,36.95032],[140.42889,36.94912],[140.42914,36.94853]]]},"properties":{"hoanrinKind":"保安林"}},
{"type":"Feature","geometry":{"type":"Polygon","coordinates":[[[139.76965,37.67529],[139.77063,37.67564],[139.77087,37.67639],[139.77004,37.67683],[139.76965,37.67529]]]},"properties":{"hoanrinKind":"保安林"}},
{"type":"Feature","geometry":{"type":"Polygon","coordinates":[[[140.35076,37.76919],[140.35168,37.7699],[140.35112,37.77068],[140.34999,37.77017],[140.35076,37.76919]]]},"properties":{"hoanrinKind":"保安林"}},
{"type":"Feature","geometry":{"type":"Polygon","coordinates":[[[140.46853,37.40092],[140.47092,37.40174],[140.46976,37.40209],[140.46853,37.40092]]]},"properties":{"hoanrinKind":"保安林"}},
{"type":"Feature","geometry":{"type":"Polygon","coordinates":[[[140.51307,37.41948],[140.51253,37.42037],[140.51185,37.4193],[140.51307,37.41948]]]},"properties":{"hoanrinKind":"保安林"}},
{"type":"Feature","geometry":{"type":"Polygon","coordinates":[[[140.8503,37.13912],[140.8508,37.13968],[140.8495,37.14033],[140.84906,37.13961],[140.8503,37.13912]]]},"properties":{"hoanrinKind":"保安林"}},
{"type":"Feature","geometry":{"type":"Polygon","coordinates":[[[139.65116,37.20315],[139.65015,37.20438],[139.64882,37.20391],[139.65116,37.20315]]]},"properties":{"hoanrinKind":"保安林"}},
{"type":"Feature","geometry":{"type":"Polygon","coordinates":[[[140.66079,37.55584],[140.66079,37.55654],[140.65947,37.55692],[140.65956,37.55561],[140.66079,37.55584]]]},"properties":{"hoanrinKind":"保安林"}},
{"type":"Feature","geometry":{"type":"Polygon","coordinates":[[[140.36943,37.72831],[140.3712,37.72954],[140.37069,37.7301],[140.36943,37.72831]]]},"properties":{"hoanrinKind":"保安林"}},
{"type":"Feature","geometry":{"type":"Polygon","coordinates":[[[139.73687,37.5132],[139.73811,37.51413],[139.73722,37.5146],[139.73633,37.51422],[139.73687,37.5132]]]},"properties":{"hoanrinKind":"保安林"}},
{"type":"Feature","geometry":{"type":"Polygon","coordinates":[[[140.36412,37.51575],[140.36636,37.51626],[140.36645,37.51688],[140.36474,37.51658],[140.36412,37.51575]]]},"properties":{"hoanrinKind":"保安林"}},
{"type":"Feature","geometry":{"type":"Polygon","coordinates":[[[140.88454,37.11608],[140.88554,37.11649],[140.88484,37.11775],[140.88422,37.11717],[140.88454,37.11608]]]},"properties":{"hoanrinKind":"保安林"}},
{"type":"Feature","geometry":{"type":"Polygon","coordinates":[[[140.87297,37.12386],[140.87251,37.12625],[140.87159,37.12655],[140.87297,37.12386]]]},"properties":{"hoanrinKind":"保安林"}},
{"type":"Feature","geometry":{"type":"Polygon","coordinates":[[[140.51589,37.489],[140.51467,37.48895],[140.51531,37.48808],[140.51662,37.48838],[140.51589,37.489]]]},"properties":{"hoanrinKind":"保安林"}},
{"type":"Feature","geometry":{"type":"Polygon","coordinates":[[[140.7266,36.90401],[140.7253,36.90402],[140.72508,36.90317],[140.72652,36.90286],[140.7266,36.90401]]]},"properties":{"hoanrinKind":"保安林"}},
{"type":"Feature","geometry":{"type":"Polygon","coordinates":[[[140.36905,37.51612],[140.37048,37.51652],[140.37013,37.51722],[140.36916,37.51699],[140.36905,37.51612]]]},"properties":{"hoanrinKind":"保安林"}},
{"type":"Feature","geometry":{"type":"Polygon","coordinates":[[[139.55051,37.4846],[139.55059,37.48543],[139.54927,37.48522],[139.54943,37.48463],[139.55051,37.4846]]]},"properties":{"hoanrinKind":"保安林"}},
{"type":"Feature","geometry":{"type":"Polygon","coordinates":[[[140.60836,37.71635],[140.60686,37.71753],[140.6067,37.71624],[140.60836,37.71635]]]},"properties":{"hoanrinKind":"保安林"}},
{"type":"Feature","geometry":{"type":"Polygon","coordinates":[[[140.59481,37.22766],[140.59627,37.22847],[140.59454,37.22888],[140.59481,37.22766]]]},"properties":{"hoanrinKind":"保安林"}},
{"type":"Feature","geometry":{"type":"Polygon","coordinates":[[[139.49735,37.12705],[139.49776,37.12784],[139.49659,37.12808],[139.49735,37.12705]]]},"properties":{"hoanrinKind":"保安林"}},
{"type":"Feature","geometry":{"type":"Polygon","coordinates":[[[139.86249,37.25649],[139.86254,37.25714],[139.86077,37.25765],[139.86084,37.25646],[139.86249,37.25649]]]},"properties":{"hoanrinKind":"保安林"}},
{"type":"Feature","geometry":{"type":"Polygon","coordinates":[[[140.52638,37.15189],[140.52657,37.15323],[140.52575,37.15327],[140.52514,37.15223],[140.52638,37.15189]]]},"properties":{"hoanrinKind":"保安林"}},
{"type":"Feature","geometry":{"type":"Polygon","coordinates":[[[140.62505,37.20562],[140.62496,37.20692],[140.62361,37.20649],[140.62505,37.20562]]]},"properties":{"hoanrinKind":"保安林"}},
{"type":"Feature","geometry":{"type":"Polygon","coordinates":[[[139.5422,37.42654],[139.5426,37.42734],[139.54107,37.42753],[139.54072,37.42677],[139.5422,37.42654]]]},"properties":{"hoanrinKind":"保安林"}},
{"type":"Feature","geometry":{"type":"Polygon","coordinates":[[[140.6034,37.789],[140.60411,37.79017],[140.60272,37.79033],[140.6034,37.789]]]},"properties":{"hoanrinKind":"保安林"}},
{"type":"Feature","geometry":{"type":"Polygon","coordinates":[[[139.4968,37.14878],[139.49642,37.14919],[139.49429,37.14916],[139.4937,37.14849],[139.4968,37.14878]]]},"properties":{"hoanrinKind":"保安林"}},
{"type":"Feature","geometry":{"type":"Polygon","coordinates":[[[140.33364,37.68595],[140.3326,37.68691],[140.3322,37.6861],[140.33364,37.68595]]]},"properties":{"hoanrinKind":"保安林"}},
{"type":"Feature","geometry":{"type":"Polygon","coordinates":[[[140.54102,37.58991],[140.54214,37.59014],[140.54227,37.59103],[140.54127,37.59098],[140.54102,37.58991]]]},"properties":{"hoanrinKind":"保安林"}},
{"type":"Feature","geometry":{"type":"Polygon","coordinates":[[[140.94574,37.46185],[140.9473,37.46282],[140.94667,37.46328],[140.94496,37.46226],[140.94574,37.46185]]]},"properties":{"hoanrinKind":"保安林"}},
{"type":"Feature","geometry":{"type":"Polygon","coordinates":[[[140.70333,36.92316],[140.70209,36.92471],[140.70165,36.92354],[140.70333,36.92316]]]},"properties":{"hoanrinKind":"保安林"}},
{"type":"Feature","geometry":{"type":"Polygon","coordinates":[[[139.70476,37.5237],[139.70513,37.52461],[139.70332,37.52474],[139.7035,37.52403],[139.70476,37.5237]]]},"properties":{"hoanrinKind":"保安林"}},
{"type":"Feature","geometry":{"type":"Polygon","coordinates":[[[140.53596,37.42653],[140.53726,37.42715],[140.53642,37.42797],[140.53596,37.42653]]]},"properties":{"hoanrinKind":"保安林"}},
{"type":"Feature","geometry":{"type":"Polygon","coordinates":[[[140.68383,37.24344],[140.6837,37.24224],[140.68442,37.24215],[140.6845,37.24328],[140.68383,37.24344]]]},"properties":{"hoanrinKind":"保安林"}},
{"type":"Feature","geometry":{"type":"Polygon","coordinates":[[[140.60474,37.53987],[140.60445,37.5385],[140.60576,37.53893],[140.60474,37.53987]]]},"properties":{"hoanrinKind":"保安林"}},
{"type":"Feature","geometry":{"type":"Polygon","coordinates":[[[139.73939,37.47909],[139.74012,37.48002],[139.73887,37.48025],[139.7384,37.4793],[139.73939,37.47909]]]},"properties":{"hoanrinKind":"保安林"}},
{"type":"Feature","geometry":{"type":"Polygon","coordinates":[[[139.44768,37.10018],[139.44741,37.10139],[139.44637,37.10077],[139.44768,37.10018]]]},"properties":{"hoanrinKind":"保安林"}},
{"type":"Feature","geometry":{"type":"Polygon","coordinates":[[[140.50712,37.52047],[140.50739,37.52169],[140.50633,37.52188],[140.50637,37.52046],[140.50712,37.52047]]]},"properties":{"hoanrinKind":"保安林"}},
{"type":"Feature","geometry":{"type":"Polygon","coordinates":[[[139.5539,37.40998],[139.5529,37.4101],[139.55302,37.40919],[139.5538,37.40886],[139.5539,37.40998]]]},"properties":{"hoanrinKind":"保安林"}},
{"type":"Feature","geometry":{"type":"Polygon","coordinates":[[[140.38814,37.93436],[140.3862,37.93432],[140.38642,37.93349],[140.38804,37.93369],[140.38814,37.93436]]]},"properties":{"hoanrinKind":"保安林"}},
{"type":"Feature","geometry":{"type":"Polygon","coordinates":[[[139.52513,37.10236],[139.52603,37.10313],[139.52496,37.10354],[139.52397,37.10271],[139.52513,37.10236]]]},"properties":{"hoanrinKind":"保安林"}},
{"type":"Feature","geometry":{"type":"Polygon","coordinates":[[[140.38414,36.89915],[140.38341,36.90004],[140.38279,36.89907],[140.38414,36.89915]]]},"properties":{"hoanrinKind":"保安林"}},
{"type":"Feature","geometry":{"type":"Polygon","coordinates":[[[140.82473,37.05927],[140.82475,37.06054],[140.8234,37.06022],[140.82473,37.05927]]]},"properties":{"hoanrinKind":"保安林"}},
{"type":"Feature","geometry":{"type":"Polygon","coordinates":[[[140.86207,37.11433],[140.86161,37.11653],[140.86071,37.11627],[140.86207,37.11433]]]},"properties":{"hoanrinKind":"保安林"}},
{"type":"Feature","geometry":{"type":"Polygon","coordinates":[[[140.72021,36.88902],[140.72057,36.88967],[140.71976,36.8902],[140.71899,36.88932],[140.72021,36.88902]]]},"properties":{"hoanrinKind":"保安林"}},
{"type":"Feature","geometry":{"type":"Polygon","coordinates":[[[140.67061,37.4137],[140.66865,37.41379],[140.66853,37.41324],[140.67094,37.41301],[140.67061,37.4137]]]},"properties":{"hoanrinKind":"保安林"}},
{"type":"Feature","geometry":{"type":"Polygon","coordinates":[[[139.71032,37.56405],[139.71104,37.56527],[139.70941,37.56508],[139.71032,37.56405]]]},"properties":{"hoanrinKind":"保安林"}},
{"type":"Feature","geometry":{"type":"Polygon","coordinates":[[[140.84775,37.1857],[140.84867,37.1863],[140.84811,37.18707],[140.84728,37.18676],[140.84775,37.1857]]]},"properties":{"hoanrinKind":"保安林"}},
{"type":"Feature","geometry":{"type":"Polygon","coordinates":[[[140.36582,37.01185],[140.36511,37.01154],[140.36596,37.01038],[140.36712,37.01128],[140.36582,37.01185]]]},"properties":{"hoanrinKind":"保安林"}},
{"type":"Feature","geometry":{"type":"Polygon","coordinates":[[[140.3844,37.7621],[140.38281,37.76236],[140.38162,37.76212],[140.37951,37.7614],[140.38138,37.7615],[140.38238,37.76202],[140.38415,37.7619],[140.3844,37.7621]]]},"properties":{"hoanrinKind":"保安林"}},
{"type":"Feature","geometry":{"type":"Polygon","coordinates":[[[140.81167,37.78997],[140.81017,37.79115],[140.81074,37.78922],[140.81167,37.78997]]]},"properties":{"hoanrinKind":"保安林"}},
{"type":"Feature","geometry":{"type":"Polygon","coordinates":[[[139.55075,37.37517],[139.55045,37.37651],[139.54931,37.37463],[139.55015,37.37428],[139.55075,37.37517]]]},"properties":{"hoanrinKind":"保安林"}},
{"type":"Feature","geometry":{"type":"Polygon","coordinates":[[[139.53895,37.16748],[139.53915,37.16815],[139.53815,37.16898],[139.53787,37.16782],[139.53895,37.16748]]]},"properties":{"hoanrinKind":"保安林"}},
{"type":"Feature","geometry":{"type":"Polygon","coordinates":[[[140.85577,37.14329],[140.85488,37.14359],[140.85495,37.14063],[140.8557,37.14133],[140.85508,37.1432],[140.85577,37.14329]]]},"properties":{"hoanrinKind":"保安林"}},
{"type":"Feature","geometry":{"type":"Polygon","coordinates":[[[140.96787,37.31543],[140.96769,37.31651],[140.96606,37.3161],[140.96653,37.31541],[140.96787,37.31543]]]},"properties":{"hoanrinKind":"保安林"}},
{"type":"Feature","geometry":{"type":"Polygon","coordinates":[[[140.69298,37.65793],[140.69342,37.65886],[140.69196,37.65931],[140.69164,37.65857],[140.69298,37.65793]]]},"properties":{"hoanrinKind":"保安林"}},
{"type":"Feature","geometry":{"type":"Polygon","coordinates":[[[140.96706,37.1997],[140.96698,37.20033],[140.96489,37.1998],[140.9646,37.19917],[140.96677,37.19939],[140.96706,37.1997]]]},"properties":{"hoanrinKind":"保安林"}},
{"type":"Feature","geometry":{"type":"Polygon","coordinates":[[[140.48816,37.50319],[140.48826,37.50388],[140.48645,37.50437],[140.48635,37.5036],[140.48816,37.50319]]]},"properties":{"hoanrinKind":"保安林"}},
{"type":"Feature","geometry":{"type":"Polygon","coordinates":[[[140.60586,37.45282],[140.60703,37.45367],[140.60645,37.45416],[140.60524,37.45372],[140.60586,37.45282]]]},"properties":{"hoanrinKind":"保安林"}},
{"type":"Feature","geometry":{"type":"Polygon","coordinates":[[[140.95845,37.2651],[140.95905,37.26712],[140.95742,37.26691],[140.95845,37.2651]]]},"properties":{"hoanrinKind":"保安林"}},
{"type":"Feature","geometry":{"type":"Polygon","coordinates":[[[139.79121,37.49535],[139.79176,37.49652],[139.79042,37.49651],[139.79121,37.49535]]]},"properties":{"hoanrinKind":"保安林"}},
{"type":"Feature","geometry":{"type":"Polygon","coordinates":[[[140.71705,36.88735],[140.71794,36.8878],[140.71787,36.88893],[140.71669,36.88824],[140.71705,36.88735]]]},"properties":{"hoanrinKind":"保安林"}},
{"type":"Feature","geometry":{"type":"Polygon","coordinates":[[[140.36767,37.7508],[140.3639,37.75053],[140.36442,37.74999],[140.36767,37.7508]]]},"properties":{"hoanrinKind":"保安林"}},
{"type":"Feature","geometry":{"type":"Polygon","coordinates":[[[140.78016,37.79163],[140.78094,37.79206],[140.78043,37.79321],[140.77944,37.79307],[140.78016,37.79163]]]},"properties":{"hoanrinKind":"保安林"}},
{"type":"Feature","geometry":{"type":"Polygon","coordinates":[[[140.56984,37.09559],[140.57108,37.09593],[140.57085,37.09694],[140.56935,37.09642],[140.56984,37.09559]]]},"properties":{"hoanrinKind":"保安林"}},
{"type":"Feature","geometry":{"type":"Polygon","coordinates":[[[140.95003,37.65772],[140.94969,37.65865],[140.94844,37.65995],[140.948,37.65963],[140.94894,37.65811],[140.95003,37.65772]]]},"properties":{"hoanrinKind":"保安林"}},
{"type":"Feature","geometry":{"type":"Polygon","coordinates":[[[140.53104,37.01662],[140.53154,37.01733],[140.53032,37.01801],[140.52971,37.01732],[140.53104,37.01662]]]},"properties":{"hoanrinKind":"保安林"}},
{"type":"Feature","geometry":{"type":"Polygon","coordinates":[[[140.84946,37.09063],[140.8503,37.09189],[140.84905,37.09214],[140.84833,37.09104],[140.84946,37.09063]]]},"properties":{"hoanrinKind":"保安林"}},
{"type":"Feature","geometry":{"type":"Polygon","coordinates":[[[140.56286,37.09139],[140.56244,37.0928],[140.56096,37.09282],[140.56165,37.09144],[140.56286,37.09139]]]},"properties":{"hoanrinKind":"保安林"}},
{"type":"Feature","geometry":{"type":"Polygon","coordinates":[[[139.45883,37.25776],[139.4597,37.25867],[139.45849,37.259],[139.45786,37.25829],[139.45883,37.25776]]]},"properties":{"hoanrinKind":"保安林"}},
{"type":"Feature","geometry":{"type":"Polygon","coordinates":[[[139.98336,37.42639],[139.98438,37.42701],[139.9833,37.42763],[139.98246,37.4267],[139.98336,37.42639]]]},"properties":{"hoanrinKind":"保安林"}},
{"type":"Feature","geometry":{"type":"Polygon","coordinates":[[[140.11872,37.62369],[140.11959,37.62383],[140.11968,37.62491],[140.11837,37.62484],[140.11872,37.62369]]]},"properties":{"hoanrinKind":"保安林"}},
{"type":"Feature","geometry":{"type":"Polygon","coordinates":[[[139.55218,37.42403],[139.55243,37.4248],[139.55109,37.4254],[139.55045,37.42457],[139.55218,37.42403]]]},"properties":{"hoanrinKind":"保安林"}},
{"type":"Feature","geometry":{"type":"Polygon","coordinates":[[[139.42732,37.39445],[139.42532,37.39555],[139.42467,37.39501],[139.42634,37.39439],[139.42732,37.39445]]]},"properties":{"hoanrinKind":"保安林"}},
{"type":"Feature","geometry":{"type":"Polygon","coordinates":[[[140.56099,37.70381],[140.56172,37.70451],[140.56054,37.70512],[140.55993,37.70467],[140.56099,37.70381]]]},"properties":{"hoanrinKind":"保安林"}},
{"type":"Feature","geometry":{"type":"Polygon","coordinates":[[[140.13261,37.39114],[140.1337,37.39155],[140.13307,37.3929],[140.13213,37.39164],[140.13261,37.39114]]]},"properties":{"hoanrinKind":"保安林"}},
{"type":"Feature","geometry":{"type":"Polygon","coordinates":[[[140.88859,37.07999],[140.88976,37.08033],[140.89017,37.08098],[140.888,37.08096],[140.88859,37.07999]]]},"properties":{"hoanrinKind":"保安林"}},
{"type":"Feature","geometry":{"type":"Polygon","coordinates":[[[140.90312,37.59723],[140.90415,37.59738],[140.90423,37.59836],[140.90252,37.59831],[140.90312,37.59723]]]},"properties":{"hoanrinKind":"保安林"}},
{"type":"Feature","geometry":{"type":"Polygon","coordinates":[[[139.69005,37.48073],[139.69089,37.4814],[139.69089,37.48228],[139.68953,37.48201],[139.69005,37.48073]]]},"properties":{"hoanrinKind":"保安林"}},
{"type":"Feature","geometry":{"type":"Polygon","coordinates":[[[140.32242,37.6808],[140.3231,37.68235],[140.32184,37.68239],[140.32242,37.6808]]]},"properties":{"hoanrinKind":"保安林"}},
{"type":"Feature","geometry":{"type":"Polygon","coordinates":[[[140.52008,37.41547],[140.52046,37.41619],[140.51907,37.41678],[140.51856,37.41591],[140.52008,37.41547]]]},"properties":{"hoanrinKind":"保安林"}},
{"type":"Feature","geometry":{"type":"Polygon","coordinates":[[[140.94621,37.01189],[140.94735,37.01291],[140.946,37.01319],[140.94621,37.01189]]]},"properties":{"hoanrinKind":"保安林"}},
{"type":"Feature","geometry":{"type":"Polygon","coordinates":[[[140.53185,37.01298],[140.53215,37.01415],[140.53073,37.01464],[140.53108,37.01315],[140.53185,37.01298]]]},"properties":{"hoanrinKind":"保安林"}},
{"type":"Feature","geometry":{"type":"Polygon","coordinates":[[[139.45438,37.31241],[139.45281,37.31402],[139.45165,37.31304],[139.45438,37.31241]]]},"properties":{"hoanrinKind":"保安林"}},
{"type":"Feature","geometry":{"type":"Polygon","coordinates":[[[140.95379,37.73562],[140.95419,37.73797],[140.95299,37.73626],[140.95379,37.73562]]]},"properties":{"hoanrinKind":"保安林"}},
{"type":"Feature","geometry":{"type":"Polygon","coordinates":[[[140.24988,37.08356],[140.25013,37.08499],[140.24885,37.08474],[140.24988,37.08356]]]},"properties":{"hoanrinKind":"保安林"}},
{"type":"Feature","geometry":{"type":"Polygon","coordinates":[[[139.97119,37.39367],[139.97165,37.39479],[139.9705,37.39486],[139.96993,37.39421],[139.97119,37.39367]]]},"properties":{"hoanrinKind":"保安林"}},
{"type":"Feature","geometry":{"type":"Polygon","coordinates":[[[140.78212,37.0822],[140.78396,37.08286],[140.78256,37.08372],[140.78212,37.0822]]]},"properties":{"hoanrinKind":"保安林"}},
{"type":"Feature","geometry":{"type":"Polygon","coordinates":[[[140.66095,36.94474],[140.66164,36.94579],[140.66098,36.94603],[140.6599,36.94545],[140.66095,36.94474]]]},"properties":{"hoanrinKind":"保安林"}},
{"type":"Feature","geometry":{"type":"Polygon","coordinates":[[[140.30614,37.21263],[140.3059,37.21358],[140.30427,37.21307],[140.30432,37.21223],[140.30614,37.21263]]]},"properties":{"hoanrinKind":"保安林"}},
{"type":"Feature","geometry":{"type":"Polygon","coordinates":[[[140.90621,37.59748],[140.90527,37.59809],[140.90447,37.59733],[140.90621,37.59748]]]},"properties":{"hoanrinKind":"保安林"}},
{"type":"Feature","geometry":{"type":"Polygon","coordinates":[[[139.76718,37.51049],[139.76746,37.51176],[139.76651,37.51175],[139.76599,37.51049],[139.76718,37.51049]]]},"properties":{"hoanrinKind":"保安林"}},
{"type":"Feature","geometry":{"type":"Polygon","coordinates":[[[139.62946,37.41511],[139.62728,37.41496],[139.62823,37.414],[139.62946,37.41511]]]},"properties":{"hoanrinKind":"保安林"}},
{"type":"Feature","geometry":{"type":"Polygon","coordinates":[[[139.45625,37.1122],[139.4571,37.11262],[139.45619,37.11354],[139.45503,37.1129],[139.45625,37.1122]]]},"properties":{"hoanrinKind":"保安林"}},
{"type":"Feature","geometry":{"type":"Polygon","coordinates":[[[140.4506,36.84652],[140.44954,36.84751],[140.44855,36.84665],[140.44951,36.8457],[140.4506,36.84652]]]},"properties":{"hoanrinKind":"保安林"}},
{"type":"Feature","geometry":{"type":"Polygon","coordinates":[[[140.15349,37.53382],[140.15354,37.53476],[140.15191,37.53476],[140.15246,37.53352],[140.15349,37.53382]]]},"properties":{"hoanrinKind":"保安林"}},
{"type":"Feature","geometry":{"type":"Polygon","coordinates":[[[139.38161,37.28262],[139.38168,37.28367],[139.37978,37.28359],[139.37977,37.28259],[139.38161,37.28262]]]},"properties":{"hoanrinKind":"保安林"}},
{"type":"Feature","geometry":{"type":"Polygon","coordinates":[[[140.66237,36.94294],[140.66371,36.9439],[140.66298,36.94437],[140.6619,36.94378],[140.66237,36.94294]]]},"properties":{"hoanrinKind":"保安林"}},
{"type":"Feature","geometry":{"type":"Polygon","coordinates":[[[139.98881,37.52029],[139.98928,37.52124],[139.98856,37.52183],[139.98768,37.52112],[139.98881,37.52029]]]},"properties":{"hoanrinKind":"保安林"}},
{"type":"Feature","geometry":{"type":"Polygon","coordinates":[[[139.90326,37.21573],[139.90241,37.21681],[139.9004,37.21777],[139.90016,37.21726],[139.90326,37.21573]]]},"properties":{"hoanrinKind":"保安林"}},
{"type":"Feature","geometry":{"type":"Polygon","coordinates":[[[140.6719,36.92507],[140.67404,36.92582],[140.67236,36.92614],[140.6719,36.92507]]]},"properties":{"hoanrinKind":"保安林"}},
{"type":"Feature","geometry":{"type":"Polygon","coordinates":[[[140.71491,37.13041],[140.71431,37.13149],[140.71299,37.13057],[140.71434,37.12986],[140.71491,37.13041]]]},"properties":{"hoanrinKind":"保安林"}},
{"type":"Feature","geometry":{"type":"Polygon","coordinates":[[[140.59641,37.68479],[140.59776,37.68702],[140.59718,37.68702],[140.59578,37.68587],[140.59641,37.68479]]]},"properties":{"hoanrinKind":"保安林"}},
{"type":"Feature","geometry":{"type":"Polygon","coordinates":[[[140.62741,37.68835],[140.62833,37.68952],[140.62767,37.6901],[140.6265,37.68895],[140.62741,37.68835]]]},"properties":{"hoanrinKind":"保安林"}},
{"type":"Feature","geometry":{"type":"Polygon","coordinates":[[[140.49729,37.00685],[140.49869,37.00785],[140.49816,37.00864],[140.4967,37.00761],[140.49729,37.00685]]]},"properties":{"hoanrinKind":"保安林"}},
{"type":"Feature","geometry":{"type":"Polygon","coordinates":[[[140.85934,37.76331],[140.85773,37.76308],[140.85835,37.76196],[140.85947,37.76231],[140.85934,37.76331]]]},"properties":{"hoanrinKind":"保安林"}},
{"type":"Feature","geometry":{"type":"Polygon","coordinates":[[[140.26419,37.65213],[140.26418,37.65315],[140.26273,37.65314],[140.26353,37.65206],[140.26419,37.65213]]]},"properties":{"hoanrinKind":"保安林"}},
{"type":"Feature","geometry":{"type":"Polygon","coordinates":[[[140.73249,36.9009],[140.73398,36.90184],[140.73379,36.90283],[140.73184,36.90116],[140.73249,36.9009]]]},"properties":{"hoanrinKind":"保安林"}},
{"type":"Feature","geometry":{"type":"Polygon","coordinates":[[[140.75998,37.1128],[140.75908,37.11416],[140.75803,37.1133],[140.75998,37.1128]]]},"properties":{"hoanrinKind":"保安林"}},
{"type":"Feature","geometry":{"type":"Polygon","coordinates":[[[139.45715,37.31781],[139.45799,37.31929],[139.45665,37.31937],[139.45715,37.31781]]]},"properties":{"hoanrinKind":"保安林"}},
{"type":"Feature","geometry":{"type":"Polygon","coordinates":[[[140.60071,37.26211],[140.60129,37.26361],[140.59963,37.26229],[140.60071,37.26211]]]},"properties":{"hoanrinKind":"保安林"}},
{"type":"Feature","geometry":{"type":"Polygon","coordinates":[[[139.45053,37.39768],[139.44973,37.39881],[139.44881,37.39852],[139.44905,37.39749],[139.45053,37.39768]]]},"properties":{"hoanrinKind":"保安林"}},
{"type":"Feature","geometry":{"type":"Polygon","coordinates":[[[139.40779,37.31841],[139.40709,37.31999],[139.40585,37.31983],[139.40779,37.31841]]]},"properties":{"hoanrinKind":"保安林"}},
{"type":"Feature","geometry":{"type":"Polygon","coordinates":[[[139.78513,37.67703],[139.78552,37.6782],[139.78347,37.67817],[139.78513,37.67703]]]},"properties":{"hoanrinKind":"保安林"}},
{"type":"Feature","geometry":{"type":"Polygon","coordinates":[[[139.88152,37.29392],[139.88046,37.29385],[139.88012,37.29323],[139.88111,37.29318],[139.88152,37.29392]]]},"properties":{"hoanrinKind":"保安林"}},
{"type":"Feature","geometry":{"type":"Polygon","coordinates":[[[139.66036,37.53555],[139.66065,37.53635],[139.65927,37.53695],[139.65898,37.536],[139.66036,37.53555]]]},"properties":{"hoanrinKind":"保安林"}},
{"type":"Feature","geometry":{"type":"Polygon","coordinates":[[[140.99704,37.11582],[140.9972,37.11658],[140.99609,37.11742],[140.99533,37.11721],[140.99595,37.11615],[140.99704,37.11582]]]},"properties":{"hoanrinKind":"保安林"}},
{"type":"Feature","geometry":{"type":"Polygon","coordinates":[[[139.5313,37.43123],[139.532,37.432],[139.5313,37.43284],[139.53031,37.4317],[139.5313,37.43123]]]},"properties":{"hoanrinKind":"保安林"}},
{"type":"Feature","geometry":{"type":"Polygon","coordinates":[[[139.59414,37.47143],[139.59296,37.47279],[139.59211,37.47216],[139.59414,37.47143]]]},"properties":{"hoanrinKind":"保安林"}},
{"type":"Feature","geometry":{"type":"Polygon","coordinates":[[[140.12517,37.61663],[140.12613,37.61704],[140.12573,37.61835],[140.12441,37.61772],[140.12517,37.61663]]]},"properties":{"hoanrinKind":"保安林"}},
{"type":"Feature","geometry":{"type":"Polygon","coordinates":[[[139.76426,37.54258],[139.76498,37.54391],[139.76372,37.54405],[139.76426,37.54258]]]},"properties":{"hoanrinKind":"保安林"}},
{"type":"Feature","geometry":{"type":"Polygon","coordinates":[[[140.87214,37.0325],[140.87343,37.0342],[140.8722,37.0342],[140.87153,37.03308],[140.87214,37.0325]]]},"properties":{"hoanrinKind":"保安林"}},
{"type":"Feature","geometry":{"type":"Polygon","coordinates":[[[140.87734,37.83025],[140.87674,37.83139],[140.87511,37.83051],[140.87567,37.82971],[140.87734,37.83025]]]},"properties":{"hoanrinKind":"保安林"}},
{"type":"Feature","geometry":{"type":"Polygon","coordinates":[[[140.60204,37.69434],[140.60264,37.69447],[140.60269,37.69603],[140.60137,37.69502],[140.60204,37.69434]]]},"properties":{"hoanrinKind":"保安林"}},
{"type":"Feature","geometry":{"type":"Polygon","coordinates":[[[140.71632,37.062],[140.71752,37.06304],[140.71672,37.06361],[140.71555,37.06277],[140.71632,37.062]]]},"properties":{"hoanrinKind":"保安林"}},
{"type":"Feature","geometry":{"type":"Polygon","coordinates":[[[140.57548,37.29439],[140.57648,37.29481],[140.57575,37.29584],[140.57462,37.2951],[140.57548,37.29439]]]},"properties":{"hoanrinKind":"保安林"}},
{"type":"Feature","geometry":{"type":"Polygon","coordinates":[[[140.60772,37.76644],[140.60766,37.76766],[140.60634,37.76687],[140.60772,37.76644]]]},"properties":{"hoanrinKind":"保安林"}},
{"type":"Feature","geometry":{"type":"Polygon","coordinates":[[[139.48901,37.2817],[139.49015,37.28275],[139.48769,37.28329],[139.48901,37.2817]]]},"properties":{"hoanrinKind":"保安林"}},
{"type":"Feature","geometry":{"type":"Polygon","coordinates":[[[139.72437,37.51266],[139.72544,37.51348],[139.72454,37.51434],[139.7237,37.51347],[139.72437,37.51266]]]},"properties":{"hoanrinKind":"保安林"}},
{"type":"Feature","geometry":{"type":"Polygon","coordinates":[[[140.36881,37.51423],[140.36968,37.51486],[140.36995,37.51591],[140.36905,37.51599],[140.36832,37.51509],[140.36881,37.51423]]]},"properties":{"hoanrinKind":"保安林"}},
{"type":"Feature","geometry":{"type":"Polygon","coordinates":[[[140.99841,37.15627],[140.99837,37.15736],[140.99653,37.15751],[140.99786,37.15635],[140.99841,37.15627]]]},"properties":{"hoanrinKind":"保安林"}},
{"type":"Feature","geometry":{"type":"Polygon","coordinates":[[[140.13721,37.60926],[140.1366,37.61107],[140.1356,37.61012],[140.13721,37.60926]]]},"properties":{"hoanrinKind":"保安林"}},
{"type":"Feature","geometry":{"type":"Polygon","coordinates":[[[140.73566,36.91753],[140.7378,36.9196],[140.73642,36.92003],[140.73566,36.91753]]]},"properties":{"hoanrinKind":"保安林"}},
{"type":"Feature","geometry":{"type":"Polygon","coordinates":[[[140.36201,37.71914],[140.36359,37.72016],[140.36164,37.72007],[140.36201,37.71914]]]},"properties":{"hoanrinKind":"保安林"}},
{"type":"Feature","geometry":{"type":"Polygon","coordinates":[[[140.71601,37.23422],[140.7146,37.23484],[140.71417,37.23307],[140.71601,37.23422]]]},"properties":{"hoanrinKind":"保安林"}},
{"type":"Feature","geometry":{"type":"Polygon","coordinates":[[[139.59183,37.63156],[139.59229,37.63247],[139.59046,37.63253],[139.59065,37.63163],[139.59183,37.63156]]]},"properties":{"hoanrinKind":"保安林"}},
{"type":"Feature","geometry":{"type":"Polygon","coordinates":[[[140.68762,36.93294],[140.68915,36.93379],[140.68648,36.93394],[140.68762,36.93294]]]},"properties":{"hoanrinKind":"保安林"}},
{"type":"Feature","geometry":{"type":"Polygon","coordinates":[[[140.65875,37.41795],[140.65924,37.42024],[140.65783,37.41868],[140.65875,37.41795]]]},"properties":{"hoanrinKind":"保安林"}},
{"type":"Feature","geometry":{"type":"Polygon","coordinates":[[[140.46378,37.39708],[140.46509,37.39726],[140.46449,37.39811],[140.46282,37.39752],[140.46378,37.39708]]]},"properties":{"hoanrinKind":"保安林"}},
{"type":"Feature","geometry":{"type":"Polygon","coordinates":[[[140.95747,37.57346],[140.95493,37.57342],[140.95657,37.57236],[140.95747,37.57346]]]},"properties":{"hoanrinKind":"保安林"}},
{"type":"Feature","geometry":{"type":"Polygon","coordinates":[[[140.9683,37.44502],[140.96998,37.44647],[140.96927,37.44677],[140.9683,37.44502]]]},"properties":{"hoanrinKind":"保安林"}},
{"type":"Feature","geometry":{"type":"Polygon","coordinates":[[[140.32921,37.68497],[140.33084,37.68596],[140.33005,37.68654],[140.32833,37.68573],[140.32921,37.68497]]]},"properties":{"hoanrinKind":"保安林"}},
{"type":"Feature","geometry":{"type":"Polygon","coordinates":[[[140.98912,37.45209],[140.98933,37.45359],[140.98808,37.45331],[140.98912,37.45209]]]},"properties":{"hoanrinKind":"保安林"}},
{"type":"Feature","geometry":{"type":"Polygon","coordinates":[[[140.49307,37.01847],[140.4927,37.01968],[140.49122,37.0187],[140.49307,37.01847]]]},"properties":{"hoanrinKind":"保安林"}},
{"type":"Feature","geometry":{"type":"Polygon","coordinates":[[[140.93525,36.99088],[140.93555,36.99204],[140.93446,36.9921],[140.93416,36.99096],[140.93525,36.99088]]]},"properties":{"hoanrinKind":"保安林"}},
{"type":"Feature","geometry":{"type":"Polygon","coordinates":[[[140.87517,37.13117],[140.87489,37.13238],[140.87376,37.13228],[140.87379,37.13117],[140.87517,37.13117]]]},"properties":{"hoanrinKind":"保安林"}},
{"type":"Feature","geometry":{"type":"Polygon","coordinates":[[[140.55272,37.60004],[140.55167,37.60094],[140.55024,37.5996],[140.55272,37.60004]]]},"properties":{"hoanrinKind":"保安林"}},
{"type":"Feature","geometry":{"type":"Polygon","coordinates":[[[139.67571,37.56432],[139.67626,37.565],[139.6756,37.56596],[139.67454,37.56526],[139.67571,37.56432]]]},"properties":{"hoanrinKind":"保安林"}},
{"type":"Feature","geometry":{"type":"Polygon","coordinates":[[[140.91301,37.59092],[140.91316,37.59189],[140.9115,37.592],[140.91111,37.5912],[140.91301,37.59092]]]},"properties":{"hoanrinKind":"保安林"}},
{"type":"Feature","geometry":{"type":"Polygon","coordinates":[[[140.55197,37.79318],[140.55225,37.79409],[140.55092,37.79506],[140.55087,37.7934],[140.55197,37.79318]]]},"properties":{"hoanrinKind":"保安林"}},
{"type":"Feature","geometry":{"type":"Polygon","coordinates":[[[140.92947,37.58633],[140.92972,37.58674],[140.9275,37.58748],[140.92778,37.58662],[140.92947,37.58633]]]},"properties":{"hoanrinKind":"保安林"}},
{"type":"Feature","geometry":{"type":"Polygon","coordinates":[[[139.97775,37.68884],[139.97832,37.68988],[139.97705,37.68983],[139.97775,37.68884]]]},"properties":{"hoanrinKind":"保安林"}},
{"type":"Feature","geometry":{"type":"Polygon","coordinates":[[[140.87797,37.15053],[140.87947,37.15202],[140.87783,37.15185],[140.87797,37.15053]]]},"properties":{"hoanrinKind":"保安林"}},
{"type":"Feature","geometry":{"type":"Polygon","coordinates":[[[139.92412,37.39185],[139.92582,37.39241],[139.92516,37.39334],[139.92335,37.39265],[139.92412,37.39185]]]},"properties":{"hoanrinKind":"保安林"}},
{"type":"Feature","geometry":{"type":"Polygon","coordinates":[[[139.42968,37.38456],[139.42871,37.3845],[139.42941,37.38252],[139.43064,37.38246],[139.42968,37.38456]]]},"properties":{"hoanrinKind":"保安林"}},
{"type":"Feature","geometry":{"type":"Polygon","coordinates":[[[139.80702,37.70867],[139.80815,37.7095],[139.80763,37.71035],[139.80623,37.70918],[139.80702,37.70867]]]},"properties":{"hoanrinKind":"保安林"}},
{"type":"Feature","geometry":{"type":"Polygon","coordinates":[[[140.93873,37.64494],[140.93851,37.64519],[140.93516,37.64534],[140.93576,37.64484],[140.93827,37.64462],[140.93873,37.64494]]]},"properties":{"hoanrinKind":"保安林"}},
{"type":"Feature","geometry":{"type":"Polygon","coordinates":[[[140.42825,37.04461],[140.42864,37.04349],[140.4304,37.04409],[140.42949,37.0446],[140.42825,37.04461]]]},"properties":{"hoanrinKind":"保安林"}},
{"type":"Feature","geometry":{"type":"Polygon","coordinates":[[[140.56524,37.18574],[140.56446,37.18666],[140.56358,37.18589],[140.56519,37.18485],[140.56524,37.18574]]]},"properties":{"hoanrinKind":"保安林"}},
{"type":"Feature","geometry":{"type":"Polygon","coordinates":[[[140.38499,37.73266],[140.38563,37.73376],[140.38278,37.73256],[140.38499,37.73266]]]},"properties":{"hoanrinKind":"保安林"}},
{"type":"Feature","geometry":{"type":"Polygon","coordinates":[[[140.91743,37.61254],[140.91678,37.61322],[140.91607,37.61319],[140.91596,37.61238],[140.91743,37.61254]]]},"properties":{"hoanrinKind":"保安林"}},
{"type":"Feature","geometry":{"type":"Polygon","coordinates":[[[140.42498,37.01433],[140.42297,37.01536],[140.42288,37.01417],[140.42414,37.0134],[140.42498,37.01433]]]},"properties":{"hoanrinKind":"保安林"}},
{"type":"Feature","geometry":{"type":"Polygon","coordinates":[[[139.54297,37.08727],[139.54377,37.08787],[139.54272,37.08903],[139.54182,37.08769],[139.54297,37.08727]]]},"properties":{"hoanrinKind":"保安林"}},
{"type":"Feature","geometry":{"type":"Polygon","coordinates":[[[139.76203,37.19218],[139.76205,37.19474],[139.76119,37.19363],[139.76085,37.19225],[139.76203,37.19218]]]},"properties":{"hoanrinKind":"保安林"}},
{"type":"Feature","geometry":{"type":"Polygon","coordinates":[[[139.54128,37.168],[139.54098,37.16868],[139.53928,37.16926],[139.53841,37.16902],[139.54015,37.16814],[139.54128,37.168]]]},"properties":{"hoanrinKind":"保安林"}},
{"type":"Feature","geometry":{"type":"Polygon","coordinates":[[[140.49328,37.40911],[140.49258,37.41004],[140.49082,37.40851],[140.49308,37.40844],[140.49328,37.40911]]]},"properties":{"hoanrinKind":"保安林"}},
{"type":"Feature","geometry":{"type":"Polygon","coordinates":[[[140.99094,37.18842],[140.98922,37.18837],[140.98949,37.18725],[140.99099,37.18714],[140.99094,37.18842]]]},"properties":{"hoanrinKind":"保安林"}},
{"type":"Feature","geometry":{"type":"Polygon","coordinates":[[[139.84847,37.72368],[139.84847,37.72465],[139.84675,37.72501],[139.84628,37.72392],[139.84847,37.72368]]]},"properties":{"hoanrinKind":"保安林"}},
{"type":"Feature","geometry":{"type":"Polygon","coordinates":[[[140.42602,37.4214],[140.42577,37.42023],[140.42725,37.42024],[140.42679,37.42128],[140.42602,37.4214]]]},"properties":{"hoanrinKind":"保安林"}},
{"type":"Feature","geometry":{"type":"Polygon","coordinates":[[[140.42574,37.83725],[140.42454,37.83702],[140.42456,37.83617],[140.42559,37.83621],[140.42574,37.83725]]]},"properties":{"hoanrinKind":"保安林"}},
{"type":"Feature","geometry":{"type":"Polygon","coordinates":[[[140.73858,36.91352],[140.73936,36.91461],[140.73802,36.91543],[140.73858,36.91352]]]},"properties":{"hoanrinKind":"保安林"}},
{"type":"Feature","geometry":{"type":"Polygon","coordinates":[[[140.8433,37.758],[140.84463,37.75849],[140.84379,37.75938],[140.8433,37.758]]]},"properties":{"hoanrinKind":"保安林"}},
{"type":"Feature","geometry":{"type":"Polygon","coordinates":[[[140.85126,37.74918],[140.85279,37.74982],[140.85197,37.75068],[140.85031,37.75026],[140.85126,37.74918]]]},"properties":{"hoanrinKind":"保安林"}},
{"type":"Feature","geometry":{"type":"Polygon","coordinates":[[[140.69433,37.77542],[140.69371,37.7747],[140.69432,37.7734],[140.69505,37.77338],[140.69503,37.77532],[140.69433,37.77542]]]},"properties":{"hoanrinKind":"保安林"}},
{"type":"Feature","geometry":{"type":"Polygon","coordinates":[[[139.75,37.48651],[139.74789,37.48702],[139.74864,37.48561],[139.75,37.48651]]]},"properties":{"hoanrinKind":"保安林"}},
{"type":"Feature","geometry":{"type":"Polygon","coordinates":[[[140.50933,37.05928],[140.50911,37.06065],[140.50745,37.05958],[140.50933,37.05928]]]},"properties":{"hoanrinKind":"保安林"}},
{"type":"Feature","geometry":{"type":"Polygon","coordinates":[[[140.53347,37.89714],[140.53431,37.89873],[140.53285,37.89853],[140.53347,37.89714]]]},"properties":{"hoanrinKind":"保安林"}},
{"type":"Feature","geometry":{"type":"Polygon","coordinates":[[[140.71335,37.12392],[140.71538,37.12492],[140.71443,37.12555],[140.71335,37.12392]]]},"properties":{"hoanrinKind":"保安林"}},
{"type":"Feature","geometry":{"type":"Polygon","coordinates":[[[140.97102,37.04871],[140.97116,37.05048],[140.9702,37.05052],[140.96965,37.0492],[140.97102,37.04871]]]},"properties":{"hoanrinKind":"保安林"}},
{"type":"Feature","geometry":{"type":"Polygon","coordinates":[[[139.96724,37.28601],[139.96904,37.28745],[139.96714,37.28732],[139.96724,37.28601]]]},"properties":{"hoanrinKind":"保安林"}},
{"type":"Feature","geometry":{"type":"Polygon","coordinates":[[[140.89729,37.35226],[140.89662,37.35449],[140.89585,37.35376],[140.89729,37.35226]]]},"properties":{"hoanrinKind":"保安林"}},
{"type":"Feature","geometry":{"type":"Polygon","coordinates":[[[140.94442,37.08625],[140.94457,37.08753],[140.94344,37.08756],[140.94271,37.08636],[140.94442,37.08625]]]},"properties":{"hoanrinKind":"保安林"}},
{"type":"Feature","geometry":{"type":"Polygon","coordinates":[[[140.69123,37.41163],[140.68925,37.41188],[140.6901,37.41114],[140.69147,37.41096],[140.69123,37.41163]]]},"properties":{"hoanrinKind":"保安林"}},
{"type":"Feature","geometry":{"type":"Polygon","coordinates":[[[139.78708,37.69406],[139.78715,37.69461],[139.78467,37.69519],[139.78497,37.69424],[139.78708,37.69406]]]},"properties":{"hoanrinKind":"保安林"}},
{"type":"Feature","geometry":{"type":"Polygon","coordinates":[[[140.86306,37.11134],[140.86425,37.1117],[140.86388,37.11273],[140.86256,37.11309],[140.86306,37.11134]]]},"properties":{"hoanrinKind":"保安林"}},
{"type":"Feature","geometry":{"type":"Polygon","coordinates":[[[139.79673,37.41657],[139.79776,37.41751],[139.79623,37.41771],[139.79673,37.41657]]]},"properties":{"hoanrinKind":"保安林"}},
{"type":"Feature","geometry":{"type":"Polygon","coordinates":[[[140.91131,37.08778],[140.91064,37.08902],[140.90976,37.08868],[140.91049,37.08779],[140.91131,37.08778]]]},"properties":{"hoanrinKind":"保安林"}},
{"type":"Feature","geometry":{"type":"Polygon","coordinates":[[[139.75988,37.52144],[139.75922,37.52091],[139.75805,37.52105],[139.75891,37.51984],[139.76004,37.52025],[139.75988,37.52144]]]},"properties":{"hoanrinKind":"保安林"}},
{"type":"Feature","geometry":{"type":"Polygon","coordinates":[[[140.61004,37.58895],[140.6098,37.59026],[140.60852,37.59026],[140.60777,37.58886],[140.61004,37.58895]]]},"properties":{"hoanrinKind":"保安林"}},
{"type":"Feature","geometry":{"type":"Polygon","coordinates":[[[140.65966,37.87723],[140.66023,37.87825],[140.65924,37.87899],[140.65904,37.87757],[140.65966,37.87723]]]},"properties":{"hoanrinKind":"保安林"}},
{"type":"Feature","geometry":{"type":"Polygon","coordinates":[[[140.94378,36.95628],[140.94491,36.95649],[140.94466,36.95784],[140.94318,36.95776],[140.94378,36.95628]]]},"properties":{"hoanrinKind":"保安林"}},
{"type":"Feature","geometry":{"type":"Polygon","coordinates":[[[139.78072,37.49744],[139.78184,37.49792],[139.78194,37.49865],[139.78031,37.49859],[139.78072,37.49744]]]},"properties":{"hoanrinKind":"保安林"}},
{"type":"Feature","geometry":{"type":"Polygon","coordinates":[[[140.50989,37.59135],[140.51052,37.59232],[140.50845,37.59264],[140.50853,37.5917],[140.50989,37.59135]]]},"properties":{"hoanrinKind":"保安林"}},
{"type":"Feature","geometry":{"type":"Polygon","coordinates":[[[140.33654,37.73211],[140.33409,37.73185],[140.33511,37.73097],[140.33654,37.73211]]]},"properties":{"hoanrinKind":"保安林"}},
{"type":"Feature","geometry":{"type":"Polygon","coordinates":[[[139.69248,37.5063],[139.69241,37.50499],[139.69378,37.50547],[139.69248,37.5063]]]},"properties":{"hoanrinKind":"保安林"}},
{"type":"Feature","geometry":{"type":"Polygon","coordinates":[[[140.81912,37.4215],[140.81942,37.42251],[140.81801,37.42285],[140.81757,37.42176],[140.81912,37.4215]]]},"properties":{"hoanrinKind":"保安林"}},
{"type":"Feature","geometry":{"type":"Polygon","coordinates":[[[139.61845,37.61719],[139.61886,37.61777],[139.61761,37.61874],[139.61724,37.61764],[139.61845,37.61719]]]},"properties":{"hoanrinKind":"保安林"}},
{"type":"Feature","geometry":{"type":"Polygon","coordinates":[[[139.70489,37.46078],[139.70552,37.46223],[139.70428,37.4622],[139.70489,37.46078]]]},"properties":{"hoanrinKind":"保安林"}},
{"type":"Feature","geometry":{"type":"Polygon","coordinates":[[[139.6858,37.69729],[139.68568,37.69887],[139.68445,37.69853],[139.68441,37.69746],[139.6858,37.69729]]]},"properties":{"hoanrinKind":"保安林"}},
{"type":"Feature","geometry":{"type":"Polygon","coordinates":[[[140.71599,37.22364],[140.71519,37.22392],[140.71228,37.22363],[140.7132,37.22295],[140.71578,37.22303],[140.71599,37.22364]]]},"properties":{"hoanrinKind":"保安林"}},
{"type":"Feature","geometry":{"type":"Polygon","coordinates":[[[139.8854,37.74682],[139.88544,37.74841],[139.88405,37.74814],[139.8854,37.74682]]]},"properties":{"hoanrinKind":"保安林"}},
{"type":"Feature","geometry":{"type":"Polygon","coordinates":[[[140.70355,37.58699],[140.70626,37.58715],[140.70586,37.58823],[140.7047,37.58814],[140.70355,37.58699]]]},"properties":{"hoanrinKind":"保安林"}},
{"type":"Feature","geometry":{"type":"Polygon","coordinates":[[[140.80464,37.73119],[140.80658,37.7321],[140.80622,37.73284],[140.80417,37.73198],[140.80464,37.73119]]]},"properties":{"hoanrinKind":"保安林"}},
{"type":"Feature","geometry":{"type":"Polygon","coordinates":[[[139.69348,37.70547],[139.69209,37.70532],[139.69215,37.70447],[139.69382,37.70434],[139.69348,37.70547]]]},"properties":{"hoanrinKind":"保安林"}},
{"type":"Feature","geometry":{"type":"Polygon","coordinates":[[[140.58415,37.21965],[140.58519,37.22007],[140.58431,37.22097],[140.58329,37.22052],[140.58415,37.21965]]]},"properties":{"hoanrinKind":"保安林"}},
{"type":"Feature","geometry":{"type":"Polygon","coordinates":[[[139.54015,37.43245],[139.54052,37.43359],[139.53907,37.43378],[139.53865,37.43294],[139.54015,37.43245]]]},"properties":{"hoanrinKind":"保安林"}},
{"type":"Feature","geometry":{"type":"Polygon","coordinates":[[[140.16128,37.59554],[140.16054,37.59758],[140.15965,37.59607],[140.16128,37.59554]]]},"properties":{"hoanrinKind":"保安林"}},
{"type":"Feature","geometry":{"type":"Polygon","coordinates":[[[140.68569,37.23918],[140.68483,37.23879],[140.6851,37.23781],[140.68635,37.23827],[140.68569,37.23918]]]},"properties":{"hoanrinKind":"保安林"}},
{"type":"Feature","geometry":{"type":"Polygon","coordinates":[[[140.70349,37.77145],[140.70317,37.77037],[140.70434,37.77065],[140.70349,37.77145]]]},"properties":{"hoanrinKind":"保安林"}},
{"type":"Feature","geometry":{"type":"Polygon","coordinates":[[[139.58211,37.65438],[139.58256,37.65578],[139.58088,37.65524],[139.58211,37.65438]]]},"properties":{"hoanrinKind":"保安林"}},
{"type":"Feature","geometry":{"type":"Polygon","coordinates":[[[140.7687,37.25724],[140.76967,37.25833],[140.76783,37.25858],[140.7687,37.25724]]]},"properties":{"hoanrinKind":"保安林"}},
{"type":"Feature","geometry":{"type":"Polygon","coordinates":[[[139.91782,37.3089],[139.91689,37.30923],[139.91509,37.3083],[139.91733,37.30767],[139.91782,37.3089]]]},"properties":{"hoanrinKind":"保安林"}},
{"type":"Feature","geometry":{"type":"Polygon","coordinates":[[[140.86389,37.76377],[140.86161,37.76375],[140.86209,37.76274],[140.86403,37.76293],[140.86389,37.76377]]]},"properties":{"hoanrinKind":"保安林"}},
{"type":"Feature","geometry":{"type":"Polygon","coordinates":[[[140.59195,37.80924],[140.5915,37.81022],[140.5906,37.80831],[140.59189,37.80848],[140.59195,37.80924]]]},"properties":{"hoanrinKind":"保安林"}},
{"type":"Feature","geometry":{"type":"Polygon","coordinates":[[[140.45524,36.88847],[140.45671,36.88934],[140.45408,36.88981],[140.45524,36.88847]]]},"properties":{"hoanrinKind":"保安林"}},
{"type":"Feature","geometry":{"type":"Polygon","coordinates":[[[139.97862,37.67691],[139.98085,37.67739],[139.98051,37.67812],[139.97862,37.67691]]]},"properties":{"hoanrinKind":"保安林"}},
{"type":"Feature","geometry":{"type":"Polygon","coordinates":[[[139.64541,37.4639],[139.64708,37.4645],[139.64658,37.46534],[139.64541,37.4639]]]},"properties":{"hoanrinKind":"保安林"}},
{"type":"Feature","geometry":{"type":"Polygon","coordinates":[[[139.71387,37.13105],[139.71413,37.132],[139.71304,37.13317],[139.7132,37.13117],[139.71387,37.13105]]]},"properties":{"hoanrinKind":"保安林"}},
{"type":"Feature","geometry":{"type":"Polygon","coordinates":[[[139.68033,37.69307],[139.68129,37.69334],[139.68129,37.69475],[139.67933,37.69382],[139.68033,37.69307]]]},"properties":{"hoanrinKind":"保安林"}},
{"type":"Feature","geometry":{"type":"Polygon","coordinates":[[[139.72161,37.09889],[139.72223,37.09976],[139.7212,37.1002],[139.72065,37.09923],[139.72161,37.09889]]]},"properties":{"hoanrinKind":"保安林"}},
{"type":"Feature","geometry":{"type":"Polygon","coordinates":[[[139.55017,37.47877],[139.55103,37.48007],[139.55017,37.48102],[139.54937,37.47921],[139.55017,37.47877]]]},"properties":{"hoanrinKind":"保安林"}},
{"type":"Feature","geometry":{"type":"Polygon","coordinates":[[[140.39829,37.75598],[140.39472,37.7591],[140.39537,37.75764],[140.39693,37.75637],[140.39829,37.75598]]]},"properties":{"hoanrinKind":"保安林"}},
{"type":"Feature","geometry":{"type":"Polygon","coordinates":[[[139.7591,37.54527],[139.75728,37.54521],[139.75789,37.54399],[139.7591,37.54527]]]},"properties":{"hoanrinKind":"保安林"}},
{"type":"Feature","geometry":{"type":"Polygon","coordinates":[[[139.53848,37.082],[139.53927,37.08322],[139.53781,37.0833],[139.53848,37.082]]]},"properties":{"hoanrinKind":"保安林"}},
{"type":"Feature","geometry":{"type":"Polygon","coordinates":[[[139.92597,37.43352],[139.92678,37.43392],[139.92486,37.43543],[139.92504,37.43383],[139.92597,37.43352]]]},"properties":{"hoanrinKind":"保安林"}},
{"type":"Feature","geometry":{"type":"Polygon","coordinates":[[[139.79009,37.69972],[139.79115,37.70099],[139.78944,37.70121],[139.79009,37.69972]]]},"properties":{"hoanrinKind":"保安林"}},
{"type":"Feature","geometry":{"type":"Polygon","coordinates":[[[140.52101,37.03573],[140.5194,37.03686],[140.51904,37.03557],[140.52101,37.03573]]]},"properties":{"hoanrinKind":"保安林"}},
{"type":"Feature","geometry":{"type":"Polygon","coordinates":[[[139.55191,37.40073],[139.55189,37.4022],[139.55008,37.40124],[139.55191,37.40073]]]},"properties":{"hoanrinKind":"保安林"}},
{"type":"Feature","geometry":{"type":"Polygon","coordinates":[[[140.92082,37.70459],[140.92251,37.70521],[140.92223,37.70613],[140.92012,37.70521],[140.92082,37.70459]]]},"properties":{"hoanrinKind":"保安林"}},
{"type":"Feature","geometry":{"type":"Polygon","coordinates":[[[140.50474,37.16199],[140.50492,37.1628],[140.50295,37.16325],[140.50272,37.16192],[140.50474,37.16199]]]},"properties":{"hoanrinKind":"保安林"}},
{"type":"Feature","geometry":{"type":"Polygon","coordinates":[[[140.3988,37.00974],[140.39899,37.01043],[140.39737,37.0113],[140.3964,37.01011],[140.3988,37.00974]]]},"properties":{"hoanrinKind":"保安林"}},
{"type":"Feature","geometry":{"type":"Polygon","coordinates":[[[140.93324,37.64517],[140.93195,37.64423],[140.93437,37.64386],[140.93324,37.64517]]]},"properties":{"hoanrinKind":"保安林"}},
{"type":"Feature","geometry":{"type":"Polygon","coordinates":[[[140.49002,37.45978],[140.48951,37.46157],[140.4885,37.46125],[140.48835,37.45977],[140.49002,37.45978]]]},"properties":{"hoanrinKind":"保安林"}},
{"type":"Feature","geometry":{"type":"Polygon","coordinates":[[[139.50936,37.45224],[139.50962,37.45383],[139.50811,37.45336],[139.50936,37.45224]]]},"properties":{"hoanrinKind":"保安林"}},
{"type":"Feature","geometry":{"type":"Polygon","coordinates":[[[140.92316,37.5193],[140.92135,37.51918],[140.92202,37.51778],[140.92316,37.5181],[140.92316,37.5193]]]},"properties":{"hoanrinKind":"保安林"}},
{"type":"Feature","geometry":{"type":"Polygon","coordinates":[[[140.87805,37.71583],[140.87936,37.71666],[140.88007,37.71826],[140.87864,37.71772],[140.87805,37.71583]]]},"properties":{"hoanrinKind":"保安林"}},
{"type":"Feature","geometry":{"type":"Polygon","coordinates":[[[140.80143,37.44245],[140.79942,37.44325],[140.79867,37.44195],[140.80143,37.44245]]]},"properties":{"hoanrinKind":"保安林"}},
{"type":"Feature","geometry":{"type":"Polygon","coordinates":[[[140.83289,37.17629],[140.83356,37.17743],[140.83172,37.17787],[140.83182,37.17646],[140.83289,37.17629]]]},"properties":{"hoanrinKind":"保安林"}},
{"type":"Feature","geometry":{"type":"Polygon","coordinates":[[[140.99635,37.17909],[140.99635,37.17788],[140.99773,37.17824],[140.99752,37.17907],[140.99635,37.17909]]]},"properties":{"hoanrinKind":"保安林"}},
{"type":"Feature","geometry":{"type":"Polygon","coordinates":[[[140.71754,36.89745],[140.717,36.89908],[140.71559,36.89894],[140.71616,36.89789],[140.71754,36.89745]]]},"properties":{"hoanrinKind":"保安林"}},
{"type":"Feature","geometry":{"type":"Polygon","coordinates":[[[140.90097,37.13493],[140.90196,37.13403],[140.9026,37.13464],[140.90152,37.13536],[140.90097,37.13493]]]},"properties":{"hoanrinKind":"保安林"}},
{"type":"Feature","geometry":{"type":"Polygon","coordinates":[[[140.22075,37.2173],[140.22149,37.21785],[140.22069,37.21917],[140.21961,37.21779],[140.22075,37.2173]]]},"properties":{"hoanrinKind":"保安林"}},
{"type":"Feature","geometry":{"type":"Polygon","coordinates":[[[140.79719,37.48868],[140.79853,37.489],[140.79768,37.4905],[140.79666,37.49017],[140.79719,37.48868]]]},"properties":{"hoanrinKind":"保安林"}},
{"type":"Feature","geometry":{"type":"Polygon","coordinates":[[[140.96454,37.35471],[140.96492,37.35615],[140.96324,37.35602],[140.96454,37.35471]]]},"properties":{"hoanrinKind":"保安林"}},
{"type":"Feature","geometry":{"type":"Polygon","coordinates":[[[139.89344,37.73176],[139.8925,37.7331],[139.89169,37.73214],[139.89344,37.73176]]]},"properties":{"hoanrinKind":"保安林"}},
{"type":"Feature","geometry":{"type":"Polygon","coordinates":[[[140.15269,37.27685],[140.15518,37.27722],[140.15573,37.27827],[140.15273,37.27743],[140.15269,37.27685]]]},"properties":{"hoanrinKind":"保安林"}},
{"type":"Feature","geometry":{"type":"Polygon","coordinates":[[[140.06174,37.18297],[140.06238,37.18424],[140.06117,37.18462],[140.06039,37.1835],[140.06174,37.18297]]]},"properties":{"hoanrinKind":"保安林"}},
{"type":"Feature","geometry":{"type":"Polygon","coordinates":[[[140.85199,37.17803],[140.85345,37.17894],[140.85142,37.17959],[140.85199,37.17803]]]},"properties":{"hoanrinKind":"保安林"}},
{"type":"Feature","geometry":{"type":"Polygon","coordinates":[[[140.97157,37.04468],[140.97215,37.04612],[140.97105,37.04621],[140.97157,37.04468]]]},"properties":{"hoanrinKind":"保安林"}},
{"type":"Feature","geometry":{"type":"Polygon","coordinates":[[[140.89372,37.6651],[140.8948,37.66656],[140.89364,37.66686],[140.89291,37.66593],[140.89372,37.6651]]]},"properties":{"hoanrinKind":"保安林"}},
{"type":"Feature","geometry":{"type":"Polygon","coordinates":[[[140.61033,37.74574],[140.61033,37.74812],[140.60954,37.74768],[140.60955,37.74637],[140.61033,37.74574]]]},"properties":{"hoanrinKind":"保安林"}},
{"type":"Feature","geometry":{"type":"Polygon","coordinates":[[[140.33225,37.01082],[140.33244,37.01132],[140.33061,37.01313],[140.32984,37.01221],[140.33225,37.01082]]]},"properties":{"hoanrinKind":"保安林"}},
{"type":"Feature","geometry":{"type":"Polygon","coordinates":[[[139.29893,37.33904],[139.30038,37.34106],[139.2994,37.34136],[139.29893,37.33904]]]},"properties":{"hoanrinKind":"保安林"}},
{"type":"Feature","geometry":{"type":"Polygon","coordinates":[[[140.30899,37.54625],[140.30919,37.54668],[140.30777,37.54775],[140.30674,37.54747],[140.30822,37.54636],[140.30899,37.54625]]]},"properties":{"hoanrinKind":"保安林"}},
{"type":"Feature","geometry":{"type":"Polygon","coordinates":[[[140.78433,37.07725],[140.78308,37.07696],[140.78396,37.07528],[140.78574,37.07581],[140.78433,37.07725]]]},"properties":{"hoanrinKind":"保安林"}},
{"type":"Feature","geometry":{"type":"Polygon","coordinates":[[[140.75784,36.98279],[140.75806,36.98422],[140.75715,36.98451],[140.75645,36.9834],[140.75784,36.98279]]]},"properties":{"hoanrinKind":"保安林"}},
{"type":"Feature","geometry":{"type":"Polygon","coordinates":[[[140.65883,37.80897],[140.65735,37.81037],[140.65701,37.80977],[140.65781,37.80886],[140.65883,37.80897]]]},"properties":{"hoanrinKind":"保安林"}},
{"type":"Feature","geometry":{"type":"Polygon","coordinates":[[[140.50768,37.01009],[140.50823,37.01161],[140.50655,37.01161],[140.50664,37.01019],[140.50768,37.01009]]]},"properties":{"hoanrinKind":"保安林"}},
{"type":"Feature","geometry":{"type":"Polygon","coordinates":[[[140.61871,37.67016],[140.62023,37.67146],[140.61826,37.67188],[140.61871,37.67016]]]},"properties":{"hoanrinKind":"保安林"}},
{"type":"Feature","geometry":{"type":"Polygon","coordinates":[[[139.80639,37.64037],[139.80577,37.64179],[139.80443,37.64075],[139.80639,37.64037]]]},"properties":{"hoanrinKind":"保安林"}},
{"type":"Feature","geometry":{"type":"Polygon","coordinates":[[[140.96845,37.20426],[140.96668,37.20501],[140.96694,37.20392],[140.96845,37.20426]]]},"properties":{"hoanrinKind":"保安林"}},
{"type":"Feature","geometry":{"type":"Polygon","coordinates":[[[140.93199,37.881],[140.93257,37.88243],[140.93122,37.8827],[140.93199,37.881]]]},"properties":{"hoanrinKind":"保安林"}},
{"type":"Feature","geometry":{"type":"Polygon","coordinates":[[[140.14037,37.60468],[140.1376,37.60446],[140.13855,37.60345],[140.14017,37.6033],[140.14037,37.60468]]]},"properties":{"hoanrinKind":"保安林"}},
{"type":"Feature","geometry":{"type":"Polygon","coordinates":[[[140.67956,37.13093],[140.677,37.13057],[140.67649,37.12939],[140.67869,37.1301],[140.67956,37.13093]]]},"properties":{"hoanrinKind":"保安林"}},
{"type":"Feature","geometry":{"type":"Polygon","coordinates":[[[140.92685,37.67508],[140.92683,37.6746],[140.92861,37.67405],[140.928,37.67513],[140.92685,37.67508]]]},"properties":{"hoanrinKind":"保安林"}},
{"type":"Feature","geometry":{"type":"Polygon","coordinates":[[[140.26113,37.65355],[140.25833,37.65342],[140.25793,37.65248],[140.26166,37.65294],[140.26113,37.65355]]]},"properties":{"hoanrinKind":"保安林"}},
{"type":"Feature","geometry":{"type":"Polygon","coordinates":[[[139.98487,37.51719],[139.98434,37.51624],[139.98662,37.51553],[139.98599,37.51698],[139.98487,37.51719]]]},"properties":{"hoanrinKind":"保安林"}},
{"type":"Feature","geometry":{"type":"Polygon","coordinates":[[[139.70547,37.6191],[139.70581,37.61984],[139.70349,37.62072],[139.70352,37.61972],[139.70547,37.6191]]]},"properties":{"hoanrinKind":"保安林"}},
{"type":"Feature","geometry":{"type":"Polygon","coordinates":[[[140.94748,37.35629],[140.94936,37.35744],[140.95049,37.3587],[140.94978,37.35924],[140.94748,37.35629]]]},"properties":{"hoanrinKind":"保安林"}},
{"type":"Feature","geometry":{"type":"Polygon","coordinates":[[[140.53646,37.03232],[140.53597,37.03325],[140.53362,37.03272],[140.53431,37.03214],[140.53646,37.03232]]]},"properties":{"hoanrinKind":"保安林"}},
{"type":"Feature","geometry":{"type":"Polygon","coordinates":[[[140.42377,36.97203],[140.42402,36.97339],[140.42144,36.9721],[140.42377,36.97203]]]},"properties":{"hoanrinKind":"保安林"}},
{"type":"Feature","geometry":{"type":"Polygon","coordinates":[[[140.7176,37.00226],[140.7155,37.00229],[140.71568,36.99985],[140.7176,37.00226]]]},"properties":{"hoanrinKind":"保安林"}},
{"type":"Feature","geometry":{"type":"Polygon","coordinates":[[[139.65796,37.6721],[139.65829,37.67295],[139.65742,37.67425],[139.65623,37.67352],[139.65796,37.6721]]]},"properties":{"hoanrinKind":"保安林"}},
{"type":"Feature","geometry":{"type":"Polygon","coordinates":[[[140.39513,36.95532],[140.39687,36.95653],[140.3935,36.95624],[140.39513,36.95532]]]},"properties":{"hoanrinKind":"保安林"}},
{"type":"Feature","geometry":{"type":"Polygon","coordinates":[[[140.34888,37.60523],[140.34959,37.60445],[140.3514,37.60422],[140.3526,37.6037],[140.35306,37.60423],[140.35146,37.60475],[140.34975,37.60478],[140.34888,37.60523]]]},"properties":{"hoanrinKind":"保安林"}},
{"type":"Feature","geometry":{"type":"Polygon","coordinates":[[[140.50542,37.41937],[140.5054,37.42046],[140.50341,37.42056],[140.503,37.4193],[140.50542,37.41937]]]},"properties":{"hoanrinKind":"保安林"}},
{"type":"Feature","geometry":{"type":"Polygon","coordinates":[[[139.70441,37.62617],[139.70455,37.62665],[139.70256,37.62785],[139.70279,37.6265],[139.70441,37.62617]]]},"properties":{"hoanrinKind":"保安林"}},
{"type":"Feature","geometry":{"type":"Polygon","coordinates":[[[140.34441,37.04726],[140.34454,37.04573],[140.34593,37.04578],[140.34642,37.04715],[140.34441,37.04726]]]},"properties":{"hoanrinKind":"保安林"}},
{"type":"Feature","geometry":{"type":"Polygon","coordinates":[[[140.67646,37.44113],[140.67707,37.44196],[140.67582,37.44215],[140.67494,37.44179],[140.67646,37.44113]]]},"properties":{"hoanrinKind":"保安林"}},
{"type":"Feature","geometry":{"type":"Polygon","coordinates":[[[140.3787,37.73045],[140.37769,37.73091],[140.37758,37.73023],[140.3787,37.73045]]]},"properties":{"hoanrinKind":"保安林"}},
{"type":"Feature","geometry":{"type":"Polygon","coordinates":[[[140.42794,36.90031],[140.42697,36.89958],[140.4285,36.899],[140.42949,36.90003],[140.42794,36.90031]]]},"properties":{"hoanrinKind":"保安林"}},
{"type":"Feature","geometry":{"type":"Polygon","coordinates":[[[140.87267,37.53059],[140.87442,37.53163],[140.87402,37.53243],[140.872,37.53157],[140.87267,37.53059]]]},"properties":{"hoanrinKind":"保安林"}},
{"type":"Feature","geometry":{"type":"Polygon","coordinates":[[[140.70915,37.22434],[140.7091,37.22482],[140.70664,37.22735],[140.7065,37.22635],[140.70915,37.22434]]]},"properties":{"hoanrinKind":"保安林"}},
{"type":"Feature","geometry":{"type":"Polygon","coordinates":[[[139.81878,37.22375],[139.8173,37.22354],[139.81795,37.22235],[139.82007,37.22346],[139.81878,37.22375]]]},"properties":{"hoanrinKind":"保安林"}},
{"type":"Feature","geometry":{"type":"Polygon","coordinates":[[[140.73433,37.27439],[140.73509,37.27605],[140.73357,37.27608],[140.73433,37.27439]]]},"properties":{"hoanrinKind":"保安林"}},
{"type":"Feature","geometry":{"type":"Polygon","coordinates":[[[140.59087,37.19903],[140.59036,37.20074],[140.58886,37.20026],[140.58931,37.19924],[140.59087,37.19903]]]},"properties":{"hoanrinKind":"保安林"}},
{"type":"Feature","geometry":{"type":"Polygon","coordinates":[[[140.54953,37.51296],[140.54819,37.51323],[140.54947,37.51143],[140.55001,37.51197],[140.54953,37.51296]]]},"properties":{"hoanrinKind":"保安林"}},
{"type":"Feature","geometry":{"type":"Polygon","coordinates":[[[140.98632,37.27135],[140.98654,37.27077],[140.98812,37.27063],[140.98815,37.27145],[140.98632,37.27135]]]},"properties":{"hoanrinKind":"保安林"}},
{"type":"Feature","geometry":{"type":"Polygon","coordinates":[[[139.46282,37.31486],[139.46401,37.31553],[139.46349,37.31642],[139.4617,37.31647],[139.46282,37.31486]]]},"properties":{"hoanrinKind":"保安林"}},
{"type":"Feature","geometry":{"type":"Polygon","coordinates":[[[139.8215,37.77224],[139.82225,37.77302],[139.82189,37.77409],[139.82029,37.77322],[139.8215,37.77224]]]},"properties":{"hoanrinKind":"保安林"}},
{"type":"Feature","geometry":{"type":"Polygon","coordinates":[[[140.72332,36.90425],[140.72105,36.90369],[140.72133,36.90271],[140.72413,36.90343],[140.72332,36.90425]]]},"properties":{"hoanrinKind":"保安林"}},
{"type":"Feature","geometry":{"type":"Polygon","coordinates":[[[140.45857,37.14362],[140.45947,37.14429],[140.45886,37.14552],[140.45759,37.14529],[140.45857,37.14362]]]},"properties":{"hoanrinKind":"保安林"}},
{"type":"Feature","geometry":{"type":"Polygon","coordinates":[[[140.51833,37.04444],[140.51887,37.04534],[140.51732,37.04666],[140.5166,37.04592],[140.51833,37.04444]]]},"properties":{"hoanrinKind":"保安林"}},
{"type":"Feature","geometry":{"type":"Polygon","coordinates":[[[140.96855,37.2431],[140.96744,37.24201],[140.96932,37.24187],[140.96855,37.2431]]]},"properties":{"hoanrinKind":"保安林"}},
{"type":"Feature","geometry":{"type":"Polygon","coordinates":[[[139.6907,37.50392],[139.69098,37.50494],[139.69031,37.50634],[139.68856,37.50633],[139.6907,37.50392]]]},"properties":{"hoanrinKind":"保安林"}},
{"type":"Feature","geometry":{"type":"Polygon","coordinates":[[[139.62969,37.4585],[139.62989,37.46066],[139.62864,37.46009],[139.62864,37.45865],[139.62969,37.4585]]]},"properties":{"hoanrinKind":"保安林"}},
{"type":"Feature","geometry":{"type":"Polygon","coordinates":[[[139.68942,37.61537],[139.68978,37.6164],[139.68782,37.61709],[139.68812,37.61556],[139.68942,37.61537]]]},"properties":{"hoanrinKind":"保安林"}},
{"type":"Feature","geometry":{"type":"Polygon","coordinates":[[[140.52173,37.33328],[140.52097,37.33392],[140.51954,37.33255],[140.52055,37.3322],[140.52173,37.33328]]]},"properties":{"hoanrinKind":"保安林"}},
{"type":"Feature","geometry":{"type":"Polygon","coordinates":[[[140.24443,37.49911],[140.2429,37.50019],[140.24173,37.4995],[140.24163,37.49851],[140.24443,37.49911]]]},"properties":{"hoanrinKind":"保安林"}},
{"type":"Feature","geometry":{"type":"Polygon","coordinates":[[[140.93033,37.0816],[140.93129,37.08291],[140.93037,37.08372],[140.9296,37.08255],[140.93033,37.0816]]]},"properties":{"hoanrinKind":"保安林"}},
{"type":"Feature","geometry":{"type":"Polygon","coordinates":[[[141.00076,37.75815],[141.00101,37.75711],[141.00242,37.75695],[141.00076,37.75815]]]},"properties":{"hoanrinKind":"保安林"}},
{"type":"Feature","geometry":{"type":"Polygon","coordinates":[[[140.95489,37.47772],[140.95306,37.47767],[140.95146,37.47805],[140.95049,37.47689],[140.95248,37.47742],[140.95324,37.47721],[140.95489,37.47772]]]},"properties":{"hoanrinKind":"保安林"}},
{"type":"Feature","geometry":{"type":"Polygon","coordinates":[[[140.64588,37.79105],[140.64342,37.791],[140.64209,37.79081],[140.64061,37.79021],[140.64136,37.78987],[140.64278,37.79041],[140.64412,37.79056],[140.64584,37.79046],[140.64588,37.79105]]]},"properties":{"hoanrinKind":"保安林"}},
{"type":"Feature","geometry":{"type":"Polygon","coordinates":[[[140.38402,37.75086],[140.38494,37.7514],[140.38041,37.75191],[140.38113,37.75119],[140.38402,37.75086]]]},"properties":{"hoanrinKind":"保安林"}},
{"type":"Feature","geometry":{"type":"Polygon","coordinates":[[[140.76241,36.90959],[140.75907,36.90979],[140.75904,36.9087],[140.76227,36.90895],[140.76241,36.90959]]]},"properties":{"hoanrinKind":"保安林"}},
{"type":"Feature","geometry":{"type":"Polygon","coordinates":[[[140.89437,37.734],[140.89375,37.7359],[140.89178,37.73498],[140.89437,37.734]]]},"properties":{"hoanrinKind":"保安林"}},
{"type":"Feature","geometry":{"type":"Polygon","coordinates":[[[140.06574,37.29304],[140.06714,37.29593],[140.0652,37.29467],[140.06574,37.29304]]]},"properties":{"hoanrinKind":"保安林"}},
{"type":"Feature","geometry":{"type":"Polygon","coordinates":[[[140.86522,37.1018],[140.86526,37.10286],[140.86442,37.10386],[140.86341,37.10411],[140.86385,37.10226],[140.86522,37.1018]]]},"properties":{"hoanrinKind":"保安林"}},
{"type":"Feature","geometry":{"type":"Polygon","coordinates":[[[140.68987,37.23635],[140.68753,37.2366],[140.68916,37.23459],[140.68987,37.23635]]]},"properties":{"hoanrinKind":"保安林"}},
{"type":"Feature","geometry":{"type":"Polygon","coordinates":[[[139.48279,37.28518],[139.48066,37.28707],[139.47901,37.28708],[139.48106,37.28528],[139.48279,37.28518]]]},"properties":{"hoanrinKind":"保安林"}},
{"type":"Feature","geometry":{"type":"Polygon","coordinates":[[[140.58377,37.81046],[140.58251,37.80947],[140.58484,37.8093],[140.58377,37.81046]]]},"properties":{"hoanrinKind":"保安林"}},
{"type":"Feature","geometry":{"type":"Polygon","coordinates":[[[140.98312,37.09039],[140.98379,37.0911],[140.98419,37.09208],[140.98477,37.09257],[140.98464,37.09383],[140.98365,37.09201],[140.98294,37.09114],[140.98312,37.09039]]]},"properties":{"hoanrinKind":"保安林"}},
{"type":"Feature","geometry":{"type":"Polygon","coordinates":[[[140.97159,37.19914],[140.97229,37.20073],[140.97064,37.20083],[140.97044,37.19983],[140.97159,37.19914]]]},"properties":{"hoanrinKind":"保安林"}},
{"type":"Feature","geometry":{"type":"Polygon","coordinates":[[[140.43354,37.89865],[140.43467,37.9004],[140.43204,37.89918],[140.43354,37.89865]]]},"properties":{"hoanrinKind":"保安林"}},
{"type":"Feature","geometry":{"type":"Polygon","coordinates":[[[139.60514,37.45016],[139.6066,37.45178],[139.60519,37.45214],[139.60514,37.45016]]]},"properties":{"hoanrinKind":"保安林"}},
{"type":"Feature","geometry":{"type":"Polygon","coordinates":[[[141.01055,37.72188],[141.01163,37.72351],[141.01118,37.72405],[141.00911,37.72279],[141.01055,37.72188]]]},"properties":{"hoanrinKind":"保安林"}},
{"type":"Feature","geometry":{"type":"Polygon","coordinates":[[[140.42145,36.91189],[140.42231,36.91064],[140.42387,36.91149],[140.42145,36.91189]]]},"properties":{"hoanrinKind":"保安林"}},
{"type":"Feature","geometry":{"type":"Polygon","coordinates":[[[140.33663,37.69051],[140.33647,37.68939],[140.3382,37.69014],[140.33663,37.69051]]]},"properties":{"hoanrinKind":"保安林"}},
{"type":"Feature","geometry":{"type":"Polygon","coordinates":[[[139.62806,37.46388],[139.6275,37.46559],[139.62622,37.4652],[139.62806,37.46388]]]},"properties":{"hoanrinKind":"保安林"}},
{"type":"Feature","geometry":{"type":"Polygon","coordinates":[[[140.59736,37.64472],[140.59789,37.64571],[140.59634,37.64683],[140.59547,37.64601],[140.59736,37.64472]]]},"properties":{"hoanrinKind":"保安林"}},
{"type":"Feature","geometry":{"type":"Polygon","coordinates":[[[140.72495,37.21747],[140.72466,37.21886],[140.72324,37.21866],[140.72402,37.21718],[140.72495,37.21747]]]},"properties":{"hoanrinKind":"保安林"}},
{"type":"Feature","geometry":{"type":"Polygon","coordinates":[[[140.51978,37.5881],[140.51995,37.58753],[140.52086,37.58733],[140.52113,37.58779],[140.51978,37.5881]]]},"properties":{"hoanrinKind":"保安林"}},
{"type":"Feature","geometry":{"type":"Polygon","coordinates":[[[139.71661,37.75817],[139.71779,37.75935],[139.71674,37.7604],[139.71605,37.75887],[139.71661,37.75817]]]},"properties":{"hoanrinKind":"保安林"}},
{"type":"Feature","geometry":{"type":"Polygon","coordinates":[[[140.59702,37.22403],[140.59545,37.225],[140.59398,37.2244],[140.59598,37.22342],[140.59702,37.22403]]]},"properties":{"hoanrinKind":"保安林"}},
{"type":"Feature","geometry":{"type":"Polygon","coordinates":[[[140.58183,37.20739],[140.58048,37.20646],[140.58254,37.20597],[140.58183,37.20739]]]},"properties":{"hoanrinKind":"保安林"}},
{"type":"Feature","geometry":{"type":"Polygon","coordinates":[[[140.63183,37.73332],[140.63021,37.73428],[140.63139,37.73178],[140.63296,37.7327],[140.63183,37.73332]]]},"properties":{"hoanrinKind":"保安林"}},
{"type":"Feature","geometry":{"type":"Polygon","coordinates":[[[139.54774,37.4742],[139.54896,37.47653],[139.54804,37.47689],[139.54724,37.4751],[139.54774,37.4742]]]},"properties":{"hoanrinKind":"保安林"}},
{"type":"Feature","geometry":{"type":"Polygon","coordinates":[[[140.03769,37.60986],[140.03769,37.61136],[140.03553,37.61136],[140.03769,37.60986]]]},"properties":{"hoanrinKind":"保安林"}},
{"type":"Feature","geometry":{"type":"Polygon","coordinates":[[[140.52955,37.0407],[140.52892,37.0393],[140.53058,37.0393],[140.53132,37.04082],[140.52955,37.0407]]]},"properties":{"hoanrinKind":"保安林"}},
{"type":"Feature","geometry":{"type":"Polygon","coordinates":[[[140.49506,37.4184],[140.49386,37.4181],[140.49163,37.41825],[140.49241,37.41733],[140.49441,37.41717],[140.49506,37.4184]]]},"properties":{"hoanrinKind":"保安林"}},
{"type":"Feature","geometry":{"type":"Polygon","coordinates":[[[140.72744,37.21037],[140.72865,37.2116],[140.72757,37.21247],[140.72608,37.21131],[140.72744,37.21037]]]},"properties":{"hoanrinKind":"保安林"}},
{"type":"Feature","geometry":{"type":"Polygon","coordinates":[[[140.40901,37.82804],[140.40798,37.82963],[140.40667,37.82765],[140.40901,37.82804]]]},"properties":{"hoanrinKind":"保安林"}},
{"type":"Feature","geometry":{"type":"Polygon","coordinates":[[[140.70189,36.97454],[140.69964,36.97554],[140.69937,36.97391],[140.70042,36.97361],[140.70189,36.97454]]]},"properties":{"hoanrinKind":"保安林"}},
{"type":"Feature","geometry":{"type":"Polygon","coordinates":[[[139.76748,37.4027],[139.76875,37.40354],[139.76854,37.40453],[139.76667,37.40419],[139.76748,37.4027]]]},"properties":{"hoanrinKind":"保安林"}},
{"type":"Feature","geometry":{"type":"Polygon","coordinates":[[[140.405,36.93049],[140.40363,36.93169],[140.40205,36.93123],[140.40376,36.92975],[140.405,36.93049]]]},"properties":{"hoanrinKind":"保安林"}},
{"type":"Feature","geometry":{"type":"Polygon","coordinates":[[[140.86589,37.53548],[140.86672,37.53665],[140.86505,37.53688],[140.864,37.53606],[140.86589,37.53548]]]},"properties":{"hoanrinKind":"保安林"}},
{"type":"Feature","geometry":{"type":"Polygon","coordinates":[[[140.66815,37.79831],[140.66757,37.79992],[140.66636,37.80039],[140.66642,37.79806],[140.66815,37.79831]]]},"properties":{"hoanrinKind":"保安林"}},
{"type":"Feature","geometry":{"type":"Polygon","coordinates":[[[139.69025,37.67393],[139.68808,37.67524],[139.68662,37.67519],[139.68874,37.6738],[139.69025,37.67393]]]},"properties":{"hoanrinKind":"保安林"}},
{"type":"Feature","geometry":{"type":"Polygon","coordinates":[[[140.23691,37.06475],[140.23583,37.06387],[140.23794,37.06276],[140.23791,37.0648],[140.23691,37.06475]]]},"properties":{"hoanrinKind":"保安林"}},
{"type":"Feature","geometry":{"type":"Polygon","coordinates":[[[139.66272,37.30897],[139.66203,37.30994],[139.66083,37.31012],[139.66115,37.30878],[139.66272,37.30897]]]},"properties":{"hoanrinKind":"保安林"}},
{"type":"Feature","geometry":{"type":"Polygon","coordinates":[[[140.86435,37.85009],[140.86409,37.85118],[140.86167,37.85105],[140.86268,37.84958],[140.86435,37.85009]]]},"properties":{"hoanrinKind":"保安林"}},
{"type":"Feature","geometry":{"type":"Polygon","coordinates":[[[140.64531,36.97882],[140.64645,36.98013],[140.64364,36.98218],[140.64531,36.97882]]]},"properties":{"hoanrinKind":"保安林"}},
{"type":"Feature","geometry":{"type":"Polygon","coordinates":[[[140.63598,37.74946],[140.63518,37.75046],[140.63325,37.74944],[140.63393,37.74886],[140.63598,37.74946]]]},"properties":{"hoanrinKind":"保安林"}},
{"type":"Feature","geometry":{"type":"Polygon","coordinates":[[[139.96941,37.44295],[139.96992,37.44355],[139.96952,37.44563],[139.96838,37.44571],[139.96868,37.4431],[139.96941,37.44295]]]},"properties":{"hoanrinKind":"保安林"}},
{"type":"Feature","geometry":{"type":"Polygon","coordinates":[[[140.62826,37.76488],[140.62807,37.76547],[140.62533,37.76721],[140.62561,37.76588],[140.62826,37.76488]]]},"properties":{"hoanrinKind":"保安林"}},
{"type":"Feature","geometry":{"type":"Polygon","coordinates":[[[140.70032,37.22998],[140.69916,37.23077],[140.69919,37.22968],[140.70032,37.22998]]]},"properties":{"hoanrinKind":"保安林"}},
{"type":"Feature","geometry":{"type":"Polygon","coordinates":[[[140.56521,37.37535],[140.56648,37.37666],[140.56536,37.37706],[140.56419,37.37639],[140.56521,37.37535]]]},"properties":{"hoanrinKind":"保安林"}},
{"type":"Feature","geometry":{"type":"Polygon","coordinates":[[[140.93413,37.59663],[140.93534,37.59821],[140.9339,37.59862],[140.93413,37.59663]]]},"properties":{"hoanrinKind":"保安林"}},
{"type":"Feature","geometry":{"type":"Polygon","coordinates":[[[140.91247,37.6717],[140.91392,37.67328],[140.91163,37.67325],[140.91129,37.6719],[140.91247,37.6717]]]},"properties":{"hoanrinKind":"保安林"}},
{"type":"Feature","geometry":{"type":"Polygon","coordinates":[[[139.73573,37.48206],[139.73727,37.48374],[139.73539,37.48349],[139.73573,37.48206]]]},"properties":{"hoanrinKind":"保安林"}},
{"type":"Feature","geometry":{"type":"Polygon","coordinates":[[[140.14616,37.50279],[140.14622,37.50489],[140.14395,37.50629],[140.14616,37.50279]]]},"properties":{"hoanrinKind":"保安林"}},
{"type":"Feature","geometry":{"type":"Polygon","coordinates":[[[140.0013,37.26576],[140.00222,37.26598],[140.00309,37.26765],[140.00196,37.26851],[140.0013,37.26576]]]},"properties":{"hoanrinKind":"保安林"}},
{"type":"Feature","geometry":{"type":"Polygon","coordinates":[[[139.50063,37.12369],[139.50313,37.12408],[139.50161,37.12509],[139.50063,37.12369]]]},"properties":{"hoanrinKind":"保安林"}},
{"type":"Feature","geometry":{"type":"Polygon","coordinates":[[[140.86934,37.85114],[140.86663,37.85099],[140.86609,37.85004],[140.86732,37.84897],[140.8683,37.85091],[140.86934,37.85114]]]},"properties":{"hoanrinKind":"保安林"}},
{"type":"Feature","geometry":{"type":"Polygon","coordinates":[[[140.55166,36.92204],[140.55267,36.92301],[140.55063,36.92371],[140.54976,36.92245],[140.55166,36.92204]]]},"properties":{"hoanrinKind":"保安林"}},
{"type":"Feature","geometry":{"type":"Polygon","coordinates":[[[140.14653,37.49719],[140.14626,37.50039],[140.14562,37.5023],[140.14466,37.50183],[140.14561,37.50015],[140.14653,37.49719]]]},"properties":{"hoanrinKind":"保安林"}},
{"type":"Feature","geometry":{"type":"Polygon","coordinates":[[[139.451,37.31178],[139.4508,37.31093],[139.45473,37.31079],[139.45474,37.31176],[139.451,37.31178]]]},"properties":{"hoanrinKind":"保安林"}},
{"type":"Feature","geometry":{"type":"Polygon","coordinates":[[[139.28728,37.35842],[139.28596,37.35881],[139.28519,37.35824],[139.28653,37.35726],[139.28728,37.35842]]]},"properties":{"hoanrinKind":"保安林"}},
{"type":"Feature","geometry":{"type":"Polygon","coordinates":[[[140.87201,37.76631],[140.87141,37.768],[140.8699,37.7674],[140.87033,37.76564],[140.87201,37.76631]]]},"properties":{"hoanrinKind":"保安林"}},
{"type":"Feature","geometry":{"type":"Polygon","coordinates":[[[140.69259,37.73739],[140.69192,37.73953],[140.69119,37.73829],[140.69259,37.73739]]]},"properties":{"hoanrinKind":"保安林"}},
{"type":"Feature","geometry":{"type":"Polygon","coordinates":[[[139.90679,37.27224],[139.90779,37.2738],[139.90681,37.27507],[139.90595,37.27289],[139.90679,37.27224]]]},"properties":{"hoanrinKind":"保安林"}},
{"type":"Feature","geometry":{"type":"Polygon","coordinates":[[[140.47028,36.89278],[140.47032,36.89374],[140.46889,36.89524],[140.46871,36.89337],[140.47028,36.89278]]]},"properties":{"hoanrinKind":"保安林"}},
{"type":"Feature","geometry":{"type":"Polygon","coordinates":[[[139.90259,37.20927],[139.90325,37.21086],[139.90187,37.21147],[139.90189,37.20925],[139.90259,37.20927]]]},"properties":{"hoanrinKind":"保安林"}},
{"type":"Feature","geometry":{"type":"Polygon","coordinates":[[[139.97153,37.39686],[139.97237,37.397],[139.97231,37.39883],[139.97047,37.39887],[139.97019,37.39782],[139.97153,37.39686]]]},"properties":{"hoanrinKind":"保安林"}},
{"type":"Feature","geometry":{"type":"Polygon","coordinates":[[[140.3986,36.9602],[140.39952,36.96122],[140.39766,36.96189],[140.39661,36.96082],[140.3986,36.9602]]]},"properties":{"hoanrinKind":"保安林"}},
{"type":"Feature","geometry":{"type":"Polygon","coordinates":[[[140.537,37.80642],[140.53753,37.80808],[140.5356,37.80746],[140.537,37.80642]]]},"properties":{"hoanrinKind":"保安林"}},
{"type":"Feature","geometry":{"type":"Polygon","coordinates":[[[140.40175,37.04185],[140.40309,37.04139],[140.40281,37.04274],[140.40175,37.04185]]]},"properties":{"hoanrinKind":"保安林"}},
{"type":"Feature","geometry":{"type":"Polygon","coordinates":[[[139.74502,37.44233],[139.74462,37.44398],[139.74257,37.44363],[139.74502,37.44233]]]},"properties":{"hoanrinKind":"保安林"}},
{"type":"Feature","geometry":{"type":"Polygon","coordinates":[[[140.87451,37.83763],[140.87609,37.83938],[140.875,37.84012],[140.87451,37.83763]]]},"properties":{"hoanrinKind":"保安林"}},
{"type":"Feature","geometry":{"type":"Polygon","coordinates":[[[139.64376,37.20408],[139.64321,37.20498],[139.64112,37.20561],[139.63994,37.20683],[139.63945,37.20632],[139.64181,37.20452],[139.64376,37.20408]]]},"properties":{"hoanrinKind":"保安林"}},
{"type":"Feature","geometry":{"type":"Polygon","coordinates":[[[140.16202,37.29315],[140.15963,37.29431],[140.15864,37.29373],[140.15908,37.29248],[140.16202,37.29315]]]},"properties":{"hoanrinKind":"保安林"}},
{"type":"Feature","geometry":{"type":"Polygon","coordinates":[[[140.63296,37.27255],[140.6331,37.27402],[140.63141,37.27389],[140.6311,37.27279],[140.63296,37.27255]]]},"properties":{"hoanrinKind":"保安林"}},
{"type":"Feature","geometry":{"type":"Polygon","coordinates":[[[139.62044,37.46369],[139.61843,37.46583],[139.61618,37.46476],[139.62044,37.46369]]]},"properties":{"hoanrinKind":"保安林"}},
{"type":"Feature","geometry":{"type":"Polygon","coordinates":[[[139.72751,37.55085],[139.73001,37.55115],[139.72948,37.55224],[139.72754,37.55217],[139.72751,37.55085]]]},"properties":{"hoanrinKind":"保安林"}},
{"type":"Feature","geometry":{"type":"Polygon","coordinates":[[[140.85084,37.17478],[140.85101,37.17674],[140.8495,37.1764],[140.8493,37.17532],[140.85084,37.17478]]]},"properties":{"hoanrinKind":"保安林"}},
{"type":"Feature","geometry":{"type":"Polygon","coordinates":[[[139.64656,37.42635],[139.64647,37.42717],[139.644,37.42737],[139.64487,37.42639],[139.64656,37.42635]]]},"properties":{"hoanrinKind":"保安林"}},
{"type":"Feature","geometry":{"type":"Polygon","coordinates":[[[140.72892,37.39203],[140.72807,37.39346],[140.72589,37.39344],[140.72765,37.39185],[140.72892,37.39203]]]},"properties":{"hoanrinKind":"保安林"}},
{"type":"Feature","geometry":{"type":"Polygon","coordinates":[[[140.94798,37.09396],[140.94854,37.09489],[140.94726,37.09592],[140.94562,37.09498],[140.94798,37.09396]]]},"properties":{"hoanrinKind":"保安林"}},
{"type":"Feature","geometry":{"type":"Polygon","coordinates":[[[139.65676,37.51644],[139.65655,37.51772],[139.65339,37.51737],[139.65462,37.51635],[139.65676,37.51644]]]},"properties":{"hoanrinKind":"保安林"}},
{"type":"Feature","geometry":{"type":"Polygon","coordinates":[[[139.80821,37.28249],[139.80772,37.28365],[139.80544,37.28367],[139.80821,37.28249]]]},"properties":{"hoanrinKind":"保安林"}},
{"type":"Feature","geometry":{"type":"Polygon","coordinates":[[[140.60615,37.78656],[140.60483,37.7865],[140.60317,37.78536],[140.60499,37.78531],[140.60615,37.78656]]]},"properties":{"hoanrinKind":"保安林"}},
{"type":"Feature","geometry":{"type":"Polygon","coordinates":[[[140.10267,37.61027],[140.10159,37.60986],[140.10344,37.60834],[140.10433,37.60923],[140.10267,37.61027]]]},"properties":{"hoanrinKind":"保安林"}},
{"type":"Feature","geometry":{"type":"Polygon","coordinates":[[[140.86569,37.12889],[140.86525,37.1282],[140.86743,37.12777],[140.86656,37.12906],[140.86569,37.12889]]]},"properties":{"hoanrinKind":"保安林"}},
{"type":"Feature","geometry":{"type":"Polygon","coordinates":[[[140.90536,37.46594],[140.90467,37.46767],[140.90307,37.46706],[140.90536,37.46594]]]},"properties":{"hoanrinKind":"保安林"}},
{"type":"Feature","geometry":{"type":"Polygon","coordinates":[[[139.49849,37.44608],[139.49911,37.44648],[139.49825,37.44854],[139.4969,37.44819],[139.49849,37.44608]]]},"properties":{"hoanrinKind":"保安林"}},
{"type":"Feature","geometry":{"type":"Polygon","coordinates":[[[139.74981,37.64024],[139.75143,37.64361],[139.74975,37.64256],[139.74981,37.64024]]]},"properties":{"hoanrinKind":"保安林"}},
{"type":"Feature","geometry":{"type":"Polygon","coordinates":[[[140.96282,37.65571],[140.96273,37.65616],[140.96111,37.65782],[140.95848,37.6598],[140.95743,37.66025],[140.95698,37.65993],[140.95879,37.65906],[140.96001,37.65822],[140.96137,37.65659],[140.96282,37.65571]]]},"properties":{"hoanrinKind":"保安林"}},
{"type":"Feature","geometry":{"type":"Polygon","coordinates":[[[140.99515,37.40993],[140.99526,37.40876],[140.99663,37.40884],[140.99683,37.40985],[140.99515,37.40993]]]},"properties":{"hoanrinKind":"保安林"}},
{"type":"Feature","geometry":{"type":"Polygon","coordinates":[[[140.9398,37.17396],[140.938,37.1742],[140.93784,37.17339],[140.93913,37.17296],[140.9398,37.17396]]]},"properties":{"hoanrinKind":"保安林"}},
{"type":"Feature","geometry":{"type":"Polygon","coordinates":[[[139.77594,37.59011],[139.77683,37.5914],[139.77478,37.59209],[139.77594,37.59011]]]},"properties":{"hoanrinKind":"保安林"}},
{"type":"Feature","geometry":{"type":"Polygon","coordinates":[[[140.24911,37.4967],[140.24967,37.49753],[140.24797,37.49873],[140.24605,37.49805],[140.24911,37.4967]]]},"properties":{"hoanrinKind":"保安林"}},
{"type":"Feature","geometry":{"type":"Polygon","coordinates":[[[141.00866,37.72314],[141.01128,37.72443],[141.0104,37.72535],[141.00866,37.72314]]]},"properties":{"hoanrinKind":"保安林"}},
{"type":"Feature","geometry":{"type":"Polygon","coordinates":[[[140.80983,37.39292],[140.80819,37.3933],[140.80966,37.39115],[140.81059,37.39174],[140.80983,37.39292]]]},"properties":{"hoanrinKind":"保安林"}},
{"type":"Feature","geometry":{"type":"Polygon","coordinates":[[[140.69042,37.00637],[140.68895,37.00811],[140.68864,37.00651],[140.69042,37.00637]]]},"properties":{"hoanrinKind":"保安林"}},
{"type":"Feature","geometry":{"type":"Polygon","coordinates":[[[140.15337,37.48338],[140.15458,37.48708],[140.15406,37.48713],[140.15357,37.48531],[140.15261,37.48337],[140.15337,37.48338]]]},"properties":{"hoanrinKind":"保安林"}},
{"type":"Feature","geometry":{"type":"Polygon","coordinates":[[[140.84935,37.30422],[140.847,37.3037],[140.84709,37.30294],[140.85048,37.30342],[140.84935,37.30422]]]},"properties":{"hoanrinKind":"保安林"}},
{"type":"Feature","geometry":{"type":"Polygon","coordinates":[[[140.35702,37.71282],[140.35476,37.7119],[140.35525,37.71095],[140.35702,37.71282]]]},"properties":{"hoanrinKind":"保安林"}},
{"type":"Feature","geometry":{"type":"Polygon","coordinates":[[[139.88915,37.7333],[139.88901,37.73468],[139.88713,37.73446],[139.88824,37.73328],[139.88915,37.7333]]]},"properties":{"hoanrinKind":"保安林"}},
{"type":"Feature","geometry":{"type":"Polygon","coordinates":[[[140.50416,37.15403],[140.50305,37.1537],[140.5033,37.15217],[140.50491,37.15224],[140.50522,37.15327],[140.50416,37.15403]]]},"properties":{"hoanrinKind":"保安林"}},
{"type":"Feature","geometry":{"type":"Polygon","coordinates":[[[140.94953,37.45315],[140.94997,37.45442],[140.94778,37.45422],[140.94681,37.45322],[140.94953,37.45315]]]},"properties":{"hoanrinKind":"保安林"}},
{"type":"Feature","geometry":{"type":"Polygon","coordinates":[[[140.60439,37.78728],[140.60589,37.78854],[140.60412,37.78946],[140.60356,37.7882],[140.60439,37.78728]]]},"properties":{"hoanrinKind":"保安林"}},
{"type":"Feature","geometry":{"type":"Polygon","coordinates":[[[140.72081,37.41954],[140.72059,37.42024],[140.71497,37.4215],[140.71494,37.42091],[140.72081,37.41954]]]},"properties":{"hoanrinKind":"保安林"}},
{"type":"Feature","geometry":{"type":"Polygon","coordinates":[[[140.44192,37.13044],[140.44061,37.13134],[140.44059,37.13038],[140.44111,37.12983],[140.44192,37.13044]]]},"properties":{"hoanrinKind":"保安林"}},
{"type":"Feature","geometry":{"type":"Polygon","coordinates":[[[140.94709,37.60602],[140.94153,37.60616],[140.94192,37.60481],[140.94424,37.60572],[140.94691,37.60529],[140.94709,37.60602]]]},"properties":{"hoanrinKind":"保安林"}},
{"type":"Feature","geometry":{"type":"Polygon","coordinates":[[[140.98525,37.23199],[140.98417,37.23389],[140.98257,37.23394],[140.98259,37.23285],[140.98525,37.23199]]]},"properties":{"hoanrinKind":"保安林"}},
{"type":"Feature","geometry":{"type":"Polygon","coordinates":[[[140.54317,37.59131],[140.54306,37.59247],[140.54107,37.59275],[140.54097,37.59145],[140.54317,37.59131]]]},"properties":{"hoanrinKind":"保安林"}},
{"type":"Feature","geometry":{"type":"Polygon","coordinates":[[[140.81871,36.91213],[140.82112,36.91252],[140.82133,36.91345],[140.8191,36.91287],[140.81871,36.91213]]]},"properties":{"hoanrinKind":"保安林"}},
{"type":"Feature","geometry":{"type":"Polygon","coordinates":[[[140.03289,37.6033],[140.03299,37.60418],[140.03042,37.60468],[140.0301,37.60341],[140.03289,37.6033]]]},"properties":{"hoanrinKind":"保安林"}},
{"type":"Feature","geometry":{"type":"Polygon","coordinates":[[[140.54833,37.01286],[140.54871,37.01436],[140.54658,37.015],[140.54637,37.01409],[140.54833,37.01286]]]},"properties":{"hoanrinKind":"保安林"}},
{"type":"Feature","geometry":{"type":"Polygon","coordinates":[[[140.87465,37.10444],[140.87578,37.10467],[140.87561,37.10609],[140.87395,37.10601],[140.87465,37.10444]]]},"properties":{"hoanrinKind":"保安林"}},
{"type":"Feature","geometry":{"type":"Polygon","coordinates":[[[140.31637,36.99596],[140.31794,36.99716],[140.31817,36.9985],[140.31657,36.99834],[140.316,36.99691],[140.31637,36.99596]]]},"properties":{"hoanrinKind":"保安林"}},
{"type":"Feature","geometry":{"type":"Polygon","coordinates":[[[140.45793,37.38824],[140.45997,37.38927],[140.45952,37.39025],[140.45768,37.38915],[140.45793,37.38824]]]},"properties":{"hoanrinKind":"保安林"}},
{"type":"Feature","geometry":{"type":"Polygon","coordinates":[[[140.51169,37.87748],[140.51059,37.87823],[140.50971,37.87732],[140.51169,37.87748]]]},"properties":{"hoanrinKind":"保安林"}},
{"type":"Feature","geometry":{"type":"Polygon","coordinates":[[[140.76303,37.26367],[140.76385,37.26463],[140.76158,37.26515],[140.76173,37.26388],[140.76303,37.26367]]]},"properties":{"hoanrinKind":"保安林"}},
{"type":"Feature","geometry":{"type":"Polygon","coordinates":[[[139.78741,37.49752],[139.78806,37.49853],[139.78643,37.49958],[139.78623,37.49794],[139.78741,37.49752]]]},"properties":{"hoanrinKind":"保安林"}},
{"type":"Feature","geometry":{"type":"Polygon","coordinates":[[[140.62104,37.77027],[140.61949,37.7706],[140.61895,37.76865],[140.62094,37.76955],[140.62104,37.77027]]]},"properties":{"hoanrinKind":"保安林"}},
{"type":"Feature","geometry":{"type":"Polygon","coordinates":[[[140.44913,36.90295],[140.44986,36.90387],[140.44844,36.9056],[140.44832,36.90314],[140.44913,36.90295]]]},"properties":{"hoanrinKind":"保安林"}},
{"type":"Feature","geometry":{"type":"Polygon","coordinates":[[[139.37984,37.30852],[139.37789,37.31018],[139.37668,37.30836],[139.37871,37.30803],[139.37984,37.30852]]]},"properties":{"hoanrinKind":"保安林"}},
{"type":"Feature","geometry":{"type":"Polygon","coordinates":[[[140.41642,36.95802],[140.41773,36.95855],[140.41694,36.95998],[140.41585,36.9591],[140.41642,36.95802]]]},"properties":{"hoanrinKind":"保安林"}},
{"type":"Feature","geometry":{"type":"Polygon","coordinates":[[[139.3804,37.39091],[139.37852,37.39187],[139.37817,37.39043],[139.3804,37.39091]]]},"properties":{"hoanrinKind":"保安林"}},
{"type":"Feature","geometry":{"type":"Polygon","coordinates":[[[140.1277,37.71688],[140.12967,37.71877],[140.12749,37.71894],[140.12687,37.71741],[140.1277,37.71688]]]},"properties":{"hoanrinKind":"保安林"}},
{"type":"Feature","geometry":{"type":"Polygon","coordinates":[[[140.36644,37.72413],[140.36989,37.72726],[140.36877,37.7278],[140.36644,37.72413]]]},"properties":{"hoanrinKind":"保安林"}},
{"type":"Feature","geometry":{"type":"Polygon","coordinates":[[[140.48973,37.19178],[140.48858,37.19256],[140.48813,37.19136],[140.49044,37.19043],[140.49127,37.191],[140.48973,37.19178]]]},"properties":{"hoanrinKind":"保安林"}},
{"type":"Feature","geometry":{"type":"Polygon","coordinates":[[[139.93634,37.30153],[139.93808,37.30298],[139.9405,37.30351],[139.9402,37.30447],[139.93521,37.30204],[139.93634,37.30153]]]},"properties":{"hoanrinKind":"保安林"}},
{"type":"Feature","geometry":{"type":"Polygon","coordinates":[[[140.52027,37.15056],[140.51955,37.15169],[140.51799,37.15157],[140.51667,37.15058],[140.52027,37.15056]]]},"properties":{"hoanrinKind":"保安林"}},
{"type":"Feature","geometry":{"type":"Polygon","coordinates":[[[140.86615,37.81346],[140.86533,37.8141],[140.86235,37.81268],[140.86442,37.81228],[140.86615,37.81346]]]},"properties":{"hoanrinKind":"保安林"}},
{"type":"Feature","geometry":{"type":"Polygon","coordinates":[[[140.33331,37.73263],[140.33126,37.73365],[140.33095,37.73221],[140.33295,37.7308],[140.33331,37.73263]]]},"properties":{"hoanrinKind":"保安林"}},
{"type":"Feature","geometry":{"type":"Polygon","coordinates":[[[139.82737,37.22452],[139.83202,37.22714],[139.82945,37.22713],[139.82957,37.22623],[139.82737,37.22452]]]},"properties":{"hoanrinKind":"保安林"}},
{"type":"Feature","geometry":{"type":"Polygon","coordinates":[[[140.38377,37.73554],[140.38302,37.7364],[140.38004,37.7347],[140.38045,37.73405],[140.38336,37.73493],[140.38377,37.73554]]]},"properties":{"hoanrinKind":"保安林"}},
{"type":"Feature","geometry":{"type":"Polygon","coordinates":[[[140.88316,37.8758],[140.8827,37.87752],[140.88111,37.87757],[140.88133,37.87599],[140.88316,37.8758]]]},"properties":{"hoanrinKind":"保安林"}},
{"type":"Feature","geometry":{"type":"Polygon","coordinates":[[[140.93069,37.4541],[140.93162,37.45662],[140.92969,37.45533],[140.93069,37.4541]]]},"properties":{"hoanrinKind":"保安林"}},
{"type":"Feature","geometry":{"type":"Polygon","coordinates":[[[140.4942,37.18828],[140.49515,37.18995],[140.4948,37.19187],[140.49414,37.19182],[140.49461,37.19039],[140.4942,37.18828]]]},"properties":{"hoanrinKind":"保安林"}},
{"type":"Feature","geometry":{"type":"Polygon","coordinates":[[[140.65132,37.76394],[140.64954,37.76378],[140.65014,37.76276],[140.65142,37.76222],[140.65132,37.76394]]]},"properties":{"hoanrinKind":"保安林"}},
{"type":"Feature","geometry":{"type":"Polygon","coordinates":[[[140.73771,37.20844],[140.73852,37.2072],[140.74032,37.20755],[140.74003,37.20846],[140.73771,37.20844]]]},"properties":{"hoanrinKind":"保安林"}},
{"type":"Feature","geometry":{"type":"Polygon","coordinates":[[[139.3313,37.33223],[139.33155,37.33377],[139.33033,37.33434],[139.32885,37.3339],[139.33044,37.33227],[139.3313,37.33223]]]},"properties":{"hoanrinKind":"保安林"}},
{"type":"Feature","geometry":{"type":"Polygon","coordinates":[[[140.85639,37.32182],[140.85758,37.32214],[140.85893,37.32404],[140.85803,37.32474],[140.85653,37.3233],[140.85639,37.32182]]]},"properties":{"hoanrinKind":"保安林"}},
{"type":"Feature","geometry":{"type":"Polygon","coordinates":[[[139.6721,37.34425],[139.67166,37.34531],[139.66987,37.3462],[139.66941,37.34445],[139.6721,37.34425]]]},"properties":{"hoanrinKind":"保安林"}},
{"type":"Feature","geometry":{"type":"Polygon","coordinates":[[[140.61503,37.75516],[140.61324,37.7542],[140.6133,37.75339],[140.61575,37.75425],[140.61503,37.75516]]]},"properties":{"hoanrinKind":"保安林"}},
{"type":"Feature","geometry":{"type":"Polygon","coordinates":[[[139.53475,37.46962],[139.53611,37.46998],[139.53707,37.47113],[139.53392,37.47092],[139.53475,37.46962]]]},"properties":{"hoanrinKind":"保安林"}},
{"type":"Feature","geometry":{"type":"Polygon","coordinates":[[[140.0468,37.46161],[140.0468,37.46408],[140.04595,37.46504],[140.04594,37.46196],[140.0468,37.46161]]]},"properties":{"hoanrinKind":"保安林"}},
{"type":"Feature","geometry":{"type":"Polygon","coordinates":[[[140.82808,37.17987],[140.82919,37.18096],[140.82835,37.1817],[140.82653,37.18126],[140.82656,37.18034],[140.82808,37.17987]]]},"properties":{"hoanrinKind":"保安林"}},
{"type":"Feature","geometry":{"type":"Polygon","coordinates":[[[140.14694,37.49732],[140.14788,37.49846],[140.14767,37.49979],[140.14682,37.49971],[140.14694,37.49732]]]},"properties":{"hoanrinKind":"保安林"}},
{"type":"Feature","geometry":{"type":"Polygon","coordinates":[[[140.91948,37.67481],[140.92104,37.67449],[140.92358,37.67538],[140.92345,37.67585],[140.92055,37.6749],[140.91948,37.67481]]]},"properties":{"hoanrinKind":"保安林"}},
{"type":"Feature","geometry":{"type":"Polygon","coordinates":[[[140.42319,36.90392],[140.42285,36.90596],[140.42062,36.90525],[140.42162,36.90407],[140.42319,36.90392]]]},"properties":{"hoanrinKind":"保安林"}},
{"type":"Feature","geometry":{"type":"Polygon","coordinates":[[[140.51902,37.56988],[140.51938,37.57123],[140.51811,37.57194],[140.51671,37.57096],[140.51848,37.57077],[140.51902,37.56988]]]},"properties":{"hoanrinKind":"保安林"}},
{"type":"Feature","geometry":{"type":"Polygon","coordinates":[[[139.46105,37.30609],[139.46161,37.30683],[139.46031,37.30788],[139.4595,37.30718],[139.45985,37.30554],[139.46105,37.30609]]]},"properties":{"hoanrinKind":"保安林"}},
{"type":"Feature","geometry":{"type":"Polygon","coordinates":[[[140.69509,37.73872],[140.69569,37.73726],[140.69657,37.73807],[140.69509,37.73872]]]},"properties":{"hoanrinKind":"保安林"}},
{"type":"Feature","geometry":{"type":"Polygon","coordinates":[[[140.03701,37.60388],[140.03843,37.60624],[140.0365,37.60595],[140.03602,37.60509],[140.03701,37.60388]]]},"properties":{"hoanrinKind":"保安林"}},
{"type":"Feature","geometry":{"type":"Polygon","coordinates":[[[140.73107,36.94113],[140.73187,36.94128],[140.73162,36.94428],[140.73005,36.94357],[140.73107,36.94113]]]},"properties":{"hoanrinKind":"保安林"}},
{"type":"Feature","geometry":{"type":"Polygon","coordinates":[[[140.90852,37.08664],[140.90783,37.08752],[140.90615,37.08715],[140.90639,37.08617],[140.90873,37.08524],[140.90852,37.08664]]]},"properties":{"hoanrinKind":"保安林"}},
{"type":"Feature","geometry":{"type":"Polygon","coordinates":[[[139.80176,37.58024],[139.80199,37.58154],[139.80077,37.58336],[139.80017,37.58245],[139.80088,37.5806],[139.80176,37.58024]]]},"properties":{"hoanrinKind":"保安林"}},
{"type":"Feature","geometry":{"type":"Polygon","coordinates":[[[140.67335,36.91676],[140.6762,36.91768],[140.67389,36.91914],[140.67335,36.91676]]]},"properties":{"hoanrinKind":"保安林"}},
{"type":"Feature","geometry":{"type":"Polygon","coordinates":[[[140.68944,37.41386],[140.69108,37.41525],[140.68927,37.41554],[140.68944,37.41386]]]},"properties":{"hoanrinKind":"保安林"}},
{"type":"Feature","geometry":{"type":"Polygon","coordinates":[[[140.98237,37.1487],[140.98398,37.1511],[140.98204,37.15109],[140.98179,37.14984],[140.98237,37.1487]]]},"properties":{"hoanrinKind":"保安林"}},
{"type":"Feature","geometry":{"type":"Polygon","coordinates":[[[139.96381,37.41035],[139.96529,37.41103],[139.96546,37.41226],[139.96428,37.41255],[139.96295,37.41184],[139.96381,37.41035]]]},"properties":{"hoanrinKind":"保安林"}},
{"type":"Feature","geometry":{"type":"Polygon","coordinates":[[[140.68384,36.929],[140.68625,36.9299],[140.68519,36.93106],[140.68375,36.93006],[140.68384,36.929]]]},"properties":{"hoanrinKind":"保安林"}},
{"type":"Feature","geometry":{"type":"Polygon","coordinates":[[[140.84216,37.76725],[140.84009,37.7662],[140.84296,37.76579],[140.84371,37.76726],[140.84216,37.76725]]]},"properties":{"hoanrinKind":"保安林"}},
{"type":"Feature","geometry":{"type":"Polygon","coordinates":[[[141.01729,37.66307],[141.01662,37.66626],[141.01621,37.66439],[141.01661,37.66316],[141.01729,37.66307]]]},"properties":{"hoanrinKind":"保安林"}},
{"type":"Feature","geometry":{"type":"Polygon","coordinates":[[[140.9255,37.08675],[140.9233,37.08668],[140.92236,37.08543],[140.92471,37.08531],[140.9255,37.08675]]]},"properties":{"hoanrinKind":"保安林"}},
{"type":"Feature","geometry":{"type":"Polygon","coordinates":[[[140.56906,37.09939],[140.56762,37.09952],[140.56533,37.09881],[140.56576,37.09804],[140.56934,37.09863],[140.56906,37.09939]]]},"properties":{"hoanrinKind":"保安林"}},
{"type":"Feature","geometry":{"type":"Polygon","coordinates":[[[140.87745,37.11417],[140.87616,37.11511],[140.87398,37.11449],[140.87487,37.11375],[140.87745,37.11417]]]},"properties":{"hoanrinKind":"保安林"}},
{"type":"Feature","geometry":{"type":"Polygon","coordinates":[[[140.51957,37.58988],[140.51937,37.58929],[140.52026,37.58845],[140.52185,37.58825],[140.52031,37.58971],[140.51957,37.58988]]]},"properties":{"hoanrinKind":"保安林"}},
{"type":"Feature","geometry":{"type":"Polygon","coordinates":[[[140.94778,37.66093],[140.94685,37.66266],[140.94533,37.66244],[140.94634,37.66096],[140.94778,37.66093]]]},"properties":{"hoanrinKind":"保安林"}},
{"type":"Feature","geometry":{"type":"Polygon","coordinates":[[[140.53721,37.20704],[140.53798,37.20802],[140.53668,37.20944],[140.53516,37.20912],[140.53607,37.20764],[140.53721,37.20704]]]},"properties":{"hoanrinKind":"保安林"}},
{"type":"Feature","geometry":{"type":"Polygon","coordinates":[[[140.54851,37.03647],[140.54692,37.03656],[140.54496,37.03511],[140.54687,37.03482],[140.54851,37.03647]]]},"properties":{"hoanrinKind":"保安林"}},
{"type":"Feature","geometry":{"type":"Polygon","coordinates":[[[139.53973,37.47135],[139.53963,37.47217],[139.53765,37.47335],[139.53695,37.47202],[139.53843,37.47087],[139.53973,37.47135]]]},"properties":{"hoanrinKind":"保安林"}},
{"type":"Feature","geometry":{"type":"Polygon","coordinates":[[[140.74566,36.90254],[140.74543,36.90397],[140.74399,36.90386],[140.74353,36.9022],[140.74566,36.90254]]]},"properties":{"hoanrinKind":"保安林"}},
{"type":"Feature","geometry":{"type":"Polygon","coordinates":[[[140.43984,37.83112],[140.44017,37.83213],[140.43862,37.83246],[140.43731,37.83186],[140.4373,37.83096],[140.43984,37.83112]]]},"properties":{"hoanrinKind":"保安林"}},
{"type":"Feature","geometry":{"type":"Polygon","coordinates":[[[139.73029,37.67248],[139.73091,37.67308],[139.73079,37.67484],[139.72814,37.67378],[139.73029,37.67248]]]},"properties":{"hoanrinKind":"保安林"}},
{"type":"Feature","geometry":{"type":"Polygon","coordinates":[[[140.33943,37.80808],[140.33729,37.80824],[140.33627,37.80721],[140.33897,37.80744],[140.33943,37.80808]]]},"properties":{"hoanrinKind":"保安林"}},
{"type":"Feature","geometry":{"type":"Polygon","coordinates":[[[140.60748,37.53365],[140.60578,37.53395],[140.60361,37.53275],[140.60516,37.53251],[140.60748,37.53365]]]},"properties":{"hoanrinKind":"保安林"}},
{"type":"Feature","geometry":{"type":"Polygon","coordinates":[[[140.37389,37.75166],[140.37875,37.75209],[140.37643,37.75276],[140.37389,37.75166]]]},"properties":{"hoanrinKind":"保安林"}},
{"type":"Feature","geometry":{"type":"Polygon","coordinates":[[[140.55019,37.03446],[140.54842,37.03499],[140.5463,37.03403],[140.54778,37.0333],[140.55019,37.03446]]]},"properties":{"hoanrinKind":"保安林"}},
{"type":"Feature","geometry":{"type":"Polygon","coordinates":[[[140.80099,37.43907],[140.80166,37.44027],[140.7999,37.44075],[140.79845,37.4393],[140.80099,37.43907]]]},"properties":{"hoanrinKind":"保安林"}},
{"type":"Feature","geometry":{"type":"Polygon","coordinates":[[[140.68034,36.92606],[140.68159,36.92668],[140.68286,36.92808],[140.6821,36.92858],[140.68039,36.92786],[140.68034,36.92606]]]},"properties":{"hoanrinKind":"保安林"}},
{"type":"Feature","geometry":{"type":"Polygon","coordinates":[[[140.88688,37.50028],[140.88701,37.50181],[140.88416,37.50241],[140.88688,37.50028]]]},"properties":{"hoanrinKind":"保安林"}},
{"type":"Feature","geometry":{"type":"Polygon","coordinates":[[[140.8718,37.76317],[140.87046,37.76357],[140.86922,37.76266],[140.87378,37.76243],[140.87403,37.76334],[140.8718,37.76317]]]},"properties":{"hoanrinKind":"保安林"}},
{"type":"Feature","geometry":{"type":"Polygon","coordinates":[[[140.80573,36.90124],[140.8045,36.9008],[140.80472,36.89994],[140.80562,36.89991],[140.80573,36.90124]]]},"properties":{"hoanrinKind":"保安林"}},
{"type":"Feature","geometry":{"type":"Polygon","coordinates":[[[140.52333,37.09467],[140.52101,37.09433],[140.52075,37.09309],[140.5229,37.09334],[140.52333,37.09467]]]},"properties":{"hoanrinKind":"保安林"}},
{"type":"Feature","geometry":{"type":"Polygon","coordinates":[[[140.37729,36.90906],[140.37837,36.91054],[140.37603,36.91129],[140.37578,36.90944],[140.37729,36.90906]]]},"properties":{"hoanrinKind":"保安林"}},
{"type":"Feature","geometry":{"type":"Polygon","coordinates":[[[140.76333,37.26699],[140.76386,37.26833],[140.76335,37.2695],[140.76163,37.26826],[140.76333,37.26699]]]},"properties":{"hoanrinKind":"保安林"}},
{"type":"Feature","geometry":{"type":"Polygon","coordinates":[[[139.7694,37.25016],[139.76962,37.25136],[139.76932,37.25402],[139.76834,37.25395],[139.76875,37.25248],[139.76839,37.25044],[139.7694,37.25016]]]},"properties":{"hoanrinKind":"保安林"}},
{"type":"Feature","geometry":{"type":"Polygon","coordinates":[[[140.83154,36.91098],[140.83102,36.91217],[140.83041,36.91175],[140.83061,36.91076],[140.83154,36.91098]]]},"properties":{"hoanrinKind":"保安林"}},
{"type":"Feature","geometry":{"type":"Polygon","coordinates":[[[140.99835,37.18357],[140.99633,37.18343],[140.9979,37.18135],[140.99934,37.18343],[140.99835,37.18357]]]},"properties":{"hoanrinKind":"保安林"}},
{"type":"Feature","geometry":{"type":"Polygon","coordinates":[[[140.5261,37.01596],[140.52492,37.01569],[140.52493,37.01424],[140.5281,37.01514],[140.5261,37.01596]]]},"properties":{"hoanrinKind":"保安林"}},
{"type":"Feature","geometry":{"type":"Polygon","coordinates":[[[140.85906,37.76779],[140.85901,37.76898],[140.85731,37.76885],[140.85755,37.76725],[140.85906,37.76779]]]},"properties":{"hoanrinKind":"保安林"}},
{"type":"Feature","geometry":{"type":"Polygon","coordinates":[[[140.91733,37.59299],[140.91586,37.59108],[140.91721,37.59056],[140.91796,37.59138],[140.91733,37.59299]]]},"properties":{"hoanrinKind":"保安林"}},
{"type":"Feature","geometry":{"type":"Polygon","coordinates":[[[140.34988,37.19773],[140.35,37.19997],[140.34838,37.19989],[140.34836,37.19829],[140.34988,37.19773]]]},"properties":{"hoanrinKind":"保安林"}},
{"type":"Feature","geometry":{"type":"Polygon","coordinates":[[[139.5258,37.46497],[139.52589,37.46628],[139.52372,37.46575],[139.52351,37.4647],[139.5259,37.46396],[139.5258,37.46497]]]},"properties":{"hoanrinKind":"保安林"}},
{"type":"Feature","geometry":{"type":"Polygon","coordinates":[[[139.77276,37.57353],[139.77327,37.57558],[139.77142,37.57638],[139.77183,37.57391],[139.77276,37.57353]]]},"properties":{"hoanrinKind":"保安林"}},
{"type":"Feature","geometry":{"type":"Polygon","coordinates":[[[140.03657,37.62662],[140.03507,37.62629],[140.03152,37.62622],[140.03069,37.62521],[140.03557,37.62565],[140.03657,37.62662]]]},"properties":{"hoanrinKind":"保安林"}},
{"type":"Feature","geometry":{"type":"Polygon","coordinates":[[[140.35054,37.35848],[140.34834,37.35846],[140.34764,37.35734],[140.34962,37.35735],[140.35054,37.35848]]]},"properties":{"hoanrinKind":"保安林"}},
{"type":"Feature","geometry":{"type":"Polygon","coordinates":[[[140.87339,37.02527],[140.87628,37.0284],[140.87466,37.02848],[140.87339,37.02527]]]},"properties":{"hoanrinKind":"保安林"}},
{"type":"Feature","geometry":{"type":"Polygon","coordinates":[[[140.42037,36.95512],[140.42052,36.95751],[140.41914,36.95646],[140.42037,36.95512]]]},"properties":{"hoanrinKind":"保安林"}},
{"type":"Feature","geometry":{"type":"Polygon","coordinates":[[[140.95169,37.40484],[140.95104,37.40531],[140.94862,37.40414],[140.94912,37.40342],[140.95169,37.40484]]]},"properties":{"hoanrinKind":"保安林"}},
{"type":"Feature","geometry":{"type":"Polygon","coordinates":[[[139.79305,37.69456],[139.79304,37.69305],[139.79456,37.69337],[139.79305,37.69456]]]},"properties":{"hoanrinKind":"保安林"}},
{"type":"Feature","geometry":{"type":"Polygon","coordinates":[[[140.66034,37.3716],[140.65899,37.37229],[140.65868,37.37366],[140.6558,37.37224],[140.66034,37.3716]]]},"properties":{"hoanrinKind":"保安林"}},
{"type":"Feature","geometry":{"type":"Polygon","coordinates":[[[140.94216,37.14132],[140.94363,37.14203],[140.94182,37.14274],[140.94216,37.14132]]]},"properties":{"hoanrinKind":"保安林"}},
{"type":"Feature","geometry":{"type":"Polygon","coordinates":[[[139.81402,37.62429],[139.81236,37.62192],[139.81492,37.62149],[139.8148,37.62304],[139.81402,37.62429]]]},"properties":{"hoanrinKind":"保安林"}},
{"type":"Feature","geometry":{"type":"Polygon","coordinates":[[[140.9855,37.12043],[140.98587,37.12147],[140.98355,37.12145],[140.98386,37.1202],[140.9855,37.12043]]]},"properties":{"hoanrinKind":"保安林"}},
{"type":"Feature","geometry":{"type":"Polygon","coordinates":[[[140.49719,37.88895],[140.4982,37.88938],[140.49845,37.89074],[140.49649,37.89158],[140.49609,37.89072],[140.49719,37.88895]]]},"properties":{"hoanrinKind":"保安林"}},
{"type":"Feature","geometry":{"type":"Polygon","coordinates":[[[140.42005,37.84848],[140.41691,37.85161],[140.41554,37.85072],[140.42005,37.84848]]]},"properties":{"hoanrinKind":"保安林"}},
{"type":"Feature","geometry":{"type":"Polygon","coordinates":[[[139.71399,37.10608],[139.71523,37.10667],[139.71488,37.10879],[139.71293,37.10705],[139.71399,37.10608]]]},"properties":{"hoanrinKind":"保安林"}},
{"type":"Feature","geometry":{"type":"Polygon","coordinates":[[[140.8968,37.07274],[140.89757,37.07413],[140.89604,37.07476],[140.89473,37.07354],[140.8968,37.07274]]]},"properties":{"hoanrinKind":"保安林"}},
{"type":"Feature","geometry":{"type":"Polygon","coordinates":[[[140.35835,36.89163],[140.35944,36.8941],[140.35883,36.89551],[140.35794,36.89562],[140.3578,36.8922],[140.35835,36.89163]]]},"properties":{"hoanrinKind":"保安林"}},
{"type":"Feature","geometry":{"type":"Polygon","coordinates":[[[140.05046,37.59862],[140.05168,37.59977],[140.05021,37.60038],[140.05046,37.59862]]]},"properties":{"hoanrinKind":"保安林"}},
{"type":"Feature","geometry":{"type":"Polygon","coordinates":[[[140.93017,37.89186],[140.93125,37.89214],[140.93062,37.89449],[140.92983,37.89243],[140.93017,37.89186]]]},"properties":{"hoanrinKind":"保安林"}},
{"type":"Feature","geometry":{"type":"Polygon","coordinates":[[[139.68746,37.61063],[139.68762,37.61396],[139.68651,37.61461],[139.68638,37.61086],[139.68746,37.61063]]]},"properties":{"hoanrinKind":"保安林"}},
{"type":"Feature","geometry":{"type":"Polygon","coordinates":[[[140.63327,37.74443],[140.63398,37.74407],[140.63603,37.74512],[140.63508,37.74575],[140.63327,37.74443]]]},"properties":{"hoanrinKind":"保安林"}},
{"type":"Feature","geometry":{"type":"Polygon","coordinates":[[[139.70725,37.18793],[139.71004,37.18914],[139.70931,37.19098],[139.70743,37.18869],[139.70725,37.18793]]]},"properties":{"hoanrinKind":"保安林"}},
{"type":"Feature","geometry":{"type":"Polygon","coordinates":[[[140.97552,37.17828],[140.9772,37.17935],[140.97581,37.18039],[140.97448,37.17901],[140.97552,37.17828]]]},"properties":{"hoanrinKind":"保安林"}},
{"type":"Feature","geometry":{"type":"Polygon","coordinates":[[[140.67964,37.88409],[140.68081,37.88472],[140.68005,37.88631],[140.67811,37.88521],[140.67964,37.88409]]]},"properties":{"hoanrinKind":"保安林"}},
{"type":"Feature","geometry":{"type":"Polygon","coordinates":[[[139.72537,37.39942],[139.72604,37.40138],[139.72362,37.40127],[139.72436,37.39909],[139.72537,37.39942]]]},"properties":{"hoanrinKind":"保安林"}},
{"type":"Feature","geometry":{"type":"Polygon","coordinates":[[[139.80779,37.70301],[139.80882,37.70372],[139.80752,37.70583],[139.80649,37.70424],[139.80779,37.70301]]]},"properties":{"hoanrinKind":"保安林"}},
{"type":"Feature","geometry":{"type":"Polygon","coordinates":[[[140.75571,37.29063],[140.75598,37.29143],[140.75303,37.29228],[140.75197,37.29138],[140.75571,37.29063]]]},"properties":{"hoanrinKind":"保安林"}},
{"type":"Feature","geometry":{"type":"Polygon","coordinates":[[[140.56532,37.11562],[140.56269,37.11548],[140.56229,37.11364],[140.56499,37.11448],[140.56532,37.11562]]]},"properties":{"hoanrinKind":"保安林"}},
{"type":"Feature","geometry":{"type":"Polygon","coordinates":[[[140.78648,37.42467],[140.78829,37.42683],[140.78698,37.42785],[140.78648,37.42467]]]},"properties":{"hoanrinKind":"保安林"}},
{"type":"Feature","geometry":{"type":"Polygon","coordinates":[[[140.87641,37.80219],[140.87488,37.7997],[140.87623,37.79966],[140.8773,37.80141],[140.87641,37.80219]]]},"properties":{"hoanrinKind":"保安林"}},
{"type":"Feature","geometry":{"type":"Polygon","coordinates":[[[139.72041,37.10803],[139.71956,37.1064],[139.72031,37.10452],[139.72184,37.10558],[139.72041,37.10803]]]},"properties":{"hoanrinKind":"保安林"}},
{"type":"Feature","geometry":{"type":"Polygon","coordinates":[[[139.93234,37.29867],[139.93261,37.30004],[139.93471,37.30094],[139.93459,37.30182],[139.93162,37.30062],[139.93109,37.29924],[139.93234,37.29867]]]},"properties":{"hoanrinKind":"保安林"}},
{"type":"Feature","geometry":{"type":"Polygon","coordinates":[[[140.03672,37.59804],[140.03554,37.59946],[140.0335,37.59927],[140.03458,37.59746],[140.03672,37.59804]]]},"properties":{"hoanrinKind":"保安林"}},
{"type":"Feature","geometry":{"type":"Polygon","coordinates":[[[140.11936,37.51881],[140.11852,37.5218],[140.11738,37.52179],[140.1178,37.5186],[140.11936,37.51881]]]},"properties":{"hoanrinKind":"保安林"}},
{"type":"Feature","geometry":{"type":"Polygon","coordinates":[[[140.99542,37.41053],[140.9962,37.41248],[140.99452,37.41291],[140.99467,37.4109],[140.99542,37.41053]]]},"properties":{"hoanrinKind":"保安林"}},
{"type":"Feature","geometry":{"type":"Polygon","coordinates":[[[139.82423,37.22289],[139.82415,37.22433],[139.82332,37.22485],[139.82156,37.22438],[139.82113,37.22325],[139.82423,37.22289]]]},"properties":{"hoanrinKind":"保安林"}},
{"type":"Feature","geometry":{"type":"Polygon","coordinates":[[[139.69761,37.74045],[139.69869,37.74078],[139.70082,37.74269],[139.6995,37.74381],[139.69854,37.74363],[139.69891,37.74199],[139.69761,37.74045]]]},"properties":{"hoanrinKind":"保安林"}},
{"type":"Feature","geometry":{"type":"Polygon","coordinates":[[[140.45584,37.32613],[140.45401,37.32734],[140.45287,37.32721],[140.45222,37.32598],[140.45347,37.32541],[140.45584,37.32613]]]},"properties":{"hoanrinKind":"保安林"}},
{"type":"Feature","geometry":{"type":"Polygon","coordinates":[[[139.83784,37.70729],[139.83999,37.70748],[139.83992,37.7092],[139.83732,37.70878],[139.83784,37.70729]]]},"properties":{"hoanrinKind":"保安林"}},
{"type":"Feature","geometry":{"type":"Polygon","coordinates":[[[139.77368,37.46977],[139.7744,37.47064],[139.77435,37.47201],[139.77265,37.47249],[139.77242,37.47142],[139.77368,37.46977]]]},"properties":{"hoanrinKind":"保安林"}},
{"type":"Feature","geometry":{"type":"Polygon","coordinates":[[[140.95794,37.12899],[140.95997,37.12972],[140.96013,37.1307],[140.95869,37.13104],[140.95697,37.12988],[140.95794,37.12899]]]},"properties":{"hoanrinKind":"保安林"}},
{"type":"Feature","geometry":{"type":"Polygon","coordinates":[[[140.38972,37.8365],[140.38976,37.83864],[140.38765,37.83759],[140.38718,37.83625],[140.38972,37.8365]]]},"properties":{"hoanrinKind":"保安林"}},
{"type":"Feature","geometry":{"type":"Polygon","coordinates":[[[140.5075,37.51927],[140.5053,37.51956],[140.50443,37.51914],[140.50343,37.5177],[140.50496,37.51779],[140.50577,37.51862],[140.5075,37.51927]]]},"properties":{"hoanrinKind":"保安林"}},
{"type":"Feature","geometry":{"type":"Polygon","coordinates":[[[139.6866,37.69009],[139.6874,37.69174],[139.68526,37.69248],[139.68506,37.6908],[139.6866,37.69009]]]},"properties":{"hoanrinKind":"保安林"}},
{"type":"Feature","geometry":{"type":"Polygon","coordinates":[[[140.52201,37.20837],[140.51957,37.20823],[140.52,37.2066],[140.52265,37.20716],[140.52201,37.20837]]]},"properties":{"hoanrinKind":"保安林"}},
{"type":"Feature","geometry":{"type":"Polygon","coordinates":[[[140.96095,37.03678],[140.96147,37.03545],[140.96273,37.03415],[140.96348,37.03495],[140.96304,37.03613],[140.96095,37.03678]]]},"properties":{"hoanrinKind":"保安林"}},
{"type":"Feature","geometry":{"type":"Polygon","coordinates":[[[140.15329,37.45285],[140.15345,37.45457],[140.15268,37.45562],[140.15171,37.45579],[140.15329,37.45285]]]},"properties":{"hoanrinKind":"保安林"}},
{"type":"Feature","geometry":{"type":"Polygon","coordinates":[[[140.57967,37.12464],[140.57615,37.12487],[140.57689,37.12332],[140.5787,37.12326],[140.57967,37.12464]]]},"properties":{"hoanrinKind":"保安林"}},
{"type":"Feature","geometry":{"type":"Polygon","coordinates":[[[140.35588,37.00324],[140.35617,37.00433],[140.35779,37.00533],[140.35732,37.00648],[140.35573,37.00578],[140.35494,37.00346],[140.35588,37.00324]]]},"properties":{"hoanrinKind":"保安林"}},
{"type":"Feature","geometry":{"type":"Polygon","coordinates":[[[140.85205,37.11877],[140.85441,37.11727],[140.85588,37.11725],[140.85521,37.11868],[140.85205,37.11877]]]},"properties":{"hoanrinKind":"保安林"}},
{"type":"Feature","geometry":{"type":"Polygon","coordinates":[[[139.45978,37.39949],[139.46164,37.40152],[139.4598,37.40183],[139.45879,37.40067],[139.45978,37.39949]]]},"properties":{"hoanrinKind":"保安林"}},
{"type":"Feature","geometry":{"type":"Polygon","coordinates":[[[140.51627,37.33759],[140.51567,37.34098],[140.51473,37.33984],[140.51499,37.33727],[140.51627,37.33759]]]},"properties":{"hoanrinKind":"保安林"}},
{"type":"Feature","geometry":{"type":"Polygon","coordinates":[[[140.84059,37.75967],[140.84225,37.76001],[140.84224,37.76122],[140.84106,37.76161],[140.83835,37.76017],[140.84059,37.75967]]]},"properties":{"hoanrinKind":"保安林"}},
{"type":"Feature","geometry":{"type":"Polygon","coordinates":[[[139.54628,37.46825],[139.54766,37.4687],[139.548,37.47171],[139.54682,37.47237],[139.54676,37.47007],[139.54628,37.46825]]]},"properties":{"hoanrinKind":"保安林"}},
{"type":"Feature","geometry":{"type":"Polygon","coordinates":[[[140.58134,37.78627],[140.58096,37.78702],[140.5789,37.78596],[140.57858,37.78457],[140.58134,37.78627]]]},"properties":{"hoanrinKind":"保安林"}},
{"type":"Feature","geometry":{"type":"Polygon","coordinates":[[[140.69014,37.23343],[140.68764,37.23284],[140.68796,37.23211],[140.6901,37.23207],[140.69014,37.23343]]]},"properties":{"hoanrinKind":"保安林"}},
{"type":"Feature","geometry":{"type":"Polygon","coordinates":[[[140.59513,37.09291],[140.59316,37.09296],[140.59395,37.09175],[140.59513,37.09291]]]},"properties":{"hoanrinKind":"保安林"}},
{"type":"Feature","geometry":{"type":"Polygon","coordinates":[[[140.33955,37.35788],[140.34202,37.35601],[140.34245,37.35671],[140.33955,37.35788]]]},"properties":{"hoanrinKind":"保安林"}},
{"type":"Feature","geometry":{"type":"Polygon","coordinates":[[[139.72444,37.14551],[139.72235,37.14583],[139.72207,37.14482],[139.72506,37.14407],[139.72444,37.14551]]]},"properties":{"hoanrinKind":"保安林"}},
{"type":"Feature","geometry":{"type":"Polygon","coordinates":[[[141.01117,37.71331],[141.01092,37.71572],[141.01114,37.71793],[141.01005,37.71964],[141.01016,37.7162],[141.01117,37.71331]]]},"properties":{"hoanrinKind":"保安林"}},
{"type":"Feature","geometry":{"type":"Polygon","coordinates":[[[140.66855,36.96003],[140.66825,36.95896],[140.66904,36.95812],[140.67106,36.95839],[140.67029,36.95992],[140.66855,36.96003]]]},"properties":{"hoanrinKind":"保安林"}},
{"type":"Feature","geometry":{"type":"Polygon","coordinates":[[[140.64899,37.75455],[140.65,37.75354],[140.65199,37.7537],[140.65347,37.75433],[140.64899,37.75455]]]},"properties":{"hoanrinKind":"保安林"}},
{"type":"Feature","geometry":{"type":"Polygon","coordinates":[[[139.40177,37.02795],[139.40133,37.02726],[139.4035,37.02634],[139.40301,37.02782],[139.40177,37.02795]]]},"properties":{"hoanrinKind":"保安林"}},
{"type":"Feature","geometry":{"type":"Polygon","coordinates":[[[140.81618,37.3348],[140.81515,37.33392],[140.81681,37.33203],[140.81811,37.33317],[140.8169,37.33482],[140.81618,37.3348]]]},"properties":{"hoanrinKind":"保安林"}},
{"type":"Feature","geometry":{"type":"Polygon","coordinates":[[[140.93367,37.4633],[140.93312,37.46366],[140.93076,37.4631],[140.9283,37.46333],[140.9286,37.46202],[140.93274,37.46274],[140.93367,37.4633]]]},"properties":{"hoanrinKind":"保安林"}},
{"type":"Feature","geometry":{"type":"Polygon","coordinates":[[[139.58403,37.45667],[139.58354,37.45854],[139.58188,37.45889],[139.58115,37.45741],[139.58403,37.45667]]]},"properties":{"hoanrinKind":"保安林"}},
{"type":"Feature","geometry":{"type":"Polygon","coordinates":[[[140.67017,37.86644],[140.66652,37.86621],[140.66656,37.86513],[140.66975,37.86506],[140.67017,37.86644]]]},"properties":{"hoanrinKind":"保安林"}},
{"type":"Feature","geometry":{"type":"Polygon","coordinates":[[[140.16377,37.48097],[140.16439,37.48324],[140.1607,37.48252],[140.16256,37.48119],[140.16377,37.48097]]]},"properties":{"hoanrinKind":"保安林"}},
{"type":"Feature","geometry":{"type":"Polygon","coordinates":[[[139.67145,37.6356],[139.67302,37.63728],[139.67121,37.63785],[139.66982,37.6354],[139.67145,37.6356]]]},"properties":{"hoanrinKind":"保安林"}},
{"type":"Feature","geometry":{"type":"Polygon","coordinates":[[[140.32334,37.7333],[140.32142,37.73201],[140.32274,37.73088],[140.32349,37.73202],[140.32334,37.7333]]]},"properties":{"hoanrinKind":"保安林"}},
{"type":"Feature","geometry":{"type":"Polygon","coordinates":[[[139.7235,37.48945],[139.7248,37.4898],[139.72525,37.49132],[139.72318,37.49229],[139.72262,37.49062],[139.7235,37.48945]]]},"properties":{"hoanrinKind":"保安林"}},
{"type":"Feature","geometry":{"type":"Polygon","coordinates":[[[140.36873,37.7767],[140.36965,37.77741],[140.3707,37.77943],[140.36996,37.78021],[140.3686,37.7781],[140.36873,37.7767]]]},"properties":{"hoanrinKind":"保安林"}},
{"type":"Feature","geometry":{"type":"Polygon","coordinates":[[[140.39557,36.83446],[140.39511,36.83549],[140.39134,36.83447],[140.39135,36.83364],[140.39292,36.83319],[140.39398,36.83414],[140.39557,36.83446]]]},"properties":{"hoanrinKind":"保安林"}},
{"type":"Feature","geometry":{"type":"Polygon","coordinates":[[[140.94322,37.14446],[140.94322,37.14645],[140.94135,37.1464],[140.94183,37.14456],[140.94322,37.14446]]]},"properties":{"hoanrinKind":"保安林"}},
{"type":"Feature","geometry":{"type":"Polygon","coordinates":[[[139.888,37.22686],[139.89077,37.23206],[139.89023,37.23227],[139.88931,37.23029],[139.88718,37.22698],[139.888,37.22686]]]},"properties":{"hoanrinKind":"保安林"}},
{"type":"Feature","geometry":{"type":"Polygon","coordinates":[[[139.51702,37.44116],[139.51733,37.44233],[139.51417,37.44352],[139.51504,37.44174],[139.51702,37.44116]]]},"properties":{"hoanrinKind":"保安林"}},
{"type":"Feature","geometry":{"type":"Polygon","coordinates":[[[140.7048,37.01212],[140.70535,37.01356],[140.70407,37.0148],[140.70303,37.01369],[140.70304,37.01253],[140.7048,37.01212]]]},"properties":{"hoanrinKind":"保安林"}},
{"type":"Feature","geometry":{"type":"Polygon","coordinates":[[[139.56202,37.47352],[139.56066,37.47522],[139.56084,37.47661],[139.55989,37.477],[139.559,37.47503],[139.56202,37.47352]]]},"properties":{"hoanrinKind":"保安林"}},
{"type":"Feature","geometry":{"type":"Polygon","coordinates":[[[139.98673,37.52036],[139.98509,37.52111],[139.98346,37.52068],[139.98298,37.51913],[139.98485,37.51831],[139.98499,37.52022],[139.98673,37.52036]]]},"properties":{"hoanrinKind":"保安林"}},
{"type":"Feature","geometry":{"type":"Polygon","coordinates":[[[140.11338,37.65037],[140.11362,37.65174],[140.11136,37.65207],[140.11024,37.65085],[140.11338,37.65037]]]},"properties":{"hoanrinKind":"保安林"}},
{"type":"Feature","geometry":{"type":"Polygon","coordinates":[[[139.7099,37.11521],[139.70722,37.11531],[139.70682,37.11409],[139.70975,37.11385],[139.7099,37.11521]]]},"properties":{"hoanrinKind":"保安林"}},
{"type":"Feature","geometry":{"type":"Polygon","coordinates":[[[140.58724,37.62908],[140.58523,37.62877],[140.58618,37.62636],[140.58859,37.6267],[140.58721,37.62795],[140.58724,37.62908]]]},"properties":{"hoanrinKind":"保安林"}},
{"type":"Feature","geometry":{"type":"Polygon","coordinates":[[[139.58518,37.47887],[139.58759,37.47989],[139.58666,37.48064],[139.58358,37.47985],[139.58518,37.47887]]]},"properties":{"hoanrinKind":"保安林"}},
{"type":"Feature","geometry":{"type":"Polygon","coordinates":[[[140.91087,37.13351],[140.91198,37.13556],[140.90959,37.1356],[140.90952,37.13377],[140.91087,37.13351]]]},"properties":{"hoanrinKind":"保安林"}},
{"type":"Feature","geometry":{"type":"Polygon","coordinates":[[[139.98973,37.28266],[139.99039,37.28451],[139.98902,37.28517],[139.98847,37.28249],[139.98973,37.28266]]]},"properties":{"hoanrinKind":"保安林"}},
{"type":"Feature","geometry":{"type":"Polygon","coordinates":[[[140.46275,36.90207],[140.46311,36.89987],[140.46581,36.90056],[140.46512,36.90163],[140.46275,36.90207]]]},"properties":{"hoanrinKind":"保安林"}},
{"type":"Feature","geometry":{"type":"Polygon","coordinates":[[[140.23946,37.50169],[140.23918,37.50073],[140.23744,37.50026],[140.23794,37.49896],[140.23951,37.49991],[140.24175,37.50008],[140.24153,37.50123],[140.23946,37.50169]]]},"properties":{"hoanrinKind":"保安林"}},
{"type":"Feature","geometry":{"type":"Polygon","coordinates":[[[139.9459,37.6843],[139.94416,37.68426],[139.94448,37.68243],[139.94628,37.68261],[139.94737,37.68425],[139.9459,37.6843]]]},"properties":{"hoanrinKind":"保安林"}},
{"type":"Feature","geometry":{"type":"Polygon","coordinates":[[[139.78058,37.67321],[139.77893,37.67489],[139.7788,37.67282],[139.78058,37.67321]]]},"properties":{"hoanrinKind":"保安林"}},
{"type":"Feature","geometry":{"type":"Polygon","coordinates":[[[140.40513,37.62645],[140.40476,37.62557],[140.40741,37.62483],[140.40939,37.62487],[140.40924,37.62586],[140.40637,37.62575],[140.40513,37.62645]]]},"properties":{"hoanrinKind":"保安林"}},
{"type":"Feature","geometry":{"type":"Polygon","coordinates":[[[140.041,37.60733],[140.04006,37.61088],[140.03852,37.61125],[140.03907,37.60882],[140.041,37.60733]]]},"properties":{"hoanrinKind":"保安林"}},
{"type":"Feature","geometry":{"type":"Polygon","coordinates":[[[140.36313,37.80164],[140.36078,37.80142],[140.36075,37.80043],[140.36293,37.80047],[140.36313,37.80164]]]},"properties":{"hoanrinKind":"保安林"}},
{"type":"Feature","geometry":{"type":"Polygon","coordinates":[[[140.75586,36.98466],[140.75675,36.98528],[140.7562,36.98681],[140.75387,36.9856],[140.75586,36.98466]]]},"properties":{"hoanrinKind":"保安林"}},
{"type":"Feature","geometry":{"type":"Polygon","coordinates":[[[140.85961,37.11446],[140.85875,37.1157],[140.85649,37.11538],[140.85834,37.11445],[140.85961,37.11446]]]},"properties":{"hoanrinKind":"保安林"}},
{"type":"Feature","geometry":{"type":"Polygon","coordinates":[[[140.97058,37.00788],[140.97129,37.0088],[140.97017,37.00963],[140.96901,37.00815],[140.97058,37.00788]]]},"properties":{"hoanrinKind":"保安林"}},
{"type":"Feature","geometry":{"type":"Polygon","coordinates":[[[139.97975,37.6824],[139.97862,37.68233],[139.97591,37.68074],[139.97737,37.68008],[139.97998,37.68176],[139.97975,37.6824]]]},"properties":{"hoanrinKind":"保安林"}},
{"type":"Feature","geometry":{"type":"Polygon","coordinates":[[[140.3536,37.7093],[140.35474,37.71018],[140.35305,37.71107],[140.35235,37.70971],[140.3536,37.7093]]]},"properties":{"hoanrinKind":"保安林"}},
{"type":"Feature","geometry":{"type":"Polygon","coordinates":[[[140.88169,37.52133],[140.87781,37.52094],[140.87791,37.51931],[140.8806,37.51987],[140.88169,37.52133]]]},"properties":{"hoanrinKind":"保安林"}},
{"type":"Feature","geometry":{"type":"Polygon","coordinates":[[[140.88481,37.71062],[140.88464,37.71303],[140.88312,37.71322],[140.8829,37.71099],[140.88481,37.71062]]]},"properties":{"hoanrinKind":"保安林"}},
{"type":"Feature","geometry":{"type":"Polygon","coordinates":[[[139.87694,37.26467],[139.8741,37.26542],[139.87347,37.2643],[139.87694,37.26467]]]},"properties":{"hoanrinKind":"保安林"}},
{"type":"Feature","geometry":{"type":"Polygon","coordinates":[[[139.67332,37.19277],[139.67292,37.19523],[139.67134,37.19559],[139.67093,37.19373],[139.67332,37.19277]]]},"properties":{"hoanrinKind":"保安林"}},
{"type":"Feature","geometry":{"type":"Polygon","coordinates":[[[140.77289,37.33017],[140.77522,37.33162],[140.77504,37.33269],[140.77354,37.33299],[140.77227,37.33067],[140.77289,37.33017]]]},"properties":{"hoanrinKind":"保安林"}},
{"type":"Feature","geometry":{"type":"Polygon","coordinates":[[[140.9766,37.11694],[140.97851,37.1193],[140.9777,37.12119],[140.97582,37.12078],[140.9771,37.11834],[140.9766,37.11694]]]},"properties":{"hoanrinKind":"保安林"}},
{"type":"Feature","geometry":{"type":"Polygon","coordinates":[[[139.82941,37.63297],[139.82949,37.63358],[139.82773,37.63526],[139.82689,37.63438],[139.82941,37.63297]]]},"properties":{"hoanrinKind":"保安林"}},
{"type":"Feature","geometry":{"type":"Polygon","coordinates":[[[140.3464,37.73659],[140.34636,37.7376],[140.34413,37.73736],[140.34214,37.73618],[140.34232,37.73522],[140.34514,37.73647],[140.3464,37.73659]]]},"properties":{"hoanrinKind":"保安林"}},
{"type":"Feature","geometry":{"type":"Polygon","coordinates":[[[139.75255,37.46005],[139.75373,37.46095],[139.75443,37.4627],[139.7532,37.46297],[139.75202,37.46209],[139.75181,37.46019],[139.75255,37.46005]]]},"properties":{"hoanrinKind":"保安林"}},
{"type":"Feature","geometry":{"type":"Polygon","coordinates":[[[140.64651,37.25159],[140.64757,37.25255],[140.64648,37.25383],[140.64432,37.25263],[140.64416,37.25187],[140.64651,37.25159]]]},"properties":{"hoanrinKind":"保安林"}},
{"type":"Feature","geometry":{"type":"Polygon","coordinates":[[[139.62488,37.45886],[139.62163,37.45881],[139.62156,37.4573],[139.62323,37.457],[139.62457,37.45743],[139.62488,37.45886]]]},"properties":{"hoanrinKind":"保安林"}},
{"type":"Feature","geometry":{"type":"Polygon","coordinates":[[[139.63593,37.69358],[139.63424,37.69375],[139.63662,37.69173],[139.63741,37.69311],[139.63593,37.69358]]]},"properties":{"hoanrinKind":"保安林"}},
{"type":"Feature","geometry":{"type":"Polygon","coordinates":[[[140.71299,37.30984],[140.71417,37.31039],[140.7134,37.31218],[140.71199,37.31139],[140.71154,37.31036],[140.71299,37.30984]]]},"properties":{"hoanrinKind":"保安林"}},
{"type":"Feature","geometry":{"type":"Polygon","coordinates":[[[139.73251,37.67117],[139.73418,37.67196],[139.73474,37.67321],[139.73312,37.67372],[139.73185,37.67248],[139.73251,37.67117]]]},"properties":{"hoanrinKind":"保安林"}},
{"type":"Feature","geometry":{"type":"Polygon","coordinates":[[[139.72382,37.47079],[139.72255,37.47168],[139.71906,37.47029],[139.72038,37.46994],[139.72258,37.47078],[139.72382,37.47079]]]},"properties":{"hoanrinKind":"保安林"}},
{"type":"Feature","geometry":{"type":"Polygon","coordinates":[[[140.38921,36.85136],[140.39035,36.85214],[140.38988,36.85329],[140.38656,36.85239],[140.38741,36.85101],[140.38921,36.85136]]]},"properties":{"hoanrinKind":"保安林"}},
{"type":"Feature","geometry":{"type":"Polygon","coordinates":[[[139.70034,37.46664],[139.70057,37.46866],[139.69842,37.46847],[139.69767,37.46723],[139.70034,37.46664]]]},"properties":{"hoanrinKind":"保安林"}},
{"type":"Feature","geometry":{"type":"Polygon","coordinates":[[[140.34249,37.6978],[140.34171,37.69613],[140.34261,37.69522],[140.34429,37.69734],[140.34249,37.6978]]]},"properties":{"hoanrinKind":"保安林"}},
{"type":"Feature","geometry":{"type":"Polygon","coordinates":[[[140.14903,37.38338],[140.14881,37.38577],[140.1467,37.38629],[140.14714,37.38393],[140.14903,37.38338]]]},"properties":{"hoanrinKind":"保安林"}},
{"type":"Feature","geometry":{"type":"Polygon","coordinates":[[[139.76829,37.50871],[139.76629,37.50864],[139.76545,37.50775],[139.76566,37.50634],[139.76706,37.50658],[139.76842,37.50782],[139.76829,37.50871]]]},"properties":{"hoanrinKind":"保安林"}},
{"type":"Feature","geometry":{"type":"Polygon","coordinates":[[[139.58647,37.62525],[139.58807,37.62715],[139.58638,37.62711],[139.58561,37.62581],[139.58647,37.62525]]]},"properties":{"hoanrinKind":"保安林"}},
{"type":"Feature","geometry":{"type":"Polygon","coordinates":[[[140.82483,37.14849],[140.82727,37.14932],[140.82722,37.15008],[140.82515,37.15022],[140.82332,37.14901],[140.82483,37.14849]]]},"properties":{"hoanrinKind":"保安林"}},
{"type":"Feature","geometry":{"type":"Polygon","coordinates":[[[140.8663,37.15197],[140.86717,37.15311],[140.86574,37.1543],[140.8641,37.15337],[140.86528,37.15185],[140.8663,37.15197]]]},"properties":{"hoanrinKind":"保安林"}},
{"type":"Feature","geometry":{"type":"Polygon","coordinates":[[[140.18476,37.1767],[140.18597,37.18021],[140.18452,37.18071],[140.1837,37.17855],[140.18476,37.1767]]]},"properties":{"hoanrinKind":"保安林"}},
{"type":"Feature","geometry":{"type":"Polygon","coordinates":[[[140.42557,36.90367],[140.42547,36.90241],[140.42813,36.90284],[140.42759,36.90389],[140.42557,36.90367]]]},"properties":{"hoanrinKind":"保安林"}},
{"type":"Feature","geometry":{"type":"Polygon","coordinates":[[[140.87711,37.72918],[140.8758,37.72815],[140.87677,37.72701],[140.87815,37.7274],[140.87893,37.72924],[140.87711,37.72918]]]},"properties":{"hoanrinKind":"保安林"}},
{"type":"Feature","geometry":{"type":"Polygon","coordinates":[[[140.80679,37.39628],[140.80642,37.39704],[140.80409,37.39862],[140.80346,37.39653],[140.80679,37.39628]]]},"properties":{"hoanrinKind":"保安林"}},
{"type":"Feature","geometry":{"type":"Polygon","coordinates":[[[140.38547,37.7356],[140.39177,37.73868],[140.38954,37.73829],[140.38496,37.73641],[140.38547,37.7356]]]},"properties":{"hoanrinKind":"保安林"}},
{"type":"Feature","geometry":{"type":"Polygon","coordinates":[[[140.93174,37.59615],[140.93088,37.59743],[140.92878,37.59627],[140.93085,37.59536],[140.93174,37.59615]]]},"properties":{"hoanrinKind":"保安林"}},
{"type":"Feature","geometry":{"type":"Polygon","coordinates":[[[139.80346,37.69774],[139.80467,37.69824],[139.80459,37.69985],[139.80394,37.70071],[139.80204,37.69984],[139.80346,37.69774]]]},"properties":{"hoanrinKind":"保安林"}},
{"type":"Feature","geometry":{"type":"Polygon","coordinates":[[[140.623,37.58749],[140.62136,37.58922],[140.62032,37.58737],[140.62121,37.58621],[140.62263,37.58651],[140.623,37.58749]]]},"properties":{"hoanrinKind":"保安林"}},
{"type":"Feature","geometry":{"type":"Polygon","coordinates":[[[140.36241,36.97311],[140.36179,36.97445],[140.35897,36.97403],[140.35938,36.97286],[140.36241,36.97311]]]},"properties":{"hoanrinKind":"保安林"}},
{"type":"Feature","geometry":{"type":"Polygon","coordinates":[[[139.79972,37.22916],[139.79923,37.23078],[139.79729,37.23083],[139.79737,37.22902],[139.79972,37.22916]]]},"properties":{"hoanrinKind":"保安林"}},
{"type":"Feature","geometry":{"type":"Polygon","coordinates":[[[140.70998,36.94771],[140.71168,36.94851],[140.71105,36.94987],[140.70992,36.9499],[140.70855,36.94832],[140.70998,36.94771]]]},"properties":{"hoanrinKind":"保安林"}},
{"type":"Feature","geometry":{"type":"Polygon","coordinates":[[[139.45378,37.34944],[139.45486,37.35022],[139.45499,37.35275],[139.45334,37.35221],[139.45354,37.35124],[139.45263,37.3501],[139.45378,37.34944]]]},"properties":{"hoanrinKind":"保安林"}},
{"type":"Feature","geometry":{"type":"Polygon","coordinates":[[[139.78679,37.46768],[139.78926,37.4693],[139.78759,37.46983],[139.78621,37.46957],[139.78548,37.46856],[139.78679,37.46768]]]},"properties":{"hoanrinKind":"保安林"}},
{"type":"Feature","geometry":{"type":"Polygon","coordinates":[[[140.32687,37.67661],[140.32722,37.67707],[140.32696,37.68065],[140.32531,37.6772],[140.32687,37.67661]]]},"properties":{"hoanrinKind":"保安林"}},
{"type":"Feature","geometry":{"type":"Polygon","coordinates":[[[140.98284,37.45811],[140.98133,37.45759],[140.9814,37.4561],[140.98247,37.45542],[140.9841,37.45652],[140.98284,37.45811]]]},"properties":{"hoanrinKind":"保安林"}},
{"type":"Feature","geometry":{"type":"Polygon","coordinates":[[[139.95621,37.37764],[139.95593,37.37922],[139.95372,37.37959],[139.95288,37.37805],[139.95621,37.37764]]]},"properties":{"hoanrinKind":"保安林"}},
{"type":"Feature","geometry":{"type":"Polygon","coordinates":[[[140.40085,37.74513],[140.40221,37.74621],[140.40409,37.74675],[140.40543,37.74855],[140.40239,37.74744],[140.40053,37.7458],[140.40085,37.74513]]]},"properties":{"hoanrinKind":"保安林"}},
{"type":"Feature","geometry":{"type":"Polygon","coordinates":[[[140.30933,37.64632],[140.31208,37.64679],[140.31029,37.64928],[140.30863,37.6467],[140.30933,37.64632]]]},"properties":{"hoanrinKind":"保安林"}},
{"type":"Feature","geometry":{"type":"Polygon","coordinates":[[[140.04011,37.60662],[140.03889,37.6085],[140.03697,37.60925],[140.03726,37.60761],[140.04011,37.60662]]]},"properties":{"hoanrinKind":"保安林"}},
{"type":"Feature","geometry":{"type":"Polygon","coordinates":[[[140.9659,37.37949],[140.96551,37.37828],[140.968,37.37937],[140.9659,37.37949]]]},"properties":{"hoanrinKind":"保安林"}},
{"type":"Feature","geometry":{"type":"Polygon","coordinates":[[[139.80857,37.70125],[139.8064,37.70228],[139.80494,37.70108],[139.80857,37.70125]]]},"properties":{"hoanrinKind":"保安林"}},
{"type":"Feature","geometry":{"type":"Polygon","coordinates":[[[140.60441,37.60312],[140.60398,37.60396],[140.602,37.60283],[140.60319,37.60165],[140.60441,37.60312]]]},"properties":{"hoanrinKind":"保安林"}},
{"type":"Feature","geometry":{"type":"Polygon","coordinates":[[[139.83737,37.26952],[139.83334,37.26953],[139.83284,37.26889],[139.83436,37.26765],[139.83528,37.26782],[139.83737,37.26952]]]},"properties":{"hoanrinKind":"保安林"}},
{"type":"Feature","geometry":{"type":"Polygon","coordinates":[[[140.85193,37.16147],[140.85029,37.16346],[140.84893,37.16299],[140.84928,37.16122],[140.85193,37.16147]]]},"properties":{"hoanrinKind":"保安林"}},
{"type":"Feature","geometry":{"type":"Polygon","coordinates":[[[140.2907,37.49536],[140.28975,37.49629],[140.29099,37.49753],[140.28989,37.49806],[140.28809,37.49587],[140.2907,37.49536]]]},"properties":{"hoanrinKind":"保安林"}},
{"type":"Feature","geometry":{"type":"Polygon","coordinates":[[[139.77399,37.69113],[139.77366,37.69265],[139.77231,37.6924],[139.77243,37.6904],[139.77399,37.69113]]]},"properties":{"hoanrinKind":"保安林"}},
{"type":"Feature","geometry":{"type":"Polygon","coordinates":[[[139.49732,37.33105],[139.49863,37.33236],[139.49868,37.33353],[139.49733,37.33368],[139.49554,37.33295],[139.49615,37.33162],[139.49732,37.33105]]]},"properties":{"hoanrinKind":"保安林"}},
{"type":"Feature","geometry":{"type":"Polygon","coordinates":[[[140.35154,37.59691],[140.35194,37.59778],[140.35042,37.59868],[140.34916,37.59862],[140.34979,37.59644],[140.35154,37.59691]]]},"properties":{"hoanrinKind":"保安林"}},
{"type":"Feature","geometry":{"type":"Polygon","coordinates":[[[140.80265,37.07093],[140.80505,37.07277],[140.80314,37.07324],[140.80144,37.07214],[140.80265,37.07093]]]},"properties":{"hoanrinKind":"保安林"}},
{"type":"Feature","geometry":{"type":"Polygon","coordinates":[[[140.64985,37.03509],[140.64998,37.03623],[140.64773,37.0368],[140.64787,37.03502],[140.64985,37.03509]]]},"properties":{"hoanrinKind":"保安林"}},
{"type":"Feature","geometry":{"type":"Polygon","coordinates":[[[140.72734,36.91542],[140.72599,36.91537],[140.72477,36.91457],[140.725,36.91372],[140.72754,36.91335],[140.72841,36.9142],[140.72734,36.91542]]]},"properties":{"hoanrinKind":"保安林"}},
{"type":"Feature","geometry":{"type":"Polygon","coordinates":[[[140.43999,36.88833],[140.44122,36.88989],[140.43742,36.89058],[140.43688,36.88975],[140.43999,36.88833]]]},"properties":{"hoanrinKind":"保安林"}},
{"type":"Feature","geometry":{"type":"Polygon","coordinates":[[[139.39003,37.27678],[139.39157,37.27867],[139.39007,37.2793],[139.38828,37.27852],[139.38844,37.27722],[139.39003,37.27678]]]},"properties":{"hoanrinKind":"保安林"}},
{"type":"Feature","geometry":{"type":"Polygon","coordinates":[[[140.90052,37.69291],[140.89816,37.69413],[140.89756,37.69284],[140.90052,37.69291]]]},"properties":{"hoanrinKind":"保安林"}},
{"type":"Feature","geometry":{"type":"Polygon","coordinates":[[[140.91022,37.72156],[140.91059,37.72276],[140.90913,37.72418],[140.90827,37.72195],[140.90896,37.72048],[140.91022,37.72156]]]},"properties":{"hoanrinKind":"保安林"}},
{"type":"Feature","geometry":{"type":"Polygon","coordinates":[[[140.4284,36.91431],[140.4249,36.91431],[140.42599,36.91288],[140.42834,36.9128],[140.4284,36.91431]]]},"properties":{"hoanrinKind":"保安林"}},
{"type":"Feature","geometry":{"type":"Polygon","coordinates":[[[140.40118,37.63797],[140.39965,37.6374],[140.40024,37.63618],[140.40255,37.63618],[140.40356,37.63739],[140.40118,37.63797]]]},"properties":{"hoanrinKind":"保安林"}},
{"type":"Feature","geometry":{"type":"Polygon","coordinates":[[[140.43509,36.90147],[140.4367,36.90243],[140.43752,36.9044],[140.43567,36.90386],[140.43325,36.90206],[140.43509,36.90147]]]},"properties":{"hoanrinKind":"保安林"}},
{"type":"Feature","geometry":{"type":"Polygon","coordinates":[[[140.55579,36.92103],[140.55357,36.92274],[140.55222,36.92006],[140.55518,36.91975],[140.55579,36.92103]]]},"properties":{"hoanrinKind":"保安林"}},
{"type":"Feature","geometry":{"type":"Polygon","coordinates":[[[139.79285,37.1609],[139.79335,37.16345],[139.79048,37.16337],[139.79074,37.16173],[139.79285,37.1609]]]},"properties":{"hoanrinKind":"保安林"}},
{"type":"Feature","geometry":{"type":"Polygon","coordinates":[[[139.78515,37.65246],[139.786,37.65287],[139.78599,37.65508],[139.7837,37.65428],[139.78315,37.65277],[139.78515,37.65246]]]},"properties":{"hoanrinKind":"保安林"}},
{"type":"Feature","geometry":{"type":"Polygon","coordinates":[[[140.36457,37.59449],[140.36333,37.5945],[140.36401,37.59238],[140.36624,37.59212],[140.36591,37.59465],[140.36457,37.59449]]]},"properties":{"hoanrinKind":"保安林"}},
{"type":"Feature","geometry":{"type":"Polygon","coordinates":[[[140.15528,37.29307],[140.15525,37.29565],[140.1534,37.29347],[140.15528,37.29307]]]},"properties":{"hoanrinKind":"保安林"}},
{"type":"Feature","geometry":{"type":"Polygon","coordinates":[[[139.99335,37.2823],[139.99518,37.28469],[139.99282,37.28486],[139.9911,37.28341],[139.99335,37.2823]]]},"properties":{"hoanrinKind":"保安林"}},
{"type":"Feature","geometry":{"type":"Polygon","coordinates":[[[140.44688,36.87301],[140.44822,36.87477],[140.44591,36.87584],[140.4448,36.8731],[140.44688,36.87301]]]},"properties":{"hoanrinKind":"保安林"}},
{"type":"Feature","geometry":{"type":"Polygon","coordinates":[[[139.7032,37.5735],[139.70349,37.57552],[139.70171,37.5758],[139.69952,37.57479],[139.7032,37.5735]]]},"properties":{"hoanrinKind":"保安林"}},
{"type":"Feature","geometry":{"type":"Polygon","coordinates":[[[140.4962,37.3691],[140.49365,37.36906],[140.49297,37.36801],[140.49387,37.36715],[140.4969,37.36845],[140.4962,37.3691]]]},"properties":{"hoanrinKind":"保安林"}},
{"type":"Feature","geometry":{"type":"Polygon","coordinates":[[[139.50742,37.44944],[139.5081,37.45112],[139.50621,37.45267],[139.50484,37.4513],[139.50742,37.44944]]]},"properties":{"hoanrinKind":"保安林"}},
{"type":"Feature","geometry":{"type":"Polygon","coordinates":[[[140.81815,37.04664],[140.81884,37.04738],[140.8167,37.04945],[140.81525,37.0491],[140.8167,37.0471],[140.81815,37.04664]]]},"properties":{"hoanrinKind":"保安林"}},
{"type":"Feature","geometry":{"type":"Polygon","coordinates":[[[140.81009,37.07405],[140.80888,37.07492],[140.80784,37.07473],[140.80727,37.07304],[140.8083,37.07214],[140.81005,37.07291],[140.81009,37.07405]]]},"properties":{"hoanrinKind":"保安林"}},
{"type":"Feature","geometry":{"type":"Polygon","coordinates":[[[140.79816,36.89341],[140.80241,36.89736],[140.80154,36.89813],[140.80037,36.89641],[140.79747,36.89459],[140.79816,36.89341]]]},"properties":{"hoanrinKind":"保安林"}},
{"type":"Feature","geometry":{"type":"Polygon","coordinates":[[[139.77562,37.69678],[139.77454,37.69863],[139.7729,37.69862],[139.77314,37.69671],[139.77435,37.69594],[139.77562,37.69678]]]},"properties":{"hoanrinKind":"保安林"}},
{"type":"Feature","geometry":{"type":"Polygon","coordinates":[[[140.42174,37.04161],[140.41987,37.04275],[140.41806,37.04153],[140.41898,37.0394],[140.42027,37.04031],[140.41987,37.04133],[140.42174,37.04161]]]},"properties":{"hoanrinKind":"保安林"}},
{"type":"Feature","geometry":{"type":"Polygon","coordinates":[[[140.90275,37.73277],[140.90102,37.73184],[140.90131,37.73072],[140.90336,37.73027],[140.90399,37.73098],[140.90275,37.73277]]]},"properties":{"hoanrinKind":"保安林"}},
{"type":"Feature","geometry":{"type":"Polygon","coordinates":[[[140.78397,37.76797],[140.78359,37.76887],[140.78212,37.76958],[140.78002,37.76828],[140.77978,37.7668],[140.78249,37.76792],[140.78397,37.76797]]]},"properties":{"hoanrinKind":"保安林"}},
{"type":"Feature","geometry":{"type":"Polygon","coordinates":[[[140.46892,36.98514],[140.47099,36.98562],[140.47159,36.98678],[140.4708,36.98829],[140.46971,36.98708],[140.46847,36.98666],[140.46892,36.98514]]]},"properties":{"hoanrinKind":"保安林"}},
{"type":"Feature","geometry":{"type":"Polygon","coordinates":[[[140.43055,36.89065],[140.42946,36.88982],[140.43092,36.88884],[140.43381,36.89014],[140.43291,36.89062],[140.43055,36.89065]]]},"properties":{"hoanrinKind":"保安林"}},
{"type":"Feature","geometry":{"type":"Polygon","coordinates":[[[140.83277,37.30026],[140.82915,37.30021],[140.83044,37.29884],[140.83277,37.30026]]]},"properties":{"hoanrinKind":"保安林"}},
{"type":"Feature","geometry":{"type":"Polygon","coordinates":[[[140.15056,37.27517],[140.14878,37.27556],[140.14704,37.27514],[140.14733,37.27395],[140.1491,37.27376],[140.15056,37.27517]]]},"properties":{"hoanrinKind":"保安林"}},
{"type":"Feature","geometry":{"type":"Polygon","coordinates":[[[140.69708,36.93556],[140.69632,36.9372],[140.69402,36.93684],[140.69317,36.93507],[140.69708,36.93556]]]},"properties":{"hoanrinKind":"保安林"}},
{"type":"Feature","geometry":{"type":"Polygon","coordinates":[[[140.35013,37.60551],[140.35027,37.60632],[140.34837,37.60805],[140.34747,37.60688],[140.34909,37.60563],[140.35013,37.60551]]]},"properties":{"hoanrinKind":"保安林"}},
{"type":"Feature","geometry":{"type":"Polygon","coordinates":[[[140.37997,37.83692],[140.37968,37.83767],[140.3774,37.8381],[140.37676,37.83615],[140.38045,37.83568],[140.37997,37.83692]]]},"properties":{"hoanrinKind":"保安林"}},
{"type":"Feature","geometry":{"type":"Polygon","coordinates":[[[140.94385,37.14436],[140.94138,37.1441],[140.94659,37.14238],[140.94728,37.14298],[140.94393,37.14376],[140.94385,37.14436]]]},"properties":{"hoanrinKind":"保安林"}},
{"type":"Feature","geometry":{"type":"Polygon","coordinates":[[[140.59578,37.12948],[140.59407,37.13003],[140.59148,37.12918],[140.59192,37.12809],[140.59417,37.12816],[140.59578,37.12948]]]},"properties":{"hoanrinKind":"保安林"}},
{"type":"Feature","geometry":{"type":"Polygon","coordinates":[[[140.46724,36.92351],[140.4646,36.9235],[140.46198,36.92294],[140.46244,36.92183],[140.46591,36.92242],[140.46724,36.92351]]]},"properties":{"hoanrinKind":"保安林"}},
{"type":"Feature","geometry":{"type":"Polygon","coordinates":[[[140.77854,37.72461],[140.78171,37.72525],[140.78064,37.72714],[140.77841,37.72659],[140.77854,37.72461]]]},"properties":{"hoanrinKind":"保安林"}},
{"type":"Feature","geometry":{"type":"Polygon","coordinates":[[[139.52124,37.18556],[139.5235,37.18709],[139.52387,37.18827],[139.52289,37.18889],[139.52074,37.18672],[139.52124,37.18556]]]},"properties":{"hoanrinKind":"保安林"}},
{"type":"Feature","geometry":{"type":"Polygon","coordinates":[[[139.72222,37.10875],[139.72417,37.10955],[139.72622,37.10981],[139.72518,37.11142],[139.72142,37.10985],[139.72222,37.10875]]]},"properties":{"hoanrinKind":"保安林"}},
{"type":"Feature","geometry":{"type":"Polygon","coordinates":[[[140.35456,37.56099],[140.35482,37.56284],[140.3557,37.5653],[140.35456,37.56555],[140.35323,37.56344],[140.35347,37.56207],[140.35456,37.56099]]]},"properties":{"hoanrinKind":"保安林"}},
{"type":"Feature","geometry":{"type":"Polygon","coordinates":[[[140.85231,37.54406],[140.85103,37.54202],[140.85416,37.54288],[140.85443,37.54367],[140.85231,37.54406]]]},"properties":{"hoanrinKind":"保安林"}},
{"type":"Feature","geometry":{"type":"Polygon","coordinates":[[[140.66408,37.0209],[140.66564,37.02258],[140.66523,37.02406],[140.66407,37.02478],[140.66338,37.02359],[140.66408,37.0209]]]},"properties":{"hoanrinKind":"保安林"}},
{"type":"Feature","geometry":{"type":"Polygon","coordinates":[[[139.82251,37.7677],[139.82468,37.76975],[139.82308,37.77089],[139.82208,37.76992],[139.82178,37.76788],[139.82251,37.7677]]]},"properties":{"hoanrinKind":"保安林"}},
{"type":"Feature","geometry":{"type":"Polygon","coordinates":[[[140.68857,37.33726],[140.68586,37.33803],[140.6845,37.33668],[140.68472,37.33526],[140.68598,37.33542],[140.68691,37.33666],[140.68857,37.33726]]]},"properties":{"hoanrinKind":"保安林"}},
{"type":"Feature","geometry":{"type":"Polygon","coordinates":[[[140.411,36.88161],[140.41095,36.88226],[140.40857,36.88237],[140.4096,36.88072],[140.41251,36.87997],[140.41299,36.88079],[140.411,36.88161]]]},"properties":{"hoanrinKind":"保安林"}},
{"type":"Feature","geometry":{"type":"Polygon","coordinates":[[[139.74615,37.53297],[139.74725,37.53508],[139.74693,37.53724],[139.74481,37.53458],[139.74527,37.53298],[139.74615,37.53297]]]},"properties":{"hoanrinKind":"保安林"}},
{"type":"Feature","geometry":{"type":"Polygon","coordinates":[[[140.45777,36.81215],[140.45465,36.81202],[140.45351,36.81167],[140.45393,36.80991],[140.45523,36.8099],[140.45777,36.81215]]]},"properties":{"hoanrinKind":"保安林"}},
{"type":"Feature","geometry":{"type":"Polygon","coordinates":[[[140.76046,36.98306],[140.76051,36.98514],[140.7597,36.98643],[140.75854,36.98604],[140.75875,36.98355],[140.76046,36.98306]]]},"properties":{"hoanrinKind":"保安林"}},
{"type":"Feature","geometry":{"type":"Polygon","coordinates":[[[139.45166,37.30046],[139.45201,37.30201],[139.45101,37.30428],[139.45003,37.30533],[139.44906,37.30456],[139.45166,37.30046]]]},"properties":{"hoanrinKind":"保安林"}},
{"type":"Feature","geometry":{"type":"Polygon","coordinates":[[[140.61319,37.71787],[140.61315,37.71932],[140.61233,37.71973],[140.61014,37.71861],[140.61027,37.71655],[140.61191,37.71782],[140.61319,37.71787]]]},"properties":{"hoanrinKind":"保安林"}},
{"type":"Feature","geometry":{"type":"Polygon","coordinates":[[[140.70057,37.23659],[140.69615,37.23582],[140.69831,37.23477],[140.7003,37.23578],[140.70057,37.23659]]]},"properties":{"hoanrinKind":"保安林"}},
{"type":"Feature","geometry":{"type":"Polygon","coordinates":[[[140.11096,37.41315],[140.10945,37.41401],[140.10966,37.41611],[140.10795,37.41666],[140.10736,37.41548],[140.10778,37.41413],[140.11055,37.41286],[140.11096,37.41315]]]},"properties":{"hoanrinKind":"保安林"}},
{"type":"Feature","geometry":{"type":"Polygon","coordinates":[[[140.91084,37.10574],[140.91114,37.10643],[140.90961,37.10763],[140.9084,37.10708],[140.90771,37.10562],[140.90912,37.10493],[140.91084,37.10574]]]},"properties":{"hoanrinKind":"保安林"}},
{"type":"Feature","geometry":{"type":"Polygon","coordinates":[[[140.03807,37.61754],[140.03848,37.61833],[140.03799,37.62072],[140.03666,37.62103],[140.03594,37.61955],[140.03714,37.61764],[140.03807,37.61754]]]},"properties":{"hoanrinKind":"保安林"}},
{"type":"Feature","geometry":{"type":"Polygon","coordinates":[[[140.25997,37.3915],[140.2579,37.39373],[140.25649,37.39228],[140.25828,37.39066],[140.25997,37.3915]]]},"properties":{"hoanrinKind":"保安林"}},
{"type":"Feature","geometry":{"type":"Polygon","coordinates":[[[140.39452,37.75251],[140.394,37.75319],[140.39198,37.75205],[140.39259,37.75162],[140.39452,37.75251]]]},"properties":{"hoanrinKind":"保安林"}},
{"type":"Feature","geometry":{"type":"Polygon","coordinates":[[[139.93002,37.36612],[139.93006,37.36662],[139.92802,37.36859],[139.92552,37.36917],[139.92532,37.36818],[139.93002,37.36612]]]},"properties":{"hoanrinKind":"保安林"}},
{"type":"Feature","geometry":{"type":"Polygon","coordinates":[[[140.27164,37.41249],[140.27022,37.41228],[140.27097,37.41018],[140.27308,37.41048],[140.27342,37.41184],[140.27164,37.41249]]]},"properties":{"hoanrinKind":"保安林"}},
{"type":"Feature","geometry":{"type":"Polygon","coordinates":[[[140.66888,37.65331],[140.67004,37.65392],[140.66528,37.65726],[140.6654,37.6558],[140.66838,37.65332],[140.66888,37.65331]]]},"properties":{"hoanrinKind":"保安林"}},
{"type":"Feature","geometry":{"type":"Polygon","coordinates":[[[140.87391,37.5207],[140.87461,37.52249],[140.87255,37.52345],[140.87121,37.52128],[140.87311,37.5204],[140.87391,37.5207]]]},"properties":{"hoanrinKind":"保安林"}},
{"type":"Feature","geometry":{"type":"Polygon","coordinates":[[[140.58405,37.04886],[140.58266,37.05241],[140.58083,37.0519],[140.5831,37.04913],[140.58405,37.04886]]]},"properties":{"hoanrinKind":"保安林"}},
{"type":"Feature","geometry":{"type":"Polygon","coordinates":[[[139.92303,37.36093],[139.92318,37.36167],[139.92111,37.36377],[139.91938,37.36361],[139.91985,37.36235],[139.92223,37.36094],[139.92303,37.36093]]]},"properties":{"hoanrinKind":"保安林"}},
{"type":"Feature","geometry":{"type":"Polygon","coordinates":[[[140.90887,37.12278],[140.90599,37.12111],[140.90719,37.1204],[140.90928,37.12067],[140.90977,37.1228],[140.90887,37.12278]]]},"properties":{"hoanrinKind":"保安林"}},
{"type":"Feature","geometry":{"type":"Polygon","coordinates":[[[140.90423,37.60148],[140.90149,37.60139],[140.90055,37.60034],[140.90114,37.59955],[140.90272,37.59992],[140.9058,37.59998],[140.90423,37.60148]]]},"properties":{"hoanrinKind":"保安林"}},
{"type":"Feature","geometry":{"type":"Polygon","coordinates":[[[140.96447,37.48109],[140.96207,37.48096],[140.96284,37.47975],[140.96447,37.48109]]]},"properties":{"hoanrinKind":"保安林"}},
{"type":"Feature","geometry":{"type":"Polygon","coordinates":[[[140.91849,37.50932],[140.91475,37.50882],[140.91501,37.50743],[140.91694,37.50715],[140.91849,37.50932]]]},"properties":{"hoanrinKind":"保安林"}},
{"type":"Feature","geometry":{"type":"Polygon","coordinates":[[[139.68312,37.54312],[139.68517,37.54462],[139.68415,37.54576],[139.68079,37.54378],[139.68312,37.54312]]]},"properties":{"hoanrinKind":"保安林"}},
{"type":"Feature","geometry":{"type":"Polygon","coordinates":[[[139.47568,37.33331],[139.47528,37.33447],[139.47391,37.33468],[139.47563,37.33106],[139.47745,37.33067],[139.47785,37.33141],[139.47683,37.33327],[139.47568,37.33331]]]},"properties":{"hoanrinKind":"保安林"}},
{"type":"Feature","geometry":{"type":"Polygon","coordinates":[[[139.90991,37.32632],[139.9118,37.3273],[139.90877,37.33011],[139.90791,37.32896],[139.90949,37.32796],[139.90991,37.32632]]]},"properties":{"hoanrinKind":"保安林"}},
{"type":"Feature","geometry":{"type":"Polygon","coordinates":[[[139.66715,37.17239],[139.66509,37.17214],[139.66788,37.1698],[139.66879,37.17063],[139.6686,37.17177],[139.66715,37.17239]]]},"properties":{"hoanrinKind":"保安林"}},
{"type":"Feature","geometry":{"type":"Polygon","coordinates":[[[139.80914,37.22045],[139.81405,37.22165],[139.81003,37.22306],[139.80906,37.22175],[139.80914,37.22045]]]},"properties":{"hoanrinKind":"保安林"}},
{"type":"Feature","geometry":{"type":"Polygon","coordinates":[[[140.93805,37.1543],[140.93613,37.15545],[140.93384,37.15541],[140.93345,37.15468],[140.93793,37.15335],[140.93805,37.1543]]]},"properties":{"hoanrinKind":"保安林"}},
{"type":"Feature","geometry":{"type":"Polygon","coordinates":[[[140.72406,37.11804],[140.72587,37.12021],[140.72601,37.12229],[140.7249,37.12286],[140.72452,37.12108],[140.72312,37.11998],[140.72406,37.11804]]]},"properties":{"hoanrinKind":"保安林"}},
{"type":"Feature","geometry":{"type":"Polygon","coordinates":[[[139.53538,37.47162],[139.53705,37.47304],[139.53593,37.47446],[139.53359,37.47426],[139.53538,37.47162]]]},"properties":{"hoanrinKind":"保安林"}},
{"type":"Feature","geometry":{"type":"Polygon","coordinates":[[[140.59762,37.08003],[140.59649,37.08069],[140.59239,37.08001],[140.59237,37.07927],[140.59585,37.07931],[140.59762,37.08003]]]},"properties":{"hoanrinKind":"保安林"}},
{"type":"Feature","geometry":{"type":"Polygon","coordinates":[[[140.60666,37.04661],[140.60722,37.04789],[140.60685,37.04993],[140.60585,37.05056],[140.60457,37.04901],[140.60475,37.04719],[140.60666,37.04661]]]},"properties":{"hoanrinKind":"保安林"}},
{"type":"Feature","geometry":{"type":"Polygon","coordinates":[[[140.64584,37.80008],[140.64393,37.79983],[140.64373,37.79888],[140.64491,37.79716],[140.6459,37.79697],[140.64689,37.7988],[140.64584,37.80008]]]},"properties":{"hoanrinKind":"保安林"}},
{"type":"Feature","geometry":{"type":"Polygon","coordinates":[[[139.68246,37.55901],[139.68009,37.5599],[139.67832,37.56],[139.67781,37.55929],[139.68111,37.5586],[139.68246,37.55901]]]},"properties":{"hoanrinKind":"保安林"}},
{"type":"Feature","geometry":{"type":"Polygon","coordinates":[[[140.4939,37.76136],[140.49441,37.76459],[140.49302,37.76482],[140.49291,37.76323],[140.49178,37.76135],[140.4939,37.76136]]]},"properties":{"hoanrinKind":"保安林"}},
{"type":"Feature","geometry":{"type":"Polygon","coordinates":[[[140.30104,37.49661],[140.30415,37.49915],[140.30218,37.50004],[140.30132,37.49969],[140.30015,37.49689],[140.30104,37.49661]]]},"properties":{"hoanrinKind":"保安林"}},
{"type":"Feature","geometry":{"type":"Polygon","coordinates":[[[140.66533,37.07021],[140.66745,37.0721],[140.66762,37.07407],[140.66484,37.07235],[140.66533,37.07021]]]},"properties":{"hoanrinKind":"保安林"}},
{"type":"Feature","geometry":{"type":"Polygon","coordinates":[[[140.76581,37.20725],[140.7622,37.20705],[140.76277,37.20615],[140.76274,37.20416],[140.76512,37.20556],[140.76581,37.20725]]]},"properties":{"hoanrinKind":"保安林"}},
{"type":"Feature","geometry":{"type":"Polygon","coordinates":[[[139.76075,37.23139],[139.75913,37.23283],[139.75509,37.23401],[139.75535,37.23308],[139.75836,37.2314],[139.76075,37.23139]]]},"properties":{"hoanrinKind":"保安林"}},
{"type":"Feature","geometry":{"type":"Polygon","coordinates":[[[140.67213,37.77551],[140.66873,37.77544],[140.67129,37.77311],[140.67277,37.77389],[140.67213,37.77551]]]},"properties":{"hoanrinKind":"保安林"}},
{"type":"Feature","geometry":{"type":"Polygon","coordinates":[[[140.5056,37.8939],[140.50215,37.89387],[140.50122,37.89332],[140.50366,37.89191],[140.50498,37.89268],[140.5056,37.8939]]]},"properties":{"hoanrinKind":"保安林"}},
{"type":"Feature","geometry":{"type":"Polygon","coordinates":[[[140.94769,37.41004],[140.94677,37.41135],[140.94367,37.41051],[140.94233,37.40924],[140.94384,37.40872],[140.94467,37.40955],[140.94769,37.41004]]]},"properties":{"hoanrinKind":"保安林"}},
{"type":"Feature","geometry":{"type":"Polygon","coordinates":[[[140.03622,37.60328],[140.03534,37.60495],[140.03569,37.60669],[140.03673,37.60729],[140.03516,37.60838],[140.03404,37.60668],[140.034,37.60537],[140.03491,37.60354],[140.03622,37.60328]]]},"properties":{"hoanrinKind":"保安林"}},
{"type":"Feature","geometry":{"type":"Polygon","coordinates":[[[140.68914,37.23851],[140.68769,37.23913],[140.68683,37.23767],[140.6874,37.23705],[140.69217,37.23745],[140.69091,37.23835],[140.68914,37.23851]]]},"properties":{"hoanrinKind":"保安林"}},
{"type":"Feature","geometry":{"type":"Polygon","coordinates":[[[140.50925,37.85708],[140.50821,37.85753],[140.50685,37.85597],[140.50935,37.85558],[140.51142,37.85704],[140.50925,37.85708]]]},"properties":{"hoanrinKind":"保安林"}},
{"type":"Feature","geometry":{"type":"Polygon","coordinates":[[[140.15386,37.40674],[140.14915,37.40682],[140.14784,37.40582],[140.14887,37.40489],[140.15106,37.40551],[140.15386,37.40674]]]},"properties":{"hoanrinKind":"保安林"}},
{"type":"Feature","geometry":{"type":"Polygon","coordinates":[[[140.10508,37.6118],[140.10448,37.61351],[140.1023,37.61349],[140.10131,37.61128],[140.10508,37.6118]]]},"properties":{"hoanrinKind":"保安林"}},
{"type":"Feature","geometry":{"type":"Polygon","coordinates":[[[140.92028,37.5872],[140.91884,37.58769],[140.91543,37.58697],[140.91356,37.586],[140.91445,37.58523],[140.91706,37.58646],[140.91755,37.58587],[140.92028,37.5872]]]},"properties":{"hoanrinKind":"保安林"}},
{"type":"Feature","geometry":{"type":"Polygon","coordinates":[[[140.95144,37.73723],[140.95082,37.7396],[140.94878,37.74096],[140.94829,37.73929],[140.94976,37.73756],[140.95144,37.73723]]]},"properties":{"hoanrinKind":"保安林"}},
{"type":"Feature","geometry":{"type":"Polygon","coordinates":[[[140.44718,37.17002],[140.44868,37.17097],[140.44877,37.17182],[140.44718,37.17268],[140.44554,37.1722],[140.44516,37.17092],[140.44718,37.17002]]]},"properties":{"hoanrinKind":"保安林"}},
{"type":"Feature","geometry":{"type":"Polygon","coordinates":[[[140.73212,37.11244],[140.73119,37.11342],[140.72999,37.11311],[140.73074,37.11145],[140.73212,37.11244]]]},"properties":{"hoanrinKind":"保安林"}},
{"type":"Feature","geometry":{"type":"Polygon","coordinates":[[[140.03232,37.62258],[140.03347,37.62425],[140.03177,37.62449],[140.02951,37.62423],[140.0297,37.62293],[140.03232,37.62258]]]},"properties":{"hoanrinKind":"保安林"}},
{"type":"Feature","geometry":{"type":"Polygon","coordinates":[[[140.71475,37.00003],[140.71525,37.00192],[140.7147,37.00247],[140.71258,37.0023],[140.71155,37.00118],[140.71227,37.00038],[140.71475,37.00003]]]},"properties":{"hoanrinKind":"保安林"}},
{"type":"Feature","geometry":{"type":"Polygon","coordinates":[[[140.82883,37.17562],[140.82897,37.17653],[140.82577,37.17817],[140.82451,37.17719],[140.82733,37.17562],[140.82883,37.17562]]]},"properties":{"hoanrinKind":"保安林"}},
{"type":"Feature","geometry":{"type":"Polygon","coordinates":[[[139.27517,37.36909],[139.27865,37.37068],[139.27806,37.37136],[139.27431,37.37062],[139.27265,37.36947],[139.27517,37.36909]]]},"properties":{"hoanrinKind":"保安林"}},
{"type":"Feature","geometry":{"type":"Polygon","coordinates":[[[140.88477,37.50624],[140.882,37.50577],[140.8845,37.50347],[140.88659,37.50358],[140.88477,37.50624]]]},"properties":{"hoanrinKind":"保安林"}},
{"type":"Feature","geometry":{"type":"Polygon","coordinates":[[[141.01267,37.37705],[141.01201,37.37807],[141.01004,37.37793],[141.00996,37.37671],[141.01201,37.37611],[141.01291,37.37491],[141.01397,37.3752],[141.01438,37.37644],[141.01267,37.37705]]]},"properties":{"hoanrinKind":"保安林"}},
{"type":"Feature","geometry":{"type":"Polygon","coordinates":[[[140.42486,36.90859],[140.42392,36.90867],[140.42072,36.90704],[140.42251,36.90655],[140.42469,36.90817],[140.42686,36.90596],[140.42791,36.90627],[140.4261,36.90852],[140.42486,36.90859]]]},"properties":{"hoanrinKind":"保安林"}},
{"type":"Feature","geometry":{"type":"Polygon","coordinates":[[[139.46264,37.28848],[139.46336,37.28859],[139.46229,37.29156],[139.45915,37.28946],[139.46264,37.28848]]]},"properties":{"hoanrinKind":"保安林"}},
{"type":"Feature","geometry":{"type":"Polygon","coordinates":[[[140.34088,37.71601],[140.3379,37.71603],[140.33892,37.71494],[140.34088,37.71601]]]},"properties":{"hoanrinKind":"保安林"}},
{"type":"Feature","geometry":{"type":"Polygon","coordinates":[[[140.99278,37.72567],[140.98931,37.72531],[140.9899,37.72389],[140.99278,37.72567]]]},"properties":{"hoanrinKind":"保安林"}},
{"type":"Feature","geometry":{"type":"Polygon","coordinates":[[[140.8892,37.11785],[140.89155,37.11987],[140.89125,37.12106],[140.88947,37.12036],[140.88725,37.11824],[140.8892,37.11785]]]},"properties":{"hoanrinKind":"保安林"}},
{"type":"Feature","geometry":{"type":"Polygon","coordinates":[[[140.67899,37.88139],[140.67908,37.88299],[140.67787,37.88288],[140.67615,37.88138],[140.67668,37.88033],[140.67923,37.88013],[140.67899,37.88139]]]},"properties":{"hoanrinKind":"保安林"}},
{"type":"Feature","geometry":{"type":"Polygon","coordinates":[[[139.38523,37.31017],[139.38663,37.3107],[139.38558,37.31351],[139.38321,37.31226],[139.38414,37.31039],[139.38523,37.31017]]]},"properties":{"hoanrinKind":"保安林"}},
{"type":"Feature","geometry":{"type":"Polygon","coordinates":[[[140.77711,37.76592],[140.77883,37.76865],[140.77805,37.76936],[140.77553,37.76852],[140.77536,37.76737],[140.77711,37.76592]]]},"properties":{"hoanrinKind":"保安林"}},
{"type":"Feature","geometry":{"type":"Polygon","coordinates":[[[140.5099,37.895],[140.51102,37.89643],[140.51195,37.89993],[140.5112,37.90105],[140.50961,37.90024],[140.51076,37.89823],[140.5099,37.895]]]},"properties":{"hoanrinKind":"保安林"}},
{"type":"Feature","geometry":{"type":"Polygon","coordinates":[[[139.98602,37.42394],[139.98675,37.42512],[139.98369,37.42609],[139.98252,37.42476],[139.98375,37.42413],[139.98602,37.42394]]]},"properties":{"hoanrinKind":"保安林"}},
{"type":"Feature","geometry":{"type":"Polygon","coordinates":[[[140.99605,37.16822],[140.99551,37.16957],[140.99353,37.16901],[140.99256,37.16767],[140.99128,37.1671],[140.99202,37.16615],[140.99338,37.16656],[140.99323,37.16782],[140.99605,37.16822]]]},"properties":{"hoanrinKind":"保安林"}},
{"type":"Feature","geometry":{"type":"Polygon","coordinates":[[[139.9624,37.28342],[139.96332,37.28451],[139.96378,37.2862],[139.96159,37.28738],[139.96043,37.28622],[139.9624,37.28342]]]},"properties":{"hoanrinKind":"保安林"}},
{"type":"Feature","geometry":{"type":"Polygon","coordinates":[[[139.68059,37.69801],[139.68197,37.69984],[139.68098,37.70172],[139.6784,37.6996],[139.68059,37.69801]]]},"properties":{"hoanrinKind":"保安林"}},
{"type":"Feature","geometry":{"type":"Polygon","coordinates":[[[140.86065,37.13829],[140.85748,37.14015],[140.85719,37.13813],[140.85852,37.13765],[140.86065,37.13829]]]},"properties":{"hoanrinKind":"保安林"}},
{"type":"Feature","geometry":{"type":"Polygon","coordinates":[[[140.94241,37.08105],[140.9433,37.08271],[140.94193,37.08399],[140.94036,37.08295],[140.94024,37.08084],[140.94241,37.08105]]]},"properties":{"hoanrinKind":"保安林"}},
{"type":"Feature","geometry":{"type":"Polygon","coordinates":[[[140.83729,37.76591],[140.83402,37.76591],[140.83385,37.76449],[140.83761,37.76409],[140.83729,37.76591]]]},"properties":{"hoanrinKind":"保安林"}},
{"type":"Feature","geometry":{"type":"Polygon","coordinates":[[[140.73141,36.93464],[140.73049,36.9347],[140.73085,36.93161],[140.73212,36.92949],[140.73389,36.93057],[140.73181,36.93297],[140.73141,36.93464]]]},"properties":{"hoanrinKind":"保安林"}},
{"type":"Feature","geometry":{"type":"Polygon","coordinates":[[[140.61522,37.26017],[140.61415,37.26138],[140.61172,37.26233],[140.60993,37.26209],[140.61152,37.26067],[140.61327,37.2601],[140.61522,37.26017]]]},"properties":{"hoanrinKind":"保安林"}},
{"type":"Feature","geometry":{"type":"Polygon","coordinates":[[[139.70262,37.53136],[139.70144,37.53332],[139.69882,37.53276],[139.69815,37.53184],[139.69906,37.53105],[139.70262,37.53136]]]},"properties":{"hoanrinKind":"保安林"}},
{"type":"Feature","geometry":{"type":"Polygon","coordinates":[[[140.68556,37.06675],[140.68508,37.06911],[140.68355,37.0689],[140.68201,37.06661],[140.6829,37.06577],[140.6846,37.06583],[140.68556,37.06675]]]},"properties":{"hoanrinKind":"保安林"}},
{"type":"Feature","geometry":{"type":"Polygon","coordinates":[[[140.71136,37.23462],[140.71329,37.23609],[140.7127,37.23723],[140.71118,37.23727],[140.70914,37.23593],[140.71136,37.23462]]]},"properties":{"hoanrinKind":"保安林"}},
{"type":"Feature","geometry":{"type":"Polygon","coordinates":[[[140.902,37.7048],[140.90194,37.70368],[140.90294,37.70283],[140.90449,37.70316],[140.90555,37.70533],[140.902,37.7048]]]},"properties":{"hoanrinKind":"保安林"}},
{"type":"Feature","geometry":{"type":"Polygon","coordinates":[[[140.37168,36.87564],[140.37191,36.8764],[140.36936,36.87828],[140.36847,36.87718],[140.36917,36.87536],[140.37136,36.87478],[140.37168,36.87564]]]},"properties":{"hoanrinKind":"保安林"}},
{"type":"Feature","geometry":{"type":"Polygon","coordinates":[[[140.4118,36.87319],[140.4111,36.87613],[140.40845,36.87522],[140.40831,36.87421],[140.40931,36.87333],[140.4118,36.87319]]]},"properties":{"hoanrinKind":"保安林"}},
{"type":"Feature","geometry":{"type":"Polygon","coordinates":[[[139.729,37.67828],[139.72595,37.67809],[139.7252,37.67667],[139.72797,37.67509],[139.729,37.67828]]]},"properties":{"hoanrinKind":"保安林"}},
{"type":"Feature","geometry":{"type":"Polygon","coordinates":[[[140.00061,37.26217],[140.00181,37.26223],[140.00213,37.26455],[140.0002,37.26576],[139.9995,37.26525],[139.99907,37.26314],[140.00061,37.26217]]]},"properties":{"hoanrinKind":"保安林"}},
{"type":"Feature","geometry":{"type":"Polygon","coordinates":[[[140.61982,37.84959],[140.61926,37.84831],[140.62057,37.84792],[140.62136,37.84869],[140.61982,37.84959]]]},"properties":{"hoanrinKind":"保安林"}},
{"type":"Feature","geometry":{"type":"Polygon","coordinates":[[[140.57826,37.8015],[140.57746,37.80113],[140.57831,37.79923],[140.58043,37.79896],[140.58152,37.79941],[140.58126,37.80063],[140.57987,37.80144],[140.57826,37.8015]]]},"properties":{"hoanrinKind":"保安林"}},
{"type":"Feature","geometry":{"type":"Polygon","coordinates":[[[139.82735,37.64732],[139.82703,37.64956],[139.82766,37.65142],[139.82579,37.65143],[139.82518,37.6498],[139.82532,37.64821],[139.82735,37.64732]]]},"properties":{"hoanrinKind":"保安林"}},
{"type":"Feature","geometry":{"type":"Polygon","coordinates":[[[139.52083,37.44055],[139.52364,37.44105],[139.52381,37.442],[139.52285,37.44305],[139.52008,37.44245],[139.51946,37.44113],[139.52083,37.44055]]]},"properties":{"hoanrinKind":"保安林"}},
{"type":"Feature","geometry":{"type":"Polygon","coordinates":[[[139.78592,37.3814],[139.78751,37.383],[139.78806,37.3853],[139.78665,37.38539],[139.78561,37.38438],[139.7852,37.38172],[139.78592,37.3814]]]},"properties":{"hoanrinKind":"保安林"}},
{"type":"Feature","geometry":{"type":"Polygon","coordinates":[[[139.53435,37.44077],[139.53397,37.44263],[139.52859,37.44219],[139.53014,37.44095],[139.53435,37.44077]]]},"properties":{"hoanrinKind":"保安林"}},
{"type":"Feature","geometry":{"type":"Polygon","coordinates":[[[140.42685,36.89444],[140.42563,36.89518],[140.42342,36.89379],[140.42343,36.89254],[140.42577,36.89243],[140.42755,36.89309],[140.42685,36.89444]]]},"properties":{"hoanrinKind":"保安林"}},
{"type":"Feature","geometry":{"type":"Polygon","coordinates":[[[140.8667,37.8119],[140.86591,37.81226],[140.86298,37.8105],[140.86514,37.80933],[140.8667,37.8119]]]},"properties":{"hoanrinKind":"保安林"}},
{"type":"Feature","geometry":{"type":"Polygon","coordinates":[[[141.0191,37.42551],[141.0202,37.42659],[141.01702,37.42813],[141.01612,37.4289],[141.01501,37.42755],[141.01669,37.42669],[141.01779,37.42551],[141.0191,37.42551]]]},"properties":{"hoanrinKind":"保安林"}},
{"type":"Feature","geometry":{"type":"Polygon","coordinates":[[[139.91637,37.35734],[139.9174,37.35836],[139.91623,37.36061],[139.9141,37.35977],[139.91637,37.35734]]]},"properties":{"hoanrinKind":"保安林"}},
{"type":"Feature","geometry":{"type":"Polygon","coordinates":[[[139.83746,37.66802],[139.83591,37.66936],[139.83469,37.66964],[139.83468,37.66761],[139.83575,37.66683],[139.83796,37.6665],[139.83952,37.66738],[139.83906,37.66817],[139.83746,37.66802]]]},"properties":{"hoanrinKind":"保安林"}},
{"type":"Feature","geometry":{"type":"Polygon","coordinates":[[[140.98473,37.45234],[140.98512,37.45087],[140.9846,37.44991],[140.9854,37.44825],[140.98755,37.45014],[140.98762,37.4522],[140.98473,37.45234]]]},"properties":{"hoanrinKind":"保安林"}},
{"type":"Feature","geometry":{"type":"Polygon","coordinates":[[[140.23068,37.4895],[140.23083,37.49028],[140.23246,37.49088],[140.23292,37.4922],[140.22754,37.49096],[140.22908,37.48951],[140.23068,37.4895]]]},"properties":{"hoanrinKind":"保安林"}},
{"type":"Feature","geometry":{"type":"Polygon","coordinates":[[[140.42882,36.95038],[140.42951,36.95293],[140.42889,36.95402],[140.42741,36.95333],[140.42642,36.95038],[140.42882,36.95038]]]},"properties":{"hoanrinKind":"保安林"}},
{"type":"Feature","geometry":{"type":"Polygon","coordinates":[[[140.81628,37.73748],[140.81561,37.73871],[140.81389,37.73911],[140.81188,37.73795],[140.81136,37.73714],[140.81296,37.73639],[140.81388,37.73724],[140.81628,37.73748]]]},"properties":{"hoanrinKind":"保安林"}},
{"type":"Feature","geometry":{"type":"Polygon","coordinates":[[[139.60396,37.46273],[139.60203,37.46387],[139.60024,37.46295],[139.60488,37.46142],[139.60396,37.46273]]]},"properties":{"hoanrinKind":"保安林"}},
{"type":"Feature","geometry":{"type":"Polygon","coordinates":[[[140.60063,37.71365],[140.59853,37.71449],[140.59809,37.71364],[140.59999,37.71301],[140.60128,37.71111],[140.60313,37.71094],[140.60297,37.71266],[140.60063,37.71365]]]},"properties":{"hoanrinKind":"保安林"}},
{"type":"Feature","geometry":{"type":"Polygon","coordinates":[[[140.67961,37.76821],[140.68063,37.76851],[140.68028,37.76988],[140.67741,37.77003],[140.67542,37.7691],[140.67625,37.76842],[140.67961,37.76821]]]},"properties":{"hoanrinKind":"保安林"}},
{"type":"Feature","geometry":{"type":"Polygon","coordinates":[[[140.9179,37.55687],[140.91793,37.55802],[140.91595,37.55868],[140.91498,37.55775],[140.91357,37.55751],[140.91306,37.55651],[140.9179,37.55687]]]},"properties":{"hoanrinKind":"保安林"}},
{"type":"Feature","geometry":{"type":"Polygon","coordinates":[[[139.59302,37.26244],[139.59287,37.26472],[139.59076,37.26427],[139.58848,37.26275],[139.59004,37.26235],[139.59302,37.26244]]]},"properties":{"hoanrinKind":"保安林"}},
{"type":"Feature","geometry":{"type":"Polygon","coordinates":[[[140.20132,37.47994],[140.20026,37.48167],[140.20073,37.4826],[140.20077,37.48525],[140.19965,37.48504],[140.19976,37.48191],[140.19904,37.479],[140.20115,37.47902],[140.20132,37.47994]]]},"properties":{"hoanrinKind":"保安林"}},
{"type":"Feature","geometry":{"type":"Polygon","coordinates":[[[139.78798,37.3866],[139.79159,37.38972],[139.79067,37.38994],[139.7862,37.38831],[139.78798,37.3866]]]},"properties":{"hoanrinKind":"保安林"}},
{"type":"Feature","geometry":{"type":"Polygon","coordinates":[[[139.83204,37.71698],[139.83312,37.719],[139.8328,37.71945],[139.82917,37.71985],[139.82997,37.7178],[139.83082,37.7169],[139.83204,37.71698]]]},"properties":{"hoanrinKind":"保安林"}},
{"type":"Feature","geometry":{"type":"Polygon","coordinates":[[[139.30866,37.34354],[139.30762,37.34456],[139.30429,37.34461],[139.30278,37.34409],[139.30229,37.3431],[139.30381,37.34269],[139.30503,37.34338],[139.30866,37.34354]]]},"properties":{"hoanrinKind":"保安林"}},
{"type":"Feature","geometry":{"type":"Polygon","coordinates":[[[140.62058,37.03794],[140.6202,37.03881],[140.61806,37.03774],[140.61633,37.0382],[140.61612,37.03689],[140.6173,37.03534],[140.62021,37.03652],[140.62058,37.03794]]]},"properties":{"hoanrinKind":"保安林"}},
{"type":"Feature","geometry":{"type":"Polygon","coordinates":[[[140.36808,37.71913],[140.36909,37.72085],[140.36856,37.72141],[140.36475,37.71888],[140.36691,37.71812],[140.36808,37.71913]]]},"properties":{"hoanrinKind":"保安林"}},
{"type":"Feature","geometry":{"type":"Polygon","coordinates":[[[140.05559,37.52696],[140.06105,37.53115],[140.05998,37.53108],[140.05472,37.52779],[140.05559,37.52696]]]},"properties":{"hoanrinKind":"保安林"}},
{"type":"Feature","geometry":{"type":"Polygon","coordinates":[[[139.64331,37.20331],[139.64221,37.20281],[139.64342,37.20092],[139.64564,37.20104],[139.64635,37.20179],[139.6458,37.20316],[139.64331,37.20331]]]},"properties":{"hoanrinKind":"保安林"}},
{"type":"Feature","geometry":{"type":"Polygon","coordinates":[[[140.89567,37.092],[140.89704,37.09361],[140.89395,37.09393],[140.89254,37.09153],[140.89567,37.092]]]},"properties":{"hoanrinKind":"保安林"}},
{"type":"Feature","geometry":{"type":"Polygon","coordinates":[[[140.98795,37.45934],[140.98564,37.46047],[140.98453,37.45971],[140.98432,37.45799],[140.9862,37.45595],[140.98681,37.45665],[140.98576,37.45841],[140.98795,37.45934]]]},"properties":{"hoanrinKind":"保安林"}},
{"type":"Feature","geometry":{"type":"Polygon","coordinates":[[[139.71973,37.24675],[139.72081,37.24708],[139.72155,37.24843],[139.71781,37.24924],[139.71723,37.24839],[139.71774,37.24685],[139.71973,37.24675]]]},"properties":{"hoanrinKind":"保安林"}},
{"type":"Feature","geometry":{"type":"Polygon","coordinates":[[[140.16672,37.39995],[140.16782,37.40065],[140.17129,37.40188],[140.16854,37.40418],[140.16792,37.4035],[140.16672,37.39995]]]},"properties":{"hoanrinKind":"保安林"}},
{"type":"Feature","geometry":{"type":"Polygon","coordinates":[[[139.76648,37.68704],[139.76574,37.68834],[139.76585,37.69043],[139.76454,37.69128],[139.76277,37.69084],[139.76377,37.68885],[139.76484,37.68807],[139.76503,37.68681],[139.76648,37.68704]]]},"properties":{"hoanrinKind":"保安林"}},
{"type":"Feature","geometry":{"type":"Polygon","coordinates":[[[140.46649,36.98699],[140.46728,36.98957],[140.46626,36.98954],[140.46554,36.98762],[140.46337,36.98684],[140.46312,36.9858],[140.46653,36.98553],[140.46649,36.98699]]]},"properties":{"hoanrinKind":"保安林"}},
{"type":"Feature","geometry":{"type":"Polygon","coordinates":[[[140.68613,37.75489],[140.68527,37.75816],[140.68348,37.75733],[140.68281,37.75593],[140.6833,37.75499],[140.68514,37.75432],[140.68613,37.75489]]]},"properties":{"hoanrinKind":"保安林"}},
{"type":"Feature","geometry":{"type":"Polygon","coordinates":[[[139.89131,37.72797],[139.89194,37.72855],[139.89232,37.73052],[139.89114,37.73132],[139.88847,37.73065],[139.88885,37.72977],[139.89082,37.72907],[139.89131,37.72797]]]},"properties":{"hoanrinKind":"保安林"}},
{"type":"Feature","geometry":{"type":"Polygon","coordinates":[[[139.83925,37.64462],[139.83606,37.64475],[139.83482,37.64398],[139.83452,37.64291],[139.83544,37.64175],[139.83675,37.64297],[139.83869,37.64322],[139.83925,37.64462]]]},"properties":{"hoanrinKind":"保安林"}},
{"type":"Feature","geometry":{"type":"Polygon","coordinates":[[[140.88473,37.66119],[140.88401,37.66175],[140.88179,37.66196],[140.88062,37.65968],[140.8823,37.65923],[140.88361,37.65972],[140.88473,37.66119]]]},"properties":{"hoanrinKind":"保安林"}},
{"type":"Feature","geometry":{"type":"Polygon","coordinates":[[[140.15572,37.46395],[140.15675,37.46554],[140.15618,37.46691],[140.15287,37.46964],[140.15316,37.46783],[140.15572,37.46395]]]},"properties":{"hoanrinKind":"保安林"}},
{"type":"Feature","geometry":{"type":"Polygon","coordinates":[[[139.57383,37.19567],[139.57496,37.19743],[139.57528,37.20024],[139.57333,37.20017],[139.57276,37.19618],[139.57383,37.19567]]]},"properties":{"hoanrinKind":"保安林"}},
{"type":"Feature","geometry":{"type":"Polygon","coordinates":[[[139.67849,37.50715],[139.67692,37.50788],[139.67627,37.50658],[139.67875,37.50568],[139.6804,37.50558],[139.68214,37.50648],[139.68134,37.50726],[139.67849,37.50715]]]},"properties":{"hoanrinKind":"保安林"}},
{"type":"Feature","geometry":{"type":"Polygon","coordinates":[[[140.58156,37.73061],[140.57997,37.73129],[140.57945,37.72802],[140.58067,37.72729],[140.5823,37.7281],[140.58273,37.7305],[140.58156,37.73061]]]},"properties":{"hoanrinKind":"保安林"}},
{"type":"Feature","geometry":{"type":"Polygon","coordinates":[[[139.69635,37.57346],[139.6972,37.57509],[139.69529,37.57603],[139.69329,37.57455],[139.69635,37.57346]]]},"properties":{"hoanrinKind":"保安林"}},
{"type":"Feature","geometry":{"type":"Polygon","coordinates":[[[139.44919,37.10216],[139.45106,37.10579],[139.44749,37.10561],[139.44673,37.10483],[139.44919,37.10216]]]},"properties":{"hoanrinKind":"保安林"}},
{"type":"Feature","geometry":{"type":"Polygon","coordinates":[[[140.57658,37.09968],[140.57283,37.09938],[140.56985,37.0997],[140.56974,37.09891],[140.5725,37.09784],[140.574,37.0979],[140.57669,37.09865],[140.57658,37.09968]]]},"properties":{"hoanrinKind":"保安林"}},
{"type":"Feature","geometry":{"type":"Polygon","coordinates":[[[140.85804,37.05126],[140.85646,37.05215],[140.85454,37.0524],[140.85075,37.0517],[140.85187,37.05042],[140.856,37.05115],[140.85804,37.05126]]]},"properties":{"hoanrinKind":"保安林"}},
{"type":"Feature","geometry":{"type":"Polygon","coordinates":[[[140.15254,37.27813],[140.15252,37.27996],[140.15053,37.28085],[140.14889,37.27884],[140.14945,37.27752],[140.15254,37.27813]]]},"properties":{"hoanrinKind":"保安林"}},
{"type":"Feature","geometry":{"type":"Polygon","coordinates":[[[140.97875,37.07553],[140.98083,37.08112],[140.98306,37.08848],[140.98207,37.08842],[140.98182,37.08662],[140.98074,37.08283],[140.97895,37.0784],[140.9785,37.07666],[140.97875,37.07553]]]},"properties":{"hoanrinKind":"保安林"}},
{"type":"Feature","geometry":{"type":"Polygon","coordinates":[[[140.80817,37.74354],[140.80777,37.74456],[140.80538,37.74259],[140.80585,37.74183],[140.80463,37.73978],[140.80619,37.73975],[140.80754,37.74144],[140.80817,37.74354]]]},"properties":{"hoanrinKind":"保安林"}},
{"type":"Feature","geometry":{"type":"Polygon","coordinates":[[[140.87361,37.83153],[140.87189,37.83251],[140.87079,37.83015],[140.86888,37.82873],[140.86877,37.82763],[140.87129,37.82828],[140.87196,37.82898],[140.87188,37.83091],[140.87361,37.83153]]]},"properties":{"hoanrinKind":"保安林"}},
{"type":"Feature","geometry":{"type":"Polygon","coordinates":[[[140.88467,37.67143],[140.88177,37.67252],[140.88141,37.67102],[140.88323,37.6698],[140.88624,37.66879],[140.88467,37.67143]]]},"properties":{"hoanrinKind":"保安林"}},
{"type":"Feature","geometry":{"type":"Polygon","coordinates":[[[139.94341,37.4545],[139.94339,37.456],[139.94143,37.45681],[139.93946,37.45684],[139.93858,37.45591],[139.93944,37.45511],[139.94341,37.4545]]]},"properties":{"hoanrinKind":"保安林"}},
{"type":"Feature","geometry":{"type":"Polygon","coordinates":[[[140.91965,37.46161],[140.92117,37.46208],[140.91718,37.46414],[140.91435,37.46221],[140.91965,37.46161]]]},"properties":{"hoanrinKind":"保安林"}},
{"type":"Feature","geometry":{"type":"Polygon","coordinates":[[[140.87077,37.56037],[140.87209,37.56235],[140.87453,37.56374],[140.87367,37.56541],[140.87123,37.56351],[140.86954,37.56048],[140.87077,37.56037]]]},"properties":{"hoanrinKind":"保安林"}},
{"type":"Feature","geometry":{"type":"Polygon","coordinates":[[[140.14973,37.27149],[140.14765,37.27178],[140.14775,37.26988],[140.14874,37.26995],[140.14968,37.26871],[140.15142,37.26951],[140.15114,37.27106],[140.14973,37.27149]]]},"properties":{"hoanrinKind":"保安林"}},
{"type":"Feature","geometry":{"type":"Polygon","coordinates":[[[140.27097,37.47867],[140.26987,37.47755],[140.27358,37.47518],[140.27517,37.47586],[140.27516,37.47719],[140.2732,37.4775],[140.27097,37.47867]]]},"properties":{"hoanrinKind":"保安林"}},
{"type":"Feature","geometry":{"type":"Polygon","coordinates":[[[140.71862,37.21624],[140.71738,37.21568],[140.7155,37.21378],[140.71657,37.21323],[140.71671,37.21151],[140.71822,37.21158],[140.71802,37.215],[140.71862,37.21624]]]},"properties":{"hoanrinKind":"保安林"}},
{"type":"Feature","geometry":{"type":"Polygon","coordinates":[[[140.37429,36.87344],[140.3764,36.87548],[140.37462,36.87619],[140.37237,36.87438],[140.37198,36.87208],[140.37272,36.87148],[140.37429,36.87344]]]},"properties":{"hoanrinKind":"保安林"}},
{"type":"Feature","geometry":{"type":"Polygon","coordinates":[[[139.79243,37.67975],[139.79135,37.6824],[139.79371,37.68374],[139.79452,37.68575],[139.791,37.6852],[139.79099,37.68131],[139.79243,37.67975]]]},"properties":{"hoanrinKind":"保安林"}},
{"type":"Feature","geometry":{"type":"Polygon","coordinates":[[[140.89298,37.70826],[140.89434,37.71006],[140.89381,37.71099],[140.89178,37.71166],[140.89061,37.71021],[140.89049,37.70884],[140.89298,37.70826]]]},"properties":{"hoanrinKind":"保安林"}},
{"type":"Feature","geometry":{"type":"Polygon","coordinates":[[[139.94659,37.38205],[139.94579,37.383],[139.94211,37.38452],[139.94066,37.38456],[139.93903,37.38339],[139.94388,37.38241],[139.94659,37.38205]]]},"properties":{"hoanrinKind":"保安林"}},
{"type":"Feature","geometry":{"type":"Polygon","coordinates":[[[140.03666,37.62411],[140.03439,37.62442],[140.03326,37.62356],[140.03252,37.62197],[140.03322,37.62128],[140.03588,37.62179],[140.03666,37.62411]]]},"properties":{"hoanrinKind":"保安林"}},
{"type":"Feature","geometry":{"type":"Polygon","coordinates":[[[140.96875,37.27425],[140.96778,37.27451],[140.96268,37.27314],[140.96213,37.27208],[140.96524,37.27196],[140.9667,37.27237],[140.9665,37.27335],[140.96875,37.27425]]]},"properties":{"hoanrinKind":"保安林"}},
{"type":"Feature","geometry":{"type":"Polygon","coordinates":[[[141.02619,37.56002],[141.02653,37.56247],[141.02608,37.56554],[141.02638,37.56827],[141.02489,37.56734],[141.02538,37.56426],[141.02539,37.56021],[141.02619,37.56002]]]},"properties":{"hoanrinKind":"保安林"}},
{"type":"Feature","geometry":{"type":"Polygon","coordinates":[[[140.46106,36.99229],[140.45983,36.99295],[140.45982,36.9939],[140.45698,36.99461],[140.45645,36.99347],[140.45691,36.99235],[140.46125,36.99157],[140.46106,36.99229]]]},"properties":{"hoanrinKind":"保安林"}},
{"type":"Feature","geometry":{"type":"Polygon","coordinates":[[[140.69128,37.75065],[140.69022,37.75138],[140.68941,37.74866],[140.69111,37.74728],[140.69352,37.75035],[140.69128,37.75065]]]},"properties":{"hoanrinKind":"保安林"}},
{"type":"Feature","geometry":{"type":"Polygon","coordinates":[[[139.4616,37.28028],[139.46029,37.27917],[139.45617,37.27972],[139.45584,37.27856],[139.45742,37.27807],[139.46088,37.27779],[139.4616,37.28028]]]},"properties":{"hoanrinKind":"保安林"}},
{"type":"Feature","geometry":{"type":"Polygon","coordinates":[[[140.50364,37.07432],[140.50271,37.07482],[140.49895,37.07426],[140.50074,37.07156],[140.5019,37.07224],[140.50364,37.07432]]]},"properties":{"hoanrinKind":"保安林"}},
{"type":"Feature","geometry":{"type":"Polygon","coordinates":[[[140.96319,37.19654],[140.95896,37.19638],[140.95871,37.1953],[140.95945,37.19404],[140.96059,37.19367],[140.96291,37.1948],[140.96319,37.19654]]]},"properties":{"hoanrinKind":"保安林"}},
{"type":"Feature","geometry":{"type":"Polygon","coordinates":[[[140.81293,37.35354],[140.81088,37.35348],[140.80897,37.35223],[140.80897,37.35147],[140.81121,37.35132],[140.81279,37.35164],[140.81449,37.35138],[140.81477,37.35254],[140.81293,37.35354]]]},"properties":{"hoanrinKind":"保安林"}},
{"type":"Feature","geometry":{"type":"Polygon","coordinates":[[[140.64258,37.72281],[140.64057,37.72392],[140.63939,37.72368],[140.6373,37.72162],[140.63833,37.72096],[140.64175,37.72194],[140.64258,37.72281]]]},"properties":{"hoanrinKind":"保安林"}},
{"type":"Feature","geometry":{"type":"Polygon","coordinates":[[[140.36282,37.60598],[140.36024,37.60524],[140.36116,37.60392],[140.36329,37.60366],[140.3654,37.60486],[140.36385,37.60602],[140.36282,37.60598]]]},"properties":{"hoanrinKind":"保安林"}},
{"type":"Feature","geometry":{"type":"Polygon","coordinates":[[[140.88137,37.51351],[140.8834,37.51294],[140.88461,37.51128],[140.8871,37.51177],[140.88673,37.51317],[140.88389,37.51396],[140.88137,37.51351]]]},"properties":{"hoanrinKind":"保安林"}},
{"type":"Feature","geometry":{"type":"Polygon","coordinates":[[[139.78717,37.54727],[139.78471,37.54869],[139.78359,37.54597],[139.78545,37.54506],[139.7874,37.54583],[139.78717,37.54727]]]},"properties":{"hoanrinKind":"保安林"}},
{"type":"Feature","geometry":{"type":"Polygon","coordinates":[[[139.51694,37.17197],[139.51568,37.17348],[139.51245,37.17564],[139.51127,37.17604],[139.5092,37.17551],[139.51233,37.17426],[139.51362,37.17289],[139.51694,37.17197]]]},"properties":{"hoanrinKind":"保安林"}},
{"type":"Feature","geometry":{"type":"Polygon","coordinates":[[[140.64976,37.72202],[140.64947,37.72447],[140.6461,37.72279],[140.64483,37.72082],[140.64718,37.72113],[140.64976,37.72202]]]},"properties":{"hoanrinKind":"保安林"}},
{"type":"Feature","geometry":{"type":"Polygon","coordinates":[[[140.99065,37.412],[140.98919,37.41047],[140.98975,37.40891],[140.99214,37.40928],[140.99356,37.41028],[140.99285,37.41203],[140.99065,37.412]]]},"properties":{"hoanrinKind":"保安林"}},
{"type":"Feature","geometry":{"type":"Polygon","coordinates":[[[140.98452,37.32052],[140.98361,37.32046],[140.98216,37.31862],[140.97793,37.31602],[140.97948,37.31517],[140.98055,37.31534],[140.98415,37.31933],[140.98452,37.32052]]]},"properties":{"hoanrinKind":"保安林"}},
{"type":"Feature","geometry":{"type":"Polygon","coordinates":[[[140.65765,37.0737],[140.66228,37.07521],[140.66121,37.07597],[140.65847,37.07636],[140.65682,37.07485],[140.65765,37.0737]]]},"properties":{"hoanrinKind":"保安林"}},
{"type":"Feature","geometry":{"type":"Polygon","coordinates":[[[140.6272,37.72742],[140.62749,37.72795],[140.62626,37.72973],[140.62479,37.73059],[140.62321,37.72895],[140.62314,37.72771],[140.62504,37.72729],[140.6272,37.72742]]]},"properties":{"hoanrinKind":"保安林"}},
{"type":"Feature","geometry":{"type":"Polygon","coordinates":[[[139.93855,37.66873],[139.93703,37.6693],[139.93733,37.66672],[139.93823,37.66521],[139.94093,37.66713],[139.93985,37.66915],[139.93855,37.66873]]]},"properties":{"hoanrinKind":"保安林"}},
{"type":"Feature","geometry":{"type":"Polygon","coordinates":[[[139.79624,37.69909],[139.79122,37.69901],[139.79083,37.69787],[139.79373,37.69762],[139.79709,37.69622],[139.79704,37.698],[139.79624,37.69909]]]},"properties":{"hoanrinKind":"保安林"}},
{"type":"Feature","geometry":{"type":"Polygon","coordinates":[[[140.83344,37.15382],[140.83394,37.15438],[140.83362,37.15641],[140.83156,37.15571],[140.8307,37.15456],[140.83097,37.15342],[140.83206,37.15257],[140.83344,37.15382]]]},"properties":{"hoanrinKind":"保安林"}},
{"type":"Feature","geometry":{"type":"Polygon","coordinates":[[[140.56175,36.92195],[140.55989,36.92204],[140.55792,36.92029],[140.56229,36.91971],[140.56328,36.92145],[140.56175,36.92195]]]},"properties":{"hoanrinKind":"保安林"}},
{"type":"Feature","geometry":{"type":"Polygon","coordinates":[[[140.28555,37.55525],[140.2868,37.56019],[140.28769,37.56174],[140.28554,37.56138],[140.28539,37.55871],[140.28435,37.55811],[140.28458,37.55611],[140.28555,37.55525]]]},"properties":{"hoanrinKind":"保安林"}},
{"type":"Feature","geometry":{"type":"Polygon","coordinates":[[[140.90841,37.68681],[140.90554,37.68684],[140.90523,37.68471],[140.90789,37.683],[140.90977,37.68416],[140.90808,37.6855],[140.90841,37.68681]]]},"properties":{"hoanrinKind":"保安林"}},
{"type":"Feature","geometry":{"type":"Polygon","coordinates":[[[140.30024,37.48934],[140.29986,37.4899],[140.3016,37.49267],[140.3014,37.49537],[140.30009,37.49552],[140.29859,37.4934],[140.29955,37.48958],[140.30024,37.48934]]]},"properties":{"hoanrinKind":"保安林"}},
{"type":"Feature","geometry":{"type":"Polygon","coordinates":[[[140.04328,37.6081],[140.04454,37.60982],[140.04472,37.611],[140.04169,37.6118],[140.04094,37.61138],[140.04125,37.60914],[140.04328,37.6081]]]},"properties":{"hoanrinKind":"保安林"}},
{"type":"Feature","geometry":{"type":"Polygon","coordinates":[[[139.51714,37.28876],[139.51609,37.28829],[139.51452,37.28552],[139.51614,37.28498],[139.51865,37.28715],[139.51875,37.28826],[139.51714,37.28876]]]},"properties":{"hoanrinKind":"保安林"}},
{"type":"Feature","geometry":{"type":"Polygon","coordinates":[[[139.82833,37.61661],[139.82609,37.61647],[139.82347,37.61679],[139.82379,37.61539],[139.82769,37.61464],[139.82833,37.61661]]]},"properties":{"hoanrinKind":"保安林"}},
{"type":"Feature","geometry":{"type":"Polygon","coordinates":[[[140.80823,37.49831],[140.80605,37.4987],[140.80582,37.5],[140.80396,37.50021],[140.80484,37.49798],[140.81029,37.49648],[140.81111,37.49703],[140.80953,37.49819],[140.80823,37.49831]]]},"properties":{"hoanrinKind":"保安林"}},
{"type":"Feature","geometry":{"type":"Polygon","coordinates":[[[140.4625,36.802],[140.46454,36.8032],[140.46656,36.80508],[140.46575,36.80566],[140.46351,36.8054],[140.46231,36.8045],[140.4625,36.802]]]},"properties":{"hoanrinKind":"保安林"}},
{"type":"Feature","geometry":{"type":"Polygon","coordinates":[[[139.92517,37.35242],[139.92413,37.35478],[139.92284,37.3553],[139.92076,37.35431],[139.92263,37.35171],[139.92332,37.35232],[139.92517,37.35242]]]},"properties":{"hoanrinKind":"保安林"}},
{"type":"Feature","geometry":{"type":"Polygon","coordinates":[[[140.69379,37.00497],[140.69278,37.00609],[140.69173,37.00562],[140.69423,37.0039],[140.69661,37.00391],[140.69649,37.00543],[140.69379,37.00497]]]},"properties":{"hoanrinKind":"保安林"}},
{"type":"Feature","geometry":{"type":"Polygon","coordinates":[[[140.57109,37.13354],[140.57048,37.13452],[140.56612,37.13521],[140.56517,37.1344],[140.56587,37.13323],[140.56771,37.1327],[140.57109,37.13354]]]},"properties":{"hoanrinKind":"保安林"}},
{"type":"Feature","geometry":{"type":"Polygon","coordinates":[[[140.8,37.48321],[140.80049,37.4841],[140.80082,37.48791],[140.79947,37.48845],[140.79829,37.48522],[140.79879,37.48383],[140.8,37.48321]]]},"properties":{"hoanrinKind":"保安林"}},
{"type":"Feature","geometry":{"type":"Polygon","coordinates":[[[139.80725,37.16898],[139.80785,37.17004],[139.80645,37.17244],[139.80509,37.17238],[139.80358,37.16982],[139.80725,37.16898]]]},"properties":{"hoanrinKind":"保安林"}},
{"type":"Feature","geometry":{"type":"Polygon","coordinates":[[[139.64463,37.4838],[139.64576,37.48241],[139.6441,37.48095],[139.64628,37.47864],[139.64786,37.47942],[139.64652,37.48108],[139.64731,37.48242],[139.64635,37.48383],[139.64463,37.4838]]]},"properties":{"hoanrinKind":"保安林"}},
{"type":"Feature","geometry":{"type":"Polygon","coordinates":[[[140.73394,37.21058],[140.73269,37.21007],[140.7312,37.21039],[140.72929,37.20851],[140.73049,37.20731],[140.7334,37.20842],[140.73394,37.21058]]]},"properties":{"hoanrinKind":"保安林"}},
{"type":"Feature","geometry":{"type":"Polygon","coordinates":[[[140.84234,37.12566],[140.83985,37.1253],[140.83855,37.12576],[140.83751,37.12486],[140.83936,37.12311],[140.84104,37.12293],[140.8422,37.12375],[140.84234,37.12566]]]},"properties":{"hoanrinKind":"保安林"}},
{"type":"Feature","geometry":{"type":"Polygon","coordinates":[[[140.4849,36.90707],[140.48413,36.90862],[140.48277,36.90977],[140.48171,36.90834],[140.4826,36.90695],[140.48475,36.90522],[140.48691,36.90626],[140.4849,36.90707]]]},"properties":{"hoanrinKind":"保安林"}},
{"type":"Feature","geometry":{"type":"Polygon","coordinates":[[[140.43056,36.8626],[140.43007,36.86152],[140.43175,36.86041],[140.43537,36.85913],[140.43634,36.85957],[140.43259,36.86259],[140.43155,36.86184],[140.43056,36.8626]]]},"properties":{"hoanrinKind":"保安林"}},
{"type":"Feature","geometry":{"type":"Polygon","coordinates":[[[140.35877,36.88679],[140.35755,36.88789],[140.35495,36.88616],[140.35506,36.88486],[140.35896,36.88566],[140.35877,36.88679]]]},"properties":{"hoanrinKind":"保安林"}},
{"type":"Feature","geometry":{"type":"Polygon","coordinates":[[[139.65826,37.52258],[139.65993,37.52269],[139.66038,37.52384],[139.65785,37.52514],[139.65522,37.5246],[139.65523,37.52266],[139.65687,37.52226],[139.65826,37.52258]]]},"properties":{"hoanrinKind":"保安林"}},
{"type":"Feature","geometry":{"type":"Polygon","coordinates":[[[140.25693,37.48905],[140.25696,37.4901],[140.25422,37.49217],[140.25377,37.48829],[140.25649,37.48776],[140.25693,37.48905]]]},"properties":{"hoanrinKind":"保安林"}},
{"type":"Feature","geometry":{"type":"Polygon","coordinates":[[[140.52536,37.04209],[140.52414,37.0422],[140.52288,37.04061],[140.52507,37.04011],[140.52668,37.03915],[140.52858,37.03994],[140.52702,37.04171],[140.52536,37.04209]]]},"properties":{"hoanrinKind":"保安林"}},
{"type":"Feature","geometry":{"type":"Polygon","coordinates":[[[139.51494,37.43731],[139.51617,37.4387],[139.51571,37.4398],[139.51281,37.44068],[139.51056,37.44213],[139.51019,37.44118],[139.51266,37.43999],[139.51428,37.43728],[139.51494,37.43731]]]},"properties":{"hoanrinKind":"保安林"}},
{"type":"Feature","geometry":{"type":"Polygon","coordinates":[[[140.64483,37.0327],[140.64073,37.03236],[140.63832,37.02934],[140.64026,37.02937],[140.64218,37.03025],[140.64483,37.0327]]]},"properties":{"hoanrinKind":"保安林"}},
{"type":"Feature","geometry":{"type":"Polygon","coordinates":[[[139.61538,37.57818],[139.61585,37.57976],[139.61297,37.57871],[139.61283,37.578],[139.60949,37.57741],[139.61087,37.5761],[139.61248,37.57655],[139.61538,37.57818]]]},"properties":{"hoanrinKind":"保安林"}},
{"type":"Feature","geometry":{"type":"Polygon","coordinates":[[[140.97354,37.1506],[140.97475,37.15145],[140.97433,37.15598],[140.97258,37.15585],[140.97259,37.15228],[140.97198,37.15136],[140.97354,37.1506]]]},"properties":{"hoanrinKind":"保安林"}},
{"type":"Feature","geometry":{"type":"Polygon","coordinates":[[[140.92533,37.18171],[140.92762,37.18243],[140.92635,37.18346],[140.92339,37.18342],[140.92123,37.18297],[140.92082,37.18194],[140.92196,37.18141],[140.92533,37.18171]]]},"properties":{"hoanrinKind":"保安林"}},
{"type":"Feature","geometry":{"type":"Polygon","coordinates":[[[139.92107,37.32206],[139.92268,37.32311],[139.92237,37.32436],[139.92071,37.32554],[139.91821,37.32519],[139.91912,37.32312],[139.92107,37.32206]]]},"properties":{"hoanrinKind":"保安林"}},
{"type":"Feature","geometry":{"type":"Polygon","coordinates":[[[139.78959,37.66809],[139.78764,37.66844],[139.78566,37.66732],[139.78644,37.66628],[139.78936,37.66614],[139.79157,37.66519],[139.79211,37.66659],[139.78961,37.6673],[139.78959,37.66809]]]},"properties":{"hoanrinKind":"保安林"}},
{"type":"Feature","geometry":{"type":"Polygon","coordinates":[[[140.83845,37.32401],[140.83975,37.32565],[140.83981,37.3277],[140.83916,37.32867],[140.83685,37.32786],[140.83726,37.32393],[140.83845,37.32401]]]},"properties":{"hoanrinKind":"保安林"}},
{"type":"Feature","geometry":{"type":"Polygon","coordinates":[[[139.98278,37.39635],[139.98205,37.39758],[139.98048,37.39847],[139.97676,37.39946],[139.97477,37.39961],[139.9752,37.39818],[139.9788,37.39785],[139.98278,37.39635]]]},"properties":{"hoanrinKind":"保安林"}},
{"type":"Feature","geometry":{"type":"Polygon","coordinates":[[[140.20671,37.48703],[140.20589,37.48831],[140.20369,37.48886],[140.20236,37.48651],[140.20458,37.48643],[140.20639,37.48457],[140.2073,37.48501],[140.20671,37.48703]]]},"properties":{"hoanrinKind":"保安林"}},
{"type":"Feature","geometry":{"type":"Polygon","coordinates":[[[140.71539,37.60234],[140.71374,37.60528],[140.71146,37.60567],[140.70915,37.60548],[140.70854,37.60488],[140.71539,37.60234]]]},"properties":{"hoanrinKind":"保安林"}},
{"type":"Feature","geometry":{"type":"Polygon","coordinates":[[[139.5055,37.15497],[139.50298,37.1556],[139.50069,37.15491],[139.49774,37.15312],[139.49927,37.15205],[139.50049,37.15245],[139.5026,37.15442],[139.50508,37.15399],[139.5055,37.15497]]]},"properties":{"hoanrinKind":"保安林"}},
{"type":"Feature","geometry":{"type":"Polygon","coordinates":[[[139.72472,37.66725],[139.72594,37.6681],[139.72597,37.66903],[139.72353,37.6705],[139.72014,37.67315],[139.7198,37.67214],[139.72285,37.66982],[139.72339,37.6676],[139.72472,37.66725]]]},"properties":{"hoanrinKind":"保安林"}},
{"type":"Feature","geometry":{"type":"Polygon","coordinates":[[[139.70233,37.66607],[139.70286,37.66638],[139.70183,37.66877],[139.69971,37.6684],[139.699,37.66776],[139.69993,37.66604],[139.70012,37.66334],[139.70111,37.66345],[139.70117,37.66538],[139.70233,37.66607]]]},"properties":{"hoanrinKind":"保安林"}},
{"type":"Feature","geometry":{"type":"Polygon","coordinates":[[[140.14103,37.66237],[140.13992,37.66185],[140.13791,37.6618],[140.1367,37.66015],[140.13745,37.6593],[140.14077,37.66075],[140.14103,37.66237]]]},"properties":{"hoanrinKind":"保安林"}},
{"type":"Feature","geometry":{"type":"Polygon","coordinates":[[[139.4554,37.39915],[139.45643,37.4],[139.4547,37.40137],[139.45388,37.40291],[139.45291,37.40296],[139.45184,37.39883],[139.4554,37.39915]]]},"properties":{"hoanrinKind":"保安林"}},
{"type":"Feature","geometry":{"type":"Polygon","coordinates":[[[140.93184,37.17667],[140.93064,37.17708],[140.92865,37.17654],[140.92711,37.17674],[140.92598,37.17525],[140.92828,37.1749],[140.93105,37.17524],[140.93259,37.17407],[140.93324,37.1749],[140.93184,37.17667]]]},"properties":{"hoanrinKind":"保安林"}},
{"type":"Feature","geometry":{"type":"Polygon","coordinates":[[[139.70448,37.70675],[139.7048,37.70791],[139.7018,37.70905],[139.69866,37.70991],[139.69693,37.70938],[139.69959,37.70784],[139.70335,37.70677],[139.70448,37.70675]]]},"properties":{"hoanrinKind":"保安林"}},
{"type":"Feature","geometry":{"type":"Polygon","coordinates":[[[139.38359,37.28687],[139.38533,37.28847],[139.38135,37.28983],[139.37954,37.29007],[139.38108,37.28725],[139.3829,37.28646],[139.38359,37.28687]]]},"properties":{"hoanrinKind":"保安林"}},
{"type":"Feature","geometry":{"type":"Polygon","coordinates":[[[139.51252,37.03734],[139.51441,37.0387],[139.5136,37.0404],[139.51171,37.04049],[139.50937,37.03859],[139.50979,37.03806],[139.51252,37.03734]]]},"properties":{"hoanrinKind":"保安林"}},
{"type":"Feature","geometry":{"type":"Polygon","coordinates":[[[140.28256,37.02729],[140.28331,37.02531],[140.2852,37.02521],[140.28876,37.02557],[140.2911,37.02617],[140.28924,37.0271],[140.28406,37.02642],[140.28256,37.02729]]]},"properties":{"hoanrinKind":"保安林"}},
{"type":"Feature","geometry":{"type":"Polygon","coordinates":[[[140.77525,37.75755],[140.77376,37.75751],[140.77021,37.75524],[140.77314,37.7538],[140.77481,37.75499],[140.77525,37.75755]]]},"properties":{"hoanrinKind":"保安林"}},
{"type":"Feature","geometry":{"type":"Polygon","coordinates":[[[140.58308,37.07919],[140.58408,37.07998],[140.58411,37.08326],[140.58297,37.08417],[140.58169,37.08385],[140.5813,37.08235],[140.58144,37.08042],[140.58308,37.07919]]]},"properties":{"hoanrinKind":"保安林"}},
{"type":"Feature","geometry":{"type":"Polygon","coordinates":[[[139.72937,37.66673],[139.72936,37.66836],[139.73012,37.66976],[139.72783,37.67049],[139.72822,37.67176],[139.72615,37.67143],[139.72513,37.67037],[139.72783,37.66972],[139.72752,37.66639],[139.72937,37.66673]]]},"properties":{"hoanrinKind":"保安林"}},
{"type":"Feature","geometry":{"type":"Polygon","coordinates":[[[140.73449,37.39566],[140.73482,37.39679],[140.73341,37.39848],[140.73192,37.40091],[140.73032,37.40031],[140.73114,37.39942],[140.73147,37.39666],[140.73209,37.3959],[140.73449,37.39566]]]},"properties":{"hoanrinKind":"保安林"}},
{"type":"Feature","geometry":{"type":"Polygon","coordinates":[[[139.50366,37.14561],[139.50469,37.14631],[139.50512,37.14789],[139.504,37.15078],[139.50281,37.1507],[139.50239,37.1485],[139.50172,37.14748],[139.50366,37.14561]]]},"properties":{"hoanrinKind":"保安林"}},
{"type":"Feature","geometry":{"type":"Polygon","coordinates":[[[140.68005,37.38123],[140.68034,37.38144],[140.67953,37.3854],[140.67762,37.38541],[140.67733,37.38352],[140.67664,37.38249],[140.67816,37.38131],[140.68005,37.38123]]]},"properties":{"hoanrinKind":"保安林"}},
{"type":"Feature","geometry":{"type":"Polygon","coordinates":[[[140.97858,37.31972],[140.97535,37.32021],[140.97412,37.31937],[140.97436,37.31718],[140.97609,37.31688],[140.97838,37.31879],[140.97858,37.31972]]]},"properties":{"hoanrinKind":"保安林"}},
{"type":"Feature","geometry":{"type":"Polygon","coordinates":[[[140.90663,37.6671],[140.90728,37.66814],[140.90605,37.66932],[140.90311,37.66822],[140.90322,37.66723],[140.90477,37.66566],[140.9079,37.66615],[140.90663,37.6671]]]},"properties":{"hoanrinKind":"保安林"}},
{"type":"Feature","geometry":{"type":"Polygon","coordinates":[[[139.77724,37.32457],[139.77977,37.32569],[139.78249,37.32809],[139.78298,37.32926],[139.77983,37.32917],[139.77724,37.32457]]]},"properties":{"hoanrinKind":"保安林"}},
{"type":"Feature","geometry":{"type":"Polygon","coordinates":[[[139.77963,37.15991],[139.78134,37.15852],[139.78329,37.15908],[139.78865,37.15948],[139.78904,37.16082],[139.78298,37.15971],[139.77963,37.15991]]]},"properties":{"hoanrinKind":"保安林"}},
{"type":"Feature","geometry":{"type":"Polygon","coordinates":[[[140.71334,36.91301],[140.71074,36.91291],[140.71029,36.91047],[140.71221,36.90957],[140.71542,36.91146],[140.71334,36.91301]]]},"properties":{"hoanrinKind":"保安林"}},
{"type":"Feature","geometry":{"type":"Polygon","coordinates":[[[140.80331,37.76251],[140.79883,37.76348],[140.79678,37.7614],[140.79857,37.75982],[140.80095,37.76101],[140.80165,37.76195],[140.80331,37.76251]]]},"properties":{"hoanrinKind":"保安林"}},
{"type":"Feature","geometry":{"type":"Polygon","coordinates":[[[140.9047,37.54994],[140.90197,37.54945],[140.90353,37.54797],[140.90731,37.54711],[140.90895,37.5471],[140.9091,37.54839],[140.90778,37.54845],[140.9047,37.54994]]]},"properties":{"hoanrinKind":"保安林"}},
{"type":"Feature","geometry":{"type":"Polygon","coordinates":[[[140.11349,37.52877],[140.11537,37.52527],[140.1159,37.52339],[140.11551,37.51899],[140.11729,37.51876],[140.11707,37.52191],[140.11748,37.52239],[140.11601,37.52491],[140.11598,37.52696],[140.11461,37.52856],[140.11349,37.52877]]]},"properties":{"hoanrinKind":"保安林"}},
{"type":"Feature","geometry":{"type":"Polygon","coordinates":[[[139.38388,37.271],[139.38279,37.27131],[139.37992,37.27073],[139.37886,37.26963],[139.37995,37.26911],[139.38338,37.26933],[139.38506,37.26885],[139.38603,37.26987],[139.38388,37.271]]]},"properties":{"hoanrinKind":"保安林"}},
{"type":"Feature","geometry":{"type":"Polygon","coordinates":[[[140.66706,36.92164],[140.66005,36.9227],[140.66113,36.92172],[140.66505,36.92041],[140.66799,36.92057],[140.66706,36.92164]]]},"properties":{"hoanrinKind":"保安林"}},
{"type":"Feature","geometry":{"type":"Polygon","coordinates":[[[140.02764,37.58979],[140.0269,37.59218],[140.02576,37.59436],[140.02396,37.59498],[140.02396,37.59306],[140.02478,37.59076],[140.02764,37.58979]]]},"properties":{"hoanrinKind":"保安林"}},
{"type":"Feature","geometry":{"type":"Polygon","coordinates":[[[140.77708,37.08884],[140.77777,37.09196],[140.77552,37.09355],[140.77456,37.09317],[140.77441,37.09111],[140.77525,37.08966],[140.77708,37.08884]]]},"properties":{"hoanrinKind":"保安林"}},
{"type":"Feature","geometry":{"type":"Polygon","coordinates":[[[140.79926,37.08486],[140.8011,37.08594],[140.80093,37.08716],[140.79721,37.08819],[140.79642,37.0868],[140.79716,37.0846],[140.79926,37.08486]]]},"properties":{"hoanrinKind":"保安林"}},
{"type":"Feature","geometry":{"type":"Polygon","coordinates":[[[139.5466,37.48101],[139.54989,37.48162],[139.54987,37.48262],[139.54847,37.48318],[139.54405,37.48297],[139.54366,37.48165],[139.54486,37.48104],[139.5466,37.48101]]]},"properties":{"hoanrinKind":"保安林"}},
{"type":"Feature","geometry":{"type":"Polygon","coordinates":[[[140.71966,36.90205],[140.71942,36.90367],[140.7157,36.90493],[140.7173,36.90263],[140.71966,36.90205]]]},"properties":{"hoanrinKind":"保安林"}},
{"type":"Feature","geometry":{"type":"Polygon","coordinates":[[[140.79849,36.96299],[140.79827,36.96407],[140.79687,36.96391],[140.79821,36.96128],[140.80086,36.95989],[140.80249,36.96248],[140.80107,36.96373],[140.79849,36.96299]]]},"properties":{"hoanrinKind":"保安林"}},
{"type":"Feature","geometry":{"type":"Polygon","coordinates":[[[140.59159,37.80631],[140.59013,37.80673],[140.58981,37.80521],[140.5908,37.80429],[140.59321,37.80439],[140.59484,37.80582],[140.59396,37.80757],[140.59159,37.80631]]]},"properties":{"hoanrinKind":"保安林"}},
{"type":"Feature","geometry":{"type":"Polygon","coordinates":[[[140.32716,37.05054],[140.32803,37.05114],[140.32896,37.05428],[140.32773,37.05397],[140.32641,37.05209],[140.32552,37.05158],[140.32419,37.04943],[140.3254,37.0489],[140.32771,37.04964],[140.32716,37.05054]]]},"properties":{"hoanrinKind":"保安林"}},
{"type":"Feature","geometry":{"type":"Polygon","coordinates":[[[140.44767,36.87962],[140.4463,36.88091],[140.44419,36.88069],[140.44436,36.87924],[140.44196,36.87913],[140.44261,36.87797],[140.44561,36.87753],[140.44769,36.8788],[140.44767,36.87962]]]},"properties":{"hoanrinKind":"保安林"}},
{"type":"Feature","geometry":{"type":"Polygon","coordinates":[[[140.59218,37.7094],[140.58991,37.70933],[140.58883,37.70843],[140.58922,37.70614],[140.59339,37.7062],[140.59218,37.7094]]]},"properties":{"hoanrinKind":"保安林"}},
{"type":"Feature","geometry":{"type":"Polygon","coordinates":[[[140.38094,36.8974],[140.37882,36.89765],[140.37839,36.89677],[140.38029,36.89622],[140.38266,36.89371],[140.38379,36.8933],[140.38608,36.89358],[140.38141,36.89753],[140.38094,36.8974]]]},"properties":{"hoanrinKind":"保安林"}},
{"type":"Feature","geometry":{"type":"Polygon","coordinates":[[[139.79466,37.55767],[139.79176,37.55832],[139.79161,37.55718],[139.78917,37.55746],[139.78835,37.55655],[139.79095,37.55556],[139.79531,37.55717],[139.79466,37.55767]]]},"properties":{"hoanrinKind":"保安林"}},
{"type":"Feature","geometry":{"type":"Polygon","coordinates":[[[140.64647,37.02539],[140.64923,37.02552],[140.65078,37.02608],[140.64886,37.02734],[140.64819,37.02887],[140.64705,37.02856],[140.64514,37.0271],[140.64473,37.02588],[140.64647,37.02539]]]},"properties":{"hoanrinKind":"保安林"}},
{"type":"Feature","geometry":{"type":"Polygon","coordinates":[[[140.43262,37.93776],[140.43331,37.9394],[140.43095,37.9407],[140.4299,37.94062],[140.42911,37.93757],[140.42994,37.93594],[140.43262,37.93776]]]},"properties":{"hoanrinKind":"保安林"}},
{"type":"Feature","geometry":{"type":"Polygon","coordinates":[[[140.52366,37.80256],[140.5217,37.80327],[140.51959,37.8012],[140.52073,37.7985],[140.52304,37.80119],[140.52366,37.80256]]]},"properties":{"hoanrinKind":"保安林"}},
{"type":"Feature","geometry":{"type":"Polygon","coordinates":[[[139.8253,37.74237],[139.82699,37.74399],[139.82517,37.74595],[139.82596,37.74797],[139.82509,37.74883],[139.82358,37.74873],[139.82266,37.74786],[139.82467,37.7449],[139.8253,37.74237]]]},"properties":{"hoanrinKind":"保安林"}},
{"type":"Feature","geometry":{"type":"Polygon","coordinates":[[[140.66988,37.36834],[140.66856,37.36885],[140.66703,37.37045],[140.66602,37.37059],[140.66383,37.36915],[140.66453,37.36757],[140.66676,37.36759],[140.66769,37.36711],[140.66988,37.36834]]]},"properties":{"hoanrinKind":"保安林"}},
{"type":"Feature","geometry":{"type":"Polygon","coordinates":[[[140.72592,36.93456],[140.72792,36.93492],[140.72993,36.93645],[140.73008,36.93808],[140.72413,36.93604],[140.72479,36.93461],[140.72592,36.93456]]]},"properties":{"hoanrinKind":"保安林"}},
{"type":"Feature","geometry":{"type":"Polygon","coordinates":[[[140.764,37.03038],[140.76477,37.03158],[140.76435,37.03255],[140.7648,37.03417],[140.76255,37.0345],[140.76127,37.034],[140.76106,37.03227],[140.76185,37.03106],[140.764,37.03038]]]},"properties":{"hoanrinKind":"保安林"}},
{"type":"Feature","geometry":{"type":"Polygon","coordinates":[[[139.98713,37.27951],[139.98663,37.2788],[139.98762,37.27704],[139.98751,37.27462],[139.98832,37.27278],[139.98984,37.27235],[139.98849,37.27546],[139.98913,37.27671],[139.98836,37.27953],[139.98713,37.27951]]]},"properties":{"hoanrinKind":"保安林"}},
{"type":"Feature","geometry":{"type":"Polygon","coordinates":[[[139.8092,37.15227],[139.80805,37.15216],[139.8103,37.14951],[139.81289,37.14413],[139.81467,37.14292],[139.81255,37.14831],[139.81053,37.15025],[139.8092,37.15227]]]},"properties":{"hoanrinKind":"保安林"}},
{"type":"Feature","geometry":{"type":"Polygon","coordinates":[[[140.91163,37.4179],[140.91166,37.41975],[140.91044,37.41957],[140.90805,37.41762],[140.90831,37.41666],[140.91095,37.41426],[140.91238,37.41507],[140.91091,37.41592],[140.91041,37.41765],[140.91163,37.4179]]]},"properties":{"hoanrinKind":"保安林"}},
{"type":"Feature","geometry":{"type":"Polygon","coordinates":[[[140.14875,37.28025],[140.14826,37.28101],[140.14886,37.28232],[140.14696,37.28237],[140.14592,37.28112],[140.14558,37.27962],[140.14589,37.27808],[140.14825,37.27854],[140.14875,37.28025]]]},"properties":{"hoanrinKind":"保安林"}},
{"type":"Feature","geometry":{"type":"Polygon","coordinates":[[[139.69132,37.49973],[139.69023,37.50102],[139.68798,37.50055],[139.68768,37.49967],[139.68952,37.49743],[139.692,37.49711],[139.69243,37.49983],[139.69132,37.49973]]]},"properties":{"hoanrinKind":"保安林"}},
{"type":"Feature","geometry":{"type":"Polygon","coordinates":[[[140.95769,37.31429],[140.95889,37.31463],[140.95897,37.31774],[140.95657,37.31743],[140.95631,37.31603],[140.957,37.31487],[140.95409,37.31384],[140.9555,37.31278],[140.95769,37.31429]]]},"properties":{"hoanrinKind":"保安林"}},
{"type":"Feature","geometry":{"type":"Polygon","coordinates":[[[140.83409,37.30177],[140.83358,37.30239],[140.82948,37.30388],[140.82799,37.30343],[140.82697,37.30218],[140.82677,37.30098],[140.83095,37.30125],[140.83195,37.30173],[140.83409,37.30177]]]},"properties":{"hoanrinKind":"保安林"}},
{"type":"Feature","geometry":{"type":"Polygon","coordinates":[[[140.70944,36.91753],[140.70811,36.91811],[140.70782,36.91954],[140.70686,36.91958],[140.70647,36.91806],[140.70752,36.91609],[140.7087,36.91521],[140.71072,36.91648],[140.71267,36.91701],[140.71173,36.91825],[140.70944,36.91753]]]},"properties":{"hoanrinKind":"保安林"}},
{"type":"Feature","geometry":{"type":"Polygon","coordinates":[[[140.78425,37.79051],[140.78572,37.79119],[140.78615,37.79383],[140.78483,37.79496],[140.78355,37.79487],[140.78201,37.79315],[140.78245,37.79165],[140.78425,37.79051]]]},"properties":{"hoanrinKind":"保安林"}},
{"type":"Feature","geometry":{"type":"Polygon","coordinates":[[[140.611,37.72515],[140.61045,37.72657],[140.60864,37.72724],[140.60784,37.72652],[140.61035,37.72556],[140.60864,37.72497],[140.60912,37.723],[140.60834,37.7222],[140.61003,37.72096],[140.61155,37.72288],[140.611,37.72515]]]},"properties":{"hoanrinKind":"保安林"}},
{"type":"Feature","geometry":{"type":"Polygon","coordinates":[[[140.23608,37.65148],[140.2364,37.65304],[140.23824,37.65628],[140.23738,37.65698],[140.23455,37.65462],[140.23307,37.65217],[140.23608,37.65148]]]},"properties":{"hoanrinKind":"保安林"}},
{"type":"Feature","geometry":{"type":"Polygon","coordinates":[[[139.76953,37.42807],[139.76911,37.42905],[139.77082,37.42993],[139.77022,37.43078],[139.7671,37.43061],[139.76704,37.4299],[139.76875,37.42617],[139.77139,37.4268],[139.77141,37.42824],[139.76953,37.42807]]]},"properties":{"hoanrinKind":"保安林"}},
{"type":"Feature","geometry":{"type":"Polygon","coordinates":[[[140.24486,37.07604],[140.24526,37.07746],[140.2421,37.07946],[140.24211,37.07809],[140.2406,37.07735],[140.24301,37.0738],[140.24398,37.07405],[140.24486,37.07604]]]},"properties":{"hoanrinKind":"保安林"}},
{"type":"Feature","geometry":{"type":"Polygon","coordinates":[[[140.64366,37.81667],[140.64147,37.81666],[140.6417,37.81546],[140.64052,37.81489],[140.64152,37.81233],[140.64452,37.81387],[140.64509,37.81477],[140.64366,37.81667]]]},"properties":{"hoanrinKind":"保安林"}},
{"type":"Feature","geometry":{"type":"Polygon","coordinates":[[[140.33054,37.65489],[140.32806,37.65556],[140.32638,37.65534],[140.32569,37.65419],[140.32642,37.65327],[140.32982,37.65278],[140.33174,37.65357],[140.3324,37.65475],[140.33054,37.65489]]]},"properties":{"hoanrinKind":"保安林"}},
{"type":"Feature","geometry":{"type":"Polygon","coordinates":[[[140.56456,37.37168],[140.5647,37.37271],[140.56339,37.37439],[140.56171,37.37321],[140.55869,37.37229],[140.55901,37.37113],[140.56009,37.37043],[140.56131,37.37101],[140.56342,37.37087],[140.56456,37.37168]]]},"properties":{"hoanrinKind":"保安林"}},
{"type":"Feature","geometry":{"type":"Polygon","coordinates":[[[140.87026,37.5642],[140.8688,37.56743],[140.86727,37.5675],[140.86592,37.56556],[140.86619,37.56437],[140.86733,37.56312],[140.87026,37.5642]]]},"properties":{"hoanrinKind":"保安林"}},
{"type":"Feature","geometry":{"type":"Polygon","coordinates":[[[139.69316,37.17834],[139.69455,37.17936],[139.69161,37.18157],[139.69039,37.18135],[139.68858,37.17986],[139.68876,37.17913],[139.69072,37.17837],[139.69316,37.17834]]]},"properties":{"hoanrinKind":"保安林"}},
{"type":"Feature","geometry":{"type":"Polygon","coordinates":[[[140.83631,37.28873],[140.83799,37.28925],[140.83558,37.29096],[140.83219,37.29146],[140.83059,37.29052],[140.83223,37.28918],[140.83631,37.28873]]]},"properties":{"hoanrinKind":"保安林"}},
{"type":"Feature","geometry":{"type":"Polygon","coordinates":[[[140.09035,37.58857],[140.08827,37.58952],[140.08595,37.59111],[140.08399,37.59113],[140.08462,37.58906],[140.08452,37.58759],[140.08549,37.58741],[140.09035,37.58857]]]},"properties":{"hoanrinKind":"保安林"}},
{"type":"Feature","geometry":{"type":"Polygon","coordinates":[[[140.18069,37.26341],[140.17996,37.26207],[140.18244,37.26156],[140.18648,37.26014],[140.18907,37.26014],[140.18948,37.26098],[140.18546,37.26191],[140.18222,37.26314],[140.18069,37.26341]]]},"properties":{"hoanrinKind":"保安林"}},
{"type":"Feature","geometry":{"type":"Polygon","coordinates":[[[140.6521,37.71836],[140.65097,37.7182],[140.64986,37.71663],[140.65166,37.71587],[140.6522,37.71451],[140.65383,37.71418],[140.65493,37.71602],[140.65306,37.71829],[140.6521,37.71836]]]},"properties":{"hoanrinKind":"保安林"}},
{"type":"Feature","geometry":{"type":"Polygon","coordinates":[[[139.80493,37.48514],[139.80636,37.48637],[139.80856,37.48718],[139.80855,37.48929],[139.80372,37.48738],[139.8037,37.48673],[139.80211,37.48465],[139.80493,37.48514]]]},"properties":{"hoanrinKind":"保安林"}},
{"type":"Feature","geometry":{"type":"Polygon","coordinates":[[[140.94856,37.39054],[140.94776,37.39181],[140.94595,37.39217],[140.94564,37.38924],[140.94658,37.38881],[140.95152,37.38914],[140.95125,37.38999],[140.95224,37.39101],[140.95013,37.39134],[140.94856,37.39054]]]},"properties":{"hoanrinKind":"保安林"}},
{"type":"Feature","geometry":{"type":"Polygon","coordinates":[[[140.90602,37.64815],[140.90567,37.65246],[140.90463,37.6533],[140.90451,37.6483],[140.90577,37.64537],[140.90826,37.6451],[140.90774,37.64811],[140.90602,37.64815]]]},"properties":{"hoanrinKind":"保安林"}},
{"type":"Feature","geometry":{"type":"Polygon","coordinates":[[[140.94444,37.30881],[140.94153,37.30884],[140.94033,37.30953],[140.93814,37.3086],[140.93592,37.30679],[140.9348,37.30477],[140.93652,37.30453],[140.9366,37.30607],[140.94033,37.30789],[140.94444,37.30881]]]},"properties":{"hoanrinKind":"保安林"}},
{"type":"Feature","geometry":{"type":"Polygon","coordinates":[[[140.78588,37.07304],[140.78709,37.07135],[140.7913,37.06925],[140.79166,37.07087],[140.79048,37.07181],[140.79006,37.07352],[140.78826,37.07273],[140.78694,37.07339],[140.78588,37.07304]]]},"properties":{"hoanrinKind":"保安林"}},
{"type":"Feature","geometry":{"type":"Polygon","coordinates":[[[140.40046,36.96577],[140.39907,36.967],[140.39826,36.96646],[140.3995,36.96323],[140.40167,36.96203],[140.4033,36.959],[140.40317,36.96232],[140.40252,36.96374],[140.40046,36.96577]]]},"properties":{"hoanrinKind":"保安林"}},
{"type":"Feature","geometry":{"type":"Polygon","coordinates":[[[140.11547,37.62958],[140.11501,37.63048],[140.11281,37.6295],[140.10957,37.62903],[140.11032,37.62749],[140.11274,37.62764],[140.11564,37.6264],[140.11515,37.62828],[140.11547,37.62958]]]},"properties":{"hoanrinKind":"保安林"}},
{"type":"Feature","geometry":{"type":"Polygon","coordinates":[[[140.83256,37.69903],[140.83051,37.70092],[140.82699,37.70004],[140.82571,37.69861],[140.82825,37.69831],[140.83059,37.69853],[140.8327,37.69723],[140.83256,37.69903]]]},"properties":{"hoanrinKind":"保安林"}},
{"type":"Feature","geometry":{"type":"Polygon","coordinates":[[[140.40622,37.00587],[140.40643,37.00706],[140.40295,37.00768],[140.40161,37.0062],[140.39921,37.00443],[140.4002,37.00393],[140.40224,37.00404],[140.40318,37.00584],[140.40533,37.00447],[140.40622,37.00587]]]},"properties":{"hoanrinKind":"保安林"}},
{"type":"Feature","geometry":{"type":"Polygon","coordinates":[[[140.7474,37.72959],[140.74876,37.73328],[140.74812,37.73561],[140.74723,37.73548],[140.74602,37.73271],[140.74379,37.73151],[140.7474,37.72959]]]},"properties":{"hoanrinKind":"保安林"}},
{"type":"Feature","geometry":{"type":"Polygon","coordinates":[[[140.65347,37.67039],[140.6541,37.66886],[140.65716,37.66656],[140.65871,37.66736],[140.65889,37.66829],[140.65731,37.66965],[140.65541,37.66965],[140.65347,37.67039]]]},"properties":{"hoanrinKind":"保安林"}},
{"type":"Feature","geometry":{"type":"Polygon","coordinates":[[[139.80775,37.3411],[139.80959,37.34295],[139.80774,37.34472],[139.80763,37.34583],[139.80868,37.34744],[139.80807,37.34842],[139.80602,37.34578],[139.80578,37.34352],[139.80621,37.34227],[139.80775,37.3411]]]},"properties":{"hoanrinKind":"保安林"}},
{"type":"Feature","geometry":{"type":"Polygon","coordinates":[[[139.33156,37.31784],[139.33283,37.31961],[139.33079,37.32064],[139.32607,37.31846],[139.32675,37.31738],[139.32818,37.31688],[139.33063,37.31674],[139.33156,37.31784]]]},"properties":{"hoanrinKind":"保安林"}},
{"type":"Feature","geometry":{"type":"Polygon","coordinates":[[[141.00066,37.4793],[141.00066,37.48086],[140.99969,37.48117],[140.99845,37.48016],[140.99745,37.4782],[140.99584,37.47654],[141.00074,37.47656],[141.00066,37.4793]]]},"properties":{"hoanrinKind":"保安林"}},
{"type":"Feature","geometry":{"type":"Polygon","coordinates":[[[139.46725,37.33521],[139.46667,37.33535],[139.46316,37.33285],[139.4663,37.33187],[139.46848,37.33189],[139.46941,37.33297],[139.46897,37.33523],[139.46725,37.33521]]]},"properties":{"hoanrinKind":"保安林"}},
{"type":"Feature","geometry":{"type":"Polygon","coordinates":[[[140.4025,37.82524],[140.40291,37.82663],[140.40164,37.82763],[140.40092,37.82516],[140.40304,37.8239],[140.40566,37.82445],[140.40747,37.82429],[140.40733,37.82667],[140.40305,37.8247],[140.4025,37.82524]]]},"properties":{"hoanrinKind":"保安林"}},
{"type":"Feature","geometry":{"type":"Polygon","coordinates":[[[139.70879,37.47358],[139.70939,37.47371],[139.70849,37.47701],[139.70837,37.47919],[139.70707,37.47829],[139.70466,37.4741],[139.70879,37.47358]]]},"properties":{"hoanrinKind":"保安林"}},
{"type":"Feature","geometry":{"type":"Polygon","coordinates":[[[140.6718,37.02134],[140.67273,37.02397],[140.6718,37.02406],[140.67016,37.0217],[140.66819,37.0207],[140.66815,37.01995],[140.67244,37.01836],[140.67147,37.02026],[140.6718,37.02134]]]},"properties":{"hoanrinKind":"保安林"}},
{"type":"Feature","geometry":{"type":"Polygon","coordinates":[[[140.97302,37.05788],[140.97261,37.05942],[140.97142,37.05988],[140.96898,37.0573],[140.97189,37.05632],[140.9719,37.05264],[140.97145,37.05145],[140.97265,37.05108],[140.97311,37.05289],[140.97331,37.05748],[140.97302,37.05788]]]},"properties":{"hoanrinKind":"保安林"}},
{"type":"Feature","geometry":{"type":"Polygon","coordinates":[[[140.15062,37.49427],[140.14965,37.4969],[140.14803,37.49742],[140.14691,37.49643],[140.14717,37.49397],[140.14871,37.49388],[140.14922,37.49229],[140.15233,37.49284],[140.15062,37.49427]]]},"properties":{"hoanrinKind":"保安林"}},
{"type":"Feature","geometry":{"type":"Polygon","coordinates":[[[140.89808,37.14191],[140.89736,37.14314],[140.89588,37.14236],[140.8958,37.141],[140.8984,37.14132],[140.89864,37.13969],[140.89779,37.13878],[140.89815,37.13748],[140.89922,37.13713],[140.90155,37.13806],[140.90078,37.1398],[140.8998,37.14007],[140.89893,37.14172],[140.89808,37.14191]]]},"properties":{"hoanrinKind":"保安林"}},
{"type":"Feature","geometry":{"type":"Polygon","coordinates":[[[140.35838,37.71003],[140.36052,37.71129],[140.36122,37.71319],[140.3646,37.716],[140.36376,37.71687],[140.36206,37.71625],[140.35859,37.71172],[140.35838,37.71003]]]},"properties":{"hoanrinKind":"保安林"}},
{"type":"Feature","geometry":{"type":"Polygon","coordinates":[[[139.53376,37.18581],[139.53534,37.1867],[139.53558,37.18809],[139.53367,37.19087],[139.53402,37.19181],[139.53149,37.19334],[139.53113,37.19235],[139.53376,37.18581]]]},"properties":{"hoanrinKind":"保安林"}},
{"type":"Feature","geometry":{"type":"Polygon","coordinates":[[[140.54383,37.5214],[140.54344,37.52251],[140.54108,37.52222],[140.54234,37.52026],[140.54633,37.52025],[140.5498,37.52074],[140.54834,37.52179],[140.54543,37.52102],[140.54625,37.52275],[140.54424,37.52254],[140.54383,37.5214]]]},"properties":{"hoanrinKind":"保安林"}},
{"type":"Feature","geometry":{"type":"Polygon","coordinates":[[[139.81455,37.72334],[139.81416,37.72231],[139.81666,37.72074],[139.81488,37.72047],[139.81425,37.71915],[139.81965,37.72069],[139.82104,37.72152],[139.81874,37.72289],[139.81657,37.72224],[139.81455,37.72334]]]},"properties":{"hoanrinKind":"保安林"}},
{"type":"Feature","geometry":{"type":"Polygon","coordinates":[[[140.67515,37.81489],[140.67138,37.81486],[140.66829,37.81266],[140.66958,37.8118],[140.67359,37.81168],[140.67515,37.81489]]]},"properties":{"hoanrinKind":"保安林"}},
{"type":"Feature","geometry":{"type":"Polygon","coordinates":[[[140.43064,36.87459],[140.42862,36.87508],[140.42657,36.87617],[140.42503,36.87582],[140.42535,36.87338],[140.42769,36.87291],[140.42762,36.87166],[140.43012,36.87146],[140.43064,36.87459]]]},"properties":{"hoanrinKind":"保安林"}},
{"type":"Feature","geometry":{"type":"Polygon","coordinates":[[[140.36708,37.59758],[140.36751,37.59993],[140.36732,37.60117],[140.36487,37.60128],[140.36388,37.5972],[140.36574,37.59634],[140.36871,37.59635],[140.36708,37.59758]]]},"properties":{"hoanrinKind":"保安林"}},
{"type":"Feature","geometry":{"type":"Polygon","coordinates":[[[139.88414,37.27055],[139.88215,37.27078],[139.87933,37.2705],[139.87827,37.27004],[139.88108,37.26823],[139.88336,37.26798],[139.88601,37.26844],[139.88414,37.27055]]]},"properties":{"hoanrinKind":"保安林"}},
{"type":"Feature","geometry":{"type":"Polygon","coordinates":[[[139.72375,37.12073],[139.7216,37.12154],[139.71938,37.12078],[139.72197,37.11959],[139.72409,37.11915],[139.72665,37.11745],[139.73192,37.1153],[139.73116,37.11646],[139.72803,37.11793],[139.72375,37.12073]]]},"properties":{"hoanrinKind":"保安林"}},
{"type":"Feature","geometry":{"type":"Polygon","coordinates":[[[140.39129,36.89191],[140.39317,36.8946],[140.39275,36.89638],[140.39156,36.89678],[140.3904,36.89616],[140.38925,36.89402],[140.38895,36.8915],[140.39108,36.89105],[140.39129,36.89191]]]},"properties":{"hoanrinKind":"保安林"}},
{"type":"Feature","geometry":{"type":"Polygon","coordinates":[[[139.76131,37.13487],[139.7637,37.13587],[139.76189,37.13895],[139.76115,37.13902],[139.75909,37.13775],[139.75833,37.13651],[139.75865,37.13528],[139.76131,37.13487]]]},"properties":{"hoanrinKind":"保安林"}},
{"type":"Feature","geometry":{"type":"Polygon","coordinates":[[[140.89127,37.65605],[140.88863,37.65717],[140.88666,37.65676],[140.88857,37.65386],[140.8907,37.65285],[140.89351,37.65554],[140.89127,37.65605]]]},"properties":{"hoanrinKind":"保安林"}},
{"type":"Feature","geometry":{"type":"Polygon","coordinates":[[[140.96549,37.11624],[140.96427,37.11692],[140.96354,37.11872],[140.96128,37.1217],[140.96084,37.12114],[140.96145,37.11939],[140.96124,37.11716],[140.96865,37.11458],[140.96899,37.11517],[140.96549,37.11624]]]},"properties":{"hoanrinKind":"保安林"}},
{"type":"Feature","geometry":{"type":"Polygon","coordinates":[[[140.95553,37.26961],[140.95614,37.27023],[140.95627,37.27374],[140.95506,37.27581],[140.95343,37.27479],[140.95268,37.27362],[140.95386,37.27043],[140.95553,37.26961]]]},"properties":{"hoanrinKind":"保安林"}},
{"type":"Feature","geometry":{"type":"Polygon","coordinates":[[[140.98449,37.16429],[140.98332,37.16421],[140.98064,37.16148],[140.98198,37.16076],[140.98646,37.16219],[140.98831,37.16239],[140.98647,37.16429],[140.98449,37.16429]]]},"properties":{"hoanrinKind":"保安林"}},
{"type":"Feature","geometry":{"type":"Polygon","coordinates":[[[140.43224,36.82956],[140.43308,36.83115],[140.43143,36.83383],[140.429,36.83433],[140.42826,36.83168],[140.43032,36.8298],[140.43224,36.82956]]]},"properties":{"hoanrinKind":"保安林"}},
{"type":"Feature","geometry":{"type":"Polygon","coordinates":[[[140.55137,37.90859],[140.54891,37.90961],[140.54695,37.90849],[140.54886,37.90539],[140.55056,37.90415],[140.55172,37.90719],[140.55137,37.90859]]]},"properties":{"hoanrinKind":"保安林"}},
{"type":"Feature","geometry":{"type":"Polygon","coordinates":[[[140.73437,37.01616],[140.73375,37.0168],[140.73083,37.01607],[140.73009,37.01384],[140.73098,37.01335],[140.73123,37.01159],[140.73275,37.01142],[140.73371,37.01337],[140.73437,37.01616]]]},"properties":{"hoanrinKind":"保安林"}},
{"type":"Feature","geometry":{"type":"Polygon","coordinates":[[[140.67028,37.23691],[140.66791,37.2382],[140.66601,37.23808],[140.667,37.23679],[140.66974,37.23596],[140.67064,37.23429],[140.67291,37.23371],[140.6747,37.23543],[140.67392,37.23646],[140.67028,37.23691]]]},"properties":{"hoanrinKind":"保安林"}},
{"type":"Feature","geometry":{"type":"Polygon","coordinates":[[[139.71069,37.48084],[139.71103,37.47623],[139.71147,37.47427],[139.71423,37.47627],[139.71466,37.47711],[139.71362,37.47889],[139.71069,37.48084]]]},"properties":{"hoanrinKind":"保安林"}},
{"type":"Feature","geometry":{"type":"Polygon","coordinates":[[[140.57755,37.79214],[140.57814,37.79424],[140.57988,37.79479],[140.57943,37.79632],[140.57765,37.79827],[140.57547,37.7994],[140.57551,37.79816],[140.57656,37.79567],[140.57754,37.79457],[140.57568,37.79392],[140.57755,37.79214]]]},"properties":{"hoanrinKind":"保安林"}},
{"type":"Feature","geometry":{"type":"Polygon","coordinates":[[[139.72233,37.4202],[139.72336,37.4212],[139.72401,37.4249],[139.72277,37.42575],[139.72166,37.42473],[139.71976,37.42157],[139.71981,37.42058],[139.72233,37.4202]]]},"properties":{"hoanrinKind":"保安林"}},
{"type":"Feature","geometry":{"type":"Polygon","coordinates":[[[140.89362,37.36415],[140.89378,37.36621],[140.89328,37.367],[140.89108,37.36773],[140.88984,37.36599],[140.89075,37.36379],[140.89407,37.36231],[140.8951,37.36286],[140.89362,37.36415]]]},"properties":{"hoanrinKind":"保安林"}},
{"type":"Feature","geometry":{"type":"Polygon","coordinates":[[[140.82948,37.15398],[140.82882,37.15622],[140.83055,37.15765],[140.83095,37.16016],[140.82781,37.15991],[140.82584,37.15838],[140.82768,37.15713],[140.82728,37.15542],[140.82766,37.15456],[140.82948,37.15398]]]},"properties":{"hoanrinKind":"保安林"}},
{"type":"Feature","geometry":{"type":"Polygon","coordinates":[[[140.49966,36.98282],[140.50167,36.98421],[140.50178,36.98486],[140.50061,36.98788],[140.49859,36.98715],[140.49706,36.98526],[140.49865,36.98281],[140.49966,36.98282]]]},"properties":{"hoanrinKind":"保安林"}},
{"type":"Feature","geometry":{"type":"Polygon","coordinates":[[[140.67922,37.38844],[140.6789,37.38974],[140.67753,37.3897],[140.67614,37.38796],[140.674,37.38784],[140.67365,37.3864],[140.67473,37.38533],[140.67618,37.3854],[140.67908,37.38627],[140.67922,37.38844]]]},"properties":{"hoanrinKind":"保安林"}},
{"type":"Feature","geometry":{"type":"Polygon","coordinates":[[[140.8758,37.03405],[140.87408,37.0337],[140.87373,37.03149],[140.87287,37.03049],[140.87376,37.02936],[140.87633,37.0305],[140.87871,37.03248],[140.87669,37.03305],[140.8758,37.03405]]]},"properties":{"hoanrinKind":"保安林"}},
{"type":"Feature","geometry":{"type":"Polygon","coordinates":[[[140.42953,37.84497],[140.42752,37.84446],[140.42791,37.84321],[140.427,37.84053],[140.4259,37.83932],[140.42747,37.83898],[140.43056,37.83749],[140.4322,37.83768],[140.4323,37.83936],[140.43025,37.83885],[140.42836,37.83982],[140.42904,37.84135],[140.42894,37.84281],[140.42977,37.84326],[140.42953,37.84497]]]},"properties":{"hoanrinKind":"保安林"}},
{"type":"Feature","geometry":{"type":"Polygon","coordinates":[[[140.633,37.83052],[140.63158,37.82951],[140.63256,37.82831],[140.63227,37.82743],[140.63281,37.82469],[140.63539,37.82358],[140.6364,37.82381],[140.63569,37.8262],[140.63458,37.82689],[140.63463,37.82824],[140.633,37.83052]]]},"properties":{"hoanrinKind":"保安林"}},
{"type":"Feature","geometry":{"type":"Polygon","coordinates":[[[140.20098,37.30381],[140.19941,37.30372],[140.19786,37.30239],[140.19656,37.30269],[140.19555,37.30124],[140.19629,37.29941],[140.19769,37.29921],[140.19864,37.30035],[140.20172,37.30274],[140.20098,37.30381]]]},"properties":{"hoanrinKind":"保安林"}},
{"type":"Feature","geometry":{"type":"Polygon","coordinates":[[[140.70063,37.74937],[140.69677,37.75049],[140.69689,37.74933],[140.69526,37.74762],[140.69793,37.74521],[140.70016,37.74602],[140.69904,37.74886],[140.70063,37.74937]]]},"properties":{"hoanrinKind":"保安林"}},
{"type":"Feature","geometry":{"type":"Polygon","coordinates":[[[141.00961,37.68734],[141.01046,37.6883],[141.01115,37.69321],[141.01106,37.69902],[141.01015,37.69253],[141.01,37.68993],[141.00937,37.68861],[141.00961,37.68734]]]},"properties":{"hoanrinKind":"保安林"}},
{"type":"Feature","geometry":{"type":"Polygon","coordinates":[[[140.91726,37.57046],[140.91656,37.57143],[140.91367,37.57035],[140.91204,37.5709],[140.90975,37.57068],[140.90962,37.56914],[140.91122,37.56865],[140.91371,37.56882],[140.91559,37.56802],[140.91723,37.56944],[140.91726,37.57046]]]},"properties":{"hoanrinKind":"保安林"}},
{"type":"Feature","geometry":{"type":"Polygon","coordinates":[[[140.74143,37.10085],[140.74199,37.10127],[140.74275,37.10416],[140.74483,37.10684],[140.74457,37.10915],[140.74318,37.10951],[140.74146,37.1049],[140.74099,37.10251],[140.73947,37.10156],[140.74143,37.10085]]]},"properties":{"hoanrinKind":"保安林"}},
{"type":"Feature","geometry":{"type":"Polygon","coordinates":[[[139.93902,37.68215],[139.93586,37.68632],[139.9338,37.68555],[139.93279,37.68368],[139.93443,37.68302],[139.93504,37.68137],[139.93902,37.68215]]]},"properties":{"hoanrinKind":"保安林"}},
{"type":"Feature","geometry":{"type":"Polygon","coordinates":[[[140.90938,37.13249],[140.90728,37.13481],[140.90575,37.13475],[140.9057,37.13153],[140.90609,37.13057],[140.90573,37.12737],[140.9074,37.12763],[140.9079,37.13017],[140.90783,37.13228],[140.90938,37.13249]]]},"properties":{"hoanrinKind":"保安林"}},
{"type":"Feature","geometry":{"type":"Polygon","coordinates":[[[140.91599,37.11835],[140.91499,37.11897],[140.91375,37.12112],[140.91146,37.12185],[140.9115,37.1203],[140.9134,37.11766],[140.91594,37.1152],[140.91739,37.11527],[140.91721,37.11741],[140.91599,37.11835]]]},"properties":{"hoanrinKind":"保安林"}},
{"type":"Feature","geometry":{"type":"Polygon","coordinates":[[[140.27679,37.02567],[140.27363,37.0246],[140.27175,37.02537],[140.27291,37.023],[140.27501,37.02201],[140.27714,37.02315],[140.27867,37.0254],[140.27679,37.02567]]]},"properties":{"hoanrinKind":"保安林"}},
{"type":"Feature","geometry":{"type":"Polygon","coordinates":[[[139.92469,37.33256],[139.92938,37.33326],[139.93204,37.33394],[139.93216,37.33468],[139.92755,37.33498],[139.92246,37.3339],[139.92339,37.33224],[139.92469,37.33256]]]},"properties":{"hoanrinKind":"保安林"}},
{"type":"Feature","geometry":{"type":"Polygon","coordinates":[[[139.44144,37.39972],[139.44211,37.4006],[139.44189,37.4025],[139.44329,37.40469],[139.44286,37.40557],[139.43991,37.40587],[139.439,37.40491],[139.43911,37.40337],[139.44034,37.40195],[139.43995,37.40031],[139.44144,37.39972]]]},"properties":{"hoanrinKind":"保安林"}},
{"type":"Feature","geometry":{"type":"Polygon","coordinates":[[[139.6756,37.55444],[139.67605,37.55518],[139.67576,37.55696],[139.6773,37.5587],[139.67422,37.55925],[139.67343,37.55862],[139.67326,37.55576],[139.67214,37.55278],[139.67328,37.55279],[139.67403,37.55428],[139.6756,37.55444]]]},"properties":{"hoanrinKind":"保安林"}},
{"type":"Feature","geometry":{"type":"Polygon","coordinates":[[[140.0934,37.64323],[140.09153,37.64338],[140.08959,37.64157],[140.08739,37.63833],[140.08853,37.63753],[140.09032,37.63939],[140.09319,37.64142],[140.09461,37.64178],[140.09508,37.64326],[140.0934,37.64323]]]},"properties":{"hoanrinKind":"保安林"}},
{"type":"Feature","geometry":{"type":"Polygon","coordinates":[[[140.91355,37.40177],[140.91301,37.40301],[140.91019,37.40196],[140.90714,37.40197],[140.90767,37.39966],[140.91077,37.39879],[140.91271,37.40043],[140.91355,37.40177]]]},"properties":{"hoanrinKind":"保安林"}},
{"type":"Feature","geometry":{"type":"Polygon","coordinates":[[[140.97661,37.46037],[140.97595,37.46091],[140.97178,37.45914],[140.96952,37.45872],[140.96794,37.45617],[140.96988,37.45564],[140.97257,37.457],[140.97162,37.45827],[140.97509,37.45835],[140.97645,37.45919],[140.97661,37.46037]]]},"properties":{"hoanrinKind":"保安林"}},
{"type":"Feature","geometry":{"type":"Polygon","coordinates":[[[139.53774,37.14715],[139.52894,37.1465],[139.52926,37.14463],[139.53012,37.14425],[139.53337,37.1443],[139.53346,37.14617],[139.53571,37.14601],[139.53605,37.14357],[139.5374,37.14362],[139.53715,37.14524],[139.53774,37.14715]]]},"properties":{"hoanrinKind":"保安林"}},
{"type":"Feature","geometry":{"type":"Polygon","coordinates":[[[140.82927,37.30834],[140.82886,37.30876],[140.82126,37.30835],[140.8195,37.30768],[140.81946,37.30663],[140.82466,37.30699],[140.82696,37.30606],[140.82872,37.30738],[140.82927,37.30834]]]},"properties":{"hoanrinKind":"保安林"}},
{"type":"Feature","geometry":{"type":"Polygon","coordinates":[[[140.72238,36.96422],[140.72103,36.96575],[140.71991,36.96579],[140.72029,36.96361],[140.72402,36.96232],[140.72268,36.96148],[140.72304,36.96019],[140.72474,36.9602],[140.72724,36.96183],[140.72582,36.96248],[140.72386,36.96423],[140.72238,36.96422]]]},"properties":{"hoanrinKind":"保安林"}},
{"type":"Feature","geometry":{"type":"Polygon","coordinates":[[[140.62269,37.75979],[140.62079,37.75871],[140.61786,37.75851],[140.61786,37.75733],[140.61916,37.75627],[140.62016,37.75696],[140.62149,37.75589],[140.62326,37.75735],[140.62441,37.75757],[140.6239,37.75977],[140.62269,37.75979]]]},"properties":{"hoanrinKind":"保安林"}},
{"type":"Feature","geometry":{"type":"Polygon","coordinates":[[[139.56139,37.42391],[139.55999,37.42451],[139.55776,37.42196],[139.55937,37.42179],[139.56122,37.4202],[139.56231,37.41995],[139.56363,37.42093],[139.56315,37.42441],[139.56139,37.42391]]]},"properties":{"hoanrinKind":"保安林"}},
{"type":"Feature","geometry":{"type":"Polygon","coordinates":[[[139.73021,37.2365],[139.73157,37.237],[139.7306,37.23807],[139.72726,37.23944],[139.72225,37.2407],[139.72189,37.23932],[139.72823,37.23686],[139.73021,37.2365]]]},"properties":{"hoanrinKind":"保安林"}},
{"type":"Feature","geometry":{"type":"Polygon","coordinates":[[[140.75939,37.29409],[140.76096,37.2952],[140.76192,37.29658],[140.76429,37.29783],[140.76511,37.29969],[140.76206,37.30091],[140.76,37.29758],[140.75939,37.29409]]]},"properties":{"hoanrinKind":"保安林"}},
{"type":"Feature","geometry":{"type":"Polygon","coordinates":[[[139.62219,37.5421],[139.62463,37.54377],[139.62565,37.54526],[139.62533,37.54617],[139.62205,37.5484],[139.62108,37.54778],[139.62173,37.5426],[139.62219,37.5421]]]},"properties":{"hoanrinKind":"保安林"}},
{"type":"Feature","geometry":{"type":"Polygon","coordinates":[[[140.26701,37.47926],[140.26638,37.48221],[140.26541,37.48263],[140.26386,37.48498],[140.2631,37.48525],[140.26147,37.48292],[140.26195,37.4814],[140.26363,37.48039],[140.26701,37.47926]]]},"properties":{"hoanrinKind":"保安林"}},
{"type":"Feature","geometry":{"type":"Polygon","coordinates":[[[139.80757,37.72096],[139.81039,37.72209],[139.81059,37.72323],[139.8119,37.72406],[139.81199,37.72493],[139.81058,37.72571],[139.80895,37.72551],[139.80619,37.72404],[139.80686,37.72113],[139.80757,37.72096]]]},"properties":{"hoanrinKind":"保安林"}},
{"type":"Feature","geometry":{"type":"Polygon","coordinates":[[[140.67065,37.68428],[140.66987,37.68515],[140.66747,37.68433],[140.66757,37.68182],[140.66847,37.68181],[140.67004,37.68052],[140.67324,37.6819],[140.67264,37.68321],[140.671,37.68324],[140.67065,37.68428]]]},"properties":{"hoanrinKind":"保安林"}},
{"type":"Feature","geometry":{"type":"Polygon","coordinates":[[[140.62083,37.61697],[140.62126,37.61771],[140.61967,37.61892],[140.61821,37.61855],[140.61743,37.61746],[140.61728,37.61521],[140.61522,37.61336],[140.61693,37.61172],[140.61931,37.61415],[140.61958,37.61668],[140.62083,37.61697]]]},"properties":{"hoanrinKind":"保安林"}},
{"type":"Feature","geometry":{"type":"Polygon","coordinates":[[[140.84314,37.78436],[140.84128,37.7857],[140.83948,37.78628],[140.84003,37.78769],[140.83796,37.7878],[140.83839,37.7863],[140.84105,37.78252],[140.84612,37.78299],[140.84786,37.78458],[140.84314,37.78436]]]},"properties":{"hoanrinKind":"保安林"}},
{"type":"Feature","geometry":{"type":"Polygon","coordinates":[[[139.69277,37.68165],[139.69159,37.67991],[139.69284,37.67981],[139.69421,37.67879],[139.69556,37.68052],[139.69786,37.68136],[139.69732,37.68255],[139.69553,37.68202],[139.69391,37.68295],[139.69277,37.68165]]]},"properties":{"hoanrinKind":"保安林"}},
{"type":"Feature","geometry":{"type":"Polygon","coordinates":[[[140.82735,37.02919],[140.82829,37.03086],[140.82718,37.03207],[140.82456,37.03357],[140.82221,37.03276],[140.82248,37.03174],[140.82395,37.03076],[140.82438,37.0289],[140.82735,37.02919]]]},"properties":{"hoanrinKind":"保安林"}},
{"type":"Feature","geometry":{"type":"Polygon","coordinates":[[[139.96005,37.47783],[139.95945,37.47963],[139.95805,37.47712],[139.95939,37.4754],[139.95913,37.47348],[139.96042,37.47206],[139.96223,37.47156],[139.96135,37.47358],[139.96248,37.47553],[139.9626,37.47664],[139.96005,37.47783]]]},"properties":{"hoanrinKind":"保安林"}},
{"type":"Feature","geometry":{"type":"Polygon","coordinates":[[[140.51,37.86846],[140.50727,37.86834],[140.50625,37.86728],[140.50785,37.86476],[140.50882,37.8653],[140.51046,37.86424],[140.51355,37.86403],[140.51341,37.86508],[140.51444,37.8664],[140.51386,37.86694],[140.51166,37.86586],[140.51,37.86846]]]},"properties":{"hoanrinKind":"保安林"}},
{"type":"Feature","geometry":{"type":"Polygon","coordinates":[[[139.37139,37.39287],[139.37249,37.39298],[139.37416,37.39425],[139.37547,37.39716],[139.37555,37.39901],[139.37386,37.39971],[139.37238,37.39806],[139.37277,37.39727],[139.37169,37.39578],[139.37108,37.39394],[139.37139,37.39287]]]},"properties":{"hoanrinKind":"保安林"}},
{"type":"Feature","geometry":{"type":"Polygon","coordinates":[[[140.03935,37.52769],[140.03618,37.52629],[140.03546,37.52486],[140.03965,37.52441],[140.0418,37.52547],[140.04457,37.52556],[140.04122,37.5277],[140.03935,37.52769]]]},"properties":{"hoanrinKind":"保安林"}},
{"type":"Feature","geometry":{"type":"Polygon","coordinates":[[[140.81348,37.32024],[140.81752,37.32332],[140.81715,37.3252],[140.81441,37.32569],[140.81247,37.32391],[140.81243,37.32226],[140.81348,37.32024]]]},"properties":{"hoanrinKind":"保安林"}},
{"type":"Feature","geometry":{"type":"Polygon","coordinates":[[[140.78068,37.09395],[140.77933,37.09399],[140.77831,37.09321],[140.77966,37.09154],[140.77891,37.08956],[140.77907,37.08682],[140.78038,37.08674],[140.78202,37.08861],[140.78214,37.09096],[140.78068,37.09395]]]},"properties":{"hoanrinKind":"保安林"}},
{"type":"Feature","geometry":{"type":"Polygon","coordinates":[[[139.91833,37.19034],[139.91609,37.19119],[139.91623,37.19212],[139.92028,37.19295],[139.91932,37.1941],[139.91762,37.19493],[139.91383,37.19496],[139.91341,37.19359],[139.91594,37.19095],[139.91833,37.19034]]]},"properties":{"hoanrinKind":"保安林"}},
{"type":"Feature","geometry":{"type":"Polygon","coordinates":[[[139.78547,37.66564],[139.78474,37.66419],[139.78559,37.66183],[139.78663,37.66137],[139.78784,37.66243],[139.78901,37.66204],[139.78899,37.66009],[139.79025,37.65977],[139.79209,37.66097],[139.79179,37.66204],[139.78812,37.66395],[139.78547,37.66564]]]},"properties":{"hoanrinKind":"保安林"}},
{"type":"Feature","geometry":{"type":"Polygon","coordinates":[[[140.81893,37.78512],[140.81653,37.78638],[140.81466,37.78619],[140.81034,37.78355],[140.81241,37.78211],[140.81331,37.78239],[140.81583,37.7846],[140.81821,37.78425],[140.81903,37.78276],[140.82058,37.78313],[140.81893,37.78512]]]},"properties":{"hoanrinKind":"保安林"}},
{"type":"Feature","geometry":{"type":"Polygon","coordinates":[[[140.73156,36.95042],[140.73237,36.95094],[140.73342,36.95327],[140.73321,36.95507],[140.73088,36.95759],[140.72936,36.95793],[140.72771,36.9567],[140.72839,36.95592],[140.73015,36.95555],[140.73106,36.95445],[140.73118,36.95292],[140.73046,36.95086],[140.73156,36.95042]]]},"properties":{"hoanrinKind":"保安林"}},
{"type":"Feature","geometry":{"type":"Polygon","coordinates":[[[140.9149,37.16297],[140.91469,37.16407],[140.91204,37.16749],[140.91024,37.17364],[140.90892,37.17323],[140.90953,37.17036],[140.90959,37.16837],[140.9111,37.16736],[140.91117,37.166],[140.91224,37.16466],[140.91389,37.16409],[140.9149,37.16297]]]},"properties":{"hoanrinKind":"保安林"}},
{"type":"Feature","geometry":{"type":"Polygon","coordinates":[[[140.85585,37.17351],[140.85402,37.17527],[140.85329,37.1765],[140.85189,37.17549],[140.8525,37.17388],[140.85159,37.1721],[140.85279,37.17062],[140.85674,37.17226],[140.85812,37.17179],[140.85864,37.17314],[140.85714,37.17385],[140.85585,37.17351]]]},"properties":{"hoanrinKind":"保安林"}},
{"type":"Feature","geometry":{"type":"Polygon","coordinates":[[[140.66952,37.34974],[140.67109,37.35007],[140.67037,37.35247],[140.66827,37.35339],[140.66859,37.3553],[140.66503,37.3561],[140.66511,37.35359],[140.66572,37.35206],[140.6667,37.35132],[140.66996,37.35082],[140.66952,37.34974]]]},"properties":{"hoanrinKind":"保安林"}},
{"type":"Feature","geometry":{"type":"Polygon","coordinates":[[[139.94154,37.68872],[139.94404,37.68938],[139.94409,37.69083],[139.94302,37.69175],[139.9391,37.69027],[139.93694,37.68728],[139.94095,37.68673],[139.94154,37.68872]]]},"properties":{"hoanrinKind":"保安林"}},
{"type":"Feature","geometry":{"type":"Polygon","coordinates":[[[140.19757,37.29866],[140.19673,37.29898],[140.19445,37.29864],[140.19335,37.29751],[140.19197,37.29871],[140.18809,37.29809],[140.1892,37.29703],[140.19467,37.29687],[140.19747,37.29565],[140.19866,37.29682],[140.19757,37.29866]]]},"properties":{"hoanrinKind":"保安林"}},
{"type":"Feature","geometry":{"type":"Polygon","coordinates":[[[140.74787,37.00001],[140.74573,36.99998],[140.74259,37.00048],[140.74251,36.99811],[140.74683,36.99703],[140.74797,36.99619],[140.7491,36.99646],[140.74787,37.00001]]]},"properties":{"hoanrinKind":"保安林"}},
{"type":"Feature","geometry":{"type":"Polygon","coordinates":[[[139.89531,37.29168],[139.89565,37.29248],[139.89666,37.29816],[139.89563,37.29852],[139.8924,37.29584],[139.89133,37.2953],[139.89215,37.29408],[139.89452,37.29178],[139.89531,37.29168]]]},"properties":{"hoanrinKind":"保安林"}},
{"type":"Feature","geometry":{"type":"Polygon","coordinates":[[[139.51571,37.07764],[139.51867,37.07803],[139.51784,37.08022],[139.5176,37.08225],[139.51599,37.08396],[139.51486,37.08193],[139.51335,37.08149],[139.51399,37.07912],[139.51571,37.07764]]]},"properties":{"hoanrinKind":"保安林"}},
{"type":"Feature","geometry":{"type":"Polygon","coordinates":[[[140.94803,37.7381],[140.94511,37.73775],[140.94411,37.73712],[140.94431,37.73534],[140.94579,37.7335],[140.94832,37.73309],[140.9489,37.73401],[140.94776,37.73499],[140.9474,37.73657],[140.94803,37.7381]]]},"properties":{"hoanrinKind":"保安林"}},
{"type":"Feature","geometry":{"type":"Polygon","coordinates":[[[139.8121,37.37247],[139.81113,37.37467],[139.80841,37.37524],[139.80993,37.3715],[139.81169,37.37046],[139.81578,37.37041],[139.81641,37.37168],[139.8154,37.37251],[139.8121,37.37247]]]},"properties":{"hoanrinKind":"保安林"}},
{"type":"Feature","geometry":{"type":"Polygon","coordinates":[[[140.92332,37.47094],[140.92516,37.46837],[140.92843,37.46784],[140.93176,37.46896],[140.93222,37.47166],[140.92916,37.46974],[140.92728,37.46898],[140.92554,37.46995],[140.92519,37.47128],[140.92332,37.47094]]]},"properties":{"hoanrinKind":"保安林"}},
{"type":"Feature","geometry":{"type":"Polygon","coordinates":[[[140.85263,37.52666],[140.85103,37.52771],[140.84835,37.5272],[140.84832,37.52398],[140.84915,37.52313],[140.85073,37.52284],[140.85253,37.5234],[140.85329,37.52446],[140.85263,37.52666]]]},"properties":{"hoanrinKind":"保安林"}},
{"type":"Feature","geometry":{"type":"Polygon","coordinates":[[[139.60833,37.59785],[139.60767,37.59995],[139.60905,37.60322],[139.60785,37.60414],[139.60506,37.60357],[139.60445,37.6009],[139.60536,37.59998],[139.6071,37.59721],[139.60833,37.59785]]]},"properties":{"hoanrinKind":"保安林"}},
{"type":"Feature","geometry":{"type":"Polygon","coordinates":[[[139.5514,37.19602],[139.5536,37.19679],[139.55614,37.19722],[139.55464,37.20028],[139.55332,37.20101],[139.55171,37.2011],[139.55069,37.19931],[139.55032,37.19644],[139.5514,37.19602]]]},"properties":{"hoanrinKind":"保安林"}},
{"type":"Feature","geometry":{"type":"Polygon","coordinates":[[[140.80438,37.78119],[140.80332,37.78312],[140.80206,37.78344],[140.80087,37.78036],[140.80327,37.78008],[140.80385,37.77899],[140.80769,37.78032],[140.81234,37.78034],[140.81013,37.78156],[140.80737,37.78182],[140.80438,37.78119]]]},"properties":{"hoanrinKind":"保安林"}},
{"type":"Feature","geometry":{"type":"Polygon","coordinates":[[[140.77891,37.49653],[140.7751,37.49549],[140.77509,37.49324],[140.77752,37.49239],[140.78243,37.49303],[140.78245,37.49417],[140.78039,37.49482],[140.77891,37.49653]]]},"properties":{"hoanrinKind":"保安林"}},
{"type":"Feature","geometry":{"type":"Polygon","coordinates":[[[140.53218,37.27075],[140.52992,37.27092],[140.52957,37.2689],[140.53108,37.26804],[140.53138,37.26671],[140.5329,37.26709],[140.53465,37.26607],[140.53593,37.26755],[140.53778,37.2687],[140.53391,37.26974],[140.53218,37.27075]]]},"properties":{"hoanrinKind":"保安林"}},
{"type":"Feature","geometry":{"type":"Polygon","coordinates":[[[140.11766,37.5173],[140.1151,37.51806],[140.11402,37.51617],[140.11225,37.51452],[140.11107,37.51104],[140.11375,37.51148],[140.11566,37.51222],[140.11574,37.51357],[140.11418,37.51402],[140.11419,37.5149],[140.11749,37.51579],[140.11766,37.5173]]]},"properties":{"hoanrinKind":"保安林"}},
{"type":"Feature","geometry":{"type":"Polygon","coordinates":[[[140.70888,37.00189],[140.70771,37.00236],[140.70516,37.00179],[140.70381,37.00229],[140.70327,37.00021],[140.70247,36.99924],[140.70332,36.99816],[140.70453,36.9984],[140.70501,36.99693],[140.70674,36.99751],[140.70691,36.99842],[140.70888,37.00189]]]},"properties":{"hoanrinKind":"保安林"}},
{"type":"Feature","geometry":{"type":"Polygon","coordinates":[[[140.85737,37.54306],[140.85626,37.54405],[140.85528,37.54335],[140.85322,37.54023],[140.85517,37.54051],[140.85499,37.54236],[140.85577,37.54297],[140.85716,37.54201],[140.8577,37.54014],[140.85977,37.53936],[140.86321,37.53939],[140.86453,37.54042],[140.86279,37.54137],[140.85737,37.54306]]]},"properties":{"hoanrinKind":"保安林"}},
{"type":"Feature","geometry":{"type":"Polygon","coordinates":[[[140.47645,37.48865],[140.47875,37.49386],[140.47739,37.49508],[140.47542,37.49479],[140.47394,37.49186],[140.4749,37.49093],[140.47433,37.48863],[140.47645,37.48865]]]},"properties":{"hoanrinKind":"保安林"}},
{"type":"Feature","geometry":{"type":"Polygon","coordinates":[[[140.42422,37.08423],[140.42502,37.08611],[140.42497,37.08962],[140.42452,37.09055],[140.42276,37.09132],[140.42126,37.0897],[140.42146,37.08667],[140.42299,37.08429],[140.42422,37.08423]]]},"properties":{"hoanrinKind":"保安林"}},
{"type":"Feature","geometry":{"type":"Polygon","coordinates":[[[139.58018,37.47492],[139.5786,37.47565],[139.57685,37.47581],[139.57451,37.47524],[139.57425,37.47436],[139.5768,37.47428],[139.57861,37.4729],[139.57837,37.47124],[139.57966,37.47115],[139.57965,37.47307],[139.58183,37.47339],[139.58235,37.47188],[139.58367,37.47104],[139.58417,37.47234],[139.58348,37.47297],[139.58366,37.47439],[139.58018,37.47492]]]},"properties":{"hoanrinKind":"保安林"}},
{"type":"Feature","geometry":{"type":"Polygon","coordinates":[[[140.81257,37.0893],[140.81562,37.09157],[140.81295,37.0919],[140.8106,37.09381],[140.80739,37.095],[140.80681,37.09327],[140.80724,37.09234],[140.81221,37.08927],[140.81257,37.0893]]]},"properties":{"hoanrinKind":"保安林"}},
{"type":"Feature","geometry":{"type":"Polygon","coordinates":[[[140.97987,37.45012],[140.97827,37.44979],[140.97654,37.45049],[140.97541,37.44928],[140.97558,37.44831],[140.97391,37.44798],[140.97271,37.4448],[140.97461,37.44444],[140.97542,37.44523],[140.97827,37.44619],[140.97798,37.44816],[140.97987,37.45012]]]},"properties":{"hoanrinKind":"保安林"}},
{"type":"Feature","geometry":{"type":"Polygon","coordinates":[[[139.78894,37.43384],[139.78833,37.43519],[139.78422,37.43537],[139.78258,37.43325],[139.78276,37.43198],[139.78564,37.43091],[139.78798,37.43193],[139.78894,37.43384]]]},"properties":{"hoanrinKind":"保安林"}},
{"type":"Feature","geometry":{"type":"Polygon","coordinates":[[[140.33276,37.72267],[140.33347,37.7235],[140.33204,37.72498],[140.33275,37.72658],[140.32985,37.72799],[140.32847,37.72635],[140.3281,37.72463],[140.32691,37.72367],[140.32713,37.72255],[140.32983,37.72263],[140.33221,37.72226],[140.33276,37.72267]]]},"properties":{"hoanrinKind":"保安林"}},
{"type":"Feature","geometry":{"type":"Polygon","coordinates":[[[140.14683,37.59018],[140.14973,37.59087],[140.15102,37.59218],[140.1505,37.59342],[140.14867,37.59504],[140.14501,37.59611],[140.14601,37.59415],[140.14789,37.59373],[140.14802,37.59266],[140.14639,37.59192],[140.14383,37.59176],[140.14328,37.59098],[140.14498,37.59013],[140.14683,37.59018]]]},"properties":{"hoanrinKind":"保安林"}},
{"type":"Feature","geometry":{"type":"Polygon","coordinates":[[[139.74657,37.44631],[139.74864,37.44699],[139.74898,37.4478],[139.74752,37.45284],[139.74562,37.452],[139.7445,37.4501],[139.74438,37.44825],[139.74524,37.44658],[139.74657,37.44631]]]},"properties":{"hoanrinKind":"保安林"}},
{"type":"Feature","geometry":{"type":"Polygon","coordinates":[[[140.45845,36.81734],[140.45598,36.81865],[140.45174,36.81616],[140.44922,36.8139],[140.4491,36.81265],[140.45173,36.81427],[140.45302,36.81407],[140.45516,36.8146],[140.45654,36.81407],[140.45711,36.81569],[140.45845,36.81734]]]},"properties":{"hoanrinKind":"保安林"}},
{"type":"Feature","geometry":{"type":"Polygon","coordinates":[[[140.6509,36.95166],[140.6496,36.95265],[140.64721,36.95328],[140.64464,36.955],[140.64461,36.95614],[140.64313,36.956],[140.64167,36.95477],[140.64316,36.95399],[140.64616,36.95135],[140.6481,36.95082],[140.6503,36.95102],[140.65333,36.95031],[140.65362,36.95169],[140.65226,36.95229],[140.6509,36.95166]]]},"properties":{"hoanrinKind":"保安林"}},
{"type":"Feature","geometry":{"type":"Polygon","coordinates":[[[140.98306,37.81253],[140.98175,37.81248],[140.98115,37.81037],[140.98096,37.80472],[140.98204,37.80442],[140.98291,37.80635],[140.98347,37.81078],[140.98306,37.81253]]]},"properties":{"hoanrinKind":"保安林"}},
{"type":"Feature","geometry":{"type":"Polygon","coordinates":[[[140.89713,37.36064],[140.89605,37.35924],[140.89799,37.35791],[140.90059,37.35398],[140.90192,37.35384],[140.90315,37.35523],[140.90203,37.35558],[140.90214,37.35877],[140.90105,37.35989],[140.8984,37.35965],[140.89713,37.36064]]]},"properties":{"hoanrinKind":"保安林"}},
{"type":"Feature","geometry":{"type":"Polygon","coordinates":[[[140.32951,36.95958],[140.33109,36.95993],[140.33148,36.96192],[140.33114,36.96414],[140.32846,36.96515],[140.32873,36.96128],[140.32814,36.96053],[140.3257,36.96012],[140.32447,36.95895],[140.32597,36.95833],[140.32775,36.95906],[140.32863,36.95837],[140.32894,36.95634],[140.32966,36.95632],[140.32951,36.95958]]]},"properties":{"hoanrinKind":"保安林"}},
{"type":"Feature","geometry":{"type":"Polygon","coordinates":[[[140.9587,37.16171],[140.95466,37.16158],[140.95286,37.16003],[140.94911,37.15881],[140.94876,37.15783],[140.94997,37.15687],[140.95354,37.15616],[140.95441,37.15691],[140.95415,37.15874],[140.95494,37.16028],[140.95774,37.16004],[140.9587,37.16171]]]},"properties":{"hoanrinKind":"保安林"}},
{"type":"Feature","geometry":{"type":"Polygon","coordinates":[[[140.84703,37.02482],[140.84261,37.02493],[140.84101,37.0246],[140.83918,37.02349],[140.84074,37.02072],[140.84169,37.02226],[140.84313,37.02232],[140.8431,37.02051],[140.84448,37.02094],[140.84705,37.02382],[140.84703,37.02482]]]},"properties":{"hoanrinKind":"保安林"}},
{"type":"Feature","geometry":{"type":"Polygon","coordinates":[[[139.73323,37.64273],[139.73402,37.64574],[139.733,37.64688],[139.73316,37.64781],[139.73171,37.64914],[139.7303,37.6489],[139.72888,37.64785],[139.7283,37.64663],[139.72964,37.64604],[139.73017,37.64443],[139.7316,37.64297],[139.73323,37.64273]]]},"properties":{"hoanrinKind":"保安林"}},
{"type":"Feature","geometry":{"type":"Polygon","coordinates":[[[139.73875,37.53746],[139.73537,37.53902],[139.73538,37.5375],[139.73405,37.53732],[139.73364,37.53835],[139.73202,37.53803],[139.73101,37.53676],[139.73281,37.53552],[139.73335,37.53391],[139.73479,37.53384],[139.73702,37.53465],[139.73738,37.53654],[139.73875,37.53746]]]},"properties":{"hoanrinKind":"保安林"}},
{"type":"Feature","geometry":{"type":"Polygon","coordinates":[[[139.83553,37.71547],[139.83372,37.71559],[139.83428,37.71424],[139.83347,37.71309],[139.83497,37.71236],[139.83603,37.71118],[139.83972,37.71129],[139.84187,37.71023],[139.84268,37.71117],[139.84132,37.71177],[139.83794,37.71406],[139.83735,37.71547],[139.83553,37.71547]]]},"properties":{"hoanrinKind":"保安林"}},
{"type":"Feature","geometry":{"type":"Polygon","coordinates":[[[140.11478,37.64092],[140.11501,37.64182],[140.11225,37.64343],[140.11175,37.64494],[140.11142,37.64826],[140.10955,37.64662],[140.10946,37.6426],[140.10801,37.64058],[140.11149,37.64029],[140.11478,37.64092]]]},"properties":{"hoanrinKind":"保安林"}},
{"type":"Feature","geometry":{"type":"Polygon","coordinates":[[[140.66942,37.09464],[140.67125,37.09527],[140.67132,37.09671],[140.67061,37.0977],[140.66849,37.09908],[140.66619,37.09948],[140.66404,37.09845],[140.66405,37.09749],[140.66855,37.09465],[140.66942,37.09464]]]},"properties":{"hoanrinKind":"保安林"}},
{"type":"Feature","geometry":{"type":"Polygon","coordinates":[[[140.71794,37.12314],[140.71602,37.12157],[140.7145,37.1188],[140.71243,37.11832],[140.71319,37.11683],[140.71307,37.11534],[140.71493,37.11614],[140.71653,37.11561],[140.71637,37.11756],[140.71775,37.11828],[140.71717,37.12023],[140.71921,37.1216],[140.71971,37.12305],[140.71794,37.12314]]]},"properties":{"hoanrinKind":"保安林"}},
{"type":"Feature","geometry":{"type":"Polygon","coordinates":[[[140.79536,37.07444],[140.79254,37.07448],[140.79303,37.07167],[140.79224,37.07094],[140.79286,37.0688],[140.79408,37.06891],[140.79556,37.07],[140.79554,37.07093],[140.79774,37.07108],[140.79918,37.07163],[140.7994,37.07292],[140.79775,37.07351],[140.79734,37.0746],[140.79536,37.07444]]]},"properties":{"hoanrinKind":"保安林"}},
{"type":"Feature","geometry":{"type":"Polygon","coordinates":[[[139.78316,37.65955],[139.78106,37.65988],[139.78143,37.65852],[139.78044,37.658],[139.78081,37.65621],[139.78259,37.6574],[139.78438,37.65701],[139.78605,37.6559],[139.78847,37.65683],[139.7896,37.65805],[139.78936,37.659],[139.78565,37.65948],[139.78316,37.65955]]]},"properties":{"hoanrinKind":"保安林"}},
{"type":"Feature","geometry":{"type":"Polygon","coordinates":[[[139.93011,37.2001],[139.9301,37.20149],[139.92723,37.20001],[139.92486,37.20008],[139.92331,37.20059],[139.92215,37.2016],[139.92021,37.20053],[139.92183,37.19936],[139.92197,37.1982],[139.92395,37.19767],[139.92734,37.19799],[139.92964,37.19869],[139.93011,37.2001]]]},"properties":{"hoanrinKind":"保安林"}},
{"type":"Feature","geometry":{"type":"Polygon","coordinates":[[[139.88752,37.2942],[139.88602,37.29444],[139.88357,37.29404],[139.88208,37.29293],[139.88435,37.29236],[139.88551,37.29118],[139.88535,37.28932],[139.88845,37.28847],[139.88985,37.2895],[139.88854,37.29044],[139.88822,37.29379],[139.88752,37.2942]]]},"properties":{"hoanrinKind":"保安林"}},
{"type":"Feature","geometry":{"type":"Polygon","coordinates":[[[139.73193,37.23824],[139.73398,37.23927],[139.7326,37.24159],[139.72957,37.24267],[139.7251,37.24361],[139.72425,37.24182],[139.72665,37.24111],[139.73042,37.23949],[139.73193,37.23824]]]},"properties":{"hoanrinKind":"保安林"}},
{"type":"Feature","geometry":{"type":"Polygon","coordinates":[[[140.89167,37.63215],[140.89458,37.63337],[140.89438,37.63529],[140.89083,37.63745],[140.88858,37.63777],[140.8883,37.63572],[140.88873,37.63415],[140.89167,37.63215]]]},"properties":{"hoanrinKind":"保安林"}},
{"type":"Feature","geometry":{"type":"Polygon","coordinates":[[[140.36255,37.6122],[140.36272,37.61385],[140.36181,37.61487],[140.36122,37.61698],[140.36106,37.62117],[140.35972,37.62099],[140.36011,37.61872],[140.36027,37.61506],[140.3598,37.61261],[140.35935,37.60804],[140.36042,37.60772],[140.3626,37.60883],[140.36206,37.6103],[140.36255,37.6122]]]},"properties":{"hoanrinKind":"保安林"}},
{"type":"Feature","geometry":{"type":"Polygon","coordinates":[[[139.4605,37.32434],[139.46322,37.32821],[139.46021,37.33073],[139.45749,37.33004],[139.45722,37.32829],[139.45907,37.32572],[139.4605,37.32434]]]},"properties":{"hoanrinKind":"保安林"}},
{"type":"Feature","geometry":{"type":"Polygon","coordinates":[[[139.84248,37.7185],[139.84086,37.71932],[139.83912,37.72111],[139.8375,37.72086],[139.83923,37.71889],[139.83836,37.7182],[139.83652,37.71831],[139.83598,37.71726],[139.83761,37.71693],[139.8387,37.71586],[139.83897,37.71411],[139.84274,37.71571],[139.84306,37.71757],[139.84248,37.7185]]]},"properties":{"hoanrinKind":"保安林"}},
{"type":"Feature","geometry":{"type":"Polygon","coordinates":[[[140.53809,37.80211],[140.5356,37.80214],[140.53412,37.80147],[140.53404,37.80053],[140.53158,37.7988],[140.53238,37.7974],[140.53462,37.79592],[140.53488,37.79874],[140.53548,37.79959],[140.53806,37.79947],[140.5395,37.80066],[140.53809,37.80211]]]},"properties":{"hoanrinKind":"保安林"}},
{"type":"Feature","geometry":{"type":"Polygon","coordinates":[[[140.88312,37.12396],[140.88366,37.12616],[140.88228,37.12701],[140.88096,37.12696],[140.87944,37.12614],[140.87898,37.1241],[140.87729,37.12383],[140.87649,37.12169],[140.87949,37.12253],[140.88142,37.12144],[140.88249,37.12225],[140.88312,37.12396]]]},"properties":{"hoanrinKind":"保安林"}},
{"type":"Feature","geometry":{"type":"Polygon","coordinates":[[[139.53626,37.21547],[139.53705,37.21625],[139.5369,37.21836],[139.53822,37.21976],[139.54033,37.22074],[139.54069,37.22218],[139.53947,37.22354],[139.53524,37.22094],[139.53427,37.21963],[139.53434,37.21656],[139.53626,37.21547]]]},"properties":{"hoanrinKind":"保安林"}},
{"type":"Feature","geometry":{"type":"Polygon","coordinates":[[[139.67837,37.60414],[139.67779,37.60258],[139.68009,37.60221],[139.68428,37.60202],[139.69053,37.60209],[139.69117,37.60377],[139.69052,37.60444],[139.68724,37.60476],[139.68463,37.60333],[139.68195,37.60348],[139.67837,37.60414]]]},"properties":{"hoanrinKind":"保安林"}},
{"type":"Feature","geometry":{"type":"Polygon","coordinates":[[[139.62008,37.57403],[139.61651,37.57434],[139.61376,37.57424],[139.61097,37.57295],[139.60757,37.5732],[139.6065,37.5723],[139.61,37.57143],[139.61222,37.57146],[139.61429,37.57261],[139.61897,37.57207],[139.62301,37.57333],[139.62008,37.57403]]]},"properties":{"hoanrinKind":"保安林"}},
{"type":"Feature","geometry":{"type":"Polygon","coordinates":[[[139.37474,37.30943],[139.37463,37.31322],[139.3719,37.31307],[139.36955,37.31224],[139.36694,37.30884],[139.36925,37.30877],[139.37474,37.30943]]]},"properties":{"hoanrinKind":"保安林"}},
{"type":"Feature","geometry":{"type":"Polygon","coordinates":[[[140.58505,37.74726],[140.58361,37.74785],[140.58227,37.74712],[140.58099,37.74816],[140.57921,37.74768],[140.57864,37.74626],[140.58053,37.7433],[140.58338,37.74205],[140.58505,37.74726]]]},"properties":{"hoanrinKind":"保安林"}},
{"type":"Feature","geometry":{"type":"Polygon","coordinates":[[[139.62937,37.11554],[139.63128,37.11663],[139.63003,37.11763],[139.63013,37.11905],[139.62821,37.11947],[139.62639,37.12097],[139.6247,37.12043],[139.62457,37.11819],[139.62557,37.11553],[139.62643,37.1152],[139.62937,37.11554]]]},"properties":{"hoanrinKind":"保安林"}},
{"type":"Feature","geometry":{"type":"Polygon","coordinates":[[[139.71214,37.45703],[139.70909,37.45783],[139.70754,37.4577],[139.7051,37.45624],[139.70667,37.45585],[139.71123,37.45587],[139.71366,37.45503],[139.71828,37.45408],[139.71907,37.45477],[139.719,37.45604],[139.71563,37.45716],[139.71214,37.45703]]]},"properties":{"hoanrinKind":"保安林"}},
{"type":"Feature","geometry":{"type":"Polygon","coordinates":[[[140.46882,36.91521],[140.46711,36.91634],[140.46657,36.9151],[140.46443,36.91448],[140.46534,36.91251],[140.47119,36.91253],[140.47425,36.91171],[140.47521,36.91222],[140.47553,36.91433],[140.47423,36.91478],[140.46943,36.91378],[140.46882,36.91521]]]},"properties":{"hoanrinKind":"保安林"}},
{"type":"Feature","geometry":{"type":"Polygon","coordinates":[[[140.675,37.09986],[140.67708,37.10134],[140.67899,37.10211],[140.67769,37.10644],[140.67641,37.10749],[140.6752,37.10595],[140.67326,37.10534],[140.67258,37.10247],[140.67479,37.10129],[140.675,37.09986]]]},"properties":{"hoanrinKind":"保安林"}},
{"type":"Feature","geometry":{"type":"Polygon","coordinates":[[[140.57662,37.09355],[140.57577,37.09484],[140.57286,37.09431],[140.57076,37.09224],[140.57046,37.08979],[140.57277,37.08991],[140.57433,37.08935],[140.57576,37.09165],[140.57829,37.09265],[140.57662,37.09355]]]},"properties":{"hoanrinKind":"保安林"}},
{"type":"Feature","geometry":{"type":"Polygon","coordinates":[[[139.79721,37.71311],[139.79764,37.71403],[139.79702,37.71534],[139.79262,37.71396],[139.79259,37.71331],[139.79036,37.71282],[139.79012,37.71103],[139.79166,37.70922],[139.79419,37.70836],[139.79414,37.71065],[139.79566,37.71241],[139.79721,37.71311]]]},"properties":{"hoanrinKind":"保安林"}},
{"type":"Feature","geometry":{"type":"Polygon","coordinates":[[[140.7704,37.32005],[140.7705,37.32062],[140.76783,37.32326],[140.76606,37.32271],[140.76308,37.32065],[140.7648,37.31989],[140.76773,37.31705],[140.77044,37.31858],[140.7704,37.32005]]]},"properties":{"hoanrinKind":"保安林"}},
{"type":"Feature","geometry":{"type":"Polygon","coordinates":[[[140.00439,37.25255],[140.00312,37.25347],[140.00216,37.25558],[140.0012,37.25476],[140.00248,37.25213],[140.00259,37.25022],[140.004,37.25046],[140.00638,37.24907],[140.00551,37.24634],[140.00335,37.24445],[140.00085,37.24149],[140.00485,37.2443],[140.00784,37.24877],[140.00782,37.24987],[140.00661,37.25042],[140.00439,37.25255]]]},"properties":{"hoanrinKind":"保安林"}},
{"type":"Feature","geometry":{"type":"Polygon","coordinates":[[[140.36822,37.57264],[140.36587,37.57234],[140.36297,37.57141],[140.363,37.5702],[140.36444,37.56931],[140.36638,37.56935],[140.36788,37.56833],[140.37164,37.56863],[140.37184,37.57084],[140.37026,37.57206],[140.36822,37.57264]]]},"properties":{"hoanrinKind":"保安林"}},
{"type":"Feature","geometry":{"type":"Polygon","coordinates":[[[140.97076,37.16412],[140.9695,37.16439],[140.96656,37.16611],[140.96475,37.1682],[140.96296,37.16801],[140.96209,37.16572],[140.96051,37.16473],[140.9624,37.16359],[140.96777,37.16396],[140.96811,37.16302],[140.96977,37.16254],[140.97076,37.16412]]]},"properties":{"hoanrinKind":"保安林"}},
{"type":"Feature","geometry":{"type":"Polygon","coordinates":[[[140.86392,37.79344],[140.86276,37.79409],[140.86242,37.79697],[140.85938,37.79621],[140.86017,37.79386],[140.86016,37.79225],[140.85779,37.79177],[140.8581,37.79023],[140.85976,37.78987],[140.86282,37.79075],[140.86539,37.79219],[140.86545,37.79342],[140.86392,37.79344]]]},"properties":{"hoanrinKind":"保安林"}},
{"type":"Feature","geometry":{"type":"Polygon","coordinates":[[[139.93861,37.69829],[139.93611,37.70088],[139.93417,37.70134],[139.9358,37.69867],[139.93379,37.69832],[139.93225,37.70043],[139.93128,37.70021],[139.93445,37.69715],[139.93495,37.69503],[139.93724,37.69453],[139.9385,37.69381],[139.94013,37.69374],[139.93861,37.69829]]]},"properties":{"hoanrinKind":"保安林"}},
{"type":"Feature","geometry":{"type":"Polygon","coordinates":[[[140.69057,36.92942],[140.68875,36.92946],[140.68762,36.92669],[140.68625,36.92451],[140.68397,36.9228],[140.68434,36.92193],[140.68624,36.92231],[140.68814,36.9232],[140.69038,36.92498],[140.69291,36.92914],[140.69057,36.92942]]]},"properties":{"hoanrinKind":"保安林"}},
{"type":"Feature","geometry":{"type":"Polygon","coordinates":[[[140.85203,37.1557],[140.85149,37.15646],[140.84925,37.15616],[140.84895,37.15559],[140.84518,37.1554],[140.84578,37.15216],[140.84468,37.1494],[140.84685,37.14981],[140.84813,37.15058],[140.84938,37.1527],[140.85203,37.1557]]]},"properties":{"hoanrinKind":"保安林"}},
{"type":"Feature","geometry":{"type":"Polygon","coordinates":[[[139.76841,37.69547],[139.77056,37.69817],[139.77015,37.70146],[139.76959,37.7028],[139.7662,37.70435],[139.76634,37.70242],[139.76595,37.69996],[139.76758,37.6978],[139.76733,37.69611],[139.76841,37.69547]]]},"properties":{"hoanrinKind":"保安林"}},
{"type":"Feature","geometry":{"type":"Polygon","coordinates":[[[139.37477,37.28418],[139.37863,37.28659],[139.37773,37.28729],[139.3759,37.28973],[139.37392,37.29008],[139.37235,37.29232],[139.37133,37.29287],[139.3723,37.28913],[139.37399,37.28369],[139.37477,37.28418]]]},"properties":{"hoanrinKind":"保安林"}},
{"type":"Feature","geometry":{"type":"Polygon","coordinates":[[[140.57516,37.10508],[140.57461,37.10609],[140.5725,37.10605],[140.56974,37.10511],[140.56944,37.10371],[140.57149,37.103],[140.56996,37.10145],[140.57115,37.1007],[140.57413,37.10065],[140.57536,37.10124],[140.57538,37.10283],[140.5764,37.10457],[140.57516,37.10508]]]},"properties":{"hoanrinKind":"保安林"}},
{"type":"Feature","geometry":{"type":"Polygon","coordinates":[[[140.22341,37.05656],[140.22384,37.05827],[140.22344,37.05913],[140.22146,37.06026],[140.21934,37.05977],[140.2165,37.05826],[140.21714,37.05603],[140.21841,37.05593],[140.22064,37.05471],[140.2217,37.05491],[140.22341,37.05656]]]},"properties":{"hoanrinKind":"保安林"}},
{"type":"Feature","geometry":{"type":"Polygon","coordinates":[[[139.47862,37.0648],[139.47567,37.06435],[139.4725,37.0617],[139.47568,37.06031],[139.47668,37.06085],[139.48088,37.06069],[139.48207,37.06128],[139.4809,37.06339],[139.47942,37.06376],[139.47862,37.0648]]]},"properties":{"hoanrinKind":"保安林"}},
{"type":"Feature","geometry":{"type":"Polygon","coordinates":[[[139.89072,37.72571],[139.89136,37.72643],[139.88955,37.72787],[139.88664,37.72839],[139.88525,37.73068],[139.88445,37.73103],[139.88312,37.72989],[139.88284,37.72862],[139.88382,37.72763],[139.88471,37.72531],[139.88673,37.72552],[139.88819,37.72413],[139.89072,37.72571]]]},"properties":{"hoanrinKind":"保安林"}},
{"type":"Feature","geometry":{"type":"Polygon","coordinates":[[[139.94514,37.73557],[139.94319,37.73805],[139.9423,37.73824],[139.94088,37.73685],[139.9423,37.73424],[139.944,37.73396],[139.94509,37.73191],[139.94777,37.73246],[139.94939,37.73232],[139.95078,37.73365],[139.94888,37.73492],[139.94776,37.73424],[139.94714,37.73628],[139.94514,37.73557]]]},"properties":{"hoanrinKind":"保安林"}},
{"type":"Feature","geometry":{"type":"Polygon","coordinates":[[[140.38364,37.84571],[140.38195,37.84655],[140.3804,37.84581],[140.37822,37.84566],[140.37606,37.8448],[140.3754,37.84362],[140.37558,37.84218],[140.37797,37.84168],[140.37959,37.84258],[140.38229,37.84337],[140.38487,37.84325],[140.38518,37.8449],[140.38364,37.84571]]]},"properties":{"hoanrinKind":"保安林"}},
{"type":"Feature","geometry":{"type":"Polygon","coordinates":[[[139.74656,37.65242],[139.74391,37.6535],[139.74214,37.65302],[139.74248,37.65178],[139.74383,37.65035],[139.74596,37.65039],[139.74627,37.64912],[139.74893,37.64857],[139.75107,37.64868],[139.75096,37.65078],[139.74986,37.65296],[139.74656,37.65242]]]},"properties":{"hoanrinKind":"保安林"}},
{"type":"Feature","geometry":{"type":"Polygon","coordinates":[[[139.40083,37.01773],[139.40004,37.01832],[139.39624,37.01881],[139.39225,37.01974],[139.38785,37.01964],[139.38496,37.01911],[139.3859,37.01785],[139.38832,37.01769],[139.3903,37.01701],[139.39514,37.01757],[139.39727,37.01732],[139.40083,37.01773]]]},"properties":{"hoanrinKind":"保安林"}},
{"type":"Feature","geometry":{"type":"Polygon","coordinates":[[[139.91067,37.29531],[139.91213,37.29603],[139.912,37.29701],[139.90728,37.30013],[139.90387,37.29981],[139.90387,37.29818],[139.90484,37.29739],[139.90607,37.29541],[139.91067,37.29531]]]},"properties":{"hoanrinKind":"保安林"}},
{"type":"Feature","geometry":{"type":"Polygon","coordinates":[[[140.74408,37.74175],[140.74148,37.74208],[140.74041,37.74173],[140.73783,37.74202],[140.73936,37.73749],[140.74041,37.73645],[140.7422,37.73611],[140.74251,37.73815],[140.74358,37.73791],[140.74589,37.73908],[140.74416,37.7407],[140.74408,37.74175]]]},"properties":{"hoanrinKind":"保安林"}},
{"type":"Feature","geometry":{"type":"Polygon","coordinates":[[[140.3487,36.88949],[140.34851,36.89096],[140.34611,36.88977],[140.34219,36.88918],[140.33815,36.88941],[140.33693,36.8883],[140.34027,36.88654],[140.34253,36.88663],[140.3437,36.88599],[140.34575,36.88701],[140.3487,36.88949]]]},"properties":{"hoanrinKind":"保安林"}},
{"type":"Feature","geometry":{"type":"Polygon","coordinates":[[[140.85501,37.10119],[140.85657,37.1032],[140.85392,37.10339],[140.85233,37.1025],[140.85188,37.10122],[140.84936,37.10188],[140.84827,37.10318],[140.84248,37.10224],[140.84454,37.10086],[140.84625,37.10106],[140.84685,37.10206],[140.84831,37.10208],[140.84819,37.1],[140.85098,37.10077],[140.85279,37.09995],[140.85782,37.09849],[140.85501,37.10119]]]},"properties":{"hoanrinKind":"保安林"}},
{"type":"Feature","geometry":{"type":"Polygon","coordinates":[[[140.88016,37.40829],[140.88334,37.4109],[140.88209,37.41195],[140.87958,37.41048],[140.87761,37.40876],[140.87561,37.40824],[140.8735,37.40822],[140.87301,37.40704],[140.87458,37.40679],[140.87476,37.40573],[140.8727,37.40425],[140.87306,37.40271],[140.87412,37.40287],[140.87611,37.40436],[140.87772,37.40631],[140.88016,37.40829]]]},"properties":{"hoanrinKind":"保安林"}},
{"type":"Feature","geometry":{"type":"Polygon","coordinates":[[[139.52404,37.09653],[139.52259,37.0963],[139.52286,37.09317],[139.52043,37.09184],[139.52261,37.08824],[139.52515,37.09045],[139.52588,37.09213],[139.52785,37.09353],[139.52404,37.09653]]]},"properties":{"hoanrinKind":"保安林"}},
{"type":"Feature","geometry":{"type":"Polygon","coordinates":[[[139.62168,37.64397],[139.62508,37.64504],[139.62571,37.64596],[139.62491,37.64775],[139.6221,37.64804],[139.6156,37.646],[139.61631,37.64465],[139.61854,37.64381],[139.62168,37.64397]]]},"properties":{"hoanrinKind":"保安林"}},
{"type":"Feature","geometry":{"type":"Polygon","coordinates":[[[139.66565,37.51391],[139.66642,37.51489],[139.66842,37.5151],[139.66785,37.51616],[139.6658,37.51666],[139.66457,37.5179],[139.66268,37.51446],[139.66072,37.51375],[139.66237,37.51042],[139.66529,37.5106],[139.66498,37.51159],[139.66697,37.51181],[139.66815,37.51244],[139.66792,37.51386],[139.66565,37.51391]]]},"properties":{"hoanrinKind":"保安林"}},
{"type":"Feature","geometry":{"type":"Polygon","coordinates":[[[140.8577,37.79668],[140.8592,37.79734],[140.86242,37.79962],[140.86236,37.8015],[140.85801,37.80259],[140.85611,37.80061],[140.85496,37.79797],[140.8557,37.79709],[140.8577,37.79668]]]},"properties":{"hoanrinKind":"保安林"}},
{"type":"Feature","geometry":{"type":"Polygon","coordinates":[[[140.75992,37.22639],[140.75894,37.22725],[140.75749,37.2262],[140.75723,37.22272],[140.75546,37.22173],[140.75472,37.21918],[140.75529,37.21651],[140.75406,37.21575],[140.75497,37.21488],[140.75679,37.21624],[140.75629,37.21862],[140.75736,37.22143],[140.75891,37.22274],[140.76046,37.22229],[140.76105,37.22312],[140.75992,37.22639]]]},"properties":{"hoanrinKind":"保安林"}},
{"type":"Feature","geometry":{"type":"Polygon","coordinates":[[[139.79167,37.21288],[139.79334,37.21325],[139.79516,37.2152],[139.80198,37.21793],[139.80473,37.2188],[139.80658,37.21989],[139.80432,37.22088],[139.80162,37.21977],[139.79491,37.21644],[139.79044,37.21474],[139.79086,37.21271],[139.79167,37.21288]]]},"properties":{"hoanrinKind":"保安林"}},
{"type":"Feature","geometry":{"type":"Polygon","coordinates":[[[140.9545,37.21914],[140.95501,37.22064],[140.95376,37.2212],[140.95282,37.2204],[140.95353,37.21918],[140.95283,37.2185],[140.94956,37.21837],[140.94714,37.2189],[140.94593,37.21976],[140.94411,37.21989],[140.94421,37.21745],[140.94617,37.2166],[140.94949,37.21569],[140.95157,37.2157],[140.95238,37.21704],[140.95421,37.21794],[140.9545,37.21914]]]},"properties":{"hoanrinKind":"保安林"}},
{"type":"Feature","geometry":{"type":"Polygon","coordinates":[[[140.11478,37.18709],[140.11737,37.18891],[140.11667,37.19153],[140.11575,37.19284],[140.11288,37.19402],[140.11004,37.1939],[140.11089,37.19197],[140.11265,37.19022],[140.1121,37.18828],[140.11478,37.18709]]]},"properties":{"hoanrinKind":"保安林"}},
{"type":"Feature","geometry":{"type":"Polygon","coordinates":[[[140.46155,36.8926],[140.45977,36.89185],[140.45901,36.89039],[140.4597,36.88966],[140.4627,36.88948],[140.46356,36.88821],[140.46553,36.88858],[140.46785,36.89081],[140.468,36.89264],[140.46398,36.893],[140.46155,36.8926]]]},"properties":{"hoanrinKind":"保安林"}},
{"type":"Feature","geometry":{"type":"Polygon","coordinates":[[[140.90026,37.68556],[140.90079,37.68695],[140.8987,37.68662],[140.89731,37.68467],[140.89944,37.68513],[140.89921,37.68381],[140.89683,37.68265],[140.89788,37.67891],[140.89845,37.6782],[140.90017,37.67828],[140.90017,37.68044],[140.90187,37.68232],[140.90305,37.6826],[140.90453,37.68395],[140.90239,37.684],[140.90026,37.68556]]]},"properties":{"hoanrinKind":"保安林"}},
{"type":"Feature","geometry":{"type":"Polygon","coordinates":[[[140.88297,37.11916],[140.87577,37.11789],[140.87493,37.11658],[140.87491,37.11517],[140.87693,37.11544],[140.87766,37.1141],[140.87886,37.11363],[140.88069,37.11381],[140.88203,37.11452],[140.88182,37.11664],[140.88311,37.11809],[140.88297,37.11916]]]},"properties":{"hoanrinKind":"保安林"}},
{"type":"Feature","geometry":{"type":"Polygon","coordinates":[[[139.66564,37.62032],[139.66328,37.61937],[139.66252,37.61803],[139.66389,37.61728],[139.665,37.6185],[139.66639,37.61876],[139.66853,37.61765],[139.6705,37.61543],[139.6736,37.61452],[139.6752,37.61707],[139.67353,37.61847],[139.67182,37.61917],[139.66959,37.61911],[139.66685,37.6203],[139.66564,37.62032]]]},"properties":{"hoanrinKind":"保安林"}},
{"type":"Feature","geometry":{"type":"Polygon","coordinates":[[[139.73461,37.65693],[139.73416,37.6579],[139.732,37.65823],[139.72743,37.65833],[139.72421,37.6592],[139.7238,37.65784],[139.72594,37.65519],[139.72847,37.65421],[139.73018,37.65638],[139.73461,37.65693]]]},"properties":{"hoanrinKind":"保安林"}},
{"type":"Feature","geometry":{"type":"Polygon","coordinates":[[[139.64937,37.51047],[139.64787,37.5112],[139.64621,37.5099],[139.646,37.50725],[139.64694,37.50624],[139.6494,37.50576],[139.65082,37.5059],[139.65199,37.50676],[139.65336,37.50914],[139.65317,37.51109],[139.64937,37.51047]]]},"properties":{"hoanrinKind":"保安林"}},
{"type":"Feature","geometry":{"type":"Polygon","coordinates":[[[140.90124,37.62277],[140.90017,37.62407],[140.89851,37.62325],[140.89706,37.62075],[140.89506,37.6201],[140.89434,37.61785],[140.89497,37.61643],[140.89653,37.61584],[140.89836,37.61664],[140.89979,37.61952],[140.90105,37.61964],[140.90124,37.62277]]]},"properties":{"hoanrinKind":"保安林"}},
{"type":"Feature","geometry":{"type":"Polygon","coordinates":[[[140.97369,37.04736],[140.97401,37.05016],[140.97329,37.05008],[140.97326,37.04796],[140.9727,37.04643],[140.97243,37.04238],[140.9714,37.03739],[140.97138,37.03503],[140.97045,37.03501],[140.97042,37.02877],[140.97094,37.02721],[140.97065,37.0257],[140.97206,37.02459],[140.97236,37.02905],[140.97227,37.03187],[140.97256,37.03453],[140.97249,37.03873],[140.97369,37.04736]]]},"properties":{"hoanrinKind":"保安林"}},
{"type":"Feature","geometry":{"type":"Polygon","coordinates":[[[139.62831,37.54867],[139.62819,37.5506],[139.62866,37.55212],[139.63027,37.55436],[139.62871,37.55611],[139.62883,37.55787],[139.62487,37.55524],[139.62412,37.55326],[139.62429,37.55186],[139.62692,37.54913],[139.62831,37.54867]]]},"properties":{"hoanrinKind":"保安林"}},
{"type":"Feature","geometry":{"type":"Polygon","coordinates":[[[140.47892,37.84558],[140.47761,37.84621],[140.47429,37.84678],[140.47329,37.84623],[140.47232,37.84288],[140.47333,37.84146],[140.47609,37.84259],[140.47946,37.84243],[140.48225,37.84348],[140.48215,37.84475],[140.48016,37.8449],[140.47892,37.84558]]]},"properties":{"hoanrinKind":"保安林"}},
{"type":"Feature","geometry":{"type":"Polygon","coordinates":[[[140.97082,37.35512],[140.96972,37.35366],[140.96788,37.35285],[140.96697,37.35142],[140.96569,37.35096],[140.96515,37.34931],[140.96412,37.34892],[140.96285,37.34735],[140.96449,37.34661],[140.96784,37.34712],[140.96825,37.34839],[140.97045,37.35108],[140.97249,37.35211],[140.97082,37.35512]]]},"properties":{"hoanrinKind":"保安林"}},
{"type":"Feature","geometry":{"type":"Polygon","coordinates":[[[139.56096,37.2552],[139.56011,37.25817],[139.55662,37.25829],[139.55434,37.25744],[139.55196,37.25696],[139.5528,37.25576],[139.55302,37.25374],[139.55507,37.25439],[139.5589,37.25372],[139.56054,37.25287],[139.56096,37.2552]]]},"properties":{"hoanrinKind":"保安林"}},
{"type":"Feature","geometry":{"type":"Polygon","coordinates":[[[140.16766,37.41803],[140.16698,37.41844],[140.16453,37.41802],[140.16149,37.41813],[140.16107,37.41735],[140.1631,37.4166],[140.16122,37.41569],[140.15733,37.4148],[140.15917,37.41225],[140.16167,37.41073],[140.16286,37.4105],[140.16324,37.41201],[140.1612,37.41292],[140.16203,37.41428],[140.16482,37.41457],[140.16646,37.41743],[140.16766,37.41803]]]},"properties":{"hoanrinKind":"保安林"}},
{"type":"Feature","geometry":{"type":"Polygon","coordinates":[[[140.40211,36.87248],[140.40433,36.87485],[140.40655,36.87656],[140.40261,36.87797],[140.40047,36.87969],[140.39947,36.87902],[140.39889,36.87509],[140.39951,36.87308],[140.40211,36.87248]]]},"properties":{"hoanrinKind":"保安林"}},
{"type":"Feature","geometry":{"type":"Polygon","coordinates":[[[140.18297,37.5065],[140.18733,37.5095],[140.18835,37.51056],[140.18725,37.51182],[140.18412,37.51282],[140.18247,37.51291],[140.18065,37.51241],[140.18089,37.51],[140.18163,37.50705],[140.18297,37.5065]]]},"properties":{"hoanrinKind":"保安林"}},
{"type":"Feature","geometry":{"type":"Polygon","coordinates":[[[140.10731,37.68172],[140.10943,37.68261],[140.11179,37.68475],[140.11401,37.68565],[140.1131,37.6886],[140.11108,37.68896],[140.10951,37.68791],[140.10736,37.68582],[140.1067,37.68394],[140.10505,37.68171],[140.10731,37.68172]]]},"properties":{"hoanrinKind":"保安林"}},
{"type":"Feature","geometry":{"type":"Polygon","coordinates":[[[140.68659,37.01325],[140.68582,37.01468],[140.68218,37.0165],[140.67966,37.0149],[140.6807,37.01329],[140.6817,37.01289],[140.68641,37.00923],[140.68916,37.0116],[140.68833,37.0135],[140.68659,37.01325]]]},"properties":{"hoanrinKind":"保安林"}},
{"type":"Feature","geometry":{"type":"Polygon","coordinates":[[[140.74257,37.20287],[140.74264,37.20367],[140.74529,37.20545],[140.744,37.20572],[140.74256,37.20411],[140.74086,37.20299],[140.7394,37.20522],[140.73794,37.20474],[140.73735,37.20276],[140.73826,37.20136],[140.73742,37.19987],[140.73807,37.19943],[140.74051,37.19991],[140.74344,37.1997],[140.74463,37.20072],[140.74462,37.20385],[140.74257,37.20287]]]},"properties":{"hoanrinKind":"保安林"}},
{"type":"Feature","geometry":{"type":"Polygon","coordinates":[[[140.75976,37.6618],[140.754,37.66052],[140.75022,37.65597],[140.7507,37.65549],[140.75363,37.65654],[140.75592,37.65804],[140.75815,37.65752],[140.75936,37.65785],[140.76105,37.66016],[140.76175,37.66173],[140.75976,37.6618]]]},"properties":{"hoanrinKind":"保安林"}},
{"type":"Feature","geometry":{"type":"Polygon","coordinates":[[[140.85888,37.80774],[140.85818,37.80917],[140.85644,37.8096],[140.85452,37.8085],[140.8543,37.80688],[140.85558,37.80598],[140.85626,37.8046],[140.85874,37.80607],[140.85903,37.80486],[140.86093,37.8041],[140.86302,37.80531],[140.86422,37.80516],[140.86338,37.80773],[140.86239,37.80871],[140.86115,37.80784],[140.85888,37.80774]]]},"properties":{"hoanrinKind":"保安林"}},
{"type":"Feature","geometry":{"type":"Polygon","coordinates":[[[139.45704,37.31283],[139.45589,37.31436],[139.45344,37.31443],[139.45536,37.31258],[139.45728,37.31172],[139.45696,37.3104],[139.45816,37.30894],[139.4603,37.30851],[139.46335,37.31023],[139.46563,37.31074],[139.46606,37.31175],[139.46407,37.31277],[139.45908,37.31237],[139.45704,37.31283]]]},"properties":{"hoanrinKind":"保安林"}},
{"type":"Feature","geometry":{"type":"Polygon","coordinates":[[[140.12508,37.41706],[140.12839,37.41872],[140.13404,37.42299],[140.13726,37.42662],[140.14159,37.43052],[140.14591,37.43529],[140.14499,37.43578],[140.1423,37.43256],[140.13985,37.43019],[140.13763,37.42846],[140.13209,37.42336],[140.12911,37.42096],[140.12319,37.41689],[140.12508,37.41706]]]},"properties":{"hoanrinKind":"保安林"}},
{"type":"Feature","geometry":{"type":"Polygon","coordinates":[[[140.52267,37.3307],[140.52069,37.33132],[140.51725,37.33049],[140.51647,37.32925],[140.51408,37.32823],[140.51524,37.32757],[140.51748,37.32789],[140.51848,37.32916],[140.52082,37.32978],[140.5215,37.32856],[140.52288,37.32767],[140.52358,37.32582],[140.52312,37.32447],[140.52169,37.32398],[140.52136,37.32299],[140.52303,37.3223],[140.52415,37.32448],[140.52569,37.32594],[140.52565,37.32845],[140.52628,37.32896],[140.52267,37.3307]]]},"properties":{"hoanrinKind":"保安林"}},
{"type":"Feature","geometry":{"type":"Polygon","coordinates":[[[139.47213,37.23114],[139.4716,37.23196],[139.46614,37.23527],[139.46391,37.23614],[139.4615,37.23604],[139.4612,37.23485],[139.46404,37.23142],[139.46792,37.23064],[139.47213,37.23114]]]},"properties":{"hoanrinKind":"保安林"}},
{"type":"Feature","geometry":{"type":"Polygon","coordinates":[[[139.69171,37.73569],[139.68858,37.73252],[139.68962,37.73018],[139.68765,37.72955],[139.68479,37.72818],[139.68409,37.72683],[139.68547,37.72501],[139.68653,37.7266],[139.68924,37.72758],[139.6906,37.72883],[139.6927,37.72767],[139.69286,37.72927],[139.69175,37.73219],[139.69218,37.73435],[139.69171,37.73569]]]},"properties":{"hoanrinKind":"保安林"}},
{"type":"Feature","geometry":{"type":"Polygon","coordinates":[[[140.07536,37.58864],[140.07408,37.58912],[140.06964,37.58998],[140.06761,37.59006],[140.06644,37.58754],[140.07068,37.58827],[140.07361,37.58783],[140.0753,37.58672],[140.07586,37.58365],[140.07788,37.58377],[140.0804,37.58489],[140.07966,37.58752],[140.07536,37.58864]]]},"properties":{"hoanrinKind":"保安林"}},
{"type":"Feature","geometry":{"type":"Polygon","coordinates":[[[140.65303,37.07284],[140.65361,37.07419],[140.65185,37.0758],[140.64919,37.07649],[140.64796,37.07786],[140.64773,37.08094],[140.64659,37.08271],[140.64489,37.08203],[140.64462,37.07781],[140.64481,37.07637],[140.6458,37.07507],[140.65029,37.07425],[140.65303,37.07284]]]},"properties":{"hoanrinKind":"保安林"}},
{"type":"Feature","geometry":{"type":"Polygon","coordinates":[[[140.92045,37.50631],[140.9179,37.50712],[140.91581,37.50305],[140.91797,37.50122],[140.91929,37.50177],[140.92164,37.50375],[140.92285,37.5016],[140.92467,37.50231],[140.92366,37.50331],[140.92293,37.50497],[140.9236,37.50573],[140.92161,37.50647],[140.92045,37.50631]]]},"properties":{"hoanrinKind":"保安林"}},
{"type":"Feature","geometry":{"type":"Polygon","coordinates":[[[139.7913,37.45051],[139.79072,37.45182],[139.78815,37.45217],[139.7867,37.45294],[139.78456,37.45305],[139.78168,37.45276],[139.78122,37.45223],[139.78156,37.45014],[139.78265,37.44814],[139.78363,37.44732],[139.78483,37.44765],[139.78846,37.44996],[139.7913,37.45051]]]},"properties":{"hoanrinKind":"保安林"}},
{"type":"Feature","geometry":{"type":"Polygon","coordinates":[[[140.6186,37.03489],[140.61592,37.03439],[140.61524,37.03259],[140.61591,37.03084],[140.61445,37.02917],[140.61589,37.02821],[140.62102,37.02732],[140.62107,37.03],[140.62014,37.0312],[140.62021,37.03443],[140.6186,37.03489]]]},"properties":{"hoanrinKind":"保安林"}},
{"type":"Feature","geometry":{"type":"Polygon","coordinates":[[[140.61024,37.78343],[140.6101,37.78583],[140.60731,37.78704],[140.60638,37.7848],[140.60503,37.78419],[140.6042,37.78214],[140.60302,37.78055],[140.60279,37.77934],[140.60457,37.77758],[140.60536,37.77929],[140.60724,37.78006],[140.60814,37.78107],[140.60891,37.78337],[140.61024,37.78343]]]},"properties":{"hoanrinKind":"保安林"}},
{"type":"Feature","geometry":{"type":"Polygon","coordinates":[[[140.36327,36.91282],[140.36847,36.91397],[140.37095,36.91543],[140.37119,36.91633],[140.36632,36.91775],[140.36426,36.91664],[140.35845,36.91485],[140.36089,36.91294],[140.36327,36.91282]]]},"properties":{"hoanrinKind":"保安林"}},
{"type":"Feature","geometry":{"type":"Polygon","coordinates":[[[140.367,36.88348],[140.36902,36.88453],[140.37008,36.88696],[140.37225,36.88888],[140.37067,36.89018],[140.36876,36.8905],[140.36521,36.88871],[140.3647,36.88736],[140.36316,36.8862],[140.36387,36.88451],[140.36541,36.88437],[140.367,36.88348]]]},"properties":{"hoanrinKind":"保安林"}},
{"type":"Feature","geometry":{"type":"Polygon","coordinates":[[[140.90723,37.23432],[140.90576,37.23498],[140.90303,37.23497],[140.90154,37.23351],[140.90299,37.23115],[140.901,37.22847],[140.8982,37.22785],[140.89535,37.22876],[140.89347,37.22682],[140.89623,37.22693],[140.89755,37.22654],[140.90228,37.22748],[140.90336,37.22818],[140.90525,37.23174],[140.90639,37.2325],[140.90876,37.23319],[140.90916,37.23446],[140.90723,37.23432]]]},"properties":{"hoanrinKind":"保安林"}},
{"type":"Feature","geometry":{"type":"Polygon","coordinates":[[[140.73126,36.97129],[140.73121,36.96981],[140.72868,36.967],[140.72927,36.96334],[140.73103,36.96155],[140.73265,36.96085],[140.73337,36.95868],[140.73331,36.95651],[140.73519,36.95532],[140.73682,36.95685],[140.73478,36.95835],[140.73468,36.95991],[140.73323,36.96191],[140.73152,36.96256],[140.73335,36.96409],[140.73298,36.96612],[140.73079,36.96689],[140.73221,36.96939],[140.73126,36.97129]]]},"properties":{"hoanrinKind":"保安林"}},
{"type":"Feature","geometry":{"type":"Polygon","coordinates":[[[140.85293,37.53475],[140.85521,37.53651],[140.85511,37.53832],[140.85365,37.53946],[140.85151,37.54022],[140.848,37.53854],[140.84635,37.53666],[140.84812,37.53533],[140.84917,37.53394],[140.85293,37.53475]]]},"properties":{"hoanrinKind":"保安林"}},
{"type":"Feature","geometry":{"type":"Polygon","coordinates":[[[139.81322,37.68463],[139.81549,37.68585],[139.81378,37.68675],[139.81447,37.69169],[139.8134,37.69167],[139.80927,37.68969],[139.80728,37.68931],[139.80596,37.68848],[139.80786,37.68664],[139.81225,37.68468],[139.81322,37.68463]]]},"properties":{"hoanrinKind":"保安林"}},
{"type":"Feature","geometry":{"type":"Polygon","coordinates":[[[139.68235,37.66938],[139.68133,37.67019],[139.6825,37.67155],[139.68086,37.67258],[139.67936,37.67153],[139.67802,37.66783],[139.67846,37.66525],[139.68013,37.66561],[139.68189,37.66658],[139.68589,37.66756],[139.6891,37.66957],[139.68787,37.67012],[139.68592,37.67018],[139.68498,37.66966],[139.68235,37.66938]]]},"properties":{"hoanrinKind":"保安林"}},
{"type":"Feature","geometry":{"type":"Polygon","coordinates":[[[139.51979,37.47821],[139.52043,37.47909],[139.52061,37.48127],[139.51733,37.4867],[139.51504,37.48706],[139.51403,37.48269],[139.51542,37.48151],[139.51643,37.47968],[139.5187,37.47825],[139.51979,37.47821]]]},"properties":{"hoanrinKind":"保安林"}},
{"type":"Feature","geometry":{"type":"Polygon","coordinates":[[[139.5062,37.16274],[139.50634,37.16418],[139.50352,37.16733],[139.50181,37.16831],[139.49941,37.16672],[139.4988,37.1655],[139.49739,37.16478],[139.49802,37.1633],[139.49939,37.16247],[139.50171,37.16176],[139.50366,37.16192],[139.5062,37.16274]]]},"properties":{"hoanrinKind":"保安林"}},
{"type":"Feature","geometry":{"type":"Polygon","coordinates":[[[140.41858,37.01981],[140.41812,37.02048],[140.4154,37.02182],[140.41575,37.01845],[140.41689,37.01715],[140.41775,37.01766],[140.41913,37.01625],[140.42283,37.01636],[140.42293,37.01729],[140.42428,37.01911],[140.42413,37.02109],[140.42226,37.02236],[140.41858,37.01981]]]},"properties":{"hoanrinKind":"保安林"}},
{"type":"Feature","geometry":{"type":"Polygon","coordinates":[[[139.93597,37.71442],[139.93699,37.71523],[139.93539,37.71759],[139.93478,37.71944],[139.9341,37.71975],[139.92872,37.71673],[139.92564,37.71407],[139.92963,37.71409],[139.93216,37.71348],[139.93439,37.71439],[139.93597,37.71442]]]},"properties":{"hoanrinKind":"保安林"}},
{"type":"Feature","geometry":{"type":"Polygon","coordinates":[[[140.15301,37.47129],[140.15245,37.4732],[140.15561,37.47505],[140.15566,37.47582],[140.15348,37.47775],[140.15137,37.47844],[140.15327,37.48082],[140.15243,37.48172],[140.14987,37.48032],[140.14864,37.47892],[140.14892,37.47591],[140.15085,37.4727],[140.15204,37.47121],[140.15301,37.47129]]]},"properties":{"hoanrinKind":"保安林"}},
{"type":"Feature","geometry":{"type":"Polygon","coordinates":[[[140.85389,37.32472],[140.85489,37.32524],[140.85642,37.32718],[140.85589,37.3288],[140.85501,37.32921],[140.85191,37.32945],[140.84916,37.33],[140.84705,37.32937],[140.84638,37.32835],[140.84769,37.3263],[140.85103,37.32528],[140.85389,37.32472]]]},"properties":{"hoanrinKind":"保安林"}},
{"type":"Feature","geometry":{"type":"Polygon","coordinates":[[[140.86419,37.55169],[140.86313,37.5523],[140.86135,37.5516],[140.85914,37.55157],[140.857,37.55021],[140.85846,37.54698],[140.86071,37.54702],[140.86469,37.5458],[140.86623,37.54644],[140.86486,37.54913],[140.86511,37.55068],[140.86419,37.55169]]]},"properties":{"hoanrinKind":"保安林"}},
{"type":"Feature","geometry":{"type":"Polygon","coordinates":[[[140.40767,37.64372],[140.40521,37.64443],[140.40497,37.64561],[140.4057,37.64672],[140.40421,37.64803],[140.40221,37.64784],[140.40366,37.64637],[140.4047,37.64194],[140.40642,37.64048],[140.40919,37.64011],[140.41156,37.64104],[140.41414,37.64309],[140.41088,37.64509],[140.40973,37.64365],[140.40767,37.64372]]]},"properties":{"hoanrinKind":"保安林"}},
{"type":"Feature","geometry":{"type":"Polygon","coordinates":[[[140.89778,37.08936],[140.89802,37.09198],[140.8946,37.09002],[140.89462,37.08869],[140.89249,37.088],[140.89201,37.08902],[140.89073,37.08887],[140.88998,37.08787],[140.89079,37.08589],[140.8941,37.084],[140.89468,37.08247],[140.89703,37.08191],[140.8971,37.08361],[140.89867,37.08403],[140.89857,37.08559],[140.89695,37.08563],[140.89778,37.08936]]]},"properties":{"hoanrinKind":"保安林"}},
{"type":"Feature","geometry":{"type":"Polygon","coordinates":[[[140.93087,37.35993],[140.93018,37.3605],[140.9277,37.35866],[140.92672,37.35908],[140.92527,37.35856],[140.92471,37.35756],[140.9218,37.35609],[140.92111,37.35377],[140.91837,37.353],[140.9192,37.35214],[140.92108,37.35173],[140.92365,37.35192],[140.92459,37.35316],[140.92728,37.35527],[140.93087,37.35993]]]},"properties":{"hoanrinKind":"保安林"}},
{"type":"Feature","geometry":{"type":"Polygon","coordinates":[[[139.75288,37.21028],[139.75246,37.21154],[139.75018,37.21305],[139.74925,37.2146],[139.7458,37.21551],[139.74285,37.21446],[139.74305,37.21353],[139.74604,37.21005],[139.74766,37.20926],[139.75057,37.20902],[139.75113,37.2102],[139.75288,37.21028]]]},"properties":{"hoanrinKind":"保安林"}},
{"type":"Feature","geometry":{"type":"Polygon","coordinates":[[[140.75454,36.99863],[140.75332,36.99954],[140.75129,37.00009],[140.75173,36.99791],[140.75256,36.99698],[140.75232,36.99583],[140.75072,36.99488],[140.75183,36.99348],[140.75138,36.99268],[140.75315,36.99167],[140.75285,36.98872],[140.75377,36.98835],[140.75665,36.9889],[140.75809,36.98963],[140.75679,36.99111],[140.75452,36.99101],[140.75365,36.99216],[140.75359,36.99343],[140.75492,36.99475],[140.75681,36.99485],[140.7566,36.99644],[140.75454,36.99863]]]},"properties":{"hoanrinKind":"保安林"}},
{"type":"Feature","geometry":{"type":"Polygon","coordinates":[[[139.4522,37.36342],[139.44728,37.36498],[139.44866,37.36252],[139.44998,37.35925],[139.45143,37.35862],[139.45424,37.36028],[139.45668,37.36026],[139.46062,37.36204],[139.45625,37.36335],[139.4522,37.36342]]]},"properties":{"hoanrinKind":"保安林"}},
{"type":"Feature","geometry":{"type":"Polygon","coordinates":[[[140.80578,37.77115],[140.80449,37.77281],[140.80207,37.77364],[140.79983,37.77505],[140.79771,37.77236],[140.79827,37.76989],[140.79782,37.76821],[140.79605,37.7666],[140.79821,37.76526],[140.80062,37.76663],[140.80181,37.77076],[140.80321,37.77111],[140.80447,37.77068],[140.80578,37.77115]]]},"properties":{"hoanrinKind":"保安林"}},
{"type":"Feature","geometry":{"type":"Polygon","coordinates":[[[140.55117,37.71525],[140.54951,37.71599],[140.5473,37.71504],[140.5453,37.71494],[140.54263,37.71302],[140.5424,37.71127],[140.54429,37.70937],[140.54574,37.70873],[140.54891,37.71164],[140.55118,37.71265],[140.55117,37.71525]]]},"properties":{"hoanrinKind":"保安林"}},
{"type":"Feature","geometry":{"type":"Polygon","coordinates":[[[139.67602,37.19136],[139.67398,37.19018],[139.67372,37.18842],[139.67409,37.18589],[139.67591,37.18418],[139.68054,37.18461],[139.68363,37.18312],[139.68454,37.18403],[139.68176,37.18664],[139.67696,37.18871],[139.67602,37.19136]]]},"properties":{"hoanrinKind":"保安林"}},
{"type":"Feature","geometry":{"type":"Polygon","coordinates":[[[139.64717,37.57733],[139.64571,37.57845],[139.641,37.57703],[139.64376,37.57606],[139.64203,37.5755],[139.64284,37.57434],[139.64036,37.57374],[139.64022,37.57259],[139.63815,37.57192],[139.63751,37.57312],[139.63582,37.57419],[139.636,37.57171],[139.63788,37.57042],[139.63785,37.56926],[139.64047,37.56834],[139.63942,37.56664],[139.63972,37.56475],[139.64237,37.56497],[139.64154,37.5675],[139.64081,37.56776],[139.64111,37.57055],[139.64217,37.57279],[139.6434,37.57361],[139.64717,37.57733]]]},"properties":{"hoanrinKind":"保安林"}},
{"type":"Feature","geometry":{"type":"Polygon","coordinates":[[[139.72793,37.12525],[139.72989,37.12602],[139.73104,37.12697],[139.73166,37.12886],[139.7282,37.12974],[139.72353,37.13014],[139.7201,37.13068],[139.71988,37.1295],[139.72503,37.12574],[139.72793,37.12525]]]},"properties":{"hoanrinKind":"保安林"}},
{"type":"Feature","geometry":{"type":"Polygon","coordinates":[[[140.0833,37.63293],[140.07922,37.63326],[140.07533,37.63272],[140.07408,37.63293],[140.07304,37.6309],[140.07379,37.62931],[140.07594,37.62942],[140.08054,37.62735],[140.08373,37.63233],[140.0833,37.63293]]]},"properties":{"hoanrinKind":"保安林"}},
{"type":"Feature","geometry":{"type":"Polygon","coordinates":[[[140.84908,37.77933],[140.84637,37.78001],[140.84607,37.77886],[140.84651,37.77727],[140.84849,37.77594],[140.84893,37.77445],[140.85073,37.7733],[140.85084,37.77228],[140.84967,37.77167],[140.84956,37.7703],[140.85111,37.76817],[140.8534,37.76933],[140.85431,37.77333],[140.8532,37.77453],[140.8507,37.77525],[140.85059,37.77716],[140.85132,37.77821],[140.85084,37.77917],[140.84908,37.77933]]]},"properties":{"hoanrinKind":"保安林"}},
{"type":"Feature","geometry":{"type":"Polygon","coordinates":[[[140.23158,37.3428],[140.23302,37.34589],[140.23113,37.34667],[140.23145,37.34837],[140.22954,37.34876],[140.22704,37.34998],[140.22607,37.3487],[140.22494,37.34847],[140.22587,37.34481],[140.2275,37.34262],[140.23073,37.34238],[140.23158,37.3428]]]},"properties":{"hoanrinKind":"保安林"}},
{"type":"Feature","geometry":{"type":"Polygon","coordinates":[[[139.62277,37.41487],[139.61794,37.41671],[139.61592,37.41666],[139.617,37.41404],[139.61541,37.41227],[139.61414,37.41],[139.61787,37.41083],[139.62039,37.41064],[139.6243,37.41303],[139.62461,37.41406],[139.62401,37.41568],[139.62277,37.41487]]]},"properties":{"hoanrinKind":"保安林"}},
{"type":"Feature","geometry":{"type":"Polygon","coordinates":[[[139.84423,37.65896],[139.83664,37.65898],[139.83673,37.65657],[139.83576,37.65395],[139.83611,37.65339],[139.83859,37.65354],[139.84224,37.65284],[139.84395,37.65352],[139.84364,37.65633],[139.84213,37.65721],[139.84402,37.65795],[139.84423,37.65896]]]},"properties":{"hoanrinKind":"保安林"}},
{"type":"Feature","geometry":{"type":"Polygon","coordinates":[[[140.14656,37.37298],[140.14615,37.37417],[140.1431,37.37518],[140.14168,37.37229],[140.14247,37.37034],[140.14264,37.36749],[140.14416,37.36641],[140.14739,37.36727],[140.14979,37.36735],[140.14837,37.3708],[140.14696,37.37119],[140.14656,37.37298]]]},"properties":{"hoanrinKind":"保安林"}},
{"type":"Feature","geometry":{"type":"Polygon","coordinates":[[[139.60986,37.67441],[139.60521,37.67446],[139.6046,37.67365],[139.60243,37.6726],[139.60106,37.67131],[139.60094,37.66968],[139.60356,37.6694],[139.60753,37.66948],[139.61214,37.67144],[139.60986,37.67441]]]},"properties":{"hoanrinKind":"保安林"}},
{"type":"Feature","geometry":{"type":"Polygon","coordinates":[[[140.3124,37.75674],[140.30964,37.75825],[140.30782,37.75992],[140.30247,37.76154],[140.30074,37.76026],[140.30164,37.75802],[140.30669,37.75653],[140.30828,37.7567],[140.31219,37.75567],[140.31528,37.75405],[140.31697,37.75455],[140.3124,37.75674]]]},"properties":{"hoanrinKind":"保安林"}},
{"type":"Feature","geometry":{"type":"Polygon","coordinates":[[[140.37627,36.89478],[140.37451,36.89554],[140.37443,36.89633],[140.37272,36.8967],[140.37162,36.89446],[140.36993,36.89314],[140.37176,36.89204],[140.375,36.89275],[140.3742,36.89086],[140.3753,36.89047],[140.37662,36.89178],[140.37882,36.89165],[140.38375,36.88912],[140.38438,36.89029],[140.38259,36.89124],[140.38007,36.89405],[140.37848,36.89492],[140.37627,36.89478]]]},"properties":{"hoanrinKind":"保安林"}},
{"type":"Feature","geometry":{"type":"Polygon","coordinates":[[[139.54576,37.08331],[139.54507,37.0839],[139.54097,37.08304],[139.5414,37.08096],[139.54041,37.07931],[139.54253,37.07699],[139.54644,37.07662],[139.54714,37.07821],[139.54758,37.08066],[139.54576,37.08331]]]},"properties":{"hoanrinKind":"保安林"}},
{"type":"Feature","geometry":{"type":"Polygon","coordinates":[[[140.89845,37.607],[140.89654,37.60667],[140.89694,37.60569],[140.89918,37.60466],[140.89651,37.60387],[140.89392,37.60355],[140.89416,37.60264],[140.89613,37.60296],[140.89841,37.60231],[140.9021,37.60273],[140.90415,37.60243],[140.90461,37.60299],[140.90813,37.60324],[140.90768,37.60397],[140.90939,37.60498],[140.90824,37.60572],[140.90607,37.60471],[140.90345,37.60586],[140.90435,37.60677],[140.90122,37.60747],[140.89845,37.607]]]},"properties":{"hoanrinKind":"保安林"}},
{"type":"Feature","geometry":{"type":"Polygon","coordinates":[[[140.80785,37.08796],[140.80506,37.08846],[140.80281,37.08785],[140.80231,37.08654],[140.80317,37.08556],[140.80731,37.08466],[140.80932,37.08362],[140.81266,37.08368],[140.8119,37.08251],[140.81276,37.08191],[140.81494,37.08163],[140.81387,37.08563],[140.81268,37.08778],[140.80785,37.08796]]]},"properties":{"hoanrinKind":"保安林"}},
{"type":"Feature","geometry":{"type":"Polygon","coordinates":[[[139.72174,37.68297],[139.72197,37.68476],[139.72033,37.68441],[139.7198,37.68304],[139.71819,37.68181],[139.71838,37.67974],[139.72084,37.67609],[139.72305,37.6752],[139.72442,37.67574],[139.72589,37.67973],[139.72544,37.68107],[139.72284,37.68152],[139.72174,37.68297]]]},"properties":{"hoanrinKind":"保安林"}},
{"type":"Feature","geometry":{"type":"Polygon","coordinates":[[[140.71912,37.75523],[140.71803,37.75676],[140.71379,37.75574],[140.71307,37.75452],[140.71189,37.75502],[140.70905,37.75497],[140.70901,37.754],[140.70667,37.75375],[140.70775,37.75103],[140.71162,37.75164],[140.71732,37.7518],[140.71873,37.75292],[140.71912,37.75523]]]},"properties":{"hoanrinKind":"保安林"}},
{"type":"Feature","geometry":{"type":"Polygon","coordinates":[[[139.77047,37.52691],[139.76782,37.52779],[139.76698,37.52715],[139.76571,37.52498],[139.76653,37.52299],[139.76552,37.52164],[139.76646,37.51967],[139.76852,37.52007],[139.76998,37.52099],[139.77283,37.52483],[139.77418,37.52543],[139.77294,37.52648],[139.77047,37.52691]]]},"properties":{"hoanrinKind":"保安林"}},
{"type":"Feature","geometry":{"type":"Polygon","coordinates":[[[139.93164,37.30975],[139.93304,37.31054],[139.93375,37.31223],[139.93381,37.31373],[139.93456,37.31522],[139.93406,37.31647],[139.92994,37.3161],[139.92856,37.31321],[139.92713,37.31152],[139.92717,37.30983],[139.92561,37.30859],[139.92773,37.30707],[139.92951,37.30858],[139.93164,37.30975]]]},"properties":{"hoanrinKind":"保安林"}},
{"type":"Feature","geometry":{"type":"Polygon","coordinates":[[[140.61541,37.71653],[140.61342,37.71668],[140.61369,37.71534],[140.61144,37.71421],[140.61479,37.71236],[140.61758,37.71125],[140.6216,37.71125],[140.62382,37.71035],[140.62576,37.71088],[140.62425,37.71293],[140.62139,37.71434],[140.61768,37.71529],[140.61541,37.71653]]]},"properties":{"hoanrinKind":"保安林"}},
{"type":"Feature","geometry":{"type":"Polygon","coordinates":[[[140.72571,37.13547],[140.72662,37.13717],[140.72458,37.1388],[140.72102,37.14066],[140.72019,37.14039],[140.71817,37.13774],[140.71741,37.13573],[140.71543,37.13525],[140.71594,37.1344],[140.71746,37.13496],[140.72111,37.13427],[140.72379,37.13334],[140.72493,37.13355],[140.72571,37.13547]]]},"properties":{"hoanrinKind":"保安林"}},
{"type":"Feature","geometry":{"type":"Polygon","coordinates":[[[139.7037,37.56765],[139.70406,37.57016],[139.70392,37.57215],[139.70331,37.57306],[139.70039,37.5728],[139.70108,37.5707],[139.69982,37.56801],[139.69887,37.56752],[139.6973,37.56784],[139.69672,37.56689],[139.69648,37.56448],[139.69539,37.56193],[139.69624,37.5601],[139.698,37.56106],[139.69833,37.56394],[139.70002,37.56564],[139.70315,37.56565],[139.7037,37.56765]]]},"properties":{"hoanrinKind":"保安林"}},
{"type":"Feature","geometry":{"type":"Polygon","coordinates":[[[140.28256,37.02729],[140.28234,37.02888],[140.28278,37.03015],[140.28467,37.032],[140.28594,37.03192],[140.28658,37.03337],[140.28654,37.03513],[140.28467,37.03514],[140.2818,37.03315],[140.28061,37.03364],[140.2791,37.03226],[140.27953,37.03059],[140.27875,37.02925],[140.27767,37.0306],[140.27617,37.02985],[140.27532,37.02817],[140.27778,37.02671],[140.27962,37.02722],[140.28163,37.02687],[140.28256,37.02729]]]},"properties":{"hoanrinKind":"保安林"}},
{"type":"Feature","geometry":{"type":"Polygon","coordinates":[[[140.65827,37.02043],[140.65632,37.02131],[140.65299,37.02009],[140.65525,37.01863],[140.65582,37.0158],[140.65876,37.01644],[140.65968,37.01777],[140.6607,37.01656],[140.6679,37.01797],[140.66686,37.01904],[140.66446,37.01917],[140.66235,37.01978],[140.6609,37.01829],[140.65992,37.01876],[140.66052,37.02011],[140.66033,37.02146],[140.65827,37.02043]]]},"properties":{"hoanrinKind":"保安林"}},
{"type":"Feature","geometry":{"type":"Polygon","coordinates":[[[140.16164,37.40254],[140.16048,37.40575],[140.15919,37.40587],[140.15867,37.40416],[140.15751,37.40291],[140.15458,37.40109],[140.15393,37.40026],[140.15556,37.39917],[140.15923,37.39825],[140.1642,37.39882],[140.16604,37.39992],[140.1662,37.40244],[140.16474,37.40176],[140.16204,37.40139],[140.16164,37.40254]]]},"properties":{"hoanrinKind":"保安林"}},
{"type":"Feature","geometry":{"type":"Polygon","coordinates":[[[139.98272,37.23646],[139.98425,37.23695],[139.98632,37.23903],[139.9862,37.24192],[139.98722,37.24307],[139.98723,37.24492],[139.98636,37.24547],[139.98489,37.24449],[139.98269,37.24205],[139.98169,37.23933],[139.98005,37.23694],[139.98032,37.23627],[139.97642,37.23428],[139.97437,37.23407],[139.97375,37.23294],[139.97927,37.23321],[139.97966,37.23384],[139.98167,37.23402],[139.98166,37.23594],[139.98272,37.23646]]]},"properties":{"hoanrinKind":"保安林"}},
{"type":"Feature","geometry":{"type":"Polygon","coordinates":[[[140.13161,37.62474],[140.12859,37.62456],[140.12799,37.62183],[140.12983,37.61984],[140.12981,37.61711],[140.13548,37.61633],[140.13505,37.61798],[140.13694,37.61909],[140.13225,37.62382],[140.13161,37.62474]]]},"properties":{"hoanrinKind":"保安林"}},
{"type":"Feature","geometry":{"type":"Polygon","coordinates":[[[140.54373,37.90804],[140.54075,37.90766],[140.53892,37.90542],[140.5375,37.90433],[140.53839,37.90341],[140.53976,37.90324],[140.53833,37.90041],[140.53804,37.89895],[140.53651,37.8979],[140.53632,37.89625],[140.53799,37.89685],[140.53915,37.89794],[140.54095,37.89785],[140.54148,37.89889],[140.5435,37.89915],[140.54327,37.9008],[140.5441,37.90209],[140.54327,37.90418],[140.54314,37.90623],[140.54373,37.90804]]]},"properties":{"hoanrinKind":"保安林"}},
{"type":"Feature","geometry":{"type":"Polygon","coordinates":[[[140.5872,37.80715],[140.58633,37.80633],[140.5846,37.80678],[140.58471,37.80551],[140.58312,37.80492],[140.58308,37.80309],[140.58223,37.80274],[140.58221,37.80077],[140.5836,37.80115],[140.5853,37.80044],[140.587,37.79742],[140.58943,37.79707],[140.5908,37.7984],[140.5897,37.79983],[140.58886,37.79921],[140.58692,37.79964],[140.58967,37.80182],[140.58899,37.8063],[140.58774,37.80613],[140.5872,37.80715]]]},"properties":{"hoanrinKind":"保安林"}},
{"type":"Feature","geometry":{"type":"Polygon","coordinates":[[[140.40413,36.9017],[140.40302,36.90201],[140.39918,36.90114],[140.39579,36.90122],[140.39446,36.90056],[140.39445,36.89907],[140.39194,36.89861],[140.39318,36.89682],[140.39486,36.89696],[140.39553,36.89484],[140.39662,36.89483],[140.39842,36.89619],[140.39962,36.89795],[140.40159,36.89823],[140.40313,36.89919],[140.40502,36.89962],[140.40413,36.9017]]]},"properties":{"hoanrinKind":"保安林"}},
{"type":"Feature","geometry":{"type":"Polygon","coordinates":[[[139.58595,37.59923],[139.58451,37.59971],[139.5826,37.59702],[139.58443,37.59455],[139.58597,37.59369],[139.58801,37.59168],[139.58948,37.59094],[139.59223,37.59188],[139.59355,37.59177],[139.59257,37.59553],[139.59064,37.59536],[139.58801,37.59766],[139.58602,37.59786],[139.58595,37.59923]]]},"properties":{"hoanrinKind":"保安林"}},
{"type":"Feature","geometry":{"type":"Polygon","coordinates":[[[140.88515,37.63774],[140.88426,37.63867],[140.882,37.63851],[140.88116,37.63729],[140.87922,37.63763],[140.87816,37.63724],[140.87886,37.63577],[140.88144,37.63366],[140.88308,37.63149],[140.88426,37.62865],[140.88558,37.62815],[140.88711,37.62925],[140.88956,37.62999],[140.89044,37.63086],[140.88783,37.63198],[140.88309,37.63331],[140.88324,37.63439],[140.8849,37.63487],[140.88515,37.63774]]]},"properties":{"hoanrinKind":"保安林"}},
{"type":"Feature","geometry":{"type":"Polygon","coordinates":[[[140.63491,37.68742],[140.63312,37.68948],[140.63239,37.68821],[140.62979,37.68744],[140.62874,37.68612],[140.63073,37.68596],[140.62989,37.68457],[140.62635,37.6831],[140.6274,37.68182],[140.62499,37.6814],[140.62487,37.67956],[140.62742,37.68038],[140.62885,37.68046],[140.63004,37.6815],[140.63378,37.68234],[140.63603,37.68506],[140.63491,37.68742]]]},"properties":{"hoanrinKind":"保安林"}},
{"type":"Feature","geometry":{"type":"Polygon","coordinates":[[[140.43739,37.92537],[140.43717,37.92729],[140.43511,37.9277],[140.43196,37.92649],[140.43171,37.92528],[140.42989,37.92582],[140.42702,37.92521],[140.42714,37.92286],[140.4292,37.92206],[140.42908,37.92119],[140.43131,37.92085],[140.43122,37.92211],[140.43285,37.92218],[140.43381,37.92108],[140.4348,37.92203],[140.43651,37.92154],[140.438,37.92348],[140.43739,37.92537]]]},"properties":{"hoanrinKind":"保安林"}},
{"type":"Feature","geometry":{"type":"Polygon","coordinates":[[[140.89226,37.34658],[140.89108,37.3458],[140.89175,37.34463],[140.88804,37.34118],[140.88622,37.33999],[140.88459,37.33805],[140.88302,37.3352],[140.88626,37.33571],[140.88839,37.33794],[140.89215,37.3401],[140.89333,37.3399],[140.89566,37.3406],[140.89351,37.34327],[140.89418,37.3441],[140.89322,37.34649],[140.89226,37.34658]]]},"properties":{"hoanrinKind":"保安林"}},
{"type":"Feature","geometry":{"type":"Polygon","coordinates":[[[139.7821,37.19398],[139.77751,37.19428],[139.77672,37.19218],[139.77663,37.1897],[139.77698,37.18769],[139.77862,37.18745],[139.78125,37.18618],[139.78306,37.18745],[139.78452,37.18954],[139.78402,37.19107],[139.78443,37.19242],[139.7821,37.19398]]]},"properties":{"hoanrinKind":"保安林"}},
{"type":"Feature","geometry":{"type":"Polygon","coordinates":[[[140.36502,37.56112],[140.36629,37.56326],[140.36533,37.56653],[140.36291,37.56864],[140.36154,37.56904],[140.36031,37.56646],[140.35835,37.56482],[140.35673,37.56419],[140.35745,37.56315],[140.36288,37.55997],[140.36492,37.55923],[140.36555,37.56019],[140.36502,37.56112]]]},"properties":{"hoanrinKind":"保安林"}},
{"type":"Feature","geometry":{"type":"Polygon","coordinates":[[[139.67325,37.54493],[139.67118,37.5455],[139.66833,37.54681],[139.66763,37.54614],[139.6683,37.54233],[139.66783,37.5405],[139.66633,37.5387],[139.66825,37.53671],[139.67058,37.53551],[139.67351,37.53546],[139.67192,37.53709],[139.67189,37.53871],[139.67307,37.54074],[139.67325,37.54493]]]},"properties":{"hoanrinKind":"保安林"}},
{"type":"Feature","geometry":{"type":"Polygon","coordinates":[[[139.80014,37.47908],[139.80053,37.48098],[139.797,37.48024],[139.79186,37.47785],[139.79169,37.47668],[139.79349,37.47607],[139.79537,37.47388],[139.79763,37.47453],[139.7991,37.47341],[139.80221,37.47452],[139.80445,37.47653],[139.79977,37.4766],[139.80101,37.47805],[139.80014,37.47908]]]},"properties":{"hoanrinKind":"保安林"}},
{"type":"Feature","geometry":{"type":"Polygon","coordinates":[[[139.47047,37.23986],[139.47335,37.24098],[139.47528,37.24297],[139.47448,37.24404],[139.47228,37.2453],[139.47008,37.2456],[139.46574,37.24516],[139.46346,37.2439],[139.46373,37.24215],[139.46482,37.24112],[139.46785,37.24012],[139.47047,37.23986]]]},"properties":{"hoanrinKind":"保安林"}},
{"type":"Feature","geometry":{"type":"Polygon","coordinates":[[[139.62397,37.30625],[139.62289,37.30652],[139.61238,37.30489],[139.61461,37.30267],[139.61548,37.30109],[139.61902,37.30001],[139.62135,37.29995],[139.62285,37.30038],[139.62395,37.30172],[139.6244,37.30409],[139.62397,37.30625]]]},"properties":{"hoanrinKind":"保安林"}},
{"type":"Feature","geometry":{"type":"Polygon","coordinates":[[[141.03655,37.45473],[141.03557,37.45657],[141.03557,37.4584],[141.03637,37.45963],[141.03519,37.45996],[141.03281,37.4591],[141.03216,37.45814],[141.03351,37.45662],[141.03452,37.45346],[141.03606,37.45148],[141.035,37.44837],[141.03415,37.44804],[141.03283,37.44637],[141.03606,37.44539],[141.03787,37.44797],[141.03757,37.44963],[141.03787,37.45349],[141.03655,37.45473]]]},"properties":{"hoanrinKind":"保安林"}},
{"type":"Feature","geometry":{"type":"Polygon","coordinates":[[[140.30573,36.96359],[140.30712,36.96593],[140.30877,36.96706],[140.30943,36.96956],[140.3101,36.97034],[140.30904,36.97451],[140.30837,36.97591],[140.30563,36.97211],[140.30394,36.97043],[140.3029,36.96823],[140.30155,36.96633],[140.30326,36.96546],[140.30383,36.96407],[140.30573,36.96359]]]},"properties":{"hoanrinKind":"保安林"}},
{"type":"Feature","geometry":{"type":"Polygon","coordinates":[[[140.16169,37.37213],[140.16072,37.37285],[140.15903,37.37195],[140.15735,37.37236],[140.15858,37.36946],[140.15731,37.36881],[140.15739,37.3679],[140.15534,37.36726],[140.15622,37.36644],[140.15444,37.36552],[140.1563,37.36435],[140.16073,37.36273],[140.16053,37.36465],[140.16201,37.36595],[140.16303,37.36598],[140.16478,37.36759],[140.16444,37.36883],[140.16247,37.3706],[140.16169,37.37213]]]},"properties":{"hoanrinKind":"保安林"}},
{"type":"Feature","geometry":{"type":"Polygon","coordinates":[[[139.81189,37.24019],[139.80941,37.24017],[139.80808,37.23975],[139.80859,37.23714],[139.8079,37.23594],[139.8084,37.23346],[139.81013,37.23132],[139.81332,37.23319],[139.81543,37.23532],[139.81572,37.23664],[139.81534,37.23963],[139.81189,37.24019]]]},"properties":{"hoanrinKind":"保安林"}},
{"type":"Feature","geometry":{"type":"Polygon","coordinates":[[[139.4787,37.2946],[139.47725,37.29657],[139.47647,37.299],[139.47623,37.30217],[139.4724,37.30445],[139.46828,37.30552],[139.46733,37.30533],[139.46683,37.30309],[139.46717,37.30213],[139.47106,37.30023],[139.47219,37.2994],[139.47341,37.29733],[139.47614,37.29531],[139.4787,37.2946]]]},"properties":{"hoanrinKind":"保安林"}},
{"type":"Feature","geometry":{"type":"Polygon","coordinates":[[[140.15205,37.66654],[140.15142,37.66835],[140.14873,37.66968],[140.14702,37.66867],[140.14625,37.66754],[140.14618,37.66506],[140.14224,37.66294],[140.14444,37.66203],[140.14965,37.66332],[140.15146,37.66312],[140.15684,37.66567],[140.15588,37.66707],[140.15205,37.66654]]]},"properties":{"hoanrinKind":"保安林"}},
{"type":"Feature","geometry":{"type":"Polygon","coordinates":[[[140.2944,37.14757],[140.29333,37.14975],[140.29113,37.148],[140.28984,37.14602],[140.28906,37.143],[140.29004,37.14062],[140.29277,37.14124],[140.29591,37.14058],[140.29746,37.14329],[140.29577,37.14607],[140.29456,37.14633],[140.2944,37.14757]]]},"properties":{"hoanrinKind":"保安林"}},
{"type":"Feature","geometry":{"type":"Polygon","coordinates":[[[140.22942,37.40954],[140.22863,37.41055],[140.22652,37.4094],[140.22386,37.40917],[140.22025,37.40732],[140.22013,37.40532],[140.22375,37.40375],[140.22854,37.4034],[140.23185,37.40469],[140.23253,37.40654],[140.23167,37.40706],[140.22966,37.40711],[140.22784,37.40645],[140.22745,37.40819],[140.22942,37.40954]]]},"properties":{"hoanrinKind":"保安林"}},
{"type":"Feature","geometry":{"type":"Polygon","coordinates":[[[139.72206,37.63003],[139.71999,37.62995],[139.71843,37.62828],[139.71653,37.62739],[139.71561,37.62905],[139.71453,37.62773],[139.7184,37.62408],[139.71755,37.62286],[139.71814,37.62199],[139.72418,37.6233],[139.72537,37.62264],[139.7268,37.62312],[139.72573,37.62573],[139.72657,37.62734],[139.72575,37.628],[139.72103,37.62701],[139.7202,37.62821],[139.72196,37.62912],[139.72206,37.63003]]]},"properties":{"hoanrinKind":"保安林"}},
{"type":"Feature","geometry":{"type":"Polygon","coordinates":[[[140.40056,37.81874],[140.39948,37.81852],[140.39854,37.81523],[140.39688,37.81646],[140.39435,37.8159],[140.39418,37.81332],[140.39527,37.81008],[140.39456,37.80861],[140.39561,37.80627],[140.39664,37.80645],[140.39761,37.8079],[140.39703,37.80943],[140.39795,37.81105],[140.39958,37.81079],[140.40178,37.81249],[140.40156,37.81375],[140.40208,37.81583],[140.40056,37.81874]]]},"properties":{"hoanrinKind":"保安林"}},
{"type":"Feature","geometry":{"type":"Polygon","coordinates":[[[139.62022,37.21046],[139.61796,37.21195],[139.61752,37.21012],[139.61866,37.20934],[139.62101,37.20911],[139.62331,37.20731],[139.62444,37.20705],[139.62475,37.20474],[139.62678,37.20437],[139.63103,37.20473],[139.63424,37.20449],[139.63585,37.20502],[139.63629,37.20677],[139.6335,37.20734],[139.63308,37.20867],[139.6305,37.20826],[139.62801,37.20867],[139.62572,37.20836],[139.6236,37.2088],[139.62217,37.21057],[139.62022,37.21046]]]},"properties":{"hoanrinKind":"保安林"}},
{"type":"Feature","geometry":{"type":"Polygon","coordinates":[[[139.5174,37.05666],[139.51517,37.05665],[139.5127,37.05567],[139.51271,37.05402],[139.51126,37.05259],[139.51099,37.05091],[139.51627,37.05103],[139.5188,37.05016],[139.52226,37.05351],[139.52156,37.05585],[139.51969,37.05667],[139.5174,37.05666]]]},"properties":{"hoanrinKind":"保安林"}},
{"type":"Feature","geometry":{"type":"Polygon","coordinates":[[[139.5062,37.11554],[139.50278,37.1164],[139.49952,37.1136],[139.49988,37.11146],[139.49935,37.10953],[139.49949,37.10754],[139.50105,37.10595],[139.50242,37.1075],[139.50525,37.10824],[139.5064,37.1098],[139.50597,37.11349],[139.5062,37.11554]]]},"properties":{"hoanrinKind":"保安林"}},
{"type":"Feature","geometry":{"type":"Polygon","coordinates":[[[140.67202,36.9764],[140.67156,36.97791],[140.66939,36.97641],[140.66721,36.97545],[140.66296,36.97552],[140.65951,36.97643],[140.65764,36.97778],[140.65631,36.97791],[140.65598,36.97601],[140.65938,36.97447],[140.66061,36.97296],[140.66096,36.97111],[140.66761,36.97108],[140.66956,36.97296],[140.67032,36.97631],[140.67202,36.9764]]]},"properties":{"hoanrinKind":"保安林"}},
{"type":"Feature","geometry":{"type":"Polygon","coordinates":[[[140.81859,37.74496],[140.81741,37.74543],[140.81675,37.74356],[140.8176,37.74254],[140.8198,37.74203],[140.82055,37.7414],[140.82023,37.73975],[140.82225,37.73663],[140.82153,37.73526],[140.8181,37.73455],[140.81868,37.73245],[140.81689,37.73094],[140.81902,37.73011],[140.82235,37.73093],[140.82577,37.73144],[140.82489,37.73437],[140.82246,37.73809],[140.82268,37.74175],[140.82087,37.74312],[140.82087,37.7441],[140.81859,37.74496]]]},"properties":{"hoanrinKind":"保安林"}},
{"type":"Feature","geometry":{"type":"Polygon","coordinates":[[[140.90288,37.72233],[140.9039,37.72328],[140.90255,37.72412],[140.90011,37.72295],[140.90064,37.72201],[140.8951,37.7227],[140.89299,37.72206],[140.89293,37.71811],[140.89198,37.71911],[140.89055,37.71933],[140.88914,37.7188],[140.88934,37.71765],[140.88836,37.71482],[140.89162,37.71512],[140.89289,37.71583],[140.89266,37.71727],[140.89369,37.71788],[140.89416,37.72004],[140.89595,37.71947],[140.89516,37.71847],[140.89775,37.71775],[140.90088,37.71855],[140.90288,37.72233]]]},"properties":{"hoanrinKind":"保安林"}},
{"type":"Feature","geometry":{"type":"Polygon","coordinates":[[[139.58203,37.29518],[139.58521,37.29608],[139.58771,37.29811],[139.5857,37.29976],[139.58193,37.30064],[139.5796,37.30258],[139.57668,37.30149],[139.57584,37.29991],[139.57602,37.29885],[139.57747,37.29778],[139.57751,37.2959],[139.57838,37.29514],[139.58203,37.29518]]]},"properties":{"hoanrinKind":"保安林"}},
{"type":"Feature","geometry":{"type":"Polygon","coordinates":[[[140.87376,37.45468],[140.87285,37.45529],[140.87138,37.4576],[140.86789,37.46029],[140.86779,37.45926],[140.86873,37.45815],[140.86778,37.4569],[140.87019,37.45401],[140.87193,37.4513],[140.87372,37.4491],[140.87823,37.44703],[140.8789,37.45117],[140.87873,37.45244],[140.87751,37.45432],[140.8741,37.45328],[140.87376,37.45468]]]},"properties":{"hoanrinKind":"保安林"}},
{"type":"Feature","geometry":{"type":"Polygon","coordinates":[[[139.96493,37.30006],[139.96285,37.30001],[139.96109,37.29938],[139.95578,37.29922],[139.95549,37.29832],[139.95822,37.29554],[139.95989,37.29533],[139.9623,37.29413],[139.96364,37.29286],[139.96652,37.29431],[139.96799,37.29659],[139.96626,37.2999],[139.96493,37.30006]]]},"properties":{"hoanrinKind":"保安林"}},
{"type":"Feature","geometry":{"type":"Polygon","coordinates":[[[140.74193,37.22649],[140.74113,37.22739],[140.73605,37.22985],[140.73557,37.22685],[140.73217,37.22862],[140.73094,37.22839],[140.73019,37.22642],[140.73144,37.22498],[140.7349,37.22366],[140.73717,37.22135],[140.7404,37.22231],[140.74298,37.22387],[140.74214,37.22505],[140.74193,37.22649]]]},"properties":{"hoanrinKind":"保安林"}},
{"type":"Feature","geometry":{"type":"Polygon","coordinates":[[[140.22258,37.30599],[140.22233,37.30706],[140.22027,37.30766],[140.218,37.30881],[140.21491,37.30766],[140.21311,37.30569],[140.21403,37.30382],[140.21508,37.30396],[140.2153,37.30207],[140.21672,37.30109],[140.21832,37.3031],[140.22112,37.30378],[140.22294,37.3026],[140.22283,37.30122],[140.22542,37.30112],[140.22487,37.30231],[140.22563,37.30368],[140.22654,37.30387],[140.2263,37.30593],[140.22258,37.30599]]]},"properties":{"hoanrinKind":"保安林"}},
{"type":"Feature","geometry":{"type":"Polygon","coordinates":[[[140.92824,37.13636],[140.92711,37.137],[140.92526,37.13631],[140.9254,37.13464],[140.92431,37.13087],[140.92487,37.12997],[140.92309,37.12868],[140.92263,37.12708],[140.9242,37.12514],[140.92575,37.12445],[140.9298,37.12577],[140.93049,37.1272],[140.9295,37.13031],[140.92944,37.13276],[140.92856,37.13431],[140.9255,37.1359],[140.92824,37.13636]]]},"properties":{"hoanrinKind":"保安林"}},
{"type":"Feature","geometry":{"type":"Polygon","coordinates":[[[140.63196,36.92765],[140.63125,36.92928],[140.62957,36.93015],[140.62933,36.93168],[140.62855,36.93256],[140.62823,36.93421],[140.62678,36.93382],[140.62207,36.93326],[140.61911,36.93166],[140.61921,36.93023],[140.62216,36.92948],[140.62294,36.92811],[140.6243,36.92743],[140.62691,36.92742],[140.62916,36.92625],[140.63196,36.92765]]]},"properties":{"hoanrinKind":"保安林"}},
{"type":"Feature","geometry":{"type":"Polygon","coordinates":[[[139.68358,37.28121],[139.6843,37.28268],[139.68421,37.28529],[139.68227,37.28839],[139.68012,37.29072],[139.67874,37.29302],[139.67478,37.2912],[139.67196,37.29016],[139.67328,37.28884],[139.67737,37.28661],[139.67925,37.28524],[139.68102,37.28319],[139.68208,37.2828],[139.68358,37.28121]]]},"properties":{"hoanrinKind":"保安林"}},
{"type":"Feature","geometry":{"type":"Polygon","coordinates":[[[139.40451,37.18023],[139.40613,37.181],[139.40882,37.18167],[139.41139,37.18312],[139.413,37.1857],[139.41191,37.18678],[139.40756,37.18825],[139.40604,37.18923],[139.40208,37.19045],[139.40041,37.19058],[139.40276,37.18775],[139.40376,37.18582],[139.40517,37.18527],[139.40519,37.18306],[139.40386,37.18108],[139.40451,37.18023]]]},"properties":{"hoanrinKind":"保安林"}},
{"type":"Feature","geometry":{"type":"Polygon","coordinates":[[[140.17235,37.25239],[140.17042,37.25252],[140.16629,37.25152],[140.16606,37.25],[140.16646,37.24857],[140.16609,37.24709],[140.16397,37.24361],[140.16535,37.24347],[140.16805,37.24485],[140.17031,37.24646],[140.17283,37.24635],[140.17461,37.2481],[140.17631,37.24914],[140.17612,37.25027],[140.17334,37.25246],[140.17235,37.25239]]]},"properties":{"hoanrinKind":"保安林"}},
{"type":"Feature","geometry":{"type":"Polygon","coordinates":[[[140.81391,37.05821],[140.8178,37.06014],[140.82177,37.06059],[140.82285,37.06125],[140.82187,37.06386],[140.81917,37.06431],[140.81359,37.06457],[140.8094,37.06371],[140.80792,37.06273],[140.81141,37.06096],[140.812,37.05863],[140.81391,37.05821]]]},"properties":{"hoanrinKind":"保安林"}},
{"type":"Feature","geometry":{"type":"Polygon","coordinates":[[[139.94664,37.30571],[139.94682,37.30767],[139.94647,37.31069],[139.9449,37.31086],[139.94242,37.31035],[139.93853,37.30869],[139.93801,37.30691],[139.93848,37.30466],[139.94136,37.30519],[139.94215,37.30464],[139.9427,37.30288],[139.94609,37.30082],[139.94747,37.30174],[139.94774,37.30299],[139.94664,37.30571]]]},"properties":{"hoanrinKind":"保安林"}},
{"type":"Feature","geometry":{"type":"Polygon","coordinates":[[[139.62967,37.66546],[139.62755,37.66775],[139.62496,37.66374],[139.62355,37.66475],[139.62256,37.66669],[139.62017,37.66497],[139.61912,37.66203],[139.61822,37.66042],[139.61874,37.65992],[139.62097,37.66001],[139.62444,37.65851],[139.62591,37.65931],[139.6273,37.66178],[139.62788,37.66389],[139.631,37.66258],[139.63158,37.66345],[139.63104,37.6656],[139.62967,37.66546]]]},"properties":{"hoanrinKind":"保安林"}},
{"type":"Feature","geometry":{"type":"Polygon","coordinates":[[[139.91268,37.25452],[139.91533,37.25527],[139.91556,37.25691],[139.91339,37.25913],[139.90976,37.26066],[139.91074,37.26231],[139.90969,37.26309],[139.90772,37.26295],[139.90438,37.26077],[139.90245,37.26009],[139.90571,37.25683],[139.90882,37.25612],[139.91077,37.25475],[139.91268,37.25452]]]},"properties":{"hoanrinKind":"保安林"}},
{"type":"Feature","geometry":{"type":"Polygon","coordinates":[[[139.64295,37.53814],[139.64339,37.53996],[139.64269,37.54138],[139.64283,37.54246],[139.64103,37.54383],[139.64022,37.54607],[139.63995,37.54826],[139.63695,37.5498],[139.636,37.55122],[139.6348,37.55113],[139.63503,37.5473],[139.63486,37.54581],[139.63591,37.5426],[139.63665,37.54144],[139.64003,37.53885],[139.6423,37.53759],[139.64295,37.53814]]]},"properties":{"hoanrinKind":"保安林"}},
{"type":"Feature","geometry":{"type":"Polygon","coordinates":[[[139.47534,37.12304],[139.47483,37.12429],[139.47329,37.12495],[139.47266,37.12664],[139.47004,37.12702],[139.46976,37.12493],[139.468,37.12266],[139.46644,37.12222],[139.46791,37.11945],[139.46934,37.11785],[139.47179,37.11788],[139.47441,37.11704],[139.47545,37.11758],[139.47655,37.12081],[139.47534,37.12304]]]},"properties":{"hoanrinKind":"保安林"}},
{"type":"Feature","geometry":{"type":"Polygon","coordinates":[[[139.94736,37.45008],[139.94609,37.45266],[139.94468,37.45368],[139.9428,37.45296],[139.94329,37.45109],[139.94489,37.44999],[139.94675,37.44698],[139.94889,37.44444],[139.95368,37.43939],[139.95436,37.43992],[139.95359,37.44155],[139.95264,37.44519],[139.95327,37.44878],[139.95251,37.45126],[139.9506,37.45031],[139.94736,37.45008]]]},"properties":{"hoanrinKind":"保安林"}},
{"type":"Feature","geometry":{"type":"Polygon","coordinates":[[[140.32507,37.64998],[140.32256,37.65096],[140.32137,37.65344],[140.32021,37.65366],[140.31817,37.65272],[140.31469,37.65247],[140.3111,37.65151],[140.31098,37.65074],[140.31237,37.64938],[140.3135,37.64743],[140.31508,37.64694],[140.32632,37.64844],[140.32626,37.64988],[140.32507,37.64998]]]},"properties":{"hoanrinKind":"保安林"}},
{"type":"Feature","geometry":{"type":"Polygon","coordinates":[[[140.09437,37.16962],[140.0915,37.16991],[140.08522,37.17279],[140.08387,37.17255],[140.08703,37.16908],[140.08966,37.16891],[140.09339,37.16657],[140.09459,37.16371],[140.09623,37.16218],[140.0997,37.1614],[140.10149,37.15963],[140.10328,37.15967],[140.10477,37.16234],[140.10289,37.16265],[140.10061,37.16193],[140.0986,37.16403],[140.09727,37.16745],[140.09632,37.16866],[140.09437,37.16962]]]},"properties":{"hoanrinKind":"保安林"}},
{"type":"Feature","geometry":{"type":"Polygon","coordinates":[[[139.90029,37.32143],[139.89503,37.32143],[139.89351,37.31789],[139.89539,37.31561],[139.89659,37.31366],[139.8972,37.31087],[139.89803,37.31117],[139.89838,37.31333],[139.89977,37.31536],[139.90191,37.31668],[139.9036,37.31728],[139.90518,37.31611],[139.9061,37.31641],[139.90506,37.31824],[139.90212,37.32065],[139.90029,37.32143]]]},"properties":{"hoanrinKind":"保安林"}},
{"type":"Feature","geometry":{"type":"Polygon","coordinates":[[[139.31594,37.38223],[139.3187,37.38195],[139.32122,37.38121],[139.32291,37.37954],[139.32553,37.37875],[139.32848,37.37854],[139.32823,37.37971],[139.33004,37.37999],[139.32899,37.38241],[139.32894,37.38395],[139.32624,37.38482],[139.32407,37.38427],[139.31903,37.38646],[139.31772,37.38672],[139.31744,37.38534],[139.31594,37.38223]]]},"properties":{"hoanrinKind":"保安林"}},
{"type":"Feature","geometry":{"type":"Polygon","coordinates":[[[139.91157,37.30521],[139.90885,37.30571],[139.90697,37.3053],[139.90674,37.304],[139.90973,37.30024],[139.91383,37.29888],[139.91642,37.29921],[139.9177,37.30004],[139.91895,37.30339],[139.91793,37.30545],[139.91636,37.30566],[139.91157,37.30521]]]},"properties":{"hoanrinKind":"保安林"}},
{"type":"Feature","geometry":{"type":"Polygon","coordinates":[[[140.42556,37.6436],[140.42604,37.64457],[140.42403,37.64468],[140.42227,37.64401],[140.4184,37.64333],[140.41642,37.64328],[140.41502,37.64276],[140.40922,37.63954],[140.40671,37.63984],[140.40675,37.63909],[140.41029,37.63899],[140.41123,37.63802],[140.41344,37.63805],[140.41503,37.63745],[140.41917,37.63717],[140.42114,37.63729],[140.42591,37.63671],[140.42602,37.63939],[140.42459,37.63897],[140.4231,37.64008],[140.42017,37.63893],[140.41541,37.63897],[140.41105,37.63955],[140.4136,37.64103],[140.41609,37.63996],[140.41755,37.64],[140.42024,37.64152],[140.42221,37.64115],[140.42556,37.6436]]]},"properties":{"hoanrinKind":"保安林"}},
{"type":"Feature","geometry":{"type":"Polygon","coordinates":[[[140.04558,37.17817],[140.04424,37.17915],[140.04158,37.17836],[140.04386,37.17582],[140.04492,37.17523],[140.04858,37.17443],[140.05078,37.1729],[140.05435,37.17278],[140.05782,37.16973],[140.06115,37.16825],[140.06276,37.16909],[140.06537,37.16839],[140.06662,37.16924],[140.06457,37.17003],[140.06482,37.17081],[140.06331,37.17144],[140.06231,37.17046],[140.06092,37.17069],[140.05792,37.17187],[140.05658,37.1727],[140.05667,37.17371],[140.05459,37.17531],[140.05377,37.17678],[140.05257,37.17636],[140.04883,37.17713],[140.04701,37.17806],[140.04558,37.17817]]]},"properties":{"hoanrinKind":"保安林"}},
{"type":"Feature","geometry":{"type":"Polygon","coordinates":[[[140.83833,37.51635],[140.83453,37.51636],[140.83364,37.51568],[140.83584,37.5136],[140.8379,37.5128],[140.84106,37.50929],[140.84253,37.50807],[140.84488,37.50782],[140.84794,37.50887],[140.84897,37.51276],[140.84654,37.51446],[140.84163,37.51389],[140.83961,37.51457],[140.83833,37.51635]]]},"properties":{"hoanrinKind":"保安林"}},
{"type":"Feature","geometry":{"type":"Polygon","coordinates":[[[140.93168,37.40485],[140.93254,37.40826],[140.93181,37.40827],[140.93091,37.40552],[140.93006,37.40431],[140.92883,37.40388],[140.92663,37.4043],[140.92456,37.4018],[140.92073,37.40037],[140.92065,37.39918],[140.922,37.39848],[140.92393,37.39627],[140.92176,37.39528],[140.91976,37.39338],[140.91923,37.39117],[140.92133,37.39164],[140.92356,37.39282],[140.92603,37.39303],[140.92746,37.39392],[140.92789,37.39546],[140.92656,37.39695],[140.92717,37.40143],[140.92852,37.40301],[140.93103,37.40214],[140.93168,37.40485]]]},"properties":{"hoanrinKind":"保安林"}},
{"type":"Feature","geometry":{"type":"Polygon","coordinates":[[[140.42213,37.90319],[140.42335,37.90399],[140.42373,37.90548],[140.42138,37.90486],[140.42034,37.90301],[140.41838,37.90313],[140.41585,37.90144],[140.41257,37.90145],[140.41067,37.90025],[140.40782,37.8998],[140.40851,37.89874],[140.41009,37.89946],[140.41241,37.89982],[140.4149,37.89912],[140.41747,37.89714],[140.41944,37.89771],[140.41831,37.89904],[140.42078,37.8993],[140.42496,37.90075],[140.42647,37.89997],[140.42563,37.89844],[140.42807,37.89781],[140.42821,37.89927],[140.42927,37.90181],[140.42789,37.90474],[140.42662,37.90458],[140.42722,37.90181],[140.42391,37.90225],[140.42318,37.90164],[140.42137,37.9016],[140.42213,37.90319]]]},"properties":{"hoanrinKind":"保安林"}},
{"type":"Feature","geometry":{"type":"Polygon","coordinates":[[[140.8752,37.67223],[140.87565,37.67497],[140.87723,37.67713],[140.8749,37.6787],[140.87355,37.6771],[140.87116,37.67676],[140.86846,37.67416],[140.86728,37.67208],[140.86826,37.67119],[140.86893,37.66839],[140.86738,37.66652],[140.86871,37.66586],[140.87283,37.66643],[140.87309,37.66695],[140.87114,37.6697],[140.87515,37.66988],[140.8752,37.67223]]]},"properties":{"hoanrinKind":"保安林"}},
{"type":"Feature","geometry":{"type":"Polygon","coordinates":[[[140.63778,37.854],[140.6366,37.85458],[140.63454,37.85392],[140.63069,37.85407],[140.63086,37.85023],[140.63247,37.84883],[140.63219,37.84698],[140.63424,37.84598],[140.63198,37.84482],[140.63282,37.84354],[140.6353,37.84569],[140.63855,37.84449],[140.63979,37.84592],[140.63947,37.84753],[140.63837,37.84843],[140.63837,37.84969],[140.63976,37.85101],[140.63778,37.854]]]},"properties":{"hoanrinKind":"保安林"}},
{"type":"Feature","geometry":{"type":"Polygon","coordinates":[[[140.06109,37.63375],[140.06687,37.63484],[140.06642,37.63772],[140.06549,37.64114],[140.06449,37.64387],[140.05726,37.64208],[140.05842,37.63882],[140.05945,37.6335],[140.06109,37.63375]]]},"properties":{"hoanrinKind":"保安林"}},
{"type":"Feature","geometry":{"type":"Polygon","coordinates":[[[140.6819,37.5395],[140.68143,37.54201],[140.67661,37.53962],[140.67551,37.53932],[140.66912,37.53927],[140.66735,37.53867],[140.66595,37.53582],[140.66658,37.53445],[140.66909,37.53423],[140.67244,37.53454],[140.67922,37.53659],[140.68153,37.5379],[140.6819,37.5395]]]},"properties":{"hoanrinKind":"保安林"}},
{"type":"Feature","geometry":{"type":"Polygon","coordinates":[[[140.16274,37.59411],[140.15963,37.59402],[140.15843,37.5917],[140.15685,37.58971],[140.15433,37.58943],[140.15117,37.58613],[140.15187,37.58399],[140.15889,37.58498],[140.16208,37.58577],[140.16159,37.58777],[140.16381,37.59217],[140.16274,37.59411]]]},"properties":{"hoanrinKind":"保安林"}},
{"type":"Feature","geometry":{"type":"Polygon","coordinates":[[[139.98438,37.63386],[139.97993,37.63469],[139.97611,37.63641],[139.97554,37.63609],[139.9747,37.63292],[139.97488,37.63029],[139.97326,37.62926],[139.97653,37.62647],[139.98016,37.62672],[139.97872,37.62847],[139.97843,37.63019],[139.9791,37.63099],[139.98315,37.63088],[139.98596,37.62926],[139.98752,37.6301],[139.98808,37.63183],[139.98642,37.63325],[139.98438,37.63386]]]},"properties":{"hoanrinKind":"保安林"}},
{"type":"Feature","geometry":{"type":"Polygon","coordinates":[[[140.1268,37.21947],[140.12154,37.22307],[140.11885,37.22583],[140.11842,37.22742],[140.11598,37.22926],[140.11608,37.2278],[140.1179,37.22303],[140.11917,37.2223],[140.12115,37.21972],[140.12256,37.2167],[140.12396,37.21531],[140.12509,37.21335],[140.12724,37.21362],[140.13155,37.21507],[140.13161,37.21652],[140.13002,37.21716],[140.1268,37.21947]]]},"properties":{"hoanrinKind":"保安林"}},
{"type":"Feature","geometry":{"type":"Polygon","coordinates":[[[140.91178,37.54559],[140.9107,37.54675],[140.90993,37.5452],[140.90769,37.54518],[140.90483,37.54277],[140.89998,37.54213],[140.89563,37.54227],[140.89283,37.54466],[140.8914,37.54219],[140.88903,37.54183],[140.88789,37.54333],[140.88685,37.54247],[140.88686,37.5411],[140.8846,37.54179],[140.88461,37.53972],[140.88548,37.53744],[140.88732,37.53494],[140.88823,37.53533],[140.88861,37.53676],[140.88737,37.53927],[140.88794,37.54048],[140.89183,37.54005],[140.89848,37.54084],[140.90386,37.54109],[140.90715,37.54201],[140.90969,37.54303],[140.91107,37.54405],[140.91178,37.54559]]]},"properties":{"hoanrinKind":"保安林"}},
{"type":"Feature","geometry":{"type":"Polygon","coordinates":[[[139.83564,37.27658],[139.83328,37.27775],[139.83321,37.27854],[139.83125,37.27926],[139.8292,37.27707],[139.82535,37.27605],[139.82564,37.27797],[139.82252,37.2781],[139.82051,37.27775],[139.82158,37.27466],[139.82401,37.27273],[139.82611,37.27237],[139.83379,37.27264],[139.8358,37.27533],[139.83564,37.27658]]]},"properties":{"hoanrinKind":"保安林"}},
{"type":"Feature","geometry":{"type":"Polygon","coordinates":[[[140.86913,37.17222],[140.86524,37.17222],[140.86258,37.16948],[140.86095,37.16552],[140.86084,37.16393],[140.86185,37.1622],[140.86362,37.16151],[140.86503,37.16235],[140.86805,37.16527],[140.87122,37.16995],[140.87116,37.17119],[140.86913,37.17222]]]},"properties":{"hoanrinKind":"保安林"}},
{"type":"Feature","geometry":{"type":"Polygon","coordinates":[[[139.82521,37.28763],[139.82217,37.28904],[139.81857,37.29151],[139.81658,37.29355],[139.8146,37.29122],[139.8138,37.28903],[139.81415,37.28744],[139.81525,37.2867],[139.81804,37.2875],[139.82008,37.287],[139.81957,37.2842],[139.82078,37.28281],[139.82409,37.28284],[139.82771,37.28388],[139.82741,37.28611],[139.82521,37.28763]]]},"properties":{"hoanrinKind":"保安林"}},
{"type":"Feature","geometry":{"type":"Polygon","coordinates":[[[139.49242,37.13221],[139.49314,37.13433],[139.49096,37.13643],[139.49029,37.14205],[139.48897,37.13959],[139.48818,37.1372],[139.48486,37.13417],[139.48432,37.1331],[139.48473,37.13082],[139.48376,37.12924],[139.48682,37.12857],[139.48752,37.128],[139.49078,37.12949],[139.49242,37.12793],[139.49358,37.131],[139.49242,37.13221]]]},"properties":{"hoanrinKind":"保安林"}},
{"type":"Feature","geometry":{"type":"Polygon","coordinates":[[[140.95268,37.17292],[140.95174,37.17376],[140.95066,37.17279],[140.94966,37.17098],[140.9503,37.1693],[140.94818,37.16728],[140.94976,37.16627],[140.95022,37.16535],[140.94692,37.16289],[140.94671,37.16222],[140.94742,37.15984],[140.94722,37.15879],[140.94826,37.15781],[140.94961,37.15954],[140.95094,37.15995],[140.95159,37.16101],[140.95325,37.16158],[140.95683,37.16216],[140.95887,37.16205],[140.95883,37.16406],[140.95718,37.16293],[140.95501,37.16387],[140.95565,37.16544],[140.95666,37.16608],[140.95552,37.16799],[140.95286,37.16827],[140.95208,37.17059],[140.95268,37.17292]]]},"properties":{"hoanrinKind":"保安林"}},
{"type":"Feature","geometry":{"type":"Polygon","coordinates":[[[139.61561,37.48422],[139.61446,37.48368],[139.61336,37.48197],[139.61074,37.47983],[139.609,37.47704],[139.61112,37.47523],[139.61252,37.47258],[139.61361,37.47208],[139.61509,37.47251],[139.61635,37.47402],[139.6192,37.47541],[139.618,37.47748],[139.61882,37.47831],[139.62097,37.47915],[139.62119,37.48123],[139.61809,37.48035],[139.61609,37.48011],[139.61532,37.48122],[139.61645,37.48395],[139.61561,37.48422]]]},"properties":{"hoanrinKind":"保安林"}},
{"type":"Feature","geometry":{"type":"Polygon","coordinates":[[[140.74717,37.09403],[140.7453,37.09273],[140.74313,37.09215],[140.74064,37.08971],[140.74046,37.0874],[140.7431,37.08491],[140.74382,37.083],[140.74609,37.08199],[140.74775,37.08292],[140.74876,37.08546],[140.74894,37.08891],[140.74881,37.09142],[140.75005,37.09277],[140.74935,37.09385],[140.74717,37.09403]]]},"properties":{"hoanrinKind":"保安林"}},
{"type":"Feature","geometry":{"type":"Polygon","coordinates":[[[140.01944,37.65183],[140.01754,37.65424],[140.01494,37.65374],[140.01333,37.65175],[140.01207,37.65148],[140.00976,37.65353],[140.00831,37.65177],[140.0117,37.64869],[140.01274,37.64741],[140.01327,37.64378],[140.01468,37.6437],[140.01682,37.64443],[140.01937,37.64707],[140.01966,37.64819],[140.02114,37.65005],[140.01944,37.65183]]]},"properties":{"hoanrinKind":"保安林"}},
{"type":"Feature","geometry":{"type":"Polygon","coordinates":[[[139.40267,37.3054],[139.4019,37.30769],[139.39976,37.30907],[139.39687,37.30775],[139.39475,37.30744],[139.3956,37.30511],[139.39679,37.3041],[139.4006,37.30338],[139.4034,37.30177],[139.40578,37.30103],[139.40725,37.30176],[139.40791,37.30304],[139.41037,37.30387],[139.41103,37.30563],[139.41198,37.30637],[139.41427,37.30603],[139.41537,37.30698],[139.4116,37.30718],[139.40947,37.30793],[139.40573,37.30524],[139.40487,37.30668],[139.40351,37.30641],[139.40267,37.3054]]]},"properties":{"hoanrinKind":"保安林"}},
{"type":"Feature","geometry":{"type":"Polygon","coordinates":[[[139.64743,37.44057],[139.64495,37.44206],[139.64267,37.44186],[139.64283,37.43985],[139.63882,37.4398],[139.63865,37.43871],[139.64147,37.43782],[139.64357,37.43796],[139.64308,37.43653],[139.64069,37.4369],[139.63758,37.43696],[139.63729,37.43559],[139.64047,37.43503],[139.63823,37.4337],[139.63935,37.43264],[139.64016,37.42938],[139.64254,37.42922],[139.64399,37.43137],[139.64418,37.43347],[139.64568,37.43444],[139.64799,37.43305],[139.64998,37.43486],[139.6475,37.43575],[139.64562,37.43583],[139.64739,37.4379],[139.64839,37.43981],[139.64743,37.44057]]]},"properties":{"hoanrinKind":"保安林"}},
{"type":"Feature","geometry":{"type":"Polygon","coordinates":[[[140.37562,37.79952],[140.37625,37.80049],[140.37554,37.80333],[140.37198,37.80473],[140.36816,37.802],[140.36739,37.80079],[140.36534,37.7994],[140.36839,37.79904],[140.37223,37.79794],[140.37302,37.79626],[140.37503,37.794],[140.37572,37.79483],[140.37854,37.7922],[140.37726,37.79122],[140.37609,37.79195],[140.37621,37.78907],[140.38023,37.79057],[140.38312,37.79088],[140.38263,37.79272],[140.38076,37.79312],[140.38003,37.79385],[140.37732,37.79447],[140.37526,37.79646],[140.37562,37.79952]]]},"properties":{"hoanrinKind":"保安林"}},
{"type":"Feature","geometry":{"type":"Polygon","coordinates":[[[139.56602,37.36274],[139.56507,37.36421],[139.56535,37.36572],[139.56526,37.36904],[139.56463,37.37109],[139.56304,37.36889],[139.56244,37.36717],[139.56473,37.36626],[139.56345,37.36455],[139.55919,37.36305],[139.55916,37.36143],[139.5569,37.36212],[139.55579,37.36383],[139.55472,37.36254],[139.55466,37.36037],[139.55598,37.35922],[139.55921,37.35764],[139.56182,37.35587],[139.56341,37.35565],[139.56545,37.35816],[139.5666,37.36114],[139.56602,37.36274]]]},"properties":{"hoanrinKind":"保安林"}},
{"type":"Feature","geometry":{"type":"Polygon","coordinates":[[[140.65898,37.7715],[140.65731,37.7727],[140.65706,37.77396],[140.65565,37.7742],[140.65587,37.77177],[140.65783,37.77106],[140.65906,37.76957],[140.65786,37.76813],[140.65527,37.76785],[140.65453,37.76699],[140.65436,37.7649],[140.65229,37.76319],[140.65483,37.76148],[140.65619,37.76214],[140.65747,37.76196],[140.65728,37.76402],[140.66001,37.76556],[140.66252,37.76437],[140.661,37.76707],[140.66249,37.76795],[140.66307,37.76961],[140.66521,37.76947],[140.66578,37.77033],[140.66781,37.77032],[140.66919,37.7715],[140.66677,37.77189],[140.66768,37.77424],[140.66312,37.77402],[140.66314,37.77177],[140.66213,37.77083],[140.66033,37.77167],[140.65898,37.7715]]]},"properties":{"hoanrinKind":"保安林"}},
{"type":"Feature","geometry":{"type":"Polygon","coordinates":[[[140.23423,37.4007],[140.23052,37.40213],[140.2295,37.40017],[140.22775,37.40094],[140.22626,37.40031],[140.22621,37.39909],[140.22443,37.39791],[140.22411,37.396],[140.22577,37.39484],[140.22624,37.39378],[140.22583,37.39241],[140.2286,37.39205],[140.22881,37.39331],[140.22759,37.39639],[140.2292,37.39568],[140.23136,37.39554],[140.23226,37.39473],[140.23508,37.39459],[140.23715,37.39382],[140.23974,37.39439],[140.23788,37.39579],[140.23503,37.39544],[140.2332,37.39621],[140.23399,37.39733],[140.23519,37.39662],[140.23694,37.39742],[140.23619,37.39878],[140.23701,37.40072],[140.23423,37.4007]]]},"properties":{"hoanrinKind":"保安林"}},
{"type":"Feature","geometry":{"type":"Polygon","coordinates":[[[139.34509,37.40791],[139.34346,37.40794],[139.34256,37.40643],[139.34153,37.40263],[139.34004,37.39998],[139.34125,37.39869],[139.34422,37.39836],[139.34819,37.39699],[139.35114,37.39645],[139.35145,37.39776],[139.35087,37.39891],[139.34618,37.40294],[139.34569,37.40504],[139.34729,37.40541],[139.35012,37.40391],[139.35086,37.40098],[139.35193,37.40033],[139.35329,37.40084],[139.35113,37.40381],[139.35013,37.40571],[139.34746,37.40759],[139.34509,37.40791]]]},"properties":{"hoanrinKind":"保安林"}},
{"type":"Feature","geometry":{"type":"Polygon","coordinates":[[[140.57459,37.05803],[140.5733,37.05836],[140.57194,37.05782],[140.57115,37.05671],[140.57206,37.05538],[140.57215,37.05001],[140.57094,37.04783],[140.57198,37.04674],[140.57314,37.04672],[140.57643,37.04862],[140.57867,37.05122],[140.57852,37.05314],[140.57975,37.05314],[140.58161,37.05464],[140.58506,37.05416],[140.5852,37.05503],[140.58325,37.05543],[140.57929,37.05698],[140.57742,37.0583],[140.57459,37.05803]]]},"properties":{"hoanrinKind":"保安林"}},
{"type":"Feature","geometry":{"type":"Polygon","coordinates":[[[140.85675,37.30522],[140.85539,37.30449],[140.85515,37.30271],[140.85778,37.30027],[140.85737,37.29908],[140.8553,37.29982],[140.85493,37.29866],[140.85646,37.29842],[140.85703,37.29746],[140.86073,37.29535],[140.86212,37.29409],[140.86307,37.29689],[140.86492,37.29896],[140.86748,37.30018],[140.867,37.30224],[140.86595,37.3032],[140.86206,37.30312],[140.85928,37.30507],[140.85675,37.30522]]]},"properties":{"hoanrinKind":"保安林"}},
{"type":"Feature","geometry":{"type":"Polygon","coordinates":[[[139.91767,37.32174],[139.91622,37.32242],[139.91295,37.32107],[139.91455,37.31873],[139.91463,37.31734],[139.91393,37.31642],[139.91229,37.31633],[139.91264,37.31487],[139.91403,37.31323],[139.91356,37.30912],[139.91645,37.31173],[139.91656,37.31278],[139.91824,37.31405],[139.92036,37.31284],[139.92081,37.30994],[139.92176,37.30941],[139.92266,37.31112],[139.92282,37.31354],[139.92229,37.31593],[139.92043,37.31903],[139.91767,37.32174]]]},"properties":{"hoanrinKind":"保安林"}},
{"type":"Feature","geometry":{"type":"Polygon","coordinates":[[[140.73069,36.98691],[140.7281,36.9875],[140.72515,36.98691],[140.72145,36.98709],[140.72019,36.98569],[140.71913,36.9858],[140.7185,36.98445],[140.72153,36.9844],[140.72222,36.98313],[140.72485,36.98366],[140.72402,36.98012],[140.72406,36.97848],[140.72564,36.97242],[140.72699,36.97197],[140.72882,36.97398],[140.72743,36.97621],[140.72846,36.98223],[140.73102,36.9835],[140.73171,36.98606],[140.73069,36.98691]]]},"properties":{"hoanrinKind":"保安林"}},
{"type":"Feature","geometry":{"type":"Polygon","coordinates":[[[139.6593,37.38543],[139.66042,37.38623],[139.65977,37.38781],[139.65459,37.38765],[139.64749,37.38708],[139.64187,37.38629],[139.64224,37.38363],[139.64303,37.38306],[139.64636,37.38344],[139.64983,37.38239],[139.65126,37.38157],[139.65362,37.38127],[139.65532,37.38166],[139.65849,37.38409],[139.6593,37.38543]]]},"properties":{"hoanrinKind":"保安林"}},
{"type":"Feature","geometry":{"type":"Polygon","coordinates":[[[139.34151,37.30594],[139.34185,37.30747],[139.33934,37.30641],[139.34055,37.30329],[139.34198,37.30171],[139.3419,37.30032],[139.34333,37.2962],[139.34493,37.29474],[139.3473,37.29605],[139.35075,37.29974],[139.35071,37.30266],[139.35025,37.30413],[139.34695,37.30368],[139.34486,37.30442],[139.34492,37.3056],[139.34362,37.30633],[139.34151,37.30594]]]},"properties":{"hoanrinKind":"保安林"}},
{"type":"Feature","geometry":{"type":"Polygon","coordinates":[[[140.5056,37.90087],[140.50241,37.90274],[140.5003,37.90252],[140.49968,37.90131],[140.49832,37.90036],[140.49448,37.89959],[140.4921,37.90038],[140.49061,37.90028],[140.49072,37.89857],[140.49381,37.89594],[140.49121,37.89435],[140.49328,37.89391],[140.49617,37.89219],[140.49659,37.89271],[140.4996,37.89253],[140.49995,37.89422],[140.50206,37.89567],[140.50401,37.89534],[140.5046,37.89453],[140.50727,37.89436],[140.50768,37.89496],[140.50398,37.89678],[140.5019,37.89728],[140.49925,37.89692],[140.49891,37.89794],[140.50013,37.90086],[140.50164,37.89944],[140.50252,37.90008],[140.50482,37.89883],[140.50588,37.89966],[140.5056,37.90087]]]},"properties":{"hoanrinKind":"保安林"}},
{"type":"Feature","geometry":{"type":"Polygon","coordinates":[[[139.99086,37.2428],[139.99339,37.24357],[139.99393,37.24572],[139.99349,37.24944],[139.99361,37.25218],[139.99537,37.25544],[139.99451,37.25868],[139.99442,37.26032],[139.99245,37.26288],[139.99196,37.264],[139.99195,37.26615],[139.99148,37.26747],[139.98993,37.26898],[139.99008,37.26999],[139.98853,37.2703],[139.98735,37.26807],[139.98942,37.2646],[139.99029,37.25984],[139.99255,37.25507],[139.99237,37.25311],[139.99048,37.25028],[139.99021,37.24802],[139.99102,37.24518],[139.99086,37.2428]]]},"properties":{"hoanrinKind":"保安林"}},
{"type":"Feature","geometry":{"type":"Polygon","coordinates":[[[140.74136,37.23676],[140.74154,37.2382],[140.74068,37.23936],[140.73942,37.23875],[140.73817,37.23706],[140.73626,37.23588],[140.7361,37.23483],[140.738,37.23481],[140.73816,37.23364],[140.73739,37.23222],[140.73909,37.23124],[140.7385,37.23413],[140.7413,37.23124],[140.73996,37.2309],[140.74087,37.22808],[140.74242,37.22702],[140.74277,37.22479],[140.74465,37.22431],[140.74605,37.22472],[140.74561,37.22235],[140.74964,37.21971],[140.75122,37.22018],[140.75028,37.22138],[140.74794,37.22189],[140.7478,37.22376],[140.74825,37.22553],[140.74721,37.22627],[140.7478,37.22883],[140.74713,37.23088],[140.74519,37.23112],[140.74378,37.23185],[140.74136,37.23676]]]},"properties":{"hoanrinKind":"保安林"}},
{"type":"Feature","geometry":{"type":"Polygon","coordinates":[[[140.71459,37.21079],[140.71362,37.21122],[140.71163,37.21043],[140.71127,37.20864],[140.70627,37.20732],[140.70477,37.2081],[140.7034,37.20702],[140.70125,37.2061],[140.69908,37.20607],[140.70017,37.20456],[140.70122,37.20452],[140.70382,37.20652],[140.70592,37.20506],[140.709,37.20353],[140.71264,37.20448],[140.71369,37.20559],[140.71555,37.2055],[140.71675,37.20455],[140.71888,37.20516],[140.71993,37.20457],[140.72207,37.20514],[140.72198,37.207],[140.72024,37.2085],[140.7195,37.20998],[140.71711,37.20979],[140.71459,37.21079]]]},"properties":{"hoanrinKind":"保安林"}},
{"type":"Feature","geometry":{"type":"Polygon","coordinates":[[[139.77415,37.36909],[139.77319,37.36988],[139.77143,37.36907],[139.76861,37.36874],[139.76531,37.36264],[139.76464,37.35972],[139.76651,37.35882],[139.76838,37.35859],[139.77185,37.35912],[139.77404,37.35845],[139.77503,37.35868],[139.77453,37.36033],[139.77185,37.36302],[139.77167,37.36411],[139.77375,37.36508],[139.77672,37.36494],[139.77845,37.36425],[139.7786,37.36563],[139.77972,37.36684],[139.77705,37.36697],[139.77542,37.36742],[139.77415,37.36909]]]},"properties":{"hoanrinKind":"保安林"}},
{"type":"Feature","geometry":{"type":"Polygon","coordinates":[[[139.37236,37.40747],[139.37108,37.41164],[139.36671,37.41188],[139.36314,37.41161],[139.35991,37.41076],[139.35746,37.40957],[139.35792,37.40733],[139.35884,37.40595],[139.36036,37.4051],[139.36335,37.4051],[139.36446,37.40439],[139.36713,37.4071],[139.36932,37.40688],[139.37104,37.40241],[139.3738,37.40338],[139.37236,37.40747]]]},"properties":{"hoanrinKind":"保安林"}},
{"type":"Feature","geometry":{"type":"Polygon","coordinates":[[[140.9056,37.17235],[140.90265,37.17396],[140.89696,37.17465],[140.89702,37.17566],[140.89976,37.17645],[140.89966,37.17792],[140.89768,37.17912],[140.89675,37.18211],[140.89386,37.18147],[140.89441,37.17993],[140.89424,37.17666],[140.89596,37.17415],[140.89869,37.17135],[140.89857,37.16939],[140.90244,37.17063],[140.90374,37.17059],[140.9069,37.16911],[140.90617,37.16654],[140.90951,37.16206],[140.91166,37.16224],[140.9132,37.16065],[140.91373,37.1621],[140.91239,37.1636],[140.91015,37.16424],[140.90964,37.16665],[140.90841,37.16755],[140.90843,37.16996],[140.90782,37.17241],[140.9056,37.17235]]]},"properties":{"hoanrinKind":"保安林"}},
{"type":"Feature","geometry":{"type":"Polygon","coordinates":[[[140.66545,37.71583],[140.6585,37.7186],[140.65599,37.72012],[140.65701,37.71724],[140.65551,37.71353],[140.65549,37.71172],[140.65639,37.70904],[140.65764,37.70886],[140.65969,37.70771],[140.66154,37.70737],[140.66158,37.70864],[140.66445,37.70971],[140.66463,37.71074],[140.668,37.71165],[140.66686,37.71362],[140.66688,37.71585],[140.66545,37.71583]]]},"properties":{"hoanrinKind":"保安林"}},
{"type":"Feature","geometry":{"type":"Polygon","coordinates":[[[139.9997,37.65622],[139.99906,37.65691],[139.99662,37.65629],[139.99646,37.6527],[139.99922,37.64957],[139.99853,37.64816],[139.99678,37.64882],[139.99344,37.64719],[139.99231,37.64627],[139.99677,37.64539],[139.9971,37.64438],[139.99897,37.64187],[140.00155,37.63706],[140.00273,37.63685],[140.00312,37.63879],[140.00285,37.64134],[140.00204,37.643],[140.00198,37.64438],[140.0031,37.64495],[140.00167,37.64748],[140.00211,37.6499],[140.00372,37.65332],[140.0016,37.65489],[139.99989,37.65546],[139.9997,37.65622]]]},"properties":{"hoanrinKind":"保安林"}},
{"type":"Feature","geometry":{"type":"Polygon","coordinates":[[[139.77764,37.466],[139.77492,37.46632],[139.7737,37.46688],[139.77361,37.46489],[139.77162,37.46109],[139.77287,37.45952],[139.77443,37.45859],[139.77759,37.45775],[139.77923,37.45771],[139.78053,37.4554],[139.78143,37.45607],[139.7838,37.45634],[139.78616,37.45573],[139.78549,37.45928],[139.78804,37.45958],[139.78892,37.46009],[139.78859,37.46186],[139.78712,37.46141],[139.78474,37.45988],[139.78151,37.45876],[139.7795,37.45861],[139.77929,37.46086],[139.78056,37.46205],[139.78221,37.46218],[139.78363,37.46544],[139.78105,37.46623],[139.77764,37.466]]]},"properties":{"hoanrinKind":"保安林"}},
{"type":"Feature","geometry":{"type":"Polygon","coordinates":[[[139.68272,37.46262],[139.68125,37.45992],[139.6771,37.45772],[139.67759,37.45616],[139.67901,37.45494],[139.67571,37.44994],[139.67344,37.44809],[139.67416,37.44769],[139.67329,37.44616],[139.67415,37.44531],[139.67678,37.44507],[139.67631,37.4465],[139.67721,37.44852],[139.67878,37.44923],[139.68105,37.4522],[139.6823,37.45298],[139.68384,37.45195],[139.68578,37.45276],[139.68636,37.45458],[139.68623,37.45866],[139.68548,37.46051],[139.68399,37.46205],[139.68272,37.46262]]]},"properties":{"hoanrinKind":"保安林"}},
{"type":"Feature","geometry":{"type":"Polygon","coordinates":[[[139.73456,37.47484],[139.73361,37.47703],[139.73038,37.47956],[139.72687,37.47822],[139.72696,37.47687],[139.72783,37.47542],[139.73122,37.47474],[139.73082,37.47296],[139.73347,37.47266],[139.73391,37.47014],[139.73548,37.46789],[139.73749,37.46613],[139.73979,37.46867],[139.74253,37.47394],[139.74363,37.47431],[139.74564,37.47709],[139.74175,37.4757],[139.74101,37.47407],[139.73971,37.47398],[139.74059,37.47582],[139.74039,37.4775],[139.73456,37.47484]]]},"properties":{"hoanrinKind":"保安林"}},
{"type":"Feature","geometry":{"type":"Polygon","coordinates":[[[140.8359,37.09695],[140.83449,37.0967],[140.8322,37.09721],[140.82972,37.09463],[140.82645,37.09352],[140.82343,37.09218],[140.82174,37.09201],[140.81783,37.093],[140.81617,37.09272],[140.81574,37.09159],[140.82275,37.09037],[140.82666,37.09142],[140.82958,37.09164],[140.83079,37.09026],[140.83198,37.09027],[140.83662,37.0922],[140.83768,37.09221],[140.83923,37.09111],[140.84067,37.09158],[140.84142,37.09267],[140.84629,37.09166],[140.84578,37.09384],[140.84227,37.09478],[140.8389,37.09598],[140.83668,37.0971],[140.8359,37.09695]]]},"properties":{"hoanrinKind":"保安林"}},
{"type":"Feature","geometry":{"type":"Polygon","coordinates":[[[139.65705,37.72383],[139.65529,37.72602],[139.65331,37.72654],[139.65214,37.72762],[139.64875,37.72887],[139.64677,37.7282],[139.64383,37.72788],[139.64269,37.72723],[139.64236,37.7257],[139.64071,37.72503],[139.64055,37.72337],[139.64103,37.72219],[139.6448,37.71986],[139.64705,37.71913],[139.64851,37.71946],[139.64976,37.72076],[139.65019,37.72312],[139.65083,37.72352],[139.65413,37.72262],[139.65679,37.7228],[139.65705,37.72383]]]},"properties":{"hoanrinKind":"保安林"}},
{"type":"Feature","geometry":{"type":"Polygon","coordinates":[[[140.86748,37.78938],[140.86708,37.7923],[140.86368,37.79081],[140.86213,37.78928],[140.85857,37.78875],[140.85311,37.78923],[140.85061,37.78839],[140.84822,37.78546],[140.84848,37.78443],[140.85301,37.78308],[140.85556,37.78276],[140.85662,37.78194],[140.86015,37.7817],[140.86245,37.7832],[140.86293,37.78527],[140.86207,37.78636],[140.86435,37.78742],[140.86551,37.78856],[140.86748,37.78938]]]},"properties":{"hoanrinKind":"保安林"}},
{"type":"Feature","geometry":{"type":"Polygon","coordinates":[[[140.7465,37.17475],[140.74503,37.17509],[140.74201,37.17331],[140.73953,37.17381],[140.7351,37.17176],[140.73403,37.17168],[140.73441,37.16874],[140.73614,37.16686],[140.73781,37.16695],[140.73821,37.16778],[140.74115,37.16709],[140.74448,37.16672],[140.74774,37.16727],[140.7497,37.16879],[140.75021,37.16997],[140.74929,37.17458],[140.7465,37.17475]]]},"properties":{"hoanrinKind":"保安林"}},
{"type":"Feature","geometry":{"type":"Polygon","coordinates":[[[139.31185,37.3346],[139.30933,37.33474],[139.30771,37.33401],[139.31015,37.33089],[139.30976,37.32956],[139.30763,37.32742],[139.30828,37.32626],[139.31193,37.32679],[139.31361,37.3278],[139.31556,37.32795],[139.31584,37.32385],[139.31861,37.32444],[139.32008,37.32656],[139.32297,37.32746],[139.32504,37.32779],[139.32627,37.32929],[139.32538,37.33049],[139.32394,37.33111],[139.32247,37.33326],[139.32124,37.33288],[139.32047,37.33138],[139.31924,37.3307],[139.31739,37.3307],[139.3153,37.3324],[139.31367,37.33321],[139.31145,37.33291],[139.31185,37.3346]]]},"properties":{"hoanrinKind":"保安林"}},
{"type":"Feature","geometry":{"type":"Polygon","coordinates":[[[140.64198,36.93743],[140.63785,36.9369],[140.6362,36.93636],[140.63544,36.93345],[140.63697,36.93032],[140.63764,36.93143],[140.63999,36.93207],[140.64046,36.93271],[140.63942,36.93495],[140.64209,36.93458],[140.64203,36.93183],[140.64396,36.93143],[140.64588,36.92995],[140.64616,36.93179],[140.64897,36.93251],[140.65137,36.93122],[140.65203,36.92994],[140.65513,36.92947],[140.65789,36.93213],[140.65758,36.93266],[140.6539,36.93417],[140.65134,36.93627],[140.64982,36.9363],[140.64827,36.93722],[140.64516,36.93676],[140.64198,36.93743]]]},"properties":{"hoanrinKind":"保安林"}},
{"type":"Feature","geometry":{"type":"Polygon","coordinates":[[[140.79292,37.76539],[140.79189,37.76759],[140.78931,37.76574],[140.78706,37.76628],[140.78571,37.76594],[140.78503,37.76474],[140.78617,37.7643],[140.78411,37.76271],[140.78233,37.76311],[140.78385,37.76609],[140.78289,37.76592],[140.78068,37.76339],[140.78171,37.76123],[140.78261,37.75828],[140.7833,37.75785],[140.78653,37.75727],[140.78818,37.75731],[140.79097,37.75961],[140.7922,37.75925],[140.79208,37.75788],[140.79419,37.75825],[140.79548,37.75976],[140.79563,37.76139],[140.79788,37.76388],[140.79564,37.76414],[140.79508,37.76484],[140.79292,37.76539]]]},"properties":{"hoanrinKind":"保安林"}},
{"type":"Feature","geometry":{"type":"Polygon","coordinates":[[[140.2562,37.06451],[140.25583,37.0653],[140.25098,37.06371],[140.24931,37.06348],[140.24827,37.0616],[140.25023,37.05954],[140.24849,37.05862],[140.24798,37.05721],[140.2491,37.05613],[140.25219,37.05643],[140.25332,37.05567],[140.25476,37.05638],[140.25585,37.05767],[140.25687,37.05618],[140.25947,37.05587],[140.26071,37.05531],[140.262,37.0558],[140.26594,37.05935],[140.26372,37.06048],[140.26193,37.0603],[140.25936,37.05951],[140.25914,37.06042],[140.26005,37.06152],[140.25951,37.06267],[140.25796,37.06215],[140.25678,37.06283],[140.2562,37.06451]]]},"properties":{"hoanrinKind":"保安林"}},
{"type":"Feature","geometry":{"type":"Polygon","coordinates":[[[140.8321,37.71777],[140.83029,37.71881],[140.82847,37.71568],[140.82811,37.71453],[140.82426,37.71259],[140.82298,37.71284],[140.81978,37.71233],[140.81627,37.70899],[140.81327,37.70737],[140.81185,37.70723],[140.81045,37.70544],[140.81353,37.70214],[140.81526,37.70196],[140.81835,37.70415],[140.8182,37.70574],[140.8191,37.70661],[140.81997,37.70877],[140.82222,37.71046],[140.82355,37.70939],[140.82551,37.70978],[140.82684,37.71083],[140.82897,37.71069],[140.83097,37.71139],[140.83253,37.71319],[140.83244,37.7147],[140.83458,37.71635],[140.83433,37.71813],[140.8321,37.71777]]]},"properties":{"hoanrinKind":"保安林"}},
{"type":"Feature","geometry":{"type":"Polygon","coordinates":[[[139.67428,37.53227],[139.67402,37.53248],[139.66838,37.53236],[139.6678,37.53107],[139.66582,37.53055],[139.66835,37.52899],[139.6685,37.52396],[139.66996,37.5201],[139.67256,37.52066],[139.67362,37.52237],[139.67541,37.52157],[139.67565,37.52001],[139.67795,37.51767],[139.67972,37.51812],[139.68105,37.51933],[139.68264,37.52187],[139.68098,37.52368],[139.68075,37.52498],[139.67872,37.52593],[139.6784,37.52482],[139.67474,37.52434],[139.67291,37.52477],[139.6725,37.52676],[139.67373,37.52691],[139.67497,37.52848],[139.67057,37.53044],[139.67326,37.53121],[139.67428,37.53227]]]},"properties":{"hoanrinKind":"保安林"}},
{"type":"Feature","geometry":{"type":"Polygon","coordinates":[[[139.58788,37.28145],[139.58759,37.28202],[139.58357,37.28417],[139.58185,37.28458],[139.58019,37.28207],[139.57797,37.28134],[139.57609,37.28005],[139.5733,37.27721],[139.5732,37.27532],[139.57429,37.2744],[139.5793,37.27561],[139.58281,37.27603],[139.58508,37.27658],[139.58951,37.27638],[139.59486,37.27724],[139.5901,37.27882],[139.58788,37.28145]]]},"properties":{"hoanrinKind":"保安林"}},
{"type":"Feature","geometry":{"type":"Polygon","coordinates":[[[139.72697,37.60172],[139.72796,37.60295],[139.72603,37.60368],[139.72476,37.60365],[139.7231,37.60232],[139.72202,37.60089],[139.72207,37.59781],[139.72112,37.59502],[139.72272,37.59361],[139.72248,37.5914],[139.72318,37.58989],[139.72455,37.58855],[139.72676,37.58819],[139.72912,37.59024],[139.73007,37.59211],[139.7312,37.59313],[139.73255,37.59334],[139.73541,37.59268],[139.73453,37.59463],[139.73226,37.59467],[139.73078,37.59573],[139.72905,37.59606],[139.72642,37.5974],[139.72464,37.59774],[139.72242,37.59915],[139.72539,37.6],[139.72664,37.60097],[139.72755,37.59969],[139.72898,37.60094],[139.7295,37.59913],[139.72893,37.59831],[139.73082,37.59733],[139.73199,37.59851],[139.73105,37.60018],[139.73097,37.60276],[139.73016,37.60322],[139.72697,37.60172]]]},"properties":{"hoanrinKind":"保安林"}},
{"type":"Feature","geometry":{"type":"Polygon","coordinates":[[[140.78632,37.02358],[140.78572,37.0247],[140.78332,37.02339],[140.78179,37.02378],[140.78123,37.02285],[140.77939,37.02273],[140.78045,37.02128],[140.78134,37.01868],[140.78376,37.01662],[140.78457,37.01351],[140.78603,37.0134],[140.78707,37.0149],[140.79125,37.01524],[140.79321,37.01475],[140.79327,37.01329],[140.79192,37.0118],[140.79466,37.01115],[140.79727,37.01506],[140.79458,37.0175],[140.7937,37.01923],[140.79203,37.0207],[140.78821,37.02037],[140.78632,37.02358]]]},"properties":{"hoanrinKind":"保安林"}},
{"type":"Feature","geometry":{"type":"Polygon","coordinates":[[[139.79247,37.37308],[139.78828,37.37536],[139.78829,37.37393],[139.78747,37.37262],[139.78632,37.37208],[139.78544,37.37044],[139.78809,37.36775],[139.78494,37.36788],[139.7845,37.36723],[139.78614,37.36511],[139.78766,37.36481],[139.79068,37.36259],[139.79265,37.36256],[139.795,37.3686],[139.79642,37.36872],[139.79638,37.37093],[139.799,37.3723],[139.80203,37.37459],[139.80043,37.37482],[139.79427,37.37392],[139.79247,37.37308]]]},"properties":{"hoanrinKind":"保安林"}},
{"type":"Feature","geometry":{"type":"Polygon","coordinates":[[[140.82613,37.77612],[140.82623,37.77694],[140.82353,37.77917],[140.82132,37.77749],[140.82334,37.7766],[140.82292,37.77499],[140.82147,37.77451],[140.82125,37.77585],[140.81691,37.77717],[140.8151,37.7758],[140.81566,37.77512],[140.81452,37.77349],[140.81274,37.77438],[140.81081,37.77297],[140.81079,37.77005],[140.81009,37.76595],[140.80857,37.7658],[140.80818,37.76481],[140.80971,37.76417],[140.814,37.76866],[140.81469,37.76908],[140.82071,37.76963],[140.82237,37.76962],[140.82302,37.77062],[140.82275,37.77244],[140.82333,37.77308],[140.82743,37.7733],[140.82764,37.77461],[140.82973,37.77544],[140.82958,37.77621],[140.82788,37.77658],[140.82613,37.77612]]]},"properties":{"hoanrinKind":"保安林"}},
{"type":"Feature","geometry":{"type":"Polygon","coordinates":[[[139.94997,37.4189],[139.94591,37.41958],[139.94716,37.41483],[139.94701,37.41276],[139.94869,37.40992],[139.94951,37.40972],[139.95223,37.41125],[139.95319,37.41061],[139.95384,37.40912],[139.95528,37.40803],[139.95827,37.40825],[139.95865,37.40983],[139.95993,37.41113],[139.95971,37.41342],[139.96074,37.41472],[139.95925,37.41506],[139.95861,37.4143],[139.95716,37.41493],[139.95663,37.416],[139.95455,37.41731],[139.95601,37.41847],[139.95354,37.41916],[139.94997,37.4189]]]},"properties":{"hoanrinKind":"保安林"}},
{"type":"Feature","geometry":{"type":"Polygon","coordinates":[[[139.57674,37.1866],[139.57462,37.18888],[139.57325,37.18974],[139.56866,37.19148],[139.56597,37.18955],[139.56469,37.18781],[139.56398,37.18501],[139.56527,37.18408],[139.56885,37.18425],[139.57073,37.18391],[139.57348,37.18092],[139.57466,37.18004],[139.57873,37.17852],[139.58035,37.17833],[139.58164,37.18014],[139.58089,37.18189],[139.57674,37.1866]]]},"properties":{"hoanrinKind":"保安林"}},
{"type":"Feature","geometry":{"type":"Polygon","coordinates":[[[139.61111,37.06929],[139.60935,37.06953],[139.60905,37.068],[139.60673,37.06659],[139.60365,37.06586],[139.60492,37.06333],[139.60771,37.0614],[139.61099,37.05767],[139.61302,37.05729],[139.615,37.05876],[139.61783,37.05813],[139.61885,37.05607],[139.61854,37.05432],[139.62007,37.05352],[139.62008,37.05182],[139.6189,37.04747],[139.62018,37.04841],[139.62081,37.05044],[139.6216,37.05099],[139.62076,37.05392],[139.62136,37.0549],[139.61977,37.05586],[139.61873,37.05868],[139.61842,37.06085],[139.61658,37.062],[139.61628,37.06273],[139.61435,37.0629],[139.61381,37.06476],[139.61504,37.06825],[139.61111,37.06929]]]},"properties":{"hoanrinKind":"保安林"}},
{"type":"Feature","geometry":{"type":"Polygon","coordinates":[[[139.78033,37.16932],[139.77918,37.17036],[139.77937,37.17145],[139.77838,37.17253],[139.77588,37.16951],[139.77488,37.16916],[139.77169,37.1711],[139.76961,37.17202],[139.76244,37.1724],[139.75987,37.17147],[139.75943,37.17049],[139.75985,37.1668],[139.76136,37.16572],[139.76275,37.16565],[139.76641,37.16658],[139.76935,37.16761],[139.77133,37.1664],[139.77355,37.16615],[139.77382,37.1635],[139.77449,37.16283],[139.77697,37.16254],[139.77775,37.16567],[139.78007,37.16766],[139.78033,37.16932]]]},"properties":{"hoanrinKind":"保安林"}},
{"type":"Feature","geometry":{"type":"Polygon","coordinates":[[[140.62724,37.70737],[140.62359,37.70744],[140.62097,37.70686],[140.61925,37.70737],[140.61806,37.70658],[140.61475,37.70612],[140.61475,37.70474],[140.61878,37.70498],[140.6183,37.70342],[140.61699,37.7042],[140.61318,37.70232],[140.61263,37.70086],[140.61357,37.69987],[140.61541,37.70066],[140.61737,37.70046],[140.61908,37.70225],[140.62077,37.70088],[140.62166,37.70328],[140.62259,37.70331],[140.62116,37.70075],[140.62412,37.7017],[140.62529,37.70164],[140.62665,37.70048],[140.62766,37.69808],[140.62585,37.69896],[140.62489,37.69749],[140.62503,37.69634],[140.62663,37.69655],[140.62812,37.69392],[140.62912,37.69291],[140.63087,37.69249],[140.63349,37.69399],[140.63388,37.69486],[140.63248,37.69636],[140.63171,37.69632],[140.631,37.69946],[140.6285,37.70122],[140.63001,37.7024],[140.62829,37.70279],[140.6283,37.70441],[140.62724,37.70737]]]},"properties":{"hoanrinKind":"保安林"}},
{"type":"Feature","geometry":{"type":"Polygon","coordinates":[[[140.70941,37.37014],[140.7094,37.37184],[140.70836,37.37525],[140.70872,37.37598],[140.71216,37.37785],[140.71578,37.38097],[140.70883,37.38367],[140.70855,37.38117],[140.7073,37.37897],[140.70374,37.37788],[140.70208,37.37554],[140.69989,37.3746],[140.69929,37.36933],[140.70128,37.36954],[140.70376,37.3688],[140.70659,37.36725],[140.70862,37.3671],[140.70949,37.36817],[140.70941,37.37014]]]},"properties":{"hoanrinKind":"保安林"}},
{"type":"Feature","geometry":{"type":"Polygon","coordinates":[[[139.7275,37.18773],[139.72845,37.18868],[139.72719,37.19064],[139.72606,37.1911],[139.72403,37.19359],[139.7223,37.19459],[139.72201,37.19559],[139.71981,37.19609],[139.71864,37.19583],[139.71582,37.19291],[139.71505,37.19058],[139.71557,37.18905],[139.71765,37.18694],[139.71724,37.18601],[139.7191,37.18508],[139.71996,37.18629],[139.71977,37.18766],[139.72177,37.18712],[139.72345,37.18405],[139.7251,37.1851],[139.72657,37.18538],[139.72499,37.18125],[139.72378,37.18118],[139.72342,37.18279],[139.72167,37.1826],[139.72132,37.18134],[139.72373,37.17989],[139.72639,37.18031],[139.72928,37.18143],[139.72915,37.18283],[139.72694,37.18644],[139.7275,37.18773]]]},"properties":{"hoanrinKind":"保安林"}},
{"type":"Feature","geometry":{"type":"Polygon","coordinates":[[[140.1797,37.36621],[140.17635,37.36745],[140.17321,37.36937],[140.17199,37.36833],[140.17351,37.36705],[140.17173,37.36569],[140.17018,37.36744],[140.16758,37.36886],[140.16598,37.36813],[140.16693,37.36638],[140.1679,37.36345],[140.16985,37.35891],[140.17243,37.35746],[140.17409,37.35581],[140.17632,37.35796],[140.18044,37.36012],[140.18066,37.36301],[140.18149,37.36426],[140.18193,37.36637],[140.1797,37.36621]]]},"properties":{"hoanrinKind":"保安林"}},
{"type":"Feature","geometry":{"type":"Polygon","coordinates":[[[139.50266,37.30288],[139.49958,37.30275],[139.49815,37.30211],[139.49768,37.30008],[139.49802,37.2993],[139.49667,37.29734],[139.49213,37.29648],[139.49057,37.29807],[139.48905,37.2975],[139.48852,37.29618],[139.48645,37.29475],[139.48789,37.29307],[139.4899,37.29345],[139.49265,37.293],[139.4936,37.29352],[139.49476,37.29216],[139.4954,37.2903],[139.4978,37.28964],[139.4984,37.29012],[139.50265,37.29178],[139.50335,37.29459],[139.50477,37.29584],[139.50686,37.29632],[139.50849,37.29761],[139.50568,37.29814],[139.50125,37.29722],[139.50406,37.30024],[139.50409,37.30222],[139.50266,37.30288]]]},"properties":{"hoanrinKind":"保安林"}},
{"type":"Feature","geometry":{"type":"Polygon","coordinates":[[[140.79137,37.77352],[140.78732,37.77482],[140.78556,37.7758],[140.78299,37.77791],[140.77991,37.77884],[140.77804,37.77719],[140.77825,37.77591],[140.77671,37.77351],[140.77434,37.77281],[140.77469,37.77158],[140.77669,37.77181],[140.77854,37.77251],[140.77944,37.77064],[140.78267,37.77],[140.7872,37.76827],[140.7891,37.76841],[140.79078,37.77069],[140.79128,37.76919],[140.79264,37.76761],[140.79441,37.76732],[140.79695,37.76841],[140.79635,37.76986],[140.79636,37.77207],[140.79726,37.77389],[140.79353,37.77317],[140.79137,37.77352]]]},"properties":{"hoanrinKind":"保安林"}},
{"type":"Feature","geometry":{"type":"Polygon","coordinates":[[[139.71257,37.72301],[139.70863,37.72398],[139.70368,37.72484],[139.69957,37.72588],[139.69746,37.72551],[139.69759,37.7232],[139.6963,37.72221],[139.6973,37.72061],[139.6969,37.71983],[139.69517,37.71948],[139.69521,37.71812],[139.69363,37.71654],[139.69766,37.71672],[139.69879,37.71761],[139.69705,37.71873],[139.70022,37.72059],[139.70149,37.72085],[139.70662,37.71913],[139.70633,37.71754],[139.7038,37.71327],[139.70624,37.71215],[139.70958,37.71318],[139.70976,37.71642],[139.71044,37.71844],[139.71279,37.72019],[139.71599,37.7213],[139.71717,37.72238],[139.71714,37.72326],[139.71257,37.72301]]]},"properties":{"hoanrinKind":"保安林"}},
{"type":"Feature","geometry":{"type":"Polygon","coordinates":[[[140.91685,37.15766],[140.91743,37.15914],[140.9141,37.1574],[140.91242,37.15801],[140.91123,37.15593],[140.91337,37.15431],[140.91286,37.152],[140.9118,37.15169],[140.90977,37.1524],[140.90887,37.15207],[140.90873,37.15052],[140.90765,37.14918],[140.90574,37.14854],[140.90367,37.14624],[140.90369,37.14459],[140.90729,37.14294],[140.9089,37.13914],[140.91097,37.13951],[140.91304,37.13864],[140.91368,37.13891],[140.91478,37.14167],[140.91561,37.14507],[140.91546,37.15103],[140.91478,37.15492],[140.91616,37.15571],[140.91685,37.15766]]]},"properties":{"hoanrinKind":"保安林"}},
{"type":"Feature","geometry":{"type":"Polygon","coordinates":[[[140.88131,37.69042],[140.88115,37.69206],[140.87979,37.69225],[140.87552,37.69023],[140.87328,37.69049],[140.87162,37.69112],[140.87016,37.69044],[140.86832,37.68822],[140.86721,37.68755],[140.8654,37.68511],[140.86338,37.68385],[140.86246,37.68213],[140.86006,37.68057],[140.8601,37.67993],[140.86282,37.68009],[140.86363,37.67914],[140.86504,37.68047],[140.86734,37.68148],[140.86951,37.68199],[140.87214,37.68205],[140.87395,37.6816],[140.87531,37.68318],[140.87718,37.68457],[140.88049,37.68437],[140.88131,37.69042]]]},"properties":{"hoanrinKind":"保安林"}},
{"type":"Feature","geometry":{"type":"Polygon","coordinates":[[[140.91794,37.38693],[140.91415,37.38788],[140.91195,37.38684],[140.90936,37.38669],[140.9079,37.38353],[140.90882,37.38254],[140.91105,37.38209],[140.91259,37.38102],[140.91309,37.37997],[140.91533,37.38158],[140.91611,37.38105],[140.91442,37.37871],[140.91496,37.37766],[140.91869,37.37723],[140.92046,37.37824],[140.92423,37.37846],[140.92725,37.37912],[140.92807,37.37985],[140.92622,37.38101],[140.92548,37.38208],[140.92579,37.38409],[140.92394,37.38546],[140.92363,37.38647],[140.91794,37.38693]]]},"properties":{"hoanrinKind":"保安林"}},
{"type":"Feature","geometry":{"type":"Polygon","coordinates":[[[139.69729,37.55039],[139.69708,37.55186],[139.69601,37.55217],[139.69498,37.54922],[139.69352,37.54781],[139.69046,37.54759],[139.68979,37.54597],[139.69144,37.54618],[139.69283,37.54555],[139.6955,37.54241],[139.69793,37.54099],[139.7017,37.53976],[139.70424,37.53939],[139.70731,37.54243],[139.70712,37.54397],[139.70914,37.54453],[139.71004,37.54543],[139.70752,37.5468],[139.70758,37.54857],[139.70461,37.54814],[139.7032,37.5487],[139.70151,37.55051],[139.69943,37.55082],[139.69729,37.55039]]]},"properties":{"hoanrinKind":"保安林"}},
{"type":"Feature","geometry":{"type":"Polygon","coordinates":[[[140.45585,37.91006],[140.45523,37.91065],[140.45268,37.91027],[140.44904,37.90835],[140.44774,37.90687],[140.44516,37.9062],[140.44055,37.90437],[140.43915,37.90491],[140.43763,37.90284],[140.43534,37.90221],[140.43448,37.90094],[140.43823,37.901],[140.44088,37.90199],[140.44549,37.90161],[140.44893,37.90051],[140.45097,37.89866],[140.45217,37.90051],[140.45335,37.90081],[140.45851,37.90012],[140.46034,37.90015],[140.46103,37.90134],[140.45872,37.90291],[140.45432,37.90273],[140.45551,37.90544],[140.45835,37.90642],[140.45924,37.90809],[140.45855,37.90892],[140.45692,37.90923],[140.45585,37.91006]]]},"properties":{"hoanrinKind":"保安林"}},
{"type":"Feature","geometry":{"type":"Polygon","coordinates":[[[139.57359,37.24807],[139.57287,37.24941],[139.57704,37.25111],[139.57784,37.25192],[139.57907,37.25709],[139.57828,37.25774],[139.57593,37.25725],[139.57409,37.25589],[139.57065,37.25444],[139.56852,37.2524],[139.56805,37.25148],[139.56824,37.24905],[139.56789,37.24695],[139.56698,37.24464],[139.5689,37.24358],[139.57065,37.24454],[139.57378,37.24406],[139.57442,37.24346],[139.57538,37.24045],[139.57649,37.24151],[139.57962,37.24294],[139.58099,37.24498],[139.58126,37.24718],[139.58052,37.24865],[139.57897,37.25014],[139.5748,37.24794],[139.57359,37.24807]]]},"properties":{"hoanrinKind":"保安林"}},
{"type":"Feature","geometry":{"type":"Polygon","coordinates":[[[140.75935,37.26479],[140.75674,37.26773],[140.75467,37.26841],[140.75384,37.27019],[140.75167,37.27045],[140.75015,37.27009],[140.74791,37.2683],[140.74828,37.26751],[140.74678,37.26585],[140.74698,37.26463],[140.75115,37.26218],[140.75176,37.26116],[140.75317,37.25715],[140.75238,37.25351],[140.75356,37.25253],[140.75513,37.25209],[140.75746,37.25245],[140.7597,37.2536],[140.75933,37.25412],[140.75688,37.25464],[140.75875,37.25602],[140.75918,37.25828],[140.76007,37.26019],[140.75935,37.26479]]]},"properties":{"hoanrinKind":"保安林"}},
{"type":"Feature","geometry":{"type":"Polygon","coordinates":[[[139.94882,37.28582],[139.94678,37.28626],[139.94346,37.28804],[139.94548,37.28245],[139.94674,37.28346],[139.94845,37.28385],[139.9498,37.28088],[139.95395,37.27517],[139.95606,37.27118],[139.95678,37.27033],[139.95933,37.27005],[139.96269,37.27085],[139.96214,37.27451],[139.96141,37.27582],[139.96074,37.27871],[139.95828,37.28101],[139.95775,37.28404],[139.95668,37.28459],[139.95484,37.2844],[139.95488,37.28546],[139.95345,37.28589],[139.94882,37.28582]]]},"properties":{"hoanrinKind":"保安林"}},
{"type":"Feature","geometry":{"type":"Polygon","coordinates":[[[140.18651,37.66947],[140.18582,37.67123],[140.18385,37.67228],[140.18287,37.67221],[140.17832,37.66952],[140.17616,37.66881],[140.17665,37.66583],[140.17631,37.66399],[140.17425,37.66317],[140.17445,37.66151],[140.17914,37.66206],[140.18282,37.66301],[140.18494,37.66402],[140.18749,37.66578],[140.18735,37.66228],[140.18898,37.66042],[140.19126,37.66034],[140.19231,37.66234],[140.19406,37.66477],[140.19375,37.66595],[140.19397,37.66898],[140.19052,37.66956],[140.18651,37.66947]]]},"properties":{"hoanrinKind":"保安林"}},
{"type":"Feature","geometry":{"type":"Polygon","coordinates":[[[140.82196,37.76823],[140.81751,37.7679],[140.81707,37.76664],[140.81941,37.76456],[140.823,37.76303],[140.82583,37.76287],[140.8257,37.75923],[140.82446,37.75828],[140.82287,37.75398],[140.82297,37.75282],[140.82543,37.75348],[140.8275,37.753],[140.82903,37.75415],[140.83131,37.75284],[140.8344,37.7518],[140.83591,37.75199],[140.83638,37.75359],[140.83456,37.75702],[140.83457,37.75855],[140.83249,37.76169],[140.8312,37.76099],[140.82921,37.76127],[140.8274,37.75997],[140.82909,37.76508],[140.82855,37.76666],[140.82727,37.76707],[140.82638,37.76813],[140.82196,37.76823]]]},"properties":{"hoanrinKind":"保安林"}},
{"type":"Feature","geometry":{"type":"Polygon","coordinates":[[[140.89583,37.42386],[140.89298,37.4236],[140.89144,37.42312],[140.88965,37.4219],[140.88996,37.41972],[140.8898,37.41659],[140.88621,37.41318],[140.88584,37.41192],[140.88461,37.41083],[140.88523,37.41022],[140.88733,37.41003],[140.88858,37.41089],[140.89066,37.41569],[140.89226,37.41412],[140.89459,37.41441],[140.89647,37.41221],[140.89635,37.40971],[140.89891,37.41013],[140.90086,37.41181],[140.90224,37.41185],[140.90497,37.41467],[140.90539,37.41585],[140.90078,37.41652],[140.89953,37.4173],[140.89905,37.41856],[140.89751,37.41915],[140.89791,37.42005],[140.89941,37.41984],[140.90016,37.41804],[140.90342,37.41696],[140.90677,37.4171],[140.90604,37.41889],[140.90428,37.41905],[140.90242,37.41852],[140.90105,37.41957],[140.90036,37.42131],[140.89875,37.42263],[140.89696,37.42273],[140.89583,37.42386]]]},"properties":{"hoanrinKind":"保安林"}},
{"type":"Feature","geometry":{"type":"Polygon","coordinates":[[[139.63134,37.07822],[139.63064,37.07891],[139.62835,37.07938],[139.626,37.07833],[139.62374,37.07791],[139.62095,37.07803],[139.61895,37.07768],[139.61683,37.07657],[139.61417,37.07432],[139.6103,37.07268],[139.61354,37.07239],[139.61732,37.07286],[139.62072,37.07245],[139.62118,37.07134],[139.62198,37.06515],[139.62592,37.06425],[139.62785,37.06289],[139.63021,37.06333],[139.62997,37.06492],[139.62871,37.06637],[139.6273,37.07016],[139.62744,37.07131],[139.62921,37.07357],[139.62971,37.07567],[139.63121,37.07718],[139.63134,37.07822]]]},"properties":{"hoanrinKind":"保安林"}},
{"type":"Feature","geometry":{"type":"Polygon","coordinates":[[[140.89417,37.10942],[140.89272,37.11082],[140.88865,37.10818],[140.89309,37.10351],[140.88944,37.10346],[140.88865,37.10247],[140.88672,37.10416],[140.88553,37.10447],[140.88521,37.10632],[140.8831,37.10704],[140.88167,37.10635],[140.88049,37.10451],[140.88258,37.10412],[140.88403,37.10333],[140.88757,37.1021],[140.8882,37.10133],[140.88604,37.10023],[140.88708,37.09903],[140.88964,37.10018],[140.89192,37.09981],[140.89334,37.10021],[140.89647,37.10176],[140.8964,37.09895],[140.89193,37.09876],[140.89033,37.09812],[140.88878,37.09682],[140.89066,37.09642],[140.89425,37.09729],[140.89476,37.09619],[140.89373,37.09483],[140.89453,37.09437],[140.89804,37.09436],[140.90053,37.095],[140.9004,37.09733],[140.90106,37.09876],[140.90309,37.09982],[140.90228,37.10099],[140.9028,37.10297],[140.90024,37.10333],[140.89477,37.10707],[140.89417,37.10942]]]},"properties":{"hoanrinKind":"保安林"}},
{"type":"Feature","geometry":{"type":"Polygon","coordinates":[[[140.85718,37.29564],[140.85532,37.29712],[140.85339,37.29938],[140.85259,37.29773],[140.8511,37.2963],[140.85095,37.29331],[140.84964,37.29187],[140.85133,37.29075],[140.85166,37.28683],[140.85231,37.28531],[140.85349,37.28443],[140.85469,37.28237],[140.85814,37.28048],[140.86213,37.27953],[140.86163,37.28145],[140.86277,37.28238],[140.86202,37.28533],[140.86102,37.28711],[140.86024,37.29064],[140.86135,37.294],[140.85962,37.29578],[140.85718,37.29564]]]},"properties":{"hoanrinKind":"保安林"}},
{"type":"Feature","geometry":{"type":"Polygon","coordinates":[[[140.94183,37.32191],[140.94277,37.32443],[140.94267,37.3253],[140.94126,37.32621],[140.93985,37.32611],[140.93777,37.32473],[140.93568,37.32399],[140.93463,37.32264],[140.93689,37.32129],[140.93845,37.3217],[140.93822,37.31986],[140.93721,37.31899],[140.93535,37.31883],[140.93299,37.32001],[140.93213,37.31916],[140.93314,37.31726],[140.93558,37.3154],[140.93622,37.31214],[140.93803,37.31079],[140.94219,37.31065],[140.94479,37.31143],[140.94596,37.31219],[140.94671,37.31378],[140.95043,37.3132],[140.95114,37.31427],[140.95053,37.31559],[140.94846,37.31686],[140.9467,37.31868],[140.94594,37.32014],[140.94243,37.32051],[140.94183,37.32191]]]},"properties":{"hoanrinKind":"保安林"}},
{"type":"Feature","geometry":{"type":"Polygon","coordinates":[[[140.67791,36.93471],[140.67161,36.93583],[140.66887,36.93464],[140.66751,36.93227],[140.66406,36.93237],[140.66117,36.93201],[140.66155,36.9282],[140.65928,36.927],[140.65768,36.92561],[140.65765,36.92485],[140.6604,36.92527],[140.66267,36.9262],[140.66592,36.92633],[140.67277,36.92716],[140.67647,36.92793],[140.67782,36.92697],[140.67986,36.92877],[140.67964,36.93029],[140.68378,36.93055],[140.68463,36.93247],[140.68051,36.93192],[140.67893,36.93243],[140.67938,36.93393],[140.68383,36.93328],[140.68339,36.93494],[140.68011,36.9355],[140.67968,36.93471],[140.67791,36.93471]]]},"properties":{"hoanrinKind":"保安林"}},
{"type":"Feature","geometry":{"type":"Polygon","coordinates":[[[140.22719,37.52991],[140.22611,37.53139],[140.22496,37.52885],[140.22402,37.52488],[140.22163,37.52162],[140.22162,37.52079],[140.22271,37.51769],[140.2216,37.51499],[140.22186,37.51298],[140.22254,37.51152],[140.22458,37.50949],[140.22621,37.50891],[140.22769,37.50913],[140.2315,37.50814],[140.23451,37.50802],[140.23125,37.51258],[140.22949,37.51561],[140.22872,37.51786],[140.22976,37.52523],[140.22961,37.52987],[140.22719,37.52991]]]},"properties":{"hoanrinKind":"保安林"}},
{"type":"Feature","geometry":{"type":"Polygon","coordinates":[[[139.77675,37.23198],[139.77271,37.23277],[139.77176,37.23364],[139.76936,37.23389],[139.7681,37.23235],[139.76771,37.23095],[139.76545,37.2289],[139.76425,37.22649],[139.76739,37.22758],[139.77094,37.22786],[139.77277,37.22955],[139.77405,37.22809],[139.7762,37.22153],[139.77629,37.22062],[139.77517,37.21897],[139.77742,37.21833],[139.77828,37.22092],[139.78064,37.22313],[139.78227,37.22519],[139.78135,37.22812],[139.78621,37.22751],[139.78858,37.22643],[139.78952,37.22689],[139.78958,37.22897],[139.7876,37.22979],[139.78589,37.2322],[139.78317,37.23333],[139.78157,37.23343],[139.78115,37.23213],[139.77944,37.23231],[139.77675,37.23198]]]},"properties":{"hoanrinKind":"保安林"}},
{"type":"Feature","geometry":{"type":"Polygon","coordinates":[[[140.86823,37.84657],[140.86438,37.84638],[140.86344,37.8453],[140.85914,37.84432],[140.85812,37.84313],[140.85665,37.8431],[140.85423,37.84177],[140.85395,37.83497],[140.85518,37.83415],[140.8582,37.83563],[140.85961,37.8358],[140.8627,37.83531],[140.86565,37.83582],[140.86684,37.83555],[140.86648,37.83293],[140.86329,37.83233],[140.86312,37.83169],[140.86442,37.82972],[140.8667,37.83153],[140.86818,37.83094],[140.8698,37.83434],[140.87181,37.83561],[140.87048,37.83619],[140.86973,37.83733],[140.86793,37.83693],[140.86762,37.8405],[140.86693,37.84143],[140.86443,37.84068],[140.86397,37.8419],[140.86667,37.84201],[140.87054,37.84365],[140.86999,37.84666],[140.86823,37.84657]]]},"properties":{"hoanrinKind":"保安林"}},
{"type":"Feature","geometry":{"type":"Polygon","coordinates":[[[139.78484,37.36238],[139.78287,37.36321],[139.78191,37.36264],[139.781,37.35995],[139.78091,37.35784],[139.78299,37.35491],[139.78605,37.35536],[139.78549,37.35364],[139.78687,37.3533],[139.78747,37.35116],[139.78615,37.34859],[139.7871,37.34651],[139.79263,37.34326],[139.79438,37.3429],[139.79517,37.3452],[139.79681,37.34575],[139.79659,37.34801],[139.79463,37.3509],[139.79335,37.35341],[139.79098,37.35621],[139.79073,37.35794],[139.79102,37.36],[139.78845,37.36086],[139.78583,37.36238],[139.78484,37.36238]]]},"properties":{"hoanrinKind":"保安林"}},
{"type":"Feature","geometry":{"type":"Polygon","coordinates":[[[140.13792,37.26685],[140.13652,37.26802],[140.13615,37.27198],[140.13567,37.27304],[140.13427,37.27398],[140.13251,37.27438],[140.13069,37.27376],[140.12991,37.27215],[140.13001,37.2697],[140.13051,37.26913],[140.13293,37.26864],[140.13499,37.26697],[140.13757,37.26567],[140.13473,37.26525],[140.13214,37.26536],[140.13189,37.26349],[140.13057,37.26144],[140.12669,37.25874],[140.12826,37.25717],[140.1306,37.25667],[140.13186,37.25563],[140.13329,37.25543],[140.13707,37.25653],[140.13819,37.25773],[140.14098,37.26417],[140.14455,37.26405],[140.14538,37.26568],[140.14781,37.26686],[140.14625,37.27116],[140.14415,37.27007],[140.1445,37.26834],[140.1426,37.26786],[140.14048,37.26802],[140.13792,37.26685]]]},"properties":{"hoanrinKind":"保安林"}},
{"type":"Feature","geometry":{"type":"Polygon","coordinates":[[[140.43372,37.85398],[140.43256,37.85483],[140.42939,37.85546],[140.42816,37.85689],[140.429,37.85865],[140.42346,37.86247],[140.42109,37.86317],[140.41868,37.86276],[140.41646,37.86168],[140.41481,37.85968],[140.41574,37.85702],[140.41631,37.8542],[140.41734,37.8522],[140.41908,37.85075],[140.42235,37.84888],[140.42753,37.85183],[140.42946,37.85177],[140.43225,37.85073],[140.43348,37.85157],[140.43372,37.85398]]]},"properties":{"hoanrinKind":"保安林"}},
{"type":"Feature","geometry":{"type":"Polygon","coordinates":[[[139.68117,37.1699],[139.68111,37.17254],[139.68413,37.17527],[139.68293,37.17684],[139.68269,37.17796],[139.68354,37.18024],[139.68319,37.18178],[139.6799,37.18012],[139.67881,37.17755],[139.67757,37.17647],[139.67511,37.17538],[139.67448,37.17306],[139.67329,37.17209],[139.66993,37.17044],[139.66764,37.16894],[139.66731,37.16796],[139.6679,37.16661],[139.66691,37.16515],[139.66896,37.16239],[139.66831,37.16004],[139.67143,37.15796],[139.67409,37.16],[139.67781,37.15931],[139.68017,37.15968],[139.68162,37.16107],[139.68099,37.16281],[139.67864,37.16156],[139.67697,37.16202],[139.67613,37.16291],[139.67578,37.16457],[139.6735,37.16624],[139.67193,37.16665],[139.67146,37.16795],[139.67419,37.16944],[139.67605,37.16981],[139.67953,37.16828],[139.68063,37.16865],[139.68117,37.1699]]]},"properties":{"hoanrinKind":"保安林"}},
{"type":"Feature","geometry":{"type":"Polygon","coordinates":[[[140.96033,37.34602],[140.95963,37.34662],[140.95748,37.34586],[140.95596,37.34596],[140.95085,37.34402],[140.95012,37.3432],[140.94983,37.34143],[140.94715,37.341],[140.94536,37.34016],[140.94344,37.34023],[140.94176,37.3382],[140.93996,37.3378],[140.93866,37.33684],[140.93799,37.33548],[140.93948,37.33392],[140.94486,37.33353],[140.95078,37.33421],[140.95194,37.33414],[140.95353,37.33283],[140.95469,37.33286],[140.95585,37.3338],[140.95779,37.33436],[140.95886,37.33666],[140.95994,37.33792],[140.95871,37.33836],[140.95436,37.33796],[140.95436,37.33906],[140.95652,37.33945],[140.95783,37.34052],[140.95973,37.34321],[140.96033,37.34602]]]},"properties":{"hoanrinKind":"保安林"}},
{"type":"Feature","geometry":{"type":"Polygon","coordinates":[[[139.83202,37.70172],[139.82919,37.70151],[139.83011,37.69957],[139.82982,37.69785],[139.83135,37.69651],[139.82971,37.69516],[139.82775,37.69608],[139.82754,37.69452],[139.82647,37.69309],[139.82678,37.69137],[139.82804,37.68929],[139.82829,37.68761],[139.82697,37.68542],[139.82867,37.68546],[139.83305,37.68381],[139.83704,37.684],[139.83835,37.68457],[139.84004,37.68432],[139.84146,37.68327],[139.84243,37.68473],[139.84093,37.68636],[139.8407,37.68901],[139.83878,37.68834],[139.83864,37.69022],[139.83981,37.69091],[139.83937,37.69267],[139.8358,37.69274],[139.83489,37.69331],[139.83764,37.69426],[139.83529,37.69606],[139.83257,37.69871],[139.83423,37.69982],[139.83567,37.70008],[139.8391,37.69823],[139.84051,37.69894],[139.83926,37.7],[139.83572,37.70166],[139.83202,37.70172]]]},"properties":{"hoanrinKind":"保安林"}},
{"type":"Feature","geometry":{"type":"Polygon","coordinates":[[[140.31879,37.51943],[140.31859,37.52095],[140.31917,37.52315],[140.32055,37.52408],[140.31711,37.52722],[140.31476,37.53028],[140.31361,37.53277],[140.31083,37.53324],[140.30901,37.53168],[140.30709,37.52882],[140.30601,37.52783],[140.30657,37.52601],[140.30441,37.52197],[140.30421,37.52002],[140.30603,37.51716],[140.31075,37.51837],[140.3121,37.51751],[140.31462,37.51687],[140.31879,37.51943]]]},"properties":{"hoanrinKind":"保安林"}},
{"type":"Feature","geometry":{"type":"Polygon","coordinates":[[[140.0117,37.66965],[140.01262,37.67005],[140.01749,37.67103],[140.01843,37.67263],[140.01958,37.67627],[140.01925,37.67928],[140.01636,37.68207],[140.01556,37.68201],[140.01118,37.67963],[140.00361,37.6763],[140.00136,37.67452],[140.00025,37.67202],[140.00047,37.66962],[140.00175,37.66766],[140.00506,37.66788],[140.00555,37.66832],[140.00927,37.66896],[140.0117,37.66965]]]},"properties":{"hoanrinKind":"保安林"}},
{"type":"Feature","geometry":{"type":"Polygon","coordinates":[[[139.48761,37.03406],[139.48601,37.03472],[139.48387,37.04017],[139.48411,37.04188],[139.48253,37.04567],[139.48245,37.04995],[139.48027,37.04973],[139.48014,37.04861],[139.48072,37.04476],[139.47958,37.04136],[139.47928,37.03906],[139.47725,37.03598],[139.47624,37.03398],[139.47749,37.03365],[139.47774,37.03238],[139.47657,37.0309],[139.47514,37.02738],[139.47551,37.02493],[139.47962,37.02473],[139.48258,37.02502],[139.48645,37.0268],[139.48784,37.02864],[139.48952,37.03017],[139.48808,37.03192],[139.48761,37.03406]]]},"properties":{"hoanrinKind":"保安林"}},
{"type":"Feature","geometry":{"type":"Polygon","coordinates":[[[140.9206,37.17016],[140.92101,37.1734],[140.92043,37.17512],[140.92032,37.1772],[140.91885,37.17956],[140.91739,37.17996],[140.91536,37.17928],[140.91377,37.17671],[140.91336,37.17499],[140.91393,37.17299],[140.91528,37.17055],[140.91936,37.16422],[140.92061,37.16127],[140.92076,37.15988],[140.9217,37.15816],[140.92252,37.1582],[140.92455,37.16192],[140.92637,37.16138],[140.92842,37.16148],[140.93117,37.16289],[140.93441,37.16347],[140.9302,37.16642],[140.92903,37.16802],[140.9295,37.16936],[140.92855,37.17005],[140.92595,37.17062],[140.9206,37.17016]]]},"properties":{"hoanrinKind":"保安林"}},
{"type":"Feature","geometry":{"type":"Polygon","coordinates":[[[139.52655,37.31117],[139.5254,37.31074],[139.52434,37.30896],[139.52291,37.30837],[139.51832,37.30496],[139.5193,37.30316],[139.52188,37.30088],[139.52219,37.29877],[139.52312,37.29798],[139.52509,37.29778],[139.5265,37.29537],[139.5285,37.29612],[139.53063,37.29642],[139.53442,37.29836],[139.53568,37.30101],[139.53524,37.30336],[139.53309,37.30439],[139.5327,37.30601],[139.53372,37.31003],[139.53042,37.3114],[139.52709,37.31093],[139.52655,37.31117]]]},"properties":{"hoanrinKind":"保安林"}},
{"type":"Feature","geometry":{"type":"Polygon","coordinates":[[[140.04844,37.2005],[140.04413,37.2049],[140.04222,37.20569],[140.04018,37.20605],[140.03858,37.20571],[140.03513,37.20427],[140.03193,37.20094],[140.02946,37.20013],[140.02958,37.19897],[140.03145,37.19789],[140.03249,37.19432],[140.03471,37.19499],[140.03834,37.19461],[140.04079,37.19662],[140.04293,37.19604],[140.04484,37.19705],[140.04578,37.1985],[140.04682,37.19742],[140.04951,37.19718],[140.0508,37.19577],[140.05352,37.1945],[140.05683,37.19427],[140.05831,37.19579],[140.05636,37.19938],[140.05354,37.19908],[140.05133,37.19928],[140.04844,37.2005]]]},"properties":{"hoanrinKind":"保安林"}},
{"type":"Feature","geometry":{"type":"Polygon","coordinates":[[[140.94725,37.3619],[140.94623,37.36081],[140.94668,37.3596],[140.94572,37.35842],[140.94467,37.35866],[140.94443,37.35999],[140.94257,37.35991],[140.94121,37.35876],[140.94176,37.35764],[140.94088,37.35677],[140.93973,37.35735],[140.93954,37.3595],[140.93547,37.35898],[140.93096,37.35648],[140.9334,37.3554],[140.93555,37.35578],[140.93673,37.35546],[140.93741,37.35349],[140.93905,37.35234],[140.94041,37.35261],[140.94198,37.35376],[140.94356,37.35344],[140.94488,37.35206],[140.94388,37.35031],[140.94182,37.34961],[140.94132,37.34881],[140.94275,37.34776],[140.94204,37.34272],[140.94521,37.34247],[140.94653,37.34296],[140.94775,37.34416],[140.94742,37.34601],[140.94888,37.34743],[140.94956,37.34905],[140.95295,37.35029],[140.95408,37.35132],[140.95178,37.35229],[140.9514,37.35315],[140.95279,37.35553],[140.95412,37.3569],[140.95412,37.35888],[140.95566,37.3599],[140.95485,37.36076],[140.95282,37.36099],[140.95169,37.35824],[140.94871,37.35646],[140.9467,37.35557],[140.94442,37.35623],[140.94619,37.35761],[140.94707,37.35718],[140.94882,37.35927],[140.94843,37.3616],[140.94725,37.3619]]]},"properties":{"hoanrinKind":"保安林"}},
{"type":"Feature","geometry":{"type":"Polygon","coordinates":[[[140.12487,37.64113],[140.1234,37.64567],[140.12253,37.64707],[140.11949,37.64941],[140.11555,37.65074],[140.1176,37.64539],[140.11893,37.6447],[140.11827,37.64328],[140.11903,37.64013],[140.12083,37.63857],[140.11921,37.63658],[140.11927,37.63529],[140.12147,37.63219],[140.12386,37.6296],[140.12561,37.62822],[140.12758,37.62755],[140.1284,37.62859],[140.12895,37.63159],[140.12973,37.63383],[140.13091,37.6359],[140.13401,37.63837],[140.13543,37.64019],[140.13553,37.64307],[140.13477,37.64557],[140.13365,37.64551],[140.12951,37.64299],[140.12487,37.64113]]]},"properties":{"hoanrinKind":"保安林"}},
{"type":"Feature","geometry":{"type":"Polygon","coordinates":[[[140.378,37.65134],[140.37548,37.65102],[140.37366,37.65119],[140.37047,37.65062],[140.36666,37.64806],[140.36955,37.64741],[140.37019,37.64659],[140.37243,37.64653],[140.37578,37.64557],[140.3782,37.64562],[140.37921,37.6445],[140.38188,37.64277],[140.38107,37.64069],[140.38435,37.6388],[140.38815,37.63759],[140.39264,37.63696],[140.3957,37.63631],[140.39682,37.63788],[140.39424,37.63901],[140.3927,37.63848],[140.39031,37.63859],[140.38848,37.63912],[140.3872,37.64041],[140.3907,37.64036],[140.39161,37.64117],[140.39291,37.64062],[140.39438,37.64078],[140.39628,37.63974],[140.40025,37.64036],[140.4012,37.64121],[140.3971,37.64228],[140.39812,37.64274],[140.4014,37.64184],[140.40285,37.64274],[140.40343,37.64445],[140.4021,37.64566],[140.40062,37.64528],[140.3992,37.64586],[140.39632,37.64824],[140.39421,37.64688],[140.3916,37.6469],[140.3903,37.64812],[140.38871,37.64808],[140.38698,37.64715],[140.38858,37.64569],[140.38811,37.6441],[140.39006,37.64299],[140.38841,37.64208],[140.3867,37.64354],[140.38684,37.64435],[140.38528,37.64592],[140.38426,37.64576],[140.3813,37.64761],[140.38098,37.64891],[140.378,37.65134]]]},"properties":{"hoanrinKind":"保安林"}},
{"type":"Feature","geometry":{"type":"Polygon","coordinates":[[[139.73068,37.7047],[139.72898,37.70487],[139.72862,37.70355],[139.73033,37.70065],[139.73295,37.69998],[139.7334,37.69844],[139.73252,37.69481],[139.73264,37.69187],[139.73393,37.69034],[139.73447,37.68859],[139.73898,37.68878],[139.74114,37.68708],[139.74189,37.68322],[139.74296,37.68132],[139.74535,37.68489],[139.74537,37.68567],[139.74817,37.68647],[139.75062,37.68865],[139.75267,37.68928],[139.75483,37.69126],[139.75407,37.69246],[139.75086,37.69298],[139.74615,37.69164],[139.74459,37.69198],[139.74381,37.69279],[139.74359,37.69482],[139.74178,37.69796],[139.73845,37.70054],[139.73619,37.70289],[139.73382,37.7047],[139.73068,37.7047]]]},"properties":{"hoanrinKind":"保安林"}},
{"type":"Feature","geometry":{"type":"Polygon","coordinates":[[[140.89147,37.52414],[140.89067,37.52477],[140.88649,37.52592],[140.8838,37.52503],[140.88517,37.52386],[140.88761,37.52367],[140.88839,37.52197],[140.89082,37.52106],[140.89086,37.51964],[140.88936,37.5188],[140.88665,37.5185],[140.88805,37.51602],[140.88798,37.51442],[140.89031,37.5147],[140.89164,37.51562],[140.89435,37.51562],[140.89614,37.51501],[140.89638,37.51234],[140.89816,37.5135],[140.89936,37.51316],[140.89952,37.50996],[140.90176,37.5082],[140.9018,37.50698],[140.90277,37.50623],[140.9044,37.50692],[140.90468,37.50962],[140.90784,37.51033],[140.90888,37.51],[140.91204,37.5118],[140.91153,37.5145],[140.91037,37.51827],[140.91013,37.51995],[140.90833,37.52105],[140.9073,37.51968],[140.90715,37.51803],[140.90296,37.51922],[140.89756,37.52181],[140.89536,37.52093],[140.89438,37.5225],[140.89147,37.52414]]]},"properties":{"hoanrinKind":"保安林"}},
{"type":"Feature","geometry":{"type":"Polygon","coordinates":[[[139.60832,37.13157],[139.60662,37.13224],[139.60627,37.13345],[139.60736,37.13753],[139.60911,37.13921],[139.61101,37.14012],[139.61017,37.14077],[139.60774,37.14098],[139.60523,37.14001],[139.604,37.13817],[139.6025,37.13731],[139.60114,37.1351],[139.60255,37.13221],[139.60327,37.12735],[139.60222,37.12576],[139.60168,37.12211],[139.60387,37.12097],[139.60514,37.12094],[139.60717,37.12164],[139.60796,37.12096],[139.60983,37.12074],[139.61112,37.11949],[139.61348,37.11933],[139.61359,37.12155],[139.61617,37.1265],[139.617,37.12694],[139.61959,37.12683],[139.62071,37.12803],[139.62241,37.13074],[139.62081,37.1325],[139.61866,37.13319],[139.61708,37.13289],[139.61642,37.13376],[139.61388,37.13274],[139.60832,37.13157]]]},"properties":{"hoanrinKind":"保安林"}},
{"type":"Feature","geometry":{"type":"Polygon","coordinates":[[[140.80094,37.73241],[140.79865,37.73211],[140.79737,37.73275],[140.7958,37.73261],[140.79566,37.73126],[140.79376,37.72997],[140.79398,37.72918],[140.79624,37.72759],[140.79573,37.7268],[140.79689,37.72362],[140.79544,37.72298],[140.79145,37.72331],[140.79075,37.72264],[140.79106,37.72023],[140.79084,37.71699],[140.79234,37.71509],[140.79218,37.71326],[140.79473,37.7114],[140.79798,37.70982],[140.80117,37.71273],[140.80108,37.71396],[140.8023,37.71548],[140.80367,37.71569],[140.80566,37.71925],[140.80897,37.72238],[140.80946,37.72545],[140.80914,37.72683],[140.80763,37.72637],[140.80776,37.72518],[140.80664,37.7229],[140.8042,37.72334],[140.80386,37.72497],[140.8014,37.72615],[140.80249,37.72762],[140.80261,37.72928],[140.80094,37.73241]]]},"properties":{"hoanrinKind":"保安林"}},
{"type":"Feature","geometry":{"type":"Polygon","coordinates":[[[139.43088,37.08048],[139.43271,37.08224],[139.43378,37.08567],[139.43231,37.0868],[139.42929,37.08474],[139.42704,37.08391],[139.42586,37.08259],[139.42528,37.08078],[139.42409,37.07992],[139.42192,37.07986],[139.42167,37.07846],[139.41984,37.07804],[139.41925,37.07645],[139.41821,37.07588],[139.41793,37.07257],[139.41843,37.07121],[139.41827,37.06934],[139.41953,37.06868],[139.41915,37.06464],[139.41995,37.06353],[139.42128,37.06321],[139.4238,37.06144],[139.42797,37.06252],[139.42972,37.0627],[139.43254,37.06358],[139.43139,37.06641],[139.43288,37.06963],[139.43196,37.07061],[139.43005,37.07105],[139.42926,37.07192],[139.42886,37.07469],[139.42899,37.07768],[139.43088,37.08048]]]},"properties":{"hoanrinKind":"保安林"}},
{"type":"Feature","geometry":{"type":"Polygon","coordinates":[[[139.96939,37.44004],[139.9689,37.44137],[139.96321,37.43926],[139.95967,37.43845],[139.95149,37.4383],[139.94795,37.43795],[139.94755,37.43713],[139.94859,37.43579],[139.95168,37.43472],[139.95482,37.43464],[139.95518,37.43108],[139.9558,37.42921],[139.9571,37.42773],[139.95867,37.42689],[139.96173,37.42616],[139.96575,37.42275],[139.96764,37.42166],[139.96886,37.42168],[139.9684,37.42459],[139.96854,37.42798],[139.9693,37.42948],[139.97345,37.43271],[139.96987,37.43728],[139.96939,37.44004]]]},"properties":{"hoanrinKind":"保安林"}},
{"type":"Feature","geometry":{"type":"Polygon","coordinates":[[[140.09469,37.62699],[140.09437,37.62813],[140.09142,37.63039],[140.09368,37.63312],[140.09314,37.63384],[140.0902,37.63467],[140.0893,37.63428],[140.08667,37.63173],[140.08406,37.62841],[140.08229,37.6249],[140.08204,37.62168],[140.08212,37.61788],[140.08294,37.61649],[140.08346,37.61315],[140.08463,37.61079],[140.0858,37.61187],[140.0893,37.61345],[140.08915,37.6165],[140.09045,37.61876],[140.09238,37.61751],[140.09559,37.61707],[140.09646,37.61915],[140.0976,37.62323],[140.09928,37.62363],[140.10211,37.62318],[140.10272,37.62458],[140.10131,37.62863],[140.09928,37.62908],[140.09756,37.62704],[140.09578,37.62653],[140.09469,37.62699]]]},"properties":{"hoanrinKind":"保安林"}},
{"type":"Feature","geometry":{"type":"Polygon","coordinates":[[[139.50262,37.21667],[139.50019,37.2176],[139.50007,37.21653],[139.49864,37.2139],[139.49898,37.21276],[139.49466,37.21119],[139.49206,37.20798],[139.49255,37.20708],[139.49087,37.20643],[139.48923,37.20676],[139.48792,37.20515],[139.48664,37.20501],[139.4869,37.20243],[139.48847,37.20038],[139.48889,37.19885],[139.49083,37.19811],[139.49229,37.19843],[139.49481,37.19811],[139.49826,37.19873],[139.50046,37.19966],[139.50302,37.19971],[139.50562,37.20038],[139.50624,37.20131],[139.50288,37.20259],[139.50191,37.20374],[139.50169,37.20726],[139.50466,37.20761],[139.50725,37.20515],[139.50874,37.20607],[139.50942,37.20759],[139.50818,37.20909],[139.50869,37.21326],[139.5082,37.21588],[139.50731,37.21674],[139.50545,37.21591],[139.5044,37.21655],[139.50262,37.21667]]]},"properties":{"hoanrinKind":"保安林"}},
{"type":"Feature","geometry":{"type":"Polygon","coordinates":[[[139.532,37.16961],[139.52948,37.17061],[139.52973,37.16919],[139.53121,37.16901],[139.5337,37.16645],[139.53393,37.16489],[139.53519,37.16442],[139.53994,37.16117],[139.53826,37.16038],[139.53601,37.16137],[139.53536,37.16227],[139.53316,37.16356],[139.53,37.16308],[139.52883,37.16198],[139.52931,37.16115],[139.53273,37.16247],[139.53244,37.16048],[139.52993,37.15893],[139.53025,37.15715],[139.53143,37.15659],[139.53159,37.15538],[139.533,37.15453],[139.53606,37.15354],[139.54135,37.15236],[139.54352,37.1482],[139.54825,37.14856],[139.54915,37.14978],[139.55039,37.14998],[139.55108,37.15161],[139.55007,37.15312],[139.5504,37.15545],[139.55027,37.15853],[139.5495,37.1596],[139.54955,37.16217],[139.54895,37.16585],[139.54693,37.16551],[139.5457,37.1644],[139.54306,37.16101],[139.541,37.16418],[139.53968,37.1656],[139.53675,37.16638],[139.53327,37.16949],[139.532,37.16961]]]},"properties":{"hoanrinKind":"保安林"}},
{"type":"Feature","geometry":{"type":"Polygon","coordinates":[[[140.29775,37.04085],[140.2959,37.04066],[140.2946,37.04177],[140.29354,37.04171],[140.29086,37.04057],[140.28931,37.03936],[140.29063,37.03776],[140.29078,37.03408],[140.28843,37.03299],[140.29082,37.03178],[140.29227,37.0296],[140.29236,37.02877],[140.29394,37.02704],[140.294,37.02519],[140.29524,37.02263],[140.29595,37.01978],[140.30038,37.0173],[140.30133,37.01767],[140.30223,37.01969],[140.30557,37.02345],[140.30756,37.02654],[140.30732,37.02737],[140.30807,37.03143],[140.30668,37.03188],[140.30407,37.03065],[140.30206,37.02889],[140.30095,37.02883],[140.30234,37.03119],[140.30106,37.03408],[140.30224,37.03496],[140.301,37.03692],[140.30046,37.03974],[140.29872,37.03928],[140.29775,37.04085]]]},"properties":{"hoanrinKind":"保安林"}},
{"type":"Feature","geometry":{"type":"Polygon","coordinates":[[[140.40564,36.84467],[140.40456,36.84623],[140.40328,36.84977],[140.39999,36.85079],[140.3988,36.84979],[140.39577,36.84868],[140.39506,36.84797],[140.39575,36.84684],[140.39913,36.84539],[140.40136,36.84294],[140.40092,36.84103],[140.40019,36.84022],[140.40048,36.83861],[140.39816,36.83836],[140.39504,36.83916],[140.39355,36.8407],[140.39197,36.83979],[140.39001,36.84036],[140.38841,36.83846],[140.38853,36.8367],[140.38971,36.83711],[140.38998,36.83879],[140.39286,36.83841],[140.39441,36.83671],[140.39095,36.83651],[140.39098,36.83517],[140.3967,36.83683],[140.39773,36.836],[140.39596,36.83506],[140.39812,36.83269],[140.39931,36.83228],[140.40099,36.83263],[140.40349,36.8346],[140.40374,36.83588],[140.40308,36.83814],[140.4046,36.83868],[140.40874,36.83761],[140.41042,36.83333],[140.41328,36.83334],[140.41356,36.83229],[140.41508,36.83203],[140.41499,36.83083],[140.41797,36.83],[140.41938,36.82816],[140.42255,36.82741],[140.42447,36.82731],[140.42582,36.8282],[140.42388,36.82984],[140.42153,36.83054],[140.42018,36.83266],[140.41829,36.83441],[140.41648,36.83709],[140.41989,36.83848],[140.41823,36.84016],[140.4142,36.84058],[140.41185,36.8425],[140.41002,36.84287],[140.40791,36.84259],[140.40713,36.84461],[140.40564,36.84467]]]},"properties":{"hoanrinKind":"保安林"}},
{"type":"Feature","geometry":{"type":"Polygon","coordinates":[[[140.09197,37.60665],[140.09109,37.6073],[140.08966,37.6061],[140.09005,37.60406],[140.09142,37.60299],[140.0934,37.60068],[140.09337,37.60016],[140.08927,37.60012],[140.08636,37.60033],[140.08721,37.59912],[140.08766,37.59583],[140.08596,37.59441],[140.08494,37.59299],[140.08284,37.59155],[140.08611,37.59155],[140.08615,37.59292],[140.08982,37.58987],[140.09133,37.58911],[140.09246,37.58936],[140.09233,37.59249],[140.0919,37.59406],[140.09752,37.59374],[140.10443,37.59313],[140.10859,37.5932],[140.11198,37.59208],[140.11435,37.59164],[140.11461,37.59271],[140.10811,37.59512],[140.10517,37.59859],[140.1057,37.59963],[140.1081,37.59842],[140.10782,37.60003],[140.1056,37.6009],[140.11493,37.60102],[140.11875,37.60068],[140.11993,37.60198],[140.11107,37.6026],[140.10949,37.6024],[140.10645,37.60352],[140.10116,37.60252],[140.10013,37.60536],[140.09768,37.60534],[140.09558,37.60681],[140.09197,37.60665]]]},"properties":{"hoanrinKind":"保安林"}},
{"type":"Feature","geometry":{"type":"Polygon","coordinates":[[[139.75492,37.41894],[139.75449,37.4208],[139.75318,37.42139],[139.75104,37.42098],[139.74875,37.41999],[139.74709,37.41881],[139.74386,37.41872],[139.74354,37.41533],[139.74404,37.41445],[139.74617,37.4137],[139.74595,37.4107],[139.74378,37.41116],[139.74166,37.41024],[139.74033,37.40811],[139.73915,37.40476],[139.74213,37.40329],[139.74485,37.40421],[139.74733,37.40332],[139.75055,37.40298],[139.75301,37.40333],[139.75444,37.40259],[139.75643,37.4025],[139.75886,37.40322],[139.76017,37.40309],[139.76132,37.40529],[139.75833,37.40901],[139.75703,37.41172],[139.75767,37.41263],[139.75743,37.41707],[139.75492,37.41894]]]},"properties":{"hoanrinKind":"保安林"}},
{"type":"Feature","geometry":{"type":"Polygon","coordinates":[[[139.43525,37.21108],[139.43105,37.21099],[139.42748,37.2085],[139.42838,37.20579],[139.42778,37.20429],[139.42563,37.20069],[139.42855,37.19905],[139.42971,37.19763],[139.43079,37.19435],[139.43252,37.19138],[139.43394,37.19125],[139.43942,37.19185],[139.44388,37.19259],[139.44588,37.19361],[139.44406,37.19682],[139.44231,37.20274],[139.44187,37.20532],[139.441,37.20758],[139.43857,37.21028],[139.43694,37.2101],[139.43525,37.21108]]]},"properties":{"hoanrinKind":"保安林"}},
{"type":"Feature","geometry":{"type":"Polygon","coordinates":[[[139.35988,37.46743],[139.35844,37.46823],[139.35487,37.46707],[139.35163,37.46808],[139.35124,37.46556],[139.34945,37.46442],[139.34797,37.46237],[139.34582,37.46027],[139.34152,37.45994],[139.33918,37.45885],[139.33911,37.4554],[139.33849,37.45214],[139.33791,37.45121],[139.33586,37.44954],[139.33055,37.44588],[139.32753,37.44404],[139.32772,37.44294],[139.3303,37.44337],[139.33238,37.44409],[139.33655,37.4461],[139.33706,37.44666],[139.33991,37.44699],[139.34084,37.44857],[139.34377,37.44816],[139.35015,37.45127],[139.35117,37.45343],[139.35065,37.45744],[139.35111,37.45978],[139.35309,37.46176],[139.35578,37.46312],[139.35746,37.46359],[139.35975,37.46352],[139.36046,37.46295],[139.36025,37.45901],[139.35937,37.45643],[139.35747,37.45392],[139.3574,37.45],[139.35845,37.45046],[139.35953,37.45394],[139.36161,37.45605],[139.36288,37.45908],[139.36262,37.46187],[139.36156,37.46564],[139.35988,37.46743]]]},"properties":{"hoanrinKind":"保安林"}},
{"type":"Feature","geometry":{"type":"Polygon","coordinates":[[[139.57021,37.23447],[139.5699,37.23626],[139.56706,37.23268],[139.56587,37.23028],[139.56487,37.22904],[139.56468,37.22716],[139.5651,37.22497],[139.56592,37.2242],[139.5649,37.22315],[139.56224,37.22396],[139.55755,37.22474],[139.55811,37.22248],[139.55506,37.22088],[139.55346,37.221],[139.55472,37.21792],[139.55651,37.21727],[139.5598,37.21795],[139.56345,37.21809],[139.56566,37.21907],[139.56964,37.21889],[139.57347,37.22116],[139.57567,37.22118],[139.57885,37.2206],[139.58168,37.22108],[139.58471,37.22051],[139.58648,37.22069],[139.58791,37.22162],[139.58487,37.2248],[139.58367,37.22656],[139.57888,37.22804],[139.57754,37.22897],[139.57556,37.23189],[139.5733,37.23386],[139.57021,37.23447]]]},"properties":{"hoanrinKind":"保安林"}},
{"type":"Feature","geometry":{"type":"Polygon","coordinates":[[[140.94131,37.4307],[140.94061,37.43241],[140.942,37.43424],[140.93881,37.43638],[140.93728,37.43686],[140.9337,37.43679],[140.93148,37.43616],[140.92753,37.43404],[140.9261,37.43265],[140.9252,37.43084],[140.9217,37.42888],[140.92022,37.42719],[140.92009,37.42584],[140.91705,37.42494],[140.91877,37.42217],[140.91852,37.41983],[140.92007,37.41842],[140.92477,37.41851],[140.93283,37.41808],[140.93121,37.4208],[140.9291,37.42249],[140.9284,37.42387],[140.93106,37.42337],[140.93272,37.42355],[140.93553,37.42182],[140.93815,37.42191],[140.94055,37.42121],[140.94232,37.42209],[140.94246,37.4237],[140.94332,37.42482],[140.9476,37.42641],[140.94584,37.42723],[140.94342,37.42689],[140.9412,37.42756],[140.93588,37.42656],[140.93163,37.42677],[140.92792,37.42669],[140.93163,37.42931],[140.93582,37.43062],[140.94095,37.43016],[140.94131,37.4307]]]},"properties":{"hoanrinKind":"保安林"}},
{"type":"Feature","geometry":{"type":"Polygon","coordinates":[[[140.70965,37.36636],[140.7089,37.36709],[140.70464,37.36373],[140.70294,37.36163],[140.70211,37.35989],[140.69897,37.35975],[140.69983,37.35725],[140.69931,37.35583],[140.69742,37.35514],[140.69593,37.35386],[140.69698,37.35326],[140.69816,37.34869],[140.69895,37.34773],[140.70298,37.3444],[140.70426,37.34486],[140.70663,37.34441],[140.70802,37.34662],[140.71078,37.34898],[140.71465,37.34623],[140.71793,37.34629],[140.7208,37.34512],[140.72104,37.34652],[140.72046,37.34988],[140.71921,37.35166],[140.71853,37.35174],[140.71666,37.34881],[140.7146,37.34822],[140.7123,37.34934],[140.71403,37.35075],[140.71413,37.35181],[140.71232,37.35193],[140.71052,37.35076],[140.70879,37.35104],[140.70641,37.34967],[140.70538,37.35128],[140.70526,37.35261],[140.70902,37.35569],[140.71063,37.35339],[140.71246,37.35355],[140.71414,37.35261],[140.71761,37.35234],[140.71707,37.35362],[140.7153,37.35514],[140.71665,37.35678],[140.71686,37.35781],[140.71561,37.35945],[140.71559,37.36042],[140.71756,37.36145],[140.71438,37.36413],[140.71119,37.36466],[140.70965,37.36636]]]},"properties":{"hoanrinKind":"保安林"}},
{"type":"Feature","geometry":{"type":"Polygon","coordinates":[[[140.91178,37.44915],[140.90933,37.44978],[140.90374,37.44901],[140.9023,37.44754],[140.89829,37.44633],[140.89631,37.44434],[140.89391,37.44397],[140.8937,37.44287],[140.89461,37.44049],[140.8937,37.43865],[140.895,37.43707],[140.89528,37.43478],[140.89483,37.43306],[140.89627,37.43182],[140.89559,37.42955],[140.89766,37.42626],[140.90306,37.42643],[140.90439,37.42749],[140.90698,37.42876],[140.9109,37.42949],[140.91341,37.42889],[140.91475,37.42991],[140.91758,37.42996],[140.92033,37.4317],[140.91996,37.43259],[140.91578,37.43303],[140.91345,37.43231],[140.90971,37.43269],[140.9071,37.43249],[140.90836,37.43376],[140.9095,37.4378],[140.91027,37.4391],[140.91215,37.43949],[140.91294,37.44088],[140.91068,37.44128],[140.90853,37.43934],[140.90683,37.43892],[140.90595,37.43949],[140.90476,37.44157],[140.90519,37.44277],[140.90689,37.44338],[140.90963,37.44338],[140.91409,37.44625],[140.91685,37.44712],[140.91636,37.44818],[140.91477,37.44909],[140.91178,37.44915]]]},"properties":{"hoanrinKind":"保安林"}},
{"type":"Feature","geometry":{"type":"Polygon","coordinates":[[[140.02315,37.69147],[140.01946,37.69196],[140.01838,37.69118],[140.01588,37.69049],[140.0136,37.69099],[140.00993,37.69036],[140.00934,37.68695],[140.0113,37.6852],[140.01375,37.68464],[140.01528,37.68339],[140.01743,37.68237],[140.01928,37.68492],[140.02181,37.68419],[140.02374,37.68158],[140.02619,37.67906],[140.02619,37.67403],[140.02569,37.67284],[140.02382,37.6721],[140.02275,37.67242],[140.01829,37.67138],[140.01815,37.67048],[140.01931,37.66939],[140.02501,37.66702],[140.02728,37.66707],[140.02917,37.66755],[140.03297,37.66931],[140.03485,37.6705],[140.03622,37.66981],[140.0377,37.67079],[140.03814,37.67328],[140.03773,37.67603],[140.03701,37.67758],[140.03567,37.67877],[140.03447,37.6822],[140.03277,37.68264],[140.02714,37.69012],[140.02315,37.69147]]]},"properties":{"hoanrinKind":"保安林"}},
{"type":"Feature","geometry":{"type":"Polygon","coordinates":[[[139.59271,37.07071],[139.59147,37.07257],[139.58679,37.07805],[139.58622,37.08059],[139.58537,37.08113],[139.58539,37.08363],[139.5844,37.0853],[139.58312,37.08612],[139.58191,37.08589],[139.58161,37.08461],[139.57987,37.08205],[139.57966,37.08095],[139.57783,37.07991],[139.57672,37.07719],[139.57359,37.07409],[139.56837,37.0721],[139.56848,37.07046],[139.57222,37.06889],[139.57397,37.06784],[139.57587,37.06745],[139.57806,37.06542],[139.57892,37.06324],[139.58141,37.06225],[139.58307,37.06033],[139.5851,37.05997],[139.58819,37.06076],[139.59077,37.06],[139.59288,37.0613],[139.5919,37.06397],[139.59337,37.06785],[139.59345,37.06946],[139.59271,37.07071]]]},"properties":{"hoanrinKind":"保安林"}},
{"type":"Feature","geometry":{"type":"Polygon","coordinates":[[[139.827,37.25839],[139.82857,37.26012],[139.82984,37.26714],[139.82922,37.26877],[139.82946,37.27059],[139.82629,37.26943],[139.82483,37.26613],[139.82328,37.26467],[139.82155,37.26381],[139.82099,37.261],[139.82173,37.25915],[139.82114,37.25746],[139.81924,37.25691],[139.81801,37.2551],[139.81465,37.25755],[139.8121,37.25634],[139.81026,37.25673],[139.80733,37.26026],[139.8046,37.2575],[139.80257,37.25691],[139.80023,37.25545],[139.80172,37.25465],[139.80283,37.25293],[139.80336,37.25117],[139.8084,37.25262],[139.81049,37.25365],[139.81254,37.25219],[139.81675,37.2519],[139.81978,37.25219],[139.82132,37.24983],[139.8218,37.24812],[139.82375,37.24906],[139.82945,37.24875],[139.83322,37.24725],[139.83716,37.24739],[139.84017,37.24801],[139.84234,37.24772],[139.83633,37.25198],[139.83521,37.25207],[139.83247,37.25375],[139.83134,37.25339],[139.82984,37.25474],[139.83069,37.25732],[139.8373,37.256],[139.83818,37.2562],[139.84117,37.25795],[139.84078,37.25967],[139.84439,37.26011],[139.84633,37.26108],[139.84726,37.26217],[139.8463,37.26291],[139.84509,37.26215],[139.84406,37.26058],[139.84043,37.26022],[139.83872,37.25977],[139.83209,37.25928],[139.827,37.25839]]]},"properties":{"hoanrinKind":"保安林"}},
{"type":"Feature","geometry":{"type":"Polygon","coordinates":[[[139.76977,37.45778],[139.77165,37.45923],[139.77006,37.45981],[139.76931,37.4577],[139.76571,37.45844],[139.76449,37.45728],[139.76556,37.45627],[139.76229,37.45312],[139.7608,37.45071],[139.75922,37.4497],[139.75764,37.44673],[139.75613,37.44447],[139.75466,37.44003],[139.75296,37.43712],[139.75386,37.43544],[139.75391,37.4336],[139.75653,37.43121],[139.75848,37.43112],[139.768,37.43711],[139.77103,37.43864],[139.77271,37.44002],[139.77284,37.44175],[139.77142,37.44291],[139.76664,37.44084],[139.76494,37.4409],[139.76168,37.44379],[139.76217,37.44565],[139.76334,37.44773],[139.76427,37.44827],[139.77022,37.44897],[139.77201,37.44789],[139.77414,37.44601],[139.77484,37.44485],[139.77896,37.44316],[139.78076,37.44097],[139.78431,37.44116],[139.78647,37.44069],[139.78666,37.43841],[139.7888,37.43892],[139.78972,37.44192],[139.78965,37.4429],[139.78825,37.44392],[139.78634,37.44436],[139.78183,37.44655],[139.77988,37.44705],[139.77577,37.44877],[139.77619,37.45016],[139.77317,37.45059],[139.77136,37.44951],[139.77105,37.45162],[139.77264,37.4536],[139.77281,37.45525],[139.77217,37.45632],[139.76995,37.45677],[139.76977,37.45778]]]},"properties":{"hoanrinKind":"保安林"}},
{"type":"Feature","geometry":{"type":"Polygon","coordinates":[[[140.78855,37.10978],[140.78806,37.11305],[140.78604,37.11435],[140.78489,37.11454],[140.78415,37.11347],[140.7838,37.1113],[140.78545,37.10994],[140.78717,37.10944],[140.7885,37.10744],[140.79108,37.10849],[140.79224,37.10688],[140.79332,37.10423],[140.79471,37.10356],[140.79566,37.10225],[140.79587,37.10084],[140.7954,37.0992],[140.79371,37.09766],[140.79248,37.0958],[140.79263,37.0943],[140.79378,37.09382],[140.79623,37.09392],[140.7976,37.0934],[140.79943,37.09449],[140.80084,37.09668],[140.80097,37.09843],[140.80203,37.09955],[140.80325,37.09976],[140.80434,37.09823],[140.80827,37.0973],[140.81358,37.09759],[140.81531,37.09891],[140.81848,37.09892],[140.82142,37.09964],[140.82713,37.10295],[140.83076,37.10535],[140.83282,37.10615],[140.83531,37.1047],[140.83507,37.10654],[140.83422,37.1074],[140.83228,37.10793],[140.82863,37.10825],[140.82553,37.10795],[140.82156,37.10808],[140.81924,37.10854],[140.817,37.1075],[140.81677,37.10926],[140.81328,37.11049],[140.81211,37.11145],[140.81058,37.11136],[140.8109,37.10967],[140.80889,37.10727],[140.8065,37.10541],[140.80374,37.10168],[140.80041,37.10027],[140.7991,37.10086],[140.79903,37.10231],[140.79825,37.10444],[140.79594,37.10888],[140.79557,37.11021],[140.79407,37.11029],[140.79296,37.10794],[140.79213,37.10803],[140.791,37.10998],[140.78855,37.10978]]]},"properties":{"hoanrinKind":"保安林"}},
{"type":"Feature","geometry":{"type":"Polygon","coordinates":[[[140.28927,37.53709],[140.28778,37.53721],[140.28754,37.53591],[140.28579,37.53632],[140.28564,37.53482],[140.28476,37.53442],[140.28465,37.53708],[140.28393,37.53756],[140.28146,37.53757],[140.2791,37.5385],[140.27753,37.53783],[140.27402,37.53715],[140.27269,37.53536],[140.27516,37.53394],[140.27774,37.53343],[140.27767,37.53237],[140.27983,37.53142],[140.27954,37.53024],[140.27646,37.53126],[140.27466,37.53147],[140.27373,37.53329],[140.27241,37.53164],[140.27229,37.52775],[140.27497,37.52752],[140.27473,37.52597],[140.27301,37.52611],[140.27086,37.52509],[140.27118,37.52317],[140.27092,37.52016],[140.26969,37.51913],[140.27051,37.51814],[140.27204,37.51982],[140.27481,37.51968],[140.27669,37.52032],[140.27831,37.52],[140.27595,37.51623],[140.27578,37.51506],[140.27691,37.51433],[140.27444,37.51297],[140.27475,37.51229],[140.27691,37.51308],[140.27794,37.51273],[140.2783,37.51145],[140.28024,37.51091],[140.283,37.51079],[140.28451,37.51186],[140.28505,37.5137],[140.28647,37.51483],[140.28577,37.51634],[140.28335,37.51575],[140.28007,37.51621],[140.28157,37.51812],[140.28445,37.51808],[140.28461,37.52082],[140.28432,37.52194],[140.2845,37.52462],[140.28376,37.52568],[140.28477,37.52787],[140.28726,37.52765],[140.29026,37.52884],[140.29301,37.52891],[140.29557,37.5304],[140.29794,37.53127],[140.29605,37.5319],[140.2953,37.53298],[140.29119,37.53587],[140.2907,37.53778],[140.28927,37.53709]]]},"properties":{"hoanrinKind":"保安林"}},
{"type":"Feature","geometry":{"type":"Polygon","coordinates":[[[139.31594,37.38223],[139.31085,37.38269],[139.3074,37.38373],[139.30543,37.38497],[139.30282,37.38745],[139.29979,37.38688],[139.29885,37.38612],[139.29911,37.38301],[139.29798,37.38107],[139.29511,37.37799],[139.29477,37.37716],[139.29572,37.37581],[139.29452,37.37456],[139.29286,37.37422],[139.29033,37.37535],[139.28829,37.37469],[139.28633,37.37192],[139.28478,37.37104],[139.2843,37.36798],[139.28562,37.36558],[139.28845,37.36219],[139.28953,37.36155],[139.29127,37.3616],[139.29527,37.36294],[139.29695,37.36216],[139.29793,37.36241],[139.3,37.36446],[139.29696,37.36482],[139.29958,37.36766],[139.30253,37.36987],[139.30295,37.37212],[139.30423,37.37206],[139.3059,37.37351],[139.30743,37.37791],[139.30889,37.37797],[139.30956,37.37694],[139.31194,37.37526],[139.31343,37.3754],[139.31469,37.37825],[139.31476,37.3795],[139.31594,37.38223]]]},"properties":{"hoanrinKind":"保安林"}},
{"type":"Feature","geometry":{"type":"Polygon","coordinates":[[[140.3536,37.80589],[140.3515,37.80789],[140.34972,37.80804],[140.34905,37.80742],[140.34939,37.80589],[140.34574,37.80622],[140.34505,37.8056],[140.34328,37.80556],[140.34128,37.80367],[140.34129,37.80213],[140.34301,37.8025],[140.34434,37.80373],[140.34773,37.80274],[140.34819,37.80135],[140.34366,37.8008],[140.34343,37.79894],[140.34126,37.79798],[140.34184,37.79619],[140.34362,37.79635],[140.34425,37.79818],[140.34597,37.79793],[140.34633,37.79617],[140.34617,37.79429],[140.34547,37.79248],[140.34809,37.79118],[140.3504,37.78853],[140.3474,37.78681],[140.34815,37.78514],[140.3514,37.7839],[140.35236,37.78439],[140.35426,37.78395],[140.35536,37.78447],[140.35643,37.78186],[140.35803,37.78176],[140.35934,37.78263],[140.3601,37.78424],[140.36013,37.78676],[140.36054,37.78813],[140.36175,37.78983],[140.36367,37.79133],[140.36568,37.79401],[140.3673,37.79529],[140.3718,37.79715],[140.36769,37.79889],[140.36444,37.79872],[140.36062,37.79934],[140.35873,37.80124],[140.3583,37.80251],[140.35699,37.80359],[140.35397,37.80496],[140.3536,37.80589]]]},"properties":{"hoanrinKind":"保安林"}},
{"type":"Feature","geometry":{"type":"Polygon","coordinates":[[[140.78425,37.74513],[140.78304,37.74686],[140.77941,37.74551],[140.77743,37.7432],[140.77573,37.74311],[140.77537,37.74517],[140.77373,37.74544],[140.77185,37.74351],[140.76983,37.74399],[140.76671,37.74302],[140.76275,37.74304],[140.7591,37.744],[140.75882,37.74157],[140.75556,37.74156],[140.75273,37.74249],[140.75036,37.74219],[140.75014,37.74356],[140.74903,37.74557],[140.74427,37.74636],[140.74426,37.74428],[140.74295,37.74417],[140.74212,37.74307],[140.74362,37.74218],[140.74937,37.74078],[140.75181,37.73817],[140.75712,37.73753],[140.75705,37.73864],[140.75812,37.74023],[140.76019,37.7404],[140.76081,37.7413],[140.76225,37.74158],[140.76317,37.74084],[140.76176,37.73965],[140.76194,37.73851],[140.76039,37.73688],[140.76165,37.7359],[140.76415,37.73731],[140.76826,37.73603],[140.77097,37.7364],[140.77297,37.7354],[140.77511,37.73579],[140.77811,37.73556],[140.7805,37.73409],[140.78287,37.73516],[140.78332,37.73608],[140.78568,37.73429],[140.78837,37.7347],[140.79004,37.73438],[140.7922,37.73568],[140.79571,37.73572],[140.79662,37.73639],[140.79901,37.73622],[140.79963,37.73703],[140.80235,37.73731],[140.80122,37.73859],[140.80124,37.74081],[140.79876,37.73972],[140.79751,37.74139],[140.79616,37.74214],[140.79381,37.74255],[140.79256,37.7423],[140.79247,37.7442],[140.78815,37.7451],[140.78425,37.74513]]]},"properties":{"hoanrinKind":"保安林"}},
{"type":"Feature","geometry":{"type":"Polygon","coordinates":[[[140.90881,37.2041],[140.90841,37.20692],[140.90688,37.20976],[140.9051,37.21175],[140.90337,37.21211],[140.90276,37.21052],[140.90274,37.20889],[140.90197,37.20582],[140.90249,37.20439],[140.90262,37.19991],[140.90336,37.19862],[140.90645,37.19977],[140.90947,37.19694],[140.91058,37.195],[140.91389,37.19447],[140.91391,37.193],[140.91584,37.19128],[140.91745,37.19092],[140.91958,37.19103],[140.91997,37.18939],[140.92215,37.18947],[140.92247,37.18835],[140.91902,37.18704],[140.91908,37.18595],[140.92117,37.18576],[140.92231,37.18499],[140.92424,37.18518],[140.93151,37.18541],[140.9328,37.18582],[140.93516,37.18553],[140.93676,37.18585],[140.93893,37.18717],[140.94068,37.18776],[140.94562,37.18871],[140.94594,37.19017],[140.94447,37.19023],[140.94221,37.19185],[140.94001,37.19207],[140.93446,37.192],[140.93293,37.19235],[140.93145,37.19444],[140.92798,37.19767],[140.92374,37.20027],[140.92032,37.20044],[140.91614,37.20158],[140.91469,37.20175],[140.91241,37.20077],[140.91062,37.20168],[140.91052,37.2035],[140.90881,37.2041]]]},"properties":{"hoanrinKind":"保安林"}},
{"type":"Feature","geometry":{"type":"Polygon","coordinates":[[[140.67761,37.75009],[140.67475,37.75089],[140.67245,37.75036],[140.67122,37.74914],[140.66834,37.74786],[140.66752,37.74618],[140.66558,37.74605],[140.6608,37.74492],[140.66282,37.74357],[140.66196,37.74303],[140.6599,37.74322],[140.65975,37.74212],[140.65808,37.74212],[140.65984,37.73998],[140.65829,37.7392],[140.65918,37.73821],[140.65968,37.73655],[140.65933,37.73554],[140.65517,37.73766],[140.65623,37.73601],[140.65566,37.73444],[140.65339,37.73467],[140.65217,37.73337],[140.64868,37.73277],[140.64729,37.73099],[140.64373,37.73164],[140.64103,37.73149],[140.63993,37.73056],[140.64215,37.73007],[140.64327,37.72924],[140.64217,37.72818],[140.63938,37.72891],[140.6366,37.72716],[140.63787,37.72509],[140.64078,37.7254],[140.64117,37.72423],[140.64289,37.724],[140.64477,37.7246],[140.64561,37.72572],[140.64791,37.7255],[140.65083,37.72572],[140.65293,37.72555],[140.65678,37.72732],[140.65749,37.72705],[140.65744,37.72244],[140.65821,37.72241],[140.65975,37.72389],[140.65994,37.72882],[140.66241,37.73086],[140.6642,37.72916],[140.66499,37.72657],[140.66645,37.72931],[140.66853,37.73011],[140.66959,37.72896],[140.67167,37.73],[140.67302,37.72961],[140.67505,37.73075],[140.67498,37.73208],[140.67637,37.73519],[140.67379,37.73689],[140.67013,37.73631],[140.66881,37.73556],[140.66609,37.73589],[140.66637,37.73687],[140.66811,37.73788],[140.66909,37.73933],[140.66827,37.74036],[140.66919,37.74171],[140.6734,37.74228],[140.67259,37.74537],[140.67511,37.7468],[140.67761,37.75009]]]},"properties":{"hoanrinKind":"保安林"}},
{"type":"Feature","geometry":{"type":"Polygon","coordinates":[[[140.1759,37.39366],[140.17526,37.39401],[140.17326,37.39236],[140.17112,37.39219],[140.16868,37.38959],[140.16878,37.38876],[140.17107,37.38772],[140.17138,37.38707],[140.1688,37.38546],[140.16918,37.3842],[140.16767,37.38286],[140.16905,37.38151],[140.16759,37.37953],[140.16941,37.3782],[140.16786,37.37462],[140.166,37.37221],[140.16586,37.37112],[140.16788,37.37085],[140.17239,37.37148],[140.17654,37.37296],[140.18064,37.37374],[140.18211,37.37449],[140.18688,37.37129],[140.18848,37.37166],[140.18913,37.36913],[140.19134,37.36569],[140.19218,37.36692],[140.19431,37.36795],[140.1961,37.36948],[140.19552,37.37035],[140.19268,37.37198],[140.19005,37.37454],[140.19294,37.3762],[140.19375,37.37738],[140.19434,37.37971],[140.1914,37.38372],[140.19069,37.38424],[140.18227,37.38569],[140.18036,37.38713],[140.1793,37.39089],[140.1771,37.39339],[140.1759,37.39366]]]},"properties":{"hoanrinKind":"保安林"}},
{"type":"Feature","geometry":{"type":"Polygon","coordinates":[[[140.05307,37.7104],[140.05369,37.71163],[140.05298,37.71441],[140.04864,37.71828],[140.04872,37.7171],[140.04765,37.71626],[140.0484,37.7138],[140.0495,37.71235],[140.04807,37.70977],[140.04524,37.71132],[140.04354,37.71184],[140.04059,37.71474],[140.03762,37.71176],[140.03797,37.70933],[140.0364,37.71011],[140.03479,37.7124],[140.02925,37.7091],[140.02733,37.70757],[140.02466,37.70599],[140.02456,37.70368],[140.02299,37.70248],[140.0219,37.69983],[140.02325,37.69869],[140.02614,37.69832],[140.02749,37.6985],[140.03012,37.69744],[140.03292,37.69777],[140.03831,37.69964],[140.04082,37.69865],[140.04264,37.69904],[140.04224,37.69616],[140.04127,37.69409],[140.03972,37.69328],[140.03963,37.69074],[140.04146,37.68931],[140.04331,37.69095],[140.04422,37.69332],[140.04509,37.69454],[140.04692,37.69404],[140.04835,37.69516],[140.05132,37.69633],[140.05236,37.69863],[140.05136,37.69974],[140.05174,37.70352],[140.05375,37.70724],[140.05307,37.7104]]]},"properties":{"hoanrinKind":"保安林"}},
{"type":"Feature","geometry":{"type":"Polygon","coordinates":[[[140.7883,37.28746],[140.78656,37.28822],[140.78356,37.2873],[140.78074,37.28603],[140.78011,37.28493],[140.78143,37.28407],[140.77974,37.28282],[140.7802,37.28118],[140.77863,37.27966],[140.77727,37.27962],[140.77676,37.27808],[140.77879,37.27793],[140.78038,37.27718],[140.78207,37.27724],[140.78316,37.27588],[140.78481,37.27527],[140.78336,37.27407],[140.7815,37.2747],[140.77948,37.27604],[140.77733,37.27646],[140.77594,37.27744],[140.7738,37.27702],[140.77362,37.27603],[140.77478,37.27533],[140.77603,37.27354],[140.77863,37.27266],[140.77924,37.27074],[140.7813,37.26969],[140.78021,37.26719],[140.78089,37.266],[140.77929,37.26467],[140.78235,37.26185],[140.7839,37.26257],[140.78386,37.26454],[140.78542,37.26381],[140.78774,37.26407],[140.78731,37.2623],[140.78889,37.26148],[140.79177,37.25835],[140.79007,37.25801],[140.78752,37.2588],[140.78276,37.25807],[140.77961,37.25826],[140.77052,37.2581],[140.76964,37.25701],[140.77102,37.25605],[140.77425,37.25572],[140.77724,37.25498],[140.78006,37.25319],[140.78168,37.2532],[140.78233,37.25566],[140.78378,37.25614],[140.78702,37.25573],[140.79065,37.25382],[140.79414,37.25373],[140.79772,37.25294],[140.80353,37.25296],[140.80428,37.25515],[140.80287,37.25553],[140.80227,37.25756],[140.80077,37.25886],[140.79772,37.25985],[140.79676,37.26093],[140.79476,37.26172],[140.7943,37.26324],[140.79239,37.2645],[140.78982,37.26468],[140.78848,37.2659],[140.78764,37.2677],[140.7891,37.26879],[140.78954,37.27026],[140.78786,37.2719],[140.78844,37.27327],[140.7872,37.27536],[140.78784,37.27676],[140.79139,37.28006],[140.79376,37.27945],[140.79582,37.27983],[140.79597,37.28216],[140.79477,37.28226],[140.7935,37.28491],[140.79138,37.28565],[140.79063,37.28667],[140.7883,37.28746]]]},"properties":{"hoanrinKind":"保安林"}},
{"type":"Feature","geometry":{"type":"Polygon","coordinates":[[[139.49227,37.25893],[139.49026,37.25678],[139.49001,37.25527],[139.48811,37.25206],[139.48657,37.25047],[139.48398,37.24918],[139.48381,37.24767],[139.48302,37.24702],[139.4832,37.2433],[139.48155,37.24099],[139.48063,37.23873],[139.481,37.23652],[139.48076,37.23456],[139.48111,37.23283],[139.47975,37.23024],[139.48122,37.22714],[139.48109,37.2255],[139.48244,37.22478],[139.48406,37.222],[139.48575,37.22007],[139.49024,37.21829],[139.4909,37.2151],[139.49272,37.21378],[139.49556,37.21423],[139.49758,37.2153],[139.49932,37.21795],[139.49776,37.22001],[139.50198,37.22149],[139.50332,37.22278],[139.50371,37.22576],[139.50447,37.22682],[139.50339,37.23024],[139.49981,37.23188],[139.49847,37.23158],[139.49526,37.23209],[139.49399,37.23167],[139.49263,37.23021],[139.49127,37.22974],[139.48997,37.23018],[139.48777,37.23204],[139.48706,37.23316],[139.48649,37.23556],[139.48682,37.24034],[139.48731,37.24222],[139.49026,37.24689],[139.49203,37.25009],[139.49258,37.25164],[139.49444,37.25482],[139.49511,37.25725],[139.49444,37.25909],[139.49227,37.25893]]]},"properties":{"hoanrinKind":"保安林"}},
{"type":"Feature","geometry":{"type":"Polygon","coordinates":[[[140.32068,37.79371],[140.31978,37.79395],[140.31792,37.79304],[140.31598,37.79354],[140.31525,37.7922],[140.31315,37.79178],[140.31323,37.79095],[140.31044,37.7901],[140.30934,37.78934],[140.3107,37.78841],[140.31302,37.78934],[140.31421,37.78873],[140.31634,37.78871],[140.32277,37.78784],[140.32446,37.78844],[140.32605,37.78593],[140.3276,37.78525],[140.32722,37.78381],[140.32568,37.78365],[140.32534,37.78183],[140.32337,37.78232],[140.31932,37.78155],[140.3175,37.78234],[140.31467,37.7829],[140.31288,37.78183],[140.31225,37.77545],[140.30895,37.77209],[140.30947,37.76875],[140.31073,37.76859],[140.31154,37.77162],[140.31257,37.77398],[140.31621,37.77524],[140.31688,37.77725],[140.31779,37.77817],[140.32104,37.77962],[140.32642,37.77761],[140.32889,37.77598],[140.32823,37.77324],[140.3267,37.77281],[140.32412,37.77386],[140.3219,37.77369],[140.32068,37.77247],[140.32763,37.77151],[140.32898,37.77057],[140.33099,37.77027],[140.33246,37.77096],[140.33344,37.7723],[140.33553,37.77274],[140.33831,37.77167],[140.33834,37.77401],[140.33719,37.77477],[140.33614,37.77653],[140.33605,37.77776],[140.33511,37.77894],[140.3293,37.77897],[140.32931,37.78151],[140.33115,37.78169],[140.33396,37.78312],[140.33651,37.78341],[140.33871,37.78251],[140.34072,37.78092],[140.34019,37.78017],[140.33715,37.77832],[140.33711,37.77617],[140.33828,37.7747],[140.34009,37.77407],[140.34243,37.77453],[140.3449,37.77435],[140.34933,37.77506],[140.34686,37.77818],[140.3509,37.77767],[140.34808,37.78073],[140.34424,37.78159],[140.34369,37.78301],[140.3423,37.7844],[140.34162,37.78726],[140.34066,37.78817],[140.33812,37.78925],[140.33591,37.7906],[140.33322,37.79102],[140.33148,37.79219],[140.32943,37.79197],[140.32867,37.79318],[140.32313,37.79193],[140.32068,37.79371]]]},"properties":{"hoanrinKind":"保安林"}},
{"type":"Feature","geometry":{"type":"Polygon","coordinates":[[[140.85857,37.71836],[140.85712,37.71908],[140.85391,37.71805],[140.85065,37.71834],[140.84923,37.71738],[140.84811,37.71511],[140.84718,37.71449],[140.84499,37.71469],[140.84388,37.71401],[140.8423,37.71587],[140.84096,37.71557],[140.83564,37.71272],[140.83313,37.71271],[140.83229,37.71192],[140.83199,37.71029],[140.83064,37.70969],[140.82904,37.70984],[140.82695,37.70794],[140.82389,37.70701],[140.82152,37.70532],[140.82162,37.70305],[140.82349,37.70225],[140.82402,37.70033],[140.82509,37.70078],[140.83209,37.70238],[140.83932,37.70519],[140.84097,37.70627],[140.84214,37.708],[140.84531,37.70922],[140.84475,37.70984],[140.84625,37.71161],[140.84745,37.71191],[140.84885,37.70889],[140.84998,37.70882],[140.85204,37.70986],[140.85298,37.70903],[140.85273,37.70658],[140.85021,37.70613],[140.84894,37.70752],[140.84573,37.70813],[140.84647,37.70655],[140.84815,37.7063],[140.84914,37.70526],[140.84988,37.70304],[140.85146,37.7024],[140.85499,37.69924],[140.85881,37.7025],[140.86064,37.70265],[140.8625,37.70363],[140.86351,37.70324],[140.86455,37.69994],[140.86653,37.69973],[140.8677,37.70248],[140.86988,37.70329],[140.87377,37.70372],[140.87219,37.70614],[140.87219,37.70805],[140.87386,37.70899],[140.87571,37.70741],[140.87532,37.7062],[140.87679,37.70517],[140.87687,37.70378],[140.87853,37.70285],[140.87804,37.70575],[140.88188,37.70455],[140.88145,37.70658],[140.87914,37.70843],[140.87832,37.71013],[140.88038,37.71107],[140.88073,37.71262],[140.87888,37.71221],[140.87716,37.71116],[140.87713,37.70969],[140.87514,37.70942],[140.87355,37.71085],[140.87302,37.71247],[140.87174,37.71243],[140.87013,37.71117],[140.86661,37.71183],[140.8649,37.71066],[140.8634,37.71304],[140.86166,37.7098],[140.85999,37.70923],[140.86075,37.70696],[140.86061,37.70517],[140.85886,37.70556],[140.85819,37.70726],[140.85836,37.71004],[140.85718,37.7114],[140.85883,37.71411],[140.86226,37.71538],[140.86304,37.71627],[140.86163,37.71696],[140.86021,37.71838],[140.85857,37.71836]]]},"properties":{"hoanrinKind":"保安林"}},
{"type":"Feature","geometry":{"type":"Polygon","coordinates":[[[139.63554,37.11444],[139.63487,37.11563],[139.63263,37.11637],[139.63341,37.11459],[139.6264,37.11509],[139.62881,37.11408],[139.63195,37.11005],[139.63093,37.10953],[139.62891,37.11043],[139.6267,37.10994],[139.62565,37.10764],[139.62274,37.10602],[139.6162,37.10182],[139.61453,37.10113],[139.60906,37.1002],[139.60655,37.09862],[139.60329,37.0979],[139.6013,37.09851],[139.60052,37.09772],[139.6006,37.09624],[139.59912,37.09343],[139.60189,37.09135],[139.6045,37.09058],[139.60869,37.09043],[139.6117,37.08995],[139.61719,37.08822],[139.62034,37.08782],[139.62409,37.08911],[139.6259,37.08827],[139.62987,37.08872],[139.63162,37.08857],[139.63418,37.09063],[139.63386,37.09211],[139.6344,37.09531],[139.63082,37.09807],[139.63393,37.10024],[139.63654,37.10052],[139.63709,37.10125],[139.63696,37.10356],[139.63593,37.10462],[139.63547,37.10624],[139.63442,37.1075],[139.63503,37.10888],[139.63416,37.113],[139.63554,37.11444]]]},"properties":{"hoanrinKind":"保安林"}},
{"type":"Feature","geometry":{"type":"Polygon","coordinates":[[[140.7807,37.05692],[140.77886,37.05732],[140.77309,37.05642],[140.77165,37.05679],[140.76819,37.05695],[140.76649,37.05655],[140.76501,37.05501],[140.76633,37.0536],[140.7639,37.0528],[140.76323,37.05218],[140.76329,37.05065],[140.76559,37.04866],[140.76721,37.04818],[140.76975,37.04679],[140.77304,37.04619],[140.77462,37.04539],[140.77545,37.04597],[140.77702,37.04562],[140.77954,37.04026],[140.78054,37.03897],[140.77939,37.03859],[140.77641,37.04119],[140.77167,37.04361],[140.76895,37.04398],[140.7708,37.0384],[140.77269,37.03778],[140.77322,37.03289],[140.7737,37.03139],[140.77513,37.02997],[140.77531,37.02683],[140.77619,37.02606],[140.77848,37.02557],[140.781,37.02599],[140.77913,37.02779],[140.77883,37.02861],[140.78033,37.03112],[140.78502,37.03287],[140.78577,37.0317],[140.78479,37.03011],[140.7879,37.02827],[140.78939,37.02788],[140.79192,37.03031],[140.79393,37.02965],[140.79397,37.02714],[140.79255,37.02612],[140.79258,37.02381],[140.7942,37.02085],[140.79551,37.02086],[140.79805,37.01965],[140.79827,37.01727],[140.79929,37.01565],[140.80188,37.01547],[140.80456,37.01681],[140.80541,37.01484],[140.80864,37.01205],[140.81119,37.01285],[140.81123,37.01448],[140.81009,37.01539],[140.80672,37.01541],[140.80553,37.01725],[140.80712,37.0173],[140.80796,37.0159],[140.80963,37.01562],[140.81061,37.01703],[140.80968,37.01772],[140.80765,37.01809],[140.80159,37.02014],[140.80297,37.02232],[140.80915,37.02216],[140.80872,37.02496],[140.80977,37.02623],[140.8084,37.02737],[140.80595,37.03356],[140.80431,37.03627],[140.80265,37.0361],[140.79997,37.03311],[140.79895,37.03372],[140.79627,37.03357],[140.79567,37.03466],[140.7883,37.03516],[140.78504,37.03672],[140.78369,37.03916],[140.78188,37.04047],[140.78029,37.04345],[140.77981,37.04607],[140.77782,37.04796],[140.77672,37.0505],[140.77375,37.05135],[140.7741,37.05279],[140.77529,37.05283],[140.77767,37.05418],[140.77972,37.05388],[140.78057,37.05464],[140.7807,37.05692]]]},"properties":{"hoanrinKind":"保安林"}},
{"type":"Feature","geometry":{"type":"Polygon","coordinates":[[[139.60045,37.43339],[139.59927,37.43621],[139.59844,37.43726],[139.59831,37.4392],[139.59684,37.44015],[139.59482,37.43985],[139.59228,37.43871],[139.59222,37.43705],[139.58983,37.43478],[139.58936,37.43372],[139.5864,37.43122],[139.58741,37.42994],[139.58652,37.42903],[139.58477,37.42876],[139.58328,37.42699],[139.5812,37.42763],[139.57658,37.42968],[139.57565,37.43066],[139.57317,37.43132],[139.57177,37.43227],[139.5692,37.43284],[139.56686,37.43199],[139.5662,37.43049],[139.56744,37.43017],[139.57375,37.42967],[139.57432,37.42843],[139.57672,37.42669],[139.57847,37.4243],[139.5821,37.42263],[139.58617,37.42214],[139.58697,37.4213],[139.58952,37.42006],[139.5906,37.41783],[139.59111,37.41473],[139.59082,37.41374],[139.59171,37.4127],[139.59231,37.40963],[139.59098,37.40769],[139.59116,37.40617],[139.59496,37.40323],[139.59553,37.40015],[139.59644,37.39952],[139.59866,37.39935],[139.60251,37.39976],[139.60501,37.40079],[139.6026,37.40198],[139.60137,37.40324],[139.60509,37.40595],[139.60936,37.40798],[139.61256,37.40911],[139.60956,37.41068],[139.6059,37.41421],[139.6036,37.41538],[139.60083,37.41585],[139.59975,37.41418],[139.59538,37.41649],[139.59459,37.41757],[139.59307,37.4208],[139.59333,37.42222],[139.59507,37.42507],[139.59589,37.42562],[139.59952,37.4261],[139.60253,37.42819],[139.60377,37.42823],[139.60812,37.42739],[139.61098,37.42778],[139.61455,37.42764],[139.61846,37.42722],[139.62036,37.42511],[139.62181,37.42408],[139.62225,37.42264],[139.62445,37.42271],[139.6255,37.42488],[139.62538,37.42628],[139.6243,37.42849],[139.62418,37.43054],[139.62211,37.43333],[139.61876,37.43696],[139.61647,37.43677],[139.61306,37.43717],[139.6113,37.43779],[139.60955,37.43765],[139.6086,37.43645],[139.60045,37.43339]]]},"properties":{"hoanrinKind":"保安林"}},
{"type":"Feature","geometry":{"type":"Polygon","coordinates":[[[140.6876,37.85971],[140.68619,37.86044],[140.68379,37.86043],[140.68277,37.85912],[140.68443,37.85591],[140.68476,37.85459],[140.68641,37.85335],[140.68618,37.85229],[140.68469,37.85198],[140.68374,37.84807],[140.6811,37.84807],[140.67899,37.85045],[140.67699,37.85118],[140.67601,37.84979],[140.67742,37.84781],[140.67787,37.84616],[140.67735,37.84333],[140.67527,37.84149],[140.6757,37.83845],[140.67487,37.83732],[140.67495,37.8354],[140.67298,37.83517],[140.67148,37.83356],[140.66695,37.83342],[140.66724,37.83285],[140.67167,37.83222],[140.67378,37.83277],[140.67491,37.83184],[140.67395,37.82805],[140.674,37.82669],[140.67605,37.82102],[140.67614,37.8196],[140.67377,37.81648],[140.67436,37.81571],[140.6761,37.81519],[140.67956,37.81348],[140.68236,37.81316],[140.68294,37.81116],[140.68398,37.81014],[140.68565,37.8076],[140.688,37.80911],[140.6895,37.80753],[140.68974,37.80597],[140.68848,37.80379],[140.68647,37.80258],[140.68459,37.80061],[140.68084,37.79991],[140.67809,37.79861],[140.67642,37.79719],[140.67462,37.79761],[140.67348,37.79604],[140.67196,37.79561],[140.66877,37.79401],[140.66556,37.79468],[140.6611,37.79452],[140.65993,37.79426],[140.66088,37.79283],[140.66243,37.79378],[140.66414,37.79267],[140.66804,37.79267],[140.66806,37.79091],[140.67011,37.79088],[140.66895,37.78948],[140.66915,37.78672],[140.66765,37.78646],[140.66723,37.78562],[140.66822,37.78448],[140.67004,37.78535],[140.67173,37.78535],[140.67325,37.78612],[140.6748,37.78604],[140.67448,37.78419],[140.67482,37.78291],[140.67615,37.78138],[140.67606,37.77966],[140.67349,37.77813],[140.67473,37.77639],[140.6781,37.77651],[140.67945,37.77503],[140.67933,37.77386],[140.67813,37.77204],[140.67838,37.77085],[140.68042,37.77031],[140.68224,37.77043],[140.68278,37.77206],[140.68162,37.77387],[140.68048,37.77469],[140.68069,37.77583],[140.67975,37.7768],[140.67828,37.77674],[140.67704,37.77929],[140.6766,37.78286],[140.67678,37.78591],[140.67832,37.78611],[140.67908,37.78793],[140.68161,37.7901],[140.68198,37.79101],[140.68374,37.79114],[140.68488,37.79276],[140.68734,37.79389],[140.68995,37.79644],[140.69338,37.79756],[140.69332,37.80084],[140.69429,37.80204],[140.69434,37.80366],[140.69498,37.80441],[140.69362,37.80613],[140.69186,37.80755],[140.69134,37.81033],[140.6897,37.81276],[140.68762,37.81356],[140.68532,37.81555],[140.68522,37.81769],[140.68609,37.81959],[140.68589,37.82232],[140.68467,37.82365],[140.6847,37.82645],[140.68353,37.82832],[140.68399,37.83032],[140.68275,37.83326],[140.67959,37.83509],[140.67897,37.83631],[140.67957,37.83742],[140.6828,37.83877],[140.68376,37.83975],[140.68481,37.84195],[140.68641,37.84242],[140.68525,37.84676],[140.68718,37.84766],[140.6881,37.84886],[140.69103,37.85003],[140.69143,37.85122],[140.69042,37.85256],[140.69087,37.85426],[140.69245,37.8574],[140.68909,37.85958],[140.6876,37.85971]]]},"properties":{"hoanrinKind":"保安林"}},
{"type":"Feature","geometry":{"type":"Polygon","coordinates":[[[139.63172,37.38559],[139.63083,37.38763],[139.6301,37.3878],[139.62809,37.39033],[139.62429,37.39017],[139.62468,37.38803],[139.62401,37.38486],[139.6198,37.38355],[139.61891,37.3825],[139.61688,37.38263],[139.61609,37.38062],[139.61672,37.37681],[139.61491,37.37838],[139.61561,37.37895],[139.61567,37.38172],[139.61466,37.38207],[139.61437,37.38335],[139.61111,37.38151],[139.60886,37.37714],[139.60717,37.37428],[139.61199,37.36969],[139.61649,37.36816],[139.61709,37.36718],[139.61457,37.36449],[139.61587,37.36372],[139.61746,37.36449],[139.6188,37.36417],[139.61962,37.36093],[139.62156,37.36146],[139.62334,37.36076],[139.62401,37.36225],[139.62604,37.36344],[139.62861,37.36203],[139.6318,37.36075],[139.63621,37.35942],[139.63903,37.3582],[139.64018,37.35607],[139.64229,37.35338],[139.6452,37.35195],[139.64825,37.35113],[139.65117,37.35],[139.65512,37.351],[139.65653,37.35181],[139.65634,37.3559],[139.65708,37.35676],[139.65494,37.35721],[139.65256,37.36018],[139.65101,37.35982],[139.6493,37.36046],[139.64825,37.3618],[139.64725,37.36568],[139.64466,37.36794],[139.64275,37.36918],[139.64089,37.3695],[139.64059,37.37128],[139.6378,37.37211],[139.63701,37.37343],[139.63665,37.37744],[139.63731,37.37902],[139.6382,37.37959],[139.63563,37.38354],[139.6333,37.38534],[139.63172,37.38559]]]},"properties":{"hoanrinKind":"保安林"}},
{"type":"Feature","geometry":{"type":"Polygon","coordinates":[[[139.79545,37.79164],[139.7962,37.79318],[139.80019,37.79652],[139.79931,37.79847],[139.79938,37.80022],[139.79729,37.80408],[139.79805,37.80595],[139.79761,37.80943],[139.79926,37.81398],[139.79941,37.81594],[139.79892,37.8168],[139.7952,37.81737],[139.79421,37.81485],[139.79397,37.81228],[139.79277,37.80983],[139.79248,37.80589],[139.79428,37.80062],[139.79415,37.79941],[139.79236,37.79825],[139.79128,37.7947],[139.7913,37.79227],[139.78737,37.79154],[139.78579,37.79335],[139.78595,37.78981],[139.78725,37.78854],[139.78721,37.78438],[139.78751,37.78365],[139.78688,37.77992],[139.78616,37.77935],[139.78191,37.7782],[139.77876,37.77791],[139.77656,37.77683],[139.775,37.7754],[139.77228,37.77432],[139.77318,37.77326],[139.77443,37.76881],[139.77559,37.76661],[139.77558,37.76562],[139.77435,37.76374],[139.76578,37.75992],[139.76429,37.76194],[139.76011,37.76443],[139.75929,37.76424],[139.7593,37.76195],[139.75717,37.75946],[139.75708,37.75709],[139.76014,37.75231],[139.76011,37.7514],[139.76188,37.75072],[139.76473,37.74791],[139.76678,37.74648],[139.77159,37.74224],[139.77229,37.74256],[139.77341,37.74579],[139.77449,37.74674],[139.77876,37.74732],[139.78349,37.74851],[139.78435,37.74918],[139.78424,37.75133],[139.786,37.75204],[139.78702,37.75311],[139.78817,37.75662],[139.78823,37.75998],[139.78909,37.76308],[139.78987,37.7639],[139.791,37.76656],[139.79207,37.7679],[139.79119,37.76958],[139.79163,37.77043],[139.79529,37.77155],[139.79612,37.77246],[139.79528,37.7752],[139.79042,37.77618],[139.78812,37.77613],[139.78956,37.77823],[139.78978,37.77941],[139.79189,37.7824],[139.79195,37.78421],[139.79424,37.7878],[139.79375,37.78947],[139.79545,37.79164]]]},"properties":{"hoanrinKind":"保安林"}},
{"type":"Feature","geometry":{"type":"Polygon","coordinates":[[[139.43055,37.29502],[139.43134,37.2971],[139.43295,37.29864],[139.43269,37.30182],[139.42843,37.29968],[139.4279,37.29653],[139.42656,37.29536],[139.4243,37.29523],[139.42277,37.29373],[139.42809,37.28943],[139.42953,37.28762],[139.43207,37.28595],[139.43391,37.28518],[139.43193,37.28136],[139.42904,37.28113],[139.42754,37.28166],[139.42626,37.28309],[139.42638,37.28496],[139.42841,37.28617],[139.42745,37.2874],[139.42523,37.28923],[139.42479,37.29103],[139.42139,37.2943],[139.41956,37.29524],[139.41924,37.29653],[139.41355,37.2985],[139.41235,37.29815],[139.41024,37.29847],[139.40662,37.30093],[139.40433,37.29701],[139.40453,37.29536],[139.40587,37.29362],[139.40572,37.29055],[139.40393,37.28739],[139.40508,37.28535],[139.40741,37.28377],[139.40702,37.28123],[139.40456,37.27766],[139.40226,37.27579],[139.4012,37.27449],[139.40492,37.27225],[139.40878,37.27199],[139.41398,37.26985],[139.41467,37.26863],[139.41373,37.26557],[139.41188,37.26303],[139.41005,37.26282],[139.40627,37.26305],[139.40231,37.26418],[139.39897,37.26192],[139.39848,37.26095],[139.40375,37.25841],[139.40633,37.25807],[139.41195,37.25783],[139.41654,37.25979],[139.41989,37.26191],[139.42497,37.26271],[139.42572,37.26177],[139.42787,37.26154],[139.43031,37.26078],[139.43522,37.25745],[139.43728,37.2565],[139.44026,37.25794],[139.44199,37.25942],[139.44645,37.26079],[139.44715,37.26274],[139.4488,37.26416],[139.44961,37.26602],[139.44915,37.26769],[139.44427,37.26771],[139.4419,37.26869],[139.44029,37.26884],[139.43771,37.26973],[139.43736,37.27244],[139.43859,37.27403],[139.43799,37.27581],[139.43945,37.27805],[139.43936,37.27897],[139.43768,37.28098],[139.44045,37.28342],[139.44006,37.28474],[139.44074,37.28693],[139.43966,37.28862],[139.43961,37.29106],[139.43879,37.29195],[139.43741,37.29219],[139.43404,37.2915],[139.4319,37.29218],[139.43046,37.29367],[139.43055,37.29502]]]},"properties":{"hoanrinKind":"保安林"}},
{"type":"Feature","geometry":{"type":"Polygon","coordinates":[[[140.76774,37.19896],[140.7583,37.20066],[140.75618,37.20131],[140.75464,37.201],[140.75515,37.19854],[140.75466,37.19789],[140.75166,37.19852],[140.75123,37.19998],[140.74867,37.19769],[140.74728,37.1971],[140.74279,37.1964],[140.74055,37.19462],[140.74363,37.19095],[140.7461,37.19096],[140.74922,37.19003],[140.7507,37.18906],[140.75338,37.19011],[140.75503,37.18881],[140.75698,37.18902],[140.75971,37.19011],[140.7615,37.19035],[140.7629,37.18985],[140.76437,37.19033],[140.7656,37.18996],[140.76622,37.1913],[140.7673,37.19132],[140.76846,37.18936],[140.7704,37.18863],[140.77008,37.18745],[140.77111,37.18543],[140.77235,37.18463],[140.77315,37.18286],[140.77443,37.18233],[140.77835,37.18289],[140.77955,37.18237],[140.78104,37.18019],[140.78429,37.17916],[140.78718,37.17947],[140.79197,37.17852],[140.79388,37.17847],[140.79354,37.17381],[140.79162,37.17353],[140.79157,37.17241],[140.79283,37.17034],[140.79783,37.16659],[140.8005,37.16632],[140.80215,37.16549],[140.80571,37.16508],[140.80782,37.16432],[140.80934,37.16462],[140.81332,37.1645],[140.81419,37.16418],[140.81605,37.16204],[140.81667,37.1573],[140.81784,37.1541],[140.81909,37.15368],[140.82029,37.15428],[140.82368,37.15285],[140.82463,37.15361],[140.82654,37.15334],[140.82708,37.15194],[140.82955,37.1521],[140.82667,37.15405],[140.82617,37.15549],[140.82466,37.15623],[140.82441,37.15473],[140.82267,37.15487],[140.81938,37.1566],[140.81984,37.15789],[140.82167,37.15872],[140.82495,37.16254],[140.82493,37.16369],[140.82383,37.16587],[140.82484,37.16802],[140.82451,37.17012],[140.8262,37.17221],[140.82452,37.17366],[140.82299,37.17707],[140.81744,37.17993],[140.8181,37.18146],[140.81684,37.18206],[140.81635,37.18375],[140.8151,37.18505],[140.81543,37.18745],[140.81481,37.18873],[140.81342,37.18965],[140.81162,37.18981],[140.80978,37.18936],[140.80629,37.19131],[140.80443,37.19148],[140.80279,37.19023],[140.80025,37.18956],[140.79867,37.18956],[140.79621,37.19058],[140.79385,37.19228],[140.79194,37.19309],[140.78834,37.19283],[140.78633,37.19361],[140.78593,37.1959],[140.78343,37.19708],[140.77782,37.19892],[140.77397,37.19964],[140.77272,37.19811],[140.77124,37.19886],[140.76774,37.19896]]]},"properties":{"hoanrinKind":"保安林"}},
{"type":"Feature","geometry":{"type":"Polygon","coordinates":[[[140.85985,37.66459],[140.85874,37.66684],[140.85765,37.6675],[140.85634,37.66922],[140.85542,37.66964],[140.85357,37.66884],[140.85253,37.66437],[140.85001,37.66599],[140.84855,37.66649],[140.84279,37.66649],[140.83996,37.66547],[140.83887,37.664],[140.83923,37.66294],[140.84167,37.66258],[140.84173,37.66105],[140.84057,37.66008],[140.83679,37.65854],[140.83539,37.65874],[140.83327,37.65999],[140.83155,37.65984],[140.82625,37.65731],[140.82024,37.65613],[140.81924,37.65439],[140.81794,37.65377],[140.81249,37.65408],[140.81014,37.65503],[140.80786,37.65467],[140.8057,37.65543],[140.80346,37.65458],[140.79997,37.65636],[140.79971,37.65292],[140.80062,37.65249],[140.80345,37.65257],[140.80907,37.65197],[140.81078,37.65136],[140.8124,37.6501],[140.81318,37.64881],[140.81276,37.64653],[140.81221,37.64009],[140.81285,37.63706],[140.8117,37.63564],[140.80959,37.63462],[140.81326,37.63299],[140.8151,37.63287],[140.81735,37.63385],[140.8166,37.63571],[140.82155,37.64017],[140.82364,37.64123],[140.8264,37.64178],[140.82787,37.64041],[140.8284,37.63714],[140.8304,37.63449],[140.83176,37.63184],[140.83349,37.63022],[140.83616,37.63254],[140.83717,37.63527],[140.83943,37.63689],[140.84298,37.63753],[140.84458,37.639],[140.84564,37.64167],[140.84846,37.64413],[140.85217,37.64582],[140.85427,37.6457],[140.85848,37.64399],[140.86182,37.64402],[140.86366,37.64505],[140.86637,37.64533],[140.86833,37.64415],[140.86862,37.64317],[140.87171,37.64261],[140.8748,37.64374],[140.87586,37.64355],[140.87668,37.64229],[140.87583,37.64071],[140.87882,37.64051],[140.88075,37.64129],[140.88356,37.64124],[140.88454,37.64173],[140.88714,37.64206],[140.8896,37.6436],[140.89185,37.64366],[140.89332,37.64224],[140.89557,37.64124],[140.89633,37.64262],[140.89783,37.64253],[140.89841,37.64389],[140.89634,37.64495],[140.89469,37.64395],[140.89377,37.64474],[140.89182,37.64485],[140.89135,37.647],[140.89054,37.64726],[140.8887,37.64644],[140.88594,37.64798],[140.88929,37.64996],[140.88936,37.65172],[140.88647,37.65102],[140.88515,37.65126],[140.8819,37.65355],[140.87925,37.65408],[140.87673,37.65598],[140.8749,37.65661],[140.87097,37.65712],[140.86818,37.6582],[140.86619,37.66008],[140.86254,37.66156],[140.85985,37.66459]]]},"properties":{"hoanrinKind":"保安林"}},
{"type":"Feature","geometry":{"type":"Polygon","coordinates":[[[139.70866,37.24814],[139.70639,37.24867],[139.70096,37.2509],[139.69817,37.24924],[139.69627,37.24745],[139.69302,37.24777],[139.69149,37.24989],[139.68989,37.24999],[139.68831,37.2492],[139.68493,37.24845],[139.68391,37.24759],[139.68436,37.2467],[139.68426,37.24481],[139.68611,37.24469],[139.68586,37.24188],[139.68443,37.24077],[139.67968,37.24117],[139.67691,37.24408],[139.67714,37.24685],[139.67541,37.2473],[139.67152,37.24595],[139.6699,37.241],[139.66846,37.23967],[139.6668,37.239],[139.66595,37.238],[139.66302,37.24099],[139.65855,37.24035],[139.65713,37.23913],[139.656,37.23645],[139.65567,37.23247],[139.65464,37.22993],[139.65155,37.22935],[139.65012,37.23016],[139.64814,37.23018],[139.6462,37.22918],[139.64288,37.22988],[139.64121,37.23085],[139.63999,37.23096],[139.63659,37.23213],[139.63489,37.23165],[139.63393,37.22964],[139.63478,37.22775],[139.63265,37.22739],[139.63089,37.22782],[139.62964,37.22689],[139.62564,37.2274],[139.62366,37.22811],[139.62247,37.22741],[139.62256,37.22466],[139.62177,37.22326],[139.61969,37.22229],[139.61889,37.22045],[139.62056,37.2158],[139.62316,37.21715],[139.63101,37.21924],[139.63273,37.21881],[139.63428,37.21775],[139.63539,37.21581],[139.63776,37.21572],[139.63863,37.21507],[139.64021,37.20973],[139.64132,37.20894],[139.64474,37.20967],[139.64781,37.20982],[139.65197,37.20854],[139.65645,37.21097],[139.65837,37.21151],[139.66091,37.2131],[139.66123,37.21502],[139.66036,37.21791],[139.66122,37.22201],[139.66003,37.22409],[139.6608,37.22533],[139.66578,37.22938],[139.6665,37.23063],[139.66757,37.23105],[139.67025,37.23006],[139.67674,37.22951],[139.67897,37.22981],[139.68147,37.23198],[139.68285,37.2322],[139.68578,37.22949],[139.68767,37.22978],[139.69184,37.22873],[139.69297,37.22634],[139.69589,37.2287],[139.69844,37.23007],[139.69815,37.23297],[139.69883,37.2348],[139.70134,37.23661],[139.70266,37.23678],[139.70385,37.23484],[139.70412,37.23144],[139.70527,37.22896],[139.70532,37.2274],[139.70854,37.22582],[139.70871,37.22386],[139.71053,37.22319],[139.71507,37.2234],[139.71769,37.22458],[139.72042,37.22372],[139.71959,37.22233],[139.71697,37.22096],[139.71698,37.21961],[139.71902,37.21907],[139.72115,37.21904],[139.7234,37.22071],[139.72403,37.2216],[139.72405,37.22327],[139.72711,37.22178],[139.72794,37.21957],[139.72983,37.2184],[139.73215,37.21773],[139.73514,37.21974],[139.73658,37.22122],[139.73876,37.22194],[139.7383,37.22382],[139.73748,37.22454],[139.73391,37.22523],[139.73034,37.22663],[139.7268,37.22727],[139.72856,37.2286],[139.73164,37.22988],[139.73502,37.22986],[139.73599,37.23075],[139.73492,37.23157],[139.73253,37.23235],[139.72289,37.23241],[139.71679,37.23042],[139.71165,37.23259],[139.70939,37.23484],[139.70954,37.23702],[139.71466,37.23581],[139.71987,37.23322],[139.72319,37.23278],[139.72093,37.23592],[139.72184,37.2381],[139.71992,37.23944],[139.71487,37.24075],[139.71214,37.24096],[139.71051,37.24149],[139.71176,37.24245],[139.71176,37.24407],[139.70994,37.24549],[139.71107,37.24725],[139.70866,37.24814]]]},"properties":{"hoanrinKind":"保安林"}},
{"type":"Feature","geometry":{"type":"Polygon","coordinates":[[[139.64219,37.19712],[139.64136,37.19857],[139.63947,37.19836],[139.63773,37.19714],[139.63457,37.19693],[139.63185,37.19495],[139.62968,37.19472],[139.6261,37.19596],[139.62382,37.1962],[139.62205,37.19586],[139.6182,37.19395],[139.61742,37.19152],[139.61841,37.19023],[139.618,37.18886],[139.61566,37.18835],[139.61393,37.18704],[139.6137,37.18531],[139.60977,37.18408],[139.60865,37.1829],[139.60593,37.18294],[139.60457,37.18236],[139.60478,37.18088],[139.60394,37.18032],[139.60361,37.17761],[139.60545,37.17675],[139.60614,37.17351],[139.6083,37.17219],[139.6087,37.17044],[139.60648,37.16938],[139.60627,37.16817],[139.60859,37.1673],[139.6085,37.16461],[139.60618,37.16285],[139.60908,37.16069],[139.61077,37.15763],[139.60928,37.15473],[139.60793,37.1537],[139.60582,37.15307],[139.60618,37.15156],[139.60572,37.14925],[139.60766,37.14935],[139.61002,37.14864],[139.6115,37.15083],[139.61366,37.15098],[139.61578,37.15035],[139.61768,37.14929],[139.62018,37.14649],[139.62282,37.14533],[139.62296,37.14411],[139.62429,37.14207],[139.62596,37.14058],[139.62635,37.13819],[139.6284,37.13592],[139.6304,37.13525],[139.6336,37.13241],[139.63828,37.12953],[139.64036,37.12892],[139.64328,37.12735],[139.64545,37.1256],[139.64923,37.12436],[139.64905,37.12346],[139.64666,37.12073],[139.64594,37.1171],[139.64647,37.11494],[139.65034,37.11455],[139.65258,37.11499],[139.6552,37.11367],[139.6579,37.1136],[139.65989,37.11303],[139.66418,37.1141],[139.6709,37.11444],[139.67085,37.11513],[139.6686,37.11594],[139.66776,37.11676],[139.67338,37.11729],[139.67653,37.11712],[139.67722,37.11923],[139.67724,37.12206],[139.67514,37.12453],[139.67324,37.12808],[139.67816,37.12749],[139.6822,37.12602],[139.6852,37.12763],[139.68883,37.12811],[139.68869,37.12977],[139.68607,37.12992],[139.6822,37.13059],[139.67925,37.13248],[139.67795,37.13579],[139.67706,37.13703],[139.6796,37.13854],[139.68278,37.14169],[139.68516,37.14359],[139.69193,37.14821],[139.69301,37.15175],[139.69453,37.15318],[139.69434,37.15541],[139.69263,37.15541],[139.69071,37.15458],[139.69021,37.15261],[139.68889,37.15191],[139.68461,37.1514],[139.68043,37.15178],[139.67771,37.15071],[139.67264,37.14398],[139.66972,37.14123],[139.66521,37.13848],[139.66293,37.13823],[139.65871,37.13912],[139.65905,37.14079],[139.65881,37.14306],[139.65924,37.14384],[139.65939,37.14638],[139.65864,37.1496],[139.65991,37.15169],[139.65947,37.1533],[139.65858,37.15403],[139.65479,37.15435],[139.64059,37.15421],[139.63462,37.15439],[139.63132,37.1549],[139.62935,37.15743],[139.6252,37.16455],[139.62277,37.17107],[139.6211,37.17503],[139.61771,37.1751],[139.61368,37.17491],[139.61252,37.17454],[139.61197,37.176],[139.6131,37.17861],[139.61527,37.18045],[139.61816,37.18153],[139.62005,37.18361],[139.62151,37.18445],[139.61996,37.18741],[139.61954,37.19172],[139.62379,37.19207],[139.62686,37.18987],[139.62868,37.18896],[139.62883,37.18822],[139.6357,37.18982],[139.63723,37.19141],[139.64015,37.19308],[139.64346,37.19426],[139.64554,37.19612],[139.64801,37.19681],[139.65042,37.19709],[139.651,37.19827],[139.64754,37.19845],[139.64219,37.19712]]]},"properties":{"hoanrinKind":"保安林"}},
{"type":"Feature","geometry":{"type":"Polygon","coordinates":[[[139.32246,37.46092],[139.31944,37.46014],[139.31715,37.45988],[139.31521,37.45922],[139.31414,37.45727],[139.31253,37.45614],[139.31047,37.45565],[139.30885,37.45673],[139.30711,37.4586],[139.30479,37.45884],[139.30283,37.45788],[139.30042,37.45748],[139.2985,37.45565],[139.29587,37.45481],[139.29343,37.45444],[139.29284,37.4536],[139.2897,37.45252],[139.2865,37.45225],[139.28453,37.45016],[139.28202,37.44983],[139.28072,37.45063],[139.27868,37.45319],[139.27721,37.45283],[139.27418,37.45128],[139.27338,37.45038],[139.26991,37.45022],[139.26656,37.44913],[139.26109,37.44788],[139.25891,37.44707],[139.258,37.44721],[139.2574,37.44899],[139.25622,37.45083],[139.25491,37.45173],[139.25121,37.45244],[139.24814,37.45064],[139.24661,37.44894],[139.24497,37.44867],[139.2419,37.44722],[139.24013,37.44604],[139.23684,37.44494],[139.23491,37.44484],[139.23194,37.44543],[139.23083,37.4468],[139.22761,37.44759],[139.22671,37.44723],[139.22546,37.44818],[139.22299,37.44862],[139.22226,37.44608],[139.2187,37.44528],[139.21491,37.4416],[139.21507,37.43998],[139.21304,37.43872],[139.21361,37.43661],[139.21111,37.43352],[139.21052,37.43208],[139.20753,37.42893],[139.20673,37.42413],[139.20707,37.42044],[139.20836,37.41708],[139.20812,37.41663],[139.20496,37.41602],[139.20313,37.41452],[139.20099,37.41414],[139.19868,37.41303],[139.19724,37.41077],[139.20171,37.40883],[139.20461,37.40531],[139.20575,37.40243],[139.20759,37.4006],[139.2074,37.39716],[139.21121,37.39298],[139.21246,37.3923],[139.21564,37.39151],[139.21864,37.39191],[139.22278,37.39328],[139.22507,37.39181],[139.22752,37.39086],[139.22701,37.38914],[139.22774,37.38872],[139.23152,37.38809],[139.23097,37.38566],[139.23091,37.38286],[139.23178,37.38199],[139.2315,37.38037],[139.23497,37.37877],[139.23666,37.37631],[139.23805,37.37263],[139.23782,37.37103],[139.23691,37.36958],[139.2377,37.36849],[139.2365,37.36711],[139.23627,37.36474],[139.2351,37.36219],[139.23481,37.36024],[139.23365,37.35847],[139.23354,37.35702],[139.23468,37.35309],[139.23484,37.35077],[139.23358,37.34642],[139.23361,37.34361],[139.23274,37.34297],[139.22815,37.34285],[139.2265,37.341],[139.22496,37.34053],[139.22347,37.33783],[139.22222,37.33735],[139.22186,37.33572],[139.21898,37.33483],[139.21786,37.33403],[139.21941,37.33195],[139.22036,37.33132],[139.21965,37.32971],[139.2209,37.32641],[139.2206,37.3249],[139.22108,37.32368],[139.22421,37.32144],[139.2241,37.31939],[139.22285,37.31807],[139.2221,37.31501],[139.21715,37.31014],[139.21578,37.30915],[139.21591,37.30801],[139.21736,37.30651],[139.2177,37.30525],[139.21616,37.30159],[139.21525,37.30027],[139.2145,37.29745],[139.21466,37.29591],[139.21417,37.29311],[139.21467,37.29212],[139.21336,37.28798],[139.21228,37.28621],[139.20976,37.28483],[139.20646,37.28433],[139.2054,37.28361],[139.2022,37.27949],[139.20084,37.27813],[139.19903,37.27741],[139.19757,37.27539],[139.1945,37.27428],[139.19286,37.27312],[139.19194,37.26943],[139.18988,37.26897],[139.18797,37.26676],[139.18543,37.26475],[139.18356,37.2638],[139.18255,37.26174],[139.17907,37.25978],[139.17792,37.25684],[139.17473,37.25642],[139.17324,37.2526],[139.17023,37.25018],[139.16991,37.24766],[139.16694,37.24345],[139.16585,37.24065],[139.16475,37.23943],[139.16491,37.23568],[139.1659,37.23217],[139.16747,37.23187],[139.17075,37.22861],[139.17221,37.22649],[139.17254,37.22495],[139.17411,37.22342],[139.17831,37.22002],[139.18305,37.21739],[139.18464,37.21584],[139.18452,37.21489],[139.18615,37.21279],[139.18712,37.20972],[139.18963,37.20882],[139.19088,37.20707],[139.19299,37.20606],[139.19479,37.20396],[139.19475,37.20223],[139.1959,37.20135],[139.19669,37.19945],[139.19703,37.19665],[139.19656,37.1961],[139.19671,37.19402],[139.20286,37.19396],[139.20528,37.19459],[139.2083,37.1961],[139.20934,37.19779],[139.21241,37.19935],[139.21303,37.20001],[139.21381,37.20278],[139.21716,37.20929],[139.2198,37.20927],[139.21966,37.21109],[139.21821,37.21159],[139.21482,37.21043],[139.21413,37.21185],[139.21079,37.21319],[139.20921,37.21298],[139.2074,37.21413],[139.20495,37.21353],[139.20454,37.21475],[139.20848,37.21483],[139.21075,37.21665],[139.21216,37.21881],[139.21252,37.22144],[139.21362,37.22496],[139.21296,37.22604],[139.21102,37.227],[139.20977,37.22858],[139.21117,37.2316],[139.21282,37.23199],[139.21292,37.23352],[139.21203,37.2348],[139.21177,37.23665],[139.21413,37.23983],[139.21032,37.24274],[139.20796,37.24283],[139.20897,37.24393],[139.20864,37.24576],[139.21028,37.2492],[139.20979,37.25388],[139.20849,37.25484],[139.20781,37.25756],[139.21007,37.25522],[139.21357,37.25445],[139.21557,37.25494],[139.21751,37.25652],[139.21737,37.25768],[139.21798,37.2598],[139.21783,37.26156],[139.2188,37.26471],[139.21983,37.26559],[139.21924,37.26678],[139.22281,37.26841],[139.22546,37.2691],[139.22622,37.27003],[139.22621,37.27209],[139.2251,37.2734],[139.22743,37.27665],[139.22832,37.28003],[139.22542,37.27962],[139.22434,37.28154],[139.22277,37.2834],[139.22421,37.28613],[139.2246,37.28802],[139.22334,37.28943],[139.22227,37.29175],[139.22323,37.29385],[139.22428,37.29458],[139.22331,37.29612],[139.22567,37.298],[139.22435,37.30152],[139.22371,37.30536],[139.22284,37.30741],[139.22356,37.30891],[139.22535,37.30658],[139.22735,37.30574],[139.23024,37.30338],[139.23129,37.3035],[139.2333,37.30642],[139.23365,37.30812],[139.23808,37.30782],[139.24002,37.30931],[139.24194,37.31335],[139.24314,37.31376],[139.24784,37.31352],[139.25204,37.31231],[139.25696,37.31348],[139.25592,37.31544],[139.25331,37.31713],[139.25175,37.31744],[139.2506,37.31954],[139.25076,37.3223],[139.24923,37.32434],[139.24914,37.32535],[139.25069,37.32566],[139.25169,37.32483],[139.25183,37.32207],[139.25248,37.31954],[139.25334,37.31868],[139.25602,37.31728],[139.25777,37.31835],[139.25912,37.31806],[139.25887,37.31653],[139.26091,37.31698],[139.26315,37.31797],[139.26548,37.31671],[139.26901,37.31654],[139.27029,37.31771],[139.27232,37.31723],[139.2737,37.3174],[139.27625,37.31845],[139.27777,37.31695],[139.28041,37.31738],[139.28342,37.31327],[139.28541,37.31375],[139.28469,37.31781],[139.28485,37.321],[139.28897,37.3235],[139.29074,37.32558],[139.29131,37.32771],[139.29351,37.32951],[139.29412,37.33123],[139.29415,37.33352],[139.2951,37.33564],[139.29382,37.33606],[139.29283,37.33723],[139.29536,37.33827],[139.29791,37.33969],[139.29817,37.34045],[139.29687,37.34133],[139.29875,37.34201],[139.29909,37.34341],[139.29834,37.34585],[139.29995,37.34727],[139.3028,37.34905],[139.30444,37.35142],[139.30562,37.35236],[139.31027,37.35235],[139.3153,37.35431],[139.31685,37.35607],[139.31566,37.35728],[139.31383,37.35801],[139.31137,37.35837],[139.30915,37.35912],[139.30848,37.36111],[139.30875,37.36278],[139.31182,37.36607],[139.31431,37.367],[139.31669,37.36868],[139.3166,37.36972],[139.31433,37.36929],[139.31133,37.36931],[139.30859,37.36867],[139.30417,37.36856],[139.30359,37.36655],[139.30467,37.36472],[139.30354,37.36294],[139.30334,37.36165],[139.30503,37.36015],[139.30212,37.36023],[139.29621,37.35851],[139.29769,37.35706],[139.3004,37.35504],[139.30054,37.3536],[139.29954,37.35002],[139.2965,37.34769],[139.28927,37.34421],[139.28511,37.34261],[139.28029,37.3396],[139.27771,37.33858],[139.27394,37.3364],[139.27193,37.33413],[139.26951,37.33311],[139.26774,37.33179],[139.2645,37.33106],[139.26141,37.33131],[139.25968,37.33276],[139.26078,37.33642],[139.2627,37.33696],[139.26508,37.33693],[139.26644,37.33854],[139.268,37.3394],[139.27305,37.34068],[139.27646,37.34223],[139.27831,37.34339],[139.27689,37.34538],[139.28046,37.34656],[139.28671,37.34739],[139.2878,37.34778],[139.28965,37.34945],[139.2911,37.34883],[139.29183,37.35033],[139.29424,37.35192],[139.29518,37.35349],[139.29545,37.35576],[139.29298,37.35749],[139.29145,37.35782],[139.28926,37.35661],[139.28792,37.3547],[139.28651,37.35137],[139.28563,37.35036],[139.28359,37.34936],[139.28196,37.34972],[139.28087,37.35107],[139.27932,37.351],[139.27759,37.3496],[139.27655,37.3478],[139.2736,37.346],[139.27122,37.34354],[139.26911,37.34251],[139.26726,37.34235],[139.26582,37.34327],[139.2667,37.34625],[139.2679,37.34818],[139.26728,37.34874],[139.26373,37.34753],[139.26203,37.34772],[139.26224,37.34904],[139.26446,37.35107],[139.26628,37.35002],[139.26788,37.35095],[139.2697,37.35108],[139.26996,37.35256],[139.27131,37.35401],[139.27252,37.35375],[139.27575,37.35802],[139.27813,37.35814],[139.27886,37.35863],[139.27892,37.36159],[139.27723,37.36435],[139.27671,37.36607],[139.27586,37.36693],[139.27261,37.3662],[139.27083,37.36649],[139.27056,37.36836],[139.26919,37.3706],[139.27232,37.37387],[139.27435,37.37541],[139.27367,37.38291],[139.27258,37.38529],[139.27275,37.38807],[139.2712,37.38792],[139.26872,37.38962],[139.26768,37.39489],[139.26702,37.39616],[139.26535,37.39578],[139.26328,37.39461],[139.26153,37.39448],[139.2595,37.3951],[139.25827,37.39637],[139.25672,37.3959],[139.25452,37.39357],[139.24969,37.39334],[139.24828,37.39138],[139.24614,37.39085],[139.24044,37.39013],[139.23824,37.39056],[139.23752,37.39124],[139.23636,37.39569],[139.23413,37.39543],[139.23309,37.39607],[139.23158,37.39838],[139.23086,37.40068],[139.22961,37.40288],[139.22961,37.40373],[139.23237,37.40466],[139.2327,37.40552],[139.23075,37.40616],[139.22948,37.40747],[139.22736,37.41082],[139.22822,37.4124],[139.23,37.41325],[139.2311,37.41453],[139.23305,37.41458],[139.2348,37.41518],[139.23509,37.41374],[139.23685,37.41458],[139.23845,37.4148],[139.24066,37.41609],[139.24072,37.41433],[139.2393,37.41291],[139.24072,37.41048],[139.23989,37.409],[139.23965,37.40707],[139.24011,37.40622],[139.24223,37.40523],[139.24708,37.40381],[139.24923,37.40346],[139.25349,37.40329],[139.25431,37.40261],[139.25516,37.39971],[139.25614,37.39891],[139.25888,37.40236],[139.26541,37.39792],[139.26566,37.40006],[139.26665,37.40145],[139.26816,37.40194],[139.27204,37.40038],[139.2747,37.39589],[139.27574,37.39499],[139.27836,37.39541],[139.28137,37.39656],[139.28128,37.39545],[139.28323,37.39569],[139.28901,37.39798],[139.29567,37.40207],[139.29628,37.40511],[139.29546,37.40681],[139.29345,37.40894],[139.29267,37.41166],[139.29094,37.41333],[139.28931,37.41248],[139.28775,37.41233],[139.28612,37.41153],[139.28421,37.41361],[139.28786,37.41432],[139.28792,37.41541],[139.28634,37.41615],[139.28184,37.41511],[139.27785,37.41777],[139.27913,37.41893],[139.27848,37.4197],[139.27326,37.41917],[139.27221,37.41852],[139.26961,37.41578],[139.26662,37.41728],[139.2673,37.41879],[139.27045,37.42164],[139.27084,37.42279],[139.26945,37.42391],[139.26679,37.42496],[139.26393,37.42514],[139.26357,37.42793],[139.26205,37.42819],[139.26171,37.43144],[139.26468,37.43102],[139.26589,37.43327],[139.27233,37.43105],[139.27553,37.43013],[139.27692,37.43003],[139.27958,37.43118],[139.28658,37.4325],[139.28875,37.43225],[139.29413,37.43084],[139.29659,37.4309],[139.30165,37.43156],[139.30412,37.43134],[139.30744,37.43005],[139.30729,37.43151],[139.3091,37.43271],[139.30892,37.43367],[139.30583,37.4338],[139.30283,37.43685],[139.304,37.43768],[139.30534,37.43745],[139.3094,37.43565],[139.31095,37.43563],[139.31329,37.43644],[139.31466,37.43839],[139.31651,37.43928],[139.32019,37.44229],[139.32153,37.44366],[139.3217,37.4451],[139.32068,37.44625],[139.31791,37.44751],[139.31655,37.44864],[139.31675,37.45006],[139.31937,37.45288],[139.32153,37.45236],[139.32288,37.45296],[139.32277,37.4543],[139.3232,37.45887],[139.32246,37.46092]]]},"properties":{"hoanrinKind":"保安林"}},
{"type":"Feature","geometry":{"type":"Polygon","coordinates":[[[140.40465,37.74603],[140.40498,37.74646],[140.40464,37.74669],[140.40437,37.74632],[140.40465,37.74603]]]},"properties":{"hoanrinKind":"保安林"}},
{"type":"Feature","geometry":{"type":"Polygon","coordinates":[[[140.4079,37.74801],[140.40732,37.74815],[140.40691,37.74787],[140.40692,37.7476],[140.4079,37.74801]]]},"properties":{"hoanrinKind":"保安林"}},
{"type":"Feature","geometry":{"type":"Polygon","coordinates":[[[140.93876,36.95744],[140.93906,36.95768],[140.93902,36.95829],[140.93872,36.95822],[140.93876,36.95744]]]},"properties":{"hoanrinKind":"保安林"}},
{"type":"Feature","geometry":{"type":"Polygon","coordinates":[[[140.79015,36.87439],[140.79018,36.87501],[140.78962,36.87508],[140.78946,36.87436],[140.79015,36.87439]]]},"properties":{"hoanrinKind":"保安林"}},
{"type":"Feature","geometry":{"type":"Polygon","coordinates":[[[140.31879,37.40049],[140.31854,37.40058],[140.31703,37.40009],[140.31683,37.39963],[140.31879,37.40049]]]},"properties":{"hoanrinKind":"保安林"}},
{"type":"Feature","geometry":{"type":"Polygon","coordinates":[[[140.99819,37.11059],[140.99834,37.11183],[140.99869,37.11267],[140.9982,37.11265],[140.99798,37.11212],[140.99797,37.11065],[140.99819,37.11059]]]},"properties":{"hoanrinKind":"保安林"}},
{"type":"Feature","geometry":{"type":"Polygon","coordinates":[[[140.89487,36.98685],[140.89379,36.9864],[140.89395,36.98579],[140.895,36.98621],[140.89487,36.98685]]]},"properties":{"hoanrinKind":"保安林"}},
{"type":"Feature","geometry":{"type":"Polygon","coordinates":[[[140.96753,36.98549],[140.96783,36.98413],[140.96864,36.98495],[140.96753,36.98549]]]},"properties":{"hoanrinKind":"保安林"}},
{"type":"Feature","geometry":{"type":"Polygon","coordinates":[[[140.99761,37.11012],[140.99522,37.11014],[140.99607,37.10967],[140.99761,37.11012]]]},"properties":{"hoanrinKind":"保安林"}},
{"type":"Feature","geometry":{"type":"Polygon","coordinates":[[[140.48602,37.43909],[140.48528,37.43914],[140.48525,37.4383],[140.48645,37.43853],[140.48602,37.43909]]]},"properties":{"hoanrinKind":"保安林"}},
{"type":"Feature","geometry":{"type":"Polygon","coordinates":[[[140.87256,37.08237],[140.87217,37.08272],[140.87153,37.08262],[140.8722,37.08234],[140.87256,37.08237]]]},"properties":{"hoanrinKind":"保安林"}},
{"type":"Feature","geometry":{"type":"Polygon","coordinates":[[[140.97326,37.11947],[140.97204,37.11917],[140.97345,37.11849],[140.97326,37.11947]]]},"properties":{"hoanrinKind":"保安林"}},
{"type":"Feature","geometry":{"type":"Polygon","coordinates":[[[140.84016,36.98679],[140.84095,36.98617],[140.84182,36.98683],[140.84132,36.98732],[140.84016,36.98679]]]},"properties":{"hoanrinKind":"保安林"}},
{"type":"Feature","geometry":{"type":"Polygon","coordinates":[[[140.52033,37.79714],[140.52043,37.79791],[140.5193,37.79814],[140.51887,37.79716],[140.52033,37.79714]]]},"properties":{"hoanrinKind":"保安林"}},
{"type":"Feature","geometry":{"type":"Polygon","coordinates":[[[140.90154,36.99314],[140.90014,36.99275],[140.90144,36.99154],[140.90254,36.99218],[140.90154,36.99314]]]},"properties":{"hoanrinKind":"保安林"}},
{"type":"Feature","geometry":{"type":"Polygon","coordinates":[[[140.40315,37.74443],[140.40282,37.74464],[140.4003,37.74299],[140.40039,37.74241],[140.40315,37.74443]]]},"properties":{"hoanrinKind":"保安林"}},
{"type":"Feature","geometry":{"type":"Polygon","coordinates":[[[140.85902,37.0715],[140.85784,37.07086],[140.85735,37.07119],[140.85642,37.07084],[140.85729,37.07019],[140.8584,37.07076],[140.85902,37.0715]]]},"properties":{"hoanrinKind":"保安林"}},
{"type":"Feature","geometry":{"type":"Polygon","coordinates":[[[140.39294,37.73693],[140.39757,37.74023],[140.39701,37.74058],[140.39256,37.73735],[140.39294,37.73693]]]},"properties":{"hoanrinKind":"保安林"}},
{"type":"Feature","geometry":{"type":"Polygon","coordinates":[[[140.97227,37.02045],[140.97227,37.0224],[140.97046,37.02211],[140.97108,37.01752],[140.9722,37.01439],[140.97306,37.01482],[140.97231,37.01863],[140.97227,37.02045]]]},"properties":{"hoanrinKind":"保安林"}},
{"type":"Feature","geometry":{"type":"Polygon","coordinates":[[[140.4564,37.77021],[140.46014,37.76752],[140.46355,37.76674],[140.46964,37.76775],[140.47064,37.76864],[140.47142,37.77045],[140.46975,37.77024],[140.46799,37.76897],[140.46595,37.76863],[140.46152,37.76937],[140.46097,37.7702],[140.45684,37.77065],[140.4564,37.77021]]]},"properties":{"hoanrinKind":"保安林"}},
{"type":"Feature","geometry":{"type":"Polygon","coordinates":[[[139.89497,37.45162],[139.89389,37.45271],[139.89197,37.45267],[139.89155,37.45191],[139.89457,37.45098],[139.89516,37.44969],[139.8978,37.44763],[139.89868,37.44604],[139.90085,37.44578],[139.90291,37.44488],[139.8991,37.44153],[139.89928,37.43993],[139.90093,37.43959],[139.90225,37.44112],[139.9046,37.44309],[139.9053,37.44428],[139.905,37.44537],[139.90053,37.44736],[139.89864,37.4488],[139.89846,37.44997],[139.89732,37.45142],[139.89497,37.45162]]]},"properties":{"hoanrinKind":"保安林"}},
{"type":"Feature","geometry":{"type":"Polygon","coordinates":[[[140.82296,37.08664],[140.82171,37.08699],[140.82139,37.0853],[140.82182,37.08345],[140.82084,37.08177],[140.82219,37.08039],[140.82271,37.08545],[140.82385,37.08514],[140.82485,37.08299],[140.82587,37.08292],[140.82757,37.08129],[140.82793,37.07832],[140.82874,37.07566],[140.83114,37.07502],[140.83274,37.0808],[140.83166,37.08646],[140.82296,37.08664]]]},"properties":{"hoanrinKind":"保安林"}},
{"type":"Feature","geometry":{"type":"Polygon","coordinates":[[[139.97288,37.48324],[139.97183,37.48381],[139.96736,37.4825],[139.96171,37.48167],[139.96022,37.48104],[139.96313,37.47917],[139.96424,37.47798],[139.96421,37.47701],[139.96573,37.47594],[139.96762,37.47398],[139.97193,37.47259],[139.97276,37.47128],[139.97513,37.47061],[139.97798,37.47049],[139.97973,37.47085],[139.97968,37.47166],[139.98154,37.47296],[139.97853,37.47414],[139.97739,37.47554],[139.97567,37.47576],[139.97546,37.47705],[139.97661,37.47772],[139.97623,37.48173],[139.97527,37.48193],[139.97401,37.48332],[139.97288,37.48324]]]},"properties":{"hoanrinKind":"保安林"}},
{"type":"Feature","geometry":{"type":"Polygon","coordinates":[[[140.84444,36.91235],[140.84399,36.91221],[140.84442,36.91182],[140.84468,36.91199],[140.84444,36.91235]]]},"properties":{"hoanrinKind":"保安林"}},
{"type":"Feature","geometry":{"type":"Polygon","coordinates":[[[140.845,36.91266],[140.84505,36.91269],[140.84475,36.91283],[140.84491,36.91265],[140.845,36.91266]]]},"properties":{"hoanrinKind":"保安林"}},
{"type":"Feature","geometry":{"type":"Polygon","coordinates":[[[140.98263,37.81423],[140.98309,37.81456],[140.98272,37.81472],[140.98263,37.81423]]]},"properties":{"hoanrinKind":"保安林"}},
{"type":"Feature","geometry":{"type":"Polygon","coordinates":[[[140.9814,37.81414],[140.98249,37.81538],[140.98174,37.81562],[140.9814,37.81414]]]},"properties":{"hoanrinKind":"保安林"}},
{"type":"Feature","geometry":{"type":"Polygon","coordinates":[[[141.02358,37.64538],[141.02348,37.64728],[141.02254,37.64789],[141.02309,37.64575],[141.02358,37.64538]]]},"properties":{"hoanrinKind":"保安林"}},
{"type":"Feature","geometry":{"type":"Polygon","coordinates":[[[141.02209,37.6492],[141.02114,37.65143],[141.02087,37.65036],[141.02209,37.6492]]]},"properties":{"hoanrinKind":"保安林"}},
{"type":"Feature","geometry":{"type":"Polygon","coordinates":[[[140.34071,37.694],[140.33821,37.69561],[140.33677,37.69309],[140.33882,37.69224],[140.34058,37.6927],[140.34071,37.694]]]},"properties":{"hoanrinKind":"保安林"}},
{"type":"Feature","geometry":{"type":"Polygon","coordinates":[[[140.38234,36.88397],[140.38053,36.88417],[140.37711,36.88396],[140.37575,36.88267],[140.37842,36.88239],[140.38015,36.88285],[140.38174,36.88234],[140.38234,36.88397]]]},"properties":{"hoanrinKind":"保安林"}},
{"type":"Feature","geometry":{"type":"Polygon","coordinates":[[[140.94802,37.45169],[140.94679,37.45237],[140.94558,37.45139],[140.94534,37.44809],[140.94726,37.44747],[140.94843,37.44851],[140.95018,37.44764],[140.95094,37.44864],[140.9489,37.45016],[140.94802,37.45169]]]},"properties":{"hoanrinKind":"保安林"}},
{"type":"Feature","geometry":{"type":"Polygon","coordinates":[[[139.66526,37.52196],[139.66552,37.52283],[139.66155,37.52223],[139.66026,37.52104],[139.66158,37.51946],[139.66504,37.51912],[139.66823,37.51983],[139.6685,37.522],[139.6666,37.52138],[139.66526,37.52196]]]},"properties":{"hoanrinKind":"保安林"}},
{"type":"Feature","geometry":{"type":"Polygon","coordinates":[[[139.77403,37.70753],[139.77209,37.70922],[139.7707,37.70972],[139.76954,37.70821],[139.76716,37.70723],[139.76815,37.70565],[139.77072,37.70426],[139.77292,37.70507],[139.77403,37.70753]],[[139.77194,37.705],[139.76995,37.706],[139.77228,37.70718],[139.77292,37.70552],[139.77194,37.705]]]},"properties":{"hoanrinKind":"保安林"}},
{"type":"Feature","geometry":{"type":"Polygon","coordinates":[[[141.00221,37.16624],[141.00232,37.16632],[141.00225,37.16638],[141.00211,37.1663],[141.00221,37.16624]]]},"properties":{"hoanrinKind":"保安林"}},
{"type":"Feature","geometry":{"type":"Polygon","coordinates":[[[141.00102,37.15684],[141.00132,37.15884],[141.00211,37.16],[141.00175,37.16094],[141.00205,37.16426],[141.00153,37.16551],[141.00189,37.16693],[141.00031,37.16692],[141.00007,37.16552],[140.9983,37.1641],[140.99943,37.16313],[141.00016,37.16101],[141.00025,37.15868],[140.99972,37.15714],[141.00102,37.15684]]]},"properties":{"hoanrinKind":"保安林"}},
{"type":"Feature","geometry":{"type":"Polygon","coordinates":[[[140.10151,37.62095],[140.10051,37.62117],[140.09925,37.61821],[140.10333,37.61621],[140.10503,37.61708],[140.1066,37.61683],[140.10658,37.61838],[140.1038,37.62109],[140.10151,37.62095]]]},"properties":{"hoanrinKind":"保安林"}},
{"type":"Feature","geometry":{"type":"Polygon","coordinates":[[[140.63029,37.78047],[140.6289,37.78119],[140.62885,37.7789],[140.62725,37.77627],[140.62772,37.77345],[140.62663,37.77195],[140.6252,37.77283],[140.62367,37.77296],[140.62353,37.77147],[140.62841,37.7699],[140.62974,37.77031],[140.62845,37.7717],[140.62822,37.77303],[140.62991,37.77465],[140.6298,37.77669],[140.6305,37.77798],[140.62987,37.77949],[140.63029,37.78047]]]},"properties":{"hoanrinKind":"保安林"}},
{"type":"Feature","geometry":{"type":"Polygon","coordinates":[[[140.58382,37.30916],[140.58222,37.3084],[140.57953,37.30861],[140.57951,37.30601],[140.58171,37.30406],[140.58263,37.3039],[140.58601,37.30484],[140.5876,37.30633],[140.58382,37.30916]]]},"properties":{"hoanrinKind":"保安林"}},
{"type":"Feature","geometry":{"type":"Polygon","coordinates":[[[140.91515,37.41336],[140.91387,37.41431],[140.91259,37.41444],[140.91018,37.41346],[140.90803,37.41212],[140.90837,37.40762],[140.91243,37.40974],[140.91477,37.41039],[140.91425,37.41145],[140.91515,37.41336]]]},"properties":{"hoanrinKind":"保安林"}},
{"type":"Feature","geometry":{"type":"Polygon","coordinates":[[[140.37698,37.78887],[140.37574,37.7882],[140.3739,37.78633],[140.37143,37.78624],[140.37185,37.78526],[140.36939,37.78463],[140.36952,37.78366],[140.36831,37.78231],[140.37034,37.78142],[140.37138,37.78399],[140.37319,37.78296],[140.37559,37.78315],[140.37732,37.78385],[140.37969,37.78558],[140.38031,37.78844],[140.37698,37.78887]]]},"properties":{"hoanrinKind":"保安林"}},
{"type":"Feature","geometry":{"type":"Polygon","coordinates":[[[140.86859,37.14909],[140.87003,37.15068],[140.86906,37.15112],[140.86798,37.14904],[140.86506,37.14723],[140.86311,37.14527],[140.86304,37.1435],[140.86597,37.14432],[140.86727,37.14304],[140.86318,37.14186],[140.86343,37.14144],[140.86675,37.14213],[140.86832,37.14293],[140.87024,37.14501],[140.87014,37.14787],[140.8715,37.14758],[140.87108,37.1498],[140.86859,37.14909]],[[140.86818,37.14543],[140.86849,37.14386],[140.86694,37.14381],[140.8668,37.14505],[140.86818,37.14543]]]},"properties":{"hoanrinKind":"保安林"}},
{"type":"Feature","geometry":{"type":"Polygon","coordinates":[[[140.72202,36.98073],[140.72171,36.98277],[140.72057,36.98382],[140.71856,36.98323],[140.71816,36.98175],[140.71925,36.98073],[140.72059,36.97734],[140.7209,36.97551],[140.72218,36.97363],[140.7227,36.97025],[140.72566,36.97035],[140.72492,36.97261],[140.72372,36.97477],[140.72273,36.9788],[140.72202,36.98073]]]},"properties":{"hoanrinKind":"保安林"}},
{"type":"Feature","geometry":{"type":"Polygon","coordinates":[[[139.81939,37.7148],[139.81804,37.7157],[139.81591,37.71565],[139.81468,37.71471],[139.81338,37.71157],[139.81655,37.71163],[139.81785,37.71132],[139.82195,37.70951],[139.82365,37.71013],[139.82387,37.71228],[139.82057,37.71386],[139.81939,37.7148]]]},"properties":{"hoanrinKind":"保安林"}},
{"type":"Feature","geometry":{"type":"Polygon","coordinates":[[[140.89124,37.35252],[140.89031,37.35382],[140.88936,37.35697],[140.88831,37.35807],[140.88623,37.35785],[140.8858,37.35659],[140.88625,37.35493],[140.88573,37.35402],[140.88806,37.35196],[140.88842,37.35096],[140.88691,37.35033],[140.88737,37.34683],[140.88957,37.34698],[140.89157,37.34889],[140.89182,37.35197],[140.89124,37.35252]]]},"properties":{"hoanrinKind":"保安林"}},
{"type":"Feature","geometry":{"type":"Polygon","coordinates":[[[139.65554,37.69768],[139.65443,37.69864],[139.65101,37.69764],[139.65105,37.69543],[139.65264,37.69497],[139.65372,37.69401],[139.65385,37.69163],[139.65334,37.69065],[139.65388,37.6895],[139.6529,37.68869],[139.65553,37.68724],[139.65558,37.68847],[139.65824,37.68926],[139.65842,37.69161],[139.65755,37.69424],[139.65593,37.69511],[139.65554,37.69768]]]},"properties":{"hoanrinKind":"保安林"}},
{"type":"Feature","geometry":{"type":"Polygon","coordinates":[[[139.71668,37.1853],[139.71157,37.18526],[139.71034,37.18458],[139.70922,37.1851],[139.70677,37.18485],[139.70585,37.1817],[139.70608,37.18052],[139.7073,37.17975],[139.71019,37.1788],[139.71292,37.17969],[139.71551,37.18147],[139.71668,37.1853]]]},"properties":{"hoanrinKind":"保安林"}},
{"type":"Feature","geometry":{"type":"Polygon","coordinates":[[[140.93192,37.33907],[140.9301,37.34112],[140.9282,37.34146],[140.92646,37.34243],[140.92233,37.34128],[140.91914,37.33906],[140.91919,37.33802],[140.92179,37.33724],[140.92251,37.33634],[140.92434,37.33601],[140.92615,37.33686],[140.92879,37.33613],[140.93152,37.33602],[140.93233,37.33671],[140.93192,37.33907]]]},"properties":{"hoanrinKind":"保安林"}},
{"type":"Feature","geometry":{"type":"Polygon","coordinates":[[[139.69787,37.69516],[139.69865,37.69763],[139.69695,37.699],[139.69303,37.69709],[139.69192,37.69576],[139.68949,37.69478],[139.6887,37.69403],[139.68854,37.69256],[139.6902,37.69155],[139.69258,37.69366],[139.69366,37.6936],[139.69477,37.69201],[139.69428,37.68977],[139.69566,37.6892],[139.69761,37.6898],[139.70008,37.68954],[139.70204,37.69021],[139.7005,37.69201],[139.69808,37.69304],[139.69846,37.69406],[139.69787,37.69516]]]},"properties":{"hoanrinKind":"保安林"}},
{"type":"Feature","geometry":{"type":"Polygon","coordinates":[[[140.98323,37.79615],[140.98214,37.79565],[140.98145,37.79281],[140.98105,37.78908],[140.98205,37.78722],[140.98147,37.7836],[140.98246,37.78234],[140.98192,37.78169],[140.98285,37.77961],[140.98316,37.77673],[140.98652,37.77701],[140.98499,37.77815],[140.98492,37.78129],[140.9844,37.78443],[140.9844,37.78915],[140.98559,37.79103],[140.98558,37.79529],[140.98323,37.79615]]]},"properties":{"hoanrinKind":"保安林"}},
{"type":"Feature","geometry":{"type":"Polygon","coordinates":[[[139.65497,37.43442],[139.65644,37.43556],[139.6547,37.43648],[139.65226,37.43852],[139.6511,37.43808],[139.65166,37.43456],[139.6508,37.43372],[139.65041,37.43218],[139.65058,37.43015],[139.65323,37.43106],[139.65381,37.42988],[139.65371,37.42823],[139.65717,37.42642],[139.65813,37.42854],[139.65797,37.43019],[139.65978,37.4315],[139.66005,37.43235],[139.65898,37.43425],[139.65497,37.43442]],[[139.65453,37.43441],[139.65276,37.4329],[139.65218,37.43436],[139.65453,37.43441]]]},"properties":{"hoanrinKind":"保安林"}},
{"type":"Feature","geometry":{"type":"Polygon","coordinates":[[[140.83074,37.38878],[140.8295,37.38932],[140.82812,37.38882],[140.82699,37.38738],[140.82745,37.38601],[140.829,37.38438],[140.83073,37.38462],[140.83215,37.38417],[140.83125,37.38229],[140.8294,37.38279],[140.82763,37.38264],[140.82704,37.38061],[140.82799,37.37947],[140.82973,37.37843],[140.83003,37.37712],[140.83271,37.37637],[140.83538,37.37605],[140.83546,37.37788],[140.83408,37.37933],[140.83486,37.38127],[140.83368,37.38439],[140.832,37.3846],[140.83184,37.38574],[140.83288,37.38664],[140.83074,37.38878]]]},"properties":{"hoanrinKind":"保安林"}},
{"type":"Feature","geometry":{"type":"Polygon","coordinates":[[[139.63287,37.56262],[139.63065,37.56331],[139.6299,37.56297],[139.63103,37.55856],[139.63217,37.55821],[139.63404,37.5553],[139.63487,37.55287],[139.64028,37.55463],[139.63944,37.55756],[139.6379,37.56163],[139.63659,37.56228],[139.63287,37.56262]],[[139.63273,37.56037],[139.63112,37.56108],[139.63234,37.56241],[139.63401,37.56175],[139.63394,37.56043],[139.63273,37.56037]]]},"properties":{"hoanrinKind":"保安林"}},
{"type":"Feature","geometry":{"type":"Polygon","coordinates":[[[139.95214,37.71215],[139.95223,37.71293],[139.94709,37.71222],[139.94472,37.70949],[139.94481,37.70832],[139.94345,37.70727],[139.94209,37.70508],[139.93765,37.70232],[139.9435,37.70298],[139.9447,37.70363],[139.94713,37.70405],[139.94976,37.70593],[139.95088,37.70593],[139.95236,37.7073],[139.95181,37.70901],[139.94944,37.71002],[139.95063,37.71164],[139.95214,37.71215]],[[139.94492,37.70591],[139.94599,37.70948],[139.94771,37.71131],[139.94888,37.71032],[139.94676,37.70705],[139.94492,37.70591]]]},"properties":{"hoanrinKind":"保安林"}},
{"type":"Feature","geometry":{"type":"Polygon","coordinates":[[[139.69019,37.51582],[139.68876,37.51629],[139.68682,37.51829],[139.6851,37.51893],[139.68521,37.51711],[139.68661,37.51506],[139.68995,37.51307],[139.6902,37.51243],[139.68865,37.51049],[139.68865,37.50892],[139.69129,37.508],[139.69505,37.50828],[139.69828,37.50978],[139.69818,37.51222],[139.69601,37.51438],[139.69383,37.51541],[139.69019,37.51582]]]},"properties":{"hoanrinKind":"保安林"}},
{"type":"Feature","geometry":{"type":"Polygon","coordinates":[[[140.81648,37.62542],[140.81429,37.62677],[140.81299,37.62452],[140.81288,37.62302],[140.80969,37.62093],[140.80646,37.61991],[140.80945,37.61871],[140.81173,37.61712],[140.81219,37.61537],[140.8159,37.61506],[140.81684,37.61554],[140.81867,37.61812],[140.81876,37.6206],[140.81725,37.62282],[140.81648,37.62542]]]},"properties":{"hoanrinKind":"保安林"}},
{"type":"Feature","geometry":{"type":"Polygon","coordinates":[[[140.66182,37.06949],[140.6612,37.07135],[140.65955,37.07154],[140.65773,37.07001],[140.65931,37.06919],[140.65895,37.06399],[140.6606,37.06316],[140.66382,37.06274],[140.66507,37.06214],[140.66591,37.05982],[140.66618,37.05754],[140.66798,37.05761],[140.67049,37.05827],[140.67333,37.05968],[140.67358,37.06041],[140.67134,37.06209],[140.67354,37.06336],[140.67186,37.06421],[140.67175,37.06516],[140.67012,37.06505],[140.66841,37.06571],[140.66513,37.06545],[140.66644,37.06424],[140.66593,37.06321],[140.6644,37.06341],[140.66172,37.06741],[140.66182,37.06949]]]},"properties":{"hoanrinKind":"保安林"}},
{"type":"Feature","geometry":{"type":"Polygon","coordinates":[[[140.68734,37.77634],[140.68667,37.77533],[140.68693,37.77364],[140.68504,37.77173],[140.68677,37.77088],[140.68712,37.76891],[140.69196,37.76677],[140.69494,37.76572],[140.69851,37.76487],[140.69822,37.76716],[140.69943,37.76899],[140.69819,37.76951],[140.69973,37.77061],[140.69934,37.77224],[140.69551,37.77188],[140.69202,37.77234],[140.69136,37.77412],[140.68947,37.77347],[140.68825,37.77383],[140.68873,37.77518],[140.68734,37.77634]]]},"properties":{"hoanrinKind":"保安林"}},
{"type":"Feature","geometry":{"type":"Polygon","coordinates":[[[140.92027,37.35735],[140.9183,37.35946],[140.9165,37.36036],[140.91602,37.35813],[140.91173,37.35368],[140.90983,37.35281],[140.90662,37.35014],[140.90526,37.34995],[140.90312,37.34884],[140.90263,37.34694],[140.9016,37.34542],[140.89917,37.34574],[140.89843,37.34451],[140.90234,37.34134],[140.90303,37.3421],[140.90602,37.34364],[140.90574,37.34578],[140.90817,37.34549],[140.90881,37.34701],[140.91074,37.34872],[140.91037,37.3506],[140.91446,37.35224],[140.91599,37.35177],[140.91626,37.35338],[140.9176,37.3545],[140.91749,37.35659],[140.91805,37.35723],[140.92027,37.35735]]]},"properties":{"hoanrinKind":"保安林"}},
{"type":"Feature","geometry":{"type":"Polygon","coordinates":[[[140.86967,37.8658],[140.86863,37.86609],[140.86147,37.86414],[140.86123,37.86142],[140.8601,37.85935],[140.86216,37.85828],[140.86456,37.85811],[140.86419,37.85634],[140.86259,37.85289],[140.86379,37.85248],[140.86655,37.85276],[140.86898,37.85369],[140.86756,37.85501],[140.8678,37.85628],[140.86588,37.85694],[140.86562,37.85796],[140.86745,37.85848],[140.8692,37.85842],[140.86998,37.86282],[140.87206,37.8636],[140.87553,37.86342],[140.8756,37.86433],[140.87305,37.86489],[140.87186,37.86556],[140.86967,37.8658]]]},"properties":{"hoanrinKind":"保安林"}},
{"type":"Feature","geometry":{"type":"Polygon","coordinates":[[[140.65886,37.82725],[140.65839,37.82761],[140.65529,37.82634],[140.65423,37.82705],[140.65301,37.82633],[140.65056,37.82593],[140.64816,37.8233],[140.64786,37.82229],[140.64627,37.82183],[140.65056,37.81923],[140.65234,37.81966],[140.65458,37.81943],[140.65665,37.81967],[140.65874,37.82039],[140.66023,37.81967],[140.66183,37.81992],[140.66215,37.8218],[140.66173,37.8227],[140.6614,37.82594],[140.65886,37.82725]]]},"properties":{"hoanrinKind":"保安林"}},
{"type":"Feature","geometry":{"type":"Polygon","coordinates":[[[140.94712,37.15312],[140.94523,37.1539],[140.94301,37.15323],[140.94203,37.15227],[140.94023,37.15227],[140.94095,37.1494],[140.9389,37.14922],[140.93818,37.14782],[140.93622,37.14788],[140.93412,37.14738],[140.93109,37.14839],[140.92698,37.15058],[140.92767,37.14839],[140.93057,37.14688],[140.93191,37.14498],[140.93447,37.14257],[140.93623,37.14187],[140.93868,37.14346],[140.94038,37.14386],[140.9417,37.14835],[140.94274,37.14928],[140.94607,37.14923],[140.94792,37.14966],[140.94897,37.14831],[140.95051,37.14972],[140.95112,37.15194],[140.95046,37.15331],[140.94913,37.15373],[140.94712,37.15312]]]},"properties":{"hoanrinKind":"保安林"}},
{"type":"Feature","geometry":{"type":"Polygon","coordinates":[[[140.27216,37.04127],[140.26993,37.04096],[140.26801,37.03895],[140.26686,37.03866],[140.26508,37.03524],[140.26317,37.03459],[140.26361,37.03177],[140.26529,37.03176],[140.26717,37.0334],[140.2684,37.03351],[140.26907,37.03182],[140.27192,37.03193],[140.27297,37.03098],[140.27711,37.0346],[140.27836,37.03638],[140.27703,37.03719],[140.27488,37.03988],[140.27216,37.04127]]]},"properties":{"hoanrinKind":"保安林"}},
{"type":"Feature","geometry":{"type":"Polygon","coordinates":[[[139.48559,37.10317],[139.48118,37.10393],[139.47938,37.1048],[139.47692,37.10729],[139.47557,37.11036],[139.47555,37.1116],[139.47358,37.1107],[139.47259,37.1096],[139.47254,37.10845],[139.47528,37.10369],[139.47497,37.10158],[139.47617,37.1001],[139.47863,37.09939],[139.48252,37.09925],[139.48511,37.09969],[139.48698,37.09956],[139.48927,37.09803],[139.49035,37.1001],[139.49157,37.10126],[139.49169,37.10356],[139.49102,37.10396],[139.48866,37.1033],[139.48559,37.10317]]]},"properties":{"hoanrinKind":"保安林"}},
{"type":"Feature","geometry":{"type":"Polygon","coordinates":[[[139.49383,37.33527],[139.49202,37.3367],[139.49156,37.33778],[139.49184,37.33948],[139.49046,37.34025],[139.48948,37.3388],[139.48984,37.33546],[139.48556,37.33754],[139.4825,37.33736],[139.48084,37.33883],[139.47817,37.33882],[139.47726,37.33774],[139.4776,37.33621],[139.48072,37.33434],[139.48243,37.33302],[139.48425,37.33261],[139.48813,37.33317],[139.49209,37.32877],[139.49543,37.32859],[139.49662,37.32931],[139.49546,37.33196],[139.49436,37.33288],[139.4947,37.33457],[139.49383,37.33527]]]},"properties":{"hoanrinKind":"保安林"}},
{"type":"Feature","geometry":{"type":"Polygon","coordinates":[[[139.50294,37.31277],[139.50118,37.31306],[139.49853,37.31256],[139.49539,37.31293],[139.49276,37.31106],[139.49112,37.31071],[139.48962,37.30932],[139.487,37.30847],[139.4867,37.30768],[139.49035,37.30803],[139.49474,37.30586],[139.49603,37.30491],[139.49647,37.30378],[139.49895,37.30271],[139.50077,37.30436],[139.50259,37.30544],[139.50558,37.30669],[139.50611,37.30816],[139.50576,37.30947],[139.50393,37.31099],[139.50294,37.31277]]]},"properties":{"hoanrinKind":"保安林"}},
{"type":"Feature","geometry":{"type":"Polygon","coordinates":[[[139.69574,37.53637],[139.69414,37.53686],[139.69082,37.53866],[139.68951,37.53873],[139.68846,37.53732],[139.68675,37.53382],[139.68439,37.53261],[139.68458,37.53099],[139.68562,37.52965],[139.68507,37.52756],[139.68838,37.52638],[139.69311,37.5256],[139.69545,37.52802],[139.6973,37.52886],[139.69574,37.53062],[139.69627,37.5329],[139.69748,37.53564],[139.69574,37.53637]]]},"properties":{"hoanrinKind":"保安林"}},
{"type":"Feature","geometry":{"type":"Polygon","coordinates":[[[139.51761,37.07156],[139.51445,37.07285],[139.51378,37.07392],[139.51341,37.07599],[139.5138,37.07744],[139.51252,37.07747],[139.51003,37.07522],[139.50745,37.07366],[139.50783,37.07218],[139.50691,37.06989],[139.50729,37.06744],[139.50405,37.06517],[139.50289,37.0636],[139.50238,37.06111],[139.50461,37.06095],[139.50647,37.0618],[139.50843,37.06182],[139.51004,37.0609],[139.51204,37.06153],[139.51052,37.06466],[139.50933,37.06621],[139.51182,37.06692],[139.51793,37.06774],[139.51942,37.06858],[139.52309,37.07167],[139.52127,37.07181],[139.51761,37.07156]]]},"properties":{"hoanrinKind":"保安林"}},
{"type":"Feature","geometry":{"type":"Polygon","coordinates":[[[140.88467,37.16202],[140.88364,37.16395],[140.87749,37.16688],[140.87673,37.16671],[140.87599,37.16511],[140.87434,37.16397],[140.86935,37.16547],[140.86814,37.16164],[140.86669,37.16025],[140.86761,37.15763],[140.8701,37.15887],[140.87192,37.15742],[140.87562,37.15611],[140.87845,37.15569],[140.8817,37.15663],[140.88282,37.15777],[140.88436,37.15808],[140.88556,37.16112],[140.88467,37.16202]],[[140.8821,37.16167],[140.88278,37.15938],[140.88214,37.15855],[140.88018,37.15832],[140.87682,37.15869],[140.87807,37.15961],[140.8812,37.16046],[140.8821,37.16167]]]},"properties":{"hoanrinKind":"保安林"}},
{"type":"Feature","geometry":{"type":"Polygon","coordinates":[[[139.64718,37.4031],[139.64716,37.40539],[139.64822,37.41079],[139.64507,37.41061],[139.64292,37.4092],[139.64337,37.40333],[139.64269,37.40203],[139.64061,37.40139],[139.63877,37.39755],[139.63776,37.39451],[139.63874,37.39381],[139.63817,37.3927],[139.64062,37.38723],[139.64251,37.38686],[139.64403,37.38709],[139.6458,37.3881],[139.64473,37.39288],[139.64484,37.39549],[139.64571,37.39762],[139.64744,37.40058],[139.64718,37.4031]],[[139.64447,37.40107],[139.64421,37.40278],[139.64703,37.40168],[139.64606,37.40097],[139.64447,37.40107]]]},"properties":{"hoanrinKind":"保安林"}},
{"type":"Feature","geometry":{"type":"Polygon","coordinates":[[[140.8328,37.34365],[140.83138,37.34391],[140.82843,37.34348],[140.82742,37.34241],[140.82478,37.341],[140.82077,37.34051],[140.81792,37.34072],[140.81424,37.34194],[140.81221,37.34064],[140.81254,37.34004],[140.81508,37.34062],[140.81698,37.33958],[140.81869,37.33933],[140.8193,37.33794],[140.82029,37.33754],[140.82264,37.33795],[140.82409,37.33643],[140.82604,37.33609],[140.82731,37.33414],[140.82556,37.33135],[140.82513,37.33001],[140.82776,37.32948],[140.8301,37.33016],[140.83135,37.32935],[140.83177,37.33157],[140.83386,37.33224],[140.83413,37.33487],[140.83601,37.33642],[140.83508,37.3385],[140.83397,37.33993],[140.83214,37.34137],[140.83376,37.34225],[140.8328,37.34365]],[[140.83091,37.33349],[140.83232,37.33452],[140.83219,37.33221],[140.831,37.33225],[140.83091,37.33349]]]},"properties":{"hoanrinKind":"保安林"}},
{"type":"Feature","geometry":{"type":"Polygon","coordinates":[[[140.72531,37.10865],[140.72261,37.10922],[140.71758,37.10782],[140.71477,37.10736],[140.71328,37.10513],[140.7119,37.10216],[140.71202,37.10025],[140.71366,37.10012],[140.71411,37.09875],[140.71609,37.09786],[140.71784,37.09658],[140.72251,37.0982],[140.72465,37.09833],[140.72553,37.10183],[140.72653,37.10419],[140.72814,37.10697],[140.7272,37.10868],[140.72531,37.10865]],[[140.71686,37.10248],[140.71604,37.10311],[140.71767,37.10522],[140.71869,37.10489],[140.71686,37.10248]]]},"properties":{"hoanrinKind":"保安林"}},
{"type":"Feature","geometry":{"type":"Polygon","coordinates":[[[140.86015,37.83229],[140.85957,37.83325],[140.85797,37.83205],[140.85579,37.83198],[140.85519,37.8296],[140.85606,37.82888],[140.85475,37.82706],[140.85388,37.8233],[140.85375,37.82083],[140.8552,37.81885],[140.85782,37.81736],[140.85851,37.81466],[140.86013,37.81478],[140.85998,37.81653],[140.86088,37.81886],[140.86367,37.81927],[140.86518,37.8199],[140.86572,37.82129],[140.86741,37.82254],[140.86772,37.82369],[140.86426,37.82413],[140.86322,37.82516],[140.86463,37.82693],[140.86436,37.82905],[140.86279,37.82944],[140.86287,37.83053],[140.86001,37.8314],[140.86015,37.83229]]]},"properties":{"hoanrinKind":"保安林"}},
{"type":"Feature","geometry":{"type":"Polygon","coordinates":[[[140.9409,37.12765],[140.94001,37.13042],[140.93937,37.13102],[140.93651,37.13194],[140.93555,37.13298],[140.9352,37.13547],[140.9365,37.13894],[140.93562,37.14058],[140.93273,37.14283],[140.9316,37.14443],[140.9268,37.1484],[140.92515,37.14829],[140.92717,37.14636],[140.92756,37.14267],[140.93077,37.13925],[140.93111,37.13783],[140.93047,37.13563],[140.9312,37.13193],[140.93181,37.13026],[140.93175,37.1281],[140.93312,37.12486],[140.9351,37.12266],[140.93709,37.12184],[140.93777,37.12477],[140.93837,37.12594],[140.93962,37.12624],[140.93986,37.12483],[140.94074,37.12382],[140.94359,37.12493],[140.94278,37.12722],[140.9409,37.12765]]]},"properties":{"hoanrinKind":"保安林"}},
{"type":"Feature","geometry":{"type":"Polygon","coordinates":[[[140.96594,37.45484],[140.96425,37.45484],[140.96076,37.4528],[140.95846,37.4521],[140.95826,37.44943],[140.95739,37.44826],[140.95467,37.44768],[140.95242,37.44666],[140.95034,37.44745],[140.94774,37.44652],[140.94523,37.44626],[140.9461,37.44483],[140.94558,37.44128],[140.94863,37.44095],[140.94881,37.44166],[140.95114,37.44181],[140.9584,37.44123],[140.95966,37.43975],[140.96184,37.43989],[140.96325,37.44148],[140.96322,37.44327],[140.96136,37.44369],[140.96165,37.44533],[140.95955,37.44441],[140.95908,37.44545],[140.96156,37.44717],[140.96354,37.4474],[140.96259,37.44859],[140.9637,37.4495],[140.96605,37.4479],[140.96788,37.44869],[140.96961,37.45097],[140.97081,37.45142],[140.97352,37.45125],[140.9742,37.45197],[140.97291,37.4539],[140.97136,37.45455],[140.97066,37.45346],[140.96813,37.45341],[140.96545,37.45236],[140.96448,37.4534],[140.9673,37.45414],[140.96594,37.45484]]]},"properties":{"hoanrinKind":"保安林"}},
{"type":"Feature","geometry":{"type":"Polygon","coordinates":[[[139.49812,37.16102],[139.49742,37.16186],[139.4952,37.16247],[139.49343,37.16245],[139.49122,37.16068],[139.48854,37.15798],[139.48691,37.15677],[139.48312,37.1555],[139.48034,37.15592],[139.47884,37.1567],[139.47693,37.15674],[139.47469,37.15589],[139.47356,37.15476],[139.47377,37.15281],[139.47538,37.15046],[139.47483,37.14785],[139.47548,37.1433],[139.47607,37.14177],[139.47829,37.14154],[139.47982,37.13928],[139.48088,37.13846],[139.48216,37.13895],[139.48445,37.14094],[139.48326,37.14193],[139.48217,37.14441],[139.48331,37.14555],[139.48445,37.14296],[139.48592,37.14205],[139.48732,37.14403],[139.48913,37.14591],[139.48879,37.14716],[139.48665,37.14958],[139.48564,37.14979],[139.48321,37.14876],[139.48517,37.14702],[139.48467,37.14624],[139.48072,37.15079],[139.48309,37.15287],[139.48433,37.15286],[139.4852,37.15171],[139.4871,37.15119],[139.48902,37.15141],[139.48944,37.15289],[139.48924,37.15472],[139.49092,37.15544],[139.49098,37.15644],[139.49354,37.15708],[139.49858,37.15757],[139.49998,37.15701],[139.50457,37.15693],[139.50632,37.15827],[139.50399,37.15902],[139.50235,37.15999],[139.50055,37.16007],[139.49961,37.16099],[139.49812,37.16102]]]},"properties":{"hoanrinKind":"保安林"}},
{"type":"Feature","geometry":{"type":"Polygon","coordinates":[[[140.8432,37.3865],[140.84205,37.38772],[140.83965,37.38757],[140.83867,37.38707],[140.83961,37.38499],[140.8414,37.38481],[140.84119,37.38345],[140.84008,37.38315],[140.84118,37.38125],[140.83618,37.38205],[140.83671,37.38065],[140.83921,37.37887],[140.83989,37.37676],[140.83845,37.37494],[140.83842,37.37276],[140.83653,37.36908],[140.83739,37.36623],[140.83869,37.36537],[140.84012,37.36529],[140.8425,37.36673],[140.84606,37.36697],[140.84849,37.36926],[140.84856,37.3705],[140.84783,37.37212],[140.84846,37.37314],[140.84995,37.37166],[140.85146,37.37321],[140.85443,37.37546],[140.85428,37.37734],[140.85215,37.37792],[140.85069,37.37928],[140.85214,37.38153],[140.85215,37.38342],[140.85087,37.38512],[140.84878,37.3849],[140.84763,37.38573],[140.84561,37.38567],[140.8432,37.3865]],[[140.8455,37.38079],[140.84492,37.3827],[140.84527,37.38409],[140.84661,37.38353],[140.84709,37.38128],[140.84785,37.38026],[140.84731,37.37874],[140.84938,37.37801],[140.85028,37.37624],[140.8457,37.37519],[140.84496,37.37854],[140.84362,37.38003],[140.8455,37.38079]]]},"properties":{"hoanrinKind":"保安林"}},
{"type":"Feature","geometry":{"type":"Polygon","coordinates":[[[140.84573,37.70642],[140.84351,37.70624],[140.84221,37.70363],[140.83896,37.70415],[140.83397,37.70183],[140.83363,37.70001],[140.83642,37.69793],[140.8378,37.6975],[140.83983,37.6961],[140.84284,37.69557],[140.8454,37.69554],[140.84675,37.69498],[140.84738,37.69305],[140.84723,37.69029],[140.85047,37.68868],[140.85232,37.68657],[140.85381,37.68268],[140.85534,37.68161],[140.85736,37.68366],[140.86072,37.68544],[140.86051,37.68653],[140.86268,37.68765],[140.86292,37.68884],[140.8604,37.69004],[140.86011,37.69262],[140.85573,37.69432],[140.85257,37.6968],[140.85436,37.69793],[140.85336,37.69942],[140.85096,37.70024],[140.85021,37.70165],[140.84763,37.70465],[140.84763,37.70542],[140.84573,37.70642]]]},"properties":{"hoanrinKind":"保安林"}},
{"type":"Feature","geometry":{"type":"Polygon","coordinates":[[[140.89175,37.4659],[140.88865,37.46824],[140.886,37.46938],[140.88234,37.47139],[140.88004,37.46887],[140.87818,37.46743],[140.87769,37.46495],[140.87336,37.46509],[140.87355,37.4607],[140.8742,37.4597],[140.87663,37.45833],[140.87986,37.46223],[140.8798,37.46379],[140.88254,37.46412],[140.88476,37.46328],[140.88606,37.46192],[140.88462,37.46126],[140.88659,37.45936],[140.88748,37.4573],[140.89061,37.45668],[140.89301,37.4554],[140.89441,37.45613],[140.89586,37.45584],[140.89932,37.45379],[140.9014,37.45381],[140.90233,37.45603],[140.90228,37.45978],[140.90189,37.46171],[140.90606,37.46052],[140.90791,37.45775],[140.91239,37.46129],[140.91194,37.46272],[140.91335,37.46276],[140.91678,37.46437],[140.91531,37.46575],[140.91605,37.46819],[140.91211,37.46879],[140.91172,37.46707],[140.91044,37.46575],[140.90776,37.46461],[140.90539,37.46467],[140.90456,37.4639],[140.90319,37.46414],[140.90285,37.46523],[140.90168,37.46594],[140.89884,37.46631],[140.8969,37.46735],[140.89621,37.46578],[140.89946,37.46337],[140.90028,37.46016],[140.89703,37.45928],[140.89419,37.45956],[140.893,37.46007],[140.89117,37.46242],[140.89256,37.46456],[140.89175,37.4659]]]},"properties":{"hoanrinKind":"保安林"}},
{"type":"Feature","geometry":{"type":"Polygon","coordinates":[[[140.60722,37.06437],[140.60515,37.06471],[140.59909,37.06155],[140.59667,37.0611],[140.59587,37.06047],[140.59634,37.059],[140.59466,37.0578],[140.59528,37.05601],[140.59963,37.05589],[140.60161,37.05454],[140.60435,37.05434],[140.60494,37.05494],[140.60706,37.05466],[140.60853,37.05365],[140.60976,37.05452],[140.61038,37.05682],[140.61296,37.05581],[140.61164,37.05395],[140.61559,37.05235],[140.61721,37.05104],[140.61769,37.0485],[140.61655,37.0465],[140.62026,37.04757],[140.62009,37.0462],[140.61876,37.04512],[140.61841,37.04379],[140.61986,37.04187],[140.62135,37.03895],[140.62398,37.03809],[140.62437,37.04183],[140.62518,37.04293],[140.62749,37.04395],[140.62747,37.04533],[140.62483,37.04612],[140.62412,37.04755],[140.62506,37.04917],[140.62669,37.05084],[140.62566,37.05244],[140.62439,37.05533],[140.62339,37.05559],[140.62047,37.05517],[140.61843,37.05544],[140.61676,37.05756],[140.61755,37.06077],[140.61582,37.06192],[140.61598,37.06336],[140.61489,37.06422],[140.613,37.06463],[140.61172,37.06393],[140.60967,37.06469],[140.60722,37.06437]],[[140.60686,37.05797],[140.60853,37.05747],[140.60777,37.05657],[140.60605,37.05654],[140.60559,37.05768],[140.60686,37.05797]]]},"properties":{"hoanrinKind":"保安林"}},
{"type":"Feature","geometry":{"type":"Polygon","coordinates":[[[140.082,37.14311],[140.08159,37.14339],[140.07779,37.1433],[140.07849,37.14258],[140.08002,37.14286],[140.08379,37.14228],[140.08365,37.14169],[140.08045,37.13511],[140.08182,37.13555],[140.08536,37.13404],[140.08611,37.1328],[140.08643,37.13078],[140.0862,37.12851],[140.08416,37.12663],[140.08444,37.12484],[140.08399,37.12293],[140.08496,37.12293],[140.0848,37.12641],[140.0864,37.12793],[140.08727,37.13104],[140.0914,37.12958],[140.09395,37.12799],[140.09632,37.12694],[140.0976,37.12747],[140.10118,37.12603],[140.10098,37.12734],[140.10499,37.12971],[140.10994,37.12618],[140.11209,37.1254],[140.11246,37.12391],[140.11401,37.12449],[140.11552,37.12698],[140.11687,37.12709],[140.11348,37.12851],[140.11232,37.13135],[140.10957,37.13122],[140.10698,37.1318],[140.1081,37.13329],[140.10499,37.13515],[140.10359,37.13667],[140.10058,37.1381],[140.09945,37.13954],[140.09853,37.13967],[140.09693,37.13784],[140.0947,37.13886],[140.09079,37.13998],[140.0906,37.14193],[140.08757,37.14206],[140.082,37.14311]],[[140.08899,37.14194],[140.09032,37.14125],[140.08707,37.13833],[140.08633,37.13664],[140.08494,37.13683],[140.08321,37.13935],[140.0844,37.14164],[140.08586,37.14177],[140.0881,37.14129],[140.08899,37.14194]],[[140.08689,37.13652],[140.08791,37.13814],[140.08975,37.13948],[140.09235,37.13901],[140.09618,37.13715],[140.0933,37.13443],[140.09551,37.13198],[140.09764,37.13268],[140.10018,37.13431],[140.10248,37.13162],[140.10428,37.13017],[140.10033,37.12743],[140.09893,37.12721],[140.09768,37.12777],[140.0965,37.12727],[140.094,37.12835],[140.09095,37.13024],[140.08748,37.13145],[140.08646,37.13396],[140.08689,37.13652]],[[140.09758,37.13696],[140.09814,37.13907],[140.09928,37.13901],[140.10032,37.13774],[140.10294,37.13665],[140.10532,37.13428],[140.10277,37.13255],[140.10185,37.13415],[140.09758,37.13696]],[[140.10371,37.13254],[140.10583,37.13415],[140.10747,37.13311],[140.10501,37.13058],[140.10306,37.13186],[140.10371,37.13254]],[[140.10747,37.13135],[140.10989,37.13082],[140.11178,37.13127],[140.11246,37.13031],[140.11033,37.1295],[140.10747,37.13135]],[[140.11117,37.1287],[140.11509,37.1275],[140.11397,37.12566],[140.10982,37.12724],[140.11117,37.1287]],[[140.10976,37.12876],[140.10871,37.12802],[140.1064,37.12921],[140.10521,37.13028],[140.10652,37.13131],[140.11001,37.12914],[140.10976,37.12876]],[[140.09885,37.13523],[140.09961,37.13452],[140.09574,37.13235],[140.09498,37.13321],[140.09819,37.1356],[140.09885,37.13523]],[[140.09715,37.13556],[140.09468,37.13365],[140.09378,37.13429],[140.0966,37.1368],[140.09715,37.13556]],[[140.08386,37.13639],[140.08325,37.13546],[140.0815,37.13633],[140.0819,37.13714],[140.08386,37.13639]]]},"properties":{"hoanrinKind":"保安林"}},
{"type":"Feature","geometry":{"type":"Polygon","coordinates":[[[139.55979,37.38735],[139.55716,37.3883],[139.55615,37.39013],[139.55573,37.3934],[139.55487,37.39611],[139.55581,37.39664],[139.55628,37.39977],[139.55486,37.40171],[139.55385,37.40376],[139.5524,37.40239],[139.55284,37.40063],[139.54802,37.39864],[139.54872,37.39628],[139.54731,37.39437],[139.54854,37.39128],[139.54968,37.39029],[139.55152,37.38712],[139.55118,37.38575],[139.54862,37.38597],[139.54646,37.3853],[139.54555,37.38404],[139.54724,37.3827],[139.54848,37.37975],[139.54959,37.37988],[139.54959,37.38132],[139.55268,37.38154],[139.55263,37.37946],[139.55844,37.37754],[139.56007,37.37894],[139.56236,37.37903],[139.56275,37.38031],[139.56559,37.3815],[139.56703,37.38162],[139.56842,37.38074],[139.56894,37.37908],[139.56741,37.37645],[139.56376,37.37464],[139.5639,37.37362],[139.56763,37.37388],[139.56867,37.37334],[139.57118,37.37513],[139.5727,37.3766],[139.57494,37.37766],[139.57434,37.37999],[139.57443,37.38278],[139.57404,37.38378],[139.57221,37.38583],[139.56962,37.38582],[139.56817,37.38622],[139.56729,37.38724],[139.56528,37.38766],[139.56388,37.38845],[139.56081,37.38711],[139.55979,37.38735]],[[139.57058,37.37913],[139.57041,37.38048],[139.57194,37.38112],[139.57268,37.38035],[139.57323,37.37776],[139.5712,37.37684],[139.57058,37.37913]]]},"properties":{"hoanrinKind":"保安林"}},
{"type":"Feature","geometry":{"type":"Polygon","coordinates":[[[140.86879,37.89293],[140.86981,37.89416],[140.86903,37.89546],[140.86409,37.89297],[140.86182,37.89282],[140.85766,37.89164],[140.85625,37.89093],[140.85751,37.88953],[140.85984,37.88836],[140.85659,37.88628],[140.85652,37.8832],[140.85725,37.88188],[140.86109,37.87941],[140.8585,37.87736],[140.85713,37.87666],[140.85619,37.87542],[140.85464,37.87457],[140.85647,37.87241],[140.85689,37.87078],[140.86064,37.8673],[140.86127,37.86582],[140.86456,37.86604],[140.86446,37.8669],[140.86788,37.86731],[140.86838,37.86869],[140.87032,37.86968],[140.87146,37.87102],[140.87136,37.87335],[140.87044,37.87432],[140.87028,37.87723],[140.87071,37.8784],[140.87034,37.88146],[140.86844,37.88146],[140.86913,37.88305],[140.86819,37.88566],[140.86967,37.88689],[140.86845,37.88794],[140.86807,37.88918],[140.87061,37.89175],[140.86879,37.89293]]]},"properties":{"hoanrinKind":"保安林"}},
{"type":"Feature","geometry":{"type":"Polygon","coordinates":[[[140.90543,37.58939],[140.9056,37.59065],[140.9039,37.59123],[140.90288,37.59217],[140.9005,37.59085],[140.89915,37.58936],[140.89798,37.59101],[140.89649,37.59054],[140.89313,37.58706],[140.89245,37.5856],[140.88682,37.57974],[140.88803,37.57896],[140.88852,37.5776],[140.88974,37.57703],[140.89238,37.57667],[140.8956,37.57553],[140.89603,37.57463],[140.89557,37.57326],[140.89185,37.57099],[140.89227,37.56707],[140.89441,37.56623],[140.90052,37.56692],[140.90413,37.56704],[140.90429,37.56986],[140.90217,37.57165],[140.89955,37.57278],[140.89803,37.57427],[140.89913,37.57612],[140.90262,37.57689],[140.9075,37.57672],[140.91211,37.57793],[140.91319,37.57879],[140.91259,37.58194],[140.90976,37.58597],[140.90993,37.58854],[140.90923,37.58907],[140.90471,37.58815],[140.90543,37.58939]],[[140.90485,37.58085],[140.9051,37.58175],[140.90745,37.58238],[140.90907,37.58433],[140.90951,37.58265],[140.90807,37.58104],[140.90485,37.58085]]]},"properties":{"hoanrinKind":"保安林"}},
{"type":"Feature","geometry":{"type":"Polygon","coordinates":[[[140.66942,37.18837],[140.66704,37.19036],[140.66592,37.19009],[140.66385,37.18635],[140.6599,37.18493],[140.66143,37.17957],[140.66099,37.17714],[140.66033,37.17624],[140.66051,37.17433],[140.6613,37.17323],[140.66317,37.17329],[140.66559,37.17044],[140.66604,37.16834],[140.66545,37.16738],[140.66758,37.16599],[140.67141,37.16646],[140.67371,37.16768],[140.67425,37.16974],[140.67777,37.17017],[140.67949,37.17083],[140.68303,37.17013],[140.68447,37.17043],[140.68523,37.17181],[140.68354,37.17373],[140.68255,37.17738],[140.68073,37.17986],[140.67916,37.18095],[140.67689,37.18421],[140.67524,37.18469],[140.67363,37.18612],[140.67257,37.18789],[140.66942,37.18837]],[[140.66906,37.17337],[140.67005,37.17333],[140.6715,37.17091],[140.66947,37.17165],[140.66906,37.17337]]]},"properties":{"hoanrinKind":"保安林"}},
{"type":"Feature","geometry":{"type":"Polygon","coordinates":[[[140.72714,37.35682],[140.72616,37.35697],[140.7235,37.35935],[140.71878,37.36093],[140.7166,37.36051],[140.71642,37.35955],[140.71754,37.35842],[140.71711,37.35636],[140.71636,37.35544],[140.718,37.35264],[140.72438,37.34953],[140.72527,37.34768],[140.72795,37.35],[140.72831,37.34833],[140.73184,37.34905],[140.73601,37.3494],[140.74356,37.34751],[140.74917,37.34641],[140.75064,37.34689],[140.75207,37.34873],[140.75628,37.34758],[140.76027,37.35013],[140.76297,37.35263],[140.76363,37.3543],[140.76271,37.35617],[140.76042,37.35729],[140.75452,37.35719],[140.75044,37.35837],[140.7412,37.35873],[140.73883,37.35795],[140.73569,37.35618],[140.73263,37.35412],[140.73102,37.35515],[140.73218,37.35705],[140.73187,37.35778],[140.72966,37.35711],[140.72714,37.35682]]]},"properties":{"hoanrinKind":"保安林"}},
{"type":"Feature","geometry":{"type":"Polygon","coordinates":[[[139.80933,37.76375],[139.80828,37.76409],[139.80503,37.76621],[139.80236,37.76753],[139.80185,37.76576],[139.80182,37.76354],[139.80236,37.76283],[139.80308,37.76001],[139.80196,37.758],[139.80125,37.75528],[139.79999,37.75354],[139.79909,37.75004],[139.79925,37.74829],[139.79857,37.74708],[139.79923,37.74526],[139.80147,37.7428],[139.80489,37.74178],[139.80845,37.73973],[139.80885,37.73865],[139.80812,37.73731],[139.81158,37.73747],[139.81306,37.7393],[139.81317,37.74309],[139.81345,37.74426],[139.81492,37.74502],[139.81863,37.74447],[139.8217,37.74497],[139.82206,37.74582],[139.82082,37.74894],[139.82263,37.75199],[139.82198,37.7539],[139.8206,37.75529],[139.81856,37.75646],[139.81807,37.75816],[139.81585,37.76037],[139.81479,37.76382],[139.81298,37.76435],[139.80933,37.76375]],[[139.80696,37.74611],[139.80805,37.74581],[139.80793,37.74339],[139.80698,37.74149],[139.80346,37.74349],[139.80081,37.74457],[139.80148,37.74598],[139.80483,37.74548],[139.80696,37.74611]]]},"properties":{"hoanrinKind":"保安林"}},
{"type":"Feature","geometry":{"type":"Polygon","coordinates":[[[140.78727,37.13345],[140.78637,37.13392],[140.78437,37.13353],[140.78376,37.13254],[140.78404,37.13135],[140.78268,37.12911],[140.78531,37.12857],[140.78927,37.12887],[140.79232,37.1273],[140.79431,37.12701],[140.79393,37.125],[140.79239,37.12483],[140.7895,37.12551],[140.78588,37.12587],[140.78773,37.12325],[140.79088,37.11995],[140.79346,37.11532],[140.79438,37.11308],[140.79538,37.11177],[140.79667,37.11479],[140.79768,37.11606],[140.79968,37.11654],[140.80106,37.11737],[140.80059,37.1219],[140.8015,37.12455],[140.80218,37.12467],[140.80234,37.12046],[140.8021,37.11856],[140.80261,37.11704],[140.80367,37.11647],[140.80642,37.11669],[140.80449,37.11802],[140.80391,37.11917],[140.80536,37.11979],[140.80854,37.11983],[140.81068,37.11915],[140.81706,37.11914],[140.81869,37.11898],[140.82245,37.11802],[140.82433,37.11844],[140.82572,37.11811],[140.82638,37.11657],[140.8275,37.11598],[140.83037,37.11636],[140.83146,37.11838],[140.83022,37.12169],[140.8304,37.12289],[140.83163,37.12417],[140.83453,37.1256],[140.83486,37.12745],[140.83226,37.12748],[140.82953,37.12641],[140.82802,37.12662],[140.82533,37.12592],[140.82404,37.12647],[140.82689,37.12906],[140.82501,37.13],[140.822,37.12888],[140.81853,37.12995],[140.81609,37.1324],[140.81472,37.13138],[140.81674,37.12971],[140.81728,37.1285],[140.81715,37.12447],[140.81861,37.12312],[140.82277,37.12194],[140.82624,37.12211],[140.82619,37.12075],[140.82508,37.12005],[140.82362,37.12128],[140.81892,37.12224],[140.81713,37.12357],[140.81601,37.12782],[140.81557,37.1282],[140.81249,37.12847],[140.81036,37.12902],[140.80758,37.12914],[140.8068,37.12883],[140.803,37.129],[140.80157,37.12858],[140.80031,37.12945],[140.80155,37.13016],[140.79968,37.13182],[140.79828,37.13047],[140.79717,37.13039],[140.79337,37.13183],[140.78978,37.13195],[140.78811,37.13253],[140.78727,37.13345]],[[140.80229,37.1271],[140.80618,37.12809],[140.80622,37.12735],[140.80443,37.1267],[140.80229,37.1271]]]},"properties":{"hoanrinKind":"保安林"}},
{"type":"Feature","geometry":{"type":"Polygon","coordinates":[[[140.84126,37.47005],[140.84028,37.47045],[140.8397,37.47213],[140.84003,37.47656],[140.83813,37.47686],[140.83786,37.47538],[140.83869,37.47461],[140.83629,37.4738],[140.83407,37.47376],[140.83187,37.47313],[140.83116,37.47201],[140.83169,37.46991],[140.83283,37.46799],[140.82904,37.46843],[140.8284,37.46535],[140.82711,37.46555],[140.82288,37.46741],[140.81899,37.47106],[140.81712,37.47129],[140.81394,37.47091],[140.81346,37.46752],[140.81253,37.46622],[140.81351,37.46268],[140.81123,37.46019],[140.81054,37.45859],[140.81232,37.4575],[140.81194,37.45578],[140.81,37.45431],[140.81338,37.45388],[140.81682,37.45461],[140.81647,37.45609],[140.81725,37.45799],[140.81941,37.45864],[140.82039,37.45712],[140.8217,37.45706],[140.82226,37.45555],[140.82444,37.45617],[140.82672,37.45735],[140.82856,37.45924],[140.8279,37.4615],[140.82858,37.46187],[140.83254,37.46138],[140.83406,37.45775],[140.83776,37.45488],[140.8397,37.45575],[140.84491,37.45374],[140.84571,37.45571],[140.84462,37.45717],[140.84613,37.45885],[140.84996,37.45996],[140.85161,37.45998],[140.85302,37.4594],[140.85413,37.45729],[140.8538,37.45523],[140.85438,37.45382],[140.85671,37.45474],[140.85538,37.45589],[140.85607,37.45748],[140.86069,37.45879],[140.86323,37.4587],[140.86521,37.45982],[140.86244,37.46143],[140.8599,37.46239],[140.857,37.46247],[140.85627,37.46309],[140.85697,37.46502],[140.85445,37.46735],[140.85291,37.46945],[140.8516,37.4723],[140.85006,37.47251],[140.84476,37.47018],[140.84126,37.47005]]]},"properties":{"hoanrinKind":"保安林"}},
{"type":"Feature","geometry":{"type":"Polygon","coordinates":[[[139.88464,37.34068],[139.88247,37.34052],[139.88208,37.33872],[139.87904,37.33923],[139.87723,37.33903],[139.87525,37.33828],[139.87837,37.33707],[139.87831,37.33543],[139.87698,37.3345],[139.87877,37.33213],[139.87795,37.33063],[139.87826,37.32865],[139.87616,37.32807],[139.87645,37.32532],[139.87317,37.32573],[139.87157,37.3263],[139.86857,37.32474],[139.86681,37.32329],[139.86598,37.31995],[139.86367,37.31793],[139.86103,37.31667],[139.86127,37.31508],[139.86359,37.31493],[139.86508,37.31379],[139.86442,37.31105],[139.86475,37.30997],[139.86758,37.30688],[139.86519,37.30577],[139.86789,37.30361],[139.86928,37.30478],[139.87223,37.30285],[139.87497,37.30224],[139.87675,37.30258],[139.87945,37.30233],[139.88053,37.30143],[139.88329,37.30174],[139.88505,37.30112],[139.88597,37.30219],[139.88886,37.30721],[139.8921,37.30681],[139.89408,37.30745],[139.8913,37.30845],[139.88976,37.31023],[139.88748,37.31698],[139.88864,37.3171],[139.89218,37.31891],[139.88959,37.32105],[139.88842,37.32272],[139.88811,37.32532],[139.89001,37.32636],[139.89332,37.32733],[139.8944,37.32856],[139.89228,37.33024],[139.89119,37.3317],[139.89072,37.33404],[139.8881,37.33448],[139.88517,37.33633],[139.88388,37.3364],[139.88319,37.33754],[139.88446,37.33853],[139.88464,37.34068]]]},"properties":{"hoanrinKind":"保安林"}},
{"type":"Feature","geometry":{"type":"Polygon","coordinates":[[[139.76306,37.27666],[139.76145,37.27622],[139.75869,37.27661],[139.75585,37.27634],[139.75439,37.27569],[139.7526,37.27572],[139.75037,37.2742],[139.74722,37.27274],[139.74791,37.27087],[139.7465,37.2699],[139.74485,37.27056],[139.74293,37.27025],[139.7374,37.26748],[139.73328,37.26683],[139.73156,37.26711],[139.73009,37.26549],[139.72891,37.26483],[139.72533,37.26397],[139.72573,37.26243],[139.72447,37.26163],[139.72165,37.26193],[139.71968,37.26005],[139.71932,37.25808],[139.71962,37.25514],[139.71897,37.25267],[139.72141,37.25233],[139.72329,37.25254],[139.72728,37.25009],[139.72955,37.24992],[139.73291,37.25103],[139.73528,37.25109],[139.73929,37.25059],[139.74159,37.24937],[139.74425,37.24933],[139.74677,37.24868],[139.74878,37.24965],[139.75215,37.24904],[139.75362,37.25555],[139.75338,37.25703],[139.75556,37.25914],[139.75786,37.25982],[139.75639,37.26195],[139.75674,37.26451],[139.75841,37.26538],[139.75885,37.26384],[139.76406,37.26785],[139.76271,37.27162],[139.76233,37.27477],[139.76306,37.27666]]]},"properties":{"hoanrinKind":"保安林"}},
{"type":"Feature","geometry":{"type":"Polygon","coordinates":[[[140.73773,37.33691],[140.73466,37.33758],[140.72829,37.33816],[140.72459,37.33885],[140.72227,37.33999],[140.72163,37.34164],[140.72004,37.34318],[140.71456,37.33961],[140.7128,37.33803],[140.71643,37.33498],[140.71846,37.33476],[140.71805,37.33285],[140.71938,37.33161],[140.71946,37.32701],[140.71975,37.32497],[140.72083,37.32345],[140.72197,37.32276],[140.72319,37.32011],[140.72702,37.3186],[140.72801,37.31743],[140.72569,37.31609],[140.72493,37.31504],[140.7263,37.31367],[140.7288,37.3133],[140.72991,37.31182],[140.73136,37.31104],[140.72851,37.30991],[140.72857,37.30861],[140.73121,37.30714],[140.73292,37.30541],[140.7352,37.30398],[140.73773,37.30492],[140.73979,37.30461],[140.74172,37.30551],[140.74252,37.3071],[140.74486,37.3078],[140.74863,37.30637],[140.74974,37.30727],[140.74879,37.30885],[140.74818,37.31084],[140.74815,37.31391],[140.74533,37.31631],[140.74553,37.31748],[140.74658,37.31838],[140.74656,37.32014],[140.74867,37.32192],[140.75043,37.32152],[140.75321,37.32263],[140.75675,37.32258],[140.75844,37.32363],[140.75585,37.32567],[140.75227,37.32728],[140.75125,37.32835],[140.75416,37.32934],[140.75489,37.33004],[140.75453,37.33248],[140.75586,37.3333],[140.75494,37.33493],[140.75252,37.33423],[140.74839,37.33628],[140.74638,37.33588],[140.74516,37.33656],[140.74231,37.33707],[140.73773,37.33691]],[[140.73149,37.31707],[140.72899,37.31755],[140.72647,37.32012],[140.72389,37.32189],[140.7242,37.32299],[140.72621,37.3244],[140.72804,37.32693],[140.73036,37.32735],[140.73446,37.32551],[140.73615,37.32364],[140.73797,37.32272],[140.74089,37.32266],[140.74236,37.32133],[140.74471,37.32036],[140.74501,37.31856],[140.74273,37.3163],[140.74106,37.31532],[140.73878,37.31474],[140.7361,37.31482],[140.73395,37.31698],[140.73149,37.31707]]]},"properties":{"hoanrinKind":"保安林"}},
{"type":"Feature","geometry":{"type":"Polygon","coordinates":[[[140.93335,37.2345],[140.93187,37.23508],[140.92819,37.23165],[140.92917,37.23042],[140.92639,37.23071],[140.92083,37.22972],[140.92033,37.22868],[140.91575,37.22761],[140.91538,37.22539],[140.91435,37.22345],[140.91272,37.22398],[140.9107,37.22285],[140.90903,37.22331],[140.90916,37.22496],[140.90682,37.22579],[140.90634,37.22674],[140.90319,37.22704],[140.9028,37.2257],[140.90309,37.22356],[140.90683,37.22206],[140.90337,37.21907],[140.90156,37.21941],[140.90133,37.22062],[140.89986,37.2218],[140.89747,37.2204],[140.8949,37.22061],[140.89353,37.22132],[140.89167,37.22102],[140.89048,37.22159],[140.88584,37.22157],[140.88341,37.22078],[140.87711,37.22171],[140.87565,37.221],[140.87634,37.21857],[140.87787,37.21769],[140.87786,37.21651],[140.8786,37.21318],[140.88042,37.20964],[140.88014,37.2072],[140.88068,37.20631],[140.88332,37.20628],[140.88741,37.2058],[140.89063,37.20624],[140.89446,37.20794],[140.89816,37.20787],[140.89945,37.20903],[140.89812,37.21313],[140.90048,37.21536],[140.90237,37.21786],[140.90435,37.21665],[140.9048,37.2158],[140.90455,37.21386],[140.90678,37.2136],[140.9077,37.21299],[140.91111,37.21463],[140.91247,37.21383],[140.91266,37.21126],[140.91134,37.21073],[140.91233,37.20911],[140.91313,37.20888],[140.91494,37.2107],[140.91624,37.20843],[140.91749,37.20749],[140.91925,37.20815],[140.91957,37.20941],[140.92102,37.21044],[140.92567,37.21152],[140.92746,37.21144],[140.92878,37.21254],[140.93164,37.21385],[140.93315,37.21376],[140.93672,37.21435],[140.93945,37.21379],[140.94143,37.21446],[140.94187,37.21593],[140.94017,37.2164],[140.94032,37.21901],[140.94179,37.21964],[140.94127,37.22314],[140.93963,37.22181],[140.93807,37.22224],[140.93879,37.22321],[140.93708,37.22505],[140.93836,37.22627],[140.94111,37.22622],[140.9405,37.22755],[140.93885,37.2289],[140.93618,37.2278],[140.93554,37.22802],[140.93568,37.23064],[140.93463,37.23299],[140.93484,37.23416],[140.93335,37.2345]],[[140.93515,37.22296],[140.93654,37.22288],[140.93673,37.22185],[140.93528,37.22091],[140.93311,37.221],[140.93515,37.22296]],[[140.89153,37.22027],[140.89159,37.2189],[140.89015,37.21788],[140.89011,37.22035],[140.89153,37.22027]],[[140.89355,37.21709],[140.89455,37.21688],[140.89631,37.215],[140.89601,37.21399],[140.89212,37.21299],[140.89097,37.2119],[140.88958,37.21261],[140.88898,37.21384],[140.8889,37.2164],[140.89005,37.21704],[140.89198,37.21633],[140.89355,37.21709]]]},"properties":{"hoanrinKind":"保安林"}},
{"type":"Feature","geometry":{"type":"Polygon","coordinates":[[[139.57318,37.64288],[139.57377,37.64424],[139.57338,37.64588],[139.57141,37.64381],[139.569,37.64264],[139.56491,37.64235],[139.56428,37.64301],[139.56194,37.64334],[139.55796,37.64288],[139.5559,37.6421],[139.55521,37.64066],[139.55366,37.63977],[139.55212,37.63803],[139.55168,37.63682],[139.54948,37.63563],[139.54772,37.634],[139.54695,37.63058],[139.54613,37.62924],[139.54673,37.62768],[139.54655,37.62573],[139.54753,37.62382],[139.54788,37.62176],[139.55037,37.61922],[139.55214,37.61876],[139.55136,37.61592],[139.54888,37.61505],[139.54809,37.61365],[139.54904,37.61165],[139.5485,37.60987],[139.55114,37.60594],[139.55435,37.6024],[139.55556,37.60214],[139.55767,37.60251],[139.55955,37.6018],[139.56234,37.60011],[139.56361,37.5979],[139.56495,37.59735],[139.56399,37.59621],[139.56508,37.59499],[139.56538,37.59345],[139.56666,37.59339],[139.56917,37.59438],[139.57052,37.59438],[139.57061,37.59685],[139.57146,37.59857],[139.57086,37.59995],[139.56883,37.60106],[139.5692,37.60284],[139.57059,37.60456],[139.56862,37.60727],[139.56551,37.60688],[139.56161,37.60707],[139.5627,37.60911],[139.5629,37.61087],[139.56114,37.61352],[139.56091,37.61508],[139.56267,37.61733],[139.56602,37.61784],[139.56777,37.61863],[139.57304,37.61982],[139.57581,37.622],[139.57901,37.62624],[139.58047,37.6277],[139.58131,37.62946],[139.58141,37.63323],[139.58319,37.6351],[139.58363,37.64032],[139.58106,37.64176],[139.57797,37.64214],[139.57694,37.64051],[139.57694,37.63903],[139.5749,37.63722],[139.57385,37.63768],[139.57384,37.64029],[139.57222,37.64138],[139.57318,37.64288]],[[139.56878,37.63012],[139.57037,37.63229],[139.5731,37.63307],[139.57587,37.63249],[139.57838,37.62801],[139.57851,37.62637],[139.57631,37.62546],[139.57556,37.62808],[139.5738,37.6306],[139.57166,37.63059],[139.57072,37.6292],[139.57239,37.6281],[139.57261,37.62633],[139.57358,37.6257],[139.57447,37.62402],[139.57269,37.62304],[139.56819,37.62299],[139.56714,37.62348],[139.56675,37.625],[139.56978,37.62728],[139.56954,37.62821],[139.56685,37.62769],[139.56567,37.62829],[139.56579,37.62989],[139.56878,37.63012]],[[139.55802,37.61088],[139.55509,37.61271],[139.55707,37.61454],[139.55909,37.61427],[139.55802,37.61088]]]},"properties":{"hoanrinKind":"保安林"}},
{"type":"Feature","geometry":{"type":"Polygon","coordinates":[[[140.86469,37.75656],[140.86447,37.75824],[140.86349,37.75831],[140.86175,37.7565],[140.86331,37.75496],[140.86125,37.75423],[140.86107,37.75228],[140.86045,37.75078],[140.85788,37.75051],[140.85691,37.74855],[140.85517,37.74673],[140.85277,37.74517],[140.85083,37.74531],[140.84959,37.74439],[140.84897,37.7431],[140.8476,37.74276],[140.84498,37.74397],[140.84484,37.74544],[140.84647,37.74517],[140.84791,37.74569],[140.84967,37.74513],[140.85123,37.74607],[140.8514,37.74712],[140.85017,37.74782],[140.85081,37.74915],[140.84505,37.75224],[140.84412,37.75117],[140.84507,37.74973],[140.84651,37.75011],[140.84682,37.74883],[140.84409,37.74927],[140.8439,37.74997],[140.84063,37.75029],[140.8397,37.74883],[140.83565,37.74957],[140.83038,37.75081],[140.82807,37.75067],[140.82773,37.749],[140.82839,37.74694],[140.83017,37.74532],[140.8304,37.74322],[140.83185,37.74262],[140.83316,37.73979],[140.83575,37.73684],[140.83748,37.73684],[140.83927,37.73492],[140.84077,37.73254],[140.84099,37.73044],[140.8422,37.72813],[140.84202,37.72391],[140.84307,37.72219],[140.84129,37.72106],[140.83607,37.72008],[140.83569,37.71847],[140.83701,37.71691],[140.84131,37.71702],[140.84421,37.71558],[140.8474,37.71577],[140.84937,37.71849],[140.85114,37.71898],[140.85373,37.71863],[140.85609,37.71948],[140.85863,37.71954],[140.86112,37.72078],[140.8596,37.722],[140.85938,37.72284],[140.86175,37.72459],[140.86149,37.72549],[140.86238,37.72704],[140.86213,37.72925],[140.8609,37.73183],[140.86194,37.73286],[140.86379,37.73161],[140.86573,37.73143],[140.86636,37.73053],[140.86789,37.73023],[140.86768,37.73232],[140.86949,37.73258],[140.87002,37.73065],[140.87152,37.73106],[140.87377,37.73364],[140.87587,37.73455],[140.87778,37.73317],[140.88116,37.72766],[140.88214,37.7273],[140.88403,37.72838],[140.8877,37.72853],[140.88972,37.72823],[140.89247,37.72934],[140.89627,37.72889],[140.8959,37.72976],[140.89249,37.73056],[140.89203,37.7318],[140.889,37.73276],[140.88887,37.73608],[140.88849,37.73799],[140.88741,37.73884],[140.88291,37.73877],[140.88278,37.73758],[140.88485,37.73642],[140.88374,37.73586],[140.8824,37.73672],[140.88182,37.73911],[140.88196,37.74184],[140.88418,37.74141],[140.88693,37.74012],[140.8881,37.74018],[140.8894,37.74113],[140.88613,37.74356],[140.88275,37.74511],[140.8823,37.74443],[140.87891,37.74503],[140.87433,37.74538],[140.87392,37.74766],[140.87072,37.74883],[140.86895,37.74663],[140.8668,37.74648],[140.86636,37.74769],[140.86458,37.74915],[140.86307,37.74918],[140.86054,37.7481],[140.85984,37.74861],[140.86297,37.74994],[140.86384,37.75168],[140.86321,37.75271],[140.86431,37.75352],[140.86378,37.75531],[140.86469,37.75656]]]},"properties":{"hoanrinKind":"保安林"}},
{"type":"Feature","geometry":{"type":"Polygon","coordinates":[[[139.59293,37.58343],[139.59162,37.58567],[139.59274,37.58689],[139.59277,37.58853],[139.5913,37.58909],[139.58996,37.58739],[139.58526,37.58364],[139.58263,37.58331],[139.58147,37.58424],[139.58,37.58723],[139.57855,37.5873],[139.57473,37.58502],[139.57179,37.58349],[139.57046,37.58328],[139.56738,37.58424],[139.56607,37.58314],[139.56797,37.58077],[139.57048,37.57929],[139.57163,37.5745],[139.57045,37.57301],[139.57236,37.57023],[139.57127,37.56784],[139.56948,37.56476],[139.57078,37.56462],[139.56979,37.56119],[139.56881,37.5614],[139.56904,37.56332],[139.56758,37.56275],[139.5678,37.56039],[139.56882,37.55813],[139.56871,37.55355],[139.56957,37.55279],[139.57021,37.55053],[139.56661,37.54769],[139.56583,37.54632],[139.56784,37.54494],[139.57062,37.544],[139.5714,37.5428],[139.57377,37.54403],[139.57623,37.54444],[139.58029,37.54412],[139.58309,37.54509],[139.5853,37.54043],[139.58219,37.53959],[139.58272,37.53604],[139.5856,37.53604],[139.58553,37.53396],[139.58441,37.53253],[139.58366,37.52789],[139.58528,37.52792],[139.58782,37.52864],[139.58857,37.53165],[139.58809,37.53352],[139.59035,37.53303],[139.59239,37.53393],[139.59347,37.53862],[139.59471,37.53815],[139.59883,37.53574],[139.59668,37.53188],[139.6002,37.53122],[139.60231,37.53149],[139.60549,37.53347],[139.6109,37.53502],[139.61281,37.53902],[139.60835,37.53848],[139.60571,37.53852],[139.60237,37.53673],[139.59891,37.53605],[139.59856,37.53788],[139.59923,37.54097],[139.60183,37.5441],[139.60355,37.54517],[139.60349,37.54715],[139.60646,37.54975],[139.60605,37.55313],[139.60406,37.55467],[139.60393,37.55556],[139.60519,37.55776],[139.60523,37.55935],[139.60436,37.56217],[139.60694,37.56272],[139.60934,37.56216],[139.60949,37.56149],[139.6061,37.55827],[139.60796,37.55803],[139.61141,37.55899],[139.61473,37.56135],[139.61369,37.56239],[139.61156,37.56244],[139.61044,37.56296],[139.60981,37.56432],[139.60678,37.56515],[139.60366,37.56457],[139.60011,37.56497],[139.59859,37.56653],[139.59608,37.56655],[139.59567,37.56563],[139.59408,37.56512],[139.59494,37.56132],[139.59451,37.55599],[139.59217,37.55655],[139.59035,37.5533],[139.59081,37.54904],[139.58869,37.54807],[139.58695,37.54803],[139.58703,37.54968],[139.58641,37.55202],[139.58666,37.55395],[139.58545,37.55389],[139.58565,37.55186],[139.58374,37.55108],[139.58221,37.55977],[139.58079,37.56211],[139.58094,37.56431],[139.58345,37.56591],[139.57985,37.56689],[139.57943,37.56839],[139.5773,37.5688],[139.57698,37.57005],[139.5804,37.57251],[139.58206,37.57305],[139.58655,37.57354],[139.58767,37.57511],[139.59084,37.57414],[139.59336,37.57409],[139.59531,37.57299],[139.59721,37.57327],[139.59929,37.57432],[139.60195,37.57675],[139.60153,37.57844],[139.6045,37.57774],[139.60734,37.57872],[139.59971,37.58144],[139.59541,37.58235],[139.59293,37.58343]],[[139.58265,37.54565],[139.58352,37.55031],[139.58446,37.54937],[139.58565,37.54715],[139.58265,37.54565]],[[139.58822,37.54603],[139.59052,37.54675],[139.59086,37.54532],[139.58985,37.54377],[139.58939,37.54141],[139.58866,37.54054],[139.58554,37.54094],[139.58527,37.54166],[139.5881,37.54183],[139.58809,37.54248],[139.58603,37.54328],[139.58568,37.54426],[139.58822,37.54603]],[[139.59268,37.5413],[139.59022,37.54135],[139.59016,37.5435],[139.59352,37.54425],[139.59419,37.54234],[139.59268,37.5413]],[[139.59228,37.5518],[139.59403,37.5501],[139.59396,37.54877],[139.59224,37.54915],[139.59228,37.5518]]]},"properties":{"hoanrinKind":"保安林"}},
{"type":"Feature","geometry":{"type":"Polygon","coordinates":[[[140.48788,37.89908],[140.48778,37.8996],[140.4853,37.90101],[140.48389,37.90138],[140.48075,37.89889],[140.47921,37.8987],[140.47609,37.89514],[140.47446,37.89401],[140.47314,37.89595],[140.46848,37.89423],[140.46669,37.89261],[140.4662,37.89103],[140.46934,37.88966],[140.47093,37.88678],[140.47067,37.88545],[140.46648,37.88227],[140.46596,37.8806],[140.46493,37.87935],[140.46333,37.87844],[140.46272,37.8771],[140.45961,37.87669],[140.45952,37.87445],[140.45826,37.87309],[140.45165,37.87324],[140.44945,37.87373],[140.44648,37.87201],[140.44353,37.87071],[140.44022,37.86782],[140.43758,37.86434],[140.43564,37.86397],[140.43582,37.86243],[140.44022,37.86105],[140.4395,37.85962],[140.43723,37.86003],[140.43534,37.85802],[140.43799,37.85805],[140.44071,37.85852],[140.44372,37.85795],[140.44449,37.85728],[140.44481,37.8557],[140.44637,37.8558],[140.44602,37.85328],[140.44539,37.85206],[140.4438,37.85164],[140.44405,37.85415],[140.43872,37.85366],[140.43729,37.85321],[140.43692,37.85075],[140.44108,37.85221],[140.44285,37.85169],[140.44214,37.85053],[140.4454,37.84944],[140.44459,37.84676],[140.44474,37.84525],[140.44721,37.8462],[140.44689,37.84833],[140.44737,37.8493],[140.44583,37.85151],[140.44992,37.85373],[140.44949,37.8546],[140.45232,37.85479],[140.45347,37.85602],[140.45314,37.85676],[140.45512,37.85762],[140.45583,37.8546],[140.46167,37.85443],[140.46277,37.85512],[140.46256,37.8562],[140.46133,37.85762],[140.46146,37.85923],[140.46017,37.86158],[140.45808,37.86073],[140.45605,37.86213],[140.4543,37.86227],[140.45388,37.86086],[140.45174,37.86097],[140.45,37.86014],[140.44796,37.86239],[140.44506,37.8623],[140.44733,37.86371],[140.45156,37.86488],[140.45339,37.86496],[140.4582,37.86448],[140.45987,37.86245],[140.46413,37.86229],[140.46853,37.86279],[140.47014,37.86253],[140.47151,37.86375],[140.471,37.86663],[140.47236,37.86618],[140.47279,37.862],[140.47395,37.86092],[140.47559,37.86045],[140.47756,37.86363],[140.4779,37.86487],[140.47663,37.86659],[140.47727,37.86939],[140.47488,37.8711],[140.47481,37.87285],[140.47266,37.87296],[140.47085,37.87386],[140.46832,37.87351],[140.4686,37.8758],[140.4697,37.8788],[140.47088,37.88035],[140.4735,37.88221],[140.47388,37.88303],[140.47397,37.88695],[140.47631,37.88574],[140.47773,37.88572],[140.47826,37.88678],[140.48067,37.8881],[140.48395,37.88387],[140.48516,37.88141],[140.48588,37.87875],[140.48547,37.87735],[140.48413,37.87568],[140.48365,37.87425],[140.48239,37.87313],[140.48115,37.86897],[140.48438,37.86872],[140.48486,37.86502],[140.48694,37.86409],[140.48764,37.86291],[140.48754,37.86048],[140.48923,37.85867],[140.49262,37.85683],[140.49395,37.85844],[140.49643,37.85906],[140.49558,37.8606],[140.49478,37.86482],[140.49662,37.8651],[140.49703,37.86764],[140.49904,37.86749],[140.49908,37.86867],[140.5003,37.8699],[140.50083,37.87321],[140.50189,37.87254],[140.50341,37.87436],[140.50399,37.87346],[140.50627,37.87373],[140.50614,37.87474],[140.50443,37.8761],[140.50349,37.87599],[140.5039,37.87812],[140.50288,37.87964],[140.50616,37.88086],[140.50575,37.88191],[140.50162,37.88284],[140.50022,37.88509],[140.49773,37.88683],[140.49063,37.89002],[140.48887,37.8898],[140.48743,37.89276],[140.4871,37.89583],[140.48804,37.89738],[140.48788,37.89908]],[[140.46772,37.89115],[140.46763,37.89285],[140.46978,37.89322],[140.46772,37.89115]],[[140.47176,37.86783],[140.47287,37.86904],[140.47426,37.86898],[140.47293,37.86703],[140.47176,37.86783]],[[140.4737,37.86178],[140.47295,37.86475],[140.4744,37.86495],[140.47516,37.86362],[140.4737,37.86178]],[[140.49708,37.87851],[140.4969,37.88007],[140.49873,37.88036],[140.49901,37.87828],[140.49708,37.87851]],[[140.4854,37.86992],[140.48524,37.87059],[140.48698,37.87329],[140.48844,37.87236],[140.48762,37.87035],[140.4854,37.86992]],[[140.48827,37.86522],[140.4888,37.86549],[140.49058,37.86317],[140.4897,37.8625],[140.48827,37.86522]]]},"properties":{"hoanrinKind":"保安林"}},
{"type":"Feature","geometry":{"type":"Polygon","coordinates":[[[139.86709,37.37917],[139.86495,37.38027],[139.86628,37.38147],[139.8674,37.38429],[139.86776,37.38806],[139.86743,37.38909],[139.86599,37.38884],[139.86152,37.38731],[139.86223,37.38449],[139.861,37.38199],[139.86081,37.38004],[139.86181,37.37782],[139.86185,37.37655],[139.86473,37.373],[139.86043,37.37349],[139.85696,37.37364],[139.85452,37.37264],[139.85097,37.37016],[139.85022,37.36795],[139.85058,37.36652],[139.85217,37.36381],[139.85361,37.36254],[139.85449,37.3597],[139.85905,37.35858],[139.86,37.35795],[139.86236,37.35892],[139.86302,37.35971],[139.86477,37.35976],[139.86911,37.36167],[139.87259,37.36164],[139.87459,37.36122],[139.87594,37.36342],[139.87784,37.36378],[139.87756,37.36151],[139.8792,37.36005],[139.87867,37.35903],[139.88032,37.35712],[139.88298,37.35585],[139.88382,37.35349],[139.88286,37.35035],[139.88528,37.34842],[139.88478,37.34531],[139.88583,37.34258],[139.88538,37.34156],[139.88661,37.34058],[139.88934,37.33986],[139.89028,37.34005],[139.89309,37.33856],[139.89597,37.33855],[139.89846,37.33805],[139.90232,37.3366],[139.90314,37.33669],[139.90543,37.33866],[139.90594,37.33592],[139.90522,37.33218],[139.90971,37.33426],[139.91267,37.33389],[139.9127,37.33466],[139.91133,37.33648],[139.90929,37.33802],[139.90812,37.33785],[139.90706,37.33663],[139.90643,37.33978],[139.90493,37.34059],[139.90266,37.3404],[139.89911,37.34208],[139.89625,37.34289],[139.89804,37.34371],[139.90238,37.34723],[139.90732,37.34898],[139.91024,37.35069],[139.91195,37.35005],[139.91228,37.35096],[139.91532,37.35173],[139.9131,37.35312],[139.91356,37.35512],[139.9128,37.356],[139.91148,37.35475],[139.90884,37.35587],[139.90568,37.35442],[139.90503,37.35462],[139.90039,37.36088],[139.89934,37.36423],[139.89934,37.36687],[139.89972,37.36912],[139.90105,37.37354],[139.90276,37.37332],[139.90282,37.37233],[139.90187,37.37048],[139.90386,37.37027],[139.90305,37.3692],[139.90293,37.36768],[139.90374,37.3668],[139.90556,37.36828],[139.90627,37.37004],[139.90571,37.37226],[139.90476,37.37318],[139.90773,37.37467],[139.90709,37.37644],[139.90185,37.37637],[139.90194,37.38053],[139.90066,37.37944],[139.89656,37.37824],[139.89456,37.37868],[139.89116,37.3763],[139.8892,37.37602],[139.88763,37.37513],[139.88698,37.37301],[139.88421,37.37166],[139.88244,37.37593],[139.87828,37.37548],[139.87762,37.37674],[139.87457,37.37783],[139.87374,37.38014],[139.87194,37.38048],[139.87087,37.38218],[139.87087,37.38343],[139.87004,37.38492],[139.86743,37.38121],[139.86888,37.37959],[139.86709,37.37917]]]},"properties":{"hoanrinKind":"保安林"}},
{"type":"Feature","geometry":{"type":"Polygon","coordinates":[[[139.51497,37.13858],[139.51439,37.14019],[139.51062,37.14239],[139.50848,37.1427],[139.508,37.14177],[139.50604,37.14071],[139.50467,37.13844],[139.50381,37.14001],[139.50208,37.14065],[139.50115,37.14036],[139.49996,37.13886],[139.49777,37.1379],[139.49821,37.13641],[139.50011,37.13617],[139.50247,37.13406],[139.50466,37.13137],[139.50773,37.13017],[139.50848,37.12888],[139.50836,37.12724],[139.50974,37.12657],[139.51098,37.1271],[139.51346,37.12707],[139.51461,37.12519],[139.51393,37.12353],[139.51113,37.12186],[139.50956,37.11973],[139.51348,37.11779],[139.51629,37.11721],[139.51766,37.11534],[139.51974,37.11565],[139.52036,37.11464],[139.52194,37.11464],[139.52495,37.11658],[139.52507,37.11575],[139.52025,37.11304],[139.52153,37.10914],[139.52089,37.1069],[139.5224,37.10576],[139.52627,37.10479],[139.52823,37.10548],[139.53136,37.11014],[139.52721,37.1111],[139.52574,37.11169],[139.52448,37.113],[139.52636,37.11369],[139.52828,37.11306],[139.53119,37.11268],[139.53428,37.11362],[139.53657,37.11359],[139.53735,37.11417],[139.53724,37.11682],[139.54262,37.1198],[139.54425,37.12146],[139.54652,37.1231],[139.54436,37.12468],[139.54182,37.1249],[139.54108,37.12397],[139.53889,37.12318],[139.53585,37.12282],[139.53215,37.12026],[139.5308,37.11984],[139.52896,37.12077],[139.52869,37.12146],[139.52903,37.1242],[139.52975,37.12513],[139.53206,37.12652],[139.53601,37.12708],[139.53665,37.12927],[139.53972,37.12972],[139.54249,37.13142],[139.54322,37.13234],[139.54579,37.13295],[139.55271,37.13193],[139.55345,37.13143],[139.55299,37.12956],[139.55491,37.12754],[139.55477,37.1265],[139.5527,37.12264],[139.55214,37.12074],[139.55113,37.12027],[139.54823,37.12073],[139.54585,37.11976],[139.54522,37.11861],[139.54372,37.11092],[139.54637,37.10978],[139.54756,37.10879],[139.54694,37.10692],[139.54713,37.10449],[139.54818,37.10238],[139.5484,37.10097],[139.55316,37.10169],[139.55629,37.10244],[139.55953,37.10219],[139.56315,37.1028],[139.56457,37.10275],[139.56682,37.10193],[139.56865,37.10206],[139.57017,37.10316],[139.57296,37.10582],[139.57477,37.10858],[139.57762,37.10981],[139.57609,37.11145],[139.57479,37.11466],[139.57369,37.11647],[139.57002,37.11979],[139.56854,37.12385],[139.56827,37.12621],[139.56868,37.12775],[139.56808,37.12909],[139.56654,37.1301],[139.568,37.1316],[139.56602,37.13682],[139.56681,37.1397],[139.56261,37.14032],[139.56139,37.13947],[139.55981,37.13923],[139.55905,37.13825],[139.55667,37.13817],[139.55562,37.13746],[139.55405,37.13786],[139.54956,37.1367],[139.5471,37.13684],[139.54626,37.13632],[139.54355,37.13603],[139.54123,37.13679],[139.53857,37.13712],[139.53663,37.1364],[139.53464,37.13674],[139.53301,37.13801],[139.53034,37.13801],[139.52684,37.13918],[139.5249,37.13942],[139.5238,37.14093],[139.52119,37.14233],[139.51891,37.14195],[139.51705,37.14046],[139.51703,37.13981],[139.52123,37.13636],[139.52137,37.13405],[139.51843,37.13257],[139.51832,37.13186],[139.51583,37.12968],[139.51439,37.13141],[139.51518,37.13302],[139.51525,37.13586],[139.51497,37.13858]],[[139.50434,37.13635],[139.50489,37.13733],[139.50709,37.13636],[139.50881,37.13505],[139.50883,37.13281],[139.50678,37.13307],[139.50429,37.13544],[139.50434,37.13635]]]},"properties":{"hoanrinKind":"保安林"}},
{"type":"Feature","geometry":{"type":"Polygon","coordinates":[[[139.45793,37.24679],[139.45531,37.24717],[139.45137,37.24673],[139.44988,37.24681],[139.44833,37.24621],[139.44663,37.24482],[139.44458,37.24386],[139.44552,37.24204],[139.4458,37.2394],[139.44688,37.23804],[139.44671,37.23707],[139.44527,37.23587],[139.44316,37.2331],[139.44224,37.23101],[139.44285,37.22968],[139.44261,37.22418],[139.44283,37.22104],[139.44361,37.21704],[139.44429,37.21614],[139.44321,37.2118],[139.44397,37.20917],[139.44448,37.20606],[139.44519,37.20462],[139.44783,37.20112],[139.44822,37.19817],[139.44877,37.19676],[139.44801,37.1923],[139.4462,37.18889],[139.44512,37.18461],[139.44168,37.18164],[139.44121,37.17809],[139.43774,37.17646],[139.43666,37.17424],[139.43884,37.1706],[139.43917,37.16936],[139.44146,37.16669],[139.44118,37.1646],[139.44279,37.16231],[139.44281,37.15986],[139.44591,37.15553],[139.44728,37.15514],[139.45025,37.15546],[139.45657,37.15709],[139.45719,37.1578],[139.45581,37.16077],[139.45594,37.16235],[139.45668,37.16342],[139.45849,37.16351],[139.45898,37.16477],[139.45873,37.1674],[139.45785,37.16922],[139.45858,37.17061],[139.4569,37.17249],[139.45686,37.17422],[139.45795,37.17594],[139.4617,37.1775],[139.46197,37.17896],[139.46448,37.18008],[139.46479,37.18099],[139.46796,37.1809],[139.46926,37.1805],[139.47015,37.17819],[139.47188,37.17802],[139.47702,37.17822],[139.47856,37.17747],[139.47971,37.17854],[139.48141,37.17786],[139.48568,37.17945],[139.48778,37.1808],[139.49058,37.18398],[139.49345,37.18514],[139.49501,37.1852],[139.49653,37.18387],[139.49852,37.18274],[139.50138,37.18243],[139.50344,37.18285],[139.50515,37.18571],[139.50254,37.18687],[139.50235,37.18861],[139.50061,37.1907],[139.49915,37.19125],[139.50027,37.19417],[139.50153,37.19309],[139.50144,37.19205],[139.50439,37.18909],[139.50593,37.18994],[139.50762,37.18928],[139.50752,37.18802],[139.50582,37.18688],[139.50736,37.18619],[139.5082,37.18785],[139.50858,37.18989],[139.50787,37.19207],[139.50636,37.19292],[139.50524,37.1949],[139.50044,37.1946],[139.49656,37.19523],[139.4955,37.19461],[139.49571,37.1922],[139.49523,37.19148],[139.49218,37.19085],[139.48824,37.19073],[139.48489,37.19226],[139.48292,37.1939],[139.48184,37.19398],[139.48041,37.19291],[139.47893,37.19446],[139.47728,37.19495],[139.47353,37.19533],[139.47027,37.19531],[139.46974,37.19745],[139.46859,37.19856],[139.46318,37.20164],[139.45637,37.20441],[139.45515,37.20514],[139.45269,37.20543],[139.45223,37.20651],[139.44984,37.20732],[139.44853,37.20846],[139.44742,37.2113],[139.44705,37.2138],[139.44589,37.21758],[139.44655,37.22048],[139.44857,37.22205],[139.45077,37.22471],[139.45051,37.23031],[139.45261,37.23202],[139.45039,37.23407],[139.44987,37.235],[139.45012,37.23784],[139.45208,37.23932],[139.4531,37.24083],[139.45766,37.24251],[139.45946,37.2439],[139.45846,37.24454],[139.45916,37.24581],[139.45793,37.24679]],[[139.48064,37.18735],[139.47983,37.18792],[139.47986,37.19058],[139.48197,37.18939],[139.48257,37.18776],[139.48064,37.18735]]]},"properties":{"hoanrinKind":"保安林"}},
{"type":"Feature","geometry":{"type":"Polygon","coordinates":[[[140.36829,36.9723],[140.36689,36.97398],[140.36533,36.97278],[140.3653,36.97069],[140.36185,36.97255],[140.35944,36.97279],[140.35488,36.97175],[140.35163,36.97271],[140.34876,36.97091],[140.34453,36.96993],[140.34345,36.96815],[140.34183,36.96732],[140.34184,36.96638],[140.3394,36.96329],[140.3369,36.96207],[140.33455,36.9576],[140.33429,36.95212],[140.33462,36.95134],[140.33713,36.94907],[140.34208,36.9461],[140.34296,36.94443],[140.34332,36.94081],[140.34583,36.94097],[140.34768,36.93914],[140.34935,36.9381],[140.35247,36.93763],[140.35458,36.93553],[140.35645,36.9354],[140.35846,36.93413],[140.359,36.93289],[140.36077,36.93344],[140.3634,36.93373],[140.36544,36.93282],[140.36512,36.93081],[140.36401,36.9297],[140.36152,36.92839],[140.3663,36.92394],[140.36834,36.92162],[140.37068,36.91946],[140.37407,36.91706],[140.37637,36.91691],[140.37657,36.91437],[140.37743,36.91293],[140.37875,36.91208],[140.38,36.9101],[140.38032,36.90855],[140.38157,36.90782],[140.38452,36.90749],[140.38595,36.90767],[140.38722,36.90959],[140.38858,36.90851],[140.38748,36.9069],[140.38787,36.90524],[140.38884,36.90528],[140.39004,36.90747],[140.39143,36.90669],[140.39054,36.90457],[140.39107,36.90362],[140.39246,36.90385],[140.3938,36.90242],[140.3987,36.90304],[140.40193,36.903],[140.40399,36.90342],[140.40525,36.90438],[140.40362,36.90547],[140.40391,36.90651],[140.40568,36.90873],[140.40455,36.90983],[140.4018,36.90871],[140.39909,36.9089],[140.3978,36.90951],[140.39507,36.91192],[140.39412,36.91422],[140.39623,36.91536],[140.39903,36.91583],[140.4053,36.9138],[140.40534,36.91515],[140.40434,36.91589],[140.40672,36.9182],[140.40688,36.91905],[140.40267,36.91981],[140.40085,36.91835],[140.39998,36.92048],[140.39873,36.92137],[140.39777,36.9228],[140.39787,36.9246],[140.39613,36.92514],[140.39845,36.92651],[140.39893,36.92796],[140.39865,36.9295],[140.39708,36.93202],[140.39992,36.93284],[140.40289,36.93419],[140.4006,36.93815],[140.3992,36.9386],[140.39907,36.94078],[140.40035,36.94107],[140.40003,36.94287],[140.39871,36.94193],[140.39649,36.94258],[140.39521,36.94424],[140.39658,36.94522],[140.39665,36.94659],[140.39502,36.94784],[140.39259,36.94531],[140.39088,36.94762],[140.39498,36.9494],[140.39322,36.95193],[140.39464,36.95296],[140.39389,36.95478],[140.39263,36.95468],[140.39219,36.9564],[140.39388,36.95706],[140.39504,36.95834],[140.39412,36.95948],[140.39458,36.96035],[140.3928,36.96339],[140.39134,36.9646],[140.39057,36.96597],[140.38916,36.9664],[140.38889,36.96745],[140.38687,36.96842],[140.38488,36.96814],[140.38199,36.96912],[140.3805,36.97014],[140.37841,36.9704],[140.37673,36.9715],[140.37405,36.97184],[140.37176,36.97269],[140.36829,36.9723]],[[140.38295,36.93581],[140.38368,36.9368],[140.386,36.93663],[140.38532,36.93525],[140.38295,36.93581]]]},"properties":{"hoanrinKind":"保安林"}},
{"type":"Feature","geometry":{"type":"Polygon","coordinates":[[[140.18021,37.57404],[140.18306,37.57544],[140.18305,37.57619],[140.18026,37.58148],[140.17983,37.58394],[140.17732,37.58206],[140.17541,37.57984],[140.17328,37.57676],[140.16936,37.574],[140.16582,37.57454],[140.1596,37.5758],[140.15665,37.57603],[140.15487,37.57754],[140.15194,37.57942],[140.15132,37.58303],[140.14893,37.5833],[140.14968,37.58002],[140.14713,37.57884],[140.14749,37.57601],[140.14434,37.57503],[140.14408,37.57361],[140.14718,37.57442],[140.14746,37.57338],[140.14545,37.5732],[140.14555,37.57209],[140.14682,37.571],[140.14824,37.57131],[140.14916,37.57264],[140.15152,37.57187],[140.15232,37.57058],[140.15372,37.57188],[140.15538,37.57028],[140.15415,37.56877],[140.15448,37.56768],[140.15345,37.56643],[140.15351,37.56553],[140.15516,37.56407],[140.15743,37.56362],[140.16462,37.56342],[140.16605,37.56475],[140.16744,37.56519],[140.16826,37.56286],[140.16911,37.56204],[140.16985,37.56017],[140.17208,37.55765],[140.17065,37.55767],[140.16721,37.55626],[140.16482,37.554],[140.16356,37.55183],[140.16024,37.5475],[140.15999,37.54614],[140.15898,37.54554],[140.15726,37.54599],[140.15592,37.54572],[140.15376,37.5437],[140.15703,37.54249],[140.15999,37.54307],[140.16181,37.54424],[140.16358,37.54432],[140.16388,37.54347],[140.16264,37.54256],[140.16186,37.53966],[140.16345,37.53813],[140.16367,37.5368],[140.1617,37.53583],[140.16055,37.53798],[140.15934,37.53891],[140.15661,37.5392],[140.15679,37.53654],[140.15859,37.53609],[140.16063,37.53324],[140.1637,37.53453],[140.16492,37.53391],[140.16536,37.53145],[140.16401,37.52978],[140.16106,37.52858],[140.16247,37.5244],[140.16614,37.52435],[140.16762,37.52274],[140.16569,37.52078],[140.16838,37.51776],[140.17,37.51802],[140.172,37.51916],[140.17512,37.51879],[140.1773,37.51662],[140.17907,37.51765],[140.18242,37.51565],[140.18756,37.51361],[140.18948,37.51244],[140.18889,37.51052],[140.19263,37.5104],[140.19552,37.50853],[140.19888,37.50756],[140.20098,37.50766],[140.20686,37.50515],[140.20921,37.5036],[140.21054,37.50387],[140.21127,37.50256],[140.21338,37.50234],[140.21387,37.50285],[140.21289,37.50536],[140.21087,37.50743],[140.20805,37.50857],[140.20995,37.51149],[140.21049,37.5157],[140.20883,37.51434],[140.20709,37.51358],[140.2048,37.51646],[140.20253,37.51503],[140.20048,37.51775],[140.19939,37.52029],[140.1969,37.52131],[140.2001,37.52407],[140.20208,37.52465],[140.2066,37.52803],[140.20901,37.52821],[140.20888,37.53033],[140.21012,37.53191],[140.21032,37.53303],[140.21148,37.53342],[140.21986,37.53371],[140.22411,37.53465],[140.22725,37.53585],[140.22669,37.53741],[140.22684,37.53987],[140.22442,37.54411],[140.2225,37.5461],[140.2225,37.54799],[140.2217,37.54868],[140.22197,37.55321],[140.22022,37.55535],[140.21782,37.55451],[140.21678,37.55498],[140.21376,37.55788],[140.21244,37.56057],[140.20976,37.56237],[140.20669,37.56021],[140.20249,37.55995],[140.20114,37.56259],[140.19739,37.5657],[140.19454,37.56667],[140.19379,37.56748],[140.1922,37.56743],[140.18967,37.56808],[140.18649,37.568],[140.18416,37.56831],[140.1818,37.56735],[140.17869,37.56716],[140.17733,37.56893],[140.17883,37.57032],[140.18007,37.57279],[140.18021,37.57404]],[[140.16351,37.54015],[140.16361,37.54179],[140.16529,37.5408],[140.16351,37.54015]],[[140.17405,37.53596],[140.1757,37.53637],[140.1788,37.53525],[140.17983,37.53365],[140.17891,37.53248],[140.17666,37.53189],[140.17545,37.53031],[140.1747,37.52821],[140.17247,37.52581],[140.17066,37.52601],[140.16956,37.52682],[140.1677,37.52698],[140.16696,37.52904],[140.16956,37.52957],[140.17111,37.53064],[140.17188,37.53541],[140.17405,37.53596]]]},"properties":{"hoanrinKind":"保安林"}},
{"type":"Feature","geometry":{"type":"Polygon","coordinates":[[[140.22957,37.45994],[140.22801,37.45983],[140.22569,37.45758],[140.22412,37.45509],[140.22318,37.45456],[140.22194,37.45543],[140.22149,37.45368],[140.22025,37.45261],[140.21719,37.45126],[140.21585,37.45186],[140.21547,37.45308],[140.21358,37.45379],[140.21296,37.45199],[140.21347,37.45086],[140.20962,37.45264],[140.20743,37.45305],[140.20187,37.45309],[140.20076,37.45133],[140.20061,37.44951],[140.20139,37.44922],[140.20557,37.45032],[140.20839,37.45026],[140.21122,37.44974],[140.21154,37.44828],[140.20915,37.44612],[140.20893,37.44458],[140.20732,37.44489],[140.20383,37.44332],[140.20233,37.44309],[140.19943,37.44437],[140.19899,37.44746],[140.19599,37.44785],[140.19442,37.44846],[140.19163,37.45026],[140.18889,37.45093],[140.18534,37.45008],[140.18413,37.44882],[140.1818,37.44855],[140.18,37.44704],[140.17891,37.44682],[140.17408,37.44758],[140.17161,37.44723],[140.16971,37.44839],[140.16406,37.44809],[140.162,37.44404],[140.16188,37.44236],[140.16393,37.44197],[140.16529,37.441],[140.17053,37.43923],[140.17566,37.43871],[140.17108,37.43794],[140.16546,37.43901],[140.16305,37.43974],[140.15996,37.44016],[140.15755,37.44016],[140.16052,37.43752],[140.16264,37.4366],[140.16711,37.43535],[140.16834,37.43395],[140.1711,37.43158],[140.17017,37.42919],[140.16704,37.42609],[140.16642,37.42457],[140.16539,37.42402],[140.16545,37.42292],[140.16692,37.42249],[140.17004,37.41908],[140.17184,37.41678],[140.17228,37.41549],[140.1685,37.41342],[140.16781,37.4127],[140.16705,37.40993],[140.16628,37.40878],[140.16762,37.40792],[140.17099,37.40759],[140.17184,37.40666],[140.1736,37.40699],[140.17392,37.40605],[140.17678,37.40533],[140.17701,37.4034],[140.18054,37.4034],[140.18167,37.40471],[140.18498,37.40615],[140.18568,37.40471],[140.18692,37.40353],[140.18848,37.40027],[140.19113,37.40021],[140.19067,37.39626],[140.19137,37.39438],[140.19316,37.39282],[140.19577,37.39334],[140.19739,37.39572],[140.19717,37.39753],[140.20149,37.3989],[140.20162,37.397],[140.2023,37.39606],[140.19867,37.39544],[140.19905,37.39408],[140.20102,37.39512],[140.20283,37.3954],[140.21033,37.39133],[140.21036,37.38976],[140.20743,37.38795],[140.20161,37.38688],[140.19837,37.38587],[140.19921,37.38439],[140.19901,37.38262],[140.19999,37.38227],[140.20081,37.38076],[140.20389,37.38134],[140.2049,37.37988],[140.20646,37.37643],[140.20955,37.37584],[140.2126,37.37637],[140.21412,37.37706],[140.21511,37.37557],[140.21642,37.3756],[140.2192,37.37486],[140.22127,37.37506],[140.22402,37.3765],[140.22233,37.37816],[140.22515,37.37848],[140.22508,37.37941],[140.22819,37.38077],[140.22996,37.38305],[140.22967,37.38417],[140.22713,37.3827],[140.22515,37.38237],[140.22349,37.38292],[140.22387,37.38532],[140.22271,37.38603],[140.21834,37.38658],[140.21997,37.38779],[140.22006,37.39097],[140.21581,37.38998],[140.21264,37.39023],[140.21196,37.39168],[140.21037,37.39234],[140.20836,37.39464],[140.2069,37.39512],[140.20646,37.39668],[140.20477,37.39899],[140.20353,37.39848],[140.2019,37.39957],[140.20434,37.40211],[140.2062,37.40134],[140.21,37.40145],[140.20949,37.40469],[140.2098,37.40645],[140.21127,37.40749],[140.21157,37.40849],[140.2108,37.41079],[140.21067,37.41452],[140.20987,37.41528],[140.21215,37.41582],[140.21785,37.4159],[140.21588,37.41793],[140.21402,37.42061],[140.21434,37.42168],[140.21257,37.42274],[140.2113,37.42403],[140.21005,37.42641],[140.20617,37.42921],[140.20507,37.4303],[140.20577,37.43208],[140.20751,37.43101],[140.20941,37.42732],[140.21113,37.4283],[140.2139,37.42768],[140.21473,37.42686],[140.21591,37.42397],[140.21697,37.42352],[140.21853,37.42499],[140.22105,37.42571],[140.22166,37.42687],[140.22169,37.42901],[140.22118,37.43282],[140.22074,37.43384],[140.21902,37.43502],[140.21606,37.43626],[140.21703,37.43719],[140.22143,37.43622],[140.22301,37.43612],[140.22511,37.43822],[140.22731,37.43737],[140.22386,37.43536],[140.22265,37.43363],[140.22276,37.43007],[140.22334,37.42491],[140.22445,37.42208],[140.22423,37.42059],[140.22533,37.42034],[140.22594,37.42206],[140.22585,37.42426],[140.2282,37.42548],[140.23019,37.42512],[140.22739,37.4237],[140.22742,37.42155],[140.22864,37.42039],[140.22894,37.41877],[140.23038,37.41836],[140.23106,37.41737],[140.23397,37.41559],[140.23573,37.41498],[140.23525,37.41712],[140.23686,37.41989],[140.23822,37.42105],[140.23629,37.42156],[140.24,37.42375],[140.23858,37.42433],[140.23706,37.42606],[140.23904,37.4261],[140.24047,37.42688],[140.24287,37.42685],[140.24538,37.42528],[140.24301,37.4228],[140.24118,37.4241],[140.24048,37.42352],[140.24155,37.42236],[140.24441,37.42193],[140.24654,37.42588],[140.24653,37.4267],[140.24412,37.42738],[140.24477,37.42903],[140.24657,37.43125],[140.24632,37.43336],[140.24492,37.43576],[140.24663,37.43888],[140.24762,37.43971],[140.24964,37.43912],[140.2486,37.44121],[140.24427,37.44115],[140.24554,37.44289],[140.24737,37.44299],[140.24986,37.44209],[140.25114,37.44303],[140.25331,37.44199],[140.25433,37.44222],[140.25387,37.44392],[140.25186,37.44375],[140.25001,37.44481],[140.24556,37.44513],[140.24397,37.44464],[140.24267,37.44527],[140.24226,37.44211],[140.24149,37.44144],[140.23748,37.44218],[140.23853,37.44],[140.23644,37.43855],[140.23284,37.43919],[140.23106,37.43915],[140.22854,37.43839],[140.22692,37.4385],[140.22517,37.44309],[140.2252,37.44531],[140.22392,37.4479],[140.22685,37.44758],[140.22872,37.4512],[140.23059,37.45123],[140.23333,37.45043],[140.23396,37.45161],[140.2319,37.45193],[140.23032,37.45357],[140.22924,37.45278],[140.22787,37.45318],[140.22851,37.45441],[140.22645,37.45497],[140.22824,37.45872],[140.23023,37.45882],[140.22957,37.45994]],[[140.22491,37.43502],[140.22605,37.43584],[140.23019,37.43671],[140.23054,37.43586],[140.22953,37.43283],[140.22726,37.43548],[140.22491,37.43502]],[[140.2292,37.42592],[140.23039,37.42732],[140.2308,37.42888],[140.23403,37.42957],[140.23515,37.42866],[140.236,37.42677],[140.23569,37.42523],[140.23449,37.42561],[140.23366,37.42755],[140.23215,37.42796],[140.23124,37.42697],[140.2292,37.42592]]]},"properties":{"hoanrinKind":"保安林"}},
{"type":"Feature","geometry":{"type":"Polygon","coordinates":[[[139.7847,37.82982],[139.7835,37.83142],[139.78238,37.8318],[139.77959,37.83136],[139.77793,37.83014],[139.77562,37.82971],[139.77323,37.82985],[139.77099,37.82826],[139.76826,37.82849],[139.76589,37.82721],[139.76266,37.82655],[139.76159,37.82587],[139.75788,37.82462],[139.75747,37.82367],[139.75541,37.82213],[139.74987,37.82135],[139.74872,37.82087],[139.74251,37.82055],[139.74106,37.8202],[139.74062,37.81924],[139.74149,37.81772],[139.73882,37.81564],[139.7369,37.81548],[139.73309,37.81417],[139.72911,37.81354],[139.72754,37.8118],[139.72522,37.81152],[139.72161,37.80943],[139.71891,37.80523],[139.71586,37.80214],[139.71546,37.80066],[139.71401,37.79996],[139.71353,37.79899],[139.71167,37.79851],[139.70937,37.79727],[139.706,37.79648],[139.70493,37.79584],[139.70415,37.79366],[139.70295,37.79185],[139.7001,37.78993],[139.69811,37.78772],[139.69655,37.78512],[139.69248,37.78274],[139.6892,37.78114],[139.6875,37.7793],[139.68561,37.77864],[139.68018,37.77505],[139.68055,37.7737],[139.67984,37.77275],[139.67794,37.77153],[139.67768,37.77009],[139.67598,37.76882],[139.67361,37.76799],[139.67333,37.76674],[139.67032,37.7649],[139.66869,37.76327],[139.6676,37.76027],[139.66774,37.75888],[139.6667,37.75703],[139.66513,37.75632],[139.65856,37.75509],[139.65789,37.75474],[139.65774,37.7524],[139.65909,37.75042],[139.65868,37.74585],[139.6589,37.74525],[139.65762,37.74283],[139.65722,37.74085],[139.65373,37.73846],[139.65235,37.73795],[139.65217,37.73572],[139.65032,37.73322],[139.65059,37.73172],[139.64996,37.7308],[139.65331,37.73084],[139.65617,37.7327],[139.65736,37.73294],[139.66171,37.73074],[139.66387,37.73206],[139.66496,37.73129],[139.66711,37.73173],[139.66494,37.73422],[139.66476,37.73588],[139.66594,37.73674],[139.66791,37.73628],[139.67061,37.73713],[139.67363,37.73731],[139.67354,37.73872],[139.6685,37.739],[139.66706,37.74035],[139.66901,37.74473],[139.67005,37.74775],[139.67099,37.74883],[139.67498,37.74861],[139.67706,37.74886],[139.67813,37.75137],[139.67597,37.75136],[139.67598,37.75252],[139.67725,37.75403],[139.67432,37.75483],[139.67517,37.75744],[139.67628,37.75964],[139.67647,37.76331],[139.67723,37.76545],[139.67705,37.76748],[139.67898,37.76873],[139.68115,37.76958],[139.68433,37.77179],[139.68751,37.77278],[139.68937,37.77486],[139.69046,37.77531],[139.69265,37.77431],[139.69473,37.77586],[139.69633,37.7753],[139.69651,37.77344],[139.69778,37.77296],[139.69993,37.77054],[139.70188,37.76953],[139.70493,37.76859],[139.70744,37.7674],[139.70895,37.76612],[139.70989,37.76612],[139.71109,37.76449],[139.71358,37.76425],[139.71508,37.76604],[139.71638,37.76838],[139.71625,37.77004],[139.71706,37.77266],[139.71592,37.77438],[139.71616,37.77505],[139.71897,37.77535],[139.72079,37.77613],[139.72418,37.77698],[139.72586,37.778],[139.72914,37.77884],[139.72988,37.77801],[139.73218,37.77702],[139.73305,37.77486],[139.7331,37.7731],[139.73413,37.77058],[139.7332,37.76921],[139.73483,37.76709],[139.736,37.76356],[139.73698,37.7617],[139.74083,37.7641],[139.74337,37.76393],[139.74515,37.7649],[139.74317,37.7666],[139.742,37.77056],[139.74057,37.77298],[139.74063,37.77414],[139.7418,37.77555],[139.74302,37.77442],[139.74633,37.77277],[139.74942,37.76944],[139.75345,37.76915],[139.75542,37.77098],[139.75466,37.77399],[139.75514,37.77591],[139.7543,37.77683],[139.75178,37.77786],[139.75074,37.78075],[139.74949,37.78251],[139.74663,37.78455],[139.74579,37.78887],[139.74521,37.79052],[139.74996,37.79032],[139.75205,37.78999],[139.7572,37.78821],[139.75892,37.78727],[139.76035,37.78748],[139.75887,37.7909],[139.75966,37.79335],[139.75961,37.795],[139.76209,37.79551],[139.76657,37.79571],[139.76798,37.79603],[139.76863,37.79701],[139.76546,37.79671],[139.76206,37.79725],[139.75872,37.7985],[139.7589,37.80019],[139.75844,37.80171],[139.75851,37.80389],[139.75796,37.80573],[139.75823,37.80698],[139.76146,37.80853],[139.76198,37.80968],[139.76223,37.81264],[139.7655,37.81306],[139.76862,37.8125],[139.7691,37.81358],[139.76841,37.81579],[139.76805,37.82047],[139.7703,37.81998],[139.77142,37.82022],[139.77297,37.822],[139.77444,37.82249],[139.77667,37.82155],[139.78556,37.82188],[139.79047,37.8218],[139.78885,37.82332],[139.78888,37.82495],[139.78831,37.82642],[139.78627,37.82877],[139.7847,37.82982]]]},"properties":{"hoanrinKind":"保安林"}},
{"type":"Feature","geometry":{"type":"Polygon","coordinates":[[[139.72954,37.83076],[139.73023,37.8303],[139.73058,37.83057],[139.72954,37.83076]]]},"properties":{"hoanrinKind":"保安林"}},
{"type":"Feature","geometry":{"type":"Polygon","coordinates":[[[139.71895,37.84188],[139.71892,37.84217],[139.71883,37.84195],[139.71895,37.84188]]]},"properties":{"hoanrinKind":"保安林"}},
{"type":"Feature","geometry":{"type":"Polygon","coordinates":[[[139.71897,37.84386],[139.71895,37.84423],[139.71878,37.84472],[139.71837,37.84521],[139.71785,37.84556],[139.71771,37.84543],[139.71798,37.84517],[139.71855,37.84493],[139.71893,37.8441],[139.71897,37.84386]]]},"properties":{"hoanrinKind":"保安林"}},
{"type":"Feature","geometry":{"type":"Polygon","coordinates":[[[139.7133,37.8544],[139.71077,37.85513],[139.70659,37.85591],[139.70529,37.85524],[139.70266,37.85296],[139.70009,37.85164],[139.69779,37.84966],[139.69596,37.84853],[139.69076,37.84861],[139.68974,37.84751],[139.68729,37.84683],[139.68215,37.84741],[139.68184,37.84675],[139.6856,37.84689],[139.68749,37.84648],[139.69016,37.84706],[139.69048,37.84805],[139.69253,37.8484],[139.69748,37.84775],[139.69924,37.84944],[139.70189,37.84987],[139.7048,37.8517],[139.70642,37.85221],[139.70717,37.85311],[139.71068,37.8544],[139.71464,37.85292],[139.71558,37.85359],[139.7133,37.8544]]]},"properties":{"hoanrinKind":"保安林"}},
{"type":"Feature","geometry":{"type":"Polygon","coordinates":[[[140.03585,37.65489],[140.03742,37.65691],[140.03893,37.65995],[140.03924,37.66297],[140.03706,37.66347],[140.03484,37.66302],[140.03412,37.66123],[140.03085,37.6579],[140.02878,37.65335],[140.02801,37.64948],[140.02656,37.64502],[140.02556,37.64358],[140.02312,37.64203],[140.01976,37.64083],[140.01799,37.63967],[140.01847,37.6371],[140.02035,37.63566],[140.01585,37.63164],[140.0153,37.6306],[140.012,37.62957],[140.01075,37.62824],[140.00922,37.62766],[140.00575,37.62783],[140.00374,37.63029],[140.00269,37.63019],[140.00027,37.62874],[140.00023,37.62703],[139.99916,37.62529],[139.99787,37.62431],[139.99695,37.62245],[139.9955,37.62193],[139.99329,37.62233],[139.98864,37.62376],[139.98707,37.62373],[139.98568,37.62308],[139.98333,37.62],[139.98813,37.61977],[139.99313,37.61884],[139.99405,37.61769],[139.98932,37.61759],[139.98544,37.61799],[139.98239,37.61726],[139.97714,37.61771],[139.97465,37.61907],[139.97316,37.6208],[139.97201,37.62129],[139.9689,37.6215],[139.96642,37.61932],[139.96591,37.61848],[139.96057,37.61719],[139.96478,37.61439],[139.96683,37.61052],[139.96813,37.60948],[139.9716,37.60792],[139.97339,37.60756],[139.97123,37.60613],[139.97075,37.60517],[139.97104,37.60228],[139.97085,37.60091],[139.96971,37.59871],[139.96617,37.59797],[139.96673,37.59707],[139.97022,37.59619],[139.9717,37.59785],[139.97404,37.59814],[139.97514,37.59918],[139.97678,37.59819],[139.97726,37.59662],[139.97885,37.59624],[139.9812,37.59806],[139.98761,37.60133],[139.98982,37.60348],[139.99258,37.60552],[139.99449,37.6049],[139.99639,37.60488],[139.99669,37.60389],[139.99617,37.60077],[139.99551,37.59435],[139.99632,37.58967],[139.99718,37.59001],[139.99886,37.59382],[140.00197,37.59504],[140.00401,37.59719],[140.0055,37.59815],[140.00668,37.59307],[140.00729,37.58873],[140.01011,37.5873],[140.0119,37.5873],[140.0131,37.5905],[140.01398,37.59091],[140.01579,37.59498],[140.0174,37.59443],[140.01748,37.59198],[140.02332,37.59258],[140.02267,37.59548],[140.01934,37.5973],[140.01839,37.59878],[140.02255,37.59805],[140.02402,37.59635],[140.02912,37.59325],[140.0277,37.59133],[140.0291,37.58844],[140.03033,37.58758],[140.03047,37.59005],[140.03198,37.59057],[140.03181,37.58817],[140.03251,37.58591],[140.03061,37.58525],[140.02951,37.58612],[140.02897,37.58389],[140.02924,37.58284],[140.03112,37.58341],[140.03255,37.58246],[140.03324,37.5799],[140.03297,37.57865],[140.03413,37.57704],[140.03429,37.57573],[140.03355,37.57385],[140.03482,37.57274],[140.03642,37.57439],[140.03671,37.57627],[140.03515,37.57802],[140.03528,37.57909],[140.03433,37.58018],[140.03472,37.58126],[140.03436,37.58306],[140.03529,37.58334],[140.03674,37.58654],[140.03391,37.58702],[140.0327,37.58779],[140.03243,37.59053],[140.03344,37.5913],[140.03476,37.59126],[140.03549,37.59201],[140.03544,37.59476],[140.037,37.59376],[140.03778,37.59399],[140.03804,37.59517],[140.03899,37.59623],[140.03906,37.59902],[140.04254,37.59988],[140.04215,37.59847],[140.04516,37.59772],[140.0468,37.59827],[140.04915,37.60029],[140.05267,37.60249],[140.05423,37.60019],[140.05649,37.5983],[140.05715,37.59644],[140.06143,37.5964],[140.06375,37.59583],[140.06598,37.59471],[140.06824,37.59278],[140.07056,37.59271],[140.07353,37.59349],[140.07578,37.59463],[140.07703,37.5963],[140.07779,37.59923],[140.07811,37.60266],[140.07914,37.60679],[140.07752,37.60736],[140.0741,37.60691],[140.07119,37.60748],[140.06591,37.61019],[140.06372,37.61106],[140.06119,37.6106],[140.06058,37.61204],[140.05856,37.61397],[140.06025,37.61761],[140.05784,37.62059],[140.05604,37.6212],[140.05606,37.62424],[140.0536,37.63273],[140.05171,37.63984],[140.04922,37.65013],[140.05203,37.65053],[140.05164,37.6519],[140.05207,37.65391],[140.05028,37.65363],[140.04998,37.65588],[140.04726,37.6557],[140.04556,37.65515],[140.04316,37.65382],[140.04225,37.65229],[140.04056,37.65076],[140.0403,37.64981],[140.037,37.6481],[140.03725,37.64629],[140.03485,37.64565],[140.03367,37.64584],[140.03353,37.64785],[140.03503,37.64822],[140.03607,37.65151],[140.03535,37.65253],[140.03592,37.65408],[140.03791,37.65369],[140.03805,37.65548],[140.03585,37.65489]],[[140.04866,37.6415],[140.0494,37.64025],[140.04823,37.63991],[140.04641,37.64056],[140.04516,37.63856],[140.04126,37.63511],[140.03988,37.63279],[140.03914,37.62879],[140.04016,37.62611],[140.03862,37.62461],[140.039,37.62326],[140.0384,37.62256],[140.03907,37.6189],[140.03877,37.61656],[140.03733,37.61683],[140.03522,37.6189],[140.03397,37.6189],[140.03238,37.61685],[140.03135,37.61653],[140.0288,37.61429],[140.02729,37.61489],[140.02955,37.61768],[140.03309,37.61982],[140.0323,37.62106],[140.02892,37.62173],[140.02733,37.623],[140.02857,37.62552],[140.03122,37.62677],[140.03533,37.62706],[140.03816,37.628],[140.03885,37.62997],[140.03931,37.63276],[140.04017,37.63491],[140.04384,37.63824],[140.04668,37.64108],[140.04866,37.6415]],[[140.0252,37.61706],[140.02503,37.61471],[140.02574,37.61355],[140.02832,37.61125],[140.02297,37.61147],[140.02255,37.61122],[140.02285,37.60855],[140.02022,37.60648],[140.01877,37.60418],[140.01763,37.60401],[140.01644,37.60513],[140.01401,37.60613],[140.01131,37.60551],[140.01065,37.6048],[140.00595,37.60334],[140.00374,37.60195],[139.99949,37.60349],[139.99835,37.60475],[139.9988,37.60558],[139.99791,37.60717],[139.99781,37.60866],[139.99866,37.60973],[140.00017,37.60986],[140.00328,37.61106],[140.00596,37.61249],[140.00826,37.6142],[140.00866,37.61497],[140.00965,37.61946],[140.01215,37.62316],[140.01374,37.62352],[140.01644,37.62491],[140.01877,37.62518],[140.02512,37.6236],[140.02605,37.62067],[140.0252,37.61706]],[[140.04289,37.61333],[140.04473,37.61203],[140.04528,37.61063],[140.04371,37.6063],[140.04287,37.60539],[140.04057,37.60529],[140.03878,37.60474],[140.03782,37.60343],[140.03771,37.60074],[140.03641,37.60041],[140.03391,37.60224],[140.03379,37.60066],[140.03621,37.59941],[140.03724,37.59834],[140.03897,37.59807],[140.03859,37.59641],[140.03759,37.5957],[140.03758,37.59432],[140.03644,37.59447],[140.03616,37.59539],[140.0348,37.59492],[140.03464,37.59144],[140.03303,37.59179],[140.03218,37.59134],[140.03173,37.59477],[140.0307,37.59952],[140.03283,37.59917],[140.03281,37.60057],[140.03013,37.60272],[140.02947,37.60446],[140.03003,37.60517],[140.03359,37.60468],[140.03336,37.60671],[140.03437,37.60982],[140.0334,37.61218],[140.03519,37.61298],[140.03709,37.61323],[140.03811,37.61267],[140.04098,37.61271],[140.04289,37.61333]],[[140.03042,37.59861],[140.0314,37.59329],[140.03052,37.59294],[140.02869,37.59574],[140.02589,37.59691],[140.02556,37.59905],[140.02477,37.60064],[140.02433,37.60349],[140.02625,37.60468],[140.02583,37.60199],[140.02701,37.60116],[140.03021,37.5997],[140.03042,37.59861]],[[140.00179,37.59972],[140.00297,37.59835],[140.00157,37.59663],[140.00001,37.59839],[140.00082,37.59976],[140.00179,37.59972]],[[140.0094,37.62447],[140.01052,37.6231],[140.00946,37.6225],[140.00709,37.62215],[140.00499,37.62025],[140.00535,37.61774],[140.0047,37.6174],[140.0042,37.61493],[140.00153,37.61578],[140.00136,37.61778],[139.99946,37.61793],[139.99862,37.62004],[139.99931,37.62103],[140.00103,37.62069],[140.00134,37.62166],[140.00064,37.62348],[140.0043,37.62387],[140.00836,37.62493],[140.0094,37.62447]]]},"properties":{"hoanrinKind":"保安林"}},
{"type":"Feature","geometry":{"type":"Polygon","coordinates":[[[139.74782,37.38347],[139.74846,37.38836],[139.75041,37.3904],[139.75055,37.39113],[139.75303,37.39339],[139.75582,37.39449],[139.7564,37.39572],[139.75817,37.39718],[139.75905,37.39877],[139.75922,37.40127],[139.75617,37.40107],[139.75098,37.39519],[139.75161,37.3943],[139.74887,37.39362],[139.74577,37.3904],[139.74352,37.38719],[139.74174,37.38344],[139.73987,37.38125],[139.73467,37.37754],[139.73424,37.37522],[139.73307,37.37431],[139.72964,37.37274],[139.72708,37.37117],[139.72491,37.37028],[139.72211,37.37045],[139.71987,37.36911],[139.71922,37.36514],[139.71874,37.36442],[139.71564,37.36344],[139.714,37.35966],[139.71489,37.35828],[139.71519,37.35674],[139.71654,37.35505],[139.71403,37.35208],[139.71458,37.3498],[139.71738,37.34574],[139.72095,37.34346],[139.72356,37.343],[139.72549,37.34481],[139.72796,37.3457],[139.73287,37.3461],[139.73481,37.34665],[139.73966,37.34716],[139.746,37.34697],[139.74806,37.34552],[139.75255,37.33944],[139.7455,37.33999],[139.74055,37.33844],[139.73502,37.33927],[139.73419,37.33902],[139.73185,37.33298],[139.73296,37.33056],[139.73538,37.32998],[139.73562,37.32853],[139.73493,37.32452],[139.73597,37.32264],[139.73708,37.3218],[139.73704,37.31996],[139.73608,37.31879],[139.73722,37.3162],[139.73868,37.31543],[139.73959,37.31334],[139.7394,37.31212],[139.74192,37.3096],[139.74192,37.30891],[139.73996,37.30595],[139.74343,37.30437],[139.74329,37.30277],[139.7424,37.30185],[139.74294,37.30041],[139.74558,37.29924],[139.74609,37.29852],[139.74459,37.29735],[139.74309,37.29495],[139.74302,37.29392],[139.74428,37.29213],[139.74655,37.2917],[139.75007,37.29034],[139.7525,37.29031],[139.75355,37.28987],[139.75357,37.28847],[139.75544,37.28773],[139.75632,37.28679],[139.75801,37.28647],[139.76166,37.28431],[139.76239,37.28579],[139.76362,37.28651],[139.76672,37.28579],[139.76848,37.2857],[139.76994,37.28424],[139.77282,37.28383],[139.77398,37.28286],[139.77844,37.28146],[139.78303,37.28367],[139.78614,37.28433],[139.78822,37.28779],[139.78973,37.28859],[139.79179,37.28809],[139.79232,37.28889],[139.79538,37.28639],[139.79637,37.28417],[139.79538,37.28246],[139.79573,37.28186],[139.79927,37.28223],[139.79889,37.28373],[139.80052,37.28484],[139.80122,37.28703],[139.79709,37.29171],[139.796,37.29533],[139.79671,37.29691],[139.79529,37.29757],[139.79521,37.29846],[139.79643,37.30004],[139.79855,37.30114],[139.80052,37.30052],[139.80341,37.30182],[139.80742,37.30305],[139.81031,37.30366],[139.81375,37.30375],[139.81542,37.30407],[139.81646,37.30511],[139.81579,37.30605],[139.81371,37.3067],[139.81193,37.3078],[139.81367,37.31135],[139.81475,37.31159],[139.81556,37.31292],[139.81687,37.31389],[139.81962,37.31296],[139.82098,37.31312],[139.82248,37.31402],[139.82418,37.31687],[139.82639,37.31665],[139.82967,37.31778],[139.83204,37.31814],[139.83111,37.31963],[139.82897,37.32121],[139.82884,37.32503],[139.83053,37.32678],[139.83511,37.32941],[139.83636,37.33207],[139.8343,37.33418],[139.83348,37.33643],[139.83176,37.33776],[139.83185,37.34037],[139.83126,37.3415],[139.83241,37.34407],[139.8361,37.34479],[139.83725,37.34533],[139.83826,37.34704],[139.83963,37.34661],[139.84151,37.34527],[139.84174,37.3444],[139.84393,37.34326],[139.84658,37.34518],[139.84785,37.34519],[139.85141,37.34642],[139.85189,37.34832],[139.8514,37.34991],[139.8527,37.35559],[139.85135,37.35821],[139.84868,37.36075],[139.84664,37.36195],[139.84598,37.35851],[139.84527,37.35695],[139.84151,37.35701],[139.84054,37.36102],[139.84114,37.36282],[139.84147,37.36734],[139.84124,37.37095],[139.8401,37.37342],[139.83729,37.37254],[139.83421,37.37069],[139.83028,37.36881],[139.83055,37.36693],[139.83139,37.36474],[139.82639,37.3645],[139.82609,37.36345],[139.82246,37.36327],[139.82279,37.36786],[139.81951,37.36837],[139.81779,37.36639],[139.81891,37.36583],[139.81818,37.36279],[139.81677,37.36207],[139.81866,37.35943],[139.81909,37.35794],[139.81911,37.35511],[139.82094,37.35279],[139.82103,37.3504],[139.81703,37.35435],[139.81449,37.35386],[139.8139,37.35286],[139.81518,37.34943],[139.81287,37.34663],[139.81342,37.34545],[139.8174,37.3445],[139.8189,37.34284],[139.82159,37.34172],[139.8161,37.3415],[139.81444,37.34204],[139.81273,37.34091],[139.81073,37.33729],[139.8026,37.33966],[139.80291,37.34303],[139.80121,37.34383],[139.79877,37.34181],[139.79635,37.34058],[139.79598,37.33785],[139.79496,37.33558],[139.79469,37.33317],[139.79382,37.33242],[139.79083,37.33225],[139.78917,37.33285],[139.78846,37.337],[139.78645,37.33802],[139.78439,37.33731],[139.78319,37.33498],[139.78486,37.3333],[139.78781,37.32784],[139.78717,37.32673],[139.78763,37.32285],[139.7863,37.31735],[139.7853,37.31641],[139.78048,37.31641],[139.77865,37.31606],[139.77742,37.31452],[139.77584,37.31415],[139.77507,37.31571],[139.77411,37.31624],[139.76905,37.31654],[139.76341,37.31648],[139.75866,37.31737],[139.75665,37.31821],[139.75581,37.32075],[139.75597,37.32209],[139.7596,37.32338],[139.76027,37.32479],[139.76272,37.3262],[139.76475,37.32876],[139.76605,37.33134],[139.76835,37.33493],[139.76914,37.33701],[139.77171,37.34095],[139.77339,37.34648],[139.77235,37.34766],[139.77193,37.34929],[139.77019,37.3504],[139.77104,37.35204],[139.77629,37.35498],[139.77487,37.35647],[139.772,37.35769],[139.76707,37.35774],[139.76455,37.3584],[139.7623,37.35755],[139.76132,37.35615],[139.75998,37.35302],[139.75716,37.35222],[139.75532,37.35024],[139.75241,37.34957],[139.75092,37.34977],[139.74963,37.35098],[139.74849,37.35344],[139.74718,37.35409],[139.74316,37.35183],[139.74191,37.35278],[139.74617,37.35554],[139.74681,37.35725],[139.74651,37.35922],[139.74557,37.35927],[139.74047,37.35698],[139.73727,37.35642],[139.73483,37.35745],[139.73176,37.3582],[139.72977,37.3599],[139.73456,37.36202],[139.73516,37.36345],[139.73693,37.36433],[139.73923,37.36466],[139.74051,37.36611],[139.74101,37.36761],[139.7448,37.36871],[139.74583,37.36994],[139.74795,37.37143],[139.74924,37.37455],[139.74933,37.3756],[139.75092,37.37866],[139.75114,37.38031],[139.74814,37.38063],[139.74782,37.38347]],[[139.74599,37.381],[139.74589,37.38265],[139.74731,37.38336],[139.74775,37.37769],[139.74657,37.3777],[139.74708,37.3795],[139.74599,37.381]],[[139.83597,37.35972],[139.8336,37.35933],[139.83247,37.3632],[139.83367,37.36349],[139.83755,37.35985],[139.83597,37.35972]]]},"properties":{"hoanrinKind":"保安林"}},
{"type":"Feature","geometry":{"type":"Polygon","coordinates":[[[139.77182,37.15792],[139.77286,37.15559],[139.77284,37.15364],[139.77173,37.15369],[139.77157,37.15517],[139.77035,37.15688],[139.76585,37.15891],[139.76555,37.15717],[139.76241,37.15421],[139.76459,37.15253],[139.76801,37.14871],[139.76925,37.14545],[139.77256,37.14352],[139.77457,37.14043],[139.77504,37.13914],[139.77267,37.13817],[139.76954,37.13545],[139.76825,37.13525],[139.7659,37.13579],[139.76638,37.13404],[139.76899,37.13211],[139.77072,37.13164],[139.77257,37.13049],[139.77505,37.12956],[139.77529,37.12795],[139.77403,37.12697],[139.77264,37.12678],[139.7715,37.12505],[139.76984,37.1245],[139.7668,37.12511],[139.76695,37.12248],[139.76757,37.1213],[139.76682,37.11925],[139.76399,37.11874],[139.76237,37.1254],[139.76109,37.12655],[139.76109,37.12918],[139.75786,37.12971],[139.7582,37.12862],[139.75595,37.12742],[139.75457,37.12727],[139.75468,37.12888],[139.75595,37.13055],[139.75307,37.13104],[139.75017,37.12891],[139.74956,37.12811],[139.74791,37.12296],[139.74669,37.12194],[139.74493,37.12172],[139.74262,37.12242],[139.74118,37.12356],[139.73986,37.12326],[139.74086,37.11938],[139.74067,37.11797],[139.73977,37.11677],[139.74253,37.11579],[139.74408,37.11361],[139.74779,37.1109],[139.74794,37.11002],[139.74239,37.10835],[139.73782,37.10666],[139.73275,37.10597],[139.73195,37.10724],[139.73011,37.10894],[139.7287,37.10917],[139.72684,37.10842],[139.72498,37.10714],[139.72258,37.10604],[139.72439,37.10457],[139.72554,37.105],[139.72766,37.10481],[139.72963,37.10392],[139.73148,37.10459],[139.73285,37.10577],[139.73375,37.10277],[139.73366,37.09911],[139.7318,37.09936],[139.73058,37.09722],[139.72869,37.09643],[139.72775,37.09726],[139.72593,37.09986],[139.72496,37.09519],[139.72574,37.09328],[139.72676,37.0924],[139.72667,37.09096],[139.72824,37.08711],[139.72971,37.08473],[139.7306,37.0841],[139.73575,37.08432],[139.73493,37.08101],[139.73545,37.07974],[139.73301,37.08015],[139.73059,37.0821],[139.72912,37.08255],[139.72669,37.08246],[139.72614,37.0832],[139.72683,37.08481],[139.72581,37.08671],[139.72201,37.08744],[139.71718,37.08891],[139.71686,37.0875],[139.71576,37.08554],[139.71445,37.08419],[139.71202,37.083],[139.7103,37.08312],[139.70934,37.0816],[139.70631,37.07882],[139.69913,37.07497],[139.69813,37.0737],[139.6979,37.07067],[139.69533,37.06942],[139.6936,37.06932],[139.69063,37.07075],[139.68787,37.0683],[139.68742,37.0673],[139.68661,37.06326],[139.6852,37.06348],[139.68311,37.0648],[139.68207,37.06596],[139.68028,37.06901],[139.67764,37.06809],[139.67585,37.07192],[139.67326,37.07283],[139.67069,37.07301],[139.66897,37.07233],[139.66829,37.07047],[139.66947,37.06852],[139.66954,37.06569],[139.67223,37.06701],[139.67362,37.06608],[139.66969,37.06527],[139.66722,37.06289],[139.66376,37.06137],[139.65927,37.06015],[139.65781,37.05932],[139.65702,37.06021],[139.6555,37.06049],[139.65643,37.06173],[139.654,37.06367],[139.65569,37.06433],[139.65712,37.06403],[139.6582,37.06464],[139.65927,37.06301],[139.66049,37.06257],[139.6602,37.06523],[139.66121,37.06831],[139.66083,37.07014],[139.65944,37.07196],[139.66227,37.07325],[139.66448,37.07392],[139.66746,37.07411],[139.66843,37.07538],[139.67353,37.07771],[139.67472,37.07773],[139.67789,37.07688],[139.68196,37.07681],[139.681,37.08107],[139.67828,37.08106],[139.67741,37.0815],[139.67591,37.08341],[139.67377,37.08458],[139.67007,37.08446],[139.67072,37.08205],[139.67252,37.07935],[139.66777,37.08003],[139.66723,37.08239],[139.66578,37.08527],[139.6655,37.08727],[139.66335,37.08905],[139.66041,37.091],[139.65803,37.09428],[139.65287,37.09724],[139.65069,37.0979],[139.65339,37.08862],[139.65292,37.08802],[139.65418,37.08593],[139.65311,37.0853],[139.65283,37.08377],[139.65346,37.07985],[139.65544,37.07885],[139.65588,37.07644],[139.65555,37.0748],[139.65694,37.07257],[139.65678,37.07125],[139.65138,37.06925],[139.64942,37.0679],[139.64913,37.06674],[139.64711,37.0658],[139.64611,37.06449],[139.64667,37.06236],[139.64749,37.06102],[139.64664,37.05888],[139.64774,37.05832],[139.64729,37.05701],[139.64741,37.05468],[139.64594,37.05557],[139.64332,37.05306],[139.64152,37.05066],[139.64061,37.05038],[139.63992,37.04877],[139.64053,37.04761],[139.64089,37.04464],[139.63991,37.04296],[139.64193,37.03697],[139.64393,37.03656],[139.64624,37.03671],[139.64801,37.03735],[139.65184,37.03778],[139.65507,37.04107],[139.65558,37.04208],[139.65772,37.04159],[139.65995,37.04154],[139.66132,37.04089],[139.66325,37.04077],[139.66419,37.04016],[139.6655,37.04176],[139.66757,37.0424],[139.66873,37.04426],[139.66811,37.04667],[139.67029,37.0477],[139.67086,37.04857],[139.67054,37.0513],[139.67122,37.05238],[139.67132,37.05522],[139.6726,37.05765],[139.67426,37.05765],[139.67623,37.05698],[139.6776,37.0574],[139.67928,37.05876],[139.68201,37.05887],[139.68406,37.05961],[139.68457,37.06075],[139.68669,37.06145],[139.68836,37.0611],[139.69033,37.06238],[139.69253,37.06259],[139.69505,37.06149],[139.69844,37.06109],[139.69969,37.06013],[139.70136,37.0606],[139.70399,37.06268],[139.70559,37.06434],[139.70808,37.06448],[139.70979,37.0662],[139.70972,37.06782],[139.71112,37.06865],[139.71399,37.0687],[139.71749,37.06839],[139.71867,37.07103],[139.7215,37.06987],[139.72376,37.07012],[139.72671,37.06919],[139.72849,37.0702],[139.73134,37.06911],[139.73271,37.06896],[139.73409,37.07015],[139.73637,37.07104],[139.7371,37.07278],[139.73979,37.07275],[139.74146,37.07185],[139.74347,37.07246],[139.74614,37.0709],[139.74894,37.07122],[139.75214,37.07046],[139.75311,37.07157],[139.75321,37.07352],[139.75523,37.07462],[139.75821,37.0748],[139.76327,37.07616],[139.76331,37.07782],[139.76527,37.08031],[139.76705,37.08109],[139.76855,37.08281],[139.77071,37.08371],[139.77096,37.08543],[139.77231,37.08637],[139.77361,37.08848],[139.77378,37.09001],[139.7749,37.0919],[139.77583,37.09133],[139.7778,37.08897],[139.77992,37.08999],[139.7834,37.08962],[139.78634,37.09086],[139.78766,37.09094],[139.79099,37.08982],[139.79372,37.08943],[139.796,37.08815],[139.79907,37.08768],[139.8006,37.0869],[139.8041,37.08667],[139.80806,37.08533],[139.80998,37.08511],[139.81096,37.08594],[139.81604,37.08585],[139.82186,37.08538],[139.82053,37.0864],[139.81972,37.08797],[139.82008,37.09229],[139.81968,37.09417],[139.81826,37.09659],[139.81872,37.10004],[139.82012,37.10298],[139.82026,37.10606],[139.82105,37.10708],[139.82112,37.10874],[139.81863,37.11027],[139.81614,37.11116],[139.81642,37.11385],[139.81518,37.11615],[139.81529,37.11705],[139.81705,37.11851],[139.81874,37.11904],[139.81902,37.12178],[139.81832,37.12271],[139.81261,37.12589],[139.81064,37.12736],[139.80631,37.13128],[139.80587,37.13278],[139.80671,37.13634],[139.80704,37.13978],[139.80772,37.14026],[139.81262,37.14079],[139.81444,37.14206],[139.81402,37.14259],[139.81168,37.14207],[139.80944,37.1431],[139.80619,37.14302],[139.80416,37.14355],[139.80238,37.14345],[139.79847,37.1423],[139.79824,37.1389],[139.79748,37.13856],[139.79829,37.13677],[139.79774,37.13359],[139.79647,37.13338],[139.79606,37.13188],[139.79648,37.13061],[139.79519,37.12902],[139.7948,37.12637],[139.79405,37.12515],[139.79487,37.12421],[139.79365,37.11977],[139.79384,37.11793],[139.79215,37.11603],[139.79179,37.11352],[139.79217,37.11156],[139.79491,37.1063],[139.79306,37.10644],[139.79078,37.10747],[139.79022,37.10957],[139.79092,37.11032],[139.79018,37.11382],[139.79077,37.11744],[139.79257,37.11788],[139.7933,37.11886],[139.79313,37.12173],[139.79362,37.12367],[139.79308,37.12587],[139.79408,37.12775],[139.79536,37.13211],[139.79538,37.13375],[139.79645,37.1355],[139.79678,37.13715],[139.79604,37.14129],[139.79436,37.14453],[139.79313,37.14612],[139.79174,37.14553],[139.78753,37.14513],[139.78339,37.14609],[139.78095,37.14789],[139.77951,37.15179],[139.77934,37.15311],[139.78043,37.15675],[139.77887,37.15783],[139.77624,37.15648],[139.77411,37.15613],[139.77182,37.15792]],[[139.80183,37.10435],[139.80113,37.1051],[139.80082,37.10791],[139.80182,37.10848],[139.80377,37.10609],[139.8041,37.10437],[139.80183,37.10435]],[[139.73745,37.10188],[139.74006,37.10293],[139.74468,37.10238],[139.74607,37.10188],[139.74968,37.1018],[139.75452,37.10136],[139.75703,37.10067],[139.75945,37.10125],[139.76311,37.10115],[139.76387,37.0985],[139.76506,37.09725],[139.76774,37.09666],[139.76497,37.09545],[139.76195,37.09506],[139.76048,37.0963],[139.75546,37.09703],[139.75165,37.09613],[139.74874,37.09741],[139.74444,37.09851],[139.74006,37.10008],[139.73736,37.09985],[139.73454,37.09911],[139.7355,37.10135],[139.73745,37.10188]],[[139.79918,37.11161],[139.80132,37.11073],[139.80219,37.10968],[139.80093,37.10881],[139.79745,37.11059],[139.79918,37.11161]]]},"properties":{"hoanrinKind":"保安林"}},
{"type":"Feature","geometry":{"type":"Polygon","coordinates":[[[140.90144,37.26642],[140.90423,37.26781],[140.90494,37.26936],[140.90346,37.2694],[140.90271,37.26776],[140.90003,37.26656],[140.89858,37.26732],[140.89752,37.26679],[140.89591,37.26511],[140.89968,37.26524],[140.90144,37.26642]]]},"properties":{"hoanrinKind":"保安林"}},
{"type":"Feature","geometry":{"type":"Polygon","coordinates":[[[140.91752,37.27175],[140.91694,37.27166],[140.91689,37.27157],[140.91752,37.27175]]]},"properties":{"hoanrinKind":"保安林"}},
{"type":"Feature","geometry":{"type":"Polygon","coordinates":[[[140.90727,37.27309],[140.90589,37.27328],[140.90583,37.27215],[140.90675,37.27188],[140.90727,37.27309]]]},"properties":{"hoanrinKind":"保安林"}},
{"type":"Feature","geometry":{"type":"Polygon","coordinates":[[[140.96354,37.29048],[140.9631,37.29083],[140.95755,37.29147],[140.95224,37.29151],[140.94584,37.29041],[140.94401,37.2909],[140.93959,37.29105],[140.93852,37.28958],[140.93727,37.29036],[140.9345,37.29045],[140.9328,37.28943],[140.93157,37.29021],[140.93024,37.28981],[140.92992,37.28832],[140.93036,37.28645],[140.9302,37.28375],[140.93218,37.28199],[140.93305,37.2803],[140.93312,37.27854],[140.9316,37.27783],[140.93056,37.27592],[140.92931,37.27618],[140.9257,37.27527],[140.92489,37.27384],[140.92212,37.27424],[140.91984,37.27404],[140.91872,37.27449],[140.91763,37.2759],[140.91643,37.27559],[140.91459,37.27384],[140.91528,37.27256],[140.91761,37.27253],[140.91779,37.2718],[140.92002,37.27192],[140.9229,37.27158],[140.92545,37.27279],[140.9272,37.27216],[140.92746,37.26989],[140.92824,37.26822],[140.93277,37.26645],[140.93435,37.26481],[140.93649,37.26527],[140.93739,37.26646],[140.94222,37.26782],[140.94238,37.26932],[140.9432,37.2699],[140.94218,37.27142],[140.94441,37.27287],[140.94501,37.27412],[140.94814,37.27784],[140.95192,37.28016],[140.95286,37.28014],[140.95581,37.27783],[140.95763,37.27753],[140.96224,37.27969],[140.96374,37.2809],[140.96547,37.28124],[140.96754,37.28231],[140.96962,37.28158],[140.97053,37.27984],[140.97262,37.27985],[140.97303,37.28058],[140.97042,37.283],[140.96733,37.28437],[140.96657,37.28357],[140.96534,37.2847],[140.9656,37.28656],[140.96528,37.28815],[140.96354,37.29048]]]},"properties":{"hoanrinKind":"保安林"}},
{"type":"Feature","geometry":{"type":"Polygon","coordinates":[[[140.88353,37.35125],[140.88366,37.35222],[140.88248,37.35284],[140.88052,37.35187],[140.88046,37.35086],[140.87873,37.35107],[140.87802,37.34987],[140.8755,37.34835],[140.87231,37.34799],[140.87141,37.34972],[140.87002,37.35002],[140.86583,37.34986],[140.86493,37.35129],[140.86364,37.35174],[140.8612,37.35114],[140.86083,37.35036],[140.85878,37.34996],[140.85773,37.34888],[140.85719,37.3471],[140.8541,37.34686],[140.85312,37.34752],[140.85166,37.34616],[140.8512,37.34296],[140.85191,37.34188],[140.85464,37.34229],[140.85666,37.34164],[140.85389,37.34077],[140.85345,37.33915],[140.86062,37.34047],[140.86601,37.33865],[140.86551,37.33643],[140.8664,37.33306],[140.86615,37.33054],[140.86641,37.32894],[140.86768,37.32768],[140.86551,37.32551],[140.86396,37.32529],[140.86314,37.32405],[140.8675,37.32458],[140.86851,37.32375],[140.86866,37.31765],[140.86902,37.31594],[140.87023,37.31314],[140.87161,37.31091],[140.87264,37.31122],[140.87439,37.31347],[140.87544,37.31285],[140.87271,37.30928],[140.8729,37.30762],[140.87379,37.30742],[140.87772,37.31183],[140.87803,37.3111],[140.87515,37.30722],[140.87548,37.3052],[140.87479,37.30365],[140.87224,37.30156],[140.8742,37.29969],[140.8762,37.29979],[140.87879,37.299],[140.87706,37.2952],[140.87856,37.29413],[140.87885,37.29211],[140.87613,37.28761],[140.87624,37.2865],[140.87518,37.28552],[140.86995,37.2862],[140.86955,37.28438],[140.86767,37.28326],[140.86487,37.28051],[140.8644,37.27821],[140.86558,37.27683],[140.86458,37.27614],[140.86353,37.27425],[140.86179,37.27497],[140.86024,37.27506],[140.85843,37.27632],[140.85699,37.27652],[140.85457,37.27597],[140.85346,37.27815],[140.8518,37.27819],[140.85424,37.27346],[140.85766,37.27302],[140.85846,37.27204],[140.85495,37.27176],[140.85352,37.27214],[140.8502,37.2742],[140.84965,37.27251],[140.84783,37.27023],[140.85197,37.26915],[140.85305,37.26943],[140.85515,37.26728],[140.85725,37.26769],[140.85735,37.26563],[140.8552,37.26287],[140.85493,37.2617],[140.85317,37.25985],[140.85352,37.25829],[140.8502,37.25881],[140.84882,37.25846],[140.84628,37.25857],[140.84344,37.25985],[140.84043,37.25997],[140.83965,37.26115],[140.83801,37.262],[140.83586,37.26114],[140.83304,37.26111],[140.83114,37.25895],[140.82916,37.25751],[140.82616,37.25971],[140.82603,37.26116],[140.82785,37.26261],[140.8307,37.26627],[140.83272,37.26716],[140.83486,37.26901],[140.83209,37.26901],[140.83031,37.26939],[140.82827,37.26926],[140.82543,37.26863],[140.82019,37.26898],[140.81753,37.26855],[140.81403,37.2674],[140.81248,37.26606],[140.81248,37.2647],[140.81154,37.26329],[140.81124,37.26176],[140.80919,37.25796],[140.80853,37.25396],[140.80704,37.25426],[140.80529,37.25188],[140.80181,37.25101],[140.80141,37.24775],[140.80168,37.24721],[140.80448,37.24563],[140.80683,37.24514],[140.80726,37.24434],[140.80881,37.24399],[140.81026,37.24274],[140.8104,37.24135],[140.8113,37.24035],[140.8094,37.23782],[140.80921,37.23566],[140.81077,37.23379],[140.81094,37.23173],[140.81008,37.22977],[140.80841,37.22891],[140.80839,37.22681],[140.80187,37.22662],[140.79885,37.22725],[140.79585,37.22924],[140.79099,37.22955],[140.78959,37.22817],[140.78486,37.2271],[140.78326,37.22883],[140.78096,37.2283],[140.78033,37.22716],[140.77465,37.22376],[140.77254,37.22366],[140.76777,37.22193],[140.76647,37.22063],[140.76382,37.21955],[140.76244,37.21968],[140.75942,37.22068],[140.75753,37.2205],[140.75761,37.21736],[140.75651,37.21431],[140.75462,37.21351],[140.75644,37.21025],[140.75751,37.20955],[140.75933,37.20942],[140.76123,37.21015],[140.76241,37.21197],[140.76652,37.21206],[140.7683,37.2103],[140.76774,37.20991],[140.76775,37.20724],[140.76536,37.20456],[140.7657,37.20311],[140.76837,37.20433],[140.76919,37.20627],[140.77072,37.20794],[140.77064,37.20923],[140.77255,37.21199],[140.77114,37.21278],[140.77029,37.21399],[140.77121,37.21684],[140.77565,37.21942],[140.77666,37.21885],[140.78006,37.22059],[140.7813,37.22172],[140.78083,37.22296],[140.78212,37.22439],[140.78092,37.22631],[140.78305,37.22728],[140.78342,37.22451],[140.78419,37.22486],[140.78756,37.2244],[140.78783,37.2227],[140.78862,37.22206],[140.7908,37.22413],[140.79059,37.22558],[140.79251,37.22554],[140.79537,37.22775],[140.79757,37.22653],[140.79461,37.22447],[140.79452,37.22328],[140.79645,37.22304],[140.79614,37.22171],[140.79486,37.22075],[140.79581,37.21774],[140.79303,37.21789],[140.79262,37.21601],[140.79036,37.21703],[140.78742,37.21425],[140.78568,37.21382],[140.78199,37.21385],[140.7776,37.21086],[140.77614,37.20905],[140.77486,37.20666],[140.77554,37.20615],[140.77638,37.20163],[140.77753,37.19974],[140.7816,37.19897],[140.78497,37.19797],[140.78806,37.19593],[140.79302,37.19669],[140.79381,37.19638],[140.79518,37.19407],[140.79785,37.19116],[140.79878,37.19198],[140.80203,37.19177],[140.80511,37.19259],[140.80741,37.19226],[140.80992,37.19095],[140.81114,37.19258],[140.81259,37.19115],[140.8133,37.19177],[140.8158,37.19034],[140.81772,37.19004],[140.82106,37.18889],[140.81933,37.1868],[140.81921,37.18597],[140.82108,37.18479],[140.82192,37.18523],[140.82202,37.18685],[140.8234,37.18712],[140.82381,37.1856],[140.8234,37.18395],[140.82826,37.18576],[140.82874,37.18648],[140.82831,37.18871],[140.82997,37.18916],[140.83111,37.19168],[140.83257,37.19091],[140.83429,37.19082],[140.83578,37.19219],[140.83763,37.19283],[140.83922,37.19458],[140.83801,37.19596],[140.83963,37.19671],[140.8416,37.1952],[140.84248,37.19753],[140.84319,37.1972],[140.84267,37.19499],[140.84309,37.19409],[140.84529,37.19476],[140.84664,37.19209],[140.84795,37.19286],[140.85008,37.19056],[140.8514,37.19171],[140.85175,37.19351],[140.85125,37.19528],[140.85135,37.19706],[140.85251,37.19882],[140.85518,37.20147],[140.85605,37.20423],[140.85717,37.2055],[140.86069,37.20833],[140.86324,37.21135],[140.86346,37.21284],[140.86281,37.21475],[140.86468,37.21638],[140.86499,37.21769],[140.86388,37.21823],[140.86403,37.22023],[140.86687,37.22121],[140.86902,37.22247],[140.87179,37.22462],[140.87148,37.22682],[140.86742,37.22811],[140.8685,37.23217],[140.86981,37.23274],[140.87223,37.23274],[140.87348,37.23347],[140.87722,37.23307],[140.87939,37.23329],[140.88073,37.23409],[140.88155,37.23657],[140.8839,37.23838],[140.88375,37.23972],[140.88211,37.23958],[140.88294,37.24219],[140.88325,37.24644],[140.88464,37.24831],[140.88436,37.25029],[140.88259,37.25097],[140.88296,37.25218],[140.88218,37.25544],[140.882,37.25801],[140.88271,37.25927],[140.88696,37.25991],[140.89032,37.262],[140.89181,37.2649],[140.89466,37.26673],[140.89373,37.26774],[140.89122,37.26792],[140.8914,37.26893],[140.89406,37.26877],[140.89587,37.26803],[140.89782,37.26822],[140.89835,37.26905],[140.90169,37.26997],[140.90352,37.27236],[140.90179,37.27296],[140.90056,37.27127],[140.89932,37.271],[140.89768,37.27147],[140.89655,37.27097],[140.89455,37.27126],[140.8893,37.26906],[140.88798,37.26889],[140.88679,37.26798],[140.88569,37.26807],[140.88334,37.27049],[140.88394,37.27274],[140.88095,37.27727],[140.88288,37.27701],[140.88373,37.27754],[140.88422,37.27989],[140.88552,37.28165],[140.8852,37.28264],[140.88582,37.28441],[140.88573,37.28757],[140.88428,37.29076],[140.88528,37.29189],[140.88732,37.29264],[140.89024,37.2949],[140.89453,37.29672],[140.89737,37.2973],[140.89837,37.29808],[140.90609,37.30024],[140.90527,37.30367],[140.90536,37.30474],[140.90406,37.30559],[140.90255,37.30486],[140.89944,37.30484],[140.9024,37.30713],[140.90033,37.30809],[140.90179,37.31058],[140.90212,37.3128],[140.90117,37.31445],[140.90117,37.31585],[140.90248,37.31737],[140.90265,37.3184],[140.90155,37.32182],[140.90192,37.32395],[140.90271,37.3245],[140.90313,37.32606],[140.89821,37.32711],[140.89641,37.3289],[140.89547,37.33039],[140.8958,37.3327],[140.89729,37.3337],[140.89671,37.33637],[140.89675,37.33776],[140.89298,37.33653],[140.8891,37.3348],[140.88781,37.33364],[140.88761,37.33076],[140.88885,37.32985],[140.88965,37.32657],[140.89089,37.32472],[140.8863,37.32509],[140.88468,37.32554],[140.87955,37.32461],[140.87738,37.32651],[140.87465,37.32609],[140.87378,37.32858],[140.87278,37.32981],[140.87281,37.33166],[140.87223,37.33408],[140.87292,37.3364],[140.8728,37.33849],[140.87128,37.34034],[140.86948,37.34171],[140.86663,37.33938],[140.86465,37.34128],[140.86509,37.34283],[140.86605,37.3434],[140.86814,37.34267],[140.86972,37.34289],[140.87051,37.34365],[140.87303,37.34402],[140.87618,37.34591],[140.88012,37.34547],[140.8809,37.34412],[140.87986,37.34297],[140.88206,37.34093],[140.8837,37.34092],[140.8843,37.34006],[140.88619,37.3402],[140.88777,37.34285],[140.88799,37.34563],[140.88596,37.3461],[140.88385,37.3494],[140.88353,37.35125]],[[140.89576,37.30173],[140.89574,37.30276],[140.8978,37.30369],[140.89846,37.30296],[140.89677,37.30182],[140.89576,37.30173]],[[140.88335,37.28452],[140.88542,37.28439],[140.88433,37.28291],[140.88173,37.28379],[140.88335,37.28452]],[[140.85839,37.24746],[140.85988,37.24828],[140.86085,37.24674],[140.86055,37.24492],[140.85921,37.24577],[140.85839,37.24746]],[[140.85523,37.24572],[140.85591,37.24484],[140.85532,37.2435],[140.85333,37.24061],[140.85472,37.23965],[140.85521,37.23741],[140.85721,37.23522],[140.8585,37.23464],[140.85764,37.23223],[140.85402,37.23185],[140.85297,37.23241],[140.84868,37.23349],[140.84628,37.23472],[140.84715,37.23609],[140.84643,37.23883],[140.84528,37.23823],[140.84528,37.24082],[140.84582,37.24212],[140.84304,37.24209],[140.84306,37.24315],[140.84481,37.2442],[140.84759,37.24421],[140.85062,37.2448],[140.8521,37.24541],[140.8525,37.24627],[140.85522,37.24639],[140.85523,37.24572]],[[140.84688,37.23142],[140.84656,37.22964],[140.84371,37.22706],[140.84372,37.22855],[140.84485,37.23033],[140.84487,37.23264],[140.84435,37.23391],[140.84544,37.23444],[140.84654,37.23371],[140.84688,37.23142]],[[140.85071,37.21937],[140.85203,37.21947],[140.85193,37.21728],[140.851,37.21581],[140.84834,37.21459],[140.84747,37.2136],[140.84411,37.21346],[140.84306,37.21518],[140.84509,37.2157],[140.84786,37.2153],[140.84904,37.21568],[140.84874,37.21682],[140.85146,37.2184],[140.85071,37.21937]],[[140.84155,37.21563],[140.83803,37.216],[140.83879,37.21879],[140.84011,37.21928],[140.84211,37.21809],[140.84091,37.21741],[140.84155,37.21563]]]},"properties":{"hoanrinKind":"保安林"}},
{"type":"Feature","geometry":{"type":"Polygon","coordinates":[[[139.94188,37.261],[139.9407,37.2612],[139.93879,37.26428],[139.93763,37.26512],[139.93596,37.26741],[139.93489,37.26965],[139.93497,37.27133],[139.93437,37.2725],[139.9348,37.27401],[139.93317,37.27506],[139.93214,37.27668],[139.93185,37.27934],[139.92926,37.27971],[139.92771,37.27914],[139.92795,37.27707],[139.92926,37.2745],[139.93123,37.27273],[139.93216,37.26967],[139.93408,37.26577],[139.93503,37.26301],[139.93418,37.2621],[139.93122,37.2605],[139.93218,37.25878],[139.93378,37.25814],[139.93434,37.25684],[139.9343,37.25509],[139.93368,37.25412],[139.93197,37.25331],[139.93022,37.2537],[139.92899,37.25132],[139.9277,37.25082],[139.92475,37.2513],[139.92579,37.24917],[139.92699,37.24787],[139.93046,37.2462],[139.93168,37.24527],[139.93413,37.24196],[139.93526,37.2375],[139.9365,37.23552],[139.93494,37.23451],[139.93103,37.23606],[139.92643,37.23605],[139.91943,37.23624],[139.91523,37.23544],[139.9134,37.23451],[139.9114,37.23422],[139.91141,37.23136],[139.91312,37.2308],[139.91356,37.22957],[139.91227,37.22793],[139.91114,37.22782],[139.90989,37.22872],[139.90866,37.22811],[139.90575,37.22793],[139.90575,37.22692],[139.90738,37.22609],[139.91025,37.22572],[139.91046,37.22481],[139.90945,37.22348],[139.90824,37.22307],[139.90812,37.22168],[139.91173,37.22137],[139.91598,37.22177],[139.91699,37.22229],[139.91911,37.22137],[139.92447,37.22158],[139.92939,37.22311],[139.93037,37.21944],[139.93128,37.21778],[139.93096,37.21659],[139.93459,37.21626],[139.93667,37.21669],[139.93899,37.21554],[139.94099,37.21393],[139.9411,37.21121],[139.94041,37.20964],[139.93847,37.20794],[139.93569,37.20666],[139.93328,37.2051],[139.93146,37.20329],[139.93567,37.20172],[139.94011,37.20062],[139.94322,37.19897],[139.94449,37.19695],[139.94717,37.19434],[139.94752,37.19123],[139.94548,37.19108],[139.94379,37.19033],[139.93956,37.18994],[139.93857,37.1894],[139.93763,37.18569],[139.93561,37.18358],[139.93487,37.18196],[139.93415,37.17901],[139.93307,37.17895],[139.9313,37.17768],[139.92268,37.17742],[139.92125,37.17855],[139.92118,37.18106],[139.92076,37.18236],[139.91765,37.1836],[139.91646,37.18507],[139.91461,37.18574],[139.91015,37.18827],[139.90706,37.18958],[139.90152,37.19301],[139.89595,37.19524],[139.89347,37.19552],[139.88706,37.19678],[139.87963,37.19806],[139.87563,37.19992],[139.87614,37.19861],[139.8775,37.19775],[139.87965,37.1971],[139.88451,37.19673],[139.88946,37.19568],[139.89262,37.19537],[139.89638,37.19452],[139.9005,37.19293],[139.90375,37.19054],[139.90669,37.1887],[139.90732,37.18654],[139.90677,37.18462],[139.90571,37.18346],[139.90127,37.18048],[139.89645,37.17855],[139.89388,37.17788],[139.89146,37.17843],[139.88988,37.18044],[139.88776,37.18099],[139.88579,37.18009],[139.88373,37.17859],[139.88241,37.17851],[139.88033,37.17994],[139.87682,37.1834],[139.87546,37.18404],[139.8713,37.18445],[139.86914,37.18436],[139.86726,37.18273],[139.8629,37.17819],[139.86164,37.17553],[139.86038,37.17435],[139.8582,37.17358],[139.85883,37.17725],[139.85977,37.17987],[139.86128,37.18251],[139.86445,37.18489],[139.86497,37.18714],[139.86641,37.18862],[139.86535,37.18996],[139.86017,37.19445],[139.85827,37.19463],[139.8594,37.19103],[139.85877,37.18925],[139.85725,37.18923],[139.85221,37.19049],[139.85224,37.19379],[139.85323,37.19617],[139.8529,37.20063],[139.8497,37.20213],[139.84555,37.20312],[139.84596,37.20209],[139.8475,37.20204],[139.85079,37.2007],[139.85198,37.19868],[139.85161,37.19708],[139.849,37.19529],[139.84991,37.19761],[139.84903,37.19925],[139.84579,37.19754],[139.8384,37.19483],[139.83513,37.19305],[139.83307,37.19156],[139.82931,37.19018],[139.82789,37.18893],[139.82328,37.18892],[139.81994,37.19011],[139.81771,37.19144],[139.81524,37.18908],[139.81266,37.18737],[139.81062,37.1867],[139.80794,37.18655],[139.80669,37.18492],[139.80666,37.18319],[139.80746,37.18065],[139.80735,37.17948],[139.80922,37.17886],[139.81125,37.17899],[139.81753,37.17882],[139.81978,37.17898],[139.82269,37.17983],[139.82507,37.17984],[139.82374,37.17746],[139.82352,37.17509],[139.8203,37.17563],[139.81761,37.17571],[139.81538,37.1752],[139.81131,37.17366],[139.81145,37.17234],[139.81017,37.17145],[139.81394,37.17024],[139.81711,37.1676],[139.81751,37.16614],[139.819,37.1644],[139.81927,37.16331],[139.821,37.1629],[139.82201,37.16326],[139.8235,37.16273],[139.82449,37.15887],[139.82314,37.15882],[139.82036,37.16229],[139.81858,37.16259],[139.81746,37.1597],[139.81784,37.15657],[139.81891,37.15327],[139.81892,37.15117],[139.81949,37.14995],[139.82152,37.14762],[139.82222,37.14634],[139.82248,37.14409],[139.82586,37.13908],[139.82734,37.13772],[139.83069,37.13543],[139.83218,37.13376],[139.83699,37.1334],[139.83915,37.13353],[139.83976,37.13543],[139.84181,37.1367],[139.84764,37.13947],[139.85088,37.13763],[139.85202,37.13738],[139.85636,37.13783],[139.86068,37.14066],[139.86202,37.14252],[139.86568,37.14613],[139.86628,37.14723],[139.86908,37.14759],[139.87273,37.14636],[139.8772,37.14615],[139.87991,37.14748],[139.88187,37.14797],[139.88566,37.15006],[139.88827,37.15032],[139.88962,37.15146],[139.89182,37.15207],[139.89366,37.15309],[139.89672,37.15359],[139.90066,37.15371],[139.90218,37.15415],[139.90358,37.15552],[139.90579,37.15616],[139.91341,37.15736],[139.91524,37.15872],[139.91699,37.16063],[139.91744,37.16418],[139.92036,37.1655],[139.92362,37.16865],[139.92473,37.17036],[139.92482,37.17221],[139.92669,37.17149],[139.92832,37.16771],[139.93041,37.16491],[139.932,37.1588],[139.93273,37.15677],[139.93429,37.15379],[139.93652,37.15378],[139.94154,37.15321],[139.9438,37.15259],[139.94455,37.15371],[139.94609,37.15422],[139.94985,37.15421],[139.95369,37.15519],[139.96137,37.15318],[139.96202,37.15165],[139.96176,37.14997],[139.96311,37.14849],[139.96482,37.14866],[139.96731,37.1478],[139.96979,37.14875],[139.9716,37.14747],[139.97412,37.14696],[139.97924,37.14688],[139.98552,37.14425],[139.98829,37.14615],[139.99039,37.1468],[139.99693,37.14634],[139.99846,37.14688],[139.99753,37.14879],[139.99739,37.15019],[139.99655,37.15193],[139.9939,37.15404],[139.99362,37.1555],[139.99473,37.15745],[139.99654,37.15807],[140.00127,37.16078],[140.00331,37.16243],[140.00811,37.16417],[140.00948,37.16493],[140.01111,37.1651],[140.01493,37.1648],[140.02093,37.16217],[140.02193,37.16155],[140.02634,37.1613],[140.03054,37.15864],[140.03127,37.15706],[140.03264,37.15712],[140.03138,37.16224],[140.02951,37.16879],[140.02363,37.16811],[140.02235,37.16864],[140.019,37.16825],[140.01968,37.17045],[140.02123,37.17042],[140.02278,37.1717],[140.02372,37.17339],[140.02476,37.17385],[140.02828,37.17409],[140.02792,37.1758],[140.02466,37.17624],[140.02498,37.17689],[140.02763,37.17669],[140.02888,37.17718],[140.03149,37.17723],[140.036,37.17828],[140.03888,37.1786],[140.03948,37.18016],[140.04312,37.18049],[140.04344,37.18155],[140.03964,37.18189],[140.03676,37.18368],[140.034,37.18505],[140.03179,37.18663],[140.02929,37.18779],[140.02743,37.18821],[140.02846,37.18635],[140.03007,37.18557],[140.02955,37.18481],[140.02592,37.18514],[140.02337,37.18507],[140.02388,37.18731],[140.02242,37.19264],[140.02031,37.19589],[140.01835,37.19749],[140.01717,37.19677],[140.01483,37.19666],[140.01148,37.19829],[140.00845,37.19808],[140.00481,37.19727],[140.00262,37.19793],[140.00118,37.19907],[139.99908,37.1994],[139.99707,37.19813],[139.99674,37.1967],[139.9938,37.19638],[139.99157,37.19776],[139.98898,37.19781],[139.98615,37.2007],[139.9829,37.20177],[139.97942,37.2025],[139.97709,37.20456],[139.97402,37.20369],[139.97301,37.20371],[139.96741,37.20677],[139.96547,37.20707],[139.96478,37.20818],[139.96203,37.21013],[139.96105,37.21292],[139.95933,37.21349],[139.95777,37.21675],[139.95591,37.21734],[139.95426,37.21732],[139.95038,37.21818],[139.94904,37.22032],[139.94796,37.22111],[139.94847,37.22246],[139.9481,37.22795],[139.95081,37.23026],[139.95088,37.23305],[139.9521,37.23438],[139.95191,37.23536],[139.95393,37.23656],[139.95701,37.23661],[139.95864,37.23823],[139.95826,37.23988],[139.96017,37.24193],[139.96293,37.2419],[139.9641,37.24243],[139.96469,37.24479],[139.96629,37.24662],[139.96365,37.25037],[139.96033,37.25101],[139.95859,37.25018],[139.95786,37.24864],[139.95613,37.24875],[139.95309,37.24994],[139.95194,37.25086],[139.94954,37.25397],[139.94883,37.25549],[139.94961,37.25609],[139.952,37.2567],[139.95282,37.25739],[139.95594,37.25849],[139.95679,37.25983],[139.95565,37.26161],[139.95325,37.26324],[139.95092,37.26368],[139.94824,37.26586],[139.94387,37.26593],[139.94358,37.26488],[139.94634,37.26421],[139.94604,37.26284],[139.94671,37.26176],[139.94485,37.26114],[139.94188,37.261]],[[140.02157,37.17775],[140.02358,37.18159],[140.02547,37.18304],[140.02706,37.18156],[140.0256,37.1794],[140.0237,37.17833],[140.02157,37.17775]],[[139.82004,37.17418],[139.82354,37.17314],[139.8239,37.17133],[139.8254,37.17083],[139.82836,37.17094],[139.82968,37.17063],[139.82694,37.16802],[139.82469,37.16551],[139.82229,37.16695],[139.82057,37.16874],[139.81671,37.17175],[139.81512,37.17262],[139.82004,37.17418]]]},"properties":{"hoanrinKind":"保安林"}},
{"type":"Feature","geometry":{"type":"Polygon","coordinates":[[[139.49168,37.4287],[139.4917,37.43063],[139.48973,37.43266],[139.4904,37.43396],[139.49242,37.43538],[139.49266,37.43713],[139.49385,37.43886],[139.49282,37.43926],[139.49094,37.4373],[139.48653,37.43379],[139.48665,37.43169],[139.49002,37.42906],[139.49053,37.42585],[139.49238,37.42419],[139.49115,37.42072],[139.48914,37.42067],[139.48488,37.42231],[139.48411,37.42233],[139.4844,37.41877],[139.48324,37.41666],[139.48077,37.41363],[139.47798,37.41239],[139.47496,37.41057],[139.47402,37.40855],[139.4762,37.40665],[139.47649,37.40531],[139.47437,37.4032],[139.47462,37.40205],[139.47734,37.40169],[139.47788,37.40075],[139.47785,37.39673],[139.47971,37.39547],[139.48139,37.39374],[139.4828,37.39308],[139.48269,37.39159],[139.48073,37.39209],[139.47963,37.3914],[139.47639,37.39175],[139.4744,37.39024],[139.46964,37.39148],[139.46754,37.38762],[139.46465,37.38803],[139.46422,37.38913],[139.4661,37.38952],[139.46616,37.39142],[139.46557,37.3948],[139.46473,37.39637],[139.46337,37.39469],[139.46062,37.38954],[139.45861,37.38953],[139.45621,37.39184],[139.45437,37.3932],[139.4526,37.39369],[139.45027,37.39218],[139.45014,37.39127],[139.45124,37.38931],[139.45063,37.38701],[139.44923,37.38453],[139.44622,37.38263],[139.44678,37.38039],[139.44655,37.37753],[139.44592,37.37571],[139.44781,37.37489],[139.44984,37.37913],[139.45238,37.37726],[139.45263,37.37589],[139.4522,37.37328],[139.45156,37.3718],[139.44454,37.36983],[139.44259,37.36864],[139.44591,37.36616],[139.44881,37.36523],[139.45232,37.36454],[139.45691,37.36444],[139.46249,37.36332],[139.46371,37.36218],[139.46627,37.36245],[139.46865,37.36575],[139.46977,37.36636],[139.4738,37.36611],[139.47305,37.36344],[139.47266,37.36025],[139.4706,37.361],[139.46715,37.36094],[139.46687,37.36014],[139.46976,37.35888],[139.46741,37.35741],[139.46694,37.35622],[139.46193,37.35803],[139.46129,37.35698],[139.45842,37.35754],[139.45636,37.35722],[139.4558,37.35592],[139.46115,37.35149],[139.45941,37.35073],[139.45891,37.34929],[139.45965,37.34808],[139.45865,37.3463],[139.4567,37.34823],[139.4552,37.34827],[139.45394,37.34752],[139.45042,37.3481],[139.45148,37.35083],[139.45045,37.35411],[139.44999,37.35748],[139.44901,37.35882],[139.44724,37.35895],[139.44448,37.35689],[139.44443,37.35521],[139.44498,37.35206],[139.44453,37.35096],[139.44284,37.35249],[139.44356,37.35315],[139.44315,37.35463],[139.44354,37.35715],[139.44228,37.35792],[139.44522,37.35901],[139.44813,37.36047],[139.44742,37.36287],[139.44461,37.36433],[139.44318,37.3676],[139.44103,37.36867],[139.43829,37.3675],[139.43716,37.3675],[139.4361,37.36617],[139.4358,37.36454],[139.4341,37.36095],[139.43255,37.35909],[139.4311,37.35825],[139.43088,37.3568],[139.42842,37.35592],[139.42663,37.35377],[139.42451,37.35263],[139.42404,37.3542],[139.42631,37.35574],[139.42543,37.35701],[139.4284,37.3575],[139.42981,37.35929],[139.43239,37.36075],[139.43064,37.36251],[139.43044,37.36451],[139.43207,37.36449],[139.434,37.36312],[139.43501,37.364],[139.43576,37.36621],[139.43579,37.36771],[139.4347,37.3693],[139.43437,37.37066],[139.43112,37.37111],[139.43218,37.37389],[139.43328,37.37484],[139.43467,37.37502],[139.4368,37.37423],[139.43839,37.37553],[139.43832,37.37719],[139.43547,37.37756],[139.43435,37.37832],[139.43335,37.38028],[139.43238,37.38107],[139.42965,37.38046],[139.42835,37.38479],[139.42481,37.38877],[139.42138,37.38819],[139.41643,37.38638],[139.41585,37.38546],[139.41342,37.38483],[139.41198,37.38506],[139.40954,37.38444],[139.40712,37.38508],[139.40453,37.38824],[139.40285,37.39071],[139.40066,37.39092],[139.39958,37.3927],[139.39807,37.39277],[139.39349,37.39226],[139.39241,37.39124],[139.39076,37.39212],[139.38604,37.39149],[139.38488,37.39041],[139.38494,37.38954],[139.38642,37.386],[139.38633,37.38512],[139.38742,37.384],[139.38586,37.38259],[139.38733,37.38073],[139.38697,37.37882],[139.38434,37.37716],[139.38107,37.3771],[139.37852,37.37757],[139.37708,37.37924],[139.37686,37.38122],[139.37813,37.38388],[139.37801,37.38615],[139.37622,37.38793],[139.37469,37.38851],[139.37476,37.38644],[139.3738,37.38544],[139.37091,37.3853],[139.36919,37.38401],[139.362,37.38168],[139.3597,37.38173],[139.36015,37.3846],[139.3646,37.38491],[139.36627,37.38651],[139.36463,37.3879],[139.36438,37.3906],[139.36183,37.39222],[139.36006,37.39194],[139.3565,37.39018],[139.35514,37.39066],[139.35338,37.39007],[139.3491,37.38749],[139.34749,37.38376],[139.34833,37.38156],[139.3484,37.37867],[139.34727,37.37732],[139.34397,37.37563],[139.34207,37.3742],[139.33898,37.37339],[139.33407,37.37004],[139.33443,37.36768],[139.33363,37.36616],[139.33105,37.36652],[139.3296,37.36519],[139.32981,37.36325],[139.33127,37.36212],[139.33134,37.36114],[139.32962,37.36066],[139.32916,37.35917],[139.33155,37.35891],[139.33444,37.35644],[139.33873,37.35642],[139.34071,37.3582],[139.34299,37.35954],[139.34276,37.35378],[139.34137,37.35174],[139.34096,37.34882],[139.34118,37.34755],[139.34299,37.34416],[139.3425,37.3407],[139.34323,37.33673],[139.3421,37.33666],[139.33676,37.33764],[139.3346,37.33746],[139.33351,37.33498],[139.33254,37.33403],[139.3328,37.33168],[139.33393,37.33059],[139.33611,37.32959],[139.3375,37.3283],[139.3391,37.32756],[139.34312,37.32782],[139.34279,37.32623],[139.34425,37.32445],[139.34426,37.32257],[139.34635,37.32198],[139.34786,37.3223],[139.34883,37.32169],[139.35009,37.32342],[139.35182,37.32376],[139.35378,37.32495],[139.35587,37.32545],[139.35828,37.32721],[139.35837,37.32996],[139.35572,37.32935],[139.35244,37.32681],[139.34931,37.32672],[139.34723,37.32562],[139.34596,37.32714],[139.34548,37.33061],[139.34668,37.33374],[139.34747,37.33424],[139.35085,37.33417],[139.35468,37.33293],[139.35808,37.3333],[139.35989,37.33422],[139.36063,37.33692],[139.36291,37.33708],[139.36496,37.33789],[139.36608,37.33932],[139.36692,37.34123],[139.37227,37.33645],[139.37593,37.33427],[139.37909,37.33109],[139.37752,37.33008],[139.37494,37.33024],[139.37383,37.32866],[139.3719,37.32807],[139.37075,37.32694],[139.36932,37.32654],[139.36864,37.32557],[139.37234,37.32514],[139.37482,37.32345],[139.37713,37.3248],[139.37935,37.32511],[139.38028,37.32612],[139.3836,37.32748],[139.38653,37.32727],[139.38775,37.32497],[139.39058,37.32372],[139.39328,37.32398],[139.39516,37.3235],[139.39555,37.32072],[139.39532,37.31955],[139.39281,37.31805],[139.39312,37.31531],[139.39377,37.31458],[139.39556,37.3142],[139.39417,37.3124],[139.39327,37.31006],[139.39811,37.31231],[139.40038,37.31385],[139.40285,37.31432],[139.40714,37.31405],[139.40912,37.31424],[139.40869,37.31641],[139.40578,37.31896],[139.40475,37.32227],[139.40394,37.32352],[139.40732,37.3258],[139.41101,37.32597],[139.41209,37.32296],[139.415,37.32216],[139.4162,37.32095],[139.41726,37.31889],[139.41657,37.31692],[139.41672,37.31586],[139.41859,37.31452],[139.41963,37.31488],[139.4215,37.31671],[139.42411,37.31822],[139.4248,37.31913],[139.42709,37.32043],[139.4287,37.3209],[139.42815,37.3246],[139.43019,37.32435],[139.43273,37.32299],[139.43605,37.32199],[139.43934,37.32145],[139.44101,37.32086],[139.44282,37.31941],[139.44346,37.32079],[139.44234,37.32418],[139.44135,37.32587],[139.4391,37.32876],[139.43839,37.33037],[139.43766,37.33373],[139.43825,37.33422],[139.44166,37.33401],[139.44294,37.33347],[139.44735,37.33411],[139.44996,37.33564],[139.45106,37.33777],[139.45392,37.34018],[139.45441,37.34112],[139.45722,37.34319],[139.46067,37.34534],[139.46187,37.34678],[139.46693,37.34553],[139.46865,37.34653],[139.47122,37.34598],[139.47271,37.34726],[139.47474,37.34711],[139.47527,37.34969],[139.47655,37.35056],[139.47836,37.35],[139.48046,37.35009],[139.47989,37.35287],[139.48082,37.35397],[139.48232,37.35459],[139.48286,37.35666],[139.48502,37.35842],[139.48549,37.36047],[139.48724,37.35953],[139.48986,37.35934],[139.49103,37.36033],[139.49163,37.3618],[139.49059,37.36301],[139.49257,37.36562],[139.49391,37.36586],[139.49727,37.36903],[139.49828,37.36954],[139.50035,37.36841],[139.50281,37.36896],[139.5039,37.3685],[139.50716,37.36614],[139.50804,37.36758],[139.50784,37.37256],[139.51052,37.37365],[139.51128,37.37573],[139.51146,37.37786],[139.51304,37.37874],[139.51471,37.37894],[139.51614,37.37826],[139.51729,37.37635],[139.52027,37.37373],[139.51843,37.37181],[139.51934,37.36944],[139.52098,37.36858],[139.52161,37.36652],[139.52502,37.36512],[139.52711,37.36679],[139.52894,37.36603],[139.52834,37.36497],[139.52921,37.36429],[139.53103,37.36421],[139.53394,37.36338],[139.53712,37.36346],[139.53982,37.36293],[139.541,37.36474],[139.54234,37.366],[139.54139,37.36736],[139.54152,37.36966],[139.54021,37.37052],[139.53794,37.3729],[139.53647,37.37136],[139.53451,37.37115],[139.53576,37.37278],[139.53691,37.37335],[139.53767,37.37603],[139.53885,37.37686],[139.5408,37.37995],[139.54048,37.38146],[139.53458,37.38312],[139.53511,37.38455],[139.53685,37.38354],[139.53782,37.38413],[139.53991,37.38293],[139.54227,37.3825],[139.54313,37.38125],[139.54507,37.38039],[139.54581,37.38211],[139.54287,37.38441],[139.54459,37.38626],[139.54669,37.38629],[139.54729,37.38698],[139.54703,37.38878],[139.54758,37.39036],[139.5475,37.39184],[139.54621,37.394],[139.54738,37.39601],[139.54676,37.39697],[139.54686,37.39963],[139.54789,37.40067],[139.54968,37.40116],[139.55007,37.4025],[139.54863,37.40851],[139.54745,37.40936],[139.54537,37.41474],[139.54382,37.41548],[139.54055,37.41367],[139.54286,37.41245],[139.5428,37.41188],[139.53958,37.40862],[139.53589,37.40969],[139.53431,37.41284],[139.53337,37.41402],[139.53465,37.41515],[139.53348,37.41668],[139.53277,37.41884],[139.52994,37.41993],[139.52649,37.42317],[139.52481,37.42448],[139.52338,37.42504],[139.52098,37.42445],[139.51791,37.42455],[139.51676,37.42277],[139.51433,37.42361],[139.51279,37.42538],[139.51123,37.42635],[139.50591,37.42854],[139.50731,37.4309],[139.50576,37.43144],[139.50288,37.43148],[139.501,37.431],[139.49893,37.42969],[139.49881,37.43126],[139.49961,37.43265],[139.49764,37.43379],[139.49694,37.43196],[139.49266,37.42876],[139.49168,37.4287]],[[139.45577,37.388],[139.45642,37.38743],[139.4571,37.38479],[139.46029,37.38396],[139.46335,37.38153],[139.46184,37.3816],[139.46057,37.38006],[139.45821,37.37886],[139.45576,37.38079],[139.45571,37.38246],[139.45429,37.38472],[139.45418,37.38712],[139.45577,37.388]],[[139.4655,37.38493],[139.46804,37.3841],[139.46732,37.38309],[139.4655,37.38493]],[[139.47596,37.36671],[139.47668,37.36746],[139.47803,37.36663],[139.47773,37.36408],[139.47596,37.36671]],[[139.44706,37.34675],[139.44739,37.3454],[139.4489,37.34347],[139.44784,37.34293],[139.44628,37.3463],[139.44706,37.34675]],[[139.45128,37.3438],[139.45087,37.34541],[139.45258,37.34491],[139.45128,37.3438]],[[139.3712,37.34778],[139.37105,37.34495],[139.36903,37.34429],[139.36524,37.3464],[139.36156,37.34761],[139.35757,37.34836],[139.35003,37.34906],[139.34879,37.34959],[139.34771,37.35355],[139.34595,37.35835],[139.3457,37.36055],[139.34838,37.35902],[139.35237,37.35808],[139.35384,37.3561],[139.35933,37.35323],[139.36225,37.35227],[139.36869,37.35146],[139.37094,37.3506],[139.3717,37.34891],[139.3712,37.34778]],[[139.42165,37.35925],[139.42081,37.36058],[139.42187,37.36123],[139.42275,37.36001],[139.42165,37.35925]],[[139.42647,37.36112],[139.42591,37.36171],[139.42721,37.36332],[139.42845,37.36153],[139.42647,37.36112]],[[139.42306,37.36429],[139.42188,37.36358],[139.42007,37.36543],[139.41899,37.36576],[139.41749,37.36507],[139.41609,37.36518],[139.417,37.3675],[139.41582,37.36942],[139.41588,37.37031],[139.41842,37.37224],[139.41868,37.37076],[139.41965,37.37051],[139.41992,37.36909],[139.42194,37.36923],[139.42203,37.36736],[139.42325,37.36574],[139.42306,37.36429]],[[139.41137,37.37181],[139.40965,37.37077],[139.40736,37.37146],[139.40741,37.3723],[139.41,37.37544],[139.41001,37.3766],[139.41189,37.37686],[139.41267,37.37614],[139.41499,37.3754],[139.41674,37.37545],[139.41898,37.37458],[139.41961,37.37388],[139.4182,37.37283],[139.41517,37.37205],[139.41365,37.37313],[139.41175,37.37349],[139.41137,37.37181]],[[139.42756,37.37003],[139.42924,37.37123],[139.42976,37.36955],[139.42756,37.37003]],[[139.42791,37.36703],[139.42628,37.36801],[139.42748,37.36914],[139.42868,37.3686],[139.42791,37.36703]],[[139.40787,37.37971],[139.40729,37.37877],[139.40508,37.3784],[139.40306,37.37935],[139.40024,37.37977],[139.39903,37.38091],[139.39714,37.38467],[139.39348,37.38555],[139.39268,37.38722],[139.39276,37.38899],[139.39518,37.38708],[139.39772,37.38612],[139.40084,37.38173],[139.40636,37.37991],[139.40787,37.37971]],[[139.52896,37.36699],[139.52914,37.37093],[139.52984,37.37165],[139.53123,37.37053],[139.53102,37.36791],[139.53315,37.36699],[139.52941,37.36658],[139.52896,37.36699]]]},"properties":{"hoanrinKind":"保安林"}},
{"type":"Feature","geometry":{"type":"Polygon","coordinates":[[[139.63956,37.53296],[139.63809,37.53478],[139.63617,37.53347],[139.63591,37.53243],[139.63467,37.53172],[139.63153,37.53176],[139.63045,37.52929],[139.62951,37.52877],[139.62642,37.52856],[139.62346,37.5289],[139.62029,37.52844],[139.61733,37.52907],[139.61569,37.53038],[139.61277,37.53006],[139.61194,37.5283],[139.61057,37.52695],[139.60529,37.52439],[139.60211,37.52119],[139.59938,37.52045],[139.59586,37.51833],[139.59204,37.51637],[139.58864,37.51506],[139.58792,37.51322],[139.58879,37.51221],[139.59104,37.51146],[139.59179,37.50978],[139.59059,37.50864],[139.58893,37.50622],[139.58702,37.50443],[139.58436,37.50347],[139.58296,37.50357],[139.58276,37.50586],[139.5848,37.5101],[139.58677,37.51185],[139.58718,37.51341],[139.58509,37.5129],[139.58362,37.51178],[139.5784,37.50969],[139.57564,37.50737],[139.57343,37.50671],[139.57158,37.5049],[139.56869,37.5036],[139.56734,37.50251],[139.56438,37.50166],[139.56128,37.50381],[139.55592,37.50415],[139.5549,37.50614],[139.54975,37.50798],[139.54838,37.50905],[139.54579,37.50909],[139.54439,37.50964],[139.5432,37.51085],[139.54143,37.51138],[139.53888,37.51117],[139.53441,37.51191],[139.53125,37.51275],[139.52978,37.51234],[139.5272,37.51269],[139.52512,37.51407],[139.52208,37.51434],[139.51959,37.5136],[139.51656,37.50986],[139.51378,37.50863],[139.51208,37.50937],[139.50784,37.51059],[139.50593,37.50962],[139.50323,37.51017],[139.5018,37.51162],[139.49794,37.51224],[139.49317,37.51205],[139.491,37.51154],[139.48825,37.51003],[139.48597,37.51031],[139.48437,37.50901],[139.48375,37.50693],[139.48104,37.50467],[139.47857,37.50372],[139.47735,37.50268],[139.47579,37.50259],[139.47507,37.50346],[139.47143,37.50639],[139.46897,37.50665],[139.46609,37.50833],[139.46447,37.51139],[139.46327,37.51305],[139.46034,37.51419],[139.45794,37.5158],[139.45785,37.51705],[139.45687,37.51787],[139.45402,37.51729],[139.45064,37.51736],[139.44691,37.51591],[139.44427,37.5153],[139.43894,37.51319],[139.43381,37.51457],[139.43203,37.51417],[139.42963,37.51473],[139.42842,37.51425],[139.42798,37.51143],[139.42671,37.51102],[139.42426,37.51111],[139.41801,37.50996],[139.41424,37.51016],[139.4142,37.5083],[139.41154,37.50555],[139.41063,37.50272],[139.41264,37.49876],[139.41364,37.4981],[139.41396,37.49667],[139.40961,37.49444],[139.40799,37.49265],[139.40866,37.48972],[139.40856,37.48855],[139.40741,37.48645],[139.40969,37.48432],[139.40998,37.48358],[139.40801,37.47916],[139.4059,37.4777],[139.40462,37.47502],[139.40455,37.47386],[139.40553,37.47064],[139.40474,37.46854],[139.40622,37.46724],[139.40638,37.46611],[139.40509,37.46503],[139.4014,37.46283],[139.39757,37.45988],[139.39801,37.45831],[139.39937,37.45734],[139.39936,37.45505],[139.40013,37.45367],[139.40003,37.45194],[139.39807,37.45169],[139.39635,37.45097],[139.39426,37.44943],[139.39216,37.44912],[139.39123,37.44978],[139.39224,37.45089],[139.39486,37.45085],[139.39496,37.45171],[139.39247,37.4522],[139.39231,37.45367],[139.38661,37.45243],[139.38746,37.45427],[139.38518,37.45474],[139.38513,37.45562],[139.38832,37.45608],[139.38798,37.4587],[139.38746,37.459],[139.38429,37.45695],[139.38113,37.45685],[139.37934,37.45754],[139.37732,37.45626],[139.37618,37.45615],[139.37436,37.4575],[139.37311,37.45762],[139.37091,37.45617],[139.36593,37.45642],[139.36413,37.45512],[139.36009,37.45137],[139.35885,37.44984],[139.35932,37.44887],[139.36276,37.44913],[139.36798,37.45022],[139.37038,37.45032],[139.37559,37.44931],[139.37601,37.44836],[139.37501,37.44729],[139.37039,37.44594],[139.36322,37.44435],[139.36033,37.44292],[139.3586,37.44075],[139.35521,37.43964],[139.35562,37.43679],[139.35541,37.4353],[139.35264,37.43356],[139.35003,37.43281],[139.34675,37.43227],[139.34379,37.43107],[139.33986,37.4266],[139.33817,37.42258],[139.33547,37.42052],[139.33102,37.4164],[139.33057,37.41395],[139.32955,37.41272],[139.3286,37.41058],[139.32578,37.40822],[139.32563,37.40574],[139.32345,37.40365],[139.32171,37.40095],[139.3218,37.39931],[139.32252,37.3972],[139.32341,37.39635],[139.32672,37.39555],[139.32802,37.39423],[139.32897,37.39237],[139.32836,37.38809],[139.32905,37.38634],[139.33161,37.38294],[139.33403,37.38219],[139.33681,37.38277],[139.33892,37.38207],[139.33903,37.38943],[139.33829,37.38992],[139.33677,37.38889],[139.33525,37.38896],[139.33515,37.39077],[139.33638,37.39322],[139.336,37.396],[139.33517,37.39796],[139.33495,37.39977],[139.33304,37.40275],[139.33669,37.40632],[139.33783,37.40799],[139.33681,37.4108],[139.34276,37.4112],[139.34291,37.41243],[139.34437,37.41505],[139.34416,37.41763],[139.34549,37.41937],[139.34867,37.42258],[139.35274,37.42535],[139.35603,37.42843],[139.35684,37.42827],[139.35767,37.42578],[139.35939,37.42428],[139.36058,37.42465],[139.36243,37.42873],[139.36613,37.43379],[139.36801,37.43216],[139.36988,37.43215],[139.37067,37.43147],[139.37304,37.43283],[139.37395,37.43174],[139.37605,37.43053],[139.37603,37.42783],[139.37495,37.4274],[139.37064,37.42922],[139.36992,37.42647],[139.36843,37.42355],[139.37035,37.42359],[139.37334,37.42243],[139.37449,37.42034],[139.37678,37.41764],[139.37927,37.41411],[139.37727,37.4129],[139.38023,37.41042],[139.38081,37.4064],[139.38097,37.40163],[139.37948,37.40057],[139.37853,37.39673],[139.37869,37.39516],[139.37752,37.39319],[139.38017,37.39147],[139.38078,37.39188],[139.38198,37.39512],[139.38325,37.39728],[139.38525,37.39976],[139.38993,37.40226],[139.39265,37.40535],[139.39317,37.40383],[139.39433,37.40324],[139.39636,37.40482],[139.39835,37.40342],[139.39975,37.40388],[139.39961,37.40629],[139.40087,37.4069],[139.40317,37.40656],[139.40478,37.40392],[139.4061,37.40358],[139.40708,37.40419],[139.40704,37.40536],[139.40861,37.40691],[139.4086,37.40783],[139.41328,37.40799],[139.41426,37.40871],[139.4152,37.41073],[139.4161,37.4098],[139.41484,37.40763],[139.4191,37.40611],[139.42077,37.40648],[139.42294,37.40512],[139.42424,37.40482],[139.42662,37.40527],[139.42912,37.40791],[139.42998,37.40645],[139.43232,37.40711],[139.4327,37.4091],[139.4337,37.41073],[139.43275,37.41176],[139.43192,37.41378],[139.43255,37.41549],[139.43032,37.41527],[139.42834,37.41411],[139.42783,37.41514],[139.43022,37.41595],[139.43379,37.4166],[139.4363,37.41887],[139.43824,37.4197],[139.44117,37.41985],[139.44411,37.42035],[139.44696,37.42119],[139.4511,37.42072],[139.45241,37.42001],[139.45194,37.4151],[139.45236,37.41431],[139.45433,37.41351],[139.46074,37.41172],[139.46628,37.40945],[139.46736,37.40847],[139.46877,37.40903],[139.47019,37.41198],[139.47264,37.41332],[139.47445,37.41476],[139.47389,37.41843],[139.47405,37.42076],[139.47791,37.42267],[139.47796,37.42441],[139.48034,37.42444],[139.48085,37.42536],[139.48102,37.42882],[139.48057,37.431],[139.47764,37.42861],[139.47466,37.43011],[139.47266,37.4319],[139.47559,37.43482],[139.47767,37.43763],[139.47955,37.43847],[139.4801,37.43975],[139.47914,37.44404],[139.4802,37.44559],[139.48214,37.44568],[139.48328,37.44415],[139.48397,37.44196],[139.48368,37.43941],[139.48244,37.43729],[139.48384,37.43729],[139.48728,37.43945],[139.49005,37.44073],[139.49193,37.44208],[139.49547,37.44302],[139.49633,37.44434],[139.49294,37.44621],[139.48936,37.44953],[139.48749,37.45383],[139.48632,37.45558],[139.48409,37.45775],[139.48074,37.46025],[139.4793,37.46348],[139.47729,37.46581],[139.4768,37.46739],[139.47827,37.46847],[139.48117,37.46888],[139.48288,37.4702],[139.48412,37.47046],[139.48894,37.46868],[139.49206,37.46873],[139.49832,37.46779],[139.4996,37.46905],[139.50272,37.46791],[139.5042,37.46561],[139.50725,37.46793],[139.51241,37.47007],[139.51703,37.47038],[139.52146,37.47119],[139.52586,37.47121],[139.5249,37.47378],[139.52603,37.47497],[139.52139,37.47524],[139.51663,37.47761],[139.51448,37.47942],[139.5095,37.48458],[139.50878,37.48354],[139.50746,37.47997],[139.50544,37.47792],[139.50428,37.47609],[139.50191,37.47469],[139.50017,37.47264],[139.49679,37.47266],[139.49449,37.47422],[139.49454,37.47822],[139.49292,37.48069],[139.49321,37.48162],[139.49187,37.48281],[139.49065,37.48616],[139.4903,37.49031],[139.49176,37.4909],[139.49279,37.49002],[139.49483,37.48677],[139.49554,37.48442],[139.49635,37.48349],[139.49761,37.48357],[139.4999,37.48248],[139.50153,37.4809],[139.50338,37.48105],[139.50384,37.48256],[139.50547,37.48335],[139.50737,37.48487],[139.51054,37.48519],[139.51267,37.48644],[139.5144,37.48989],[139.51567,37.48981],[139.51953,37.48625],[139.52041,37.48398],[139.52238,37.48067],[139.52421,37.4812],[139.52506,37.48288],[139.52454,37.48771],[139.52469,37.48906],[139.52567,37.49013],[139.52894,37.4895],[139.53044,37.48984],[139.53255,37.49275],[139.53702,37.49219],[139.53824,37.49305],[139.53925,37.49612],[139.54096,37.49801],[139.54231,37.50023],[139.54446,37.50098],[139.54623,37.49987],[139.54653,37.4984],[139.54651,37.49494],[139.54765,37.49279],[139.54896,37.49288],[139.55073,37.49509],[139.55224,37.49504],[139.55303,37.49389],[139.55244,37.49125],[139.55064,37.48713],[139.55108,37.48621],[139.55586,37.48573],[139.55849,37.48584],[139.56023,37.48481],[139.56147,37.48501],[139.56233,37.4863],[139.56491,37.48676],[139.56777,37.4857],[139.56972,37.48555],[139.57108,37.4838],[139.57257,37.48384],[139.57299,37.48556],[139.57486,37.48603],[139.57685,37.48888],[139.58154,37.49238],[139.58442,37.49208],[139.58633,37.4926],[139.58655,37.49054],[139.58598,37.4898],[139.58277,37.48732],[139.58357,37.48501],[139.58351,37.48337],[139.58268,37.48198],[139.58413,37.48161],[139.5871,37.48255],[139.59038,37.48176],[139.59206,37.48177],[139.59312,37.48038],[139.59308,37.47784],[139.59512,37.48034],[139.59486,37.48173],[139.59641,37.48317],[139.59875,37.48347],[139.59951,37.48465],[139.60353,37.48774],[139.6036,37.49205],[139.60145,37.49269],[139.6013,37.4939],[139.60379,37.49599],[139.60699,37.49558],[139.60876,37.49646],[139.6109,37.49608],[139.61625,37.4975],[139.62096,37.49776],[139.61973,37.49962],[139.61733,37.50169],[139.61322,37.5022],[139.6105,37.50315],[139.60915,37.50404],[139.61135,37.50479],[139.61393,37.50609],[139.61913,37.50777],[139.6219,37.50786],[139.62364,37.50713],[139.62474,37.50537],[139.62597,37.50219],[139.62925,37.50247],[139.63167,37.50031],[139.6345,37.49992],[139.63437,37.50132],[139.63246,37.50334],[139.63233,37.50486],[139.63392,37.5055],[139.6374,37.50904],[139.63568,37.50967],[139.63355,37.51162],[139.63126,37.5115],[139.63042,37.51051],[139.62835,37.50984],[139.62252,37.50992],[139.62364,37.51306],[139.62309,37.51523],[139.62287,37.51804],[139.61976,37.51893],[139.618,37.52097],[139.61847,37.52285],[139.62194,37.52199],[139.62322,37.52108],[139.62761,37.52039],[139.6305,37.52044],[139.63236,37.521],[139.63394,37.51965],[139.63733,37.52053],[139.63752,37.52254],[139.63815,37.52322],[139.64174,37.52348],[139.64304,37.52472],[139.64451,37.52465],[139.64819,37.52175],[139.64977,37.52295],[139.65332,37.52315],[139.65363,37.52458],[139.6507,37.52494],[139.65018,37.52679],[139.64792,37.52776],[139.64565,37.52824],[139.6462,37.53057],[139.64611,37.53236],[139.64551,37.53404],[139.64399,37.53462],[139.64172,37.53336],[139.63956,37.53296]],[[139.37644,37.43412],[139.38005,37.43518],[139.38095,37.4347],[139.38052,37.43321],[139.37963,37.43246],[139.37796,37.43279],[139.37644,37.43412]]]},"properties":{"hoanrinKind":"保安林"}},
{"type":"Feature","geometry":{"type":"Polygon","coordinates":[[[140.00884,37.39637],[140.00392,37.39802],[140.00196,37.39732],[140.00078,37.3958],[139.99638,37.39637],[139.99316,37.39538],[139.99298,37.39279],[139.99178,37.39222],[139.98455,37.39182],[139.98488,37.39072],[139.98456,37.38849],[139.98549,37.38777],[139.98915,37.38672],[139.98963,37.38602],[139.9899,37.38357],[139.98966,37.38067],[139.99028,37.37971],[139.99228,37.37813],[139.99339,37.3767],[139.9939,37.37376],[139.99524,37.37186],[139.99972,37.36975],[139.99916,37.36873],[139.99948,37.36675],[139.99939,37.36239],[139.99909,37.36173],[139.99714,37.3617],[139.99568,37.36262],[139.99554,37.36413],[139.99711,37.36586],[139.99728,37.36857],[139.99656,37.36959],[139.99466,37.36999],[139.99001,37.36837],[139.98691,37.3689],[139.98403,37.36796],[139.98558,37.36507],[139.9847,37.36126],[139.98754,37.36105],[139.98778,37.35971],[139.98167,37.35931],[139.98044,37.3583],[139.9798,37.35673],[139.97906,37.35031],[139.97969,37.34891],[139.97982,37.34681],[139.97896,37.34489],[139.98132,37.34335],[139.98131,37.34164],[139.98402,37.33905],[139.98276,37.33789],[139.98387,37.33493],[139.9831,37.33388],[139.98085,37.3332],[139.97964,37.33358],[139.97798,37.33593],[139.97592,37.33641],[139.97362,37.33866],[139.97136,37.33818],[139.97133,37.33961],[139.97284,37.33981],[139.97335,37.34225],[139.97114,37.34173],[139.97032,37.34356],[139.96875,37.34513],[139.97128,37.34853],[139.96928,37.34826],[139.96793,37.34698],[139.96597,37.34598],[139.96623,37.3476],[139.96408,37.34766],[139.96459,37.35017],[139.96638,37.35287],[139.96339,37.35207],[139.96053,37.35],[139.95782,37.34886],[139.9577,37.35078],[139.95631,37.35328],[139.95734,37.35475],[139.96055,37.35258],[139.96068,37.35388],[139.95978,37.3551],[139.96311,37.35724],[139.96181,37.35882],[139.96353,37.35971],[139.95977,37.36153],[139.95712,37.36133],[139.96015,37.36458],[139.96018,37.36639],[139.95767,37.36634],[139.95819,37.36806],[139.95744,37.36896],[139.95593,37.36778],[139.95375,37.36827],[139.95299,37.36906],[139.95425,37.37025],[139.95537,37.37231],[139.95436,37.37293],[139.95147,37.37138],[139.95329,37.37406],[139.94421,37.37519],[139.94383,37.3722],[139.94316,37.37148],[139.94081,37.37038],[139.94385,37.36655],[139.94508,37.36403],[139.94444,37.36128],[139.94444,37.35587],[139.94613,37.35099],[139.94622,37.34765],[139.94892,37.34552],[139.94978,37.3441],[139.95196,37.3425],[139.95026,37.34149],[139.94839,37.34182],[139.94609,37.34144],[139.9435,37.34209],[139.94291,37.33998],[139.93926,37.33719],[139.9365,37.33581],[139.93296,37.33458],[139.93756,37.33185],[139.93863,37.33176],[139.94625,37.33399],[139.94891,37.33305],[139.94928,37.332],[139.94829,37.3289],[139.94754,37.32549],[139.94682,37.32377],[139.94568,37.32301],[139.94129,37.32276],[139.94089,37.32249],[139.94378,37.32003],[139.94463,37.31883],[139.94415,37.3172],[139.94502,37.31653],[139.94728,37.31633],[139.95127,37.31556],[139.95224,37.31591],[139.95122,37.3183],[139.95256,37.31995],[139.95195,37.32065],[139.954,37.32171],[139.95398,37.32291],[139.95496,37.32378],[139.95672,37.32312],[139.95845,37.32175],[139.95943,37.3225],[139.96013,37.32433],[139.95837,37.32624],[139.95912,37.32771],[139.96138,37.32512],[139.96228,37.32244],[139.96297,37.31865],[139.96783,37.31942],[139.97053,37.3191],[139.97256,37.31825],[139.97433,37.31693],[139.9757,37.31351],[139.97733,37.31238],[139.97769,37.31123],[139.97929,37.30881],[139.9792,37.30741],[139.97609,37.30691],[139.97747,37.30561],[139.97826,37.30348],[139.98063,37.30435],[139.98349,37.30333],[139.98639,37.30059],[139.99166,37.29899],[139.99228,37.29706],[139.99026,37.29565],[139.98994,37.2948],[139.98744,37.29352],[139.98753,37.29169],[139.98603,37.29145],[139.98328,37.29009],[139.98126,37.28846],[139.98027,37.28692],[139.97855,37.2858],[139.97614,37.28537],[139.97362,37.28313],[139.97171,37.28239],[139.96662,37.28194],[139.96534,37.28083],[139.96425,37.27729],[139.9649,37.27729],[139.96792,37.27488],[139.96972,37.27404],[139.97322,37.27384],[139.97452,37.27299],[139.97853,37.27311],[139.97902,37.27475],[139.98117,37.2752],[139.98361,37.27765],[139.98432,37.27916],[139.98318,37.27933],[139.98159,37.27782],[139.97986,37.27772],[139.97827,37.27999],[139.9819,37.27954],[139.98195,37.2821],[139.98139,37.28445],[139.98289,37.28454],[139.98598,37.28355],[139.98811,37.28388],[139.98719,37.28531],[139.99013,37.28684],[139.99403,37.28581],[139.99597,37.28468],[139.99579,37.28332],[139.99682,37.2817],[139.99987,37.28206],[139.99832,37.28436],[139.99919,37.28458],[140.002,37.28266],[140.00409,37.28293],[140.00585,37.28198],[140.00746,37.28284],[140.00874,37.28287],[140.00896,37.28126],[140.01056,37.28054],[140.01048,37.27936],[140.01128,37.2785],[140.01238,37.2801],[140.01373,37.28333],[140.01602,37.28482],[140.02049,37.29024],[140.02511,37.29544],[140.02622,37.297],[140.03051,37.29633],[140.03112,37.29568],[140.03111,37.29074],[140.03216,37.28746],[140.03113,37.28548],[140.02824,37.28577],[140.02701,37.28547],[140.02717,37.28414],[140.02838,37.28407],[140.03064,37.28301],[140.03045,37.28099],[140.02929,37.2802],[140.02827,37.27819],[140.03054,37.27878],[140.03189,37.27829],[140.02952,37.27624],[140.03008,37.27489],[140.03184,37.27451],[140.03417,37.27559],[140.03554,37.27542],[140.03625,37.27432],[140.03919,37.27451],[140.04072,37.27666],[140.04266,37.27762],[140.04807,37.27776],[140.05009,37.27951],[140.05039,37.28274],[140.0491,37.28408],[140.04687,37.28534],[140.0466,37.28682],[140.04424,37.28829],[140.04647,37.28966],[140.0455,37.29087],[140.04597,37.29175],[140.04773,37.29245],[140.05017,37.2918],[140.05153,37.2921],[140.05368,37.29165],[140.05633,37.29167],[140.05659,37.29218],[140.0539,37.2944],[140.05299,37.29638],[140.05184,37.29775],[140.05109,37.30067],[140.04979,37.30182],[140.0493,37.30382],[140.0477,37.30559],[140.04112,37.31041],[140.03945,37.3112],[140.03896,37.31206],[140.03709,37.31309],[140.0364,37.31536],[140.0349,37.31654],[140.03145,37.31786],[140.03246,37.31867],[140.03321,37.32044],[140.03291,37.32362],[140.03178,37.32621],[140.03283,37.32611],[140.03466,37.3237],[140.03489,37.32247],[140.0345,37.31906],[140.03475,37.31853],[140.03803,37.31679],[140.03849,37.31513],[140.04001,37.31422],[140.04174,37.31206],[140.04345,37.31161],[140.04519,37.3097],[140.0487,37.30832],[140.05159,37.30608],[140.05257,37.30271],[140.05358,37.30118],[140.05397,37.29882],[140.05615,37.29601],[140.05812,37.29681],[140.06103,37.29608],[140.06323,37.29511],[140.06326,37.29947],[140.06521,37.30118],[140.06487,37.30325],[140.06625,37.30488],[140.07024,37.30314],[140.07025,37.30179],[140.07504,37.30053],[140.07472,37.30244],[140.07803,37.30173],[140.07944,37.30242],[140.07961,37.30354],[140.08091,37.30427],[140.07992,37.30574],[140.08009,37.30724],[140.08165,37.30665],[140.08205,37.30544],[140.08538,37.30671],[140.08726,37.30781],[140.08842,37.30788],[140.08958,37.30974],[140.09443,37.30852],[140.09415,37.30748],[140.09074,37.30707],[140.08687,37.30562],[140.08448,37.30402],[140.08312,37.30155],[140.08339,37.30013],[140.0795,37.29985],[140.07553,37.29785],[140.07095,37.29332],[140.07027,37.29142],[140.06976,37.28836],[140.06669,37.28633],[140.0653,37.28689],[140.06465,37.28519],[140.06352,37.28375],[140.06322,37.28016],[140.06507,37.27901],[140.06514,37.27758],[140.06627,37.27691],[140.06843,37.27678],[140.0714,37.2751],[140.07468,37.27514],[140.07987,37.27868],[140.08114,37.28018],[140.08189,37.28206],[140.08286,37.28255],[140.08456,37.28222],[140.08527,37.28127],[140.08707,37.28038],[140.08849,37.27794],[140.08972,37.27692],[140.09406,37.27501],[140.09392,37.27252],[140.09578,37.27144],[140.09491,37.26907],[140.09564,37.26834],[140.09793,37.26802],[140.09444,37.2652],[140.09651,37.26376],[140.09359,37.26347],[140.09114,37.26215],[140.08949,37.25761],[140.08682,37.25688],[140.08633,37.25457],[140.0843,37.2533],[140.08117,37.25205],[140.07488,37.24796],[140.07357,37.24666],[140.07214,37.24357],[140.07135,37.24317],[140.06804,37.24338],[140.06723,37.24301],[140.06691,37.24131],[140.06527,37.24279],[140.06397,37.24229],[140.06309,37.24306],[140.06378,37.24511],[140.06484,37.2452],[140.06516,37.24735],[140.0635,37.24741],[140.06346,37.24888],[140.06949,37.25282],[140.07154,37.25564],[140.07154,37.25752],[140.07311,37.26033],[140.07163,37.26066],[140.06953,37.26031],[140.06813,37.26254],[140.06946,37.26316],[140.07203,37.26268],[140.07414,37.26296],[140.07579,37.26449],[140.07441,37.26567],[140.07668,37.26694],[140.07539,37.26817],[140.07307,37.26953],[140.07162,37.27273],[140.069,37.27363],[140.06745,37.27368],[140.06464,37.27463],[140.06215,37.27393],[140.05942,37.27564],[140.06139,37.27156],[140.05861,37.27035],[140.05809,37.27098],[140.0582,37.27311],[140.05679,37.27403],[140.05341,37.27383],[140.05064,37.27536],[140.04704,37.27513],[140.04825,37.27153],[140.05215,37.27106],[140.05466,37.26935],[140.05562,37.26735],[140.05715,37.26563],[140.05726,37.26444],[140.05392,37.26295],[140.05095,37.26573],[140.0497,37.27022],[140.04692,37.27144],[140.04439,37.27124],[140.03997,37.26956],[140.03805,37.26912],[140.03936,37.26744],[140.04002,37.26436],[140.04248,37.26128],[140.04382,37.25758],[140.04665,37.25755],[140.05088,37.25587],[140.05185,37.25633],[140.054,37.25616],[140.0565,37.25706],[140.05856,37.25883],[140.06087,37.25962],[140.06224,37.25822],[140.06212,37.25731],[140.06078,37.2553],[140.05923,37.25522],[140.05721,37.25309],[140.05812,37.25157],[140.05802,37.24974],[140.0588,37.2484],[140.05741,37.24477],[140.05901,37.24291],[140.0625,37.24167],[140.06327,37.24003],[140.06461,37.23969],[140.06538,37.23866],[140.0647,37.23759],[140.06483,37.23601],[140.06386,37.23465],[140.06405,37.23326],[140.06197,37.23135],[140.06252,37.22938],[140.06167,37.22788],[140.05968,37.22661],[140.06188,37.22524],[140.06218,37.2223],[140.06313,37.22091],[140.07043,37.21573],[140.07101,37.2147],[140.06963,37.21112],[140.06848,37.21069],[140.06729,37.21281],[140.0671,37.21401],[140.06434,37.21568],[140.06335,37.21524],[140.06519,37.21266],[140.06664,37.21191],[140.06847,37.21021],[140.07145,37.20974],[140.07173,37.21146],[140.07256,37.21288],[140.07636,37.21193],[140.08266,37.21129],[140.08443,37.21002],[140.09075,37.20351],[140.09367,37.20119],[140.09764,37.19964],[140.10058,37.19444],[140.09915,37.19074],[140.09928,37.18974],[140.10233,37.18773],[140.10509,37.18697],[140.10785,37.18675],[140.10816,37.18794],[140.10949,37.18886],[140.10764,37.19089],[140.10828,37.19417],[140.10785,37.19525],[140.10392,37.1981],[140.10159,37.20125],[140.09804,37.20339],[140.09379,37.20564],[140.09137,37.20865],[140.08906,37.20953],[140.08719,37.21233],[140.08569,37.21333],[140.08332,37.21402],[140.07803,37.21898],[140.0762,37.2198],[140.07183,37.2199],[140.07223,37.22197],[140.07146,37.22269],[140.07192,37.22399],[140.07514,37.22553],[140.07697,37.22732],[140.08092,37.22693],[140.08224,37.22636],[140.08556,37.22935],[140.08623,37.23101],[140.08856,37.23277],[140.08818,37.23441],[140.08582,37.23615],[140.08639,37.23745],[140.08793,37.23806],[140.08904,37.23957],[140.08781,37.24112],[140.08672,37.24323],[140.08571,37.24418],[140.08567,37.24574],[140.08684,37.24557],[140.09124,37.24234],[140.09594,37.2413],[140.09838,37.24283],[140.101,37.24301],[140.10175,37.24494],[140.10483,37.24566],[140.10632,37.24689],[140.10893,37.24668],[140.10975,37.24436],[140.11247,37.24318],[140.11277,37.24394],[140.11172,37.24528],[140.11015,37.24639],[140.11088,37.24947],[140.11014,37.25137],[140.1085,37.25362],[140.10575,37.25598],[140.10812,37.25586],[140.11093,37.25701],[140.11273,37.25839],[140.11239,37.25974],[140.11341,37.26031],[140.11388,37.26167],[140.11194,37.26428],[140.11279,37.26633],[140.11293,37.26957],[140.11437,37.27112],[140.1147,37.27227],[140.1143,37.27411],[140.11345,37.27541],[140.11615,37.2771],[140.11706,37.2766],[140.12161,37.27565],[140.12555,37.27562],[140.12943,37.27497],[140.1301,37.2766],[140.13283,37.27868],[140.13073,37.28054],[140.13092,37.28283],[140.13285,37.28298],[140.13565,37.28491],[140.13772,37.28457],[140.13882,37.28327],[140.14078,37.28369],[140.14461,37.28324],[140.14186,37.28505],[140.14418,37.28536],[140.14408,37.28692],[140.14201,37.28747],[140.14095,37.28895],[140.13949,37.28875],[140.13809,37.28702],[140.13788,37.28558],[140.13698,37.28521],[140.13498,37.28638],[140.13157,37.28687],[140.13264,37.28871],[140.13074,37.28997],[140.13116,37.29078],[140.13283,37.29021],[140.13569,37.29179],[140.13595,37.29289],[140.13323,37.2966],[140.13188,37.2975],[140.12977,37.29812],[140.12613,37.30088],[140.12631,37.30343],[140.12876,37.30256],[140.13041,37.30361],[140.13239,37.30269],[140.13495,37.3029],[140.13549,37.30357],[140.13716,37.30345],[140.13934,37.3039],[140.14018,37.30211],[140.14221,37.30228],[140.1434,37.30185],[140.14432,37.30292],[140.14829,37.30213],[140.1484,37.30075],[140.15047,37.29988],[140.14786,37.29554],[140.14987,37.29545],[140.1521,37.29698],[140.15472,37.2998],[140.15543,37.30129],[140.15796,37.30239],[140.15891,37.30218],[140.16086,37.29979],[140.16373,37.30282],[140.1641,37.30394],[140.16075,37.30471],[140.15986,37.3054],[140.15945,37.30911],[140.15874,37.31322],[140.1569,37.31572],[140.15475,37.31808],[140.15857,37.31938],[140.16015,37.32057],[140.16226,37.32065],[140.1654,37.32205],[140.16685,37.32226],[140.1707,37.31921],[140.17036,37.31869],[140.1669,37.31791],[140.16481,37.31502],[140.16616,37.31267],[140.16703,37.31197],[140.16702,37.31074],[140.16614,37.30979],[140.168,37.30859],[140.17609,37.3084],[140.18022,37.30725],[140.18231,37.3057],[140.18663,37.30483],[140.18812,37.30497],[140.18949,37.3068],[140.19157,37.30798],[140.19279,37.30955],[140.19081,37.31015],[140.18866,37.31251],[140.18761,37.31172],[140.18637,37.31248],[140.18928,37.31327],[140.19212,37.31203],[140.19468,37.31372],[140.19696,37.31318],[140.19724,37.31542],[140.19932,37.31526],[140.19925,37.31718],[140.19984,37.32015],[140.19772,37.32205],[140.19767,37.32284],[140.20133,37.32286],[140.20341,37.32333],[140.20723,37.32556],[140.20478,37.32787],[140.20267,37.32936],[140.19794,37.33484],[140.20039,37.33651],[140.20101,37.33843],[140.19997,37.33901],[140.19746,37.33633],[140.1954,37.33755],[140.19411,37.3376],[140.19298,37.3398],[140.18987,37.34146],[140.18827,37.3431],[140.18753,37.34475],[140.18686,37.34752],[140.18403,37.34814],[140.18175,37.34915],[140.17988,37.35181],[140.17607,37.35101],[140.17445,37.35157],[140.17336,37.34973],[140.17469,37.347],[140.17435,37.34586],[140.17215,37.34462],[140.16819,37.34586],[140.1674,37.34386],[140.16504,37.33978],[140.16667,37.33798],[140.16285,37.3364],[140.16222,37.33657],[140.15816,37.33494],[140.15587,37.33427],[140.15359,37.33263],[140.15609,37.32904],[140.15305,37.32736],[140.15069,37.32763],[140.14977,37.32862],[140.14935,37.33055],[140.1481,37.33245],[140.14794,37.33504],[140.14834,37.33681],[140.14554,37.34],[140.14398,37.3412],[140.14352,37.34245],[140.14101,37.34463],[140.13854,37.34532],[140.13614,37.34257],[140.13589,37.34095],[140.13639,37.33995],[140.13979,37.33802],[140.13879,37.33729],[140.13689,37.33827],[140.13388,37.33887],[140.1333,37.33654],[140.13206,37.33583],[140.12988,37.33556],[140.1302,37.33462],[140.12817,37.33286],[140.12564,37.33273],[140.12499,37.33121],[140.12252,37.33143],[140.12185,37.32949],[140.12097,37.32835],[140.11747,37.32948],[140.11571,37.32905],[140.11466,37.3296],[140.11402,37.33268],[140.11076,37.33304],[140.1091,37.33224],[140.10724,37.32964],[140.10505,37.32839],[140.1051,37.32644],[140.10604,37.32601],[140.10739,37.32689],[140.10877,37.32577],[140.11183,37.32572],[140.11305,37.32401],[140.11049,37.32294],[140.10844,37.32247],[140.10521,37.32328],[140.10149,37.32489],[140.09956,37.32645],[140.09807,37.32826],[140.09822,37.33164],[140.09703,37.33098],[140.09317,37.33135],[140.09065,37.33278],[140.08829,37.33347],[140.08603,37.33289],[140.08512,37.3331],[140.08451,37.33803],[140.08273,37.33767],[140.07886,37.3375],[140.07651,37.33835],[140.07477,37.33856],[140.07486,37.34063],[140.0769,37.34372],[140.07732,37.345],[140.07651,37.346],[140.07505,37.35148],[140.07598,37.3523],[140.07382,37.35515],[140.07099,37.35481],[140.06957,37.3534],[140.06404,37.35275],[140.0614,37.35265],[140.06106,37.35403],[140.06362,37.35566],[140.06159,37.35758],[140.06062,37.36063],[140.06036,37.36328],[140.06132,37.3636],[140.06231,37.36567],[140.06219,37.36662],[140.0601,37.36737],[140.06107,37.36817],[140.06167,37.37047],[140.06005,37.37175],[140.05877,37.36669],[140.05778,37.3648],[140.05709,37.3609],[140.05729,37.35938],[140.05648,37.35636],[140.05657,37.35442],[140.05602,37.35254],[140.05459,37.35049],[140.05201,37.34872],[140.05319,37.34735],[140.0543,37.34477],[140.05545,37.34486],[140.05612,37.34267],[140.05566,37.34091],[140.05672,37.33839],[140.05798,37.33839],[140.06029,37.34006],[140.06213,37.34],[140.06283,37.33862],[140.06403,37.33829],[140.06487,37.33682],[140.06405,37.33578],[140.06407,37.33324],[140.06363,37.33181],[140.06406,37.32933],[140.06339,37.32667],[140.06117,37.32769],[140.06014,37.32742],[140.0573,37.32768],[140.05389,37.32904],[140.05158,37.33046],[140.05088,37.32989],[140.04928,37.33066],[140.04536,37.33111],[140.04395,37.33184],[140.04117,37.332],[140.03869,37.33468],[140.03573,37.33594],[140.03593,37.33804],[140.03708,37.33892],[140.03924,37.34232],[140.04087,37.3439],[140.04092,37.34492],[140.043,37.34499],[140.04252,37.34067],[140.04136,37.33935],[140.04247,37.33766],[140.0415,37.33674],[140.04078,37.33476],[140.0422,37.33375],[140.04352,37.33448],[140.04268,37.33641],[140.04332,37.33838],[140.04456,37.33979],[140.04519,37.33813],[140.04623,37.33787],[140.04735,37.3392],[140.04827,37.33698],[140.04918,37.33715],[140.04777,37.33992],[140.04595,37.34158],[140.04719,37.34306],[140.04982,37.34501],[140.04788,37.34799],[140.04734,37.3497],[140.04752,37.35129],[140.0483,37.35308],[140.04802,37.35395],[140.05069,37.35554],[140.05138,37.35874],[140.05121,37.36116],[140.05243,37.36432],[140.05338,37.36603],[140.05263,37.3671],[140.05172,37.37077],[140.05223,37.37225],[140.05079,37.37391],[140.05076,37.37511],[140.04948,37.3785],[140.04977,37.37962],[140.04905,37.38063],[140.0497,37.38214],[140.04798,37.38384],[140.0467,37.38645],[140.04598,37.38891],[140.04456,37.38983],[140.04129,37.38956],[140.03872,37.38859],[140.03586,37.38887],[140.03359,37.38979],[140.03256,37.39094],[140.03116,37.38984],[140.03175,37.3885],[140.0349,37.38599],[140.03377,37.38448],[140.03251,37.38389],[140.03227,37.38281],[140.03072,37.38052],[140.02869,37.38169],[140.02584,37.38055],[140.02404,37.3772],[140.02507,37.37554],[140.02602,37.3697],[140.02565,37.36932],[140.02098,37.3688],[140.02164,37.37107],[140.0237,37.37312],[140.02178,37.37368],[140.01863,37.3734],[140.01745,37.37504],[140.01586,37.38076],[140.01307,37.37954],[140.01184,37.37982],[140.01111,37.3813],[140.01306,37.38436],[140.01393,37.38762],[140.01316,37.38999],[140.01337,37.39283],[140.01277,37.39389],[140.0104,37.39575],[140.00884,37.39637]],[[139.99745,37.35776],[139.99803,37.35943],[139.99975,37.35922],[139.99863,37.35797],[139.99745,37.35776]],[[139.95623,37.33736],[139.95875,37.33645],[139.95287,37.33634],[139.95366,37.33716],[139.95623,37.33736]],[[140.01387,37.29304],[140.01241,37.29333],[140.01269,37.2962],[140.01439,37.29641],[140.01532,37.29491],[140.01499,37.29303],[140.01387,37.29304]],[[140.01222,37.29195],[140.0144,37.29186],[140.0146,37.28986],[140.01422,37.28851],[140.01239,37.28683],[140.01068,37.28471],[140.00823,37.28392],[140.00698,37.28428],[140.00741,37.28785],[140.00794,37.28963],[140.00895,37.29023],[140.0095,37.29154],[140.01222,37.29195]],[[140.13299,37.32241],[140.13361,37.3232],[140.13355,37.32535],[140.13505,37.32485],[140.13596,37.3238],[140.13515,37.32186],[140.13347,37.32125],[140.13299,37.32241]],[[140.14708,37.32555],[140.148,37.32646],[140.14953,37.32421],[140.14686,37.32381],[140.14708,37.32555]],[[140.19158,37.32259],[140.19253,37.32134],[140.19495,37.32062],[140.19335,37.3185],[140.19239,37.31847],[140.19003,37.31984],[140.19158,37.32259]],[[140.13972,37.32069],[140.14189,37.32053],[140.14032,37.31665],[140.13861,37.3149],[140.13968,37.31461],[140.14067,37.31246],[140.14061,37.31147],[140.14285,37.31104],[140.14307,37.31018],[140.14108,37.30905],[140.14049,37.31037],[140.13508,37.30952],[140.13246,37.30816],[140.13074,37.30969],[140.12931,37.31003],[140.12594,37.31188],[140.12489,37.31286],[140.1213,37.31302],[140.11992,37.31106],[140.12043,37.30827],[140.12288,37.3075],[140.12342,37.30686],[140.1265,37.30726],[140.12645,37.30604],[140.1237,37.30632],[140.1232,37.30299],[140.12039,37.30273],[140.12006,37.30479],[140.11827,37.30374],[140.11597,37.30658],[140.11695,37.30907],[140.11643,37.3103],[140.11771,37.31157],[140.11691,37.31438],[140.11553,37.31338],[140.11565,37.31163],[140.11195,37.31084],[140.11094,37.31103],[140.10899,37.31252],[140.10899,37.31322],[140.11139,37.31376],[140.11338,37.31498],[140.1149,37.31662],[140.11503,37.31801],[140.11876,37.3219],[140.12325,37.32221],[140.12474,37.32143],[140.12599,37.31928],[140.12717,37.31849],[140.12675,37.31708],[140.12715,37.31567],[140.12657,37.31414],[140.12675,37.3124],[140.12977,37.31053],[140.13198,37.30993],[140.13494,37.30996],[140.13648,37.31042],[140.13741,37.31163],[140.13397,37.31298],[140.13287,37.31383],[140.13394,37.31569],[140.13191,37.31581],[140.13109,37.31746],[140.13246,37.31965],[140.13224,37.32044],[140.13793,37.31972],[140.13972,37.32069]],[[140.14578,37.31965],[140.14601,37.31821],[140.14467,37.31736],[140.14208,37.31723],[140.14157,37.3186],[140.14212,37.31952],[140.14578,37.31965]],[[140.14654,37.31114],[140.14758,37.30804],[140.14681,37.3071],[140.14558,37.3077],[140.14451,37.30907],[140.14654,37.31114]],[[140.07187,37.31029],[140.07238,37.30919],[140.07121,37.30812],[140.06736,37.30821],[140.07034,37.31136],[140.07187,37.31029]],[[140.07675,37.28743],[140.08007,37.28917],[140.08143,37.28857],[140.0813,37.28583],[140.08229,37.2841],[140.07835,37.28284],[140.07736,37.28138],[140.07579,37.2817],[140.07549,37.28329],[140.07417,37.28674],[140.07479,37.2874],[140.07675,37.28743]],[[140.04762,37.26511],[140.04701,37.26754],[140.0479,37.26799],[140.04985,37.26662],[140.04991,37.26519],[140.04762,37.26511]],[[140.17686,37.31635],[140.17785,37.31616],[140.1783,37.31422],[140.17569,37.31516],[140.17686,37.31635]],[[140.12787,37.33085],[140.12652,37.32945],[140.12578,37.33058],[140.12787,37.33085]],[[140.13738,37.33126],[140.13738,37.33429],[140.13534,37.33482],[140.13796,37.33584],[140.13952,37.33508],[140.13873,37.3339],[140.1394,37.33232],[140.13738,37.33126]],[[140.07236,37.3518],[140.07294,37.35125],[140.0742,37.34827],[140.07193,37.34494],[140.07441,37.3422],[140.07442,37.34041],[140.07238,37.34049],[140.07131,37.34217],[140.06909,37.34694],[140.06916,37.34798],[140.07099,37.3485],[140.07022,37.35021],[140.07115,37.35173],[140.07236,37.3518]]]},"properties":{"hoanrinKind":"保安林"}},
{"type":"Feature","geometry":{"type":"Polygon","coordinates":[[[140.28384,37.93945],[140.28412,37.94165],[140.28091,37.94124],[140.27909,37.93938],[140.27818,37.93912],[140.27932,37.93372],[140.2785,37.93252],[140.27824,37.92992],[140.27603,37.92844],[140.27664,37.92664],[140.27424,37.92412],[140.27384,37.92269],[140.27273,37.92151],[140.27218,37.92005],[140.26925,37.91893],[140.26656,37.91709],[140.26614,37.91618],[140.26642,37.91352],[140.26455,37.91209],[140.26511,37.91018],[140.26457,37.90935],[140.2646,37.9064],[140.26569,37.9045],[140.26532,37.9027],[140.26608,37.8997],[140.2675,37.89872],[140.26704,37.89673],[140.26821,37.8954],[140.2707,37.89074],[140.26924,37.88956],[140.26645,37.88899],[140.26727,37.88651],[140.26473,37.88583],[140.26577,37.88327],[140.26504,37.88187],[140.26489,37.87967],[140.26548,37.87868],[140.26755,37.87755],[140.26991,37.8743],[140.26924,37.87363],[140.26879,37.87121],[140.26949,37.86978],[140.26936,37.86791],[140.26991,37.86668],[140.26956,37.86529],[140.26776,37.86483],[140.2656,37.86253],[140.2653,37.86144],[140.26585,37.8589],[140.26742,37.85725],[140.26673,37.85539],[140.26545,37.85495],[140.26629,37.85388],[140.26642,37.85219],[140.26594,37.85027],[140.26624,37.84885],[140.26732,37.84757],[140.26645,37.84503],[140.26269,37.84191],[140.26298,37.83996],[140.2652,37.83887],[140.26305,37.83741],[140.26329,37.83633],[140.26209,37.83442],[140.26275,37.83272],[140.26498,37.83015],[140.26549,37.82836],[140.26692,37.82708],[140.26735,37.82574],[140.26907,37.82526],[140.26881,37.82399],[140.2711,37.82348],[140.27416,37.82181],[140.2754,37.82074],[140.27829,37.82108],[140.27988,37.81934],[140.28262,37.81794],[140.28514,37.81761],[140.28638,37.81804],[140.2876,37.81966],[140.28861,37.82328],[140.29032,37.82431],[140.29166,37.82294],[140.29542,37.82115],[140.2998,37.82076],[140.30291,37.81917],[140.30317,37.81744],[140.30194,37.81547],[140.30289,37.81345],[140.30267,37.81164],[140.30075,37.80868],[140.2996,37.80857],[140.299,37.81048],[140.29767,37.81133],[140.29716,37.8129],[140.29624,37.8137],[140.29416,37.81431],[140.29268,37.81586],[140.29048,37.81592],[140.28498,37.81725],[140.28501,37.81539],[140.28656,37.81523],[140.28758,37.81389],[140.29056,37.81511],[140.29322,37.81376],[140.29357,37.81111],[140.29588,37.8109],[140.29672,37.80915],[140.298,37.809],[140.29878,37.80781],[140.29761,37.80648],[140.29544,37.8057],[140.2948,37.80484],[140.29217,37.8041],[140.291,37.80295],[140.29032,37.80126],[140.28643,37.80084],[140.28219,37.79823],[140.28171,37.79669],[140.2825,37.79305],[140.28232,37.79197],[140.28032,37.79045],[140.27858,37.7882],[140.27699,37.78775],[140.27705,37.78606],[140.2782,37.7846],[140.27627,37.78177],[140.27399,37.78153],[140.27186,37.78048],[140.26845,37.7804],[140.26615,37.77918],[140.26519,37.77761],[140.26258,37.77509],[140.26345,37.77403],[140.26275,37.77288],[140.26046,37.77097],[140.257,37.7697],[140.25549,37.76828],[140.25493,37.76462],[140.25249,37.76345],[140.25044,37.76202],[140.24927,37.76065],[140.24511,37.75896],[140.24407,37.75721],[140.24041,37.75353],[140.24049,37.75106],[140.23891,37.74814],[140.23741,37.74659],[140.23532,37.74577],[140.22869,37.74561],[140.22542,37.74618],[140.22203,37.74629],[140.21947,37.74564],[140.21774,37.74634],[140.21499,37.74809],[140.2111,37.74779],[140.20743,37.7488],[140.2048,37.74753],[140.20345,37.74797],[140.19967,37.75069],[140.19936,37.75243],[140.19599,37.75317],[140.19301,37.75327],[140.19047,37.75297],[140.18851,37.75417],[140.18697,37.7539],[140.18384,37.75502],[140.17877,37.75629],[140.17398,37.75622],[140.17197,37.75588],[140.16931,37.7559],[140.16724,37.7569],[140.16542,37.75701],[140.16079,37.7564],[140.15618,37.75472],[140.154,37.7534],[140.15128,37.75316],[140.14813,37.75255],[140.14592,37.75251],[140.14585,37.75171],[140.14398,37.74626],[140.14204,37.74344],[140.141,37.74265],[140.13979,37.73807],[140.13683,37.73884],[140.13304,37.73831],[140.12945,37.73605],[140.1276,37.73395],[140.12503,37.73378],[140.1221,37.73396],[140.11979,37.73464],[140.11637,37.73422],[140.11404,37.7348],[140.10885,37.73756],[140.10551,37.73837],[140.10354,37.73716],[140.10144,37.73777],[140.10033,37.74006],[140.09821,37.74108],[140.09802,37.74248],[140.09607,37.74377],[140.0956,37.74643],[140.09412,37.74896],[140.09245,37.74986],[140.0905,37.75161],[140.08962,37.75364],[140.08839,37.75532],[140.08688,37.75587],[140.08597,37.75772],[140.08275,37.75752],[140.07971,37.75593],[140.07671,37.7571],[140.07205,37.75751],[140.06995,37.75743],[140.06852,37.75784],[140.06694,37.76012],[140.06721,37.7613],[140.06664,37.76464],[140.06579,37.76521],[140.06444,37.76761],[140.0631,37.76779],[140.06212,37.76901],[140.05783,37.77118],[140.05379,37.77073],[140.05284,37.77112],[140.05402,37.77487],[140.05246,37.77793],[140.05155,37.77908],[140.04803,37.77871],[140.04469,37.77399],[140.04456,37.77291],[140.04292,37.77233],[140.04103,37.77094],[140.03866,37.76869],[140.03683,37.76767],[140.03345,37.76714],[140.03143,37.76826],[140.03004,37.76735],[140.02851,37.76707],[140.02613,37.76597],[140.02416,37.76609],[140.02161,37.76508],[140.02005,37.76341],[140.01949,37.76203],[140.01805,37.76184],[140.01669,37.7625],[140.0141,37.76233],[140.01239,37.76164],[140.01098,37.76228],[140.00985,37.76369],[140.00899,37.76265],[140.00701,37.76206],[140.00565,37.7611],[140.0007,37.75925],[139.99869,37.76108],[139.99659,37.76054],[139.9922,37.75835],[139.98891,37.75954],[139.98721,37.75978],[139.98465,37.75577],[139.98465,37.75388],[139.98301,37.75181],[139.9829,37.75037],[139.98411,37.74792],[139.98687,37.74726],[139.98753,37.7464],[139.9852,37.74541],[139.98399,37.74421],[139.98336,37.74165],[139.98184,37.74048],[139.98064,37.7408],[139.97969,37.74466],[139.97691,37.746],[139.97755,37.74733],[139.97803,37.74989],[139.97735,37.75122],[139.97438,37.74889],[139.97261,37.74606],[139.97028,37.74738],[139.96923,37.74999],[139.96712,37.75132],[139.96768,37.7533],[139.97015,37.75538],[139.97063,37.75336],[139.972,37.75302],[139.97637,37.75549],[139.97588,37.75893],[139.9767,37.75983],[139.97545,37.76181],[139.97392,37.76284],[139.96732,37.76019],[139.96567,37.75682],[139.96163,37.7553],[139.95863,37.7554],[139.95552,37.75626],[139.9536,37.75617],[139.95141,37.75699],[139.94976,37.75705],[139.94508,37.7558],[139.94209,37.75463],[139.9409,37.7545],[139.93885,37.75702],[139.94269,37.76154],[139.94478,37.76253],[139.94881,37.76277],[139.95011,37.76399],[139.95089,37.76583],[139.95285,37.76704],[139.95633,37.76796],[139.95571,37.76969],[139.95391,37.77116],[139.95507,37.77306],[139.95828,37.7744],[139.96034,37.77672],[139.96148,37.77718],[139.96493,37.77669],[139.96536,37.77528],[139.96542,37.77143],[139.96591,37.76901],[139.96725,37.76815],[139.97034,37.76809],[139.97792,37.76683],[139.97815,37.76867],[139.97752,37.77018],[139.97831,37.77101],[139.97851,37.77303],[139.9757,37.77544],[139.97348,37.77566],[139.97158,37.77885],[139.96985,37.77996],[139.96907,37.78159],[139.96717,37.78329],[139.96689,37.78469],[139.96857,37.78783],[139.96753,37.78955],[139.96606,37.79083],[139.96414,37.79109],[139.96145,37.79386],[139.95983,37.79605],[139.95935,37.79796],[139.96035,37.80098],[139.96177,37.80268],[139.96149,37.80577],[139.96028,37.80711],[139.9597,37.81057],[139.95763,37.81453],[139.95508,37.81554],[139.95211,37.81558],[139.94902,37.81662],[139.94748,37.81819],[139.94517,37.81907],[139.94079,37.82154],[139.93904,37.82394],[139.93819,37.82616],[139.93647,37.82792],[139.93307,37.82892],[139.93028,37.82868],[139.92766,37.82707],[139.92795,37.82583],[139.93015,37.82553],[139.92954,37.82462],[139.93007,37.82247],[139.9294,37.82167],[139.92749,37.82131],[139.92797,37.81992],[139.92717,37.81782],[139.9253,37.81617],[139.92545,37.81416],[139.92316,37.8132],[139.92004,37.8137],[139.91733,37.81337],[139.91651,37.8142],[139.90992,37.81409],[139.90884,37.81489],[139.90707,37.81527],[139.90509,37.81436],[139.9025,37.8137],[139.90122,37.81222],[139.89856,37.81007],[139.89417,37.81047],[139.89221,37.81003],[139.88955,37.81088],[139.88807,37.81052],[139.88645,37.80908],[139.885,37.81014],[139.88165,37.81069],[139.87921,37.8102],[139.87897,37.81149],[139.87615,37.81325],[139.87675,37.81669],[139.87551,37.81726],[139.8731,37.81625],[139.86946,37.8188],[139.86785,37.82035],[139.8676,37.82165],[139.86325,37.82453],[139.85807,37.82641],[139.8558,37.82551],[139.85359,37.8232],[139.85196,37.8232],[139.85106,37.82134],[139.8479,37.82051],[139.8444,37.81925],[139.84171,37.81645],[139.84011,37.81613],[139.8384,37.81455],[139.83615,37.81421],[139.83435,37.81539],[139.83227,37.81526],[139.82964,37.81429],[139.82613,37.81165],[139.82447,37.81284],[139.82124,37.81156],[139.8199,37.80997],[139.81882,37.80974],[139.818,37.80829],[139.81635,37.80743],[139.81411,37.80555],[139.81355,37.8042],[139.81014,37.80322],[139.81002,37.80137],[139.80794,37.79875],[139.80823,37.796],[139.807,37.79263],[139.80451,37.79087],[139.80481,37.78912],[139.80577,37.78796],[139.80633,37.78617],[139.80172,37.78252],[139.80043,37.78067],[139.80173,37.77891],[139.80518,37.77953],[139.80984,37.77996],[139.81538,37.78003],[139.81909,37.78046],[139.82369,37.78185],[139.82573,37.78335],[139.83184,37.78547],[139.83226,37.78328],[139.83081,37.78123],[139.83071,37.77957],[139.8316,37.77658],[139.83196,37.77115],[139.83286,37.7681],[139.83329,37.76478],[139.83274,37.76188],[139.83178,37.75968],[139.8329,37.75738],[139.83334,37.75461],[139.83315,37.7536],[139.83187,37.75233],[139.83143,37.74947],[139.83159,37.74729],[139.83219,37.74586],[139.83251,37.74289],[139.83381,37.74007],[139.83402,37.73842],[139.83539,37.73683],[139.83513,37.73546],[139.83729,37.73546],[139.83972,37.73616],[139.8419,37.73741],[139.84282,37.73857],[139.84368,37.74066],[139.84484,37.74173],[139.84861,37.7434],[139.85329,37.74134],[139.85548,37.73985],[139.85731,37.74263],[139.85945,37.74098],[139.86175,37.74208],[139.86418,37.74252],[139.86341,37.74436],[139.86153,37.74641],[139.85928,37.74788],[139.85765,37.74821],[139.85821,37.74997],[139.85968,37.7509],[139.86182,37.75288],[139.86566,37.75257],[139.86689,37.75138],[139.86896,37.75089],[139.86857,37.74889],[139.86901,37.74665],[139.86636,37.74535],[139.86558,37.74366],[139.86699,37.74125],[139.8684,37.74146],[139.86966,37.74361],[139.87193,37.74607],[139.8724,37.74478],[139.87373,37.74377],[139.87618,37.74312],[139.87675,37.74163],[139.87834,37.74151],[139.8793,37.74348],[139.87869,37.74441],[139.87567,37.74512],[139.87441,37.74678],[139.87179,37.74859],[139.8701,37.74904],[139.87088,37.75032],[139.86962,37.75179],[139.87289,37.75167],[139.87412,37.75288],[139.8758,37.75175],[139.87393,37.75134],[139.87265,37.75031],[139.87364,37.74799],[139.87518,37.74755],[139.87708,37.74902],[139.87882,37.74774],[139.87796,37.74623],[139.87864,37.74486],[139.88084,37.74468],[139.88279,37.74599],[139.88269,37.74893],[139.88156,37.7512],[139.88048,37.75548],[139.88128,37.7575],[139.88131,37.75961],[139.87987,37.75987],[139.87895,37.75826],[139.87716,37.75924],[139.8725,37.76011],[139.87049,37.76145],[139.868,37.76392],[139.86678,37.76445],[139.86494,37.76439],[139.86074,37.7589],[139.85679,37.76046],[139.85576,37.76035],[139.85364,37.75822],[139.85455,37.75693],[139.85167,37.75685],[139.84877,37.75625],[139.84799,37.75674],[139.84645,37.7556],[139.84463,37.75573],[139.84537,37.75985],[139.84382,37.75896],[139.84421,37.75576],[139.84233,37.75594],[139.84216,37.75953],[139.84331,37.76205],[139.84357,37.76485],[139.84238,37.76709],[139.84151,37.76966],[139.84262,37.77179],[139.84171,37.77373],[139.84135,37.77565],[139.84044,37.77674],[139.83965,37.78053],[139.83776,37.7843],[139.83665,37.7881],[139.83997,37.78925],[139.84277,37.78986],[139.84423,37.78978],[139.8457,37.78876],[139.84616,37.78577],[139.84687,37.78489],[139.84637,37.77933],[139.84655,37.77661],[139.84942,37.77657],[139.84954,37.77527],[139.84857,37.77402],[139.84688,37.77307],[139.84369,37.77318],[139.84435,37.77158],[139.84328,37.76896],[139.84451,37.76576],[139.84658,37.76491],[139.85193,37.76465],[139.8555,37.76394],[139.8569,37.76412],[139.86178,37.76667],[139.86178,37.76744],[139.85979,37.76817],[139.85855,37.77035],[139.85931,37.77174],[139.86242,37.77168],[139.864,37.77246],[139.86615,37.77283],[139.86846,37.77219],[139.87316,37.7703],[139.87407,37.76831],[139.87425,37.7659],[139.87361,37.76405],[139.87393,37.76298],[139.87703,37.76159],[139.87953,37.76178],[139.88192,37.76132],[139.88281,37.75948],[139.88217,37.75763],[139.8839,37.75639],[139.88656,37.75556],[139.88637,37.75317],[139.88774,37.75184],[139.89069,37.75257],[139.8939,37.75254],[139.89768,37.75416],[139.89908,37.75519],[139.90373,37.75976],[139.90575,37.76025],[139.90604,37.75904],[139.90538,37.7575],[139.90599,37.7545],[139.90808,37.75543],[139.90679,37.76036],[139.90766,37.76088],[139.90954,37.7575],[139.91052,37.75514],[139.91253,37.75659],[139.91309,37.75776],[139.91323,37.7599],[139.91487,37.76164],[139.9156,37.76421],[139.91694,37.76574],[139.91807,37.76829],[139.92025,37.76989],[139.92034,37.76834],[139.91877,37.76786],[139.91862,37.76641],[139.91701,37.76419],[139.91634,37.7619],[139.9139,37.75927],[139.91335,37.75736],[139.91382,37.75593],[139.91232,37.7546],[139.91266,37.75378],[139.91546,37.75358],[139.91834,37.75448],[139.92003,37.75439],[139.9207,37.75354],[139.91921,37.75101],[139.92176,37.74902],[139.92375,37.74841],[139.92307,37.74747],[139.91761,37.74916],[139.91551,37.74804],[139.91505,37.74645],[139.9159,37.74406],[139.91904,37.73787],[139.91692,37.7362],[139.91593,37.73481],[139.91276,37.73432],[139.90877,37.73214],[139.90699,37.73079],[139.90552,37.72891],[139.90366,37.72843],[139.90081,37.72876],[139.89972,37.72834],[139.89631,37.72548],[139.89678,37.72335],[139.89985,37.72275],[139.89918,37.72092],[139.90299,37.72135],[139.90577,37.72273],[139.9093,37.72395],[139.91079,37.72571],[139.91049,37.72647],[139.90727,37.72501],[139.90921,37.72807],[139.91021,37.72832],[139.91094,37.73033],[139.91389,37.72944],[139.91578,37.72843],[139.91762,37.72911],[139.91944,37.7282],[139.92228,37.72844],[139.92234,37.73287],[139.9219,37.73452],[139.92268,37.73744],[139.92273,37.73933],[139.92391,37.73967],[139.92641,37.7418],[139.92802,37.74104],[139.92989,37.73943],[139.93438,37.73885],[139.93708,37.73928],[139.93836,37.74252],[139.94259,37.744],[139.94482,37.74375],[139.94708,37.74416],[139.95119,37.74414],[139.95469,37.74567],[139.95664,37.74568],[139.95773,37.74493],[139.95866,37.74021],[139.9584,37.73963],[139.95572,37.73884],[139.95567,37.7376],[139.95421,37.73634],[139.95292,37.7342],[139.95038,37.73192],[139.95362,37.73195],[139.95512,37.73133],[139.95715,37.7281],[139.9557,37.72699],[139.95394,37.72857],[139.95205,37.72926],[139.95099,37.72864],[139.95292,37.72642],[139.9562,37.72358],[139.96257,37.72356],[139.96393,37.7223],[139.96617,37.72245],[139.96743,37.72189],[139.96805,37.71857],[139.96591,37.71774],[139.96332,37.71516],[139.96184,37.71121],[139.96444,37.70912],[139.96773,37.70752],[139.96845,37.70635],[139.97066,37.70548],[139.9734,37.70623],[139.97551,37.70515],[139.97857,37.70487],[139.97987,37.7078],[139.97927,37.71124],[139.97638,37.71508],[139.97685,37.71577],[139.97904,37.71584],[139.98039,37.71704],[139.98263,37.71811],[139.98519,37.71836],[139.98767,37.71786],[139.99048,37.7181],[139.99313,37.72115],[139.99534,37.72118],[139.99665,37.72211],[139.99846,37.72148],[140.00079,37.71879],[140.00397,37.71837],[140.0064,37.71765],[140.00942,37.71617],[140.01089,37.71602],[140.01124,37.7138],[140.01311,37.71303],[140.01459,37.71408],[140.01622,37.71302],[140.01853,37.71414],[140.02267,37.71569],[140.02386,37.71562],[140.02738,37.71442],[140.029,37.7146],[140.03084,37.71608],[140.0294,37.71751],[140.02972,37.71931],[140.02952,37.72167],[140.02819,37.72318],[140.0284,37.72458],[140.02702,37.72761],[140.0255,37.72898],[140.02213,37.7299],[140.0213,37.72953],[140.01798,37.72963],[140.01713,37.73013],[140.01858,37.73179],[140.02302,37.73104],[140.0249,37.72981],[140.02684,37.72957],[140.02893,37.73032],[140.02934,37.73103],[140.03063,37.73634],[140.03029,37.73774],[140.02885,37.73892],[140.02567,37.73926],[140.02418,37.73857],[140.02071,37.73797],[140.01872,37.73791],[140.01655,37.73718],[140.01618,37.73962],[140.01858,37.73926],[140.02805,37.74048],[140.03019,37.74016],[140.03026,37.74123],[140.02911,37.7439],[140.0275,37.74443],[140.0263,37.74545],[140.02286,37.74617],[140.02279,37.7471],[140.02524,37.74725],[140.0272,37.74694],[140.02913,37.74525],[140.03154,37.74471],[140.032,37.74295],[140.03315,37.74206],[140.03267,37.73943],[140.03302,37.73647],[140.03243,37.7339],[140.03129,37.73199],[140.03102,37.73047],[140.02968,37.72768],[140.03097,37.72551],[140.03182,37.72292],[140.03384,37.72215],[140.03649,37.72317],[140.0366,37.72388],[140.03499,37.72494],[140.03532,37.72554],[140.03765,37.72527],[140.041,37.72299],[140.04265,37.72526],[140.04147,37.7256],[140.04018,37.72828],[140.04113,37.73143],[140.04456,37.73153],[140.04525,37.72995],[140.04678,37.72985],[140.04668,37.73315],[140.04776,37.73558],[140.04736,37.73737],[140.0492,37.7372],[140.04968,37.73462],[140.05181,37.73519],[140.05307,37.73483],[140.05329,37.73384],[140.05251,37.73269],[140.05246,37.73039],[140.05478,37.7285],[140.0572,37.72918],[140.0587,37.73174],[140.06172,37.72979],[140.06155,37.72832],[140.06314,37.72761],[140.06538,37.72799],[140.06604,37.72891],[140.06613,37.73229],[140.06434,37.73537],[140.06476,37.73739],[140.06601,37.73815],[140.06928,37.73817],[140.07121,37.737],[140.07219,37.73992],[140.07181,37.74263],[140.0741,37.74114],[140.07425,37.74015],[140.07234,37.73637],[140.07365,37.73462],[140.0738,37.73344],[140.07569,37.7331],[140.07522,37.73212],[140.07582,37.73009],[140.07906,37.72939],[140.07906,37.72724],[140.0802,37.72419],[140.07994,37.72145],[140.08086,37.71914],[140.08188,37.71919],[140.08795,37.721],[140.09043,37.72212],[140.09373,37.72161],[140.09686,37.7192],[140.09953,37.71962],[140.10385,37.72299],[140.10539,37.72349],[140.10719,37.72336],[140.10941,37.72526],[140.11282,37.72648],[140.11476,37.72592],[140.11596,37.72202],[140.11733,37.72057],[140.11906,37.71719],[140.1207,37.71555],[140.12436,37.71565],[140.12625,37.71739],[140.12775,37.71983],[140.12938,37.72091],[140.13042,37.71914],[140.12865,37.71649],[140.12985,37.71603],[140.13227,37.71381],[140.1329,37.71269],[140.13308,37.71033],[140.13374,37.70906],[140.13407,37.7058],[140.13643,37.70766],[140.1369,37.71134],[140.13759,37.71226],[140.14304,37.71719],[140.14389,37.71757],[140.14453,37.71445],[140.14428,37.71277],[140.14285,37.70964],[140.14254,37.70826],[140.1433,37.705],[140.14207,37.70225],[140.14173,37.69977],[140.14222,37.69661],[140.14322,37.69571],[140.14839,37.69488],[140.15132,37.69594],[140.15412,37.69572],[140.15499,37.69859],[140.1576,37.69997],[140.1608,37.70067],[140.16315,37.70152],[140.16647,37.70129],[140.17134,37.70174],[140.17499,37.70115],[140.18121,37.69932],[140.18362,37.69912],[140.18685,37.69987],[140.18844,37.70149],[140.18935,37.70152],[140.19196,37.69943],[140.19513,37.69875],[140.19768,37.69746],[140.20034,37.69709],[140.20478,37.69705],[140.21039,37.69766],[140.2124,37.69729],[140.21484,37.69618],[140.22068,37.69301],[140.22462,37.69194],[140.2283,37.69029],[140.23155,37.68965],[140.23196,37.6888],[140.2321,37.68528],[140.23134,37.68358],[140.23021,37.67974],[140.23161,37.6785],[140.23504,37.6781],[140.23558,37.67766],[140.23447,37.67294],[140.23469,37.66951],[140.23711,37.6685],[140.24149,37.66908],[140.24489,37.66776],[140.24733,37.66833],[140.2463,37.66582],[140.24595,37.66388],[140.24947,37.66375],[140.25099,37.66235],[140.2513,37.66091],[140.25015,37.65882],[140.2527,37.65941],[140.25476,37.66094],[140.25622,37.66314],[140.25716,37.66294],[140.25894,37.65948],[140.26006,37.65856],[140.26381,37.65706],[140.26462,37.65604],[140.26487,37.65521],[140.26496,37.65261],[140.26543,37.65148],[140.26365,37.65134],[140.26191,37.65242],[140.25988,37.65252],[140.25508,37.65159],[140.25432,37.65316],[140.25605,37.65324],[140.25939,37.65408],[140.26302,37.65404],[140.26416,37.65497],[140.26429,37.65632],[140.26186,37.65733],[140.26181,37.65633],[140.25856,37.65689],[140.25409,37.65352],[140.25398,37.6521],[140.25587,37.64985],[140.25382,37.64924],[140.25258,37.64973],[140.24938,37.64855],[140.24634,37.6494],[140.24307,37.64902],[140.24118,37.64796],[140.23633,37.64449],[140.23004,37.64291],[140.22656,37.6426],[140.22341,37.64161],[140.21889,37.6365],[140.21927,37.63237],[140.21675,37.63065],[140.21504,37.63014],[140.21377,37.62796],[140.21339,37.62621],[140.21727,37.62765],[140.21979,37.62917],[140.22195,37.62804],[140.22465,37.62974],[140.22724,37.62962],[140.22909,37.62844],[140.23114,37.62889],[140.23339,37.63012],[140.23541,37.63042],[140.23744,37.63253],[140.24037,37.63299],[140.24298,37.63158],[140.24514,37.63235],[140.24547,37.63063],[140.24776,37.63045],[140.25089,37.62967],[140.25084,37.62862],[140.25292,37.62919],[140.25484,37.62732],[140.255,37.62657],[140.2521,37.6265],[140.25152,37.62579],[140.25331,37.62473],[140.25419,37.62255],[140.25726,37.62435],[140.25778,37.62403],[140.25468,37.62203],[140.25701,37.61793],[140.26189,37.61993],[140.26429,37.62041],[140.26693,37.61958],[140.27154,37.61734],[140.27213,37.61681],[140.27138,37.6146],[140.27158,37.61265],[140.26945,37.61142],[140.26762,37.61122],[140.26665,37.60841],[140.26479,37.60441],[140.26272,37.60284],[140.25986,37.60156],[140.25448,37.6005],[140.25321,37.59972],[140.24893,37.59925],[140.24753,37.59861],[140.24422,37.5958],[140.24322,37.59547],[140.24232,37.59315],[140.24079,37.59274],[140.23957,37.59069],[140.23828,37.59023],[140.23807,37.58917],[140.23895,37.58624],[140.23978,37.58532],[140.23885,37.58306],[140.23938,37.58039],[140.23863,37.57797],[140.24043,37.57637],[140.23956,37.57547],[140.23829,37.57221],[140.23698,37.57068],[140.23707,37.56973],[140.23832,37.56909],[140.24353,37.56882],[140.24553,37.5684],[140.24801,37.56712],[140.24931,37.56572],[140.24856,37.56449],[140.24916,37.56373],[140.2529,37.56347],[140.25533,37.56227],[140.25537,37.55851],[140.25369,37.55299],[140.2544,37.55001],[140.25495,37.54934],[140.25709,37.54908],[140.25739,37.5497],[140.256,37.55295],[140.25704,37.55661],[140.25732,37.56],[140.25669,37.56231],[140.25541,37.56492],[140.25676,37.56709],[140.25989,37.56845],[140.26211,37.56404],[140.26239,37.56247],[140.26186,37.561],[140.26031,37.55851],[140.25903,37.55479],[140.2599,37.55218],[140.26137,37.55113],[140.2645,37.54963],[140.26562,37.54672],[140.26772,37.54682],[140.26743,37.54773],[140.26961,37.55088],[140.27227,37.55291],[140.27502,37.55387],[140.2777,37.55414],[140.27955,37.5538],[140.27997,37.55227],[140.27824,37.55004],[140.27573,37.54791],[140.27517,37.54664],[140.27791,37.54665],[140.28025,37.54703],[140.28043,37.54783],[140.28217,37.54852],[140.28547,37.54591],[140.28708,37.54549],[140.29035,37.54603],[140.29233,37.54711],[140.2919,37.5478],[140.2884,37.54789],[140.28369,37.54834],[140.28387,37.54899],[140.28298,37.55285],[140.28079,37.55502],[140.27862,37.55784],[140.2772,37.55868],[140.27577,37.56021],[140.27557,37.56202],[140.2742,37.56587],[140.27473,37.56698],[140.27615,37.56808],[140.27391,37.57159],[140.27534,37.57413],[140.27592,37.57761],[140.27684,37.58058],[140.27767,37.58156],[140.28222,37.58256],[140.2833,37.58205],[140.28674,37.58263],[140.28798,37.58244],[140.29139,37.58106],[140.29511,37.58129],[140.29479,37.58326],[140.293,37.58308],[140.29393,37.58477],[140.29465,37.58782],[140.29406,37.58987],[140.29581,37.59051],[140.29953,37.58666],[140.30144,37.58696],[140.30204,37.58948],[140.30267,37.59015],[140.30494,37.58838],[140.30832,37.58697],[140.31088,37.58826],[140.31132,37.58925],[140.31011,37.59124],[140.31074,37.59395],[140.315,37.593],[140.31697,37.59366],[140.32244,37.59286],[140.32583,37.59346],[140.32801,37.59294],[140.32924,37.59151],[140.33238,37.59053],[140.33579,37.58911],[140.3368,37.59036],[140.33463,37.59194],[140.33396,37.59146],[140.33245,37.59298],[140.32861,37.59476],[140.32736,37.59617],[140.32581,37.59497],[140.32425,37.59525],[140.3212,37.5949],[140.31826,37.59567],[140.31869,37.59792],[140.31544,37.60016],[140.31764,37.6009],[140.31775,37.60228],[140.31603,37.60278],[140.31794,37.60452],[140.3153,37.60471],[140.31482,37.60528],[140.31653,37.60801],[140.31719,37.61081],[140.31958,37.61181],[140.32009,37.61306],[140.31589,37.61284],[140.31439,37.61362],[140.31521,37.61659],[140.31206,37.61711],[140.31179,37.61835],[140.31372,37.61972],[140.31623,37.62067],[140.31567,37.62172],[140.31374,37.6215],[140.31159,37.62257],[140.30899,37.62321],[140.30959,37.62495],[140.31346,37.62571],[140.31466,37.62644],[140.31621,37.62487],[140.31926,37.62483],[140.32094,37.62642],[140.32014,37.62679],[140.31947,37.62911],[140.31686,37.6301],[140.31386,37.63257],[140.31435,37.63346],[140.31926,37.63324],[140.32322,37.63418],[140.32502,37.63416],[140.32825,37.63358],[140.33366,37.6357],[140.33265,37.6373],[140.33252,37.6387],[140.33016,37.63888],[140.32926,37.63653],[140.32718,37.63625],[140.32621,37.63683],[140.32792,37.6398],[140.33006,37.64131],[140.33197,37.6411],[140.33705,37.64188],[140.34064,37.64215],[140.34058,37.6432],[140.33884,37.64348],[140.33717,37.64245],[140.33597,37.64254],[140.33527,37.64368],[140.33128,37.64332],[140.33122,37.64216],[140.32719,37.64121],[140.32347,37.64133],[140.32144,37.64057],[140.31935,37.64077],[140.31435,37.6418],[140.31198,37.64266],[140.30776,37.64373],[140.30531,37.64391],[140.30764,37.64666],[140.30768,37.64732],[140.3057,37.64822],[140.30288,37.64879],[140.30303,37.65009],[140.30443,37.65077],[140.30695,37.65101],[140.30866,37.65077],[140.30901,37.65211],[140.31167,37.65306],[140.31766,37.65335],[140.32081,37.65442],[140.32242,37.65369],[140.32286,37.65168],[140.3236,37.65115],[140.32666,37.6505],[140.32929,37.65201],[140.32712,37.65222],[140.32528,37.65323],[140.32521,37.65485],[140.32684,37.65622],[140.32907,37.6611],[140.3276,37.66129],[140.32745,37.66326],[140.32885,37.66587],[140.32978,37.66677],[140.32854,37.66798],[140.32812,37.67108],[140.32671,37.67098],[140.32472,37.66974],[140.31961,37.66973],[140.31773,37.67139],[140.31648,37.67164],[140.3153,37.67101],[140.31488,37.66967],[140.31605,37.66864],[140.31488,37.66787],[140.31252,37.66778],[140.31196,37.66662],[140.31041,37.66542],[140.30761,37.66639],[140.30711,37.66923],[140.30528,37.66876],[140.30338,37.66743],[140.30185,37.66495],[140.29766,37.66401],[140.29674,37.66348],[140.29487,37.66574],[140.28897,37.66447],[140.28544,37.66427],[140.28336,37.66539],[140.2867,37.6688],[140.29113,37.66809],[140.29271,37.66886],[140.29535,37.66887],[140.29684,37.66964],[140.29901,37.66965],[140.30038,37.66858],[140.30334,37.66844],[140.30445,37.66936],[140.30962,37.67048],[140.31256,37.67014],[140.31346,37.67118],[140.31121,37.67229],[140.31131,37.67345],[140.31345,37.67353],[140.31618,37.6743],[140.317,37.67388],[140.31914,37.67439],[140.32045,37.67516],[140.31922,37.67735],[140.31834,37.67734],[140.31725,37.67598],[140.31483,37.6748],[140.31409,37.67586],[140.31643,37.67651],[140.31493,37.67787],[140.31281,37.67811],[140.31109,37.67677],[140.31062,37.67582],[140.30637,37.67572],[140.30371,37.67782],[140.30122,37.67811],[140.29832,37.67727],[140.29522,37.67811],[140.29221,37.68114],[140.2932,37.68143],[140.29709,37.68104],[140.30078,37.68158],[140.30423,37.68296],[140.30608,37.6822],[140.31158,37.68175],[140.31138,37.68422],[140.30928,37.68647],[140.31036,37.68682],[140.31202,37.68598],[140.31518,37.68312],[140.31601,37.68316],[140.3168,37.67973],[140.31842,37.67894],[140.31872,37.68016],[140.32083,37.68044],[140.31962,37.68182],[140.3207,37.68349],[140.32179,37.6829],[140.32337,37.68566],[140.3259,37.6846],[140.32717,37.68548],[140.3266,37.68659],[140.32338,37.68707],[140.31991,37.68855],[140.32379,37.68949],[140.3235,37.691],[140.32421,37.69222],[140.32229,37.69252],[140.32107,37.69416],[140.32132,37.69615],[140.31857,37.69784],[140.31812,37.70053],[140.31706,37.70205],[140.3182,37.70278],[140.31798,37.70502],[140.3194,37.70535],[140.32052,37.70406],[140.32184,37.70441],[140.32451,37.70366],[140.3246,37.70225],[140.32667,37.70189],[140.33013,37.70042],[140.33162,37.6986],[140.33401,37.69842],[140.33509,37.69948],[140.33233,37.69986],[140.33077,37.70049],[140.32991,37.7015],[140.32988,37.70322],[140.3278,37.70372],[140.32779,37.70478],[140.32631,37.7055],[140.32089,37.70573],[140.31838,37.70637],[140.3164,37.70803],[140.31552,37.71002],[140.31421,37.70997],[140.31199,37.70761],[140.3107,37.70719],[140.30928,37.70594],[140.30753,37.7053],[140.30686,37.70721],[140.30524,37.70648],[140.30326,37.70653],[140.30062,37.70725],[140.29876,37.70683],[140.29701,37.70557],[140.29515,37.70655],[140.29648,37.70828],[140.2954,37.70978],[140.29672,37.7117],[140.2995,37.71142],[140.29884,37.71317],[140.29721,37.71452],[140.29687,37.71621],[140.2975,37.71742],[140.30048,37.71764],[140.30259,37.71734],[140.30289,37.71826],[140.3002,37.71849],[140.30254,37.72046],[140.303,37.7228],[140.30236,37.725],[140.3008,37.72777],[140.30262,37.73007],[140.30514,37.7319],[140.30576,37.73293],[140.30408,37.73385],[140.30575,37.73443],[140.30902,37.73431],[140.31151,37.73502],[140.3144,37.73787],[140.31398,37.7385],[140.31534,37.74003],[140.31976,37.74006],[140.32188,37.74054],[140.32497,37.73978],[140.32544,37.74161],[140.32725,37.74123],[140.3293,37.74179],[140.33413,37.74088],[140.33495,37.7397],[140.3382,37.74124],[140.34159,37.74325],[140.34433,37.74423],[140.34354,37.74621],[140.34844,37.74662],[140.35054,37.74798],[140.35089,37.75066],[140.35,37.75525],[140.34848,37.75598],[140.34726,37.75469],[140.34773,37.75263],[140.34893,37.75253],[140.34917,37.75113],[140.34543,37.75001],[140.34405,37.74861],[140.3413,37.7475],[140.33902,37.74751],[140.33884,37.74526],[140.33579,37.74377],[140.33329,37.7438],[140.33187,37.74305],[140.32787,37.74479],[140.32453,37.74478],[140.32269,37.74425],[140.32073,37.74486],[140.31822,37.74488],[140.31489,37.74569],[140.31232,37.74661],[140.31008,37.74799],[140.30841,37.74851],[140.30724,37.74771],[140.30368,37.7475],[140.30239,37.74859],[140.29919,37.74901],[140.29563,37.74866],[140.29266,37.74956],[140.28694,37.75009],[140.28434,37.75006],[140.2852,37.75282],[140.28737,37.75457],[140.2882,37.75611],[140.28135,37.75431],[140.2768,37.75405],[140.27558,37.75447],[140.2759,37.75811],[140.27832,37.75869],[140.28086,37.76073],[140.28194,37.76093],[140.28269,37.75777],[140.28789,37.75901],[140.28505,37.75707],[140.29099,37.75733],[140.2922,37.75794],[140.29513,37.76026],[140.29365,37.76315],[140.2944,37.76531],[140.29683,37.76542],[140.29931,37.76607],[140.29771,37.76812],[140.30006,37.77262],[140.29882,37.77454],[140.29752,37.77387],[140.29583,37.77393],[140.29475,37.77478],[140.29297,37.77488],[140.29195,37.77595],[140.28934,37.77504],[140.28745,37.77583],[140.28614,37.78076],[140.285,37.78212],[140.28488,37.78341],[140.28591,37.78522],[140.28779,37.78723],[140.29029,37.78815],[140.29031,37.78724],[140.29348,37.78534],[140.29396,37.78644],[140.29387,37.78824],[140.29285,37.79076],[140.29115,37.79064],[140.28844,37.78987],[140.28673,37.79123],[140.28597,37.79318],[140.29054,37.79656],[140.29273,37.79843],[140.29176,37.79987],[140.29272,37.80116],[140.29592,37.80083],[140.29664,37.80452],[140.29901,37.80538],[140.30084,37.80414],[140.30096,37.8031],[140.29968,37.80138],[140.29729,37.79895],[140.29546,37.79759],[140.29291,37.79637],[140.29517,37.79433],[140.29573,37.79293],[140.29695,37.79345],[140.29775,37.79484],[140.30081,37.79612],[140.30259,37.79524],[140.30559,37.79501],[140.30818,37.7943],[140.31111,37.7945],[140.31308,37.79402],[140.31571,37.7963],[140.31576,37.79883],[140.31799,37.80087],[140.32273,37.8021],[140.32485,37.80177],[140.32501,37.80346],[140.32628,37.80427],[140.32824,37.80454],[140.33076,37.80642],[140.33313,37.80709],[140.33553,37.8072],[140.33593,37.80838],[140.33468,37.80864],[140.33357,37.81095],[140.3301,37.81044],[140.32697,37.81045],[140.32188,37.81103],[140.32062,37.81237],[140.32192,37.81339],[140.32379,37.81399],[140.32582,37.81659],[140.32741,37.8178],[140.32591,37.81895],[140.32592,37.82126],[140.32375,37.82118],[140.32174,37.82338],[140.3191,37.82334],[140.31835,37.8245],[140.31845,37.82617],[140.31732,37.82759],[140.31746,37.82883],[140.31677,37.83028],[140.31676,37.83305],[140.31863,37.83271],[140.32052,37.83462],[140.32182,37.8351],[140.32218,37.83667],[140.32016,37.8371],[140.32063,37.83933],[140.31931,37.83937],[140.3189,37.83837],[140.3144,37.83967],[140.30912,37.84055],[140.30759,37.8406],[140.30311,37.83966],[140.30081,37.83852],[140.29981,37.83733],[140.29854,37.8372],[140.29736,37.83992],[140.29438,37.84277],[140.29687,37.84406],[140.29818,37.8438],[140.29884,37.84135],[140.29979,37.83928],[140.30374,37.84072],[140.30549,37.84085],[140.306,37.84266],[140.30944,37.84182],[140.31342,37.84054],[140.31713,37.84095],[140.31979,37.84357],[140.3241,37.84617],[140.32657,37.84601],[140.3307,37.84612],[140.33213,37.84591],[140.33329,37.84468],[140.33565,37.8446],[140.33804,37.84498],[140.33953,37.8446],[140.34164,37.84205],[140.34489,37.84212],[140.34574,37.84111],[140.34686,37.84139],[140.34765,37.8428],[140.35083,37.8438],[140.35413,37.84318],[140.35642,37.84339],[140.35896,37.84206],[140.3592,37.84134],[140.36473,37.84117],[140.3651,37.84261],[140.36444,37.8435],[140.36248,37.8428],[140.36203,37.8434],[140.35909,37.84323],[140.35797,37.845],[140.35444,37.84788],[140.35362,37.84967],[140.35356,37.85186],[140.35509,37.85611],[140.354,37.85781],[140.35153,37.85868],[140.34916,37.8605],[140.34744,37.86366],[140.34928,37.86443],[140.35027,37.8663],[140.35211,37.86719],[140.35305,37.86549],[140.35417,37.86467],[140.35955,37.86537],[140.36269,37.86737],[140.3628,37.86813],[140.36589,37.86775],[140.36716,37.86688],[140.37043,37.86638],[140.37192,37.8684],[140.37341,37.86905],[140.37741,37.87005],[140.38287,37.87038],[140.38296,37.86984],[140.38109,37.86705],[140.38047,37.86295],[140.37976,37.86081],[140.37989,37.85914],[140.38407,37.85681],[140.38776,37.85686],[140.39031,37.85568],[140.3937,37.85579],[140.39847,37.8556],[140.399,37.85634],[140.39823,37.85743],[140.39375,37.85931],[140.39217,37.86037],[140.39382,37.86089],[140.39764,37.85966],[140.40036,37.86093],[140.39914,37.86458],[140.39716,37.86693],[140.39695,37.86949],[140.39283,37.86959],[140.38985,37.87055],[140.38808,37.8706],[140.38454,37.87016],[140.38374,37.87378],[140.38446,37.87546],[140.38405,37.87834],[140.38468,37.8813],[140.38629,37.88201],[140.38643,37.88348],[140.38554,37.88463],[140.38652,37.88695],[140.38777,37.88897],[140.3868,37.89055],[140.3869,37.89174],[140.38623,37.89393],[140.38211,37.89909],[140.38078,37.89948],[140.38011,37.90146],[140.37883,37.90295],[140.37791,37.90687],[140.37782,37.90849],[140.37622,37.91103],[140.3771,37.91226],[140.38039,37.91407],[140.38553,37.91757],[140.38644,37.91898],[140.38599,37.92221],[140.38755,37.92444],[140.38682,37.92567],[140.38445,37.92711],[140.38278,37.9287],[140.3814,37.92729],[140.37971,37.92837],[140.37975,37.9258],[140.37791,37.92475],[140.37674,37.92602],[140.37801,37.92637],[140.37869,37.93075],[140.37753,37.93195],[140.37631,37.93221],[140.37367,37.93171],[140.37199,37.93288],[140.36912,37.93343],[140.36855,37.9352],[140.36641,37.93779],[140.36401,37.93761],[140.36439,37.93625],[140.36251,37.9339],[140.36087,37.93275],[140.35745,37.93225],[140.35747,37.93335],[140.35933,37.93363],[140.36121,37.93459],[140.36159,37.93641],[140.36022,37.93695],[140.3554,37.93573],[140.3519,37.93522],[140.34353,37.9355],[140.34173,37.93581],[140.33703,37.93569],[140.33309,37.93451],[140.33226,37.93256],[140.3335,37.93234],[140.33175,37.93005],[140.33091,37.92963],[140.32931,37.93029],[140.32929,37.9332],[140.33012,37.93531],[140.32624,37.9355],[140.32253,37.93763],[140.32117,37.93753],[140.31742,37.93475],[140.31576,37.93279],[140.31332,37.93282],[140.30799,37.93157],[140.30492,37.93151],[140.30249,37.93372],[140.29838,37.9347],[140.29701,37.93452],[140.29358,37.93228],[140.29103,37.93105],[140.28822,37.93041],[140.28549,37.931],[140.28219,37.93295],[140.28261,37.93452],[140.28436,37.93684],[140.28384,37.93945]],[[140.36157,37.91645],[140.36148,37.91712],[140.36321,37.91808],[140.36598,37.91809],[140.36678,37.9155],[140.36428,37.91427],[140.36358,37.91503],[140.36361,37.9168],[140.36157,37.91645]],[[140.27576,37.8654],[140.27946,37.86661],[140.28184,37.86626],[140.28421,37.8665],[140.28324,37.86512],[140.28331,37.86384],[140.29056,37.86379],[140.29058,37.86232],[140.28938,37.85937],[140.29017,37.85664],[140.28903,37.85479],[140.28812,37.85203],[140.28681,37.85023],[140.2866,37.8479],[140.28446,37.84711],[140.28231,37.84728],[140.27999,37.84795],[140.27806,37.84983],[140.27796,37.85384],[140.27655,37.85548],[140.2748,37.8568],[140.27362,37.85831],[140.27117,37.86009],[140.27232,37.8612],[140.27199,37.86478],[140.27576,37.8654]],[[140.28878,37.84865],[140.28898,37.84913],[140.29211,37.84945],[140.29136,37.84841],[140.28878,37.84865]],[[140.32103,37.81024],[140.3228,37.80976],[140.32489,37.80753],[140.32491,37.80513],[140.32341,37.80338],[140.32048,37.80356],[140.3189,37.80304],[140.31603,37.80318],[140.31602,37.80421],[140.31435,37.80482],[140.31268,37.80366],[140.31147,37.80381],[140.31032,37.80506],[140.30868,37.80574],[140.30831,37.8073],[140.31015,37.80901],[140.31355,37.80993],[140.31647,37.80946],[140.32016,37.80984],[140.32103,37.81024]],[[140.2584,37.74028],[140.26221,37.74098],[140.26207,37.73938],[140.26364,37.73825],[140.2652,37.73906],[140.26663,37.73732],[140.26973,37.73556],[140.27243,37.73468],[140.27643,37.73616],[140.27712,37.7344],[140.2791,37.7326],[140.27966,37.73076],[140.28735,37.72972],[140.28477,37.72759],[140.28356,37.72478],[140.28189,37.72322],[140.27746,37.72336],[140.2764,37.72222],[140.27512,37.72226],[140.27312,37.72334],[140.27053,37.72228],[140.26464,37.72205],[140.26363,37.72123],[140.26337,37.71669],[140.26154,37.71605],[140.25984,37.71745],[140.25784,37.71838],[140.25587,37.71663],[140.256,37.71568],[140.25385,37.71458],[140.25287,37.71716],[140.25168,37.71694],[140.25118,37.71854],[140.24623,37.72001],[140.24368,37.72165],[140.24224,37.72164],[140.241,37.72054],[140.23719,37.71524],[140.23532,37.71326],[140.23449,37.71071],[140.23355,37.70974],[140.23074,37.70989],[140.22952,37.71281],[140.22888,37.71555],[140.22913,37.71773],[140.23029,37.72181],[140.22972,37.72568],[140.23076,37.72856],[140.23212,37.73049],[140.23798,37.73229],[140.23818,37.73306],[140.24084,37.73308],[140.24345,37.73511],[140.24164,37.73602],[140.24023,37.73887],[140.2434,37.74011],[140.24447,37.73992],[140.24604,37.7383],[140.24892,37.73713],[140.25097,37.73668],[140.25281,37.73579],[140.2584,37.74028]],[[140.29297,37.72997],[140.29334,37.731],[140.29468,37.73105],[140.29654,37.73],[140.29711,37.72831],[140.29582,37.7276],[140.29533,37.72617],[140.29375,37.7262],[140.29198,37.7278],[140.29173,37.72923],[140.29297,37.72997]],[[140.06117,37.75566],[140.06098,37.75447],[140.05926,37.7536],[140.05804,37.75414],[140.05508,37.75368],[140.05375,37.75452],[140.05425,37.75528],[140.05624,37.75564],[140.058,37.75676],[140.05911,37.75681],[140.06117,37.75566]],[[140.05132,37.7732],[140.0501,37.77209],[140.04822,37.77288],[140.04848,37.7762],[140.05014,37.77496],[140.05132,37.7732]],[[139.9837,37.74055],[139.98579,37.74188],[139.98946,37.74288],[139.99077,37.74292],[139.99232,37.74151],[139.99452,37.7408],[139.99377,37.73991],[139.99144,37.73844],[139.98877,37.73563],[139.9869,37.73528],[139.98504,37.73574],[139.98407,37.73712],[139.98194,37.73704],[139.9837,37.74055]],[[139.9808,37.73611],[139.98087,37.73484],[139.97862,37.73475],[139.97915,37.73639],[139.9808,37.73611]],[[139.9616,37.75258],[139.96281,37.74915],[139.96214,37.74822],[139.9584,37.75224],[139.9616,37.75258]],[[139.93388,37.75446],[139.9319,37.75285],[139.92991,37.75668],[139.92707,37.75865],[139.92766,37.76004],[139.93088,37.75992],[139.93304,37.76102],[139.93539,37.75969],[139.93591,37.75725],[139.93388,37.75446]],[[139.84008,37.79487],[139.83848,37.79718],[139.84109,37.79822],[139.84095,37.79575],[139.84008,37.79487]],[[139.83425,37.76948],[139.83329,37.76949],[139.83208,37.77199],[139.83239,37.77491],[139.83592,37.77651],[139.83672,37.77574],[139.83644,37.77402],[139.8355,37.77252],[139.83737,37.77046],[139.8362,37.76948],[139.83425,37.76948]],[[139.84746,37.75428],[139.84621,37.75276],[139.84461,37.75253],[139.84323,37.75133],[139.84288,37.75362],[139.84746,37.75428]],[[139.85504,37.75105],[139.85688,37.7516],[139.85747,37.74911],[139.85689,37.74817],[139.85489,37.74721],[139.85425,37.7492],[139.85504,37.75105]],[[139.83433,37.75081],[139.83685,37.75063],[139.83741,37.74991],[139.83504,37.74834],[139.83585,37.74726],[139.83777,37.74636],[139.83785,37.74523],[139.8358,37.74538],[139.83267,37.74633],[139.83203,37.75079],[139.83433,37.75081]],[[139.9066,37.77306],[139.90747,37.77118],[139.90636,37.76855],[139.90611,37.7666],[139.9061,37.76263],[139.90294,37.76072],[139.89982,37.75671],[139.89819,37.75522],[139.89648,37.75472],[139.89542,37.75584],[139.89844,37.75844],[139.90122,37.76369],[139.90165,37.76667],[139.9066,37.77306]],[[139.89203,37.75544],[139.89122,37.75819],[139.89025,37.76011],[139.89046,37.76188],[139.88998,37.76263],[139.88623,37.76344],[139.88497,37.76471],[139.8856,37.76984],[139.88635,37.77064],[139.89063,37.77078],[139.89244,37.77016],[139.89421,37.7684],[139.89435,37.76632],[139.89533,37.76513],[139.89523,37.7635],[139.89622,37.76094],[139.89608,37.75974],[139.8942,37.75577],[139.89203,37.75544]],[[139.84873,37.7686],[139.8491,37.77049],[139.85027,37.77113],[139.85207,37.7703],[139.85183,37.76906],[139.84873,37.7686]],[[139.99582,37.72844],[139.99386,37.72878],[139.99279,37.73043],[139.99602,37.7312],[139.99582,37.72844]],[[140.31382,37.69161],[140.31565,37.69124],[140.31703,37.69031],[140.31524,37.68948],[140.31407,37.69012],[140.31382,37.69161]],[[140.22021,37.63418],[140.21947,37.6347],[140.2226,37.63917],[140.22376,37.64014],[140.22488,37.64],[140.22698,37.63793],[140.22519,37.63626],[140.22334,37.63329],[140.22174,37.63408],[140.22021,37.63418]],[[140.27597,37.63519],[140.27688,37.63579],[140.27991,37.63604],[140.28229,37.6352],[140.28326,37.63345],[140.283,37.63045],[140.28489,37.62792],[140.28449,37.626],[140.2828,37.62524],[140.28016,37.62344],[140.27954,37.6223],[140.27582,37.62314],[140.27297,37.62442],[140.26846,37.62579],[140.26659,37.62602],[140.26058,37.62603],[140.25998,37.62815],[140.25877,37.62864],[140.26113,37.62983],[140.26233,37.6321],[140.26605,37.63266],[140.26767,37.63406],[140.2691,37.63427],[140.2725,37.63326],[140.27392,37.6334],[140.27597,37.63519]],[[140.25143,37.58747],[140.24927,37.58925],[140.24834,37.59088],[140.24823,37.59215],[140.24927,37.59337],[140.25083,37.5929],[140.25096,37.59156],[140.25495,37.59017],[140.25321,37.58744],[140.25143,37.58747]],[[140.2568,37.58393],[140.25938,37.58329],[140.26006,37.58241],[140.25955,37.58072],[140.25718,37.57964],[140.25511,37.5764],[140.25471,37.57479],[140.25099,37.57633],[140.25046,37.57919],[140.24768,37.58013],[140.24725,37.58183],[140.24795,37.58388],[140.24906,37.58292],[140.25108,37.58297],[140.25323,37.58147],[140.25499,37.58262],[140.25667,37.58312],[140.2568,37.58393]]]},"properties":{"hoanrinKind":"保安林"}},
{"type":"Feature","geometry":{"type":"Polygon","coordinates":[[[139.38194,36.99482],[139.38243,36.99643],[139.38079,36.99678],[139.37899,36.99559],[139.38194,36.99482]]]},"properties":{"hoanrinKind":"保安林"}},
{"type":"Feature","geometry":{"type":"Polygon","coordinates":[[[139.29504,37.30945],[139.294,37.3098],[139.29382,37.31146],[139.29205,37.3118],[139.29074,37.31135],[139.28953,37.30947],[139.28724,37.30729],[139.28552,37.30649],[139.28528,37.3056],[139.28257,37.30624],[139.28078,37.30275],[139.28112,37.30045],[139.2839,37.29749],[139.28506,37.29797],[139.2873,37.294],[139.2891,37.29349],[139.28752,37.29152],[139.29016,37.28982],[139.28996,37.28873],[139.29252,37.28864],[139.29266,37.28764],[139.29003,37.28755],[139.28904,37.28704],[139.2893,37.28536],[139.29348,37.28161],[139.29269,37.28059],[139.29033,37.28107],[139.29196,37.27873],[139.29244,37.27599],[139.29045,37.27451],[139.29175,37.27326],[139.292,37.27207],[139.2934,37.27053],[139.29648,37.26944],[139.29852,37.2696],[139.29791,37.26806],[139.29892,37.26644],[139.29839,37.26529],[139.29609,37.26368],[139.29558,37.26206],[139.29599,37.26108],[139.29339,37.25946],[139.2944,37.25795],[139.29415,37.25602],[139.29257,37.25414],[139.2928,37.25271],[139.29162,37.25197],[139.29108,37.25414],[139.29218,37.25576],[139.29206,37.25825],[139.29124,37.25998],[139.29385,37.26227],[139.29247,37.26303],[139.29417,37.26409],[139.29538,37.26621],[139.29317,37.26802],[139.29069,37.26852],[139.29033,37.26976],[139.28925,37.27019],[139.28738,37.2726],[139.28565,37.27431],[139.28607,37.27603],[139.28832,37.27717],[139.28784,37.27828],[139.28604,37.27875],[139.28518,37.2825],[139.28604,37.28308],[139.28423,37.2846],[139.28256,37.28525],[139.28334,37.28661],[139.27955,37.28655],[139.27874,37.28895],[139.27522,37.28963],[139.27408,37.28816],[139.27325,37.28913],[139.27424,37.28998],[139.2755,37.28994],[139.27262,37.29312],[139.26963,37.29458],[139.26596,37.2955],[139.26413,37.29757],[139.261,37.29685],[139.26025,37.29526],[139.25871,37.29594],[139.25689,37.29456],[139.2586,37.29337],[139.25536,37.29219],[139.25501,37.2957],[139.25368,37.29576],[139.25198,37.29462],[139.24871,37.29439],[139.24676,37.29296],[139.24441,37.29187],[139.24074,37.2921],[139.2369,37.29148],[139.23559,37.28961],[139.2341,37.28839],[139.23301,37.28617],[139.23438,37.28584],[139.23325,37.28438],[139.23092,37.28312],[139.23177,37.28227],[139.2325,37.28036],[139.23137,37.27872],[139.2296,37.27788],[139.22992,37.27584],[139.22828,37.27337],[139.2289,37.27099],[139.22897,37.26923],[139.23204,37.26808],[139.23247,37.26646],[139.22905,37.26842],[139.22828,37.26839],[139.22538,37.26697],[139.22224,37.26635],[139.22175,37.26363],[139.22119,37.26307],[139.22035,37.25945],[139.22045,37.25822],[139.21949,37.25669],[139.21934,37.25473],[139.21774,37.25344],[139.21479,37.25213],[139.21273,37.25161],[139.21341,37.25],[139.21269,37.24693],[139.21157,37.24674],[139.21072,37.24544],[139.21674,37.24225],[139.21794,37.24013],[139.21718,37.23875],[139.21486,37.23797],[139.21367,37.23702],[139.21313,37.23571],[139.21398,37.23324],[139.21384,37.23155],[139.21263,37.23058],[139.21202,37.22839],[139.21545,37.22789],[139.21629,37.22683],[139.21459,37.22344],[139.21474,37.21954],[139.21444,37.21809],[139.21329,37.21664],[139.21342,37.21577],[139.21568,37.21443],[139.21589,37.21284],[139.22075,37.21311],[139.22182,37.21061],[139.22133,37.20564],[139.22212,37.20489],[139.22563,37.2047],[139.2273,37.20367],[139.22726,37.20178],[139.22547,37.20029],[139.22601,37.19863],[139.23126,37.19557],[139.23261,37.19266],[139.23409,37.19144],[139.23489,37.1901],[139.23651,37.18907],[139.23678,37.18817],[139.23948,37.18799],[139.24172,37.1873],[139.24086,37.18418],[139.24358,37.18233],[139.24457,37.18114],[139.24362,37.17723],[139.24531,37.17712],[139.245,37.17453],[139.24348,37.17402],[139.24273,37.17226],[139.24321,37.17038],[139.2444,37.1699],[139.24605,37.17015],[139.24734,37.16963],[139.24727,37.16817],[139.24629,37.16739],[139.24641,37.16628],[139.25115,37.16592],[139.25317,37.16537],[139.25263,37.1643],[139.2506,37.1641],[139.25091,37.16286],[139.25298,37.16126],[139.25252,37.15807],[139.25062,37.15732],[139.24988,37.15642],[139.25011,37.1542],[139.25165,37.1536],[139.25256,37.15229],[139.25689,37.15359],[139.25911,37.14894],[139.25905,37.14664],[139.25792,37.14732],[139.25572,37.14595],[139.25603,37.14784],[139.25496,37.14867],[139.25372,37.1479],[139.25232,37.14928],[139.25101,37.14905],[139.24989,37.14703],[139.24802,37.14519],[139.24832,37.14352],[139.24948,37.14285],[139.24896,37.14138],[139.2502,37.14006],[139.24869,37.13865],[139.24927,37.1373],[139.24769,37.13534],[139.24923,37.13452],[139.24748,37.13372],[139.24763,37.13132],[139.24692,37.12851],[139.24782,37.12677],[139.24607,37.12621],[139.24316,37.12066],[139.24415,37.11795],[139.24425,37.1164],[139.24539,37.11557],[139.2486,37.11571],[139.24591,37.11412],[139.24715,37.11371],[139.25053,37.11117],[139.25073,37.11008],[139.25409,37.10823],[139.2581,37.10794],[139.26279,37.10785],[139.26122,37.10688],[139.25856,37.1071],[139.25606,37.10685],[139.25509,37.10719],[139.25141,37.10722],[139.24958,37.10846],[139.2479,37.10879],[139.24616,37.11158],[139.24387,37.11188],[139.24179,37.11332],[139.23872,37.11655],[139.23773,37.1138],[139.23824,37.10805],[139.23648,37.10415],[139.23654,37.10132],[139.23884,37.09814],[139.24043,37.09799],[139.24192,37.09416],[139.24278,37.09318],[139.24155,37.09142],[139.23923,37.08975],[139.24142,37.08906],[139.24468,37.08422],[139.24708,37.08305],[139.25017,37.08222],[139.25298,37.08005],[139.25531,37.08002],[139.25709,37.07805],[139.25912,37.07737],[139.26027,37.07626],[139.26342,37.07475],[139.26329,37.07354],[139.25696,37.07678],[139.25597,37.07748],[139.25307,37.07769],[139.25142,37.07854],[139.24926,37.07773],[139.24791,37.07565],[139.24721,37.07197],[139.24814,37.06987],[139.24954,37.06827],[139.25144,37.06696],[139.25162,37.06508],[139.25279,37.06317],[139.25464,37.06189],[139.25438,37.05957],[139.25473,37.0586],[139.25723,37.05654],[139.25714,37.05491],[139.25889,37.05271],[139.26065,37.05111],[139.26203,37.04756],[139.26101,37.0461],[139.26199,37.04343],[139.26027,37.04285],[139.25904,37.0416],[139.25727,37.04204],[139.25479,37.04027],[139.25285,37.03954],[139.25415,37.0377],[139.25325,37.03597],[139.253,37.03394],[139.25065,37.03169],[139.24852,37.03078],[139.24944,37.02775],[139.24944,37.02589],[139.25045,37.02501],[139.25071,37.02378],[139.24899,37.02122],[139.24815,37.01758],[139.24882,37.01597],[139.24834,37.01401],[139.24679,37.01153],[139.24708,37.01068],[139.25097,37.00947],[139.25334,37.00769],[139.25558,37.00404],[139.25929,37.00337],[139.26184,37.00213],[139.26339,37.00205],[139.26502,37.00125],[139.26734,37.00212],[139.26993,37.00224],[139.26992,37.00154],[139.26748,36.99998],[139.26429,37.00029],[139.26052,37.00156],[139.25906,37.00164],[139.25631,37.003],[139.25396,37.00381],[139.25103,37.00432],[139.25093,37.0035],[139.25192,37.00141],[139.25247,36.99718],[139.25355,36.99544],[139.25291,36.99352],[139.2536,36.9929],[139.25427,36.9897],[139.25556,36.98916],[139.25532,36.98659],[139.25374,36.98473],[139.25344,36.98356],[139.25198,36.98328],[139.25003,36.98218],[139.2483,36.9819],[139.24785,36.97967],[139.24894,36.97917],[139.2502,36.97737],[139.25219,36.97657],[139.25286,36.97393],[139.2522,36.97255],[139.24796,36.97085],[139.24891,36.96978],[139.24941,36.9672],[139.24811,36.96575],[139.25063,36.96526],[139.25134,36.96449],[139.2514,36.96184],[139.24929,36.96141],[139.25038,36.95865],[139.25008,36.9553],[139.24792,36.95602],[139.24681,36.95585],[139.24528,36.95331],[139.24499,36.95218],[139.24222,36.95037],[139.24164,36.94951],[139.24417,36.94779],[139.2434,36.94604],[139.2434,36.94414],[139.24091,36.94291],[139.24161,36.94155],[139.24,36.94117],[139.23674,36.94191],[139.23494,36.94195],[139.23348,36.94081],[139.23066,36.94037],[139.22981,36.93826],[139.23057,36.93694],[139.23166,36.93785],[139.23364,36.93698],[139.23491,36.9374],[139.23464,36.93443],[139.23556,36.93402],[139.23689,36.93488],[139.23874,36.93425],[139.23886,36.93324],[139.24055,36.92948],[139.24239,36.92954],[139.24642,36.93092],[139.24879,36.93105],[139.25327,36.93245],[139.25465,36.93234],[139.25795,36.93441],[139.26142,36.93792],[139.26314,36.93819],[139.26431,36.93903],[139.26437,36.94025],[139.26591,36.94116],[139.26744,36.94045],[139.26837,36.9385],[139.27236,36.93541],[139.2743,36.93458],[139.27514,36.93363],[139.2775,36.93388],[139.28217,36.93118],[139.28405,36.93166],[139.28469,36.93358],[139.28622,36.93423],[139.28965,36.93382],[139.29078,36.93446],[139.29302,36.93452],[139.29527,36.93551],[139.29877,36.93551],[139.30259,36.93458],[139.30436,36.93469],[139.30664,36.934],[139.30698,36.93338],[139.30597,36.93142],[139.3078,36.9297],[139.30977,36.92939],[139.31199,36.93068],[139.31142,36.93243],[139.31301,36.93242],[139.31426,36.93164],[139.31428,36.92981],[139.31634,36.92967],[139.31691,36.92805],[139.31933,36.92644],[139.32129,36.92567],[139.32397,36.92602],[139.32782,36.92454],[139.33227,36.92453],[139.33428,36.92475],[139.33779,36.92727],[139.3392,36.92779],[139.34238,36.92753],[139.34366,36.92633],[139.34525,36.92575],[139.34511,36.92365],[139.34611,36.9224],[139.34864,36.92018],[139.35041,36.91809],[139.34995,36.91447],[139.35277,36.91577],[139.35749,36.91686],[139.36005,36.91626],[139.36119,36.91638],[139.36435,36.91819],[139.36681,36.91815],[139.3706,36.91736],[139.37297,36.91841],[139.37544,36.91755],[139.3773,36.9162],[139.37866,36.91591],[139.38186,36.91401],[139.38185,36.91223],[139.38341,36.9114],[139.38529,36.91183],[139.38704,36.91136],[139.39026,36.91142],[139.39328,36.9108],[139.3957,36.91306],[139.39702,36.91498],[139.39913,36.92009],[139.4037,36.92397],[139.40784,36.92651],[139.41218,36.92761],[139.41417,36.92604],[139.41719,36.9259],[139.41891,36.92538],[139.42023,36.92412],[139.4235,36.9247],[139.42689,36.92417],[139.43034,36.92593],[139.43118,36.92681],[139.42994,36.92758],[139.43022,36.92972],[139.43264,36.93214],[139.4335,36.93413],[139.43495,36.93587],[139.43474,36.93906],[139.43534,36.9404],[139.43444,36.94185],[139.43687,36.94274],[139.43852,36.94416],[139.44066,36.94466],[139.44178,36.94618],[139.44171,36.94754],[139.44486,36.94741],[139.44631,36.94779],[139.4481,36.94942],[139.45073,36.94975],[139.45285,36.95079],[139.45476,36.95316],[139.45667,36.95384],[139.45733,36.95484],[139.45716,36.95611],[139.45832,36.95732],[139.45904,36.95944],[139.45793,36.96162],[139.4585,36.96288],[139.45842,36.96577],[139.45982,36.96783],[139.46005,36.96987],[139.46116,36.97072],[139.4644,36.97135],[139.46881,36.97098],[139.46997,36.97145],[139.47268,36.97136],[139.47723,36.9728],[139.47948,36.97406],[139.48246,36.9747],[139.48432,36.97544],[139.48863,36.97179],[139.49114,36.97086],[139.4931,36.96803],[139.49389,36.96789],[139.49894,36.96905],[139.5011,36.96895],[139.50379,36.96957],[139.50845,36.97305],[139.5092,36.97415],[139.51215,36.97515],[139.51348,36.97683],[139.51503,36.97781],[139.51696,36.97799],[139.51847,36.97872],[139.52137,36.97941],[139.52368,36.98152],[139.52528,36.98132],[139.52683,36.98021],[139.53033,36.9807],[139.53271,36.98176],[139.5353,36.98063],[139.53678,36.98188],[139.53844,36.98394],[139.53875,36.98502],[139.5408,36.98719],[139.54352,36.98798],[139.54472,36.99089],[139.54817,36.99366],[139.54942,36.99266],[139.55445,36.99249],[139.55542,36.99478],[139.55671,36.99678],[139.5592,36.99699],[139.56462,36.99688],[139.56651,36.99812],[139.56932,36.99942],[139.57192,37.00158],[139.57645,37.00212],[139.57771,37.00411],[139.57901,37.00493],[139.5799,37.00984],[139.58128,37.01181],[139.58173,37.01494],[139.58358,37.01533],[139.58562,37.01507],[139.58783,37.01549],[139.59056,37.01359],[139.59246,37.01382],[139.59461,37.01284],[139.59544,37.01182],[139.59832,37.01205],[139.59991,37.01444],[139.60283,37.01597],[139.60481,37.01474],[139.60651,37.01433],[139.61089,37.01394],[139.61326,37.01499],[139.61596,37.01519],[139.61862,37.01671],[139.61837,37.01969],[139.62068,37.02134],[139.62178,37.02262],[139.62275,37.02463],[139.62487,37.02601],[139.62483,37.02678],[139.62297,37.02871],[139.62288,37.02935],[139.62444,37.03255],[139.6254,37.03361],[139.62463,37.03464],[139.62253,37.03531],[139.61664,37.03567],[139.61162,37.03532],[139.61008,37.03569],[139.60863,37.03758],[139.6067,37.04237],[139.60574,37.04355],[139.60297,37.04552],[139.60152,37.04709],[139.59858,37.04824],[139.59671,37.04962],[139.59532,37.0515],[139.59458,37.0517],[139.5913,37.05086],[139.58737,37.0484],[139.58243,37.04336],[139.58039,37.04242],[139.57765,37.04287],[139.57429,37.04166],[139.57076,37.03924],[139.56891,37.03888],[139.56784,37.03945],[139.56698,37.04185],[139.56857,37.04251],[139.56813,37.04364],[139.56838,37.04551],[139.56823,37.04945],[139.56864,37.0511],[139.56957,37.05228],[139.56903,37.05328],[139.56707,37.05345],[139.56645,37.05656],[139.56555,37.05692],[139.56139,37.05339],[139.55846,37.05019],[139.55566,37.04772],[139.54517,37.04478],[139.54303,37.04389],[139.54039,37.04399],[139.53675,37.04371],[139.53572,37.04436],[139.5334,37.04419],[139.53041,37.04563],[139.52636,37.04381],[139.52231,37.03603],[139.52251,37.03241],[139.52361,37.02981],[139.52534,37.02711],[139.52518,37.02486],[139.52643,37.02243],[139.52671,37.02045],[139.52856,37.01823],[139.52956,37.01536],[139.52947,37.01295],[139.52236,37.01238],[139.51929,37.01288],[139.51615,37.01275],[139.51625,37.01519],[139.51773,37.01785],[139.51648,37.0209],[139.51516,37.02214],[139.51395,37.02202],[139.51446,37.01846],[139.51329,37.01658],[139.51055,37.01651],[139.50946,37.01693],[139.50847,37.01604],[139.5027,37.01527],[139.49841,37.01582],[139.494,37.01389],[139.49243,37.01247],[139.49125,37.01218],[139.48569,37.01295],[139.48286,37.01534],[139.48072,37.01673],[139.47749,37.0161],[139.47588,37.01653],[139.4723,37.01623],[139.47065,37.01665],[139.47003,37.01782],[139.46621,37.01755],[139.46443,37.01766],[139.46324,37.01614],[139.46077,37.01588],[139.45292,37.01336],[139.44944,37.0115],[139.44833,37.01117],[139.44708,37.01258],[139.44515,37.01351],[139.44474,37.01638],[139.44066,37.01792],[139.43868,37.02003],[139.43616,37.02056],[139.43597,37.0231],[139.43753,37.02354],[139.43722,37.0251],[139.43577,37.0262],[139.43544,37.02717],[139.43384,37.02846],[139.43119,37.02979],[139.42839,37.03035],[139.42724,37.03143],[139.42485,37.03257],[139.42359,37.03414],[139.41918,37.0355],[139.41846,37.03682],[139.41649,37.03854],[139.4183,37.03916],[139.4205,37.03932],[139.42126,37.04007],[139.42113,37.04135],[139.42171,37.04302],[139.42152,37.04566],[139.42075,37.04688],[139.42055,37.04868],[139.41743,37.05038],[139.41838,37.05491],[139.41836,37.05687],[139.41735,37.05909],[139.41712,37.06113],[139.416,37.06316],[139.41575,37.06688],[139.41366,37.06599],[139.41354,37.06453],[139.41431,37.0628],[139.41382,37.06099],[139.41204,37.05917],[139.41204,37.05816],[139.41046,37.0555],[139.41055,37.05313],[139.41001,37.0512],[139.40815,37.04909],[139.40361,37.04878],[139.4033,37.04847],[139.40408,37.04474],[139.40252,37.03978],[139.40269,37.03831],[139.40466,37.0378],[139.40574,37.03646],[139.40742,37.03704],[139.40727,37.03543],[139.40831,37.03413],[139.40964,37.03361],[139.41117,37.0321],[139.41554,37.02999],[139.41577,37.02795],[139.41398,37.0264],[139.41251,37.02146],[139.41237,37.01773],[139.41185,37.01566],[139.40961,37.01361],[139.41053,37.01094],[139.40921,37.00727],[139.40885,37.0041],[139.40929,37.00251],[139.40849,37.00154],[139.40621,37.00139],[139.40093,37.00029],[139.39781,37.00039],[139.39225,37.00221],[139.39008,37.00239],[139.39062,37.00081],[139.39068,36.99858],[139.38999,36.99658],[139.38881,36.99627],[139.38821,36.99489],[139.38905,36.99353],[139.3881,36.99198],[139.38623,36.99055],[139.386,36.98828],[139.38401,36.98614],[139.38125,36.984],[139.38043,36.9824],[139.38031,36.98101],[139.38099,36.97784],[139.38109,36.97467],[139.38167,36.97032],[139.38152,36.96684],[139.37991,36.96699],[139.37883,36.969],[139.37656,36.96966],[139.3751,36.97086],[139.37626,36.97613],[139.37591,36.97857],[139.37506,36.9801],[139.37485,36.9828],[139.37347,36.98413],[139.37317,36.98678],[139.37388,36.98817],[139.37505,36.98913],[139.37606,36.99206],[139.3771,36.99386],[139.37907,36.9963],[139.37928,36.99762],[139.38141,37.00322],[139.38215,37.00651],[139.38185,37.01115],[139.38216,37.01307],[139.38134,37.01487],[139.37957,37.01317],[139.37726,37.0098],[139.37568,37.00841],[139.37424,37.00641],[139.372,37.0048],[139.36916,37.00322],[139.36836,37.00188],[139.36324,37.00019],[139.36181,36.99929],[139.36089,36.99635],[139.35889,36.99519],[139.35638,36.99306],[139.35626,36.99051],[139.35789,36.99036],[139.35762,36.98823],[139.35605,36.98909],[139.35486,36.9887],[139.35408,36.98557],[139.35304,36.98696],[139.35187,36.98737],[139.35037,36.9862],[139.3487,36.9842],[139.34883,36.98251],[139.34704,36.97963],[139.34685,36.97708],[139.34768,36.97541],[139.34698,36.97365],[139.3445,36.97407],[139.34444,36.97498],[139.34275,36.9756],[139.34251,36.97639],[139.34385,36.97989],[139.34484,36.98165],[139.34521,36.98399],[139.34686,36.98456],[139.34602,36.98565],[139.34537,36.98833],[139.34635,36.98877],[139.34816,36.98752],[139.35112,36.98879],[139.35467,36.99144],[139.35677,36.99475],[139.3557,36.99577],[139.35392,36.99551],[139.35087,36.99625],[139.35155,36.99704],[139.35509,36.99633],[139.35702,36.9962],[139.35803,36.9968],[139.35881,36.99913],[139.35837,37.00084],[139.35975,37.00087],[139.35877,37.00353],[139.35442,37.00777],[139.35289,37.01027],[139.35311,37.01248],[139.3563,37.01543],[139.36007,37.01716],[139.36369,37.01683],[139.3652,37.01698],[139.36974,37.01892],[139.37535,37.02065],[139.38165,37.01745],[139.38214,37.01946],[139.38117,37.02035],[139.38358,37.02218],[139.38507,37.02167],[139.38605,37.02383],[139.38716,37.02456],[139.38718,37.02615],[139.38577,37.02673],[139.3855,37.02806],[139.38368,37.02916],[139.38133,37.02978],[139.38042,37.03177],[139.38634,37.03433],[139.38884,37.03468],[139.39031,37.03582],[139.39185,37.03557],[139.39409,37.03338],[139.39581,37.03469],[139.3964,37.03575],[139.39789,37.03679],[139.39934,37.03948],[139.40063,37.04056],[139.40176,37.04232],[139.40107,37.04365],[139.39968,37.0436],[139.39815,37.04245],[139.39627,37.04299],[139.39745,37.044],[139.39978,37.04413],[139.40074,37.04489],[139.4004,37.04784],[139.39871,37.04906],[139.39897,37.04965],[139.40194,37.05252],[139.40419,37.0523],[139.4041,37.05351],[139.40182,37.05463],[139.40202,37.05622],[139.40383,37.05624],[139.40628,37.05326],[139.40751,37.0535],[139.40783,37.05531],[139.40587,37.05805],[139.40426,37.05871],[139.40385,37.05964],[139.40523,37.06047],[139.40823,37.06032],[139.40861,37.06257],[139.40813,37.06293],[139.40256,37.0637],[139.40258,37.06479],[139.40428,37.06518],[139.40595,37.06499],[139.40635,37.06652],[139.40787,37.06497],[139.40912,37.0648],[139.4098,37.06326],[139.41119,37.06363],[139.41105,37.06722],[139.41644,37.06951],[139.41716,37.07036],[139.4166,37.07293],[139.41516,37.07509],[139.41573,37.07752],[139.41776,37.07739],[139.41866,37.07899],[139.41992,37.07997],[139.42389,37.08038],[139.42457,37.08139],[139.42437,37.08334],[139.42629,37.08424],[139.42863,37.0866],[139.43197,37.08829],[139.43338,37.08955],[139.43513,37.08982],[139.43624,37.09065],[139.43771,37.09291],[139.4414,37.0954],[139.44104,37.09988],[139.44381,37.10104],[139.44657,37.10132],[139.44545,37.10249],[139.44491,37.10589],[139.44353,37.10684],[139.44252,37.10894],[139.4407,37.11044],[139.44013,37.11149],[139.44164,37.1121],[139.44494,37.11205],[139.44617,37.11272],[139.44846,37.11294],[139.45132,37.11388],[139.45266,37.1147],[139.45398,37.11475],[139.45623,37.11914],[139.45583,37.12048],[139.45713,37.12162],[139.45556,37.12202],[139.45512,37.12365],[139.4586,37.12424],[139.46112,37.12514],[139.46447,37.12441],[139.46494,37.1267],[139.46397,37.12708],[139.45822,37.12758],[139.45559,37.12838],[139.45388,37.12765],[139.45254,37.12818],[139.44888,37.12858],[139.44552,37.12795],[139.44501,37.12917],[139.44634,37.1297],[139.45018,37.1295],[139.45224,37.13113],[139.45412,37.12958],[139.45546,37.13053],[139.45774,37.12905],[139.45941,37.13209],[139.46145,37.13061],[139.46298,37.13024],[139.46418,37.12856],[139.46554,37.13095],[139.46721,37.13181],[139.47013,37.13227],[139.46995,37.13332],[139.46796,37.13458],[139.46547,37.13445],[139.46369,37.13488],[139.46202,37.13589],[139.46076,37.13796],[139.45784,37.13946],[139.45339,37.14262],[139.45083,37.14615],[139.44989,37.14884],[139.44848,37.15181],[139.44729,37.1526],[139.44585,37.15261],[139.44187,37.15028],[139.44023,37.14958],[139.43742,37.14948],[139.43545,37.14778],[139.43429,37.14542],[139.43428,37.14407],[139.43337,37.14143],[139.43362,37.13908],[139.4312,37.13757],[139.42875,37.13739],[139.42783,37.13685],[139.42649,37.134],[139.42542,37.13299],[139.42125,37.13172],[139.41868,37.13172],[139.41601,37.13287],[139.41431,37.13275],[139.41006,37.13316],[139.40773,37.13496],[139.40569,37.13211],[139.40427,37.13109],[139.40154,37.12991],[139.39989,37.12675],[139.39707,37.12596],[139.39694,37.12493],[139.39527,37.1227],[139.3914,37.12184],[139.38755,37.12195],[139.38528,37.12101],[139.38365,37.12087],[139.38372,37.12311],[139.38629,37.12448],[139.38674,37.12551],[139.38945,37.12776],[139.39103,37.13024],[139.39108,37.13151],[139.38968,37.13323],[139.38961,37.13647],[139.38805,37.13881],[139.38546,37.1398],[139.3827,37.14169],[139.3803,37.14291],[139.37788,37.14505],[139.37894,37.1483],[139.37849,37.14922],[139.37819,37.15249],[139.37978,37.1527],[139.38582,37.15225],[139.38764,37.15056],[139.38909,37.15021],[139.39518,37.15051],[139.39569,37.14653],[139.39733,37.14419],[139.39883,37.14318],[139.39975,37.14391],[139.40345,37.15286],[139.40486,37.1545],[139.40766,37.15641],[139.40937,37.15814],[139.41014,37.16048],[139.41004,37.16159],[139.40711,37.16585],[139.40553,37.17062],[139.40553,37.17258],[139.40477,37.17335],[139.403,37.17245],[139.40176,37.16795],[139.39975,37.16724],[139.39869,37.16589],[139.39671,37.16941],[139.39562,37.17028],[139.3941,37.17253],[139.39129,37.17448],[139.38919,37.17442],[139.38349,37.17363],[139.37816,37.17365],[139.37569,37.17436],[139.37128,37.17697],[139.37152,37.17837],[139.36962,37.17959],[139.3682,37.1825],[139.36741,37.18504],[139.36767,37.18554],[139.37108,37.18815],[139.37248,37.18979],[139.37462,37.19346],[139.37484,37.19577],[139.37275,37.1954],[139.37078,37.19652],[139.36935,37.19669],[139.36319,37.19907],[139.36336,37.20183],[139.36295,37.20478],[139.36194,37.20809],[139.35983,37.21024],[139.35804,37.21009],[139.35407,37.21047],[139.35215,37.21091],[139.3481,37.21234],[139.34739,37.21473],[139.34675,37.2154],[139.34444,37.21577],[139.34318,37.21656],[139.34181,37.21882],[139.34122,37.22052],[139.34163,37.2213],[139.34333,37.22204],[139.34413,37.22302],[139.34409,37.22635],[139.3475,37.22739],[139.35037,37.22716],[139.35303,37.22645],[139.35506,37.22654],[139.35675,37.2272],[139.3578,37.22921],[139.35707,37.23228],[139.35936,37.2381],[139.36277,37.23864],[139.36665,37.24012],[139.37167,37.24233],[139.37782,37.24624],[139.38109,37.248],[139.37986,37.24515],[139.37839,37.24301],[139.37569,37.24012],[139.37242,37.2337],[139.37201,37.23118],[139.37023,37.22786],[139.3737,37.22573],[139.37462,37.22481],[139.3738,37.22315],[139.3725,37.2218],[139.37241,37.22077],[139.37091,37.21988],[139.36978,37.21799],[139.36727,37.21528],[139.36494,37.21376],[139.36139,37.21023],[139.36608,37.20734],[139.36921,37.20667],[139.37085,37.20578],[139.37278,37.20373],[139.37545,37.20184],[139.3779,37.20096],[139.38164,37.20101],[139.38649,37.2004],[139.38555,37.20241],[139.38297,37.20542],[139.38175,37.20746],[139.3769,37.2094],[139.37512,37.20962],[139.37604,37.21244],[139.37909,37.21455],[139.38039,37.21499],[139.38478,37.21478],[139.3867,37.21428],[139.3911,37.21564],[139.39074,37.21281],[139.39162,37.21158],[139.39315,37.20731],[139.39198,37.20385],[139.39118,37.2029],[139.3936,37.20256],[139.39381,37.20368],[139.39522,37.20348],[139.39506,37.20168],[139.39743,37.19835],[139.39946,37.19642],[139.39908,37.19417],[139.40009,37.19422],[139.40052,37.19192],[139.40544,37.19497],[139.40718,37.1955],[139.40797,37.19675],[139.40748,37.19808],[139.40348,37.19918],[139.40134,37.19937],[139.3993,37.20037],[139.39911,37.20173],[139.40053,37.20303],[139.39487,37.2068],[139.39709,37.20721],[139.39721,37.20867],[139.39385,37.20946],[139.39315,37.21104],[139.39368,37.21192],[139.39299,37.21297],[139.39297,37.21589],[139.39386,37.21786],[139.3944,37.22125],[139.39394,37.22271],[139.39598,37.22548],[139.39808,37.2255],[139.3983,37.22632],[139.3973,37.22776],[139.39766,37.22911],[139.39973,37.23116],[139.40009,37.2343],[139.3983,37.23608],[139.3995,37.2384],[139.39978,37.23996],[139.40174,37.24098],[139.40272,37.24265],[139.40575,37.24471],[139.40662,37.24791],[139.4051,37.24807],[139.40279,37.24664],[139.39994,37.24552],[139.39783,37.2439],[139.39473,37.24305],[139.39216,37.24308],[139.39058,37.24411],[139.38944,37.25001],[139.39115,37.25212],[139.39,37.25661],[139.38712,37.25837],[139.38651,37.25976],[139.38694,37.26132],[139.38533,37.26241],[139.38161,37.26344],[139.38159,37.26448],[139.37908,37.26546],[139.37716,37.26658],[139.3715,37.2712],[139.37209,37.27261],[139.37399,37.27157],[139.37639,37.27093],[139.37769,37.27131],[139.37945,37.27371],[139.37806,37.27514],[139.37776,37.27661],[139.37578,37.27761],[139.37214,37.27743],[139.36915,37.27796],[139.36848,37.27868],[139.36673,37.27832],[139.36182,37.27872],[139.3616,37.27677],[139.3625,37.27442],[139.36273,37.27263],[139.36521,37.27062],[139.3655,37.2693],[139.36327,37.26406],[139.36304,37.26248],[139.36412,37.25948],[139.36353,37.25792],[139.35871,37.26184],[139.35887,37.26351],[139.36093,37.26579],[139.36228,37.26794],[139.36088,37.2695],[139.35887,37.26913],[139.35811,37.27005],[139.35851,37.27133],[139.35675,37.27302],[139.35595,37.27697],[139.35726,37.27925],[139.35726,37.28255],[139.35686,37.28407],[139.35527,37.28547],[139.35269,37.28593],[139.35127,37.28573],[139.35136,37.28752],[139.34958,37.28805],[139.34728,37.2904],[139.34591,37.29023],[139.34451,37.28895],[139.34162,37.28812],[139.34276,37.28701],[139.34526,37.28726],[139.34424,37.2856],[139.34202,37.28428],[139.33957,37.2837],[139.33784,37.28559],[139.33772,37.2866],[139.33556,37.28899],[139.33472,37.29178],[139.33491,37.29394],[139.33387,37.29573],[139.33663,37.29704],[139.33761,37.29787],[139.3361,37.30049],[139.33561,37.30199],[139.33605,37.30293],[139.33461,37.30464],[139.3329,37.30589],[139.33191,37.30419],[139.329,37.3028],[139.32642,37.30106],[139.32388,37.30027],[139.32106,37.29993],[139.31752,37.30125],[139.31639,37.30237],[139.31412,37.30156],[139.31236,37.29994],[139.31129,37.2995],[139.30787,37.30195],[139.30548,37.30318],[139.30126,37.30417],[139.30049,37.30571],[139.29828,37.30738],[139.29688,37.30896],[139.29504,37.30945]],[[139.26258,37.07351],[139.26676,37.07079],[139.26921,37.06947],[139.26811,37.06827],[139.26585,37.06993],[139.26379,37.07087],[139.26188,37.07267],[139.26258,37.07351]],[[139.35251,36.95558],[139.35356,36.95628],[139.3512,36.95911],[139.3522,36.9599],[139.35219,36.96142],[139.3534,36.963],[139.35403,36.95993],[139.35489,36.95913],[139.35474,36.95805],[139.35522,36.95466],[139.35735,36.95247],[139.35647,36.95102],[139.35384,36.95366],[139.35347,36.95515],[139.35251,36.95558]],[[139.25193,36.94066],[139.25371,36.9404],[139.25384,36.93912],[139.25207,36.93943],[139.25193,36.94066]],[[139.38707,37.21506],[139.38605,37.21607],[139.38459,37.21631],[139.38363,37.21726],[139.3813,37.2184],[139.37999,37.21963],[139.37669,37.22098],[139.37748,37.22224],[139.38042,37.22134],[139.38341,37.22129],[139.38702,37.22025],[139.38998,37.22014],[139.39172,37.21891],[139.39225,37.21769],[139.39134,37.21671],[139.38707,37.21506]]]},"properties":{"hoanrinKind":"保安林"}},
{"type":"Feature","geometry":{"type":"Polygon","coordinates":[[[140.87116,36.95797],[140.87084,36.9576],[140.8709,36.95754],[140.87116,36.95797]]]},"properties":{"hoanrinKind":"保安林"}},
{"type":"Feature","geometry":{"type":"Polygon","coordinates":[[[140.87166,36.9582],[140.8716,36.95847],[140.87124,36.95805],[140.87166,36.9582]]]},"properties":{"hoanrinKind":"保安林"}},
{"type":"Feature","geometry":{"type":"Polygon","coordinates":[[[140.86048,36.9202],[140.85926,36.9215],[140.85828,36.92077],[140.86048,36.9202]]]},"properties":{"hoanrinKind":"保安林"}},
{"type":"Feature","geometry":{"type":"Polygon","coordinates":[[[140.8591,36.92169],[140.85902,36.92173],[140.85887,36.92171],[140.85903,36.92162],[140.8591,36.92169]]]},"properties":{"hoanrinKind":"保安林"}},
{"type":"Feature","geometry":{"type":"Polygon","coordinates":[[[141.03416,37.39946],[141.03428,37.39644],[141.03491,37.39605],[141.03416,37.39946]]]},"properties":{"hoanrinKind":"保安林"}},
{"type":"Feature","geometry":{"type":"Polygon","coordinates":[[[141.03412,37.40004],[141.03416,37.40025],[141.03392,37.40072],[141.0338,37.40062],[141.03412,37.40004]]]},"properties":{"hoanrinKind":"保安林"}},
{"type":"Feature","geometry":{"type":"Polygon","coordinates":[[[140.45393,37.57403],[140.45343,37.57335],[140.45479,37.57272],[140.45479,37.5737],[140.45393,37.57403]]]},"properties":{"hoanrinKind":"保安林"}},
{"type":"Feature","geometry":{"type":"Polygon","coordinates":[[[140.45306,37.57718],[140.45267,37.5776],[140.45238,37.57726],[140.45306,37.57718]]]},"properties":{"hoanrinKind":"保安林"}},
{"type":"Feature","geometry":{"type":"Polygon","coordinates":[[[140.79335,36.8828],[140.7938,36.88311],[140.79384,36.88381],[140.79324,36.88292],[140.79335,36.8828]]]},"properties":{"hoanrinKind":"保安林"}},
{"type":"Feature","geometry":{"type":"Polygon","coordinates":[[[140.79268,36.88334],[140.79237,36.8841],[140.79149,36.88339],[140.79268,36.88334]]]},"properties":{"hoanrinKind":"保安林"}},
{"type":"Feature","geometry":{"type":"Polygon","coordinates":[[[140.79357,36.886],[140.79341,36.88615],[140.79331,36.88603],[140.79357,36.886]]]},"properties":{"hoanrinKind":"保安林"}},
{"type":"Feature","geometry":{"type":"Polygon","coordinates":[[[140.79553,36.88765],[140.79499,36.88849],[140.79377,36.8866],[140.79431,36.88615],[140.79504,36.88753],[140.79553,36.88765]]]},"properties":{"hoanrinKind":"保安林"}}
]}