{"type":"FeatureCollection", "features": [
{"type":"Feature","geometry":{"type":"Polygon","coordinates":[[[140.82344,35.75879],[140.82312,35.75814],[140.82385,35.75812],[140.82344,35.75879]]]},"properties":{"hoanrinKind":"保安林"}},
{"type":"Feature","geometry":{"type":"Polygon","coordinates":[[[140.73119,35.87736],[140.73052,35.8783],[140.73026,35.87883],[140.72949,35.87957],[140.73114,35.87735],[140.73119,35.87736]]]},"properties":{"hoanrinKind":"保安林"}},
{"type":"Feature","geometry":{"type":"Polygon","coordinates":[[[140.72709,35.88303],[140.7273,35.88309],[140.72665,35.884],[140.72653,35.88358],[140.72709,35.88303]]]},"properties":{"hoanrinKind":"保安林"}},
{"type":"Feature","geometry":{"type":"Polygon","coordinates":[[[140.71836,35.89397],[140.71817,35.89434],[140.71796,35.89396],[140.71836,35.89397]]]},"properties":{"hoanrinKind":"保安林"}},
{"type":"Feature","geometry":{"type":"Polygon","coordinates":[[[140.71775,35.89459],[140.71776,35.89473],[140.71755,35.89463],[140.71775,35.89459]]]},"properties":{"hoanrinKind":"保安林"}},
{"type":"Feature","geometry":{"type":"Polygon","coordinates":[[[140.7172,35.89536],[140.7173,35.89551],[140.71654,35.8966],[140.71603,35.89636],[140.71653,35.8957],[140.7172,35.89536]]]},"properties":{"hoanrinKind":"保安林"}},
{"type":"Feature","geometry":{"type":"Polygon","coordinates":[[[140.7155,35.89764],[140.71555,35.8972],[140.71599,35.89746],[140.7155,35.89764]]]},"properties":{"hoanrinKind":"保安林"}},
{"type":"Feature","geometry":{"type":"Polygon","coordinates":[[[140.7154,35.89816],[140.71547,35.89828],[140.71516,35.89854],[140.71505,35.89814],[140.7154,35.89816]]]},"properties":{"hoanrinKind":"保安林"}},
{"type":"Feature","geometry":{"type":"Polygon","coordinates":[[[140.24065,35.94057],[140.24099,35.94111],[140.24069,35.94138],[140.2402,35.94099],[140.24065,35.94057]]]},"properties":{"hoanrinKind":"保安林"}},
{"type":"Feature","geometry":{"type":"Polygon","coordinates":[[[140.63808,35.97608],[140.638,35.97707],[140.63735,35.97706],[140.63618,35.97477],[140.6362,35.97371],[140.63543,35.97382],[140.6352,35.97342],[140.63556,35.97207],[140.63636,35.97162],[140.63636,35.97014],[140.63723,35.97041],[140.63877,35.97135],[140.63989,35.97183],[140.6408,35.97235],[140.64027,35.97503],[140.63854,35.97469],[140.63808,35.97608]]]},"properties":{"hoanrinKind":"保安林"}},
{"type":"Feature","geometry":{"type":"Polygon","coordinates":[[[140.66671,35.97628],[140.66638,35.97635],[140.66776,35.97453],[140.66876,35.97259],[140.66971,35.97137],[140.67166,35.96834],[140.67285,35.96556],[140.67301,35.96577],[140.67265,35.96691],[140.67162,35.96858],[140.6706,35.9704],[140.66984,35.97138],[140.66874,35.97303],[140.66829,35.97431],[140.6676,35.97547],[140.66726,35.9756],[140.66671,35.97628]]]},"properties":{"hoanrinKind":"保安林"}},
{"type":"Feature","geometry":{"type":"Polygon","coordinates":[[[140.6592,35.98884],[140.6588,35.98961],[140.65879,35.98922],[140.6592,35.98884]]]},"properties":{"hoanrinKind":"保安林"}},
{"type":"Feature","geometry":{"type":"Polygon","coordinates":[[[140.65349,35.98689],[140.65321,35.98722],[140.65253,35.98863],[140.65175,35.99051],[140.65023,35.99334],[140.64996,35.99312],[140.65122,35.99053],[140.65136,35.98988],[140.65248,35.98799],[140.65289,35.98698],[140.65287,35.98596],[140.65358,35.98595],[140.65418,35.98495],[140.65493,35.98425],[140.65511,35.98453],[140.65472,35.98514],[140.65432,35.98536],[140.65391,35.98671],[140.65349,35.98689]]]},"properties":{"hoanrinKind":"保安林"}},
{"type":"Feature","geometry":{"type":"Polygon","coordinates":[[[140.65269,36.00018],[140.65269,36.0004],[140.65247,36.00043],[140.65251,36.00008],[140.65269,36.00018]]]},"properties":{"hoanrinKind":"保安林"}},
{"type":"Feature","geometry":{"type":"Polygon","coordinates":[[[140.64859,36.00974],[140.6482,36.01062],[140.64703,36.01006],[140.64725,36.00954],[140.64859,36.00974]]]},"properties":{"hoanrinKind":"保安林"}},
{"type":"Feature","geometry":{"type":"Polygon","coordinates":[[[140.64,36.01201],[140.63972,36.01303],[140.63948,36.01267],[140.63951,36.01198],[140.64,36.01201]]]},"properties":{"hoanrinKind":"保安林"}},
{"type":"Feature","geometry":{"type":"Polygon","coordinates":[[[140.63796,36.01645],[140.63715,36.01651],[140.63721,36.0162],[140.638,36.01594],[140.63796,36.01645]]]},"properties":{"hoanrinKind":"保安林"}},
{"type":"Feature","geometry":{"type":"Polygon","coordinates":[[[140.63721,36.0191],[140.63709,36.01855],[140.63727,36.01811],[140.63706,36.0175],[140.63784,36.01754],[140.63774,36.01832],[140.63721,36.0191]]]},"properties":{"hoanrinKind":"保安林"}},
{"type":"Feature","geometry":{"type":"Polygon","coordinates":[[[140.63493,36.02246],[140.63483,36.02249],[140.63479,36.02244],[140.63492,36.02236],[140.63493,36.02246]]]},"properties":{"hoanrinKind":"保安林"}},
{"type":"Feature","geometry":{"type":"Polygon","coordinates":[[[140.63125,36.03901],[140.63144,36.0392],[140.63071,36.04028],[140.63059,36.04002],[140.63125,36.03901]]]},"properties":{"hoanrinKind":"保安林"}},
{"type":"Feature","geometry":{"type":"Polygon","coordinates":[[[140.63008,36.0412],[140.62976,36.04168],[140.6298,36.04221],[140.62927,36.04224],[140.6296,36.04125],[140.63008,36.0412]]]},"properties":{"hoanrinKind":"保安林"}},
{"type":"Feature","geometry":{"type":"Polygon","coordinates":[[[140.62508,36.04396],[140.62505,36.04439],[140.62454,36.0442],[140.62508,36.04396]]]},"properties":{"hoanrinKind":"保安林"}},
{"type":"Feature","geometry":{"type":"Polygon","coordinates":[[[140.62416,36.04602],[140.62416,36.04596],[140.62429,36.04601],[140.62416,36.04602]]]},"properties":{"hoanrinKind":"保安林"}},
{"type":"Feature","geometry":{"type":"Polygon","coordinates":[[[140.62122,36.05113],[140.62117,36.05106],[140.62125,36.05103],[140.62131,36.05106],[140.62122,36.05113]]]},"properties":{"hoanrinKind":"保安林"}},
{"type":"Feature","geometry":{"type":"Polygon","coordinates":[[[140.62038,36.05339],[140.6202,36.054],[140.62005,36.05401],[140.62019,36.05361],[140.62038,36.05339]]]},"properties":{"hoanrinKind":"保安林"}},
{"type":"Feature","geometry":{"type":"Polygon","coordinates":[[[140.61871,36.05618],[140.61941,36.05634],[140.61924,36.05666],[140.61862,36.05643],[140.61871,36.05618]]]},"properties":{"hoanrinKind":"保安林"}},
{"type":"Feature","geometry":{"type":"Polygon","coordinates":[[[140.61633,36.05981],[140.61648,36.05993],[140.61644,36.06001],[140.61633,36.05992],[140.61633,36.05981]]]},"properties":{"hoanrinKind":"保安林"}},
{"type":"Feature","geometry":{"type":"Polygon","coordinates":[[[140.61609,36.06108],[140.61606,36.06124],[140.61598,36.0612],[140.61609,36.06108]]]},"properties":{"hoanrinKind":"保安林"}},
{"type":"Feature","geometry":{"type":"Polygon","coordinates":[[[140.61326,36.06895],[140.6137,36.0696],[140.61325,36.06967],[140.61268,36.06924],[140.61326,36.06895]]]},"properties":{"hoanrinKind":"保安林"}},
{"type":"Feature","geometry":{"type":"Polygon","coordinates":[[[140.61292,36.0696],[140.61312,36.07018],[140.61292,36.07046],[140.61265,36.06985],[140.61292,36.0696]]]},"properties":{"hoanrinKind":"保安林"}},
{"type":"Feature","geometry":{"type":"Polygon","coordinates":[[[140.44741,36.07186],[140.44629,36.07241],[140.44636,36.0715],[140.44682,36.07169],[140.4476,36.07046],[140.4483,36.06994],[140.44872,36.07024],[140.44826,36.07067],[140.44808,36.07143],[140.44741,36.07186]]]},"properties":{"hoanrinKind":"保安林"}},
{"type":"Feature","geometry":{"type":"Polygon","coordinates":[[[140.37622,36.07387],[140.376,36.07379],[140.37585,36.07259],[140.3764,36.07335],[140.37622,36.07387]]]},"properties":{"hoanrinKind":"保安林"}},
{"type":"Feature","geometry":{"type":"Polygon","coordinates":[[[140.45002,36.07469],[140.44976,36.07529],[140.44934,36.07535],[140.44852,36.07471],[140.45054,36.07343],[140.45085,36.07377],[140.45091,36.07434],[140.45067,36.07474],[140.45002,36.07469]]]},"properties":{"hoanrinKind":"保安林"}},
{"type":"Feature","geometry":{"type":"Polygon","coordinates":[[[140.28732,36.07923],[140.28811,36.07969],[140.28832,36.08033],[140.28782,36.08171],[140.28736,36.08229],[140.28633,36.08283],[140.28631,36.08168],[140.28705,36.08063],[140.28697,36.07954],[140.28732,36.07923]]]},"properties":{"hoanrinKind":"保安林"}},
{"type":"Feature","geometry":{"type":"Polygon","coordinates":[[[140.28174,36.0866],[140.28125,36.08693],[140.27944,36.08693],[140.27915,36.08685],[140.27828,36.08545],[140.27903,36.08521],[140.28015,36.08595],[140.28066,36.08573],[140.28174,36.0866]]]},"properties":{"hoanrinKind":"保安林"}},
{"type":"Feature","geometry":{"type":"Polygon","coordinates":[[[140.60382,36.08795],[140.60347,36.08801],[140.60354,36.08778],[140.60382,36.08795]]]},"properties":{"hoanrinKind":"保安林"}},
{"type":"Feature","geometry":{"type":"Polygon","coordinates":[[[140.44834,36.09012],[140.4491,36.09043],[140.44866,36.09076],[140.44801,36.09089],[140.44834,36.09012]]]},"properties":{"hoanrinKind":"保安林"}},
{"type":"Feature","geometry":{"type":"Polygon","coordinates":[[[140.08795,36.09235],[140.08763,36.09368],[140.08715,36.09428],[140.08624,36.09484],[140.086,36.09439],[140.08698,36.09345],[140.08685,36.09283],[140.08729,36.09237],[140.08795,36.09235]]]},"properties":{"hoanrinKind":"保安林"}},
{"type":"Feature","geometry":{"type":"Polygon","coordinates":[[[140.44906,36.09462],[140.4486,36.09503],[140.44892,36.09314],[140.44873,36.092],[140.44929,36.09184],[140.45043,36.09218],[140.45056,36.0927],[140.45012,36.09326],[140.44916,36.09314],[140.44906,36.09462]]]},"properties":{"hoanrinKind":"保安林"}},
{"type":"Feature","geometry":{"type":"Polygon","coordinates":[[[140.44765,36.09607],[140.44735,36.09586],[140.44794,36.09556],[140.44765,36.09607]]]},"properties":{"hoanrinKind":"保安林"}},
{"type":"Feature","geometry":{"type":"Polygon","coordinates":[[[140.08986,36.09673],[140.08893,36.09612],[140.08903,36.09563],[140.09044,36.09499],[140.0914,36.09497],[140.09133,36.09619],[140.0905,36.09611],[140.08986,36.09673]]]},"properties":{"hoanrinKind":"保安林"}},
{"type":"Feature","geometry":{"type":"Polygon","coordinates":[[[140.59911,36.10437],[140.59855,36.10557],[140.59818,36.10547],[140.59815,36.10467],[140.59738,36.10467],[140.59708,36.10437],[140.59691,36.10364],[140.5957,36.1039],[140.59514,36.10324],[140.59515,36.10296],[140.59604,36.10291],[140.59662,36.10225],[140.59778,36.10256],[140.59882,36.10234],[140.59898,36.10341],[140.59841,36.10367],[140.59838,36.10407],[140.59911,36.10437]]]},"properties":{"hoanrinKind":"保安林"}},
{"type":"Feature","geometry":{"type":"Polygon","coordinates":[[[140.11535,36.10622],[140.11529,36.10656],[140.11448,36.10661],[140.11499,36.10601],[140.11535,36.10622]]]},"properties":{"hoanrinKind":"保安林"}},
{"type":"Feature","geometry":{"type":"Polygon","coordinates":[[[140.5964,36.10777],[140.59688,36.10667],[140.59791,36.10627],[140.59891,36.10627],[140.59868,36.10697],[140.59801,36.10707],[140.59765,36.10767],[140.59718,36.10728],[140.5964,36.10777]]]},"properties":{"hoanrinKind":"保安林"}},
{"type":"Feature","geometry":{"type":"Polygon","coordinates":[[[140.11438,36.10821],[140.114,36.10774],[140.11463,36.10749],[140.11438,36.10821]]]},"properties":{"hoanrinKind":"保安林"}},
{"type":"Feature","geometry":{"type":"Polygon","coordinates":[[[140.12836,36.10953],[140.12806,36.10967],[140.12769,36.10934],[140.12778,36.10916],[140.12836,36.10953]]]},"properties":{"hoanrinKind":"保安林"}},
{"type":"Feature","geometry":{"type":"Polygon","coordinates":[[[140.59582,36.11009],[140.59554,36.11083],[140.59521,36.11087],[140.59564,36.11014],[140.59578,36.10917],[140.59615,36.10963],[140.59582,36.11009]]]},"properties":{"hoanrinKind":"保安林"}},
{"type":"Feature","geometry":{"type":"Polygon","coordinates":[[[140.5869,36.13485],[140.58708,36.13575],[140.58655,36.13622],[140.58675,36.13684],[140.58653,36.13757],[140.58523,36.14016],[140.58468,36.14091],[140.58394,36.14153],[140.58342,36.14117],[140.58385,36.14037],[140.58413,36.14019],[140.58457,36.13861],[140.58543,36.13792],[140.58573,36.13714],[140.58603,36.13502],[140.5869,36.13485]]]},"properties":{"hoanrinKind":"保安林"}},
{"type":"Feature","geometry":{"type":"Polygon","coordinates":[[[140.58284,36.14143],[140.58325,36.14166],[140.58337,36.14206],[140.58265,36.14183],[140.58284,36.14143]]]},"properties":{"hoanrinKind":"保安林"}},
{"type":"Feature","geometry":{"type":"Polygon","coordinates":[[[140.58158,36.14928],[140.58105,36.15019],[140.58097,36.15096],[140.58061,36.1517],[140.57937,36.1521],[140.57936,36.15127],[140.57988,36.15075],[140.57988,36.15025],[140.57891,36.14925],[140.5803,36.14915],[140.58093,36.14888],[140.58145,36.14805],[140.58138,36.14743],[140.58245,36.14641],[140.58213,36.1482],[140.58158,36.14928]]]},"properties":{"hoanrinKind":"保安林"}},
{"type":"Feature","geometry":{"type":"Polygon","coordinates":[[[140.57764,36.16017],[140.57767,36.16051],[140.57707,36.16107],[140.57635,36.16116],[140.5769,36.16039],[140.57643,36.16002],[140.57642,36.15958],[140.57712,36.1594],[140.57657,36.15885],[140.57718,36.15831],[140.57735,36.1576],[140.57679,36.15641],[140.57712,36.15584],[140.57654,36.15581],[140.57633,36.15516],[140.57669,36.15475],[140.57707,36.15513],[140.57789,36.15496],[140.57818,36.15416],[140.5788,36.15386],[140.5788,36.15313],[140.57942,36.15243],[140.58021,36.15272],[140.58017,36.15379],[140.5795,36.1559],[140.57929,36.15724],[140.5785,36.15758],[140.57827,36.15868],[140.57764,36.16017]]]},"properties":{"hoanrinKind":"保安林"}},
{"type":"Feature","geometry":{"type":"Polygon","coordinates":[[[140.16295,36.16912],[140.16094,36.16958],[140.16032,36.16935],[140.16084,36.16847],[140.16145,36.1682],[140.16222,36.16818],[140.16358,36.16773],[140.16426,36.16824],[140.16571,36.1685],[140.16432,36.16914],[140.16295,36.16912]]]},"properties":{"hoanrinKind":"保安林"}},
{"type":"Feature","geometry":{"type":"Polygon","coordinates":[[[140.57459,36.16643],[140.5751,36.1677],[140.5752,36.16875],[140.57504,36.16969],[140.57448,36.16988],[140.57437,36.16941],[140.57459,36.16845],[140.57419,36.16842],[140.57393,36.16684],[140.57419,36.16567],[140.57368,36.16555],[140.57321,36.16442],[140.57331,36.16406],[140.57386,36.16365],[140.57411,36.16303],[140.57532,36.16229],[140.57664,36.1625],[140.57625,36.16404],[140.57511,36.1665],[140.57459,36.16643]]]},"properties":{"hoanrinKind":"保安林"}},
{"type":"Feature","geometry":{"type":"Polygon","coordinates":[[[140.14247,36.17235],[140.14172,36.17359],[140.1411,36.17381],[140.14186,36.17264],[140.14247,36.17235]]]},"properties":{"hoanrinKind":"保安林"}},
{"type":"Feature","geometry":{"type":"Polygon","coordinates":[[[140.57456,36.1705],[140.57438,36.17092],[140.57445,36.17207],[140.57422,36.17259],[140.57384,36.17448],[140.57353,36.17467],[140.57299,36.17427],[140.57344,36.17252],[140.57413,36.17201],[140.57395,36.17087],[140.57456,36.1705]]]},"properties":{"hoanrinKind":"保安林"}},
{"type":"Feature","geometry":{"type":"Polygon","coordinates":[[[140.14019,36.17449],[140.13998,36.17466],[140.14001,36.17445],[140.14019,36.17449]]]},"properties":{"hoanrinKind":"保安林"}},
{"type":"Feature","geometry":{"type":"Polygon","coordinates":[[[140.1635,36.17889],[140.16398,36.17916],[140.16335,36.17938],[140.1635,36.17889]]]},"properties":{"hoanrinKind":"保安林"}},
{"type":"Feature","geometry":{"type":"Polygon","coordinates":[[[140.1222,36.17901],[140.12056,36.17949],[140.11986,36.17917],[140.12043,36.17825],[140.12058,36.17765],[140.12131,36.17741],[140.12421,36.17717],[140.12556,36.17665],[140.12595,36.17768],[140.12457,36.17824],[140.1222,36.17901]]]},"properties":{"hoanrinKind":"保安林"}},
{"type":"Feature","geometry":{"type":"Polygon","coordinates":[[[140.16454,36.18022],[140.16465,36.18077],[140.16414,36.18078],[140.16454,36.18022]]]},"properties":{"hoanrinKind":"保安林"}},
{"type":"Feature","geometry":{"type":"Polygon","coordinates":[[[140.18814,36.17934],[140.18724,36.17964],[140.18628,36.18029],[140.18546,36.18142],[140.18461,36.18182],[140.18449,36.18259],[140.18377,36.18228],[140.18368,36.18177],[140.18391,36.18139],[140.18478,36.18078],[140.18527,36.18017],[140.18628,36.17926],[140.18569,36.17905],[140.18557,36.17799],[140.18476,36.17759],[140.18431,36.17757],[140.184,36.17813],[140.18278,36.1783],[140.18206,36.17863],[140.18164,36.17846],[140.18077,36.17921],[140.18045,36.17865],[140.17948,36.17789],[140.17832,36.17813],[140.17713,36.17822],[140.17586,36.17818],[140.17447,36.17841],[140.17352,36.17879],[140.17243,36.17731],[140.17183,36.176],[140.17018,36.17604],[140.16875,36.17576],[140.16833,36.17546],[140.1679,36.17479],[140.16742,36.17445],[140.1665,36.17513],[140.16507,36.17555],[140.16386,36.17498],[140.16281,36.17482],[140.16199,36.17501],[140.16213,36.17568],[140.16279,36.17681],[140.16239,36.17723],[140.161,36.17522],[140.16053,36.17484],[140.15974,36.17494],[140.15926,36.17573],[140.15861,36.17591],[140.15847,36.1763],[140.1587,36.17726],[140.15997,36.17675],[140.16014,36.17745],[140.15987,36.17822],[140.1585,36.17868],[140.15812,36.17848],[140.15748,36.17591],[140.15787,36.17541],[140.15863,36.17523],[140.15925,36.17438],[140.15937,36.17382],[140.16253,36.17276],[140.16427,36.17253],[140.1653,36.17161],[140.16715,36.17123],[140.16823,36.17051],[140.16906,36.17046],[140.16985,36.17102],[140.17121,36.17065],[140.17192,36.17107],[140.17258,36.17091],[140.17331,36.17119],[140.17558,36.17131],[140.17647,36.17161],[140.17642,36.17092],[140.17682,36.17086],[140.17704,36.17029],[140.17699,36.1694],[140.17653,36.16926],[140.17656,36.1673],[140.17798,36.16639],[140.17912,36.16624],[140.17956,36.16565],[140.18226,36.16694],[140.18309,36.16747],[140.18381,36.16771],[140.18429,36.16738],[140.18478,36.16756],[140.18489,36.16799],[140.18554,36.16794],[140.18603,36.16851],[140.18563,36.16914],[140.18636,36.16935],[140.18637,36.16977],[140.18505,36.16981],[140.18457,36.17065],[140.18392,36.17133],[140.18375,36.17204],[140.18381,36.17354],[140.18353,36.17429],[140.18484,36.17534],[140.18576,36.1756],[140.18633,36.17623],[140.18656,36.17679],[140.18734,36.17773],[140.18773,36.17846],[140.18893,36.17917],[140.18814,36.17934]]]},"properties":{"hoanrinKind":"保安林"}},
{"type":"Feature","geometry":{"type":"Polygon","coordinates":[[[140.13436,36.18314],[140.13409,36.18375],[140.13387,36.18339],[140.13436,36.18314]]]},"properties":{"hoanrinKind":"保安林"}},
{"type":"Feature","geometry":{"type":"Polygon","coordinates":[[[140.14491,36.1838],[140.1452,36.18382],[140.1454,36.18395],[140.14551,36.18415],[140.14479,36.18384],[140.14491,36.1838]]]},"properties":{"hoanrinKind":"保安林"}},
{"type":"Feature","geometry":{"type":"Polygon","coordinates":[[[140.16327,36.18342],[140.16204,36.18376],[140.16124,36.18438],[140.16075,36.18406],[140.16057,36.18309],[140.1597,36.18253],[140.15891,36.18184],[140.1587,36.18045],[140.15833,36.17943],[140.15887,36.17894],[140.16019,36.17882],[140.16204,36.17831],[140.16244,36.17796],[140.16267,36.17871],[140.16273,36.1798],[140.1632,36.18005],[140.16299,36.18079],[140.1631,36.18112],[140.16149,36.1812],[140.16117,36.18154],[140.16103,36.18292],[140.162,36.18272],[140.16303,36.18198],[140.16422,36.18212],[140.16506,36.18253],[140.16465,36.1834],[140.16327,36.18342]]]},"properties":{"hoanrinKind":"保安林"}},
{"type":"Feature","geometry":{"type":"Polygon","coordinates":[[[140.14519,36.18484],[140.14496,36.18506],[140.14466,36.18497],[140.14489,36.18474],[140.14519,36.18484]]]},"properties":{"hoanrinKind":"保安林"}},
{"type":"Feature","geometry":{"type":"Polygon","coordinates":[[[140.14524,36.18574],[140.14492,36.18602],[140.14475,36.18586],[140.14524,36.18574]]]},"properties":{"hoanrinKind":"保安林"}},
{"type":"Feature","geometry":{"type":"Polygon","coordinates":[[[140.15668,36.18619],[140.15631,36.18656],[140.15594,36.18615],[140.15639,36.1859],[140.15668,36.18619]]]},"properties":{"hoanrinKind":"保安林"}},
{"type":"Feature","geometry":{"type":"Polygon","coordinates":[[[140.12771,36.18858],[140.12753,36.1893],[140.12616,36.18963],[140.12667,36.18895],[140.12667,36.18855],[140.12792,36.18837],[140.12792,36.18743],[140.12838,36.18721],[140.12921,36.18712],[140.12928,36.18646],[140.12973,36.1858],[140.13076,36.18567],[140.12989,36.18637],[140.12917,36.18771],[140.12829,36.18813],[140.12771,36.18858]]]},"properties":{"hoanrinKind":"保安林"}},
{"type":"Feature","geometry":{"type":"Polygon","coordinates":[[[140.56876,36.19045],[140.56845,36.19113],[140.56749,36.19089],[140.56786,36.19015],[140.56833,36.19001],[140.568,36.18908],[140.56833,36.18827],[140.56837,36.18753],[140.56906,36.18725],[140.56887,36.18693],[140.56936,36.18659],[140.56988,36.18723],[140.56952,36.18794],[140.56956,36.18887],[140.56937,36.18957],[140.56876,36.19045]]]},"properties":{"hoanrinKind":"保安林"}},
{"type":"Feature","geometry":{"type":"Polygon","coordinates":[[[140.56776,36.19395],[140.56774,36.19409],[140.56762,36.19418],[140.56762,36.1939],[140.56776,36.19395]]]},"properties":{"hoanrinKind":"保安林"}},
{"type":"Feature","geometry":{"type":"Polygon","coordinates":[[[140.56707,36.19533],[140.56623,36.19518],[140.56626,36.19465],[140.56602,36.19411],[140.56668,36.19388],[140.56703,36.1947],[140.56707,36.19533]]]},"properties":{"hoanrinKind":"保安林"}},
{"type":"Feature","geometry":{"type":"Polygon","coordinates":[[[140.10894,36.20076],[140.10907,36.20085],[140.10919,36.20183],[140.10896,36.20147],[140.10881,36.20095],[140.10894,36.20076]]]},"properties":{"hoanrinKind":"保安林"}},
{"type":"Feature","geometry":{"type":"Polygon","coordinates":[[[140.1356,36.20976],[140.1354,36.20991],[140.13535,36.2097],[140.1356,36.20976]]]},"properties":{"hoanrinKind":"保安林"}},
{"type":"Feature","geometry":{"type":"Polygon","coordinates":[[[140.14069,36.21202],[140.14029,36.2122],[140.13887,36.2115],[140.1385,36.2112],[140.13765,36.21172],[140.1367,36.21167],[140.13594,36.21183],[140.13562,36.21212],[140.13517,36.21176],[140.13542,36.21098],[140.13387,36.21095],[140.13347,36.21084],[140.13261,36.21102],[140.13232,36.21074],[140.13336,36.21033],[140.13576,36.21036],[140.13598,36.21055],[140.13717,36.21049],[140.13752,36.21089],[140.13833,36.2109],[140.13823,36.20962],[140.13794,36.20934],[140.13695,36.20917],[140.13765,36.20815],[140.13768,36.20748],[140.13739,36.20692],[140.13772,36.20599],[140.13724,36.20525],[140.13734,36.20461],[140.13716,36.20363],[140.13668,36.20332],[140.13563,36.20379],[140.13456,36.20395],[140.13103,36.20374],[140.13056,36.20362],[140.13049,36.20268],[140.13087,36.20254],[140.13117,36.20169],[140.13161,36.20165],[140.13141,36.20241],[140.13189,36.20234],[140.13201,36.20097],[140.13245,36.20053],[140.13326,36.20033],[140.13315,36.20119],[140.13259,36.20147],[140.1326,36.20252],[140.13339,36.20276],[140.13337,36.20183],[140.13364,36.20021],[140.13445,36.20018],[140.13458,36.19951],[140.13535,36.19956],[140.13557,36.20038],[140.13609,36.20064],[140.1368,36.19978],[140.13759,36.19974],[140.13789,36.20048],[140.13854,36.20104],[140.13903,36.20112],[140.14032,36.20093],[140.14083,36.20157],[140.14134,36.20163],[140.14276,36.20134],[140.14357,36.20164],[140.14406,36.20155],[140.14463,36.20096],[140.14441,36.20068],[140.14545,36.20001],[140.14591,36.20088],[140.14593,36.20178],[140.14626,36.20229],[140.14717,36.20161],[140.14728,36.20121],[140.14701,36.20076],[140.14636,36.19892],[140.1469,36.19867],[140.14718,36.19944],[140.1479,36.20042],[140.14737,36.20151],[140.14887,36.20153],[140.14954,36.20233],[140.1503,36.20172],[140.15081,36.20195],[140.15143,36.20303],[140.15115,36.20324],[140.15113,36.20407],[140.15061,36.20471],[140.15003,36.20497],[140.14959,36.20562],[140.14911,36.20574],[140.14657,36.20547],[140.14608,36.20515],[140.14549,36.20507],[140.14502,36.20439],[140.14579,36.20433],[140.14552,36.20383],[140.14535,36.20274],[140.14397,36.20266],[140.14263,36.2028],[140.14214,36.20311],[140.14099,36.20292],[140.14036,36.20346],[140.13934,36.20316],[140.13845,36.20324],[140.13836,36.20406],[140.13883,36.20503],[140.13876,36.2058],[140.13981,36.20665],[140.13991,36.20779],[140.13975,36.20823],[140.1404,36.2091],[140.13962,36.20901],[140.13957,36.20957],[140.13992,36.2103],[140.13994,36.21089],[140.14069,36.21202]]]},"properties":{"hoanrinKind":"保安林"}},
{"type":"Feature","geometry":{"type":"Polygon","coordinates":[[[140.23586,36.214],[140.23543,36.214],[140.23494,36.21338],[140.23531,36.2131],[140.23586,36.214]]]},"properties":{"hoanrinKind":"保安林"}},
{"type":"Feature","geometry":{"type":"Polygon","coordinates":[[[140.12207,36.21292],[140.12102,36.21395],[140.12083,36.21436],[140.12017,36.21455],[140.11941,36.2143],[140.11966,36.21321],[140.12044,36.2127],[140.12099,36.21124],[140.12208,36.21116],[140.12282,36.21045],[140.12344,36.20946],[140.12461,36.20935],[140.12486,36.2088],[140.12435,36.20829],[140.12452,36.20768],[140.12562,36.20773],[140.12437,36.20708],[140.12444,36.20625],[140.12533,36.20559],[140.1269,36.20514],[140.12754,36.2054],[140.12724,36.20599],[140.129,36.20656],[140.13014,36.20702],[140.13305,36.20883],[140.13286,36.2091],[140.13213,36.20897],[140.13109,36.20858],[140.13032,36.20856],[140.12936,36.20877],[140.12803,36.20942],[140.12853,36.21071],[140.12928,36.21075],[140.1293,36.21124],[140.12885,36.21131],[140.12891,36.21189],[140.12763,36.21183],[140.12642,36.21155],[140.12614,36.21096],[140.12548,36.21113],[140.12661,36.21267],[140.12502,36.2131],[140.12417,36.21374],[140.1223,36.21335],[140.12207,36.21292]]]},"properties":{"hoanrinKind":"保安林"}},
{"type":"Feature","geometry":{"type":"Polygon","coordinates":[[[140.5639,36.21395],[140.56375,36.21535],[140.56319,36.21531],[140.56296,36.21499],[140.56336,36.21449],[140.56338,36.21395],[140.5639,36.21395]]]},"properties":{"hoanrinKind":"保安林"}},
{"type":"Feature","geometry":{"type":"Polygon","coordinates":[[[140.12128,36.21709],[140.12033,36.21755],[140.1191,36.21877],[140.11857,36.21866],[140.1178,36.21797],[140.11746,36.21748],[140.11712,36.2164],[140.11726,36.2161],[140.11793,36.21586],[140.11988,36.21601],[140.12073,36.21557],[140.12186,36.21427],[140.12264,36.21407],[140.12379,36.21429],[140.1245,36.21414],[140.12599,36.21315],[140.12706,36.21289],[140.12824,36.21244],[140.12843,36.2131],[140.12739,36.21396],[140.12627,36.21425],[140.12429,36.21537],[140.1232,36.21556],[140.12212,36.21553],[140.1219,36.21703],[140.12128,36.21709]]]},"properties":{"hoanrinKind":"保安林"}},
{"type":"Feature","geometry":{"type":"Polygon","coordinates":[[[140.12399,36.21816],[140.12551,36.21866],[140.12563,36.21916],[140.12497,36.21971],[140.12444,36.21968],[140.12369,36.21933],[140.12433,36.21883],[140.12399,36.21816]]]},"properties":{"hoanrinKind":"保安林"}},
{"type":"Feature","geometry":{"type":"Polygon","coordinates":[[[140.13434,36.21985],[140.1344,36.22079],[140.13361,36.2214],[140.13202,36.22157],[140.13143,36.21982],[140.13188,36.21961],[140.13311,36.21937],[140.13403,36.21946],[140.13434,36.21985]]]},"properties":{"hoanrinKind":"保安林"}},
{"type":"Feature","geometry":{"type":"Polygon","coordinates":[[[140.08856,36.22729],[140.086,36.22752],[140.08462,36.2277],[140.08321,36.22807],[140.08003,36.22791],[140.07607,36.22722],[140.07365,36.22719],[140.07344,36.22571],[140.07284,36.22513],[140.07342,36.22461],[140.07296,36.2241],[140.07524,36.22407],[140.07583,36.22383],[140.07633,36.22285],[140.07641,36.22209],[140.07632,36.22028],[140.07645,36.22011],[140.07882,36.22022],[140.07885,36.21943],[140.08076,36.21975],[140.08167,36.21871],[140.08077,36.21802],[140.08146,36.21744],[140.082,36.21627],[140.08254,36.21619],[140.08415,36.21681],[140.0846,36.21679],[140.08544,36.21545],[140.08669,36.21473],[140.08761,36.21441],[140.08759,36.2137],[140.08826,36.21347],[140.08875,36.21393],[140.08937,36.21368],[140.08935,36.21305],[140.08981,36.21309],[140.09002,36.21471],[140.08997,36.2153],[140.09053,36.21589],[140.09042,36.2173],[140.09105,36.21778],[140.09111,36.21884],[140.09168,36.21873],[140.09229,36.21796],[140.09308,36.21757],[140.09494,36.21792],[140.09542,36.21992],[140.09653,36.22237],[140.09704,36.22332],[140.0969,36.22399],[140.09634,36.22384],[140.09538,36.22319],[140.09454,36.22306],[140.09353,36.22271],[140.0915,36.22152],[140.09242,36.22305],[140.09214,36.22334],[140.09077,36.22214],[140.08963,36.22151],[140.08825,36.221],[140.08716,36.22096],[140.08991,36.22171],[140.09078,36.22218],[140.09226,36.22361],[140.09339,36.22453],[140.09482,36.22479],[140.09708,36.22573],[140.09752,36.2264],[140.09279,36.22677],[140.08856,36.22729]]]},"properties":{"hoanrinKind":"保安林"}},
{"type":"Feature","geometry":{"type":"Polygon","coordinates":[[[140.12001,36.2272],[140.12013,36.22804],[140.11955,36.22815],[140.11815,36.22727],[140.11755,36.22707],[140.11798,36.22661],[140.117,36.2254],[140.11643,36.2239],[140.1153,36.22369],[140.11508,36.22317],[140.11534,36.22291],[140.1163,36.22249],[140.1168,36.22207],[140.11836,36.22119],[140.11883,36.2214],[140.11881,36.22222],[140.1183,36.22255],[140.1182,36.22316],[140.11772,36.22373],[140.11839,36.22429],[140.11925,36.22469],[140.11936,36.22378],[140.12008,36.22383],[140.121,36.22471],[140.12131,36.22442],[140.12274,36.22517],[140.12163,36.22618],[140.12121,36.22695],[140.12071,36.22723],[140.12001,36.2272]]]},"properties":{"hoanrinKind":"保安林"}},
{"type":"Feature","geometry":{"type":"Polygon","coordinates":[[[140.12,36.22978],[140.12287,36.23044],[140.12386,36.23053],[140.12536,36.23125],[140.12502,36.23151],[140.12268,36.23079],[140.11968,36.23],[140.12,36.22978]]]},"properties":{"hoanrinKind":"保安林"}},
{"type":"Feature","geometry":{"type":"Polygon","coordinates":[[[140.08989,36.22793],[140.09086,36.22813],[140.09141,36.22873],[140.0919,36.23033],[140.09179,36.23074],[140.09131,36.23109],[140.08977,36.23151],[140.08757,36.23185],[140.08734,36.23054],[140.08769,36.23011],[140.08747,36.22938],[140.08764,36.22825],[140.08826,36.22794],[140.08989,36.22793]]]},"properties":{"hoanrinKind":"保安林"}},
{"type":"Feature","geometry":{"type":"Polygon","coordinates":[[[140.13477,36.23118],[140.13585,36.2319],[140.1357,36.23234],[140.13497,36.2321],[140.13433,36.23155],[140.13477,36.23118]]]},"properties":{"hoanrinKind":"保安林"}},
{"type":"Feature","geometry":{"type":"Polygon","coordinates":[[[140.15067,36.23949],[140.15105,36.24018],[140.15022,36.24023],[140.1502,36.23963],[140.15067,36.23949]]]},"properties":{"hoanrinKind":"保安林"}},
{"type":"Feature","geometry":{"type":"Polygon","coordinates":[[[140.14795,36.23911],[140.14801,36.2398],[140.14788,36.24098],[140.1481,36.24163],[140.14725,36.24195],[140.1469,36.24156],[140.14698,36.24089],[140.14753,36.24042],[140.14728,36.2397],[140.14732,36.23909],[140.14795,36.23911]]]},"properties":{"hoanrinKind":"保安林"}},
{"type":"Feature","geometry":{"type":"Polygon","coordinates":[[[140.56033,36.24062],[140.56053,36.24081],[140.56052,36.24159],[140.56024,36.2447],[140.55968,36.24462],[140.55964,36.24372],[140.55987,36.24288],[140.56012,36.24059],[140.56033,36.24062]]]},"properties":{"hoanrinKind":"保安林"}},
{"type":"Feature","geometry":{"type":"Polygon","coordinates":[[[140.55979,36.24614],[140.55961,36.24695],[140.55917,36.24812],[140.55833,36.24796],[140.55899,36.24605],[140.55923,36.24605],[140.55946,36.24518],[140.55983,36.24535],[140.55979,36.24614]]]},"properties":{"hoanrinKind":"保安林"}},
{"type":"Feature","geometry":{"type":"Polygon","coordinates":[[[140.11107,36.25373],[140.11062,36.25408],[140.1101,36.25343],[140.10918,36.25378],[140.1095,36.25286],[140.109,36.25249],[140.10868,36.25196],[140.1082,36.25167],[140.10707,36.25134],[140.10552,36.24916],[140.10526,36.24771],[140.10606,36.24773],[140.10614,36.24688],[140.10683,36.24683],[140.10741,36.24612],[140.10779,36.24616],[140.10874,36.24698],[140.10878,36.24744],[140.10949,36.24885],[140.10967,36.25006],[140.11008,36.25115],[140.11102,36.25206],[140.11154,36.25319],[140.11107,36.25373]]]},"properties":{"hoanrinKind":"保安林"}},
{"type":"Feature","geometry":{"type":"Polygon","coordinates":[[[140.14526,36.25614],[140.14475,36.25709],[140.14412,36.25668],[140.14472,36.25617],[140.14526,36.25614]]]},"properties":{"hoanrinKind":"保安林"}},
{"type":"Feature","geometry":{"type":"Polygon","coordinates":[[[140.12442,36.27052],[140.1265,36.27077],[140.1265,36.27115],[140.12573,36.27145],[140.12431,36.27151],[140.12271,36.2711],[140.12262,36.27061],[140.12323,36.2704],[140.12442,36.27052]]]},"properties":{"hoanrinKind":"保安林"}},
{"type":"Feature","geometry":{"type":"Polygon","coordinates":[[[140.12041,36.27065],[140.11924,36.27175],[140.11809,36.2725],[140.11846,36.27122],[140.119,36.27087],[140.11993,36.27063],[140.12041,36.27065]]]},"properties":{"hoanrinKind":"保安林"}},
{"type":"Feature","geometry":{"type":"Polygon","coordinates":[[[140.12136,36.2752],[140.12059,36.2758],[140.11937,36.27533],[140.119,36.27505],[140.12017,36.2748],[140.1208,36.27452],[140.12232,36.27356],[140.12257,36.27374],[140.12136,36.2752]]]},"properties":{"hoanrinKind":"保安林"}},
{"type":"Feature","geometry":{"type":"Polygon","coordinates":[[[140.12164,36.27779],[140.1205,36.2778],[140.11982,36.27738],[140.12101,36.27694],[140.12143,36.27618],[140.12206,36.27601],[140.12266,36.27548],[140.12234,36.27498],[140.12289,36.27427],[140.1232,36.27435],[140.12325,36.27533],[140.12251,36.27764],[140.12164,36.27779]]]},"properties":{"hoanrinKind":"保安林"}},
{"type":"Feature","geometry":{"type":"Polygon","coordinates":[[[140.13113,36.27934],[140.13039,36.27969],[140.12907,36.2794],[140.12764,36.27948],[140.12721,36.27961],[140.12561,36.27967],[140.1246,36.27948],[140.12484,36.27897],[140.12579,36.27889],[140.1266,36.27852],[140.12725,36.27784],[140.12808,36.27648],[140.12852,36.27632],[140.12891,36.27664],[140.12961,36.27686],[140.13095,36.27653],[140.13109,36.27758],[140.13217,36.27736],[140.13281,36.27804],[140.1339,36.27828],[140.13401,36.27885],[140.13279,36.279],[140.13196,36.27864],[140.13129,36.27901],[140.13113,36.27934]]]},"properties":{"hoanrinKind":"保安林"}},
{"type":"Feature","geometry":{"type":"Polygon","coordinates":[[[140.42055,36.28102],[140.42106,36.28169],[140.42073,36.282],[140.42055,36.28102]]]},"properties":{"hoanrinKind":"保安林"}},
{"type":"Feature","geometry":{"type":"Polygon","coordinates":[[[140.16615,36.28518],[140.16689,36.28574],[140.16677,36.28636],[140.16594,36.28613],[140.16565,36.28554],[140.16615,36.28518]]]},"properties":{"hoanrinKind":"保安林"}},
{"type":"Feature","geometry":{"type":"Polygon","coordinates":[[[140.16305,36.28689],[140.16367,36.28707],[140.16458,36.28766],[140.16452,36.2881],[140.16364,36.28855],[140.16284,36.28878],[140.16228,36.28819],[140.16175,36.28722],[140.16243,36.28678],[140.16305,36.28689]]]},"properties":{"hoanrinKind":"保安林"}},
{"type":"Feature","geometry":{"type":"Polygon","coordinates":[[[140.23998,36.28849],[140.23917,36.28892],[140.2391,36.28974],[140.23885,36.29066],[140.23992,36.29186],[140.23934,36.29286],[140.23903,36.29293],[140.23834,36.29162],[140.23733,36.29019],[140.2371,36.28901],[140.23649,36.28788],[140.23647,36.28693],[140.23628,36.28621],[140.23703,36.28471],[140.2376,36.28409],[140.23824,36.28369],[140.23871,36.28387],[140.24015,36.28399],[140.24355,36.28374],[140.24464,36.2835],[140.24682,36.28444],[140.24878,36.28446],[140.24872,36.28514],[140.24945,36.28553],[140.24944,36.28615],[140.24828,36.28657],[140.24689,36.28686],[140.24605,36.28737],[140.24506,36.28858],[140.24435,36.2885],[140.24374,36.28796],[140.24253,36.28831],[140.24213,36.28793],[140.24194,36.28708],[140.24146,36.28669],[140.24171,36.28604],[140.24136,36.28585],[140.24157,36.28508],[140.24119,36.28498],[140.24072,36.28547],[140.2403,36.28666],[140.2408,36.28679],[140.24169,36.28763],[140.24184,36.28862],[140.24169,36.28875],[140.24185,36.28989],[140.24114,36.29011],[140.24063,36.29006],[140.24019,36.28958],[140.24031,36.28867],[140.23998,36.28849]]]},"properties":{"hoanrinKind":"保安林"}},
{"type":"Feature","geometry":{"type":"Polygon","coordinates":[[[140.25219,36.29278],[140.25141,36.29298],[140.25219,36.292],[140.2522,36.29115],[140.25271,36.29081],[140.25288,36.29159],[140.25241,36.29197],[140.253,36.2924],[140.25366,36.2921],[140.25398,36.29266],[140.25358,36.29278],[140.25219,36.29278]]]},"properties":{"hoanrinKind":"保安林"}},
{"type":"Feature","geometry":{"type":"Polygon","coordinates":[[[140.23563,36.29516],[140.23576,36.29568],[140.23527,36.29551],[140.23563,36.29516]]]},"properties":{"hoanrinKind":"保安林"}},
{"type":"Feature","geometry":{"type":"Polygon","coordinates":[[[140.34443,36.3012],[140.34386,36.30187],[140.34333,36.30116],[140.34443,36.3012]]]},"properties":{"hoanrinKind":"保安林"}},
{"type":"Feature","geometry":{"type":"Polygon","coordinates":[[[140.16325,36.30174],[140.16447,36.30201],[140.16535,36.30266],[140.1652,36.30372],[140.16447,36.30381],[140.16361,36.30372],[140.16201,36.30307],[140.16172,36.30228],[140.16231,36.30174],[140.16325,36.30174]]]},"properties":{"hoanrinKind":"保安林"}},
{"type":"Feature","geometry":{"type":"Polygon","coordinates":[[[140.16234,36.30514],[140.16157,36.30487],[140.15995,36.30481],[140.15856,36.30502],[140.15803,36.30487],[140.15803,36.30411],[140.15841,36.3036],[140.16015,36.30343],[140.1611,36.30343],[140.16302,36.30393],[140.16346,36.30422],[140.16334,36.30496],[140.16266,36.30484],[140.16234,36.30514]]]},"properties":{"hoanrinKind":"保安林"}},
{"type":"Feature","geometry":{"type":"Polygon","coordinates":[[[140.16606,36.30638],[140.16629,36.30686],[140.16612,36.30765],[140.16509,36.30741],[140.16387,36.30729],[140.16402,36.30682],[140.16547,36.30638],[140.16606,36.30638]]]},"properties":{"hoanrinKind":"保安林"}},
{"type":"Feature","geometry":{"type":"Polygon","coordinates":[[[140.23412,36.30971],[140.23352,36.30984],[140.23288,36.30937],[140.23166,36.30887],[140.23082,36.30898],[140.22994,36.3083],[140.22887,36.30778],[140.2284,36.30829],[140.22709,36.30793],[140.22625,36.30783],[140.22558,36.30723],[140.22385,36.30694],[140.2238,36.30644],[140.22542,36.30684],[140.2269,36.30647],[140.22699,36.30592],[140.2249,36.30646],[140.2247,36.30597],[140.22509,36.30531],[140.22611,36.30567],[140.22763,36.30553],[140.22842,36.30588],[140.22881,36.30585],[140.22939,36.3054],[140.22983,36.30537],[140.2307,36.30606],[140.23213,36.30627],[140.23197,36.30556],[140.23205,36.30459],[140.23282,36.3045],[140.23465,36.30476],[140.2368,36.30425],[140.23754,36.30455],[140.23983,36.30516],[140.24012,36.30531],[140.24094,36.30628],[140.24088,36.30651],[140.24158,36.30693],[140.24145,36.30764],[140.24087,36.30787],[140.23883,36.30784],[140.23848,36.30815],[140.23774,36.308],[140.23685,36.30743],[140.2358,36.3074],[140.23448,36.30698],[140.23414,36.30652],[140.23352,36.30655],[140.23286,36.30681],[140.23332,36.30769],[140.23455,36.30742],[140.23573,36.30773],[140.23591,36.30881],[140.23577,36.30909],[140.23487,36.3093],[140.23412,36.30971]]]},"properties":{"hoanrinKind":"保安林"}},
{"type":"Feature","geometry":{"type":"Polygon","coordinates":[[[140.20573,36.3081],[140.20527,36.30837],[140.20431,36.3084],[140.20399,36.30759],[140.20471,36.3078],[140.205,36.30758],[140.20496,36.30667],[140.20541,36.30674],[140.20578,36.30757],[140.20573,36.3081]]]},"properties":{"hoanrinKind":"保安林"}},
{"type":"Feature","geometry":{"type":"Polygon","coordinates":[[[140.23038,36.29584],[140.23326,36.29659],[140.23527,36.29638],[140.23556,36.29608],[140.23624,36.29775],[140.23506,36.29773],[140.2341,36.29824],[140.23186,36.29837],[140.23044,36.29871],[140.23045,36.29961],[140.22836,36.29941],[140.22741,36.29907],[140.22697,36.29907],[140.22714,36.29842],[140.22812,36.29714],[140.22874,36.29718],[140.22938,36.29641],[140.22937,36.29586],[140.22761,36.29475],[140.22666,36.29455],[140.22607,36.29403],[140.22557,36.29448],[140.22462,36.29498],[140.2239,36.29582],[140.2236,36.29642],[140.22308,36.29798],[140.22234,36.29889],[140.22211,36.29939],[140.2217,36.30139],[140.22242,36.30257],[140.22274,36.30366],[140.22249,36.30448],[140.2216,36.30499],[140.22117,36.30558],[140.2206,36.30669],[140.21951,36.30777],[140.21913,36.30835],[140.21831,36.30871],[140.21651,36.31],[140.21579,36.3104],[140.21307,36.30968],[140.20987,36.30935],[140.20964,36.30844],[140.21057,36.30806],[140.21283,36.30697],[140.21328,36.30724],[140.21486,36.30745],[140.215,36.30686],[140.21485,36.30638],[140.21423,36.30584],[140.21429,36.30534],[140.21477,36.30477],[140.2137,36.30351],[140.21422,36.30345],[140.21508,36.30306],[140.21488,36.30261],[140.21392,36.30253],[140.21357,36.30208],[140.21517,36.30223],[140.21569,36.30251],[140.21776,36.3028],[140.21785,36.30178],[140.21883,36.30166],[140.21907,36.30121],[140.21895,36.30038],[140.21865,36.30021],[140.21744,36.30002],[140.21716,36.29901],[140.21825,36.2979],[140.21878,36.29778],[140.21924,36.29817],[140.22043,36.29685],[140.2217,36.29696],[140.22214,36.29661],[140.22169,36.29625],[140.22055,36.29605],[140.22037,36.2957],[140.22094,36.29516],[140.21992,36.2947],[140.21885,36.29439],[140.21794,36.29343],[140.21681,36.2927],[140.21651,36.29229],[140.21659,36.29166],[140.21738,36.29085],[140.21833,36.29133],[140.21914,36.29105],[140.22103,36.29065],[140.22335,36.28961],[140.22318,36.2904],[140.22402,36.2905],[140.22462,36.29078],[140.2253,36.29077],[140.22554,36.2918],[140.22685,36.29197],[140.22699,36.29133],[140.22666,36.29065],[140.22717,36.29017],[140.22754,36.29021],[140.22832,36.29079],[140.22913,36.29067],[140.22924,36.29036],[140.22891,36.28959],[140.22946,36.28962],[140.22898,36.28892],[140.23036,36.28814],[140.23103,36.28702],[140.23136,36.28621],[140.23224,36.28538],[140.23346,36.28493],[140.23391,36.28445],[140.23463,36.28325],[140.23466,36.28299],[140.23371,36.28233],[140.2328,36.28154],[140.23275,36.28116],[140.23312,36.28081],[140.23452,36.281],[140.23446,36.27987],[140.23351,36.27929],[140.2335,36.27802],[140.23403,36.27754],[140.23378,36.2764],[140.23382,36.27527],[140.23293,36.27426],[140.23344,36.27395],[140.2339,36.2744],[140.23435,36.27453],[140.23518,36.27519],[140.23572,36.27593],[140.23654,36.276],[140.23609,36.27463],[140.23757,36.27504],[140.23802,36.27484],[140.23779,36.27423],[140.2372,36.27344],[140.23814,36.27376],[140.23861,36.27427],[140.23935,36.27445],[140.23929,36.27717],[140.2398,36.27876],[140.2394,36.27976],[140.23935,36.28126],[140.24005,36.28238],[140.24075,36.28267],[140.24236,36.28267],[140.24326,36.28211],[140.24364,36.28086],[140.2449,36.28089],[140.24556,36.28079],[140.24584,36.28114],[140.24579,36.28217],[140.24607,36.28237],[140.24717,36.28215],[140.24782,36.28141],[140.24833,36.2811],[140.25031,36.28043],[140.25179,36.28024],[140.25249,36.28029],[140.25202,36.28108],[140.25065,36.28138],[140.24979,36.28187],[140.24914,36.28253],[140.24909,36.28356],[140.24832,36.28373],[140.24728,36.28372],[140.24617,36.28334],[140.24529,36.28268],[140.24464,36.2825],[140.24336,36.28293],[140.2406,36.28311],[140.23965,36.28327],[140.23858,36.28281],[140.2381,36.28275],[140.23741,36.28316],[140.23668,36.28388],[140.23579,36.28572],[140.23496,36.28675],[140.23335,36.28697],[140.23302,36.28789],[140.23229,36.28943],[140.23156,36.29034],[140.23156,36.29089],[140.23238,36.29191],[140.23306,36.29227],[140.23477,36.2926],[140.23569,36.29353],[140.23549,36.29373],[140.23407,36.29374],[140.23344,36.29358],[140.23156,36.29239],[140.23091,36.29184],[140.23,36.29175],[140.22934,36.29264],[140.22901,36.29266],[140.22813,36.29209],[140.2275,36.29278],[140.22771,36.29314],[140.22871,36.2937],[140.22964,36.29382],[140.23074,36.29365],[140.23177,36.29426],[140.2324,36.29414],[140.2326,36.2937],[140.23404,36.2946],[140.23462,36.29483],[140.23364,36.29534],[140.23349,36.29584],[140.23415,36.29581],[140.23525,36.29554],[140.23498,36.29624],[140.23392,36.29642],[140.23227,36.2963],[140.23038,36.29584]]]},"properties":{"hoanrinKind":"保安林"}},
{"type":"Feature","geometry":{"type":"Polygon","coordinates":[[[140.20522,36.30902],[140.20589,36.3095],[140.2058,36.31026],[140.20548,36.31061],[140.20416,36.3104],[140.20386,36.31016],[140.20428,36.30915],[140.20522,36.30902]]]},"properties":{"hoanrinKind":"保安林"}},
{"type":"Feature","geometry":{"type":"Polygon","coordinates":[[[140.22638,36.30938],[140.22742,36.31045],[140.22844,36.31098],[140.22859,36.31162],[140.2281,36.31205],[140.22622,36.31069],[140.22592,36.31023],[140.22587,36.30959],[140.22638,36.30938]]]},"properties":{"hoanrinKind":"保安林"}},
{"type":"Feature","geometry":{"type":"Polygon","coordinates":[[[140.22473,36.31007],[140.22529,36.31051],[140.22646,36.31198],[140.2252,36.31187],[140.22452,36.3102],[140.22473,36.31007]]]},"properties":{"hoanrinKind":"保安林"}},
{"type":"Feature","geometry":{"type":"Polygon","coordinates":[[[140.12275,36.3128],[140.12233,36.31292],[140.1218,36.31236],[140.12173,36.31186],[140.1213,36.31149],[140.12199,36.31088],[140.12195,36.3105],[140.12113,36.30978],[140.12144,36.30918],[140.12256,36.30842],[140.12363,36.30811],[140.12436,36.30875],[140.12397,36.30919],[140.1245,36.3095],[140.12512,36.3095],[140.12561,36.31021],[140.12536,36.31134],[140.12516,36.31156],[140.12408,36.31189],[140.12275,36.3128]]]},"properties":{"hoanrinKind":"保安林"}},
{"type":"Feature","geometry":{"type":"Polygon","coordinates":[[[140.15425,36.31217],[140.15514,36.31261],[140.15549,36.31317],[140.15549,36.31391],[140.1546,36.31405],[140.15413,36.31367],[140.15378,36.31261],[140.15425,36.31217]]]},"properties":{"hoanrinKind":"保安林"}},
{"type":"Feature","geometry":{"type":"Polygon","coordinates":[[[140.20975,36.31187],[140.2099,36.31273],[140.2112,36.31283],[140.21147,36.3136],[140.21143,36.31448],[140.21115,36.31476],[140.21021,36.31446],[140.21056,36.3139],[140.20949,36.31366],[140.20839,36.31323],[140.20829,36.31275],[140.20762,36.3122],[140.20828,36.31113],[140.20926,36.31101],[140.20939,36.31052],[140.20922,36.30979],[140.20996,36.30986],[140.21084,36.3108],[140.21198,36.31125],[140.21315,36.31127],[140.21393,36.31096],[140.21447,36.31122],[140.21417,36.31172],[140.21434,36.31252],[140.21411,36.31289],[140.21354,36.31304],[140.21296,36.31256],[140.21185,36.31221],[140.211,36.31228],[140.21013,36.3117],[140.20975,36.31187]]]},"properties":{"hoanrinKind":"保安林"}},
{"type":"Feature","geometry":{"type":"Polygon","coordinates":[[[140.22216,36.31044],[140.22403,36.31193],[140.22502,36.31249],[140.22581,36.31333],[140.22606,36.31389],[140.22618,36.31477],[140.22603,36.31559],[140.22534,36.31546],[140.22411,36.31454],[140.22335,36.31441],[140.22269,36.31391],[140.22235,36.31332],[140.22151,36.3107],[140.22216,36.31044]]]},"properties":{"hoanrinKind":"保安林"}},
{"type":"Feature","geometry":{"type":"Polygon","coordinates":[[[140.15794,36.31597],[140.1575,36.31603],[140.15626,36.3155],[140.15649,36.31515],[140.15815,36.31429],[140.15965,36.31391],[140.16024,36.31397],[140.16089,36.31482],[140.16083,36.31568],[140.15853,36.31562],[140.15794,36.31597]]]},"properties":{"hoanrinKind":"保安林"}},
{"type":"Feature","geometry":{"type":"Polygon","coordinates":[[[140.20104,36.31655],[140.20041,36.31655],[140.19984,36.31553],[140.19978,36.31513],[140.20031,36.31448],[140.20099,36.31495],[140.20171,36.31571],[140.20176,36.31655],[140.20104,36.31655]]]},"properties":{"hoanrinKind":"保安林"}},
{"type":"Feature","geometry":{"type":"Polygon","coordinates":[[[140.20939,36.31709],[140.20888,36.31779],[140.20761,36.31799],[140.20669,36.31765],[140.20667,36.31693],[140.2078,36.31685],[140.20803,36.31704],[140.20932,36.31692],[140.21055,36.31666],[140.21067,36.31698],[140.20939,36.31709]]]},"properties":{"hoanrinKind":"保安林"}},
{"type":"Feature","geometry":{"type":"Polygon","coordinates":[[[140.21803,36.31961],[140.21661,36.31976],[140.2167,36.31823],[140.21809,36.31734],[140.21803,36.31961]]]},"properties":{"hoanrinKind":"保安林"}},
{"type":"Feature","geometry":{"type":"Polygon","coordinates":[[[140.20963,36.31977],[140.2091,36.3203],[140.20684,36.32081],[140.20511,36.32022],[140.20527,36.31919],[140.20568,36.31942],[140.20621,36.31871],[140.20565,36.31842],[140.20591,36.31803],[140.20639,36.31803],[140.20689,36.31835],[140.20828,36.31847],[140.20977,36.3181],[140.20963,36.31977]]]},"properties":{"hoanrinKind":"保安林"}},
{"type":"Feature","geometry":{"type":"Polygon","coordinates":[[[140.21174,36.32153],[140.21067,36.32153],[140.21057,36.3211],[140.2099,36.32055],[140.20984,36.32001],[140.21043,36.31995],[140.21233,36.32113],[140.21174,36.32153]]]},"properties":{"hoanrinKind":"保安林"}},
{"type":"Feature","geometry":{"type":"Polygon","coordinates":[[[140.21429,36.32107],[140.21417,36.32105],[140.21429,36.32087],[140.21429,36.32107]]]},"properties":{"hoanrinKind":"保安林"}},
{"type":"Feature","geometry":{"type":"Polygon","coordinates":[[[140.2195,36.33247],[140.21905,36.33234],[140.21847,36.33172],[140.21894,36.33096],[140.21943,36.33054],[140.21973,36.33147],[140.2195,36.33247]]]},"properties":{"hoanrinKind":"保安林"}},
{"type":"Feature","geometry":{"type":"Polygon","coordinates":[[[140.24619,36.3281],[140.24705,36.32939],[140.24744,36.33049],[140.24769,36.33157],[140.24781,36.33261],[140.24775,36.33412],[140.24713,36.33441],[140.24654,36.33414],[140.24605,36.33337],[140.24444,36.33035],[140.2443,36.3291],[140.2445,36.32857],[140.24524,36.32788],[140.24581,36.32785],[140.24619,36.3281]]]},"properties":{"hoanrinKind":"保安林"}},
{"type":"Feature","geometry":{"type":"Polygon","coordinates":[[[140.58222,36.33445],[140.5818,36.33447],[140.58102,36.33369],[140.58056,36.33261],[140.58115,36.33238],[140.58206,36.33247],[140.58229,36.33398],[140.58222,36.33445]]]},"properties":{"hoanrinKind":"保安林"}},
{"type":"Feature","geometry":{"type":"Polygon","coordinates":[[[140.24885,36.33475],[140.24855,36.33464],[140.24868,36.33375],[140.24944,36.33294],[140.25048,36.3329],[140.25073,36.33334],[140.25002,36.3343],[140.24957,36.33427],[140.24885,36.33475]]]},"properties":{"hoanrinKind":"保安林"}},
{"type":"Feature","geometry":{"type":"Polygon","coordinates":[[[140.20479,36.3331],[140.20538,36.33361],[140.20614,36.33397],[140.2067,36.33489],[140.20733,36.33671],[140.20722,36.33695],[140.20587,36.33694],[140.20511,36.33627],[140.20422,36.33452],[140.20381,36.33311],[140.20479,36.3331]]]},"properties":{"hoanrinKind":"保安林"}},
{"type":"Feature","geometry":{"type":"Polygon","coordinates":[[[140.09396,36.33957],[140.09392,36.34016],[140.09326,36.34016],[140.09191,36.3395],[140.09118,36.33926],[140.09057,36.33933],[140.0896,36.33899],[140.08854,36.33822],[140.08625,36.33819],[140.08564,36.33833],[140.08583,36.33705],[140.08665,36.3364],[140.08892,36.33655],[140.09085,36.33714],[140.09142,36.33724],[140.09216,36.33818],[140.09396,36.33957]]]},"properties":{"hoanrinKind":"保安林"}},
{"type":"Feature","geometry":{"type":"Polygon","coordinates":[[[140.20317,36.34148],[140.20288,36.34227],[140.20227,36.34246],[140.20203,36.34196],[140.20192,36.3407],[140.20073,36.3405],[140.19978,36.33998],[140.20242,36.3381],[140.20323,36.33794],[140.20399,36.33844],[140.20429,36.33924],[140.20342,36.34133],[140.20317,36.34148]]]},"properties":{"hoanrinKind":"保安林"}},
{"type":"Feature","geometry":{"type":"Polygon","coordinates":[[[140.12703,36.34667],[140.12625,36.34658],[140.12365,36.34667],[140.12344,36.34645],[140.12265,36.34476],[140.12094,36.3433],[140.11919,36.34233],[140.1185,36.34151],[140.11718,36.34089],[140.11775,36.33979],[140.11758,36.33848],[140.11572,36.33836],[140.11493,36.33786],[140.1145,36.33723],[140.11462,36.33604],[140.11607,36.3345],[140.11693,36.33508],[140.11715,36.33554],[140.11775,36.3358],[140.11911,36.33591],[140.11954,36.33574],[140.11947,36.33516],[140.11897,36.33461],[140.11881,36.3341],[140.1189,36.33354],[140.12018,36.33316],[140.12162,36.33302],[140.12228,36.33286],[140.12313,36.3329],[140.12335,36.33251],[140.12268,36.33092],[140.1226,36.33],[140.12373,36.33042],[140.12384,36.33079],[140.12444,36.33118],[140.12477,36.33173],[140.12533,36.33179],[140.12609,36.33146],[140.1262,36.33119],[140.12706,36.3311],[140.12797,36.33069],[140.1283,36.33095],[140.12887,36.33067],[140.12847,36.32991],[140.12919,36.3296],[140.12942,36.32902],[140.13045,36.32812],[140.1305,36.32733],[140.13112,36.32682],[140.13228,36.32695],[140.13338,36.32735],[140.13347,36.32929],[140.13422,36.33145],[140.13475,36.33217],[140.13509,36.33292],[140.13556,36.33342],[140.1355,36.33379],[140.135,36.33404],[140.13434,36.33392],[140.13359,36.33351],[140.13225,36.33304],[140.13109,36.33236],[140.12956,36.33207],[140.12903,36.33176],[140.12859,36.33107],[140.12775,36.33139],[140.12703,36.33314],[140.12662,36.33332],[140.12509,36.33357],[140.1234,36.33439],[140.12337,36.33492],[140.12375,36.33536],[140.12512,36.33545],[140.12562,36.3357],[140.12553,36.33679],[140.12381,36.33695],[140.12247,36.33654],[140.12234,36.33708],[140.12303,36.33723],[140.1235,36.33754],[140.1235,36.33886],[140.12422,36.3387],[140.12478,36.33986],[140.12631,36.34067],[140.12681,36.34073],[140.12659,36.34226],[140.12703,36.34251],[140.12769,36.34423],[140.12737,36.34633],[140.12703,36.34667]]]},"properties":{"hoanrinKind":"保安林"}},
{"type":"Feature","geometry":{"type":"Polygon","coordinates":[[[140.11828,36.34751],[140.11618,36.3478],[140.11631,36.34695],[140.11693,36.34655],[140.11737,36.34586],[140.11809,36.34554],[140.11903,36.3459],[140.11941,36.3465],[140.119,36.34686],[140.11906,36.34742],[140.11828,36.34751]]]},"properties":{"hoanrinKind":"保安林"}},
{"type":"Feature","geometry":{"type":"Polygon","coordinates":[[[140.23537,36.348],[140.2348,36.34864],[140.23417,36.34816],[140.23411,36.34773],[140.2348,36.34779],[140.23489,36.34734],[140.23549,36.34749],[140.23537,36.348]]]},"properties":{"hoanrinKind":"保安林"}},
{"type":"Feature","geometry":{"type":"Polygon","coordinates":[[[140.22604,36.3542],[140.22578,36.35451],[140.22497,36.35408],[140.22408,36.35436],[140.22365,36.35424],[140.22353,36.35366],[140.224,36.35356],[140.22582,36.35354],[140.22636,36.3539],[140.22604,36.3542]]]},"properties":{"hoanrinKind":"保安林"}},
{"type":"Feature","geometry":{"type":"Polygon","coordinates":[[[140.46147,36.35437],[140.46135,36.35449],[140.46137,36.35443],[140.4614,36.35439],[140.46147,36.35437]]]},"properties":{"hoanrinKind":"保安林"}},
{"type":"Feature","geometry":{"type":"Polygon","coordinates":[[[140.23066,36.3573],[140.23048,36.35816],[140.2307,36.3587],[140.23064,36.35928],[140.22984,36.35946],[140.22807,36.35904],[140.22695,36.35836],[140.22777,36.35756],[140.22687,36.35709],[140.22873,36.35663],[140.22721,36.35561],[140.22747,36.35501],[140.22865,36.35507],[140.22976,36.35477],[140.2307,36.35505],[140.23028,36.35619],[140.23066,36.35679],[140.23066,36.3573]]]},"properties":{"hoanrinKind":"保安林"}},
{"type":"Feature","geometry":{"type":"Polygon","coordinates":[[[140.17572,36.36007],[140.17427,36.36122],[140.17274,36.36153],[140.17167,36.36136],[140.16899,36.36122],[140.16798,36.3603],[140.1678,36.35987],[140.16815,36.35881],[140.16847,36.35864],[140.16793,36.35777],[140.16671,36.35736],[140.1668,36.35575],[140.16725,36.35513],[140.1692,36.35431],[140.16977,36.35374],[140.16906,36.35325],[140.16848,36.35387],[140.16811,36.35369],[140.16814,36.35281],[140.16757,36.3522],[140.16944,36.35174],[140.17018,36.35201],[140.17033,36.35299],[140.17116,36.35253],[140.17208,36.35282],[140.17224,36.35353],[140.17267,36.35399],[140.17209,36.35455],[140.17134,36.35451],[140.17071,36.35525],[140.17084,36.35573],[140.17205,36.35616],[140.172,36.35664],[140.17259,36.35754],[140.17263,36.35808],[140.17339,36.35899],[140.17344,36.35804],[140.17326,36.35749],[140.17384,36.35689],[140.17389,36.35634],[140.17442,36.35599],[140.17463,36.35751],[140.17565,36.358],[140.17578,36.35847],[140.17572,36.36007]]]},"properties":{"hoanrinKind":"保安林"}},
{"type":"Feature","geometry":{"type":"Polygon","coordinates":[[[140.22558,36.36075],[140.22506,36.36103],[140.22496,36.36165],[140.22422,36.36187],[140.22369,36.36173],[140.22301,36.36089],[140.22325,36.36063],[140.2239,36.3607],[140.22463,36.36049],[140.22463,36.36014],[140.22532,36.35992],[140.22558,36.36075]]]},"properties":{"hoanrinKind":"保安林"}},
{"type":"Feature","geometry":{"type":"Polygon","coordinates":[[[140.22568,36.36294],[140.22556,36.36365],[140.22504,36.36335],[140.22568,36.36294]]]},"properties":{"hoanrinKind":"保安林"}},
{"type":"Feature","geometry":{"type":"Polygon","coordinates":[[[140.23467,36.36254],[140.23512,36.36369],[140.23411,36.3638],[140.23431,36.36269],[140.23387,36.36249],[140.23335,36.36302],[140.23239,36.36286],[140.23162,36.36243],[140.2314,36.36179],[140.23082,36.36133],[140.23046,36.36051],[140.23106,36.35982],[140.23128,36.3592],[140.23102,36.35784],[140.23116,36.35723],[140.23056,36.35641],[140.23192,36.35587],[140.23323,36.35575],[140.23363,36.35623],[140.23353,36.35725],[140.23419,36.35788],[140.23353,36.35886],[140.23369,36.35954],[140.23429,36.35976],[140.23578,36.35972],[140.23582,36.36041],[140.23546,36.36237],[140.23467,36.36254]]]},"properties":{"hoanrinKind":"保安林"}},
{"type":"Feature","geometry":{"type":"Polygon","coordinates":[[[140.18867,36.36462],[140.18768,36.36516],[140.18702,36.36533],[140.18526,36.36521],[140.18491,36.36486],[140.18639,36.36243],[140.18641,36.36077],[140.18692,36.35945],[140.18724,36.35937],[140.18813,36.36057],[140.18896,36.36111],[140.18967,36.36091],[140.1901,36.35995],[140.19166,36.36008],[140.19161,36.36054],[140.19096,36.36116],[140.19147,36.36202],[140.19212,36.36255],[140.19205,36.36306],[140.19068,36.36301],[140.19036,36.36357],[140.19119,36.36376],[140.19203,36.36412],[140.19195,36.36441],[140.19116,36.36462],[140.18903,36.36453],[140.18867,36.36462]]]},"properties":{"hoanrinKind":"保安林"}},
{"type":"Feature","geometry":{"type":"Polygon","coordinates":[[[140.22863,36.36581],[140.22829,36.36579],[140.22831,36.36506],[140.22783,36.36456],[140.22849,36.36426],[140.22889,36.36458],[140.22927,36.36438],[140.22974,36.36478],[140.23014,36.36573],[140.22863,36.36581]]]},"properties":{"hoanrinKind":"保安林"}},
{"type":"Feature","geometry":{"type":"Polygon","coordinates":[[[140.22301,36.36502],[140.22261,36.3655],[140.22189,36.36597],[140.22141,36.36607],[140.22086,36.36581],[140.21964,36.36486],[140.21888,36.36444],[140.21914,36.3641],[140.21842,36.36373],[140.21719,36.36387],[140.21681,36.36352],[140.21694,36.36308],[140.21775,36.36288],[140.21763,36.36235],[140.21715,36.36213],[140.21709,36.36171],[140.21759,36.36109],[140.21996,36.36165],[140.2209,36.36237],[140.22215,36.36189],[140.22299,36.36203],[140.22275,36.36298],[140.22301,36.36352],[140.22388,36.36388],[140.22484,36.36412],[140.22432,36.3647],[140.22301,36.36502]]]},"properties":{"hoanrinKind":"保安林"}},
{"type":"Feature","geometry":{"type":"Polygon","coordinates":[[[140.22421,36.3653],[140.22444,36.36578],[140.22404,36.36631],[140.22337,36.36633],[140.22331,36.36591],[140.22383,36.36532],[140.22421,36.3653]]]},"properties":{"hoanrinKind":"保安林"}},
{"type":"Feature","geometry":{"type":"Polygon","coordinates":[[[140.21685,36.36569],[140.21813,36.36655],[140.21771,36.36707],[140.21651,36.36673],[140.21656,36.36566],[140.21685,36.36569]]]},"properties":{"hoanrinKind":"保安林"}},
{"type":"Feature","geometry":{"type":"Polygon","coordinates":[[[140.19007,36.36592],[140.19094,36.36607],[140.19239,36.36653],[140.19279,36.36689],[140.1929,36.36742],[140.19224,36.36766],[140.19089,36.36717],[140.18947,36.3669],[140.18844,36.36651],[140.18871,36.36611],[140.19007,36.36592]]]},"properties":{"hoanrinKind":"保安林"}},
{"type":"Feature","geometry":{"type":"Polygon","coordinates":[[[140.22337,36.36705],[140.22339,36.36761],[140.22297,36.3684],[140.22187,36.3687],[140.22076,36.36884],[140.22046,36.36846],[140.22078,36.36789],[140.2207,36.36711],[140.22127,36.36669],[140.22337,36.36705]]]},"properties":{"hoanrinKind":"保安林"}},
{"type":"Feature","geometry":{"type":"Polygon","coordinates":[[[140.22604,36.36952],[140.22558,36.36982],[140.22488,36.36978],[140.22488,36.3694],[140.2253,36.36904],[140.22626,36.36896],[140.22604,36.36952]]]},"properties":{"hoanrinKind":"保安林"}},
{"type":"Feature","geometry":{"type":"Polygon","coordinates":[[[140.20253,36.37017],[140.20282,36.37106],[140.20182,36.3718],[140.20116,36.37245],[140.20067,36.37262],[140.19982,36.37239],[140.19988,36.37101],[140.20052,36.37063],[140.20088,36.37001],[140.20219,36.36997],[140.20253,36.37017]]]},"properties":{"hoanrinKind":"保安林"}},
{"type":"Feature","geometry":{"type":"Polygon","coordinates":[[[140.1931,36.37292],[140.19278,36.3731],[140.19169,36.37256],[140.19149,36.37306],[140.19027,36.3728],[140.18985,36.37226],[140.18991,36.37166],[140.19173,36.37152],[140.19284,36.3725],[140.1931,36.37292]]]},"properties":{"hoanrinKind":"保安林"}},
{"type":"Feature","geometry":{"type":"Polygon","coordinates":[[[140.20263,36.37233],[140.20332,36.37252],[140.20311,36.37321],[140.20235,36.37336],[140.20186,36.37302],[140.20197,36.37256],[140.20263,36.37233]]]},"properties":{"hoanrinKind":"保安林"}},
{"type":"Feature","geometry":{"type":"Polygon","coordinates":[[[140.19624,36.37815],[140.19533,36.37896],[140.19495,36.37913],[140.19433,36.37879],[140.19523,36.37819],[140.19536,36.37768],[140.19607,36.37703],[140.19695,36.37701],[140.19751,36.37755],[140.19694,36.37802],[140.19624,36.37815]]]},"properties":{"hoanrinKind":"保安林"}},
{"type":"Feature","geometry":{"type":"Polygon","coordinates":[[[140.06718,36.38014],[140.06717,36.38051],[140.06667,36.38127],[140.06656,36.38188],[140.06604,36.38238],[140.06514,36.38294],[140.06469,36.38301],[140.06417,36.38188],[140.06316,36.38113],[140.06375,36.38059],[140.0637,36.38023],[140.06302,36.37969],[140.06259,36.37882],[140.06175,36.37889],[140.06113,36.37849],[140.06045,36.37868],[140.06077,36.37964],[140.06012,36.3799],[140.05962,36.37981],[140.05788,36.37985],[140.05729,36.37955],[140.0579,36.37915],[140.05962,36.3766],[140.06014,36.37684],[140.06179,36.37698],[140.06285,36.37743],[140.06344,36.37794],[140.06387,36.37882],[140.06474,36.37945],[140.06569,36.3796],[140.06582,36.38002],[140.06692,36.37986],[140.06718,36.38014]]]},"properties":{"hoanrinKind":"保安林"}},
{"type":"Feature","geometry":{"type":"Polygon","coordinates":[[[140.09662,36.38346],[140.09684,36.38408],[140.09615,36.38403],[140.09523,36.38337],[140.09504,36.38297],[140.09431,36.38224],[140.09547,36.38165],[140.09577,36.3807],[140.09747,36.38063],[140.09773,36.38026],[140.09842,36.37997],[140.09889,36.38004],[140.10075,36.38115],[140.10143,36.3824],[140.10143,36.3828],[140.10096,36.38318],[140.09915,36.38337],[140.09669,36.38332],[140.09662,36.38346]]]},"properties":{"hoanrinKind":"保安林"}},
{"type":"Feature","geometry":{"type":"Polygon","coordinates":[[[140.26656,36.38453],[140.2662,36.38474],[140.26586,36.38549],[140.26473,36.38625],[140.26447,36.38625],[140.26321,36.38482],[140.26254,36.38455],[140.26231,36.38352],[140.26318,36.3832],[140.26326,36.38276],[140.26264,36.38254],[140.26285,36.38153],[140.2626,36.38091],[140.26293,36.38042],[140.26337,36.38067],[140.26395,36.38049],[140.2647,36.38069],[140.26518,36.38004],[140.2648,36.37941],[140.26504,36.37907],[140.26579,36.38],[140.26633,36.37996],[140.26664,36.37877],[140.26694,36.37875],[140.26744,36.37987],[140.26781,36.3794],[140.2684,36.37972],[140.26848,36.38026],[140.26991,36.38032],[140.27001,36.3811],[140.2704,36.38241],[140.26955,36.38338],[140.26886,36.38321],[140.26832,36.38331],[140.26825,36.38407],[140.26732,36.38424],[140.26656,36.38453]]]},"properties":{"hoanrinKind":"保安林"}},
{"type":"Feature","geometry":{"type":"Polygon","coordinates":[[[140.10857,36.3868],[140.10778,36.38685],[140.10776,36.38599],[140.10687,36.38556],[140.10638,36.38513],[140.10598,36.3832],[140.10546,36.3816],[140.10548,36.38062],[140.10609,36.37981],[140.10775,36.37982],[140.10794,36.38018],[140.11046,36.38038],[140.11178,36.38123],[140.11246,36.38152],[140.11341,36.38162],[140.11405,36.382],[140.11427,36.38281],[140.11333,36.38421],[140.11248,36.38499],[140.11146,36.38464],[140.11094,36.38504],[140.10994,36.38616],[140.10857,36.3868]]]},"properties":{"hoanrinKind":"保安林"}},
{"type":"Feature","geometry":{"type":"Polygon","coordinates":[[[140.27742,36.38823],[140.27676,36.38856],[140.27649,36.38792],[140.27592,36.3879],[140.27535,36.38723],[140.27573,36.38665],[140.27498,36.3863],[140.2753,36.38566],[140.27602,36.38492],[140.27641,36.38508],[140.27699,36.38602],[140.27756,36.38646],[140.27706,36.38708],[140.2775,36.38794],[140.27742,36.38823]]]},"properties":{"hoanrinKind":"保安林"}},
{"type":"Feature","geometry":{"type":"Polygon","coordinates":[[[140.21612,36.3887],[140.21498,36.38868],[140.21484,36.38649],[140.21472,36.38586],[140.21616,36.38454],[140.21799,36.38456],[140.21779,36.38661],[140.21758,36.38693],[140.21658,36.38751],[140.21664,36.38857],[140.21612,36.3887]]]},"properties":{"hoanrinKind":"保安林"}},
{"type":"Feature","geometry":{"type":"Polygon","coordinates":[[[140.16028,36.39022],[140.15969,36.38946],[140.15977,36.38833],[140.16024,36.38837],[140.16063,36.38931],[140.16063,36.38973],[140.16028,36.39022]]]},"properties":{"hoanrinKind":"保安林"}},
{"type":"Feature","geometry":{"type":"Polygon","coordinates":[[[140.0745,36.38983],[140.07457,36.39009],[140.0738,36.39087],[140.07226,36.39084],[140.07158,36.39035],[140.0709,36.39011],[140.07092,36.38943],[140.07224,36.38891],[140.07322,36.38893],[140.07309,36.38952],[140.07393,36.38928],[140.0745,36.38983]]]},"properties":{"hoanrinKind":"保安林"}},
{"type":"Feature","geometry":{"type":"Polygon","coordinates":[[[140.1568,36.39154],[140.15604,36.39127],[140.15604,36.39059],[140.1568,36.39022],[140.15756,36.3902],[140.15829,36.39094],[140.15837,36.39141],[140.15721,36.39135],[140.1568,36.39154]]]},"properties":{"hoanrinKind":"保安林"}},
{"type":"Feature","geometry":{"type":"Polygon","coordinates":[[[140.61173,36.3899],[140.61167,36.39111],[140.61045,36.39146],[140.61075,36.38961],[140.61173,36.3899]]]},"properties":{"hoanrinKind":"保安林"}},
{"type":"Feature","geometry":{"type":"Polygon","coordinates":[[[140.15439,36.39471],[140.15394,36.39457],[140.15375,36.39397],[140.15248,36.39397],[140.15221,36.39308],[140.15224,36.39259],[140.15309,36.39266],[140.15285,36.39195],[140.15237,36.39185],[140.15211,36.39078],[140.15215,36.3902],[140.15258,36.39006],[140.15312,36.39181],[140.15347,36.39214],[140.15427,36.39207],[140.15441,36.39275],[140.15581,36.39424],[140.15579,36.39467],[140.15439,36.39471]]]},"properties":{"hoanrinKind":"保安林"}},
{"type":"Feature","geometry":{"type":"Polygon","coordinates":[[[140.08403,36.39287],[140.08473,36.39317],[140.08476,36.39382],[140.08431,36.39439],[140.08265,36.39501],[140.08204,36.39415],[140.08317,36.3931],[140.08403,36.39287]]]},"properties":{"hoanrinKind":"保安林"}},
{"type":"Feature","geometry":{"type":"Polygon","coordinates":[[[140.09266,36.39371],[140.09376,36.3944],[140.09328,36.39497],[140.09199,36.39522],[140.09092,36.39454],[140.09179,36.39384],[140.09266,36.39371]]]},"properties":{"hoanrinKind":"保安林"}},
{"type":"Feature","geometry":{"type":"Polygon","coordinates":[[[140.08907,36.39341],[140.08986,36.39384],[140.08993,36.39422],[140.08951,36.39468],[140.08877,36.39497],[140.08765,36.39581],[140.08616,36.39603],[140.08555,36.39536],[140.08557,36.39474],[140.08675,36.39405],[140.08772,36.39334],[140.08907,36.39341]]]},"properties":{"hoanrinKind":"保安林"}},
{"type":"Feature","geometry":{"type":"Polygon","coordinates":[[[140.31813,36.39665],[140.31807,36.3966],[140.31801,36.39652],[140.31798,36.39645],[140.31813,36.39665]]]},"properties":{"hoanrinKind":"保安林"}},
{"type":"Feature","geometry":{"type":"Polygon","coordinates":[[[140.08114,36.40317],[140.07979,36.40316],[140.08003,36.40234],[140.08062,36.4025],[140.08114,36.40317]]]},"properties":{"hoanrinKind":"保安林"}},
{"type":"Feature","geometry":{"type":"Polygon","coordinates":[[[140.06813,36.40326],[140.06759,36.40327],[140.06651,36.40371],[140.06593,36.4029],[140.06634,36.40214],[140.06724,36.40148],[140.06579,36.40151],[140.0652,36.40088],[140.06525,36.39995],[140.06544,36.39952],[140.06542,36.39874],[140.06519,36.3969],[140.06559,36.39603],[140.06567,36.39533],[140.06609,36.39449],[140.06722,36.39324],[140.06785,36.39353],[140.06847,36.39452],[140.06842,36.39531],[140.06907,36.39638],[140.06997,36.39681],[140.07066,36.3973],[140.07074,36.39784],[140.07014,36.39815],[140.0695,36.39733],[140.0692,36.39742],[140.0691,36.39851],[140.06882,36.39879],[140.06764,36.39945],[140.06811,36.39992],[140.06889,36.3999],[140.06899,36.40075],[140.07059,36.40169],[140.07198,36.40197],[140.07158,36.40299],[140.07155,36.40346],[140.06953,36.40326],[140.06813,36.40326]]]},"properties":{"hoanrinKind":"保安林"}},
{"type":"Feature","geometry":{"type":"Polygon","coordinates":[[[140.07843,36.4037],[140.0771,36.40408],[140.07652,36.40401],[140.07667,36.40341],[140.07717,36.40356],[140.07809,36.40315],[140.07843,36.4037]]]},"properties":{"hoanrinKind":"保安林"}},
{"type":"Feature","geometry":{"type":"Polygon","coordinates":[[[140.14509,36.41234],[140.14509,36.4128],[140.14425,36.41405],[140.14344,36.41361],[140.14198,36.41314],[140.14142,36.4121],[140.14097,36.41201],[140.13897,36.41226],[140.13895,36.41191],[140.13844,36.41102],[140.13979,36.411],[140.13953,36.41018],[140.14012,36.4097],[140.14125,36.4102],[140.14163,36.40978],[140.14162,36.40914],[140.14306,36.40696],[140.14601,36.4068],[140.14769,36.40682],[140.14813,36.40696],[140.14846,36.40794],[140.14719,36.40935],[140.14692,36.41001],[140.14618,36.41052],[140.14509,36.41175],[140.14509,36.41234]]]},"properties":{"hoanrinKind":"保安林"}},
{"type":"Feature","geometry":{"type":"Polygon","coordinates":[[[140.25055,36.41377],[140.24982,36.41408],[140.2488,36.41434],[140.24819,36.41485],[140.2469,36.41512],[140.24643,36.41494],[140.24565,36.41354],[140.24443,36.41325],[140.24425,36.41245],[140.24347,36.41222],[140.24357,36.41114],[140.24309,36.41065],[140.24427,36.41015],[140.24435,36.41087],[140.24483,36.41088],[140.24473,36.40944],[140.24514,36.40946],[140.24561,36.41024],[140.24608,36.41051],[140.24663,36.41038],[140.24733,36.40905],[140.24768,36.4088],[140.24837,36.40903],[140.24796,36.40997],[140.24803,36.41091],[140.2483,36.41141],[140.24811,36.41178],[140.24886,36.41201],[140.24927,36.41271],[140.25024,36.41257],[140.2512,36.41172],[140.25147,36.4122],[140.25096,36.41292],[140.24916,36.41355],[140.25055,36.41377]]]},"properties":{"hoanrinKind":"保安林"}},
{"type":"Feature","geometry":{"type":"Polygon","coordinates":[[[140.20554,36.41331],[140.20561,36.4141],[140.20503,36.41452],[140.20444,36.4146],[140.20373,36.41493],[140.20173,36.41522],[140.20121,36.41508],[140.2009,36.41461],[140.20117,36.41394],[140.20459,36.41307],[140.20554,36.41331]]]},"properties":{"hoanrinKind":"保安林"}},
{"type":"Feature","geometry":{"type":"Polygon","coordinates":[[[140.24515,36.42073],[140.24469,36.42093],[140.24405,36.42049],[140.24302,36.42052],[140.24289,36.42011],[140.24203,36.42024],[140.24176,36.41962],[140.24104,36.41966],[140.24061,36.41888],[140.23998,36.41871],[140.23996,36.4179],[140.23922,36.41726],[140.23967,36.41602],[140.24039,36.41488],[140.24082,36.41459],[140.24152,36.41452],[140.24338,36.414],[140.24407,36.41427],[140.24445,36.41545],[140.24382,36.41585],[140.24306,36.41706],[140.2445,36.41795],[140.24337,36.41812],[140.24225,36.41776],[140.24089,36.41759],[140.24107,36.41813],[140.24174,36.4184],[140.24179,36.41867],[140.24293,36.41904],[140.24394,36.41911],[140.24506,36.41875],[140.24555,36.41888],[140.24589,36.41982],[140.24515,36.42073]]]},"properties":{"hoanrinKind":"保安林"}},
{"type":"Feature","geometry":{"type":"Polygon","coordinates":[[[140.29853,36.4225],[140.29733,36.42234],[140.29625,36.42194],[140.29471,36.42172],[140.29409,36.42144],[140.29299,36.42134],[140.29151,36.42189],[140.28991,36.42193],[140.28878,36.42228],[140.28804,36.42214],[140.28678,36.42141],[140.28638,36.42074],[140.28525,36.42068],[140.28432,36.42016],[140.28291,36.41897],[140.28288,36.41735],[140.28416,36.41627],[140.28546,36.41576],[140.2858,36.41648],[140.2847,36.41798],[140.28495,36.4183],[140.28575,36.41833],[140.2864,36.41748],[140.28758,36.41722],[140.28762,36.41639],[140.28842,36.41639],[140.28878,36.41754],[140.28856,36.41818],[140.28863,36.41877],[140.28918,36.41965],[140.28977,36.41988],[140.29034,36.41967],[140.29112,36.42013],[140.29107,36.41911],[140.29171,36.41911],[140.29158,36.41969],[140.29256,36.42004],[140.29305,36.41946],[140.29424,36.41961],[140.29532,36.41938],[140.29569,36.41821],[140.29624,36.41774],[140.29726,36.41784],[140.2975,36.41882],[140.29736,36.41962],[140.29817,36.42015],[140.29884,36.4208],[140.29893,36.42158],[140.29845,36.42203],[140.29853,36.4225]]]},"properties":{"hoanrinKind":"保安林"}},
{"type":"Feature","geometry":{"type":"Polygon","coordinates":[[[140.38548,36.42211],[140.38657,36.42218],[140.38665,36.42293],[140.3853,36.42321],[140.38354,36.42333],[140.38352,36.42246],[140.38377,36.4218],[140.38548,36.42211]]]},"properties":{"hoanrinKind":"保安林"}},
{"type":"Feature","geometry":{"type":"Polygon","coordinates":[[[140.33894,36.42664],[140.33858,36.42805],[140.33807,36.42851],[140.33769,36.42833],[140.33705,36.42757],[140.33621,36.42735],[140.33573,36.42702],[140.33569,36.42664],[140.33654,36.42648],[140.33694,36.42623],[140.33686,36.42565],[140.33782,36.42573],[140.33873,36.42629],[140.33894,36.42664]]]},"properties":{"hoanrinKind":"保安林"}},
{"type":"Feature","geometry":{"type":"Polygon","coordinates":[[[140.23301,36.42898],[140.23237,36.42989],[140.23045,36.43168],[140.23013,36.43255],[140.22986,36.43259],[140.23018,36.43364],[140.22985,36.43403],[140.22885,36.43309],[140.22844,36.43244],[140.22826,36.43133],[140.22831,36.43034],[140.22794,36.42971],[140.22785,36.42839],[140.22756,36.42781],[140.2291,36.42776],[140.23004,36.42815],[140.23132,36.42834],[140.23155,36.42862],[140.23288,36.42839],[140.23301,36.42898]]]},"properties":{"hoanrinKind":"保安林"}},
{"type":"Feature","geometry":{"type":"Polygon","coordinates":[[[140.35119,36.43278],[140.34993,36.43352],[140.3497,36.43307],[140.34888,36.43257],[140.34815,36.43279],[140.34779,36.43223],[140.34657,36.43257],[140.34608,36.43254],[140.34504,36.43214],[140.34479,36.43176],[140.34603,36.43121],[140.34612,36.43099],[140.34796,36.43105],[140.34796,36.4313],[140.34975,36.4312],[140.35177,36.43068],[140.35291,36.43053],[140.35471,36.42984],[140.35707,36.42843],[140.35727,36.42876],[140.35695,36.42939],[140.35748,36.4298],[140.35822,36.42972],[140.35907,36.42936],[140.35953,36.42939],[140.35932,36.4301],[140.35865,36.42972],[140.358,36.4299],[140.35654,36.42993],[140.356,36.43017],[140.35579,36.43092],[140.35412,36.43156],[140.35264,36.43255],[140.35178,36.43256],[140.35119,36.43278]]]},"properties":{"hoanrinKind":"保安林"}},
{"type":"Feature","geometry":{"type":"Polygon","coordinates":[[[140.60016,36.43448],[140.60001,36.43392],[140.6003,36.43382],[140.60016,36.43448]]]},"properties":{"hoanrinKind":"保安林"}},
{"type":"Feature","geometry":{"type":"Polygon","coordinates":[[[140.44517,36.43554],[140.4455,36.43581],[140.44582,36.4366],[140.44568,36.43794],[140.4453,36.4372],[140.44452,36.43609],[140.44517,36.43554]]]},"properties":{"hoanrinKind":"保安林"}},
{"type":"Feature","geometry":{"type":"Polygon","coordinates":[[[140.25189,36.43605],[140.25196,36.43704],[140.25272,36.43787],[140.25192,36.43833],[140.2512,36.43736],[140.25143,36.4371],[140.25131,36.43627],[140.25025,36.43584],[140.24934,36.43597],[140.24854,36.43629],[140.24742,36.43627],[140.24588,36.43663],[140.24543,36.43657],[140.24502,36.43585],[140.24381,36.43437],[140.24302,36.43369],[140.24175,36.43304],[140.24026,36.43259],[140.23896,36.4321],[140.23834,36.43175],[140.23915,36.43141],[140.24068,36.43143],[140.24146,36.43125],[140.24216,36.4309],[140.24377,36.4308],[140.24465,36.43138],[140.24566,36.43147],[140.24619,36.43123],[140.24751,36.43108],[140.24934,36.43102],[140.2502,36.43068],[140.25133,36.43112],[140.25264,36.43116],[140.25393,36.43132],[140.25429,36.43201],[140.25528,36.43291],[140.25649,36.43382],[140.25572,36.43432],[140.25488,36.43505],[140.25406,36.43595],[140.25318,36.43736],[140.25236,36.43683],[140.25189,36.43605]]]},"properties":{"hoanrinKind":"保安林"}},
{"type":"Feature","geometry":{"type":"Polygon","coordinates":[[[140.44359,36.43751],[140.44253,36.43805],[140.44169,36.4381],[140.44156,36.43905],[140.44109,36.43881],[140.44087,36.43824],[140.44119,36.43778],[140.44316,36.43645],[140.44408,36.4366],[140.44458,36.43717],[140.44449,36.43794],[140.44359,36.43751]]]},"properties":{"hoanrinKind":"保安林"}},
{"type":"Feature","geometry":{"type":"Polygon","coordinates":[[[140.36751,36.43877],[140.36692,36.43914],[140.36683,36.43885],[140.36751,36.43877]]]},"properties":{"hoanrinKind":"保安林"}},
{"type":"Feature","geometry":{"type":"Polygon","coordinates":[[[140.21782,36.435],[140.22005,36.43523],[140.22092,36.4362],[140.22103,36.43688],[140.22058,36.43799],[140.22057,36.43832],[140.22111,36.43933],[140.22044,36.43982],[140.21868,36.44068],[140.218,36.44064],[140.21448,36.43909],[140.21585,36.43788],[140.21637,36.43658],[140.21684,36.43506],[140.21782,36.435]]]},"properties":{"hoanrinKind":"保安林"}},
{"type":"Feature","geometry":{"type":"Polygon","coordinates":[[[140.26351,36.44252],[140.2634,36.44343],[140.26315,36.44397],[140.26237,36.44461],[140.26175,36.44459],[140.26124,36.444],[140.2612,36.44324],[140.26204,36.44221],[140.26351,36.44219],[140.26351,36.44252]]]},"properties":{"hoanrinKind":"保安林"}},
{"type":"Feature","geometry":{"type":"Polygon","coordinates":[[[140.30987,36.44693],[140.30953,36.44849],[140.30688,36.44697],[140.30703,36.44645],[140.30821,36.44645],[140.30823,36.4461],[140.30707,36.4461],[140.30723,36.44462],[140.30766,36.44507],[140.30877,36.44501],[140.3092,36.44425],[140.30933,36.44328],[140.3092,36.44235],[140.3098,36.44211],[140.31087,36.44197],[140.31139,36.44175],[140.31241,36.44059],[140.31389,36.43983],[140.31429,36.4394],[140.31494,36.43951],[140.31626,36.43994],[140.31705,36.44048],[140.31844,36.44047],[140.3196,36.44],[140.3206,36.43999],[140.32238,36.43952],[140.32383,36.43954],[140.32477,36.43935],[140.32502,36.43835],[140.32527,36.43797],[140.32596,36.43756],[140.32657,36.43749],[140.32665,36.43683],[140.3271,36.43624],[140.32843,36.43345],[140.3295,36.43387],[140.3304,36.43386],[140.332,36.43306],[140.33255,36.43264],[140.33297,36.43293],[140.3334,36.43373],[140.33416,36.43443],[140.3347,36.43453],[140.33532,36.43413],[140.33581,36.4335],[140.33612,36.43362],[140.33798,36.4352],[140.33716,36.43529],[140.33707,36.43574],[140.33781,36.43614],[140.33851,36.43597],[140.33895,36.43668],[140.33885,36.43743],[140.33793,36.43685],[140.33728,36.43676],[140.3366,36.43615],[140.33614,36.43608],[140.33548,36.43647],[140.33447,36.43644],[140.33432,36.43685],[140.33518,36.43683],[140.33543,36.43707],[140.3344,36.43742],[140.33349,36.43786],[140.3332,36.43736],[140.33222,36.43685],[140.33193,36.4372],[140.33116,36.43718],[140.33048,36.43778],[140.33093,36.4381],[140.33114,36.43919],[140.32912,36.43927],[140.32798,36.43957],[140.32749,36.4394],[140.32673,36.44012],[140.32599,36.44012],[140.32609,36.44083],[140.32442,36.44082],[140.3244,36.4411],[140.32576,36.44132],[140.32638,36.44214],[140.32693,36.4424],[140.32764,36.44337],[140.32719,36.44359],[140.32673,36.44306],[140.32552,36.44207],[140.32492,36.442],[140.32416,36.44251],[140.32349,36.44237],[140.32304,36.44261],[140.32216,36.44259],[140.32131,36.44207],[140.3207,36.44234],[140.32037,36.4421],[140.32039,36.44144],[140.31972,36.44137],[140.3195,36.44096],[140.31892,36.44131],[140.3186,36.44231],[140.3186,36.44336],[140.31767,36.44387],[140.31792,36.44427],[140.31755,36.44502],[140.31781,36.44545],[140.31743,36.44586],[140.31639,36.44421],[140.31587,36.44469],[140.31533,36.44464],[140.31456,36.44385],[140.31384,36.44345],[140.31304,36.44382],[140.31373,36.44493],[140.31345,36.44563],[140.31399,36.44608],[140.31387,36.44683],[140.3145,36.44739],[140.31433,36.44782],[140.31312,36.44706],[140.31294,36.44614],[140.31223,36.44596],[140.31144,36.44507],[140.31135,36.44459],[140.31041,36.4437],[140.31014,36.44377],[140.31103,36.44485],[140.31121,36.44552],[140.31168,36.44637],[140.31168,36.44671],[140.31123,36.44708],[140.31059,36.44713],[140.30987,36.44693]]]},"properties":{"hoanrinKind":"保安林"}},
{"type":"Feature","geometry":{"type":"Polygon","coordinates":[[[140.28264,36.44904],[140.28272,36.44901],[140.28272,36.44902],[140.28268,36.44904],[140.28264,36.44904]]]},"properties":{"hoanrinKind":"保安林"}},
{"type":"Feature","geometry":{"type":"Polygon","coordinates":[[[140.27992,36.45016],[140.27979,36.45025],[140.27977,36.45025],[140.27991,36.45015],[140.27992,36.45016]]]},"properties":{"hoanrinKind":"保安林"}},
{"type":"Feature","geometry":{"type":"Polygon","coordinates":[[[140.28222,36.45175],[140.28222,36.45189],[140.28213,36.45185],[140.28222,36.45175]]]},"properties":{"hoanrinKind":"保安林"}},
{"type":"Feature","geometry":{"type":"Polygon","coordinates":[[[140.602,36.4496],[140.60198,36.45049],[140.60172,36.45066],[140.60093,36.45051],[140.60105,36.45019],[140.60052,36.44948],[140.59932,36.44872],[140.59827,36.44783],[140.5981,36.44728],[140.59825,36.44599],[140.59862,36.44546],[140.599,36.44538],[140.60023,36.44473],[140.60062,36.44436],[140.60174,36.44385],[140.60226,36.44387],[140.60238,36.44485],[140.60165,36.44592],[140.60096,36.44646],[140.60042,36.44663],[140.60057,36.447],[140.60048,36.4478],[140.6012,36.44952],[140.602,36.4496]]]},"properties":{"hoanrinKind":"保安林"}},
{"type":"Feature","geometry":{"type":"Polygon","coordinates":[[[140.28618,36.45923],[140.28626,36.46039],[140.28592,36.46124],[140.28533,36.4611],[140.28538,36.46055],[140.28585,36.46004],[140.28618,36.45923]]]},"properties":{"hoanrinKind":"保安林"}},
{"type":"Feature","geometry":{"type":"Polygon","coordinates":[[[140.60666,36.44617],[140.60693,36.44912],[140.60604,36.44952],[140.60629,36.44863],[140.60632,36.44702],[140.60625,36.44613],[140.60657,36.4453],[140.60635,36.44482],[140.60554,36.44423],[140.60536,36.4438],[140.6047,36.44381],[140.60412,36.4441],[140.60308,36.44401],[140.60259,36.44381],[140.60256,36.44327],[140.60304,36.44329],[140.60459,36.44242],[140.60617,36.44186],[140.60651,36.44341],[140.60666,36.44617]]]},"properties":{"hoanrinKind":"保安林"}},
{"type":"Feature","geometry":{"type":"Polygon","coordinates":[[[140.28358,36.45928],[140.28394,36.45997],[140.28471,36.46069],[140.28522,36.46143],[140.28528,36.46239],[140.28483,36.46325],[140.28329,36.46309],[140.28348,36.4627],[140.28384,36.46088],[140.28334,36.46043],[140.28329,36.46246],[140.28296,36.46241],[140.28195,36.46149],[140.28207,36.46063],[140.28168,36.46012],[140.28147,36.45945],[140.28187,36.45888],[140.28194,36.4581],[140.28221,36.45752],[140.28286,36.45812],[140.28358,36.45928]]]},"properties":{"hoanrinKind":"保安林"}},
{"type":"Feature","geometry":{"type":"Polygon","coordinates":[[[140.2998,36.46226],[140.2997,36.46304],[140.2994,36.46331],[140.29762,36.46166],[140.29702,36.46073],[140.29807,36.46057],[140.29889,36.46066],[140.29934,36.46001],[140.30043,36.45968],[140.30121,36.45918],[140.30253,36.45886],[140.30344,36.45813],[140.30412,36.45866],[140.30522,36.45912],[140.30606,36.45908],[140.30651,36.45865],[140.30716,36.45844],[140.30727,36.45793],[140.3078,36.4575],[140.30871,36.45757],[140.30866,36.45817],[140.30783,36.45993],[140.30743,36.46012],[140.3065,36.46132],[140.30622,36.46188],[140.30556,36.46225],[140.30413,36.46246],[140.30377,36.46238],[140.30366,36.46161],[140.30325,36.46161],[140.30323,36.46249],[140.3023,36.46253],[140.30211,36.46292],[140.30011,36.463],[140.2998,36.46226]]]},"properties":{"hoanrinKind":"保安林"}},
{"type":"Feature","geometry":{"type":"Polygon","coordinates":[[[140.24436,36.46504],[140.24383,36.46528],[140.24254,36.46481],[140.24074,36.46394],[140.24056,36.46332],[140.24079,36.46276],[140.24161,36.46315],[140.24198,36.46372],[140.24195,36.46428],[140.24262,36.46432],[140.243,36.46352],[140.24432,36.46428],[140.24436,36.46504]]]},"properties":{"hoanrinKind":"保安林"}},
{"type":"Feature","geometry":{"type":"Polygon","coordinates":[[[140.30305,36.46551],[140.3023,36.46577],[140.30174,36.46576],[140.30047,36.46544],[140.29998,36.46497],[140.29998,36.46368],[140.30154,36.46333],[140.30155,36.46454],[140.30196,36.46424],[140.302,36.46329],[140.30242,36.46304],[140.30398,36.46287],[140.30495,36.46287],[140.30615,36.46245],[140.30653,36.46208],[140.30704,36.46114],[140.30809,36.46018],[140.30868,36.45896],[140.30957,36.45834],[140.30981,36.45889],[140.31032,36.45918],[140.31031,36.46022],[140.30966,36.46075],[140.30893,36.46082],[140.30813,36.46213],[140.30821,36.46274],[140.30736,36.46298],[140.30713,36.46362],[140.3065,36.46447],[140.30602,36.46475],[140.30542,36.46477],[140.30478,36.46528],[140.304,36.46502],[140.30305,36.46551]]]},"properties":{"hoanrinKind":"保安林"}},
{"type":"Feature","geometry":{"type":"Polygon","coordinates":[[[140.27193,36.46601],[140.27183,36.46607],[140.27159,36.46614],[140.27191,36.46597],[140.27193,36.46601]]]},"properties":{"hoanrinKind":"保安林"}},
{"type":"Feature","geometry":{"type":"Polygon","coordinates":[[[140.27443,36.47107],[140.27564,36.47154],[140.27539,36.4719],[140.27394,36.47167],[140.27359,36.47119],[140.27443,36.47107]]]},"properties":{"hoanrinKind":"保安林"}},
{"type":"Feature","geometry":{"type":"Polygon","coordinates":[[[140.38571,36.48461],[140.38385,36.48531],[140.38388,36.48482],[140.38463,36.48465],[140.38523,36.48417],[140.38704,36.48317],[140.38733,36.48327],[140.38545,36.48424],[140.38571,36.48461]]]},"properties":{"hoanrinKind":"保安林"}},
{"type":"Feature","geometry":{"type":"Polygon","coordinates":[[[140.30748,36.49127],[140.307,36.49156],[140.30649,36.49221],[140.30595,36.49229],[140.30571,36.49197],[140.30711,36.49113],[140.30748,36.49127]]]},"properties":{"hoanrinKind":"保安林"}},
{"type":"Feature","geometry":{"type":"Polygon","coordinates":[[[140.25758,36.4915],[140.25788,36.49278],[140.25755,36.49306],[140.25687,36.49258],[140.25735,36.49146],[140.25758,36.4915]]]},"properties":{"hoanrinKind":"保安林"}},
{"type":"Feature","geometry":{"type":"Polygon","coordinates":[[[140.37875,36.52437],[140.37833,36.52445],[140.37816,36.52437],[140.3785,36.52431],[140.37875,36.52437]]]},"properties":{"hoanrinKind":"保安林"}},
{"type":"Feature","geometry":{"type":"Polygon","coordinates":[[[140.3797,36.52461],[140.37941,36.5245],[140.37952,36.52437],[140.3797,36.52461]]]},"properties":{"hoanrinKind":"保安林"}},
{"type":"Feature","geometry":{"type":"Polygon","coordinates":[[[140.376,36.52514],[140.37609,36.52549],[140.37551,36.52573],[140.37502,36.52541],[140.376,36.52514]]]},"properties":{"hoanrinKind":"保安林"}},
{"type":"Feature","geometry":{"type":"Polygon","coordinates":[[[140.6042,36.53185],[140.60338,36.53328],[140.60201,36.53212],[140.6023,36.53162],[140.60428,36.53146],[140.6042,36.53185]]]},"properties":{"hoanrinKind":"保安林"}},
{"type":"Feature","geometry":{"type":"Polygon","coordinates":[[[140.43279,36.53497],[140.43233,36.53492],[140.43304,36.53376],[140.43303,36.53309],[140.43375,36.53312],[140.43335,36.53399],[140.4329,36.53423],[140.43279,36.53497]]]},"properties":{"hoanrinKind":"保安林"}},
{"type":"Feature","geometry":{"type":"Polygon","coordinates":[[[140.4591,36.536],[140.46018,36.53639],[140.46013,36.53687],[140.45882,36.53707],[140.45833,36.53637],[140.4591,36.536]]]},"properties":{"hoanrinKind":"保安林"}},
{"type":"Feature","geometry":{"type":"Polygon","coordinates":[[[140.43131,36.5365],[140.43053,36.53715],[140.4302,36.53708],[140.43131,36.5365]]]},"properties":{"hoanrinKind":"保安林"}},
{"type":"Feature","geometry":{"type":"Polygon","coordinates":[[[140.50522,36.53532],[140.50618,36.53556],[140.50624,36.53584],[140.50521,36.53608],[140.50494,36.53715],[140.50412,36.53716],[140.50412,36.53612],[140.50395,36.53571],[140.50466,36.53538],[140.50522,36.53532]]]},"properties":{"hoanrinKind":"保安林"}},
{"type":"Feature","geometry":{"type":"Polygon","coordinates":[[[140.48953,36.538],[140.48727,36.53934],[140.48792,36.53865],[140.48953,36.538]]]},"properties":{"hoanrinKind":"保安林"}},
{"type":"Feature","geometry":{"type":"Polygon","coordinates":[[[140.30417,36.53757],[140.3044,36.53781],[140.30397,36.5385],[140.30286,36.53977],[140.30148,36.54046],[140.30114,36.54041],[140.30064,36.5399],[140.30073,36.53945],[140.30043,36.53879],[140.30142,36.53818],[140.30243,36.53775],[140.30417,36.53757]]]},"properties":{"hoanrinKind":"保安林"}},
{"type":"Feature","geometry":{"type":"Polygon","coordinates":[[[140.4879,36.54082],[140.48779,36.54093],[140.48762,36.5404],[140.4879,36.54082]]]},"properties":{"hoanrinKind":"保安林"}},
{"type":"Feature","geometry":{"type":"Polygon","coordinates":[[[140.42348,36.54161],[140.42369,36.54257],[140.42326,36.5427],[140.42306,36.54208],[140.42348,36.54161]]]},"properties":{"hoanrinKind":"保安林"}},
{"type":"Feature","geometry":{"type":"Polygon","coordinates":[[[140.4898,36.5427],[140.48961,36.54278],[140.48937,36.54241],[140.4898,36.5427]]]},"properties":{"hoanrinKind":"保安林"}},
{"type":"Feature","geometry":{"type":"Polygon","coordinates":[[[140.42443,36.54294],[140.42437,36.54266],[140.42444,36.54261],[140.42443,36.54294]]]},"properties":{"hoanrinKind":"保安林"}},
{"type":"Feature","geometry":{"type":"Polygon","coordinates":[[[140.50615,36.54315],[140.5054,36.54338],[140.50479,36.54396],[140.50445,36.54379],[140.5043,36.54218],[140.50378,36.54127],[140.50455,36.541],[140.50461,36.54011],[140.5051,36.54017],[140.50522,36.54076],[140.50596,36.54066],[140.50627,36.54124],[140.50584,36.5417],[140.50522,36.54175],[140.50525,36.54218],[140.50575,36.54233],[140.50655,36.54198],[140.50709,36.54199],[140.50793,36.54264],[140.50792,36.54319],[140.50691,36.54306],[140.50615,36.54315]]]},"properties":{"hoanrinKind":"保安林"}},
{"type":"Feature","geometry":{"type":"Polygon","coordinates":[[[140.44293,36.5438],[140.44282,36.54412],[140.44234,36.54403],[140.4423,36.54368],[140.44293,36.5438]]]},"properties":{"hoanrinKind":"保安林"}},
{"type":"Feature","geometry":{"type":"Polygon","coordinates":[[[140.44148,36.54428],[140.44117,36.54469],[140.44076,36.54443],[140.44148,36.54428]]]},"properties":{"hoanrinKind":"保安林"}},
{"type":"Feature","geometry":{"type":"Polygon","coordinates":[[[140.60642,36.54435],[140.60686,36.54457],[140.60636,36.54528],[140.60587,36.54487],[140.60642,36.54435]]]},"properties":{"hoanrinKind":"保安林"}},
{"type":"Feature","geometry":{"type":"Polygon","coordinates":[[[140.44052,36.54533],[140.43963,36.54554],[140.44017,36.54479],[140.44047,36.54463],[140.44098,36.54518],[140.44052,36.54533]]]},"properties":{"hoanrinKind":"保安林"}},
{"type":"Feature","geometry":{"type":"Polygon","coordinates":[[[140.58661,36.54578],[140.58627,36.54634],[140.58542,36.54572],[140.58503,36.54582],[140.58467,36.54497],[140.58661,36.54578]]]},"properties":{"hoanrinKind":"保安林"}},
{"type":"Feature","geometry":{"type":"Polygon","coordinates":[[[140.59327,36.54667],[140.59316,36.54635],[140.59437,36.54644],[140.5944,36.54663],[140.59327,36.54667]]]},"properties":{"hoanrinKind":"保安林"}},
{"type":"Feature","geometry":{"type":"Polygon","coordinates":[[[140.42143,36.54719],[140.42121,36.5466],[140.42191,36.54664],[140.42143,36.54719]]]},"properties":{"hoanrinKind":"保安林"}},
{"type":"Feature","geometry":{"type":"Polygon","coordinates":[[[140.58769,36.54687],[140.58763,36.54687],[140.58759,36.54682],[140.58769,36.54687]]]},"properties":{"hoanrinKind":"保安林"}},
{"type":"Feature","geometry":{"type":"Polygon","coordinates":[[[140.24826,36.54899],[140.24741,36.54878],[140.24696,36.54802],[140.24732,36.54644],[140.24781,36.54594],[140.24815,36.54481],[140.24807,36.54328],[140.24787,36.54229],[140.24809,36.54147],[140.24808,36.53849],[140.24728,36.53774],[140.24726,36.53739],[140.24777,36.53642],[140.24874,36.53658],[140.24878,36.53738],[140.24926,36.53732],[140.24921,36.53656],[140.25007,36.53643],[140.2511,36.53705],[140.25104,36.53816],[140.25052,36.53894],[140.25071,36.53965],[140.25185,36.54028],[140.25201,36.54058],[140.25207,36.54224],[140.25261,36.54281],[140.25329,36.54263],[140.25416,36.54298],[140.25419,36.54432],[140.25399,36.54499],[140.25353,36.54567],[140.25296,36.54611],[140.25069,36.54657],[140.24872,36.54738],[140.24826,36.54899]]]},"properties":{"hoanrinKind":"保安林"}},
{"type":"Feature","geometry":{"type":"Polygon","coordinates":[[[140.43856,36.54802],[140.43847,36.54904],[140.4388,36.54939],[140.43811,36.55011],[140.43787,36.54955],[140.43711,36.5492],[140.43816,36.54823],[140.43856,36.54802]]]},"properties":{"hoanrinKind":"保安林"}},
{"type":"Feature","geometry":{"type":"Polygon","coordinates":[[[140.45322,36.54915],[140.45366,36.54952],[140.45368,36.55002],[140.45283,36.55016],[140.45197,36.54973],[140.45172,36.54914],[140.45278,36.54898],[140.45322,36.54915]]]},"properties":{"hoanrinKind":"保安林"}},
{"type":"Feature","geometry":{"type":"Polygon","coordinates":[[[140.59633,36.55201],[140.59608,36.55142],[140.59703,36.5517],[140.59633,36.55201]]]},"properties":{"hoanrinKind":"保安林"}},
{"type":"Feature","geometry":{"type":"Polygon","coordinates":[[[140.60046,36.55264],[140.5999,36.55173],[140.60062,36.55175],[140.60091,36.55207],[140.60046,36.55264]]]},"properties":{"hoanrinKind":"保安林"}},
{"type":"Feature","geometry":{"type":"Polygon","coordinates":[[[140.41639,36.55248],[140.41597,36.55269],[140.41576,36.55244],[140.41615,36.55232],[140.41639,36.55248]]]},"properties":{"hoanrinKind":"保安林"}},
{"type":"Feature","geometry":{"type":"Polygon","coordinates":[[[140.59953,36.55275],[140.59907,36.55275],[140.59901,36.5524],[140.59964,36.5524],[140.59953,36.55275]]]},"properties":{"hoanrinKind":"保安林"}},
{"type":"Feature","geometry":{"type":"Polygon","coordinates":[[[140.4144,36.55351],[140.41323,36.55415],[140.41265,36.55374],[140.41402,36.55302],[140.4144,36.55351]]]},"properties":{"hoanrinKind":"保安林"}},
{"type":"Feature","geometry":{"type":"Polygon","coordinates":[[[140.60488,36.55559],[140.604,36.55507],[140.60408,36.55441],[140.60237,36.55439],[140.60244,36.55371],[140.60485,36.55416],[140.60571,36.55493],[140.60594,36.5555],[140.60488,36.55559]]]},"properties":{"hoanrinKind":"保安林"}},
{"type":"Feature","geometry":{"type":"Polygon","coordinates":[[[140.60382,36.55601],[140.60278,36.55592],[140.60246,36.55509],[140.60325,36.555],[140.60376,36.55512],[140.6046,36.55563],[140.60382,36.55601]]]},"properties":{"hoanrinKind":"保安林"}},
{"type":"Feature","geometry":{"type":"Polygon","coordinates":[[[140.59812,36.55714],[140.59708,36.55721],[140.59758,36.55642],[140.59829,36.55604],[140.59905,36.55628],[140.59926,36.5566],[140.59897,36.55725],[140.59812,36.55714]]]},"properties":{"hoanrinKind":"保安林"}},
{"type":"Feature","geometry":{"type":"Polygon","coordinates":[[[140.25466,36.55713],[140.25431,36.55744],[140.25211,36.55737],[140.25141,36.5568],[140.25048,36.55709],[140.24941,36.55724],[140.24952,36.55657],[140.24989,36.55598],[140.25076,36.55567],[140.25182,36.55508],[140.25544,36.55537],[140.25675,36.55572],[140.25742,36.55667],[140.2562,36.55687],[140.25602,36.55721],[140.25466,36.55713]]]},"properties":{"hoanrinKind":"保安林"}},
{"type":"Feature","geometry":{"type":"Polygon","coordinates":[[[140.59912,36.55755],[140.59888,36.55772],[140.5984,36.55778],[140.59842,36.55755],[140.59912,36.55755]]]},"properties":{"hoanrinKind":"保安林"}},
{"type":"Feature","geometry":{"type":"Polygon","coordinates":[[[140.59806,36.55775],[140.59768,36.55799],[140.59753,36.55786],[140.59782,36.55764],[140.59806,36.55775]]]},"properties":{"hoanrinKind":"保安林"}},
{"type":"Feature","geometry":{"type":"Polygon","coordinates":[[[140.35307,36.55819],[140.35239,36.55869],[140.35168,36.55816],[140.35166,36.55779],[140.35252,36.55782],[140.35307,36.55819]]]},"properties":{"hoanrinKind":"保安林"}},
{"type":"Feature","geometry":{"type":"Polygon","coordinates":[[[140.59696,36.55791],[140.59709,36.5582],[140.59669,36.55888],[140.59636,36.55877],[140.59658,36.5582],[140.59696,36.55791]]]},"properties":{"hoanrinKind":"保安林"}},
{"type":"Feature","geometry":{"type":"Polygon","coordinates":[[[140.59878,36.55905],[140.59756,36.55896],[140.59755,36.55832],[140.59874,36.55818],[140.5995,36.55771],[140.60032,36.55739],[140.6016,36.55791],[140.60084,36.55848],[140.60021,36.55817],[140.59878,36.55905]]]},"properties":{"hoanrinKind":"保安林"}},
{"type":"Feature","geometry":{"type":"Polygon","coordinates":[[[140.59497,36.55948],[140.59482,36.55959],[140.59466,36.55961],[140.59497,36.55948]]]},"properties":{"hoanrinKind":"保安林"}},
{"type":"Feature","geometry":{"type":"Polygon","coordinates":[[[140.59387,36.55967],[140.59386,36.55959],[140.59421,36.55965],[140.59397,36.55965],[140.59387,36.55967]]]},"properties":{"hoanrinKind":"保安林"}},
{"type":"Feature","geometry":{"type":"Polygon","coordinates":[[[140.51721,36.56514],[140.51591,36.56645],[140.51494,36.56721],[140.5146,36.5667],[140.51473,36.56603],[140.51579,36.56564],[140.51637,36.56528],[140.51715,36.56439],[140.51777,36.56424],[140.51888,36.56348],[140.51963,36.56337],[140.52095,36.56348],[140.52091,36.56402],[140.51978,36.56456],[140.51922,36.56525],[140.51849,36.56538],[140.51782,36.56601],[140.51731,36.56586],[140.5178,36.56522],[140.51721,36.56514]]]},"properties":{"hoanrinKind":"保安林"}},
{"type":"Feature","geometry":{"type":"Polygon","coordinates":[[[140.51704,36.5687],[140.51641,36.56884],[140.51589,36.56871],[140.51534,36.56794],[140.51687,36.56791],[140.51746,36.56752],[140.51784,36.56757],[140.51769,36.56854],[140.51704,36.5687]]]},"properties":{"hoanrinKind":"保安林"}},
{"type":"Feature","geometry":{"type":"Polygon","coordinates":[[[140.46063,36.57095],[140.46039,36.57151],[140.45987,36.57144],[140.4593,36.57095],[140.45887,36.57097],[140.45895,36.57014],[140.45867,36.56926],[140.45918,36.56913],[140.4595,36.56996],[140.45987,36.57018],[140.46052,36.57011],[140.46063,36.57095]]]},"properties":{"hoanrinKind":"保安林"}},
{"type":"Feature","geometry":{"type":"Polygon","coordinates":[[[140.43288,36.57213],[140.43306,36.57263],[140.43196,36.5725],[140.432,36.57211],[140.43288,36.57213]]]},"properties":{"hoanrinKind":"保安林"}},
{"type":"Feature","geometry":{"type":"Polygon","coordinates":[[[140.43388,36.57321],[140.43428,36.57382],[140.4336,36.57387],[140.43305,36.57352],[140.43388,36.57321]]]},"properties":{"hoanrinKind":"保安林"}},
{"type":"Feature","geometry":{"type":"Polygon","coordinates":[[[140.52775,36.57363],[140.52735,36.57314],[140.52775,36.57263],[140.52775,36.57363]]]},"properties":{"hoanrinKind":"保安林"}},
{"type":"Feature","geometry":{"type":"Polygon","coordinates":[[[140.42705,36.57334],[140.42762,36.57387],[140.42753,36.57434],[140.42669,36.57408],[140.42705,36.57334]]]},"properties":{"hoanrinKind":"保安林"}},
{"type":"Feature","geometry":{"type":"Polygon","coordinates":[[[140.50142,36.57431],[140.50207,36.57437],[140.50184,36.57471],[140.50142,36.57431]]]},"properties":{"hoanrinKind":"保安林"}},
{"type":"Feature","geometry":{"type":"Polygon","coordinates":[[[140.49815,36.57401],[140.49729,36.5741],[140.49697,36.57508],[140.49585,36.57508],[140.49548,36.57469],[140.49716,36.57363],[140.49825,36.57362],[140.49929,36.57319],[140.49969,36.57335],[140.50086,36.5747],[140.50084,36.57504],[140.49962,36.57457],[140.49883,36.57387],[140.49815,36.57401]]]},"properties":{"hoanrinKind":"保安林"}},
{"type":"Feature","geometry":{"type":"Polygon","coordinates":[[[140.52823,36.57504],[140.52843,36.57584],[140.52756,36.57535],[140.52722,36.57496],[140.52793,36.57472],[140.52823,36.57504]]]},"properties":{"hoanrinKind":"保安林"}},
{"type":"Feature","geometry":{"type":"Polygon","coordinates":[[[140.52849,36.57613],[140.52856,36.57677],[140.52802,36.57675],[140.52802,36.57608],[140.52849,36.57613]]]},"properties":{"hoanrinKind":"保安林"}},
{"type":"Feature","geometry":{"type":"Polygon","coordinates":[[[140.52158,36.57613],[140.52197,36.57667],[140.52177,36.57701],[140.52246,36.57727],[140.52156,36.57764],[140.52074,36.57746],[140.52052,36.57692],[140.52106,36.576],[140.52099,36.57455],[140.52285,36.57323],[140.52335,36.57239],[140.52486,36.57085],[140.52506,36.57051],[140.52601,36.57029],[140.52685,36.56956],[140.52728,36.57027],[140.52679,36.57055],[140.52677,36.57141],[140.52642,36.57182],[140.52588,36.57202],[140.52609,36.57243],[140.52586,36.57295],[140.5253,36.57338],[140.5251,36.57394],[140.52501,36.5753],[140.52244,36.57647],[140.52158,36.57613]]]},"properties":{"hoanrinKind":"保安林"}},
{"type":"Feature","geometry":{"type":"Polygon","coordinates":[[[140.61568,36.57892],[140.61515,36.57867],[140.61557,36.57858],[140.61568,36.57892]]]},"properties":{"hoanrinKind":"保安林"}},
{"type":"Feature","geometry":{"type":"Polygon","coordinates":[[[140.52508,36.57891],[140.52508,36.57917],[140.52365,36.57906],[140.52318,36.57878],[140.52214,36.5788],[140.52244,36.57833],[140.52242,36.57762],[140.52296,36.57716],[140.52266,36.57688],[140.52342,36.57636],[140.52393,36.57638],[140.5245,36.576],[140.52512,36.5763],[140.52495,36.57721],[140.52417,36.57753],[140.5245,36.57796],[140.52519,36.57769],[140.52574,36.57842],[140.52508,36.57891]]]},"properties":{"hoanrinKind":"保安林"}},
{"type":"Feature","geometry":{"type":"Polygon","coordinates":[[[140.61485,36.57886],[140.61501,36.57911],[140.61439,36.57937],[140.61427,36.57907],[140.61485,36.57886]]]},"properties":{"hoanrinKind":"保安林"}},
{"type":"Feature","geometry":{"type":"Polygon","coordinates":[[[140.43285,36.57964],[140.43171,36.57971],[140.43051,36.57928],[140.43013,36.57893],[140.43024,36.57841],[140.43336,36.57725],[140.43424,36.57719],[140.43457,36.57749],[140.43414,36.578],[140.43448,36.57823],[140.43394,36.57874],[140.43484,36.57877],[140.43495,36.57953],[140.43436,36.5797],[140.43285,36.57964]]]},"properties":{"hoanrinKind":"保安林"}},
{"type":"Feature","geometry":{"type":"Polygon","coordinates":[[[140.27781,36.58016],[140.27815,36.5812],[140.27789,36.58147],[140.2772,36.58139],[140.2764,36.58097],[140.27605,36.58015],[140.27656,36.57973],[140.27648,36.57898],[140.27694,36.57843],[140.27793,36.5776],[140.27878,36.578],[140.27792,36.57936],[140.27781,36.58016]]]},"properties":{"hoanrinKind":"保安林"}},
{"type":"Feature","geometry":{"type":"Polygon","coordinates":[[[140.42634,36.58334],[140.42548,36.58301],[140.42566,36.58259],[140.42667,36.58186],[140.42692,36.58087],[140.42737,36.58054],[140.42854,36.58087],[140.42899,36.5816],[140.42874,36.58235],[140.42802,36.58238],[140.42833,36.58295],[140.42814,36.58319],[140.42697,36.58315],[140.42634,36.58334]]]},"properties":{"hoanrinKind":"保安林"}},
{"type":"Feature","geometry":{"type":"Polygon","coordinates":[[[140.46677,36.58772],[140.46684,36.58825],[140.46658,36.58859],[140.46578,36.58859],[140.46557,36.58789],[140.46644,36.58742],[140.46677,36.58772]]]},"properties":{"hoanrinKind":"保安林"}},
{"type":"Feature","geometry":{"type":"Polygon","coordinates":[[[140.32837,36.58717],[140.32907,36.58739],[140.32906,36.58812],[140.32884,36.58882],[140.32821,36.58876],[140.32815,36.58791],[140.32733,36.5877],[140.32764,36.58713],[140.32837,36.58717]]]},"properties":{"hoanrinKind":"保安林"}},
{"type":"Feature","geometry":{"type":"Polygon","coordinates":[[[140.48446,36.58903],[140.4845,36.58903],[140.48457,36.58905],[140.4844,36.58903],[140.48445,36.58903],[140.48446,36.58903]]]},"properties":{"hoanrinKind":"保安林"}},
{"type":"Feature","geometry":{"type":"Polygon","coordinates":[[[140.47013,36.58688],[140.47081,36.58721],[140.47115,36.58838],[140.47077,36.58907],[140.46969,36.58829],[140.46941,36.58692],[140.47013,36.58688]]]},"properties":{"hoanrinKind":"保安林"}},
{"type":"Feature","geometry":{"type":"Polygon","coordinates":[[[140.48437,36.58991],[140.48398,36.58974],[140.48316,36.58975],[140.48329,36.58945],[140.48429,36.58945],[140.48437,36.58991]]]},"properties":{"hoanrinKind":"保安林"}},
{"type":"Feature","geometry":{"type":"Polygon","coordinates":[[[140.47138,36.59089],[140.47151,36.59167],[140.47083,36.59214],[140.47009,36.59095],[140.47032,36.59074],[140.47138,36.59089]]]},"properties":{"hoanrinKind":"保安林"}},
{"type":"Feature","geometry":{"type":"Polygon","coordinates":[[[140.33169,36.59246],[140.33227,36.59275],[140.33199,36.59305],[140.33063,36.59284],[140.33071,36.59249],[140.33169,36.59246]]]},"properties":{"hoanrinKind":"保安林"}},
{"type":"Feature","geometry":{"type":"Polygon","coordinates":[[[140.61405,36.59205],[140.61395,36.59227],[140.61275,36.5931],[140.61257,36.59181],[140.61342,36.59183],[140.6134,36.59129],[140.61245,36.59125],[140.61223,36.59108],[140.61382,36.58969],[140.61446,36.58937],[140.61461,36.58882],[140.61382,36.58876],[140.61208,36.59008],[140.61196,36.58957],[140.61243,36.5887],[140.61382,36.58767],[140.61337,36.58711],[140.61287,36.58701],[140.61139,36.58704],[140.61105,36.58637],[140.6126,36.58627],[140.61274,36.58591],[140.61244,36.58387],[140.61244,36.58309],[140.61206,36.58269],[140.61073,36.582],[140.61037,36.58195],[140.60989,36.58259],[140.60944,36.5822],[140.60904,36.58118],[140.60968,36.58078],[140.60989,36.58132],[140.61041,36.58132],[140.61103,36.58078],[140.61097,36.58033],[140.61158,36.58033],[140.61162,36.58068],[140.61289,36.58058],[140.6138,36.58096],[140.61481,36.58009],[140.61541,36.57983],[140.61636,36.58005],[140.61642,36.57945],[140.61744,36.57952],[140.61785,36.58056],[140.61761,36.58158],[140.61688,36.58172],[140.61666,36.58245],[140.61539,36.5831],[140.61531,36.58413],[140.61485,36.5853],[140.61544,36.58652],[140.61668,36.58784],[140.61598,36.58838],[140.61597,36.58933],[140.61475,36.59009],[140.61475,36.59084],[140.61405,36.59205]]]},"properties":{"hoanrinKind":"保安林"}},
{"type":"Feature","geometry":{"type":"Polygon","coordinates":[[[140.46455,36.59292],[140.4654,36.59311],[140.46503,36.59362],[140.46455,36.59292]]]},"properties":{"hoanrinKind":"保安林"}},
{"type":"Feature","geometry":{"type":"Polygon","coordinates":[[[140.33327,36.59308],[140.33375,36.59356],[140.333,36.59401],[140.33207,36.59388],[140.33186,36.59346],[140.33249,36.59306],[140.33327,36.59308]]]},"properties":{"hoanrinKind":"保安林"}},
{"type":"Feature","geometry":{"type":"Polygon","coordinates":[[[140.42217,36.59203],[140.4228,36.59317],[140.42332,36.59367],[140.4233,36.59416],[140.42363,36.59497],[140.42354,36.59545],[140.42278,36.595],[140.4223,36.59409],[140.42261,36.59362],[140.42206,36.59334],[140.42202,36.59221],[140.42217,36.59203]]]},"properties":{"hoanrinKind":"保安林"}},
{"type":"Feature","geometry":{"type":"Polygon","coordinates":[[[140.28629,36.59445],[140.28686,36.59559],[140.2857,36.59572],[140.28476,36.59528],[140.28539,36.59471],[140.28629,36.59445]]]},"properties":{"hoanrinKind":"保安林"}},
{"type":"Feature","geometry":{"type":"Polygon","coordinates":[[[140.44843,36.5966],[140.44784,36.5969],[140.4469,36.59654],[140.4458,36.5967],[140.44531,36.5965],[140.44549,36.59611],[140.44618,36.59598],[140.44628,36.59528],[140.44683,36.59553],[140.44752,36.59632],[140.44843,36.5966]]]},"properties":{"hoanrinKind":"保安林"}},
{"type":"Feature","geometry":{"type":"Polygon","coordinates":[[[140.26982,36.59645],[140.27004,36.59708],[140.26956,36.59749],[140.26919,36.59736],[140.26925,36.59679],[140.26982,36.59645]]]},"properties":{"hoanrinKind":"保安林"}},
{"type":"Feature","geometry":{"type":"Polygon","coordinates":[[[140.42499,36.59588],[140.42515,36.59651],[140.42515,36.59751],[140.42457,36.59682],[140.42457,36.59619],[140.42499,36.59588]]]},"properties":{"hoanrinKind":"保安林"}},
{"type":"Feature","geometry":{"type":"Polygon","coordinates":[[[140.63277,36.59757],[140.63178,36.59777],[140.63071,36.59749],[140.62996,36.59676],[140.63048,36.59625],[140.63067,36.5956],[140.63299,36.59707],[140.63277,36.59757]]]},"properties":{"hoanrinKind":"保安林"}},
{"type":"Feature","geometry":{"type":"Polygon","coordinates":[[[140.49704,36.59858],[140.49552,36.59845],[140.49432,36.59852],[140.49427,36.5982],[140.49526,36.59773],[140.49595,36.5978],[140.49687,36.59822],[140.49704,36.59858]]]},"properties":{"hoanrinKind":"保安林"}},
{"type":"Feature","geometry":{"type":"Polygon","coordinates":[[[140.50065,36.59863],[140.50141,36.5997],[140.50089,36.59999],[140.50052,36.5996],[140.49972,36.59948],[140.49932,36.59921],[140.4993,36.59875],[140.49981,36.59848],[140.50065,36.59863]]]},"properties":{"hoanrinKind":"保安林"}},
{"type":"Feature","geometry":{"type":"Polygon","coordinates":[[[140.44192,36.59908],[140.44214,36.59934],[140.44205,36.59998],[140.44121,36.60025],[140.44033,36.60007],[140.4398,36.59961],[140.43995,36.59937],[140.44192,36.59908]]]},"properties":{"hoanrinKind":"保安林"}},
{"type":"Feature","geometry":{"type":"Polygon","coordinates":[[[140.3025,36.60065],[140.30224,36.60096],[140.30124,36.60067],[140.3019,36.60055],[140.3025,36.60065]]]},"properties":{"hoanrinKind":"保安林"}},
{"type":"Feature","geometry":{"type":"Polygon","coordinates":[[[140.51402,36.6005],[140.51391,36.60103],[140.51305,36.60143],[140.51259,36.6007],[140.51408,36.59999],[140.51402,36.6005]]]},"properties":{"hoanrinKind":"保安林"}},
{"type":"Feature","geometry":{"type":"Polygon","coordinates":[[[140.51595,36.60112],[140.51544,36.60096],[140.51455,36.60094],[140.51426,36.599],[140.51475,36.59897],[140.51539,36.59961],[140.51632,36.5997],[140.51632,36.60025],[140.51582,36.60062],[140.51595,36.60112]]]},"properties":{"hoanrinKind":"保安林"}},
{"type":"Feature","geometry":{"type":"Polygon","coordinates":[[[140.42902,36.60117],[140.42891,36.60181],[140.4286,36.60145],[140.42902,36.60117]]]},"properties":{"hoanrinKind":"保安林"}},
{"type":"Feature","geometry":{"type":"Polygon","coordinates":[[[140.43235,36.60134],[140.43256,36.60193],[140.43221,36.60236],[140.43179,36.60225],[140.4317,36.60148],[140.43235,36.60134]]]},"properties":{"hoanrinKind":"保安林"}},
{"type":"Feature","geometry":{"type":"Polygon","coordinates":[[[140.33052,36.60158],[140.33092,36.60204],[140.33062,36.6024],[140.32973,36.60237],[140.32964,36.60188],[140.33052,36.60158]]]},"properties":{"hoanrinKind":"保安林"}},
{"type":"Feature","geometry":{"type":"Polygon","coordinates":[[[140.33302,36.60191],[140.33307,36.60258],[140.33261,36.60277],[140.33176,36.60252],[140.3323,36.60201],[140.33302,36.60191]]]},"properties":{"hoanrinKind":"保安林"}},
{"type":"Feature","geometry":{"type":"Polygon","coordinates":[[[140.41719,36.60322],[140.41534,36.60306],[140.41577,36.60245],[140.41688,36.6022],[140.41765,36.60219],[140.41648,36.60291],[140.41719,36.60322]]]},"properties":{"hoanrinKind":"保安林"}},
{"type":"Feature","geometry":{"type":"Polygon","coordinates":[[[140.49418,36.60367],[140.49452,36.60409],[140.49394,36.60464],[140.49317,36.60451],[140.49109,36.60438],[140.49075,36.60422],[140.49208,36.60363],[140.49366,36.60358],[140.49418,36.60367]]]},"properties":{"hoanrinKind":"保安林"}},
{"type":"Feature","geometry":{"type":"Polygon","coordinates":[[[140.51229,36.60304],[140.51291,36.60367],[140.51349,36.60395],[140.51351,36.60519],[140.51305,36.60528],[140.51305,36.60442],[140.5121,36.60365],[140.51139,36.60323],[140.51113,36.60266],[140.50931,36.60202],[140.50937,36.60104],[140.50893,36.60022],[140.50992,36.60022],[140.51082,36.60079],[140.50987,36.60125],[140.5102,36.6018],[140.51147,36.60247],[140.51229,36.60304]]]},"properties":{"hoanrinKind":"保安林"}},
{"type":"Feature","geometry":{"type":"Polygon","coordinates":[[[140.3201,36.60609],[140.31964,36.60628],[140.31888,36.60612],[140.31883,36.60572],[140.3193,36.60574],[140.3195,36.60602],[140.3201,36.60609]]]},"properties":{"hoanrinKind":"保安林"}},
{"type":"Feature","geometry":{"type":"Polygon","coordinates":[[[140.28426,36.60658],[140.28321,36.6068],[140.28237,36.60647],[140.28029,36.6066],[140.28038,36.60595],[140.27951,36.60462],[140.28082,36.60384],[140.28179,36.60396],[140.28276,36.60371],[140.28472,36.60443],[140.28575,36.60443],[140.28582,36.60544],[140.28665,36.60574],[140.28626,36.60625],[140.28524,36.60634],[140.28426,36.60658]]]},"properties":{"hoanrinKind":"保安林"}},
{"type":"Feature","geometry":{"type":"Polygon","coordinates":[[[140.61476,36.60602],[140.61415,36.60624],[140.61346,36.60704],[140.61287,36.60641],[140.613,36.60485],[140.61431,36.60544],[140.61412,36.60597],[140.61476,36.60602]]]},"properties":{"hoanrinKind":"保安林"}},
{"type":"Feature","geometry":{"type":"Polygon","coordinates":[[[140.25184,36.60729],[140.25234,36.60822],[140.2521,36.60875],[140.25136,36.60882],[140.25123,36.60785],[140.25184,36.60729]]]},"properties":{"hoanrinKind":"保安林"}},
{"type":"Feature","geometry":{"type":"Polygon","coordinates":[[[140.40436,36.60367],[140.40415,36.60514],[140.4042,36.60597],[140.40413,36.60824],[140.40429,36.60908],[140.40397,36.6091],[140.40382,36.60764],[140.40356,36.60683],[140.40344,36.60582],[140.40354,36.60459],[140.40389,36.60376],[140.40436,36.60367]]]},"properties":{"hoanrinKind":"保安林"}},
{"type":"Feature","geometry":{"type":"Polygon","coordinates":[[[140.26411,36.60512],[140.26421,36.60647],[140.2643,36.60936],[140.26402,36.60978],[140.26275,36.61033],[140.26222,36.61031],[140.2604,36.60858],[140.25935,36.60816],[140.25933,36.60787],[140.26047,36.6068],[140.26167,36.60593],[140.26232,36.60534],[140.26334,36.60504],[140.26411,36.60512]]]},"properties":{"hoanrinKind":"保安林"}},
{"type":"Feature","geometry":{"type":"Polygon","coordinates":[[[140.48177,36.60952],[140.48182,36.60965],[140.48166,36.61037],[140.48162,36.60993],[140.48167,36.60958],[140.48177,36.60952]]]},"properties":{"hoanrinKind":"保安林"}},
{"type":"Feature","geometry":{"type":"Polygon","coordinates":[[[140.27906,36.609],[140.2798,36.60941],[140.28051,36.6107],[140.28049,36.61119],[140.28003,36.61135],[140.27906,36.61031],[140.27684,36.60882],[140.27719,36.60835],[140.27804,36.60875],[140.27885,36.60874],[140.27906,36.609]]]},"properties":{"hoanrinKind":"保安林"}},
{"type":"Feature","geometry":{"type":"Polygon","coordinates":[[[140.48122,36.60922],[140.48138,36.61063],[140.48101,36.61013],[140.48122,36.60922]]]},"properties":{"hoanrinKind":"保安林"}},
{"type":"Feature","geometry":{"type":"Polygon","coordinates":[[[140.3253,36.61098],[140.32553,36.61159],[140.32505,36.61166],[140.32491,36.61096],[140.3253,36.61098]]]},"properties":{"hoanrinKind":"保安林"}},
{"type":"Feature","geometry":{"type":"Polygon","coordinates":[[[140.55098,36.61035],[140.55141,36.61076],[140.55212,36.61103],[140.55266,36.61193],[140.55217,36.6124],[140.55155,36.61206],[140.55137,36.61128],[140.55081,36.61049],[140.55098,36.61035]]]},"properties":{"hoanrinKind":"保安林"}},
{"type":"Feature","geometry":{"type":"Polygon","coordinates":[[[140.45157,36.61443],[140.45157,36.61459],[140.45139,36.61455],[140.45146,36.61423],[140.45157,36.61443]]]},"properties":{"hoanrinKind":"保安林"}},
{"type":"Feature","geometry":{"type":"Polygon","coordinates":[[[140.68058,36.61592],[140.67966,36.61565],[140.67893,36.61518],[140.67936,36.61478],[140.6806,36.61517],[140.68096,36.61543],[140.68058,36.61592]]]},"properties":{"hoanrinKind":"保安林"}},
{"type":"Feature","geometry":{"type":"Polygon","coordinates":[[[140.61743,36.61382],[140.61787,36.61489],[140.6187,36.61536],[140.61725,36.61619],[140.61644,36.61581],[140.61627,36.61463],[140.61603,36.61418],[140.6168,36.61382],[140.61743,36.61382]]]},"properties":{"hoanrinKind":"保安林"}},
{"type":"Feature","geometry":{"type":"Polygon","coordinates":[[[140.27176,36.61613],[140.27264,36.61653],[140.2726,36.61714],[140.27153,36.61695],[140.27085,36.61637],[140.27176,36.61613]]]},"properties":{"hoanrinKind":"保安林"}},
{"type":"Feature","geometry":{"type":"Polygon","coordinates":[[[140.63638,36.61577],[140.63648,36.61612],[140.63445,36.61649],[140.63329,36.61678],[140.63207,36.61743],[140.63174,36.61699],[140.63127,36.61587],[140.63083,36.61559],[140.63128,36.61501],[140.63175,36.61513],[140.63237,36.61465],[140.6331,36.61543],[140.6336,36.61537],[140.63518,36.61459],[140.63566,36.61424],[140.63639,36.61434],[140.63608,36.61493],[140.63638,36.61577]]]},"properties":{"hoanrinKind":"保安林"}},
{"type":"Feature","geometry":{"type":"Polygon","coordinates":[[[140.48155,36.61745],[140.48258,36.61677],[140.48278,36.61693],[140.48213,36.61709],[140.48155,36.61745]]]},"properties":{"hoanrinKind":"保安林"}},
{"type":"Feature","geometry":{"type":"Polygon","coordinates":[[[140.26513,36.61767],[140.26453,36.61773],[140.26415,36.61818],[140.26304,36.61849],[140.26104,36.61854],[140.2604,36.61769],[140.26113,36.61729],[140.26115,36.61613],[140.26136,36.61562],[140.26226,36.6154],[140.26219,36.61621],[140.2625,36.61649],[140.26283,36.6153],[140.26403,36.61572],[140.2643,36.61642],[140.26483,36.61627],[140.26645,36.61676],[140.26637,36.61729],[140.26513,36.61767]]]},"properties":{"hoanrinKind":"保安林"}},
{"type":"Feature","geometry":{"type":"Polygon","coordinates":[[[140.63745,36.61783],[140.63753,36.61805],[140.63721,36.61809],[140.63716,36.61798],[140.63745,36.61783]]]},"properties":{"hoanrinKind":"保安林"}},
{"type":"Feature","geometry":{"type":"Polygon","coordinates":[[[140.62638,36.61755],[140.62666,36.61773],[140.62682,36.61843],[140.62646,36.61859],[140.62563,36.61843],[140.62539,36.61797],[140.62583,36.61755],[140.62638,36.61755]]]},"properties":{"hoanrinKind":"保安林"}},
{"type":"Feature","geometry":{"type":"Polygon","coordinates":[[[140.63641,36.61848],[140.63602,36.61867],[140.63598,36.61849],[140.63627,36.61828],[140.63641,36.61848]]]},"properties":{"hoanrinKind":"保安林"}},
{"type":"Feature","geometry":{"type":"Polygon","coordinates":[[[140.31837,36.61954],[140.31816,36.61855],[140.31879,36.61861],[140.31879,36.61903],[140.31837,36.61954]]]},"properties":{"hoanrinKind":"保安林"}},
{"type":"Feature","geometry":{"type":"Polygon","coordinates":[[[140.61627,36.61748],[140.61527,36.6182],[140.61434,36.61855],[140.61341,36.62008],[140.61293,36.61977],[140.61305,36.61918],[140.61291,36.61802],[140.61254,36.61728],[140.61273,36.6169],[140.6135,36.61684],[140.61437,36.61722],[140.61517,36.6171],[140.6155,36.61669],[140.61629,36.61639],[140.61712,36.61636],[140.61627,36.61748]]]},"properties":{"hoanrinKind":"保安林"}},
{"type":"Feature","geometry":{"type":"Polygon","coordinates":[[[140.38273,36.62143],[140.38227,36.62099],[140.38253,36.62078],[140.38341,36.62133],[140.38273,36.62143]]]},"properties":{"hoanrinKind":"保安林"}},
{"type":"Feature","geometry":{"type":"Polygon","coordinates":[[[140.62504,36.61882],[140.62484,36.62043],[140.62381,36.62095],[140.62247,36.62235],[140.62246,36.62281],[140.62182,36.62325],[140.62068,36.62294],[140.62047,36.62221],[140.61979,36.6216],[140.61808,36.62132],[140.61787,36.62068],[140.61725,36.61978],[140.61665,36.61941],[140.61765,36.61862],[140.61778,36.61822],[140.61735,36.61735],[140.61746,36.61702],[140.61928,36.61597],[140.61992,36.61689],[140.62135,36.61786],[140.6236,36.61805],[140.62415,36.61851],[140.62504,36.61882]]]},"properties":{"hoanrinKind":"保安林"}},
{"type":"Feature","geometry":{"type":"Polygon","coordinates":[[[140.42862,36.62304],[140.4282,36.62347],[140.42762,36.62347],[140.42651,36.6232],[140.42697,36.62221],[140.42601,36.62144],[140.4268,36.62055],[140.42732,36.62055],[140.42811,36.62132],[140.42888,36.62188],[140.42935,36.6219],[140.4293,36.62272],[140.42862,36.62304]]]},"properties":{"hoanrinKind":"保安林"}},
{"type":"Feature","geometry":{"type":"Polygon","coordinates":[[[140.63805,36.62289],[140.63811,36.62309],[140.63757,36.62361],[140.63747,36.62324],[140.63779,36.62283],[140.63805,36.62289]]]},"properties":{"hoanrinKind":"保安林"}},
{"type":"Feature","geometry":{"type":"Polygon","coordinates":[[[140.23719,36.62656],[140.23681,36.62648],[140.23508,36.62649],[140.23482,36.6257],[140.23501,36.62521],[140.23468,36.62387],[140.23506,36.62331],[140.23557,36.62306],[140.23636,36.62317],[140.23775,36.62405],[140.23791,36.62441],[140.23703,36.62564],[140.23692,36.62616],[140.23719,36.62656]]]},"properties":{"hoanrinKind":"保安林"}},
{"type":"Feature","geometry":{"type":"Polygon","coordinates":[[[140.24969,36.62473],[140.25045,36.62521],[140.25053,36.62555],[140.24998,36.62585],[140.24909,36.62587],[140.24811,36.62538],[140.24736,36.62526],[140.24597,36.62415],[140.24582,36.6228],[140.2459,36.6224],[140.24674,36.62256],[140.24716,36.62236],[140.24775,36.62279],[140.24909,36.62435],[140.24969,36.62473]]]},"properties":{"hoanrinKind":"保安林"}},
{"type":"Feature","geometry":{"type":"Polygon","coordinates":[[[140.49078,36.6246],[140.49048,36.62525],[140.48996,36.62561],[140.48964,36.62617],[140.48905,36.62585],[140.48942,36.62462],[140.49013,36.62418],[140.49078,36.6246]]]},"properties":{"hoanrinKind":"保安林"}},
{"type":"Feature","geometry":{"type":"Polygon","coordinates":[[[140.24412,36.62517],[140.24125,36.62636],[140.24,36.62677],[140.2388,36.62656],[140.23878,36.62545],[140.23923,36.62499],[140.23979,36.62488],[140.23987,36.62437],[140.24061,36.62399],[140.24136,36.62289],[140.24188,36.62259],[140.24251,36.62192],[140.24336,36.622],[140.24439,36.6226],[140.24451,36.62384],[140.24511,36.62504],[140.24412,36.62517]]]},"properties":{"hoanrinKind":"保安林"}},
{"type":"Feature","geometry":{"type":"Polygon","coordinates":[[[140.38282,36.62636],[140.38257,36.6269],[140.38164,36.62759],[140.38021,36.62844],[140.37967,36.62814],[140.38015,36.62749],[140.38105,36.62728],[140.38177,36.6264],[140.38216,36.62617],[140.38282,36.62636]]]},"properties":{"hoanrinKind":"保安林"}},
{"type":"Feature","geometry":{"type":"Polygon","coordinates":[[[140.60472,36.62895],[140.60428,36.62915],[140.60382,36.62884],[140.60434,36.62848],[140.60559,36.62855],[140.60472,36.62895]]]},"properties":{"hoanrinKind":"保安林"}},
{"type":"Feature","geometry":{"type":"Polygon","coordinates":[[[140.56831,36.63271],[140.56666,36.63287],[140.56571,36.6332],[140.56339,36.63324],[140.56242,36.63262],[140.56137,36.63262],[140.56018,36.63229],[140.56015,36.63103],[140.56065,36.63061],[140.56164,36.63112],[140.56179,36.63199],[140.5625,36.632],[140.56426,36.63266],[140.56477,36.63237],[140.56409,36.63197],[140.56408,36.63153],[140.56453,36.6313],[140.56476,36.63084],[140.56435,36.6298],[140.56497,36.62979],[140.56509,36.62881],[140.56531,36.62845],[140.56603,36.62805],[140.56586,36.62762],[140.5667,36.62706],[140.56715,36.62746],[140.56788,36.62852],[140.5688,36.62868],[140.56977,36.62938],[140.57108,36.62984],[140.57257,36.6302],[140.57238,36.63068],[140.5713,36.63123],[140.57132,36.63209],[140.56831,36.63271]]]},"properties":{"hoanrinKind":"保安林"}},
{"type":"Feature","geometry":{"type":"Polygon","coordinates":[[[140.31365,36.6323],[140.31428,36.63286],[140.31441,36.63354],[140.31292,36.6337],[140.31292,36.63316],[140.31243,36.63228],[140.31284,36.63181],[140.31365,36.6323]]]},"properties":{"hoanrinKind":"保安林"}},
{"type":"Feature","geometry":{"type":"Polygon","coordinates":[[[140.44253,36.63613],[140.44341,36.63687],[140.44338,36.63745],[140.44277,36.63741],[140.44234,36.63693],[140.442,36.63622],[140.44253,36.63613]]]},"properties":{"hoanrinKind":"保安林"}},
{"type":"Feature","geometry":{"type":"Polygon","coordinates":[[[140.36319,36.63991],[140.36277,36.63953],[140.36106,36.63983],[140.36083,36.63945],[140.36111,36.63902],[140.36262,36.639],[140.36222,36.63836],[140.36093,36.63849],[140.36029,36.63838],[140.35911,36.63859],[140.35856,36.63822],[140.35911,36.6372],[140.3597,36.63658],[140.3601,36.63459],[140.36027,36.63439],[140.36111,36.63442],[140.363,36.63383],[140.36407,36.63306],[140.36474,36.63284],[140.36609,36.63282],[140.3669,36.63415],[140.36949,36.6344],[140.3697,36.63466],[140.36859,36.63488],[140.36825,36.6351],[140.36816,36.63573],[140.36756,36.63716],[140.36665,36.63735],[140.36571,36.63708],[140.36503,36.63708],[140.36467,36.63741],[140.3648,36.63814],[140.36442,36.63858],[140.36444,36.64],[140.36319,36.63991]]]},"properties":{"hoanrinKind":"保安林"}},
{"type":"Feature","geometry":{"type":"Polygon","coordinates":[[[140.66499,36.64042],[140.66498,36.6406],[140.6635,36.6406],[140.66317,36.6405],[140.66253,36.6391],[140.66165,36.63912],[140.66101,36.63858],[140.65949,36.63871],[140.65891,36.63863],[140.65805,36.63797],[140.65694,36.6375],[140.65544,36.63651],[140.65523,36.6361],[140.65555,36.63536],[140.65661,36.63546],[140.65827,36.63503],[140.65961,36.63516],[140.6607,36.63549],[140.6606,36.63489],[140.66183,36.63519],[140.66321,36.63593],[140.66364,36.63601],[140.66541,36.63601],[140.66654,36.63747],[140.66716,36.63854],[140.66716,36.63914],[140.66662,36.63932],[140.66604,36.63844],[140.6663,36.63796],[140.66556,36.63779],[140.66505,36.63718],[140.66442,36.63763],[140.66561,36.63935],[140.66489,36.63944],[140.66499,36.64042]]]},"properties":{"hoanrinKind":"保安林"}},
{"type":"Feature","geometry":{"type":"Polygon","coordinates":[[[140.31104,36.64227],[140.31069,36.64277],[140.31058,36.64338],[140.30989,36.64328],[140.308,36.64227],[140.30743,36.64223],[140.30569,36.64244],[140.30573,36.64089],[140.30587,36.63913],[140.3065,36.63903],[140.3077,36.63999],[140.30828,36.64015],[140.30868,36.6395],[140.30928,36.63925],[140.30985,36.6407],[140.31087,36.64134],[140.3112,36.6419],[140.31104,36.64227]]]},"properties":{"hoanrinKind":"保安林"}},
{"type":"Feature","geometry":{"type":"Polygon","coordinates":[[[140.43698,36.64668],[140.43633,36.64627],[140.43635,36.6438],[140.4371,36.64351],[140.43766,36.64363],[140.43807,36.64412],[140.43805,36.64446],[140.4374,36.64473],[140.43783,36.64555],[140.4383,36.64593],[140.4378,36.64659],[140.43698,36.64668]]]},"properties":{"hoanrinKind":"保安林"}},
{"type":"Feature","geometry":{"type":"Polygon","coordinates":[[[140.4442,36.64771],[140.44388,36.64787],[140.44313,36.64756],[140.44231,36.64785],[140.44149,36.64766],[140.44085,36.64651],[140.44132,36.64627],[140.4418,36.64725],[140.44211,36.64662],[140.44371,36.64647],[140.44281,36.64468],[140.4433,36.64435],[140.44488,36.64417],[140.44488,36.64339],[140.44552,36.6431],[140.44612,36.64312],[140.44624,36.64261],[140.44425,36.6431],[140.44338,36.643],[140.44149,36.64258],[140.44108,36.64197],[140.44207,36.64129],[140.4427,36.64154],[140.4432,36.64205],[140.4442,36.64189],[140.4457,36.64187],[140.44723,36.64205],[140.44799,36.64246],[140.44786,36.64322],[140.44745,36.64351],[140.44657,36.64569],[140.44614,36.64622],[140.44581,36.64622],[140.44439,36.64522],[140.44404,36.64555],[140.44442,36.6461],[140.44455,36.64711],[140.4442,36.64771]]]},"properties":{"hoanrinKind":"保安林"}},
{"type":"Feature","geometry":{"type":"Polygon","coordinates":[[[140.33475,36.63613],[140.33722,36.63737],[140.33724,36.63759],[140.33615,36.63939],[140.33587,36.64017],[140.33557,36.6419],[140.33508,36.64253],[140.33422,36.64307],[140.33301,36.64435],[140.33172,36.64659],[140.33141,36.64694],[140.32961,36.64775],[140.3295,36.64669],[140.3295,36.64481],[140.3297,36.64423],[140.33096,36.64279],[140.33133,36.64176],[140.33163,36.64024],[140.33263,36.63921],[140.33301,36.63861],[140.33322,36.63766],[140.33445,36.63614],[140.33475,36.63613]]]},"properties":{"hoanrinKind":"保安林"}},
{"type":"Feature","geometry":{"type":"Polygon","coordinates":[[[140.43606,36.64736],[140.43574,36.64806],[140.43483,36.64674],[140.43451,36.64475],[140.43518,36.64483],[140.43533,36.64615],[140.43606,36.64736]]]},"properties":{"hoanrinKind":"保安林"}},
{"type":"Feature","geometry":{"type":"Polygon","coordinates":[[[140.45058,36.64731],[140.45148,36.64795],[140.45029,36.6483],[140.44947,36.64795],[140.44764,36.64777],[140.44649,36.64733],[140.4462,36.64655],[140.44684,36.64606],[140.44799,36.64713],[140.45004,36.64711],[140.45058,36.64731]]]},"properties":{"hoanrinKind":"保安林"}},
{"type":"Feature","geometry":{"type":"Polygon","coordinates":[[[140.44047,36.64824],[140.43886,36.6479],[140.43876,36.64678],[140.43917,36.64649],[140.44052,36.64691],[140.44072,36.64709],[140.44042,36.64774],[140.44047,36.64824]]]},"properties":{"hoanrinKind":"保安林"}},
{"type":"Feature","geometry":{"type":"Polygon","coordinates":[[[140.45457,36.64898],[140.45323,36.64865],[140.45208,36.64859],[140.45229,36.64812],[140.45469,36.64779],[140.45457,36.64898]]]},"properties":{"hoanrinKind":"保安林"}},
{"type":"Feature","geometry":{"type":"Polygon","coordinates":[[[140.45704,36.64868],[140.45673,36.64906],[140.45564,36.64947],[140.4551,36.64916],[140.45549,36.64803],[140.45625,36.64861],[140.45704,36.64868]]]},"properties":{"hoanrinKind":"保安林"}},
{"type":"Feature","geometry":{"type":"Polygon","coordinates":[[[140.27147,36.65047],[140.27301,36.65136],[140.27338,36.6527],[140.27162,36.65249],[140.27155,36.6514],[140.27111,36.65087],[140.27147,36.65047]]]},"properties":{"hoanrinKind":"保安林"}},
{"type":"Feature","geometry":{"type":"Polygon","coordinates":[[[140.62304,36.65377],[140.62383,36.65409],[140.62432,36.65453],[140.62383,36.65488],[140.62388,36.65532],[140.62341,36.65552],[140.62294,36.65517],[140.6226,36.65458],[140.62228,36.6536],[140.62167,36.65296],[140.62164,36.65262],[140.62218,36.65237],[140.62226,36.65179],[140.6229,36.65154],[140.62307,36.65115],[140.62287,36.65058],[140.62358,36.65046],[140.62407,36.65206],[140.62417,36.65306],[140.62304,36.65377]]]},"properties":{"hoanrinKind":"保安林"}},
{"type":"Feature","geometry":{"type":"Polygon","coordinates":[[[140.49156,36.65604],[140.49105,36.65617],[140.49061,36.65573],[140.49053,36.65494],[140.49154,36.65382],[140.49175,36.65528],[140.49156,36.65604]]]},"properties":{"hoanrinKind":"保安林"}},
{"type":"Feature","geometry":{"type":"Polygon","coordinates":[[[140.32491,36.65449],[140.32543,36.65475],[140.32561,36.65565],[140.32591,36.65615],[140.32569,36.65656],[140.32431,36.65696],[140.32375,36.65699],[140.32324,36.65643],[140.32451,36.65458],[140.32491,36.65449]]]},"properties":{"hoanrinKind":"保安林"}},
{"type":"Feature","geometry":{"type":"Polygon","coordinates":[[[140.70965,36.65709],[140.70946,36.65758],[140.70905,36.65782],[140.70852,36.65768],[140.70771,36.65695],[140.70688,36.65652],[140.70497,36.65611],[140.70454,36.65627],[140.70281,36.65654],[140.70382,36.65584],[140.70509,36.65552],[140.7054,36.65504],[140.70678,36.65526],[140.70837,36.65501],[140.70866,36.65592],[140.70926,36.6562],[140.70989,36.65694],[140.70965,36.65709]]]},"properties":{"hoanrinKind":"保安林"}},
{"type":"Feature","geometry":{"type":"Polygon","coordinates":[[[140.6583,36.65861],[140.65712,36.65863],[140.65617,36.65827],[140.65632,36.65785],[140.65714,36.65809],[140.65734,36.65842],[140.65825,36.65811],[140.6583,36.65861]]]},"properties":{"hoanrinKind":"保安林"}},
{"type":"Feature","geometry":{"type":"Polygon","coordinates":[[[140.46749,36.65877],[140.46894,36.65945],[140.46913,36.65991],[140.46706,36.65972],[140.46607,36.65944],[140.46618,36.65891],[140.46664,36.65857],[140.46749,36.65877]]]},"properties":{"hoanrinKind":"保安林"}},
{"type":"Feature","geometry":{"type":"Polygon","coordinates":[[[140.4922,36.66095],[140.49139,36.66092],[140.49099,36.66068],[140.49011,36.66063],[140.48974,36.66024],[140.49052,36.65929],[140.49064,36.65884],[140.49106,36.65858],[140.49164,36.6591],[140.49182,36.65984],[140.49223,36.66017],[140.4922,36.66095]]]},"properties":{"hoanrinKind":"保安林"}},
{"type":"Feature","geometry":{"type":"Polygon","coordinates":[[[140.28807,36.66162],[140.28678,36.66175],[140.28789,36.66036],[140.28861,36.65976],[140.28893,36.65919],[140.2894,36.65922],[140.28984,36.65968],[140.29003,36.66021],[140.29077,36.66143],[140.28866,36.6615],[140.28807,36.66162]]]},"properties":{"hoanrinKind":"保安林"}},
{"type":"Feature","geometry":{"type":"Polygon","coordinates":[[[140.27407,36.66318],[140.27345,36.66287],[140.27251,36.66326],[140.27168,36.66305],[140.27095,36.66327],[140.26972,36.6623],[140.27045,36.66156],[140.27103,36.66166],[140.27199,36.66143],[140.27242,36.66117],[140.27326,36.66107],[140.27368,36.66061],[140.27453,36.66008],[140.2754,36.66002],[140.27686,36.65909],[140.27734,36.66009],[140.2779,36.65991],[140.27832,36.65951],[140.2788,36.66009],[140.27888,36.66093],[140.27976,36.66145],[140.27905,36.66191],[140.27867,36.66163],[140.27729,36.66115],[140.2765,36.66174],[140.2754,36.66212],[140.27648,36.66096],[140.27603,36.66085],[140.27493,36.66118],[140.27459,36.66164],[140.27452,36.66255],[140.27407,36.6628],[140.27407,36.66318]]]},"properties":{"hoanrinKind":"保安林"}},
{"type":"Feature","geometry":{"type":"Polygon","coordinates":[[[140.28871,36.66209],[140.28968,36.66217],[140.29027,36.66247],[140.29015,36.66321],[140.28965,36.66316],[140.28819,36.66269],[140.28871,36.66209]]]},"properties":{"hoanrinKind":"保安林"}},
{"type":"Feature","geometry":{"type":"Polygon","coordinates":[[[140.53397,36.66693],[140.53291,36.66643],[140.53251,36.66695],[140.5314,36.66726],[140.53086,36.66671],[140.53107,36.66597],[140.53093,36.6654],[140.5314,36.66492],[140.53268,36.66476],[140.53306,36.66415],[140.53395,36.66429],[140.53373,36.66622],[140.53397,36.66693]]]},"properties":{"hoanrinKind":"保安林"}},
{"type":"Feature","geometry":{"type":"Polygon","coordinates":[[[140.29905,36.66715],[140.29801,36.6674],[140.29689,36.66663],[140.29521,36.66623],[140.29491,36.66584],[140.29478,36.66492],[140.29409,36.66452],[140.29359,36.66378],[140.29364,36.66324],[140.29451,36.66306],[140.29541,36.66331],[140.29682,36.66319],[140.29622,36.6643],[140.29625,36.66477],[140.29664,36.66524],[140.29719,36.66539],[140.29721,36.66368],[140.29749,36.66348],[140.29853,36.66341],[140.29899,36.66359],[140.29964,36.66544],[140.29999,36.66562],[140.30103,36.66566],[140.30098,36.66656],[140.30004,36.66661],[140.29932,36.66646],[140.29905,36.66715]]]},"properties":{"hoanrinKind":"保安林"}},
{"type":"Feature","geometry":{"type":"Polygon","coordinates":[[[140.71426,36.66712],[140.71337,36.66701],[140.7138,36.66633],[140.71438,36.66625],[140.71426,36.66712]]]},"properties":{"hoanrinKind":"保安林"}},
{"type":"Feature","geometry":{"type":"Polygon","coordinates":[[[140.28906,36.67243],[140.28856,36.67236],[140.28839,36.67144],[140.28745,36.6706],[140.28613,36.67097],[140.28551,36.67092],[140.28462,36.67062],[140.28412,36.6702],[140.28383,36.66948],[140.28393,36.66894],[140.28487,36.66795],[140.28643,36.66676],[140.28764,36.66643],[140.2868,36.66566],[140.28745,36.66487],[140.28846,36.66472],[140.28923,36.66527],[140.28923,36.66465],[140.28948,36.66413],[140.29017,36.6643],[140.29025,36.66547],[140.29171,36.6645],[140.29233,36.6642],[140.2927,36.66428],[140.29211,36.66512],[140.29218,36.66574],[140.29302,36.66574],[140.29307,36.66415],[140.29367,36.66452],[140.29416,36.66534],[140.29414,36.66621],[140.29478,36.66713],[140.29565,36.66681],[140.29645,36.66728],[140.29761,36.66839],[140.29773,36.66879],[140.29627,36.66886],[140.29446,36.66978],[140.29325,36.66956],[140.29178,36.66961],[140.29134,36.6698],[140.29183,36.67114],[140.29099,36.67266],[140.28988,36.67218],[140.28906,36.67243]]]},"properties":{"hoanrinKind":"保安林"}},
{"type":"Feature","geometry":{"type":"Polygon","coordinates":[[[140.38133,36.66771],[140.3818,36.66824],[140.38251,36.66943],[140.38227,36.67109],[140.38298,36.67202],[140.38314,36.67253],[140.38231,36.67319],[140.38209,36.6737],[140.38115,36.67394],[140.37918,36.67142],[140.37935,36.67026],[140.37995,36.66882],[140.37993,36.66758],[140.38133,36.66771]]]},"properties":{"hoanrinKind":"保安林"}},
{"type":"Feature","geometry":{"type":"Polygon","coordinates":[[[140.3058,36.67327],[140.30623,36.67459],[140.30592,36.67493],[140.3052,36.67494],[140.30317,36.67432],[140.302,36.6738],[140.30234,36.67337],[140.30195,36.67288],[140.30148,36.67311],[140.30033,36.67224],[140.30002,36.6716],[140.30023,36.67115],[140.30121,36.67069],[140.30198,36.67064],[140.30339,36.6698],[140.30401,36.67128],[140.3058,36.67327]]]},"properties":{"hoanrinKind":"保安林"}},
{"type":"Feature","geometry":{"type":"Polygon","coordinates":[[[140.29576,36.67244],[140.29509,36.67293],[140.29415,36.67395],[140.29302,36.67494],[140.29246,36.67528],[140.29168,36.6747],[140.28993,36.674],[140.2906,36.67337],[140.29107,36.67319],[140.29152,36.67243],[140.29234,36.67235],[140.29274,36.67188],[140.29384,36.67169],[140.29532,36.67076],[140.29667,36.67006],[140.2968,36.66969],[140.29767,36.66934],[140.29838,36.66887],[140.29968,36.66972],[140.29873,36.67069],[140.29765,36.67125],[140.29735,36.6716],[140.29576,36.67244]]]},"properties":{"hoanrinKind":"保安林"}},
{"type":"Feature","geometry":{"type":"Polygon","coordinates":[[[140.49407,36.67506],[140.49403,36.67529],[140.49394,36.67493],[140.49407,36.67506]]]},"properties":{"hoanrinKind":"保安林"}},
{"type":"Feature","geometry":{"type":"Polygon","coordinates":[[[140.61118,36.67402],[140.61062,36.67403],[140.61101,36.67335],[140.611,36.67276],[140.61146,36.67274],[140.61195,36.67359],[140.61118,36.67402]]]},"properties":{"hoanrinKind":"保安林"}},
{"type":"Feature","geometry":{"type":"Polygon","coordinates":[[[140.49538,36.67575],[140.49526,36.67563],[140.49547,36.67537],[140.49538,36.67575]]]},"properties":{"hoanrinKind":"保安林"}},
{"type":"Feature","geometry":{"type":"Polygon","coordinates":[[[140.49033,36.67596],[140.49028,36.67623],[140.48917,36.67638],[140.48911,36.67589],[140.49033,36.67596]]]},"properties":{"hoanrinKind":"保安林"}},
{"type":"Feature","geometry":{"type":"Polygon","coordinates":[[[140.49262,36.67604],[140.49337,36.67621],[140.4933,36.67657],[140.49262,36.67604]]]},"properties":{"hoanrinKind":"保安林"}},
{"type":"Feature","geometry":{"type":"Polygon","coordinates":[[[140.49159,36.67755],[140.49061,36.67764],[140.49033,36.67742],[140.49092,36.67696],[140.49091,36.67629],[140.4925,36.67632],[140.49309,36.67727],[140.49251,36.67754],[140.49159,36.67755]]]},"properties":{"hoanrinKind":"保安林"}},
{"type":"Feature","geometry":{"type":"Polygon","coordinates":[[[140.67882,36.67742],[140.67851,36.67777],[140.6783,36.67758],[140.67882,36.67742]]]},"properties":{"hoanrinKind":"保安林"}},
{"type":"Feature","geometry":{"type":"Polygon","coordinates":[[[140.43201,36.67702],[140.4322,36.67768],[140.43147,36.67788],[140.43108,36.67753],[140.43121,36.67707],[140.43201,36.67702]]]},"properties":{"hoanrinKind":"保安林"}},
{"type":"Feature","geometry":{"type":"Polygon","coordinates":[[[140.6254,36.67736],[140.626,36.678],[140.6254,36.67838],[140.62419,36.6786],[140.62399,36.67727],[140.62512,36.67721],[140.6254,36.67736]]]},"properties":{"hoanrinKind":"保安林"}},
{"type":"Feature","geometry":{"type":"Polygon","coordinates":[[[140.25059,36.67732],[140.25116,36.67852],[140.2509,36.67896],[140.2503,36.67904],[140.24913,36.67821],[140.24889,36.67773],[140.24834,36.6774],[140.24738,36.67708],[140.24571,36.67604],[140.24516,36.67494],[140.24492,36.67411],[140.24589,36.674],[140.24595,36.67353],[140.24549,36.67319],[140.24343,36.67227],[140.24245,36.67212],[140.24076,36.67169],[140.23988,36.67126],[140.24059,36.67102],[140.24045,36.67062],[140.24097,36.66937],[140.242,36.66851],[140.24249,36.66849],[140.24231,36.66776],[140.24315,36.66719],[140.24377,36.66719],[140.24392,36.66678],[140.24372,36.66625],[140.24323,36.6658],[140.24333,36.66546],[140.24401,36.66499],[140.24456,36.66494],[140.24583,36.66442],[140.24742,36.6663],[140.24804,36.66662],[140.24767,36.66692],[140.24895,36.66822],[140.25025,36.66907],[140.25069,36.66914],[140.25103,36.66849],[140.25303,36.66929],[140.25273,36.66969],[140.25156,36.66964],[140.25127,36.67001],[140.25145,36.67087],[140.24983,36.67092],[140.24876,36.67168],[140.24926,36.6723],[140.25043,36.67343],[140.25114,36.67471],[140.25197,36.67518],[140.25169,36.67612],[140.25205,36.67635],[140.25182,36.67677],[140.25059,36.67732]]]},"properties":{"hoanrinKind":"保安林"}},
{"type":"Feature","geometry":{"type":"Polygon","coordinates":[[[140.57762,36.67993],[140.57685,36.6799],[140.57673,36.67895],[140.57719,36.67885],[140.57714,36.67959],[140.57762,36.67993]]]},"properties":{"hoanrinKind":"保安林"}},
{"type":"Feature","geometry":{"type":"Polygon","coordinates":[[[140.62512,36.67943],[140.62564,36.67945],[140.62606,36.68007],[140.62606,36.68058],[140.62544,36.68075],[140.6251,36.68058],[140.62457,36.67964],[140.62512,36.67943]]]},"properties":{"hoanrinKind":"保安林"}},
{"type":"Feature","geometry":{"type":"Polygon","coordinates":[[[140.57499,36.68212],[140.57499,36.68274],[140.57481,36.68318],[140.57481,36.68243],[140.57499,36.68212]]]},"properties":{"hoanrinKind":"保安林"}},
{"type":"Feature","geometry":{"type":"Polygon","coordinates":[[[140.36501,36.68587],[140.36532,36.68668],[140.36439,36.68752],[140.36334,36.6868],[140.36328,36.68659],[140.36238,36.68624],[140.36118,36.68407],[140.36105,36.68258],[140.36035,36.68123],[140.36051,36.68005],[140.36113,36.67912],[140.3618,36.67915],[140.36298,36.68019],[140.36414,36.68161],[140.36521,36.68174],[140.36613,36.68261],[140.36667,36.68269],[140.36834,36.68347],[140.36821,36.68403],[140.36848,36.68466],[140.36789,36.68524],[140.36783,36.68603],[140.36759,36.68655],[140.36716,36.68671],[140.36687,36.68573],[140.36635,36.68529],[140.36603,36.68547],[140.36645,36.68682],[140.36579,36.68677],[140.36581,36.68624],[140.36501,36.68587]]]},"properties":{"hoanrinKind":"保安林"}},
{"type":"Feature","geometry":{"type":"Polygon","coordinates":[[[140.59031,36.686],[140.59065,36.68625],[140.58992,36.68669],[140.5901,36.68594],[140.59031,36.686]]]},"properties":{"hoanrinKind":"保安林"}},
{"type":"Feature","geometry":{"type":"Polygon","coordinates":[[[140.29004,36.6859],[140.29086,36.68648],[140.29036,36.68665],[140.28978,36.68621],[140.29004,36.6859]]]},"properties":{"hoanrinKind":"保安林"}},
{"type":"Feature","geometry":{"type":"Polygon","coordinates":[[[140.46501,36.68673],[140.46345,36.68742],[140.46283,36.68649],[140.46258,36.68585],[140.46336,36.68526],[140.46393,36.68405],[140.46433,36.68407],[140.46543,36.68499],[140.46679,36.68497],[140.46776,36.68547],[140.46851,36.68544],[140.46988,36.68559],[140.47046,36.68602],[140.47064,36.68683],[140.47055,36.68727],[140.4687,36.68732],[140.4684,36.68708],[140.46645,36.68663],[140.46535,36.6866],[140.46501,36.68673]]]},"properties":{"hoanrinKind":"保安林"}},
{"type":"Feature","geometry":{"type":"Polygon","coordinates":[[[140.36338,36.68717],[140.36384,36.68787],[140.36284,36.68787],[140.36244,36.68734],[140.36338,36.68717]]]},"properties":{"hoanrinKind":"保安林"}},
{"type":"Feature","geometry":{"type":"Polygon","coordinates":[[[140.57162,36.68781],[140.57115,36.68827],[140.5704,36.68808],[140.57013,36.68747],[140.57025,36.68707],[140.57021,36.68588],[140.56994,36.68496],[140.56936,36.68452],[140.56869,36.68358],[140.56716,36.68265],[140.56768,36.68211],[140.56812,36.68211],[140.56802,36.68272],[140.56897,36.6828],[140.56909,36.68348],[140.56975,36.68357],[140.56977,36.68421],[140.57013,36.68464],[140.57081,36.68441],[140.57108,36.68462],[140.5706,36.68571],[140.57057,36.68757],[140.57181,36.68693],[140.57188,36.68654],[140.57249,36.68598],[140.57081,36.68341],[140.57022,36.68285],[140.56933,36.68145],[140.57062,36.68078],[140.57237,36.68016],[140.57356,36.67998],[140.57352,36.68055],[140.57412,36.68065],[140.57408,36.68114],[140.57354,36.68148],[140.57307,36.68207],[140.57329,36.68285],[140.57437,36.68431],[140.57488,36.68434],[140.57525,36.68319],[140.5758,36.6827],[140.57557,36.68203],[140.57517,36.68165],[140.57523,36.68023],[140.57558,36.67985],[140.57602,36.68043],[140.57667,36.68026],[140.57655,36.68139],[140.57731,36.68185],[140.57724,36.68221],[140.57646,36.68398],[140.57538,36.68411],[140.57459,36.68489],[140.57451,36.68569],[140.57358,36.68617],[140.57271,36.68625],[140.57245,36.68683],[140.57162,36.68781]]]},"properties":{"hoanrinKind":"保安林"}},
{"type":"Feature","geometry":{"type":"Polygon","coordinates":[[[140.38467,36.68907],[140.38344,36.68901],[140.38262,36.68796],[140.38211,36.68756],[140.38219,36.68721],[140.38346,36.68623],[140.38432,36.68665],[140.38463,36.68709],[140.38571,36.68715],[140.38593,36.68791],[140.38535,36.6884],[140.38526,36.6888],[140.38467,36.68907]]]},"properties":{"hoanrinKind":"保安林"}},
{"type":"Feature","geometry":{"type":"Polygon","coordinates":[[[140.38067,36.68934],[140.3794,36.6899],[140.37912,36.69022],[140.37847,36.69031],[140.37851,36.68955],[140.37816,36.68889],[140.37967,36.68816],[140.38111,36.68759],[140.3815,36.68775],[140.38183,36.68856],[140.38272,36.68928],[140.38218,36.68948],[140.38139,36.68921],[140.38067,36.68934]]]},"properties":{"hoanrinKind":"保安林"}},
{"type":"Feature","geometry":{"type":"Polygon","coordinates":[[[140.36108,36.69105],[140.36111,36.69107],[140.36087,36.6912],[140.361,36.69107],[140.36108,36.69105]]]},"properties":{"hoanrinKind":"保安林"}},
{"type":"Feature","geometry":{"type":"Polygon","coordinates":[[[140.35451,36.69296],[140.35274,36.69231],[140.35269,36.69187],[140.35137,36.69081],[140.35134,36.68995],[140.35098,36.68899],[140.35036,36.68827],[140.34937,36.68751],[140.34831,36.687],[140.34753,36.68707],[140.34792,36.68632],[140.34792,36.6858],[140.34756,36.68544],[140.34875,36.68464],[140.34901,36.68404],[140.34904,36.68256],[140.34963,36.68178],[140.34935,36.68005],[140.34826,36.67751],[140.34657,36.67634],[140.34631,36.67478],[140.34561,36.67375],[140.34548,36.67327],[140.34618,36.67215],[140.34686,36.6715],[140.34746,36.67143],[140.34715,36.6727],[140.34792,36.67241],[140.34792,36.6714],[140.34881,36.67091],[140.34904,36.67155],[140.34961,36.67208],[140.35043,36.67236],[140.35085,36.67285],[140.35117,36.67153],[140.35182,36.67138],[140.35254,36.67086],[140.35445,36.67162],[140.35541,36.6717],[140.35777,36.67172],[140.35907,36.67224],[140.35935,36.67333],[140.35904,36.67367],[140.35937,36.67427],[140.35989,36.6747],[140.36083,36.67508],[140.36104,36.67564],[140.36143,36.67565],[140.36283,36.67674],[140.36274,36.67755],[140.3613,36.67798],[140.36081,36.67768],[140.35973,36.67754],[140.35952,36.67693],[140.35893,36.67655],[140.35781,36.67692],[140.35759,36.67782],[140.35777,36.67883],[140.35868,36.68119],[140.3578,36.68171],[140.35803,36.6823],[140.35894,36.68191],[140.36075,36.68456],[140.35816,36.68365],[140.3579,36.68331],[140.35679,36.68259],[140.35606,36.68246],[140.35764,36.68373],[140.35567,36.68383],[140.35267,36.68409],[140.35272,36.68544],[140.35334,36.68627],[140.35727,36.68423],[140.35797,36.68392],[140.3606,36.68487],[140.36025,36.68588],[140.35878,36.68798],[140.35874,36.68918],[140.35917,36.68918],[140.35973,36.68978],[140.35979,36.69081],[140.35941,36.6912],[140.35874,36.69123],[140.35725,36.69025],[140.35675,36.69005],[140.35582,36.68996],[140.35626,36.68952],[140.35521,36.68907],[140.35451,36.69296]]]},"properties":{"hoanrinKind":"保安林"}},
{"type":"Feature","geometry":{"type":"Polygon","coordinates":[[[140.23836,36.6926],[140.23794,36.69345],[140.23792,36.6929],[140.23816,36.6923],[140.23836,36.6926]]]},"properties":{"hoanrinKind":"保安林"}},
{"type":"Feature","geometry":{"type":"Polygon","coordinates":[[[140.35329,36.69287],[140.35398,36.69305],[140.35439,36.69356],[140.35312,36.69384],[140.35285,36.69368],[140.35273,36.69291],[140.35329,36.69287]]]},"properties":{"hoanrinKind":"保安林"}},
{"type":"Feature","geometry":{"type":"Polygon","coordinates":[[[140.52748,36.69326],[140.52752,36.69375],[140.52704,36.69363],[140.52748,36.69326]]]},"properties":{"hoanrinKind":"保安林"}},
{"type":"Feature","geometry":{"type":"Polygon","coordinates":[[[140.40792,36.69382],[140.40686,36.69381],[140.40637,36.69334],[140.4061,36.69225],[140.40722,36.69212],[140.40768,36.69245],[140.40795,36.69337],[140.40792,36.69382]]]},"properties":{"hoanrinKind":"保安林"}},
{"type":"Feature","geometry":{"type":"Polygon","coordinates":[[[140.52674,36.69474],[140.52689,36.69502],[140.52652,36.6949],[140.52674,36.69474]]]},"properties":{"hoanrinKind":"保安林"}},
{"type":"Feature","geometry":{"type":"Polygon","coordinates":[[[140.58441,36.69692],[140.58384,36.69687],[140.58383,36.69668],[140.58441,36.69692]]]},"properties":{"hoanrinKind":"保安林"}},
{"type":"Feature","geometry":{"type":"Polygon","coordinates":[[[140.60593,36.69645],[140.60558,36.69714],[140.60501,36.69716],[140.60363,36.6965],[140.60282,36.69648],[140.6011,36.69514],[140.60143,36.69327],[140.60186,36.69225],[140.60233,36.69154],[140.60231,36.68979],[140.60287,36.68907],[140.60347,36.68882],[140.60452,36.68908],[140.60371,36.69029],[140.60383,36.69094],[140.60466,36.6912],[140.6057,36.69204],[140.60599,36.69421],[140.60626,36.69474],[140.6068,36.69512],[140.60666,36.69554],[140.60593,36.69645]]]},"properties":{"hoanrinKind":"保安林"}},
{"type":"Feature","geometry":{"type":"Polygon","coordinates":[[[140.47103,36.69736],[140.47168,36.69781],[140.47142,36.69838],[140.47022,36.69799],[140.47037,36.6976],[140.47103,36.69736]]]},"properties":{"hoanrinKind":"保安林"}},
{"type":"Feature","geometry":{"type":"Polygon","coordinates":[[[140.23652,36.69838],[140.23585,36.69825],[140.23608,36.69762],[140.23655,36.69727],[140.23652,36.69838]]]},"properties":{"hoanrinKind":"保安林"}},
{"type":"Feature","geometry":{"type":"Polygon","coordinates":[[[140.38321,36.69628],[140.38264,36.69678],[140.38151,36.69697],[140.3818,36.69623],[140.38343,36.6947],[140.3835,36.69601],[140.38321,36.69628]]]},"properties":{"hoanrinKind":"保安林"}},
{"type":"Feature","geometry":{"type":"Polygon","coordinates":[[[140.48541,36.69827],[140.48562,36.69911],[140.48503,36.69926],[140.48386,36.6987],[140.48408,36.69848],[140.48541,36.69827]]]},"properties":{"hoanrinKind":"保安林"}},
{"type":"Feature","geometry":{"type":"Polygon","coordinates":[[[140.69325,36.69922],[140.69414,36.69957],[140.69407,36.69986],[140.69266,36.69993],[140.69261,36.69946],[140.69325,36.69922]]]},"properties":{"hoanrinKind":"保安林"}},
{"type":"Feature","geometry":{"type":"Polygon","coordinates":[[[140.39908,36.70073],[140.39914,36.70108],[140.39786,36.7007],[140.39777,36.70007],[140.39892,36.70003],[140.39908,36.70073]]]},"properties":{"hoanrinKind":"保安林"}},
{"type":"Feature","geometry":{"type":"Polygon","coordinates":[[[140.50607,36.70025],[140.507,36.70102],[140.50656,36.70118],[140.50554,36.70064],[140.50467,36.70034],[140.50354,36.70026],[140.50225,36.69984],[140.50104,36.70031],[140.5008,36.70056],[140.49943,36.7006],[140.50038,36.69974],[140.50133,36.69922],[140.50159,36.69861],[140.50206,36.69817],[140.50304,36.69811],[140.50447,36.69933],[140.50607,36.70025]]]},"properties":{"hoanrinKind":"保安林"}},
{"type":"Feature","geometry":{"type":"Polygon","coordinates":[[[140.25797,36.70202],[140.25714,36.70225],[140.25563,36.70291],[140.2553,36.70289],[140.25402,36.70203],[140.25169,36.70195],[140.25086,36.70239],[140.24909,36.70201],[140.24805,36.702],[140.24669,36.70227],[140.24566,36.70148],[140.24531,36.70059],[140.24488,36.69991],[140.24484,36.69936],[140.24449,36.69911],[140.24418,36.69699],[140.24361,36.69562],[140.24409,36.6952],[140.24548,36.69556],[140.24605,36.69589],[140.2466,36.69564],[140.24685,36.69617],[140.24751,36.69688],[140.24919,36.69716],[140.2502,36.69798],[140.25115,36.69855],[140.25245,36.69863],[140.25317,36.69848],[140.25458,36.69781],[140.25568,36.69707],[140.25651,36.69585],[140.25761,36.69556],[140.25821,36.69608],[140.25869,36.69598],[140.26082,36.69486],[140.26112,36.69644],[140.26139,36.6972],[140.26125,36.69804],[140.26057,36.69926],[140.26009,36.69986],[140.26093,36.69986],[140.26236,36.69934],[140.26373,36.69923],[140.26461,36.69945],[140.2653,36.69899],[140.26566,36.69897],[140.26627,36.6998],[140.26643,36.70044],[140.26628,36.70269],[140.26535,36.70231],[140.26321,36.70227],[140.26233,36.70234],[140.26116,36.70139],[140.26007,36.70123],[140.25843,36.70157],[140.25797,36.70202]]]},"properties":{"hoanrinKind":"保安林"}},
{"type":"Feature","geometry":{"type":"Polygon","coordinates":[[[140.35361,36.70653],[140.35373,36.70679],[140.35306,36.70678],[140.35336,36.70626],[140.35361,36.70653]]]},"properties":{"hoanrinKind":"保安林"}},
{"type":"Feature","geometry":{"type":"Polygon","coordinates":[[[140.37395,36.70704],[140.3738,36.70758],[140.37454,36.70852],[140.37406,36.70906],[140.37321,36.70894],[140.37215,36.70818],[140.37174,36.70807],[140.3716,36.7075],[140.37336,36.70702],[140.37395,36.70704]]]},"properties":{"hoanrinKind":"保安林"}},
{"type":"Feature","geometry":{"type":"Polygon","coordinates":[[[140.3749,36.70919],[140.37522,36.70952],[140.37499,36.70993],[140.37412,36.70955],[140.37419,36.70916],[140.3749,36.70919]]]},"properties":{"hoanrinKind":"保安林"}},
{"type":"Feature","geometry":{"type":"Polygon","coordinates":[[[140.30322,36.70982],[140.30149,36.71126],[140.30103,36.7113],[140.29952,36.71087],[140.29875,36.71081],[140.29855,36.70975],[140.29859,36.70901],[140.29737,36.70823],[140.29868,36.70811],[140.2991,36.70783],[140.29965,36.7068],[140.301,36.70569],[140.30152,36.70545],[140.30138,36.70485],[140.3017,36.70413],[140.3013,36.70357],[140.30028,36.70383],[140.30034,36.70229],[140.30108,36.7024],[140.3019,36.70231],[140.30239,36.70244],[140.30239,36.70316],[140.30316,36.70322],[140.30348,36.70295],[140.3038,36.70211],[140.30337,36.70135],[140.30383,36.70059],[140.30433,36.70053],[140.30501,36.70162],[140.30403,36.70223],[140.3039,36.70341],[140.30477,36.70299],[140.30599,36.70272],[140.30632,36.70313],[140.30681,36.70307],[140.30757,36.70478],[140.30759,36.70623],[140.30725,36.70741],[140.30624,36.70752],[140.30584,36.70724],[140.3058,36.70676],[140.30499,36.70696],[140.30392,36.70656],[140.30388,36.70578],[140.30278,36.70529],[140.30276,36.70573],[140.30329,36.7061],[140.3035,36.70703],[140.30325,36.70792],[140.30343,36.7083],[140.30305,36.70911],[140.3036,36.70941],[140.30388,36.70982],[140.30455,36.71016],[140.30435,36.71043],[140.30322,36.70982]]]},"properties":{"hoanrinKind":"保安林"}},
{"type":"Feature","geometry":{"type":"Polygon","coordinates":[[[140.39091,36.71118],[140.39028,36.71137],[140.38987,36.71095],[140.38884,36.71078],[140.38883,36.71024],[140.38998,36.70989],[140.3912,36.70929],[140.39126,36.70996],[140.39071,36.71076],[140.39091,36.71118]]]},"properties":{"hoanrinKind":"保安林"}},
{"type":"Feature","geometry":{"type":"Polygon","coordinates":[[[140.4037,36.71254],[140.4025,36.71266],[140.40238,36.71194],[140.40328,36.71133],[140.40459,36.71174],[140.40536,36.71175],[140.40552,36.71238],[140.40527,36.71264],[140.4037,36.71254]]]},"properties":{"hoanrinKind":"保安林"}},
{"type":"Feature","geometry":{"type":"Polygon","coordinates":[[[140.44691,36.71099],[140.44727,36.7113],[140.4475,36.7124],[140.44696,36.71264],[140.44566,36.71268],[140.4451,36.7124],[140.44428,36.71145],[140.44374,36.71109],[140.44274,36.71079],[140.44188,36.71098],[140.43995,36.70976],[140.4395,36.70874],[140.44075,36.70868],[140.44073,36.70833],[140.44009,36.70796],[140.44,36.70751],[140.4408,36.70678],[140.44142,36.70594],[140.44067,36.70493],[140.44148,36.70497],[140.44285,36.70568],[140.44482,36.7058],[140.44628,36.70616],[140.44693,36.70706],[140.44763,36.70752],[140.4478,36.70814],[140.44749,36.70863],[140.44666,36.70909],[140.44632,36.70958],[140.44691,36.71099]]]},"properties":{"hoanrinKind":"保安林"}},
{"type":"Feature","geometry":{"type":"Polygon","coordinates":[[[140.31671,36.71341],[140.31671,36.71392],[140.31592,36.71431],[140.31488,36.71356],[140.31425,36.71329],[140.3134,36.71329],[140.31196,36.71383],[140.31228,36.71316],[140.3138,36.71127],[140.31457,36.71132],[140.31563,36.71244],[140.31621,36.71282],[140.31671,36.71341]]]},"properties":{"hoanrinKind":"保安林"}},
{"type":"Feature","geometry":{"type":"Polygon","coordinates":[[[140.3892,36.71287],[140.39006,36.71351],[140.38989,36.71408],[140.38944,36.71446],[140.38818,36.71326],[140.3892,36.71287]]]},"properties":{"hoanrinKind":"保安林"}},
{"type":"Feature","geometry":{"type":"Polygon","coordinates":[[[140.37197,36.7142],[140.37354,36.7147],[140.37349,36.71515],[140.37192,36.71471],[140.37122,36.71421],[140.37022,36.7139],[140.36841,36.7123],[140.36773,36.71116],[140.36656,36.71076],[140.36556,36.71068],[140.36524,36.71086],[140.36557,36.71161],[140.3656,36.71233],[140.36536,36.71302],[140.36446,36.7141],[140.36398,36.71438],[140.36334,36.71443],[140.36278,36.71383],[140.36269,36.71302],[140.36178,36.71211],[140.36163,36.71067],[140.36158,36.70846],[140.36246,36.70781],[140.36247,36.70679],[140.36191,36.70544],[140.36094,36.70464],[140.3612,36.70432],[140.36191,36.7049],[140.36202,36.70526],[140.36317,36.70592],[140.36487,36.70545],[140.36576,36.70539],[140.3662,36.70585],[140.36509,36.70618],[140.36503,36.70649],[140.36608,36.70643],[140.36661,36.70622],[140.36676,36.70541],[140.36887,36.70488],[140.3698,36.7049],[140.36975,36.70585],[140.37024,36.70669],[140.36947,36.70768],[140.36912,36.70881],[140.36996,36.71023],[140.36966,36.7107],[140.36785,36.70952],[140.36774,36.70901],[140.36852,36.70853],[140.36849,36.70817],[140.36768,36.70841],[140.36645,36.70807],[140.36688,36.70942],[140.36816,36.7103],[140.36849,36.71136],[140.36957,36.71253],[140.37087,36.71348],[140.37147,36.71374],[140.37197,36.7142]]]},"properties":{"hoanrinKind":"保安林"}},
{"type":"Feature","geometry":{"type":"Polygon","coordinates":[[[140.60096,36.71389],[140.60187,36.71464],[140.60188,36.7149],[140.6013,36.71539],[140.60071,36.7153],[140.60071,36.71406],[140.60096,36.71389]]]},"properties":{"hoanrinKind":"保安林"}},
{"type":"Feature","geometry":{"type":"Polygon","coordinates":[[[140.34706,36.71894],[140.34757,36.71922],[140.34746,36.71971],[140.34685,36.71993],[140.34623,36.71899],[140.34597,36.71886],[140.34499,36.71929],[140.34491,36.7188],[140.34524,36.71775],[140.34525,36.71678],[140.34487,36.71591],[140.34443,36.71576],[140.34381,36.71523],[140.34179,36.71467],[140.34078,36.71406],[140.34014,36.71397],[140.34022,36.71474],[140.33833,36.71451],[140.33787,36.71429],[140.338,36.71388],[140.33914,36.71381],[140.33954,36.71353],[140.34052,36.71185],[140.33867,36.7113],[140.33731,36.71106],[140.33663,36.7103],[140.33599,36.71026],[140.33526,36.70973],[140.33465,36.7097],[140.33358,36.70874],[140.3335,36.70834],[140.33545,36.70729],[140.3367,36.70716],[140.33745,36.70614],[140.33773,36.70604],[140.33938,36.70614],[140.3404,36.70612],[140.34127,36.70534],[140.3423,36.70517],[140.34335,36.70534],[140.3462,36.70607],[140.34625,36.70544],[140.34751,36.70472],[140.34825,36.70413],[140.34868,36.70293],[140.3498,36.70262],[140.35019,36.70227],[140.3514,36.70189],[140.35153,36.70153],[140.35143,36.70065],[140.35181,36.69961],[140.353,36.69927],[140.35435,36.69962],[140.35517,36.69944],[140.3567,36.69997],[140.35817,36.70027],[140.35892,36.70032],[140.35942,36.70002],[140.36047,36.69872],[140.36146,36.69818],[140.36174,36.69747],[140.36285,36.69679],[140.36375,36.69588],[140.36379,36.69537],[140.36458,36.69508],[140.36643,36.69384],[140.36596,36.69457],[140.3648,36.69502],[140.36436,36.69532],[140.36406,36.69585],[140.36483,36.6959],[140.36494,36.69646],[140.3644,36.69715],[140.36438,36.69809],[140.36377,36.69792],[140.36275,36.69799],[140.36248,36.69862],[140.36296,36.69934],[140.36346,36.69958],[140.36586,36.70028],[140.36636,36.70054],[140.36574,36.70184],[140.36769,36.70154],[140.36827,36.70168],[140.36854,36.70215],[140.36941,36.70174],[140.36991,36.701],[140.37111,36.7009],[140.373,36.70045],[140.37354,36.70049],[140.37424,36.70082],[140.37539,36.7004],[140.37772,36.70093],[140.37808,36.70109],[140.37811,36.70163],[140.37746,36.70181],[140.37471,36.70159],[140.37395,36.70261],[140.3728,36.70323],[140.37151,36.70333],[140.36962,36.70332],[140.36864,36.70379],[140.36784,36.7039],[140.36707,36.7045],[140.36649,36.70461],[140.36558,36.70421],[140.36469,36.70352],[140.36389,36.70265],[140.36245,36.70207],[140.36192,36.70154],[140.36146,36.70154],[140.36009,36.70186],[140.35901,36.70197],[140.35869,36.7012],[140.35754,36.70129],[140.35747,36.70209],[140.35845,36.70306],[140.35989,36.70355],[140.36061,36.70354],[140.3601,36.70467],[140.35954,36.70525],[140.35888,36.70534],[140.35875,36.70491],[140.35794,36.70476],[140.357,36.70393],[140.3553,36.70338],[140.35511,36.70278],[140.35452,36.70217],[140.35444,36.7018],[140.35472,36.70048],[140.35385,36.70123],[140.35379,36.70193],[140.35414,36.70294],[140.35401,36.70347],[140.35242,36.70361],[140.35296,36.70399],[140.35481,36.70382],[140.3552,36.70402],[140.35692,36.70568],[140.35859,36.70672],[140.35926,36.70763],[140.35957,36.70886],[140.35948,36.71042],[140.35932,36.71156],[140.35966,36.71272],[140.35952,36.713],[140.35852,36.71291],[140.35787,36.71267],[140.35715,36.7113],[140.35662,36.71066],[140.35655,36.7099],[140.35684,36.70845],[140.35679,36.70779],[140.35613,36.70714],[140.35496,36.70676],[140.35427,36.70687],[140.35433,36.70574],[140.35349,36.70562],[140.35143,36.70462],[140.35019,36.70441],[140.34967,36.70452],[140.34945,36.70506],[140.34964,36.70553],[140.34991,36.70718],[140.35122,36.7079],[140.35153,36.70768],[140.35141,36.70701],[140.35293,36.70758],[140.3538,36.70771],[140.35505,36.70769],[140.35539,36.70786],[140.35558,36.71071],[140.35436,36.71055],[140.35265,36.7105],[140.352,36.71008],[140.35127,36.70997],[140.35012,36.70896],[140.34936,36.70842],[140.34895,36.70852],[140.34928,36.70918],[140.35016,36.70992],[140.35154,36.71079],[140.35292,36.71124],[140.35538,36.71146],[140.35592,36.71171],[140.35643,36.71225],[140.35653,36.71306],[140.35834,36.71385],[140.3583,36.71408],[140.35732,36.71476],[140.35661,36.71472],[140.3564,36.71522],[140.3559,36.71569],[140.35491,36.71543],[140.35412,36.71543],[140.35365,36.71569],[140.35272,36.71576],[140.3524,36.7151],[140.35147,36.71425],[140.351,36.71551],[140.35197,36.71637],[140.35122,36.71652],[140.35053,36.71646],[140.34875,36.71565],[140.34838,36.71504],[140.34734,36.71429],[140.34617,36.7137],[140.34558,36.71373],[140.34481,36.71305],[140.3438,36.71298],[140.34283,36.71266],[140.34177,36.71191],[140.34162,36.71233],[140.34255,36.71271],[140.34292,36.71308],[140.34392,36.71359],[140.34512,36.71394],[140.34565,36.71427],[140.3469,36.71529],[140.34706,36.71567],[140.34811,36.71612],[140.34875,36.7166],[140.3497,36.71674],[140.34957,36.71725],[140.34871,36.71779],[140.34874,36.71837],[140.3483,36.71854],[140.34798,36.71803],[140.34693,36.71764],[140.34717,36.71719],[140.3461,36.71707],[140.34619,36.71783],[140.34656,36.71812],[140.34648,36.71862],[140.34706,36.71894]]]},"properties":{"hoanrinKind":"保安林"}},
{"type":"Feature","geometry":{"type":"Polygon","coordinates":[[[140.48851,36.71721],[140.48754,36.71784],[140.48726,36.71724],[140.48794,36.71711],[140.48761,36.71666],[140.48731,36.71444],[140.48679,36.71314],[140.48591,36.71281],[140.48567,36.71321],[140.48589,36.71401],[140.48604,36.71564],[140.48577,36.71597],[140.48483,36.71635],[140.48461,36.71601],[140.48548,36.71558],[140.48551,36.71491],[140.48532,36.71429],[140.4842,36.71513],[140.48402,36.71399],[140.48433,36.71215],[140.48406,36.71115],[140.48499,36.71184],[140.48511,36.71247],[140.48591,36.71247],[140.48635,36.71228],[140.48694,36.71272],[140.48717,36.71329],[140.48775,36.7133],[140.48825,36.71393],[140.4881,36.7144],[140.48856,36.71551],[140.48836,36.71589],[140.48851,36.71721]]]},"properties":{"hoanrinKind":"保安林"}},
{"type":"Feature","geometry":{"type":"Polygon","coordinates":[[[140.46781,36.71722],[140.46845,36.71739],[140.4688,36.7178],[140.4683,36.71799],[140.46765,36.71748],[140.46781,36.71722]]]},"properties":{"hoanrinKind":"保安林"}},
{"type":"Feature","geometry":{"type":"Polygon","coordinates":[[[140.43415,36.71908],[140.43352,36.71932],[140.43301,36.71829],[140.43365,36.71827],[140.43463,36.71861],[140.4351,36.71908],[140.43415,36.71908]]]},"properties":{"hoanrinKind":"保安林"}},
{"type":"Feature","geometry":{"type":"Polygon","coordinates":[[[140.47908,36.71946],[140.47816,36.71901],[140.47821,36.71867],[140.47935,36.71796],[140.48068,36.71771],[140.4804,36.71828],[140.47986,36.71882],[140.47975,36.71928],[140.47908,36.71946]]]},"properties":{"hoanrinKind":"保安林"}},
{"type":"Feature","geometry":{"type":"Polygon","coordinates":[[[140.46631,36.71865],[140.46666,36.71918],[140.46586,36.7194],[140.46577,36.71865],[140.46631,36.71865]]]},"properties":{"hoanrinKind":"保安林"}},
{"type":"Feature","geometry":{"type":"Polygon","coordinates":[[[140.40319,36.72111],[140.40291,36.72153],[140.40199,36.72063],[140.40142,36.72078],[140.40043,36.71995],[140.4,36.7194],[140.39961,36.71803],[140.39802,36.71575],[140.39757,36.71478],[140.39856,36.71474],[140.399,36.71492],[140.40057,36.71651],[140.40111,36.71681],[140.40199,36.71697],[140.40286,36.71747],[140.40374,36.71835],[140.40487,36.71991],[140.40474,36.72013],[140.40385,36.72013],[140.40297,36.72028],[140.40319,36.72111]]]},"properties":{"hoanrinKind":"保安林"}},
{"type":"Feature","geometry":{"type":"Polygon","coordinates":[[[140.33765,36.72081],[140.33792,36.72129],[140.33754,36.72155],[140.33666,36.72143],[140.33667,36.72078],[140.33765,36.72081]]]},"properties":{"hoanrinKind":"保安林"}},
{"type":"Feature","geometry":{"type":"Polygon","coordinates":[[[140.43303,36.71964],[140.43256,36.72012],[140.4325,36.72115],[140.43171,36.72155],[140.4311,36.72206],[140.43105,36.7211],[140.43187,36.71999],[140.43255,36.71946],[140.43303,36.71964]]]},"properties":{"hoanrinKind":"保安林"}},
{"type":"Feature","geometry":{"type":"Polygon","coordinates":[[[140.48182,36.7216],[140.48219,36.72234],[140.48187,36.72264],[140.48087,36.72201],[140.48055,36.72159],[140.48002,36.72164],[140.48029,36.72073],[140.48197,36.72084],[140.48239,36.72012],[140.48296,36.72013],[140.48402,36.72056],[140.48512,36.72045],[140.48493,36.72166],[140.48379,36.72145],[140.48288,36.72142],[140.48274,36.72093],[140.48222,36.72115],[140.48182,36.7216]]]},"properties":{"hoanrinKind":"保安林"}},
{"type":"Feature","geometry":{"type":"Polygon","coordinates":[[[140.3543,36.72079],[140.35434,36.72171],[140.35457,36.72197],[140.35419,36.72302],[140.35303,36.72357],[140.35256,36.72263],[140.35254,36.72139],[140.35342,36.72113],[140.3535,36.72077],[140.3543,36.72079]]]},"properties":{"hoanrinKind":"保安林"}},
{"type":"Feature","geometry":{"type":"Polygon","coordinates":[[[140.61987,36.72505],[140.61994,36.72536],[140.61941,36.7252],[140.61963,36.72498],[140.61987,36.72505]]]},"properties":{"hoanrinKind":"保安林"}},
{"type":"Feature","geometry":{"type":"Polygon","coordinates":[[[140.62515,36.72564],[140.62476,36.7249],[140.62414,36.72453],[140.62414,36.7239],[140.62385,36.72325],[140.62213,36.7219],[140.62229,36.72161],[140.62397,36.72202],[140.62376,36.72137],[140.62391,36.72102],[140.62478,36.72121],[140.62517,36.71924],[140.62514,36.71774],[140.62557,36.7175],[140.62617,36.71783],[140.62635,36.71905],[140.6266,36.71919],[140.62779,36.71925],[140.62881,36.72009],[140.62722,36.72009],[140.62713,36.72075],[140.62659,36.72108],[140.62592,36.72119],[140.62604,36.72193],[140.62544,36.72209],[140.62513,36.72256],[140.62573,36.72264],[140.62591,36.72371],[140.6264,36.72384],[140.62623,36.72531],[140.62595,36.72599],[140.62515,36.72564]]]},"properties":{"hoanrinKind":"保安林"}},
{"type":"Feature","geometry":{"type":"Polygon","coordinates":[[[140.31857,36.72089],[140.31803,36.72199],[140.31796,36.72256],[140.31839,36.72337],[140.31745,36.724],[140.3172,36.7244],[140.31686,36.72591],[140.31646,36.72645],[140.31596,36.72649],[140.31601,36.72523],[140.31635,36.72451],[140.31635,36.72377],[140.31614,36.72332],[140.31529,36.72249],[140.31428,36.72087],[140.31371,36.71959],[140.31315,36.71876],[140.31228,36.71829],[140.31086,36.71804],[140.30935,36.71705],[140.30958,36.7166],[140.31147,36.7144],[140.31345,36.71359],[140.31407,36.71368],[140.31495,36.71417],[140.31565,36.71435],[140.31479,36.71518],[140.31457,36.7161],[140.31751,36.7177],[140.3188,36.71817],[140.31981,36.71885],[140.32023,36.71939],[140.32026,36.71988],[140.31972,36.71999],[140.31961,36.72069],[140.31857,36.72089]]]},"properties":{"hoanrinKind":"保安林"}},
{"type":"Feature","geometry":{"type":"Polygon","coordinates":[[[140.72764,36.72479],[140.72775,36.72423],[140.72739,36.72369],[140.72822,36.72383],[140.72839,36.72428],[140.72764,36.72479]]]},"properties":{"hoanrinKind":"保安林"}},
{"type":"Feature","geometry":{"type":"Polygon","coordinates":[[[140.39794,36.72847],[140.39748,36.72825],[140.39876,36.72778],[140.39964,36.72769],[140.39982,36.72788],[140.39875,36.72842],[140.39794,36.72847]]]},"properties":{"hoanrinKind":"保安林"}},
{"type":"Feature","geometry":{"type":"Polygon","coordinates":[[[140.6859,36.72596],[140.68697,36.72597],[140.6872,36.72683],[140.68701,36.72764],[140.68777,36.7286],[140.68769,36.72933],[140.68694,36.72948],[140.68595,36.72908],[140.68716,36.7284],[140.68705,36.72785],[140.68581,36.72755],[140.68574,36.727],[140.68512,36.72651],[140.68515,36.72606],[140.6859,36.72596]]]},"properties":{"hoanrinKind":"保安林"}},
{"type":"Feature","geometry":{"type":"Polygon","coordinates":[[[140.3893,36.72808],[140.38987,36.72817],[140.39098,36.72863],[140.39151,36.72918],[140.3908,36.72953],[140.38993,36.72903],[140.38912,36.72899],[140.38886,36.72846],[140.3893,36.72808]]]},"properties":{"hoanrinKind":"保安林"}},
{"type":"Feature","geometry":{"type":"Polygon","coordinates":[[[140.33541,36.72578],[140.33492,36.72593],[140.33492,36.72675],[140.33556,36.7271],[140.33575,36.7281],[140.33555,36.72841],[140.33475,36.72818],[140.33462,36.72747],[140.33389,36.72699],[140.33366,36.72577],[140.33199,36.72578],[140.33079,36.7256],[140.33031,36.72509],[140.33011,36.72416],[140.32896,36.72358],[140.32764,36.72238],[140.32725,36.72277],[140.32649,36.72314],[140.32574,36.72314],[140.32476,36.72272],[140.32449,36.72235],[140.32559,36.72152],[140.3253,36.72067],[140.32532,36.71967],[140.32491,36.71884],[140.32503,36.71847],[140.32591,36.71747],[140.32635,36.71713],[140.32708,36.71759],[140.32798,36.71857],[140.32857,36.71813],[140.32842,36.71779],[140.32899,36.71708],[140.32962,36.71698],[140.33014,36.71644],[140.33075,36.71661],[140.33111,36.71637],[140.33167,36.71485],[140.33285,36.71473],[140.33419,36.71559],[140.33339,36.71705],[140.33275,36.71757],[140.33226,36.71847],[140.33153,36.71954],[140.33172,36.72011],[140.33319,36.72104],[140.33444,36.7214],[140.33512,36.72148],[140.33644,36.72294],[140.33541,36.72411],[140.33637,36.72397],[140.33769,36.72399],[140.33832,36.72353],[140.33861,36.72443],[140.33844,36.72468],[140.33603,36.72519],[140.33541,36.72578]]]},"properties":{"hoanrinKind":"保安林"}},
{"type":"Feature","geometry":{"type":"Polygon","coordinates":[[[140.62856,36.73008],[140.62881,36.73048],[140.62838,36.73077],[140.62775,36.73046],[140.6278,36.72975],[140.62856,36.73008]]]},"properties":{"hoanrinKind":"保安林"}},
{"type":"Feature","geometry":{"type":"Polygon","coordinates":[[[140.32957,36.73091],[140.32996,36.7314],[140.32989,36.73202],[140.32918,36.73235],[140.32918,36.73086],[140.32957,36.73091]]]},"properties":{"hoanrinKind":"保安林"}},
{"type":"Feature","geometry":{"type":"Polygon","coordinates":[[[140.44741,36.73446],[140.44737,36.73555],[140.44694,36.73466],[140.44741,36.73446]]]},"properties":{"hoanrinKind":"保安林"}},
{"type":"Feature","geometry":{"type":"Polygon","coordinates":[[[140.44519,36.73365],[140.44537,36.73461],[140.44597,36.73468],[140.44618,36.73553],[140.44577,36.73564],[140.44315,36.73564],[140.4423,36.73535],[140.44185,36.73425],[140.44105,36.73396],[140.4408,36.7332],[140.43997,36.73269],[140.43959,36.73226],[140.43966,36.73105],[140.43959,36.7302],[140.44006,36.7298],[140.44096,36.72971],[140.44172,36.72888],[140.4417,36.73016],[140.44199,36.73029],[140.44353,36.73161],[140.44398,36.73184],[140.44454,36.73309],[140.4453,36.73298],[140.44519,36.73365]]]},"properties":{"hoanrinKind":"保安林"}},
{"type":"Feature","geometry":{"type":"Polygon","coordinates":[[[140.64014,36.73663],[140.64017,36.73674],[140.63987,36.73662],[140.64007,36.73656],[140.64014,36.73663]]]},"properties":{"hoanrinKind":"保安林"}},
{"type":"Feature","geometry":{"type":"Polygon","coordinates":[[[140.3463,36.73407],[140.34661,36.73425],[140.34645,36.73503],[140.34608,36.73571],[140.34607,36.73644],[140.34526,36.73699],[140.34383,36.73655],[140.34267,36.73596],[140.34222,36.7356],[140.34294,36.7351],[140.34466,36.7346],[140.34586,36.73405],[140.3463,36.73407]]]},"properties":{"hoanrinKind":"保安林"}},
{"type":"Feature","geometry":{"type":"Polygon","coordinates":[[[140.64155,36.73677],[140.64227,36.73739],[140.642,36.73738],[140.64163,36.73718],[140.64155,36.73677]]]},"properties":{"hoanrinKind":"保安林"}},
{"type":"Feature","geometry":{"type":"Polygon","coordinates":[[[140.44004,36.74111],[140.43975,36.74196],[140.43904,36.74184],[140.43887,36.74095],[140.43798,36.74068],[140.43704,36.74077],[140.43666,36.74124],[140.43413,36.73898],[140.4337,36.74006],[140.43267,36.73862],[140.43204,36.738],[140.43077,36.7371],[140.43054,36.73616],[140.43137,36.73551],[140.43254,36.73522],[140.43455,36.73401],[140.43587,36.7334],[140.43628,36.73412],[140.43659,36.73528],[140.43724,36.73623],[140.43827,36.73744],[140.43953,36.73877],[140.43993,36.73957],[140.43885,36.73957],[140.43883,36.74093],[140.44004,36.7409],[140.44004,36.74111]]]},"properties":{"hoanrinKind":"保安林"}},
{"type":"Feature","geometry":{"type":"Polygon","coordinates":[[[140.29242,36.74711],[140.29215,36.74752],[140.29183,36.74733],[140.29242,36.74711]]]},"properties":{"hoanrinKind":"保安林"}},
{"type":"Feature","geometry":{"type":"Polygon","coordinates":[[[140.29618,36.74782],[140.29574,36.748],[140.29604,36.74843],[140.29464,36.74838],[140.29523,36.74778],[140.29618,36.74782]]]},"properties":{"hoanrinKind":"保安林"}},
{"type":"Feature","geometry":{"type":"Polygon","coordinates":[[[140.73065,36.74673],[140.7309,36.74692],[140.73094,36.74737],[140.73083,36.74745],[140.73065,36.74673]]]},"properties":{"hoanrinKind":"保安林"}},
{"type":"Feature","geometry":{"type":"Polygon","coordinates":[[[140.38905,36.74876],[140.38878,36.7493],[140.38807,36.74958],[140.38692,36.74962],[140.38698,36.74892],[140.38749,36.7488],[140.38796,36.74805],[140.38916,36.74787],[140.39005,36.74847],[140.38957,36.74895],[140.38905,36.74876]]]},"properties":{"hoanrinKind":"保安林"}},
{"type":"Feature","geometry":{"type":"Polygon","coordinates":[[[140.29499,36.75237],[140.29436,36.75236],[140.29342,36.75208],[140.29292,36.75208],[140.29148,36.75163],[140.29068,36.75167],[140.28951,36.75263],[140.28867,36.75229],[140.28886,36.75175],[140.28865,36.75141],[140.2885,36.75034],[140.28802,36.74986],[140.28935,36.7494],[140.29113,36.74907],[140.29287,36.74904],[140.29347,36.74989],[140.29298,36.75005],[140.29392,36.75067],[140.29487,36.75092],[140.29518,36.75146],[140.29499,36.75237]]]},"properties":{"hoanrinKind":"保安林"}},
{"type":"Feature","geometry":{"type":"Polygon","coordinates":[[[140.66824,36.75088],[140.66804,36.75031],[140.66973,36.74972],[140.67079,36.74923],[140.67146,36.74928],[140.67118,36.75039],[140.6701,36.75067],[140.66914,36.75067],[140.66824,36.75088]]]},"properties":{"hoanrinKind":"保安林"}},
{"type":"Feature","geometry":{"type":"Polygon","coordinates":[[[140.32885,36.74975],[140.32865,36.7507],[140.32797,36.75117],[140.32718,36.75029],[140.32746,36.74999],[140.32667,36.74954],[140.32618,36.74961],[140.3251,36.74923],[140.32365,36.74843],[140.32265,36.74805],[140.32261,36.74623],[140.32228,36.74551],[140.32291,36.745],[140.32342,36.74491],[140.32386,36.7455],[140.32408,36.74677],[140.32404,36.74777],[140.32453,36.74825],[140.32527,36.74828],[140.326,36.74793],[140.32733,36.7469],[140.32762,36.74687],[140.3283,36.74803],[140.32845,36.74857],[140.32889,36.74909],[140.32885,36.74975]]]},"properties":{"hoanrinKind":"保安林"}},
{"type":"Feature","geometry":{"type":"Polygon","coordinates":[[[140.66607,36.75402],[140.66554,36.75425],[140.66484,36.75387],[140.66576,36.75361],[140.66607,36.75402]]]},"properties":{"hoanrinKind":"保安林"}},
{"type":"Feature","geometry":{"type":"Polygon","coordinates":[[[140.32377,36.75658],[140.32508,36.75729],[140.32408,36.75769],[140.32376,36.75715],[140.32306,36.75655],[140.32312,36.75525],[140.32265,36.75471],[140.32246,36.75362],[140.32267,36.7531],[140.32315,36.75274],[140.32397,36.75247],[140.32567,36.75248],[140.32581,36.75314],[140.32547,36.75371],[140.32494,36.75504],[140.32538,36.75628],[140.3245,36.75659],[140.32377,36.75658]]]},"properties":{"hoanrinKind":"保安林"}},
{"type":"Feature","geometry":{"type":"Polygon","coordinates":[[[140.73599,36.75684],[140.73559,36.75669],[140.73486,36.75506],[140.73526,36.75492],[140.73601,36.75647],[140.73599,36.75684]]]},"properties":{"hoanrinKind":"保安林"}},
{"type":"Feature","geometry":{"type":"Polygon","coordinates":[[[140.33209,36.75631],[140.33267,36.75694],[140.33286,36.75756],[140.33242,36.75776],[140.33164,36.75754],[140.3307,36.75674],[140.33058,36.75636],[140.33133,36.75611],[140.33209,36.75631]]]},"properties":{"hoanrinKind":"保安林"}},
{"type":"Feature","geometry":{"type":"Polygon","coordinates":[[[140.27938,36.75466],[140.28002,36.75529],[140.28041,36.75541],[140.28041,36.75631],[140.27963,36.75688],[140.279,36.7585],[140.27855,36.75844],[140.27747,36.7576],[140.27672,36.75754],[140.27627,36.7573],[140.27624,36.75676],[140.27699,36.75514],[140.27738,36.75451],[140.27687,36.75436],[140.27537,36.75442],[140.27465,36.75484],[140.27363,36.75523],[140.27302,36.75371],[140.27362,36.7536],[140.27414,36.75315],[140.27608,36.75353],[140.27785,36.75349],[140.2795,36.75232],[140.27879,36.75186],[140.27888,36.75136],[140.28008,36.75142],[140.28076,36.75124],[140.28097,36.7507],[140.27921,36.74973],[140.27763,36.74964],[140.27662,36.74935],[140.27672,36.7484],[140.27692,36.748],[140.27757,36.74819],[140.27833,36.74887],[140.27968,36.74895],[140.28082,36.74854],[140.2818,36.74871],[140.2816,36.7493],[140.28238,36.74969],[140.28338,36.75046],[140.28338,36.75091],[140.28214,36.75202],[140.28142,36.75164],[140.28085,36.75165],[140.28064,36.75198],[140.28047,36.753],[140.27958,36.75414],[140.27938,36.75466]]]},"properties":{"hoanrinKind":"保安林"}},
{"type":"Feature","geometry":{"type":"Polygon","coordinates":[[[140.34756,36.75789],[140.348,36.75833],[140.3481,36.75911],[140.34739,36.75926],[140.34735,36.75797],[140.34756,36.75789]]]},"properties":{"hoanrinKind":"保安林"}},
{"type":"Feature","geometry":{"type":"Polygon","coordinates":[[[140.39864,36.75976],[140.3981,36.7597],[140.39795,36.75922],[140.39702,36.75862],[140.39778,36.75843],[140.39792,36.75815],[140.39915,36.7585],[140.39896,36.75914],[140.39904,36.75975],[140.39864,36.75976]]]},"properties":{"hoanrinKind":"保安林"}},
{"type":"Feature","geometry":{"type":"Polygon","coordinates":[[[140.35292,36.75922],[140.3538,36.76031],[140.35415,36.76094],[140.35379,36.76125],[140.35271,36.7609],[140.35177,36.76023],[140.35155,36.75961],[140.35193,36.75923],[140.35292,36.75922]]]},"properties":{"hoanrinKind":"保安林"}},
{"type":"Feature","geometry":{"type":"Polygon","coordinates":[[[140.3489,36.76064],[140.35159,36.76168],[140.35215,36.76224],[140.35189,36.76267],[140.35134,36.76263],[140.34879,36.76178],[140.34808,36.76123],[140.34809,36.76086],[140.3489,36.76064]]]},"properties":{"hoanrinKind":"保安林"}},
{"type":"Feature","geometry":{"type":"Polygon","coordinates":[[[140.38057,36.76243],[140.38052,36.7626],[140.3804,36.76272],[140.38031,36.76265],[140.3804,36.76247],[140.38057,36.76243]]]},"properties":{"hoanrinKind":"保安林"}},
{"type":"Feature","geometry":{"type":"Polygon","coordinates":[[[140.28968,36.75887],[140.28995,36.7592],[140.29037,36.76028],[140.28995,36.76137],[140.28989,36.76266],[140.28998,36.76347],[140.28962,36.76374],[140.28878,36.76335],[140.28803,36.76248],[140.28776,36.76194],[140.2877,36.76049],[140.28815,36.75965],[140.28878,36.75887],[140.28935,36.75851],[140.28968,36.75887]]]},"properties":{"hoanrinKind":"保安林"}},
{"type":"Feature","geometry":{"type":"Polygon","coordinates":[[[140.46867,36.76561],[140.46953,36.76371],[140.47002,36.76358],[140.47153,36.76365],[140.47175,36.76414],[140.47181,36.76557],[140.47128,36.7656],[140.47058,36.76527],[140.4701,36.76537],[140.47026,36.76586],[140.46867,36.76561]]]},"properties":{"hoanrinKind":"保安林"}},
{"type":"Feature","geometry":{"type":"Polygon","coordinates":[[[140.34806,36.76534],[140.348,36.76573],[140.34691,36.76585],[140.34567,36.76497],[140.3454,36.76535],[140.34468,36.76495],[140.34459,36.76426],[140.34352,36.76374],[140.34232,36.76328],[140.34234,36.76177],[140.34119,36.76105],[140.34042,36.76099],[140.34046,36.76182],[140.33948,36.76182],[140.33916,36.76137],[140.33887,36.76039],[140.33836,36.75992],[140.33778,36.75863],[140.33739,36.75841],[140.33652,36.75666],[140.33672,36.75562],[140.33668,36.75508],[140.33629,36.75452],[140.33594,36.75344],[140.33508,36.7532],[140.33466,36.75325],[140.33329,36.75299],[140.33233,36.7531],[140.33094,36.75305],[140.32919,36.75315],[140.32871,36.75306],[140.32689,36.75308],[140.32654,36.75279],[140.32631,36.75183],[140.32576,36.75096],[140.32604,36.75073],[140.32759,36.75179],[140.32796,36.75243],[140.32856,36.75264],[140.32912,36.75308],[140.32945,36.75275],[140.32896,36.75224],[140.32919,36.75203],[140.329,36.75064],[140.32911,36.74939],[140.3294,36.74941],[140.33086,36.75008],[140.33249,36.75023],[140.33248,36.7498],[140.3317,36.74844],[140.33154,36.74728],[140.33123,36.7461],[140.33257,36.7456],[140.33326,36.74657],[140.33332,36.74723],[140.3352,36.74751],[140.33577,36.74739],[140.33659,36.74691],[140.33733,36.74689],[140.338,36.7471],[140.33909,36.74683],[140.33954,36.74624],[140.33964,36.74554],[140.33933,36.74418],[140.33938,36.74377],[140.33983,36.74313],[140.34017,36.74231],[140.34022,36.74127],[140.34038,36.74103],[140.34218,36.74095],[140.34371,36.74053],[140.3441,36.74062],[140.34465,36.74114],[140.34582,36.74103],[140.34836,36.7412],[140.34814,36.74052],[140.34865,36.74058],[140.34902,36.74138],[140.34904,36.74207],[140.34879,36.74274],[140.34878,36.74362],[140.34896,36.74389],[140.34871,36.74454],[140.34828,36.7449],[140.34749,36.74494],[140.34668,36.74578],[140.34535,36.74679],[140.34512,36.74773],[140.34325,36.74858],[140.34148,36.7487],[140.34054,36.74903],[140.3395,36.74853],[140.33876,36.74854],[140.33819,36.74904],[140.33736,36.7495],[140.33582,36.74961],[140.33433,36.75052],[140.33509,36.75146],[140.33607,36.75221],[140.33643,36.75232],[140.33808,36.75202],[140.33911,36.75263],[140.34028,36.75351],[140.34342,36.75637],[140.34485,36.75801],[140.3441,36.75856],[140.3448,36.75918],[140.34548,36.75909],[140.34741,36.76015],[140.34776,36.76056],[140.34758,36.76111],[140.34793,36.76189],[140.34751,36.76305],[140.34781,36.76355],[140.34859,36.76397],[140.34805,36.76451],[140.34806,36.76534]]]},"properties":{"hoanrinKind":"保安林"}},
{"type":"Feature","geometry":{"type":"Polygon","coordinates":[[[140.39464,36.76552],[140.39439,36.76606],[140.39301,36.76591],[140.39244,36.76568],[140.39137,36.76496],[140.3908,36.76478],[140.39175,36.76358],[140.39213,36.76359],[140.39308,36.765],[140.39373,36.76442],[140.3941,36.76471],[140.39464,36.76552]]]},"properties":{"hoanrinKind":"保安林"}},
{"type":"Feature","geometry":{"type":"Polygon","coordinates":[[[140.3997,36.76624],[140.39947,36.76681],[140.39911,36.76703],[140.3985,36.76678],[140.39824,36.76599],[140.39732,36.76607],[140.39728,36.76546],[140.39782,36.76478],[140.39867,36.76484],[140.39887,36.76534],[140.39959,36.76527],[140.40017,36.7656],[140.3997,36.76624]]]},"properties":{"hoanrinKind":"保安林"}},
{"type":"Feature","geometry":{"type":"Polygon","coordinates":[[[140.27455,36.76716],[140.27383,36.7659],[140.2728,36.76461],[140.27413,36.76448],[140.27426,36.76377],[140.27402,36.76292],[140.2746,36.76262],[140.27514,36.76341],[140.27602,36.76443],[140.27584,36.76545],[140.27629,36.766],[140.27592,36.76634],[140.27581,36.7669],[140.27455,36.76716]]]},"properties":{"hoanrinKind":"保安林"}},
{"type":"Feature","geometry":{"type":"Polygon","coordinates":[[[140.33928,36.7675],[140.3391,36.76766],[140.33771,36.76685],[140.3368,36.7665],[140.33674,36.765],[140.337,36.76409],[140.33818,36.76375],[140.33824,36.76314],[140.33936,36.76368],[140.33981,36.76368],[140.33986,36.76464],[140.33926,36.76473],[140.33896,36.76504],[140.33928,36.7675]]]},"properties":{"hoanrinKind":"保安林"}},
{"type":"Feature","geometry":{"type":"Polygon","coordinates":[[[140.33701,36.76682],[140.33743,36.7676],[140.33713,36.76766],[140.33667,36.76689],[140.33701,36.76682]]]},"properties":{"hoanrinKind":"保安林"}},
{"type":"Feature","geometry":{"type":"Polygon","coordinates":[[[140.46871,36.76805],[140.46858,36.76775],[140.46845,36.76612],[140.46868,36.76574],[140.46931,36.76644],[140.46936,36.76711],[140.469,36.76758],[140.46871,36.76805]]]},"properties":{"hoanrinKind":"保安林"}},
{"type":"Feature","geometry":{"type":"Polygon","coordinates":[[[140.46812,36.76733],[140.46785,36.76853],[140.46727,36.7689],[140.46594,36.76895],[140.46523,36.76841],[140.46535,36.76724],[140.46617,36.76723],[140.46634,36.7664],[140.46667,36.76576],[140.46681,36.76454],[140.46745,36.76456],[140.46754,36.76507],[140.46814,36.76628],[140.46812,36.76733]]]},"properties":{"hoanrinKind":"保安林"}},
{"type":"Feature","geometry":{"type":"Polygon","coordinates":[[[140.66071,36.76812],[140.66047,36.76882],[140.65977,36.76921],[140.65786,36.7681],[140.65788,36.76903],[140.65699,36.769],[140.65631,36.76918],[140.65587,36.76898],[140.6553,36.76921],[140.65454,36.76909],[140.65269,36.7691],[140.65283,36.76864],[140.65415,36.76707],[140.65454,36.76678],[140.65572,36.76667],[140.65707,36.76622],[140.65751,36.7667],[140.65671,36.76728],[140.65774,36.76752],[140.65818,36.76671],[140.65887,36.76654],[140.65979,36.76668],[140.65867,36.76756],[140.65873,36.76774],[140.66027,36.76687],[140.66021,36.76652],[140.66082,36.7661],[140.66124,36.76678],[140.66069,36.7671],[140.66027,36.76768],[140.66071,36.76812]]]},"properties":{"hoanrinKind":"保安林"}},
{"type":"Feature","geometry":{"type":"Polygon","coordinates":[[[140.6582,36.76918],[140.65794,36.76933],[140.65796,36.76928],[140.65817,36.76915],[140.6582,36.76918]]]},"properties":{"hoanrinKind":"保安林"}},
{"type":"Feature","geometry":{"type":"Polygon","coordinates":[[[140.63263,36.76879],[140.63298,36.76919],[140.63248,36.76961],[140.63193,36.76925],[140.6305,36.76913],[140.63007,36.76867],[140.63181,36.76869],[140.63181,36.76811],[140.63134,36.76734],[140.62959,36.76656],[140.62872,36.76578],[140.62939,36.76568],[140.63054,36.76655],[140.63215,36.76744],[140.63263,36.76879]]]},"properties":{"hoanrinKind":"保安林"}},
{"type":"Feature","geometry":{"type":"Polygon","coordinates":[[[140.50976,36.76887],[140.51178,36.76913],[140.5117,36.76944],[140.51056,36.76994],[140.51019,36.76946],[140.50974,36.76929],[140.50976,36.76887]]]},"properties":{"hoanrinKind":"保安林"}},
{"type":"Feature","geometry":{"type":"Polygon","coordinates":[[[140.51371,36.77075],[140.51429,36.77107],[140.51424,36.77164],[140.51346,36.77167],[140.51268,36.7715],[140.51211,36.77106],[140.51249,36.77068],[140.51371,36.77075]]]},"properties":{"hoanrinKind":"保安林"}},
{"type":"Feature","geometry":{"type":"Polygon","coordinates":[[[140.5901,36.77179],[140.59067,36.77208],[140.59018,36.7721],[140.5901,36.77179]]]},"properties":{"hoanrinKind":"保安林"}},
{"type":"Feature","geometry":{"type":"Polygon","coordinates":[[[140.46484,36.77078],[140.46424,36.77147],[140.46509,36.7716],[140.46618,36.77205],[140.46578,36.77289],[140.46478,36.77249],[140.46261,36.77231],[140.46224,36.77137],[140.46376,36.77057],[140.46404,36.77009],[140.46489,36.76997],[140.46587,36.77066],[140.46627,36.77131],[140.46496,36.77069],[140.46484,36.77078]]]},"properties":{"hoanrinKind":"保安林"}},
{"type":"Feature","geometry":{"type":"Polygon","coordinates":[[[140.31763,36.77453],[140.31682,36.77438],[140.31639,36.77449],[140.3152,36.77381],[140.31524,36.77249],[140.31595,36.77222],[140.31589,36.77184],[140.31481,36.77184],[140.31459,36.7712],[140.31478,36.77082],[140.31583,36.77067],[140.31667,36.771],[140.31738,36.7715],[140.31744,36.77393],[140.31763,36.77453]]]},"properties":{"hoanrinKind":"保安林"}},
{"type":"Feature","geometry":{"type":"Polygon","coordinates":[[[140.70026,36.77515],[140.69862,36.77421],[140.69818,36.77354],[140.69893,36.77334],[140.69966,36.77273],[140.70092,36.77318],[140.70047,36.77381],[140.70143,36.77444],[140.70132,36.77512],[140.70026,36.77515]]]},"properties":{"hoanrinKind":"保安林"}},
{"type":"Feature","geometry":{"type":"Polygon","coordinates":[[[140.62803,36.7743],[140.6272,36.77511],[140.62668,36.77514],[140.62642,36.77469],[140.62533,36.77436],[140.62513,36.7736],[140.62445,36.77362],[140.62382,36.77418],[140.62156,36.77444],[140.62118,36.77419],[140.62057,36.77332],[140.62133,36.77274],[140.62123,36.77222],[140.62082,36.7717],[140.62001,36.77129],[140.61995,36.77091],[140.62035,36.77032],[140.62192,36.77039],[140.62242,36.76979],[140.62338,36.769],[140.62403,36.76935],[140.62475,36.77058],[140.62542,36.77083],[140.62668,36.77096],[140.62769,36.77158],[140.62794,36.772],[140.62801,36.77281],[140.62832,36.77358],[140.62872,36.77394],[140.62867,36.77428],[140.62803,36.7743]]]},"properties":{"hoanrinKind":"保安林"}},
{"type":"Feature","geometry":{"type":"Polygon","coordinates":[[[140.41188,36.77613],[140.411,36.77593],[140.40739,36.77473],[140.40773,36.77432],[140.40921,36.77452],[140.41065,36.77482],[140.41181,36.77496],[140.41236,36.7753],[140.41218,36.77607],[140.41188,36.77613]]]},"properties":{"hoanrinKind":"保安林"}},
{"type":"Feature","geometry":{"type":"Polygon","coordinates":[[[140.74286,36.77387],[140.74317,36.7745],[140.74271,36.77459],[140.74255,36.774],[140.74286,36.77387]]]},"properties":{"hoanrinKind":"保安林"}},
{"type":"Feature","geometry":{"type":"Polygon","coordinates":[[[140.66055,36.77927],[140.66011,36.77962],[140.65999,36.77871],[140.65928,36.77899],[140.6588,36.77959],[140.65816,36.77836],[140.6566,36.77754],[140.65734,36.77733],[140.65894,36.77583],[140.66065,36.77484],[140.66247,36.77448],[140.66278,36.77466],[140.66252,36.7752],[140.66151,36.77616],[140.66021,36.77666],[140.65954,36.77745],[140.65981,36.77793],[140.66069,36.77718],[140.66225,36.77628],[140.66272,36.77586],[140.66314,36.77594],[140.66314,36.77726],[140.6628,36.77734],[140.6626,36.77806],[140.66197,36.77875],[140.66108,36.77927],[140.66055,36.77927]]]},"properties":{"hoanrinKind":"保安林"}},
{"type":"Feature","geometry":{"type":"Polygon","coordinates":[[[140.56195,36.78125],[140.56306,36.78128],[140.56307,36.78243],[140.56263,36.78243],[140.56169,36.78139],[140.56195,36.78125]]]},"properties":{"hoanrinKind":"保安林"}},
{"type":"Feature","geometry":{"type":"Polygon","coordinates":[[[140.397,36.78162],[140.39705,36.78193],[140.39807,36.78261],[140.39706,36.78281],[140.39586,36.78211],[140.39553,36.78143],[140.39346,36.78157],[140.39308,36.7801],[140.39371,36.77976],[140.39385,36.77863],[140.39491,36.77758],[140.39556,36.77813],[140.3958,36.77951],[140.39635,36.77954],[140.3968,36.78051],[140.39656,36.78111],[140.397,36.78162]]]},"properties":{"hoanrinKind":"保安林"}},
{"type":"Feature","geometry":{"type":"Polygon","coordinates":[[[140.56589,36.78137],[140.56621,36.78174],[140.56643,36.7825],[140.56624,36.78284],[140.56547,36.78253],[140.56564,36.78144],[140.56589,36.78137]]]},"properties":{"hoanrinKind":"保安林"}},
{"type":"Feature","geometry":{"type":"Polygon","coordinates":[[[140.58969,36.78142],[140.58978,36.78217],[140.58906,36.78309],[140.58767,36.78311],[140.58739,36.78268],[140.58764,36.78238],[140.58874,36.78185],[140.5889,36.78143],[140.58969,36.78142]]]},"properties":{"hoanrinKind":"保安林"}},
{"type":"Feature","geometry":{"type":"Polygon","coordinates":[[[140.46524,36.78171],[140.46496,36.78314],[140.46435,36.78231],[140.46369,36.782],[140.46282,36.78184],[140.46095,36.78171],[140.46041,36.7818],[140.45979,36.78112],[140.46018,36.78018],[140.4609,36.77985],[140.46177,36.77855],[140.46166,36.7781],[140.46211,36.77588],[140.46256,36.77528],[140.46279,36.77446],[140.46248,36.77351],[140.46377,36.77311],[140.46473,36.77309],[140.46467,36.77341],[140.46544,36.7737],[140.46527,36.77478],[140.46562,36.77585],[140.46505,36.77701],[140.46455,36.77895],[140.46475,36.77984],[140.46525,36.78118],[140.46524,36.78171]]]},"properties":{"hoanrinKind":"保安林"}},
{"type":"Feature","geometry":{"type":"Polygon","coordinates":[[[140.469,36.76758],[140.46993,36.7671],[140.47087,36.76728],[140.47043,36.76771],[140.47083,36.76849],[140.47121,36.76843],[140.47204,36.76913],[140.47293,36.76922],[140.47356,36.77005],[140.47489,36.77005],[140.4744,36.77103],[140.47405,36.77124],[140.4725,36.77131],[140.47406,36.77193],[140.47413,36.7724],[140.47313,36.77245],[140.47443,36.77277],[140.47644,36.77348],[140.47658,36.77419],[140.47704,36.77441],[140.47795,36.77451],[140.47809,36.77488],[140.47921,36.77591],[140.47808,36.77649],[140.47687,36.77641],[140.47551,36.77683],[140.47409,36.77708],[140.47351,36.77775],[140.47364,36.77831],[140.47551,36.7787],[140.47565,36.779],[140.47515,36.77959],[140.47324,36.78009],[140.47233,36.78089],[140.47166,36.78118],[140.47057,36.7814],[140.46854,36.78238],[140.46808,36.78282],[140.46749,36.7827],[140.46711,36.78301],[140.46557,36.78351],[140.46545,36.7832],[140.46594,36.78191],[140.46583,36.78071],[140.46556,36.78038],[140.46514,36.77902],[140.46593,36.77704],[140.46602,36.77588],[140.46593,36.77501],[140.46607,36.77407],[140.46651,36.77231],[140.46749,36.77089],[140.46774,36.76973],[140.46868,36.76946],[140.46966,36.77023],[140.46956,36.76945],[140.46896,36.76904],[140.46864,36.76842],[140.46871,36.76805],[140.469,36.76758]]]},"properties":{"hoanrinKind":"保安林"}},
{"type":"Feature","geometry":{"type":"Polygon","coordinates":[[[140.3693,36.78533],[140.36934,36.78651],[140.36704,36.78637],[140.36665,36.78594],[140.36834,36.78529],[140.3693,36.78533]]]},"properties":{"hoanrinKind":"保安林"}},
{"type":"Feature","geometry":{"type":"Polygon","coordinates":[[[140.4611,36.78664],[140.46038,36.78704],[140.45966,36.78808],[140.45927,36.78761],[140.45995,36.78697],[140.46075,36.78659],[140.4611,36.78664]]]},"properties":{"hoanrinKind":"保安林"}},
{"type":"Feature","geometry":{"type":"Polygon","coordinates":[[[140.46121,36.78737],[140.46068,36.78804],[140.46041,36.7879],[140.46086,36.78723],[140.46121,36.78737]]]},"properties":{"hoanrinKind":"保安林"}},
{"type":"Feature","geometry":{"type":"Polygon","coordinates":[[[140.38701,36.78888],[140.38817,36.7893],[140.38881,36.78941],[140.38884,36.78997],[140.38844,36.79002],[140.38746,36.78969],[140.38682,36.78962],[140.3867,36.78905],[140.38701,36.78888]]]},"properties":{"hoanrinKind":"保安林"}},
{"type":"Feature","geometry":{"type":"Polygon","coordinates":[[[140.64946,36.78795],[140.6481,36.78875],[140.64795,36.78926],[140.64856,36.79043],[140.64748,36.79012],[140.647,36.79012],[140.64632,36.78979],[140.64578,36.78881],[140.646,36.78811],[140.64715,36.78772],[140.64887,36.78772],[140.6495,36.78727],[140.64999,36.78741],[140.64946,36.78795]]]},"properties":{"hoanrinKind":"保安林"}},
{"type":"Feature","geometry":{"type":"Polygon","coordinates":[[[140.65033,36.78875],[140.65028,36.79018],[140.64987,36.79087],[140.6493,36.79051],[140.64894,36.78995],[140.64884,36.78933],[140.64989,36.78857],[140.65033,36.78875]]]},"properties":{"hoanrinKind":"保安林"}},
{"type":"Feature","geometry":{"type":"Polygon","coordinates":[[[140.47275,36.78841],[140.4732,36.7887],[140.47319,36.78968],[140.47413,36.79011],[140.47433,36.79055],[140.47404,36.79105],[140.47277,36.78998],[140.47144,36.78911],[140.47235,36.78839],[140.47275,36.78841]]]},"properties":{"hoanrinKind":"保安林"}},
{"type":"Feature","geometry":{"type":"Polygon","coordinates":[[[140.39521,36.79118],[140.39528,36.79179],[140.39362,36.79106],[140.39191,36.79111],[140.39125,36.79072],[140.39164,36.79031],[140.39227,36.79053],[140.39293,36.7905],[140.39427,36.79083],[140.39521,36.79118]]]},"properties":{"hoanrinKind":"保安林"}},
{"type":"Feature","geometry":{"type":"Polygon","coordinates":[[[140.65202,36.78915],[140.65322,36.79026],[140.65299,36.79054],[140.65145,36.79131],[140.6512,36.79202],[140.65063,36.79143],[140.65099,36.79082],[140.65107,36.78933],[140.65143,36.78908],[140.65202,36.78915]]]},"properties":{"hoanrinKind":"保安林"}},
{"type":"Feature","geometry":{"type":"Polygon","coordinates":[[[140.65241,36.79163],[140.65235,36.79224],[140.65181,36.79214],[140.65241,36.79163]]]},"properties":{"hoanrinKind":"保安林"}},
{"type":"Feature","geometry":{"type":"Polygon","coordinates":[[[140.35377,36.79196],[140.35382,36.79238],[140.35216,36.79265],[140.35181,36.79235],[140.35173,36.79154],[140.35285,36.79154],[140.35377,36.79196]]]},"properties":{"hoanrinKind":"保安林"}},
{"type":"Feature","geometry":{"type":"Polygon","coordinates":[[[140.47489,36.79245],[140.47521,36.79299],[140.47483,36.7935],[140.47473,36.79265],[140.47489,36.79245]]]},"properties":{"hoanrinKind":"保安林"}},
{"type":"Feature","geometry":{"type":"Polygon","coordinates":[[[140.39962,36.79519],[140.39872,36.79499],[140.39926,36.79458],[140.40016,36.79451],[140.39962,36.79519]]]},"properties":{"hoanrinKind":"保安林"}},
{"type":"Feature","geometry":{"type":"Polygon","coordinates":[[[140.59072,36.79595],[140.58998,36.79566],[140.58843,36.79593],[140.58581,36.79495],[140.58608,36.79438],[140.58755,36.79438],[140.58778,36.79418],[140.5877,36.79343],[140.58816,36.79304],[140.58892,36.79308],[140.58958,36.7929],[140.59079,36.79328],[140.59101,36.79428],[140.59166,36.79378],[140.59262,36.79394],[140.5928,36.79378],[140.59267,36.79263],[140.59318,36.79224],[140.59338,36.7917],[140.593,36.79118],[140.5934,36.78983],[140.5938,36.78945],[140.59434,36.78963],[140.59424,36.79077],[140.59469,36.79119],[140.59519,36.79109],[140.59512,36.7918],[140.5958,36.792],[140.59558,36.79324],[140.59522,36.79334],[140.59427,36.79318],[140.59392,36.79353],[140.5934,36.79459],[140.59316,36.79482],[140.59232,36.79492],[140.59196,36.79584],[140.59072,36.79595]]]},"properties":{"hoanrinKind":"保安林"}},
{"type":"Feature","geometry":{"type":"Polygon","coordinates":[[[140.57537,36.79651],[140.57553,36.79712],[140.57431,36.79681],[140.57423,36.79645],[140.57475,36.79613],[140.57537,36.79651]]]},"properties":{"hoanrinKind":"保安林"}},
{"type":"Feature","geometry":{"type":"Polygon","coordinates":[[[140.43203,36.79823],[140.43423,36.79871],[140.43374,36.799],[140.43258,36.79856],[140.43203,36.79823]]]},"properties":{"hoanrinKind":"保安林"}},
{"type":"Feature","geometry":{"type":"Polygon","coordinates":[[[140.40019,36.79873],[140.40004,36.79913],[140.39775,36.7989],[140.39596,36.7988],[140.39617,36.79807],[140.39685,36.79828],[140.39785,36.79829],[140.39786,36.79767],[140.39936,36.79754],[140.39975,36.79779],[140.40019,36.79873]]]},"properties":{"hoanrinKind":"保安林"}},
{"type":"Feature","geometry":{"type":"Polygon","coordinates":[[[140.35522,36.80026],[140.35588,36.80051],[140.35577,36.80083],[140.35419,36.8014],[140.35366,36.80071],[140.35379,36.80035],[140.35463,36.80012],[140.35522,36.80026]]]},"properties":{"hoanrinKind":"保安林"}},
{"type":"Feature","geometry":{"type":"Polygon","coordinates":[[[140.3268,36.80025],[140.32676,36.80138],[140.32626,36.80108],[140.32621,36.80055],[140.3268,36.80025]]]},"properties":{"hoanrinKind":"保安林"}},
{"type":"Feature","geometry":{"type":"Polygon","coordinates":[[[140.59073,36.80144],[140.59035,36.80156],[140.58874,36.80151],[140.58733,36.79935],[140.58699,36.79937],[140.58696,36.79862],[140.58761,36.79884],[140.58815,36.79859],[140.58929,36.79839],[140.5899,36.79841],[140.59087,36.79884],[140.59136,36.79886],[140.59237,36.79922],[140.59314,36.79974],[140.59323,36.80012],[140.59073,36.80144]]]},"properties":{"hoanrinKind":"保安林"}},
{"type":"Feature","geometry":{"type":"Polygon","coordinates":[[[140.61093,36.80041],[140.61059,36.80126],[140.60922,36.80207],[140.60877,36.80264],[140.60838,36.80259],[140.6082,36.80194],[140.6077,36.8013],[140.60801,36.80044],[140.60785,36.80021],[140.60665,36.80021],[140.60692,36.79915],[140.60768,36.79858],[140.60893,36.79853],[140.60959,36.79887],[140.61078,36.80005],[140.61093,36.80041]]]},"properties":{"hoanrinKind":"保安林"}},
{"type":"Feature","geometry":{"type":"Polygon","coordinates":[[[140.40043,36.8012],[140.40118,36.80147],[140.40127,36.80202],[140.40086,36.80267],[140.4003,36.80245],[140.3997,36.80132],[140.40043,36.8012]]]},"properties":{"hoanrinKind":"保安林"}},
{"type":"Feature","geometry":{"type":"Polygon","coordinates":[[[140.32826,36.80663],[140.32729,36.80617],[140.32733,36.80566],[140.32862,36.80558],[140.32911,36.80582],[140.32887,36.8064],[140.32826,36.80663]]]},"properties":{"hoanrinKind":"保安林"}},
{"type":"Feature","geometry":{"type":"Polygon","coordinates":[[[140.3977,36.80575],[140.39815,36.80596],[140.39771,36.80639],[140.39637,36.80676],[140.39632,36.80631],[140.39672,36.80597],[140.3977,36.80575]]]},"properties":{"hoanrinKind":"保安林"}},
{"type":"Feature","geometry":{"type":"Polygon","coordinates":[[[140.40394,36.80683],[140.40268,36.80656],[140.40361,36.80513],[140.404,36.80502],[140.40451,36.80604],[140.40453,36.80666],[140.40394,36.80683]]]},"properties":{"hoanrinKind":"保安林"}},
{"type":"Feature","geometry":{"type":"Polygon","coordinates":[[[140.27093,36.79063],[140.27186,36.79123],[140.27084,36.79276],[140.26955,36.79396],[140.26883,36.79513],[140.26922,36.79594],[140.27009,36.79663],[140.2706,36.79687],[140.27048,36.79729],[140.27066,36.79792],[140.27012,36.79861],[140.26835,36.79912],[140.26784,36.79957],[140.26718,36.80125],[140.26685,36.80329],[140.26715,36.80377],[140.26724,36.80446],[140.26769,36.80533],[140.26811,36.80551],[140.26796,36.80593],[140.26718,36.80641],[140.26715,36.80719],[140.26522,36.80713],[140.26479,36.80694],[140.26495,36.80594],[140.26476,36.80464],[140.26482,36.80419],[140.26587,36.80352],[140.26596,36.80244],[140.26624,36.80146],[140.26703,36.79952],[140.26704,36.79873],[140.26656,36.79788],[140.26646,36.7971],[140.26657,36.79652],[140.26629,36.79579],[140.26513,36.79509],[140.26485,36.79442],[140.26574,36.79413],[140.26568,36.79341],[140.26588,36.79262],[140.26646,36.7915],[140.26644,36.79046],[140.26559,36.78971],[140.2652,36.78851],[140.26432,36.7874],[140.26408,36.78643],[140.26379,36.78613],[140.2647,36.78493],[140.26539,36.78521],[140.26687,36.78468],[140.26748,36.78465],[140.26906,36.78421],[140.26939,36.78444],[140.26926,36.78498],[140.26859,36.78559],[140.26923,36.78625],[140.26886,36.78687],[140.26932,36.78785],[140.26824,36.78826],[140.26788,36.78881],[140.26801,36.7892],[140.26889,36.78896],[140.2695,36.78913],[140.26922,36.78951],[140.26988,36.7897],[140.26997,36.79027],[140.27041,36.79026],[140.27093,36.79063]]]},"properties":{"hoanrinKind":"保安林"}},
{"type":"Feature","geometry":{"type":"Polygon","coordinates":[[[140.42165,36.80715],[140.42246,36.80739],[140.42247,36.8078],[140.4218,36.80797],[140.42113,36.80768],[140.42165,36.80715]]]},"properties":{"hoanrinKind":"保安林"}},
{"type":"Feature","geometry":{"type":"Polygon","coordinates":[[[140.33731,36.80744],[140.33752,36.80772],[140.33698,36.80822],[140.33609,36.80843],[140.3352,36.80737],[140.3353,36.80716],[140.33634,36.80741],[140.33731,36.80744]]]},"properties":{"hoanrinKind":"保安林"}},
{"type":"Feature","geometry":{"type":"Polygon","coordinates":[[[140.39067,36.80825],[140.39093,36.80855],[140.39085,36.80862],[140.39067,36.80825]]]},"properties":{"hoanrinKind":"保安林"}},
{"type":"Feature","geometry":{"type":"Polygon","coordinates":[[[140.41416,36.8081],[140.41408,36.80834],[140.41459,36.80892],[140.41371,36.809],[140.41337,36.80841],[140.41416,36.8081]]]},"properties":{"hoanrinKind":"保安林"}},
{"type":"Feature","geometry":{"type":"Polygon","coordinates":[[[140.37553,36.80376],[140.37555,36.80457],[140.37514,36.8056],[140.37475,36.80747],[140.37416,36.80882],[140.37364,36.80806],[140.37384,36.80569],[140.37429,36.80542],[140.37407,36.80498],[140.37449,36.80457],[140.3743,36.8038],[140.37494,36.8031],[140.37462,36.80235],[140.37481,36.80182],[140.37432,36.80152],[140.37429,36.80105],[140.37395,36.80044],[140.37318,36.79961],[140.3715,36.7988],[140.3724,36.79845],[140.37323,36.79841],[140.37595,36.7992],[140.377,36.7993],[140.37806,36.79918],[140.37796,36.80038],[140.37725,36.80131],[140.37646,36.80214],[140.37553,36.80376]]]},"properties":{"hoanrinKind":"保安林"}},
{"type":"Feature","geometry":{"type":"Polygon","coordinates":[[[140.58806,36.80805],[140.58873,36.80827],[140.58898,36.80902],[140.58768,36.80959],[140.58644,36.80956],[140.58545,36.80931],[140.58427,36.80867],[140.58335,36.80832],[140.58298,36.80798],[140.58285,36.80741],[140.58309,36.80704],[140.58431,36.80712],[140.58525,36.80768],[140.5866,36.80796],[140.58775,36.80785],[140.58806,36.80805]]]},"properties":{"hoanrinKind":"保安林"}},
{"type":"Feature","geometry":{"type":"Polygon","coordinates":[[[140.41136,36.80922],[140.4119,36.80943],[140.41175,36.80996],[140.41118,36.81019],[140.41014,36.81018],[140.40965,36.80988],[140.41026,36.80935],[140.41136,36.80922]]]},"properties":{"hoanrinKind":"保安林"}},
{"type":"Feature","geometry":{"type":"Polygon","coordinates":[[[140.31162,36.8117],[140.31124,36.81243],[140.31107,36.81229],[140.31162,36.8117]]]},"properties":{"hoanrinKind":"保安林"}},
{"type":"Feature","geometry":{"type":"Polygon","coordinates":[[[140.74985,36.81293],[140.74984,36.81317],[140.74974,36.81292],[140.74985,36.81293]]]},"properties":{"hoanrinKind":"保安林"}},
{"type":"Feature","geometry":{"type":"Polygon","coordinates":[[[140.41484,36.81338],[140.41435,36.81483],[140.41359,36.81343],[140.41397,36.8132],[140.41484,36.81338]]]},"properties":{"hoanrinKind":"保安林"}},
{"type":"Feature","geometry":{"type":"Polygon","coordinates":[[[140.72761,36.81685],[140.72773,36.81709],[140.72722,36.81777],[140.72678,36.81777],[140.72639,36.81728],[140.72659,36.8166],[140.72717,36.81651],[140.72761,36.81685]]]},"properties":{"hoanrinKind":"保安林"}},
{"type":"Feature","geometry":{"type":"Polygon","coordinates":[[[140.67542,36.81747],[140.67555,36.81794],[140.67483,36.81859],[140.67356,36.81776],[140.67542,36.81747]]]},"properties":{"hoanrinKind":"保安林"}},
{"type":"Feature","geometry":{"type":"Polygon","coordinates":[[[140.66254,36.81838],[140.66111,36.8187],[140.66113,36.81835],[140.66254,36.81838]]]},"properties":{"hoanrinKind":"保安林"}},
{"type":"Feature","geometry":{"type":"Polygon","coordinates":[[[140.31018,36.81524],[140.3105,36.81554],[140.30997,36.81636],[140.31048,36.81697],[140.30987,36.81746],[140.31024,36.8189],[140.30928,36.81857],[140.30904,36.81819],[140.30884,36.81611],[140.30902,36.81542],[140.31018,36.81524]]]},"properties":{"hoanrinKind":"保安林"}},
{"type":"Feature","geometry":{"type":"Polygon","coordinates":[[[140.53384,36.80885],[140.53428,36.80945],[140.536,36.80956],[140.5363,36.80987],[140.536,36.81053],[140.53493,36.81103],[140.53403,36.81353],[140.53271,36.81551],[140.53216,36.8168],[140.53152,36.81708],[140.53112,36.8163],[140.53185,36.81572],[140.53223,36.81522],[140.53212,36.81403],[140.53268,36.81354],[140.53289,36.81288],[140.53232,36.81143],[140.53235,36.81069],[140.53287,36.80911],[140.53384,36.80885]]]},"properties":{"hoanrinKind":"保安林"}},
{"type":"Feature","geometry":{"type":"Polygon","coordinates":[[[140.67759,36.81765],[140.6777,36.81825],[140.677,36.81846],[140.67591,36.81937],[140.67552,36.81897],[140.67616,36.81787],[140.67759,36.81765]]]},"properties":{"hoanrinKind":"保安林"}},
{"type":"Feature","geometry":{"type":"Polygon","coordinates":[[[140.28587,36.81794],[140.28767,36.81887],[140.288,36.81953],[140.28677,36.81995],[140.28617,36.8198],[140.28581,36.81923],[140.28557,36.81809],[140.28587,36.81794]]]},"properties":{"hoanrinKind":"保安林"}},
{"type":"Feature","geometry":{"type":"Polygon","coordinates":[[[140.72622,36.82015],[140.72598,36.82039],[140.72495,36.82042],[140.72428,36.81991],[140.72462,36.81961],[140.72552,36.81961],[140.72605,36.81978],[140.72622,36.82015]]]},"properties":{"hoanrinKind":"保安林"}},
{"type":"Feature","geometry":{"type":"Polygon","coordinates":[[[140.68155,36.81992],[140.68147,36.82013],[140.68143,36.81999],[140.68155,36.81992]]]},"properties":{"hoanrinKind":"保安林"}},
{"type":"Feature","geometry":{"type":"Polygon","coordinates":[[[140.68244,36.8222],[140.68235,36.82208],[140.68254,36.82206],[140.68244,36.8222]]]},"properties":{"hoanrinKind":"保安林"}},
{"type":"Feature","geometry":{"type":"Polygon","coordinates":[[[140.33168,36.82247],[140.33126,36.82319],[140.3305,36.82249],[140.32997,36.82253],[140.32992,36.82201],[140.33019,36.82159],[140.33081,36.8216],[140.33151,36.8221],[140.33168,36.82247]]]},"properties":{"hoanrinKind":"保安林"}},
{"type":"Feature","geometry":{"type":"Polygon","coordinates":[[[140.27461,36.81881],[140.27506,36.81937],[140.27537,36.82027],[140.2761,36.82105],[140.27805,36.82162],[140.27859,36.82192],[140.27857,36.82242],[140.27752,36.82283],[140.27675,36.82334],[140.27628,36.82409],[140.2755,36.82423],[140.27418,36.82337],[140.27302,36.8224],[140.27141,36.82077],[140.27151,36.82057],[140.27258,36.82008],[140.27332,36.8192],[140.27387,36.8189],[140.27461,36.81881]]]},"properties":{"hoanrinKind":"保安林"}},
{"type":"Feature","geometry":{"type":"Polygon","coordinates":[[[140.62996,36.82377],[140.62969,36.82405],[140.62959,36.82504],[140.62912,36.82573],[140.62874,36.82559],[140.62771,36.82453],[140.62738,36.82376],[140.62695,36.82326],[140.62586,36.82332],[140.6246,36.82403],[140.62384,36.82396],[140.62392,36.82332],[140.62337,36.82322],[140.6229,36.82254],[140.62305,36.82219],[140.6242,36.82144],[140.6244,36.82105],[140.62323,36.81907],[140.62279,36.81848],[140.62295,36.81769],[140.62461,36.81671],[140.62491,36.8164],[140.62614,36.81452],[140.62709,36.81447],[140.62744,36.81469],[140.62762,36.81529],[140.62832,36.81555],[140.62888,36.81552],[140.63001,36.81489],[140.63196,36.81402],[140.63267,36.8135],[140.63275,36.81295],[140.63345,36.81333],[140.63377,36.81314],[140.63369,36.81065],[140.63393,36.81022],[140.63497,36.80923],[140.63613,36.80881],[140.63589,36.80814],[140.63697,36.80772],[140.63782,36.80765],[140.64038,36.81019],[140.64126,36.81067],[140.64183,36.81166],[140.64279,36.81144],[140.64308,36.81297],[140.64234,36.8132],[140.64165,36.81301],[140.64103,36.81198],[140.64072,36.81172],[140.63995,36.81174],[140.63873,36.812],[140.63773,36.81151],[140.63706,36.81149],[140.63632,36.81226],[140.63627,36.81329],[140.63585,36.81414],[140.63495,36.81454],[140.63458,36.81488],[140.63399,36.81577],[140.63346,36.81634],[140.63235,36.81721],[140.63128,36.81769],[140.63096,36.81804],[140.63061,36.81942],[140.63098,36.81969],[140.63206,36.81985],[140.63311,36.81961],[140.63359,36.81931],[140.63478,36.81778],[140.63578,36.81732],[140.63615,36.81671],[140.63543,36.81583],[140.63579,36.8154],[140.63635,36.81523],[140.63738,36.81528],[140.63821,36.81567],[140.63867,36.8156],[140.63873,36.81459],[140.63921,36.81441],[140.64145,36.81445],[140.64161,36.81462],[140.63963,36.81518],[140.63911,36.81608],[140.63939,36.81635],[140.6392,36.81711],[140.63865,36.81747],[140.63832,36.81812],[140.63766,36.81858],[140.63567,36.81906],[140.6351,36.81979],[140.63565,36.82031],[140.6354,36.82057],[140.63417,36.8203],[140.6331,36.82033],[140.63283,36.82051],[140.63278,36.82124],[140.63242,36.82175],[140.62996,36.82377]]]},"properties":{"hoanrinKind":"保安林"}},
{"type":"Feature","geometry":{"type":"Polygon","coordinates":[[[140.68085,36.82541],[140.68256,36.82558],[140.68347,36.82593],[140.68354,36.82633],[140.68183,36.82776],[140.68016,36.82786],[140.67957,36.82744],[140.6796,36.82615],[140.6794,36.82548],[140.68085,36.82541]]]},"properties":{"hoanrinKind":"保安林"}},
{"type":"Feature","geometry":{"type":"Polygon","coordinates":[[[140.6785,36.83032],[140.67794,36.83025],[140.67757,36.82988],[140.67785,36.82937],[140.6785,36.83032]]]},"properties":{"hoanrinKind":"保安林"}},
{"type":"Feature","geometry":{"type":"Polygon","coordinates":[[[140.67969,36.8303],[140.67923,36.83064],[140.67872,36.83031],[140.67882,36.82982],[140.67942,36.82991],[140.68019,36.82923],[140.68071,36.82952],[140.67969,36.8303]]]},"properties":{"hoanrinKind":"保安林"}},
{"type":"Feature","geometry":{"type":"Polygon","coordinates":[[[140.37642,36.82553],[140.37577,36.82619],[140.37517,36.82654],[140.37528,36.82544],[140.37593,36.82511],[140.37712,36.82514],[140.37717,36.82556],[140.37642,36.82553]]]},"properties":{"hoanrinKind":"保安林"}},
{"type":"Feature","geometry":{"type":"Polygon","coordinates":[[[140.67702,36.82977],[140.67735,36.82977],[140.67775,36.83107],[140.6768,36.83077],[140.67646,36.82991],[140.67702,36.82977]]]},"properties":{"hoanrinKind":"保安林"}},
{"type":"Feature","geometry":{"type":"Polygon","coordinates":[[[140.39056,36.83336],[140.38924,36.83387],[140.3873,36.8341],[140.38691,36.83381],[140.38586,36.83355],[140.38612,36.83324],[140.38683,36.83305],[140.38686,36.83231],[140.38642,36.83176],[140.38705,36.831],[140.38902,36.83149],[140.38929,36.83128],[140.38945,36.83012],[140.38928,36.82908],[140.38973,36.82892],[140.3904,36.82946],[140.39055,36.82897],[140.39116,36.82885],[140.39169,36.82907],[140.3929,36.8292],[140.39611,36.83142],[140.3968,36.83097],[140.39756,36.8309],[140.39824,36.83059],[140.39872,36.83094],[140.39884,36.83146],[140.39972,36.83136],[140.39976,36.82966],[140.39948,36.82933],[140.39851,36.82906],[140.39884,36.82847],[140.40011,36.82908],[140.40034,36.82964],[140.40098,36.83046],[140.4016,36.83071],[140.40169,36.8316],[140.4013,36.83238],[140.40089,36.83201],[140.39992,36.83185],[140.39864,36.83243],[140.39681,36.83309],[140.39541,36.8324],[140.39421,36.83225],[140.39281,36.83243],[140.39188,36.83278],[140.39123,36.83328],[140.39056,36.83336]]]},"properties":{"hoanrinKind":"保安林"}},
{"type":"Feature","geometry":{"type":"Polygon","coordinates":[[[140.68872,36.83134],[140.68838,36.83204],[140.68829,36.83286],[140.68677,36.83391],[140.68738,36.83248],[140.68854,36.83132],[140.68872,36.83134]]]},"properties":{"hoanrinKind":"保安林"}},
{"type":"Feature","geometry":{"type":"Polygon","coordinates":[[[140.27466,36.83385],[140.27503,36.83441],[140.27435,36.83458],[140.27411,36.83384],[140.27466,36.83385]]]},"properties":{"hoanrinKind":"保安林"}},
{"type":"Feature","geometry":{"type":"Polygon","coordinates":[[[140.30259,36.83552],[140.30104,36.83596],[140.3,36.83533],[140.29856,36.83461],[140.29761,36.83369],[140.29664,36.83307],[140.29616,36.83238],[140.29596,36.83166],[140.2966,36.83117],[140.29685,36.82969],[140.29777,36.82916],[140.29912,36.82964],[140.30019,36.8314],[140.3003,36.83195],[140.30086,36.83249],[140.30226,36.83264],[140.30336,36.83215],[140.30499,36.83214],[140.30554,36.83267],[140.30703,36.83456],[140.30747,36.83459],[140.30785,36.83509],[140.30778,36.83554],[140.30709,36.83561],[140.30623,36.83526],[140.30587,36.8349],[140.30533,36.83494],[140.30547,36.83547],[140.30503,36.83568],[140.30344,36.83589],[140.30259,36.83552]]]},"properties":{"hoanrinKind":"保安林"}},
{"type":"Feature","geometry":{"type":"Polygon","coordinates":[[[140.65825,36.83415],[140.65825,36.83482],[140.65776,36.83469],[140.65825,36.83415]]]},"properties":{"hoanrinKind":"保安林"}},
{"type":"Feature","geometry":{"type":"Polygon","coordinates":[[[140.33382,36.83759],[140.33382,36.83805],[140.33483,36.83885],[140.33495,36.83932],[140.33369,36.83903],[140.33288,36.83856],[140.33194,36.8378],[140.33115,36.83691],[140.33123,36.83632],[140.3316,36.8358],[140.33221,36.83558],[140.3332,36.8357],[140.33401,36.83624],[140.33418,36.83763],[140.33382,36.83759]]]},"properties":{"hoanrinKind":"保安林"}},
{"type":"Feature","geometry":{"type":"Polygon","coordinates":[[[140.68788,36.83846],[140.68844,36.83862],[140.68827,36.83938],[140.6874,36.83898],[140.68788,36.83846]]]},"properties":{"hoanrinKind":"保安林"}},
{"type":"Feature","geometry":{"type":"Polygon","coordinates":[[[140.6799,36.8421],[140.67998,36.84241],[140.67977,36.84245],[140.67967,36.84224],[140.6799,36.8421]]]},"properties":{"hoanrinKind":"保安林"}},
{"type":"Feature","geometry":{"type":"Polygon","coordinates":[[[140.67929,36.84181],[140.67939,36.84254],[140.67907,36.84226],[140.67929,36.84181]]]},"properties":{"hoanrinKind":"保安林"}},
{"type":"Feature","geometry":{"type":"Polygon","coordinates":[[[140.67506,36.84551],[140.67469,36.84518],[140.67512,36.84499],[140.67506,36.84551]]]},"properties":{"hoanrinKind":"保安林"}},
{"type":"Feature","geometry":{"type":"Polygon","coordinates":[[[140.27862,36.84373],[140.27915,36.84379],[140.27967,36.84423],[140.27959,36.84599],[140.27912,36.84639],[140.2791,36.84507],[140.27859,36.84401],[140.27862,36.84373]]]},"properties":{"hoanrinKind":"保安林"}},
{"type":"Feature","geometry":{"type":"Polygon","coordinates":[[[140.69754,36.84975],[140.69696,36.84912],[140.698,36.84894],[140.69797,36.84961],[140.69754,36.84975]]]},"properties":{"hoanrinKind":"保安林"}},
{"type":"Feature","geometry":{"type":"Polygon","coordinates":[[[140.75107,36.85352],[140.75112,36.85367],[140.75099,36.85382],[140.75085,36.85417],[140.75073,36.85394],[140.75085,36.85369],[140.75107,36.85352]]]},"properties":{"hoanrinKind":"保安林"}},
{"type":"Feature","geometry":{"type":"Polygon","coordinates":[[[140.74956,36.85249],[140.75049,36.85407],[140.74983,36.85452],[140.74838,36.85321],[140.74736,36.85263],[140.74809,36.85231],[140.74828,36.85193],[140.74835,36.85094],[140.74904,36.85088],[140.7495,36.85124],[140.74956,36.85249]]]},"properties":{"hoanrinKind":"保安林"}},
{"type":"Feature","geometry":{"type":"Polygon","coordinates":[[[140.31389,36.85286],[140.31465,36.85292],[140.3162,36.85339],[140.31657,36.85374],[140.31578,36.8551],[140.31527,36.85614],[140.31468,36.85651],[140.31373,36.85651],[140.31289,36.85481],[140.3123,36.85344],[140.31262,36.85305],[140.31338,36.85276],[140.31389,36.85286]]]},"properties":{"hoanrinKind":"保安林"}},
{"type":"Feature","geometry":{"type":"Polygon","coordinates":[[[140.33964,36.85707],[140.3394,36.85738],[140.33676,36.85816],[140.3351,36.85809],[140.33397,36.85743],[140.33209,36.85597],[140.33176,36.85522],[140.33282,36.85365],[140.33371,36.85287],[140.335,36.85243],[140.33615,36.85222],[140.3366,36.85125],[140.33707,36.85076],[140.33857,36.85001],[140.34076,36.84966],[140.34278,36.8501],[140.34411,36.85085],[140.34501,36.85205],[140.34529,36.8528],[140.34597,36.85377],[140.34623,36.85475],[140.34606,36.85522],[140.34498,36.85555],[140.3443,36.85555],[140.34339,36.85581],[140.34099,36.85717],[140.34003,36.85725],[140.33964,36.85707]]]},"properties":{"hoanrinKind":"保安林"}},
{"type":"Feature","geometry":{"type":"Polygon","coordinates":[[[140.34337,36.85961],[140.34293,36.86008],[140.34175,36.86085],[140.34024,36.86145],[140.33939,36.86318],[140.33878,36.8628],[140.33824,36.86135],[140.33702,36.85996],[140.33908,36.85927],[140.34062,36.85903],[140.34201,36.8587],[140.34205,36.85832],[140.34257,36.8581],[140.34364,36.85872],[140.34337,36.85961]]]},"properties":{"hoanrinKind":"保安林"}},
{"type":"Feature","geometry":{"type":"Polygon","coordinates":[[[140.34348,36.86222],[140.34278,36.86314],[140.3424,36.86342],[140.34083,36.86286],[140.34043,36.86208],[140.34094,36.86166],[140.34151,36.86208],[140.34205,36.86159],[140.34315,36.86159],[140.34348,36.86222]]]},"properties":{"hoanrinKind":"保安林"}},
{"type":"Feature","geometry":{"type":"Polygon","coordinates":[[[140.32347,36.86159],[140.32361,36.86206],[140.3242,36.86222],[140.32448,36.86295],[140.32453,36.86373],[140.32401,36.86403],[140.32274,36.86283],[140.32265,36.86239],[140.32286,36.86168],[140.32347,36.86159]]]},"properties":{"hoanrinKind":"保安林"}},
{"type":"Feature","geometry":{"type":"Polygon","coordinates":[[[140.33136,36.86511],[140.33074,36.86559],[140.33086,36.86638],[140.33029,36.8665],[140.32939,36.86637],[140.32793,36.86593],[140.32592,36.86568],[140.32545,36.86506],[140.32637,36.86476],[140.32579,36.86436],[140.32569,36.86345],[140.32523,36.86333],[140.32496,36.86186],[140.32547,36.86166],[140.32802,36.86163],[140.32803,36.86117],[140.3269,36.86127],[140.32651,36.86102],[140.32576,36.86099],[140.32517,36.86037],[140.32594,36.86021],[140.32626,36.86047],[140.32694,36.86019],[140.3267,36.85961],[140.32554,36.85941],[140.32599,36.85887],[140.32523,36.85866],[140.32529,36.85816],[140.32577,36.85738],[140.32628,36.85753],[140.32653,36.85846],[140.32741,36.85933],[140.32749,36.8596],[140.32857,36.86021],[140.32869,36.86059],[140.32832,36.8611],[140.3292,36.86118],[140.3296,36.86225],[140.32911,36.86271],[140.32918,36.8632],[140.33036,36.86481],[140.33141,36.86416],[140.33198,36.86315],[140.33309,36.86279],[140.33335,36.86312],[140.33439,36.86342],[140.33359,36.86398],[140.3324,36.86427],[140.33136,36.86511]]]},"properties":{"hoanrinKind":"保安林"}},
{"type":"Feature","geometry":{"type":"Polygon","coordinates":[[[140.68389,36.86667],[140.68367,36.8675],[140.68315,36.86712],[140.68342,36.86657],[140.68389,36.86667]]]},"properties":{"hoanrinKind":"保安林"}},
{"type":"Feature","geometry":{"type":"Polygon","coordinates":[[[140.36235,36.86841],[140.36039,36.8684],[140.35947,36.86833],[140.35881,36.86716],[140.35883,36.86617],[140.35909,36.86527],[140.35995,36.8649],[140.361,36.86427],[140.36148,36.86534],[140.36193,36.86567],[140.36271,36.86592],[140.36231,36.86677],[140.36242,36.86703],[140.36235,36.86841]]]},"properties":{"hoanrinKind":"保安林"}},
{"type":"Feature","geometry":{"type":"Polygon","coordinates":[[[140.69786,36.86981],[140.69767,36.87004],[140.69613,36.87028],[140.69556,36.86962],[140.69515,36.86872],[140.69501,36.86794],[140.69544,36.86687],[140.69599,36.86701],[140.69628,36.86756],[140.6969,36.86768],[140.69758,36.86876],[140.69877,36.8697],[140.69842,36.86993],[140.69786,36.86981]]]},"properties":{"hoanrinKind":"保安林"}},
{"type":"Feature","geometry":{"type":"Polygon","coordinates":[[[140.34679,36.86925],[140.34766,36.86934],[140.34836,36.86974],[140.34813,36.87034],[140.34778,36.8704],[140.34698,36.87009],[140.34637,36.8695],[140.34679,36.86925]]]},"properties":{"hoanrinKind":"保安林"}},
{"type":"Feature","geometry":{"type":"Polygon","coordinates":[[[140.70237,36.87017],[140.70211,36.87051],[140.70162,36.87046],[140.70162,36.87009],[140.70237,36.87017]]]},"properties":{"hoanrinKind":"保安林"}},
{"type":"Feature","geometry":{"type":"Polygon","coordinates":[[[140.69388,36.87176],[140.69363,36.87207],[140.69234,36.87174],[140.69206,36.87188],[140.69093,36.87181],[140.69064,36.87102],[140.69012,36.87047],[140.68957,36.8696],[140.68938,36.86874],[140.69109,36.86967],[140.69197,36.8693],[140.69254,36.8698],[140.69388,36.87176]]]},"properties":{"hoanrinKind":"保安林"}},
{"type":"Feature","geometry":{"type":"Polygon","coordinates":[[[140.70143,36.87256],[140.70054,36.87222],[140.70109,36.87168],[140.70115,36.8708],[140.70199,36.87083],[140.70143,36.87256]]]},"properties":{"hoanrinKind":"保安林"}},
{"type":"Feature","geometry":{"type":"Polygon","coordinates":[[[140.32637,36.87446],[140.32431,36.87441],[140.32359,36.87446],[140.32282,36.87416],[140.32245,36.87441],[140.32083,36.87446],[140.32024,36.87436],[140.32021,36.87379],[140.32076,36.87334],[140.32078,36.87282],[140.32133,36.87275],[140.3216,36.87222],[140.32116,36.87198],[140.32155,36.87145],[140.32265,36.87106],[140.32386,36.87136],[140.32655,36.87138],[140.32697,36.87247],[140.32692,36.87299],[140.32637,36.87446]]]},"properties":{"hoanrinKind":"保安林"}},
{"type":"Feature","geometry":{"type":"Polygon","coordinates":[[[140.68093,36.87411],[140.68213,36.87436],[140.68128,36.87455],[140.68093,36.87411]]]},"properties":{"hoanrinKind":"保安林"}},
{"type":"Feature","geometry":{"type":"Polygon","coordinates":[[[140.69999,36.87545],[140.70096,36.87732],[140.69995,36.8775],[140.69945,36.87722],[140.6985,36.87715],[140.6982,36.87695],[140.69774,36.8761],[140.69867,36.87559],[140.69992,36.87522],[140.69999,36.87545]]]},"properties":{"hoanrinKind":"保安林"}},
{"type":"Feature","geometry":{"type":"Polygon","coordinates":[[[140.33636,36.87677],[140.33561,36.87727],[140.33348,36.87888],[140.33298,36.87913],[140.33174,36.87923],[140.33114,36.87906],[140.33057,36.87786],[140.33012,36.87655],[140.33027,36.87511],[140.33025,36.87399],[140.32955,36.87285],[140.32955,36.8717],[140.32995,36.87098],[140.33171,36.87103],[140.33233,36.87011],[140.33261,36.86996],[140.33375,36.87034],[140.33593,36.87039],[140.33703,36.87126],[140.33832,36.87153],[140.33924,36.87155],[140.33976,36.87218],[140.34108,36.87309],[140.34013,36.87337],[140.3388,36.87324],[140.33737,36.87298],[140.33492,36.87329],[140.33556,36.87432],[140.33526,36.87514],[140.33457,36.87568],[140.3352,36.87608],[140.33655,36.87576],[140.33705,36.87605],[140.33636,36.87677]]]},"properties":{"hoanrinKind":"保安林"}},
{"type":"Feature","geometry":{"type":"Polygon","coordinates":[[[140.36413,36.88303],[140.36518,36.88327],[140.36533,36.8836],[140.36508,36.88414],[140.36457,36.88407],[140.36337,36.88329],[140.36413,36.88303]]]},"properties":{"hoanrinKind":"保安林"}},
{"type":"Feature","geometry":{"type":"Polygon","coordinates":[[[140.35834,36.88487],[140.35701,36.88478],[140.35568,36.88372],[140.35577,36.88324],[140.35633,36.88299],[140.35682,36.8832],[140.35825,36.88303],[140.35895,36.88318],[140.35988,36.88416],[140.35983,36.88462],[140.35943,36.88485],[140.35834,36.88487]]]},"properties":{"hoanrinKind":"保安林"}},
{"type":"Feature","geometry":{"type":"Polygon","coordinates":[[[140.56986,36.91763],[140.57004,36.91827],[140.56909,36.91849],[140.56798,36.91842],[140.56717,36.9182],[140.56634,36.91723],[140.56628,36.91676],[140.56564,36.91644],[140.56526,36.91568],[140.56489,36.91459],[140.56494,36.91286],[140.56525,36.91257],[140.56688,36.91321],[140.56721,36.91375],[140.56795,36.91406],[140.56876,36.91388],[140.56985,36.91193],[140.57052,36.91168],[140.57164,36.91263],[140.57155,36.91409],[140.57172,36.91422],[140.57286,36.91408],[140.57309,36.91471],[140.57452,36.91416],[140.57516,36.91415],[140.57545,36.91453],[140.57496,36.91541],[140.57529,36.91707],[140.57522,36.91738],[140.57461,36.91763],[140.57427,36.91705],[140.57444,36.91591],[140.57391,36.91587],[140.57342,36.91678],[140.57317,36.91683],[140.57271,36.91764],[140.57134,36.91794],[140.57066,36.91798],[140.56986,36.91763]]]},"properties":{"hoanrinKind":"保安林"}},
{"type":"Feature","geometry":{"type":"Polygon","coordinates":[[[140.28943,36.87277],[140.29106,36.87436],[140.2919,36.87529],[140.29172,36.876],[140.29037,36.87648],[140.28916,36.87533],[140.28934,36.87431],[140.28843,36.87334],[140.28865,36.8728],[140.28943,36.87277]]]},"properties":{"hoanrinKind":"保安林"}},
{"type":"Feature","geometry":{"type":"Polygon","coordinates":[[[140.75574,36.85595],[140.75507,36.85558],[140.75419,36.85581],[140.75292,36.85511],[140.75274,36.85475],[140.75295,36.85431],[140.75372,36.8542],[140.75478,36.85345],[140.75536,36.8538],[140.75575,36.8547],[140.75574,36.85595]]]},"properties":{"hoanrinKind":"保安林"}},
{"type":"Feature","geometry":{"type":"Polygon","coordinates":[[[140.27029,36.7715],[140.26969,36.77135],[140.26874,36.77135],[140.26825,36.771],[140.26831,36.77058],[140.26945,36.76973],[140.26984,36.76846],[140.27026,36.76825],[140.27035,36.7678],[140.27161,36.76758],[140.27182,36.76824],[140.27112,36.76856],[140.2709,36.76981],[140.27054,36.77006],[140.27029,36.7715]]]},"properties":{"hoanrinKind":"保安林"}},
{"type":"Feature","geometry":{"type":"Polygon","coordinates":[[[140.58323,36.82155],[140.58265,36.8207],[140.58174,36.8203],[140.58143,36.8205],[140.58055,36.82014],[140.5806,36.81838],[140.57948,36.81803],[140.57884,36.81714],[140.57949,36.81631],[140.57949,36.81566],[140.58,36.81493],[140.58061,36.81474],[140.58202,36.81464],[140.58322,36.8151],[140.58269,36.81564],[140.58139,36.81581],[140.58105,36.81613],[140.58151,36.81664],[140.58272,36.81664],[140.58345,36.81787],[140.58409,36.81802],[140.58562,36.81815],[140.58576,36.81895],[140.58669,36.8188],[140.58768,36.8197],[140.58711,36.8203],[140.58604,36.8202],[140.58511,36.82029],[140.58475,36.82055],[140.58451,36.82124],[140.58402,36.82156],[140.58323,36.82155]]]},"properties":{"hoanrinKind":"保安林"}},
{"type":"Feature","geometry":{"type":"Polygon","coordinates":[[[140.22981,36.67924],[140.23001,36.67935],[140.22937,36.68014],[140.2288,36.67951],[140.22879,36.67901],[140.22952,36.6786],[140.22981,36.67924]]]},"properties":{"hoanrinKind":"保安林"}},
{"type":"Feature","geometry":{"type":"Polygon","coordinates":[[[140.23179,36.67764],[140.23148,36.67792],[140.23117,36.67772],[140.23134,36.67743],[140.23179,36.67764]]]},"properties":{"hoanrinKind":"保安林"}},
{"type":"Feature","geometry":{"type":"Polygon","coordinates":[[[140.22595,36.68458],[140.22626,36.68498],[140.22617,36.68546],[140.22575,36.68593],[140.22518,36.68606],[140.22443,36.68697],[140.22338,36.68847],[140.22222,36.6882],[140.2204,36.68704],[140.22055,36.68493],[140.2202,36.68426],[140.22072,36.6837],[140.22145,36.68365],[140.22256,36.68407],[140.22345,36.68356],[140.22362,36.68274],[140.22455,36.68278],[140.22518,36.68338],[140.22595,36.68458]]]},"properties":{"hoanrinKind":"保安林"}},
{"type":"Feature","geometry":{"type":"Polygon","coordinates":[[[140.27847,36.66272],[140.27639,36.66395],[140.27548,36.66398],[140.27556,36.6634],[140.27516,36.66313],[140.27512,36.66248],[140.27649,36.66252],[140.27702,36.66222],[140.27857,36.66187],[140.27983,36.66223],[140.2795,36.66258],[140.27847,36.66272]]]},"properties":{"hoanrinKind":"保安林"}},
{"type":"Feature","geometry":{"type":"Polygon","coordinates":[[[140.27998,36.66082],[140.27982,36.66117],[140.27912,36.66054],[140.27895,36.66002],[140.27998,36.66082]]]},"properties":{"hoanrinKind":"保安林"}},
{"type":"Feature","geometry":{"type":"Polygon","coordinates":[[[140.39848,36.81031],[140.39866,36.8109],[140.39817,36.81091],[140.39799,36.8105],[140.39848,36.81031]]]},"properties":{"hoanrinKind":"保安林"}},
{"type":"Feature","geometry":{"type":"Polygon","coordinates":[[[140.39963,36.81121],[140.40118,36.81182],[140.40249,36.8119],[140.40273,36.81256],[140.40266,36.81327],[140.40203,36.81339],[140.40098,36.81311],[140.39976,36.81242],[140.39846,36.81156],[140.39922,36.81093],[140.39963,36.81121]]]},"properties":{"hoanrinKind":"保安林"}},
{"type":"Feature","geometry":{"type":"Polygon","coordinates":[[[140.45048,36.79126],[140.45089,36.79135],[140.45125,36.79193],[140.45103,36.79279],[140.44932,36.79255],[140.44867,36.79216],[140.4474,36.79195],[140.447,36.79166],[140.44693,36.79117],[140.44628,36.79053],[140.44712,36.79052],[140.44866,36.79108],[140.44929,36.79087],[140.45011,36.79091],[140.45048,36.79126]]]},"properties":{"hoanrinKind":"保安林"}},
{"type":"Feature","geometry":{"type":"Polygon","coordinates":[[[140.45004,36.75634],[140.44928,36.75717],[140.44822,36.75796],[140.44653,36.75812],[140.4461,36.75803],[140.44625,36.75666],[140.44598,36.75625],[140.44718,36.75537],[140.44792,36.75495],[140.44946,36.75452],[140.45056,36.75444],[140.45103,36.75545],[140.45048,36.7564],[140.45004,36.75634]]]},"properties":{"hoanrinKind":"保安林"}},
{"type":"Feature","geometry":{"type":"Polygon","coordinates":[[[140.46677,36.72176],[140.46811,36.7227],[140.46841,36.7231],[140.46807,36.7239],[140.46742,36.72309],[140.46623,36.72256],[140.46582,36.72188],[140.46677,36.72176]]]},"properties":{"hoanrinKind":"保安林"}},
{"type":"Feature","geometry":{"type":"Polygon","coordinates":[[[140.35111,36.71725],[140.35039,36.71741],[140.34971,36.71819],[140.34917,36.71774],[140.35013,36.71694],[140.35111,36.71725]]]},"properties":{"hoanrinKind":"保安林"}},
{"type":"Feature","geometry":{"type":"Polygon","coordinates":[[[140.33556,36.72947],[140.33411,36.73004],[140.33388,36.72959],[140.334,36.72839],[140.33466,36.72874],[140.33544,36.72871],[140.33603,36.72926],[140.33556,36.72947]]]},"properties":{"hoanrinKind":"保安林"}},
{"type":"Feature","geometry":{"type":"Polygon","coordinates":[[[140.36853,36.69381],[140.36967,36.69393],[140.36775,36.69393],[140.36853,36.69381]]]},"properties":{"hoanrinKind":"保安林"}},
{"type":"Feature","geometry":{"type":"Polygon","coordinates":[[[140.33556,36.64721],[140.33414,36.64782],[140.33316,36.64695],[140.33286,36.64562],[140.33417,36.64573],[140.33444,36.64541],[140.33418,36.64492],[140.33456,36.64452],[140.33554,36.64444],[140.3365,36.64406],[140.33691,36.64429],[140.33742,36.64522],[140.33737,36.64561],[140.3377,36.64624],[140.33734,36.6473],[140.337,36.64674],[140.33635,36.64649],[140.33556,36.64721]]]},"properties":{"hoanrinKind":"保安林"}},
{"type":"Feature","geometry":{"type":"Polygon","coordinates":[[[140.46841,36.67283],[140.46802,36.67288],[140.46587,36.67277],[140.46417,36.67285],[140.46277,36.67246],[140.46266,36.67134],[140.46328,36.67107],[140.46463,36.67189],[140.46584,36.67228],[140.46714,36.67246],[140.46841,36.67283]]]},"properties":{"hoanrinKind":"保安林"}},
{"type":"Feature","geometry":{"type":"Polygon","coordinates":[[[140.46941,36.67145],[140.4692,36.67218],[140.46872,36.67246],[140.46759,36.67228],[140.46673,36.67168],[140.46564,36.67149],[140.46481,36.67095],[140.46472,36.67056],[140.46555,36.67037],[140.46622,36.67005],[140.46648,36.66969],[140.46755,36.66973],[140.4679,36.67037],[140.46888,36.67071],[140.46941,36.67145]]]},"properties":{"hoanrinKind":"保安林"}},
{"type":"Feature","geometry":{"type":"Polygon","coordinates":[[[140.42857,36.69561],[140.42903,36.6963],[140.42893,36.6968],[140.43006,36.69734],[140.42993,36.69882],[140.42765,36.69864],[140.42716,36.69787],[140.42673,36.69665],[140.42661,36.69557],[140.42692,36.69505],[140.42764,36.69502],[140.42846,36.69526],[140.42857,36.69561]]]},"properties":{"hoanrinKind":"保安林"}},
{"type":"Feature","geometry":{"type":"Polygon","coordinates":[[[140.59714,36.6302],[140.59674,36.63056],[140.59628,36.63019],[140.59546,36.63004],[140.59555,36.62838],[140.59666,36.62792],[140.59725,36.62793],[140.59768,36.6286],[140.59787,36.62944],[140.59714,36.6302]]]},"properties":{"hoanrinKind":"保安林"}},
{"type":"Feature","geometry":{"type":"Polygon","coordinates":[[[140.60231,36.63029],[140.60216,36.63067],[140.60144,36.631],[140.6008,36.63104],[140.59901,36.62967],[140.59823,36.63013],[140.59829,36.62932],[140.5979,36.62885],[140.59852,36.62836],[140.59881,36.62876],[140.60231,36.63029]]]},"properties":{"hoanrinKind":"保安林"}},
{"type":"Feature","geometry":{"type":"Polygon","coordinates":[[[140.57341,36.71981],[140.57277,36.71934],[140.57221,36.71862],[140.57224,36.7177],[140.57426,36.71848],[140.57485,36.7184],[140.57499,36.71804],[140.57577,36.7181],[140.57709,36.71868],[140.57593,36.71881],[140.57528,36.71902],[140.57483,36.71959],[140.57341,36.71981]]]},"properties":{"hoanrinKind":"保安林"}},
{"type":"Feature","geometry":{"type":"Polygon","coordinates":[[[140.40758,36.62633],[140.40799,36.62672],[140.4072,36.63011],[140.40714,36.63132],[140.40625,36.63136],[140.40627,36.6281],[140.40666,36.62685],[140.40672,36.62625],[140.40758,36.62633]]]},"properties":{"hoanrinKind":"保安林"}},
{"type":"Feature","geometry":{"type":"Polygon","coordinates":[[[140.51347,36.68526],[140.51412,36.68583],[140.51347,36.68597],[140.51251,36.68559],[140.51156,36.68505],[140.5108,36.68503],[140.50962,36.68402],[140.50919,36.6838],[140.50911,36.68336],[140.50934,36.68241],[140.51018,36.68075],[140.51025,36.68003],[140.5113,36.6804],[140.51276,36.68025],[140.51366,36.67992],[140.51498,36.6803],[140.51412,36.68108],[140.51406,36.68154],[140.51328,36.68213],[140.51305,36.68286],[140.5131,36.68343],[140.51249,36.684],[140.51193,36.68409],[140.51347,36.68526]]]},"properties":{"hoanrinKind":"保安林"}},
{"type":"Feature","geometry":{"type":"Polygon","coordinates":[[[140.12767,36.29014],[140.12683,36.29035],[140.12697,36.28991],[140.12767,36.29014]]]},"properties":{"hoanrinKind":"保安林"}},
{"type":"Feature","geometry":{"type":"Polygon","coordinates":[[[140.24246,36.33761],[140.24208,36.33783],[140.24104,36.33694],[140.24069,36.33632],[140.24013,36.33661],[140.24002,36.33695],[140.23878,36.3366],[140.23791,36.33653],[140.23585,36.33576],[140.23586,36.33463],[140.23661,36.3343],[140.23694,36.33388],[140.23965,36.33239],[140.2401,36.33271],[140.24036,36.33338],[140.24121,36.3335],[140.24192,36.33335],[140.24261,36.33394],[140.24392,36.33411],[140.24424,36.3349],[140.24544,36.33635],[140.24474,36.33686],[140.24382,36.3367],[140.24327,36.33716],[140.2434,36.33774],[140.24246,36.33761]]]},"properties":{"hoanrinKind":"保安林"}},
{"type":"Feature","geometry":{"type":"Polygon","coordinates":[[[140.12174,36.26521],[140.1214,36.26524],[140.12069,36.26464],[140.12009,36.26441],[140.11971,36.26467],[140.11892,36.26481],[140.11767,36.26466],[140.11741,36.26447],[140.11742,36.26357],[140.11723,36.26282],[140.11721,36.26196],[140.11772,36.26186],[140.118,36.26145],[140.11852,36.26013],[140.11932,36.26013],[140.12047,36.2612],[140.12047,36.26172],[140.1208,36.26213],[140.12069,36.26297],[140.12117,36.26357],[140.12116,36.26393],[140.12169,36.26427],[140.12174,36.26521]]]},"properties":{"hoanrinKind":"保安林"}},
{"type":"Feature","geometry":{"type":"Polygon","coordinates":[[[140.56888,36.1955],[140.56856,36.19582],[140.56801,36.19688],[140.56768,36.19872],[140.5669,36.19863],[140.56742,36.19687],[140.56766,36.1966],[140.56759,36.19581],[140.56788,36.19502],[140.56876,36.19493],[140.56888,36.1955]]]},"properties":{"hoanrinKind":"保安林"}},
{"type":"Feature","geometry":{"type":"Polygon","coordinates":[[[140.41284,36.57769],[140.41324,36.57876],[140.41329,36.57966],[140.41282,36.57775],[140.41284,36.57769]]]},"properties":{"hoanrinKind":"保安林"}},
{"type":"Feature","geometry":{"type":"Polygon","coordinates":[[[140.24869,36.44518],[140.24813,36.44536],[140.24751,36.44597],[140.24644,36.44496],[140.24636,36.44418],[140.24708,36.44406],[140.24763,36.44331],[140.24803,36.44323],[140.24793,36.44413],[140.24861,36.44386],[140.24834,36.44311],[140.24908,36.44311],[140.25,36.44279],[140.25057,36.44235],[140.25102,36.44262],[140.25,36.44335],[140.24917,36.44408],[140.24869,36.44518]]]},"properties":{"hoanrinKind":"保安林"}},
{"type":"Feature","geometry":{"type":"Polygon","coordinates":[[[140.27233,36.43964],[140.27408,36.44045],[140.27306,36.44057],[140.27118,36.44027],[140.26994,36.4399],[140.26976,36.43966],[140.26873,36.43948],[140.26819,36.43979],[140.26679,36.43986],[140.26588,36.44],[140.26603,36.43932],[140.26656,36.43842],[140.267,36.43793],[140.26873,36.43815],[140.27052,36.43905],[140.27233,36.43964]]]},"properties":{"hoanrinKind":"保安林"}},
{"type":"Feature","geometry":{"type":"Polygon","coordinates":[[[140.09728,36.33099],[140.09842,36.33279],[140.09854,36.33335],[140.09793,36.33351],[140.09698,36.33332],[140.0967,36.33279],[140.09668,36.332],[140.09641,36.33167],[140.09651,36.33107],[140.09728,36.33099]]]},"properties":{"hoanrinKind":"保安林"}},
{"type":"Feature","geometry":{"type":"Polygon","coordinates":[[[140.37977,36.81417],[140.37915,36.81377],[140.37842,36.81368],[140.37806,36.81406],[140.37739,36.8138],[140.37683,36.81326],[140.37685,36.81252],[140.37779,36.81244],[140.37856,36.81206],[140.37889,36.81106],[140.38019,36.8112],[140.38034,36.81208],[140.37989,36.81309],[140.37977,36.81417]]]},"properties":{"hoanrinKind":"保安林"}},
{"type":"Feature","geometry":{"type":"Polygon","coordinates":[[[140.12362,36.29707],[140.12236,36.29727],[140.12114,36.29704],[140.12096,36.29646],[140.12038,36.29652],[140.11991,36.29613],[140.11987,36.29566],[140.12068,36.29516],[140.12147,36.29446],[140.1218,36.29491],[140.12251,36.29443],[140.12274,36.29466],[140.12392,36.29468],[140.12498,36.29513],[140.12507,36.29547],[140.1245,36.2959],[140.12477,36.29643],[140.12556,36.29678],[140.12362,36.29707]]]},"properties":{"hoanrinKind":"保安林"}},
{"type":"Feature","geometry":{"type":"Polygon","coordinates":[[[140.82885,35.75152],[140.82978,35.75161],[140.83087,35.75249],[140.82816,35.75544],[140.82661,35.75739],[140.82554,35.75843],[140.82496,35.75809],[140.82704,35.75526],[140.82663,35.75485],[140.82704,35.75355],[140.82752,35.75339],[140.8274,35.75231],[140.82885,35.75152]]]},"properties":{"hoanrinKind":"保安林"}},
{"type":"Feature","geometry":{"type":"Polygon","coordinates":[[[140.82155,35.7617],[140.82097,35.76168],[140.82047,35.76125],[140.82101,35.76105],[140.82071,35.76028],[140.82132,35.76007],[140.82153,35.76105],[140.8222,35.76083],[140.82211,35.76156],[140.82155,35.7617]]]},"properties":{"hoanrinKind":"保安林"}},
{"type":"Feature","geometry":{"type":"Polygon","coordinates":[[[140.82089,35.76333],[140.82007,35.7635],[140.81965,35.76304],[140.82021,35.76243],[140.8209,35.76311],[140.82089,35.76333]]]},"properties":{"hoanrinKind":"保安林"}},
{"type":"Feature","geometry":{"type":"Polygon","coordinates":[[[140.82055,35.76362],[140.82057,35.76367],[140.82049,35.76377],[140.82047,35.76364],[140.82055,35.76362]]]},"properties":{"hoanrinKind":"保安林"}},
{"type":"Feature","geometry":{"type":"Polygon","coordinates":[[[140.81707,35.76771],[140.8161,35.7676],[140.81692,35.76644],[140.8165,35.7661],[140.81687,35.76517],[140.81769,35.76463],[140.81848,35.76489],[140.819,35.76433],[140.81863,35.76399],[140.8189,35.7636],[140.81994,35.7643],[140.81707,35.76771]]]},"properties":{"hoanrinKind":"保安林"}},
{"type":"Feature","geometry":{"type":"Polygon","coordinates":[[[140.81511,35.77015],[140.81439,35.77],[140.815,35.76885],[140.8155,35.76821],[140.81581,35.76844],[140.8156,35.76903],[140.81589,35.76918],[140.81511,35.77015]]]},"properties":{"hoanrinKind":"保安林"}},
{"type":"Feature","geometry":{"type":"Polygon","coordinates":[[[140.8132,35.77295],[140.81277,35.77259],[140.81346,35.77225],[140.81335,35.77162],[140.81363,35.77121],[140.81409,35.77136],[140.8132,35.77295]]]},"properties":{"hoanrinKind":"保安林"}},
{"type":"Feature","geometry":{"type":"Polygon","coordinates":[[[140.80559,35.78168],[140.80476,35.78281],[140.80519,35.78309],[140.80346,35.78534],[140.8037,35.78461],[140.80344,35.78426],[140.80375,35.78339],[140.80465,35.78204],[140.80577,35.78099],[140.8058,35.78065],[140.80649,35.78039],[140.80622,35.77988],[140.80699,35.77907],[140.80838,35.77793],[140.8089,35.77723],[140.80978,35.7774],[140.80935,35.77789],[140.8087,35.7783],[140.80823,35.77909],[140.80763,35.7797],[140.80649,35.78111],[140.80606,35.78116],[140.80559,35.78168]]]},"properties":{"hoanrinKind":"保安林"}},
{"type":"Feature","geometry":{"type":"Polygon","coordinates":[[[140.80226,35.78568],[140.80264,35.78478],[140.80293,35.78489],[140.80283,35.78549],[140.80226,35.78568]]]},"properties":{"hoanrinKind":"保安林"}},
{"type":"Feature","geometry":{"type":"Polygon","coordinates":[[[140.79564,35.79415],[140.79558,35.79375],[140.7959,35.79317],[140.79722,35.79158],[140.79786,35.79138],[140.79779,35.79062],[140.79724,35.79028],[140.79935,35.78827],[140.80011,35.78768],[140.80122,35.78656],[140.80184,35.78649],[140.80186,35.7871],[140.80118,35.78752],[140.79971,35.78903],[140.79977,35.78942],[140.79883,35.79059],[140.79839,35.7906],[140.79821,35.79128],[140.79644,35.79346],[140.79564,35.79415]]]},"properties":{"hoanrinKind":"保安林"}},
{"type":"Feature","geometry":{"type":"Polygon","coordinates":[[[140.74367,35.86183],[140.74266,35.86301],[140.74239,35.86283],[140.74299,35.86197],[140.74264,35.86194],[140.74211,35.86265],[140.74116,35.86202],[140.74386,35.85852],[140.74436,35.85758],[140.74482,35.85707],[140.74551,35.85666],[140.74613,35.85559],[140.74704,35.85536],[140.74712,35.85428],[140.74895,35.85167],[140.74978,35.85104],[140.75075,35.84925],[140.75137,35.84853],[140.75092,35.84807],[140.75163,35.84772],[140.75261,35.84619],[140.75299,35.84616],[140.75272,35.84506],[140.75339,35.84477],[140.7538,35.84498],[140.75531,35.8436],[140.7568,35.84272],[140.75721,35.84214],[140.75759,35.84217],[140.75833,35.84165],[140.75823,35.84145],[140.75865,35.84058],[140.7592,35.8398],[140.75992,35.83941],[140.75939,35.83908],[140.76024,35.83766],[140.76127,35.83655],[140.76079,35.8363],[140.76097,35.83572],[140.76147,35.83568],[140.76141,35.83503],[140.76219,35.83401],[140.76187,35.83382],[140.76203,35.83315],[140.76283,35.83267],[140.76345,35.83191],[140.76391,35.83238],[140.76444,35.83175],[140.76367,35.83155],[140.76417,35.83101],[140.76481,35.83114],[140.76499,35.8308],[140.76469,35.83035],[140.7652,35.8297],[140.76575,35.82971],[140.76877,35.82594],[140.76849,35.82552],[140.7692,35.82451],[140.76919,35.82375],[140.76981,35.82298],[140.77089,35.82297],[140.77107,35.82274],[140.77062,35.82219],[140.77118,35.82175],[140.77138,35.82124],[140.77206,35.82078],[140.77244,35.81997],[140.77306,35.81984],[140.77419,35.81862],[140.77409,35.8183],[140.77505,35.818],[140.77602,35.81695],[140.77635,35.81644],[140.776,35.81618],[140.77699,35.81561],[140.77855,35.81405],[140.77884,35.81352],[140.77954,35.81302],[140.77985,35.8124],[140.78043,35.81177],[140.78066,35.81111],[140.78141,35.81074],[140.78116,35.81034],[140.78277,35.80906],[140.78308,35.80918],[140.78382,35.80802],[140.78414,35.80725],[140.78411,35.80658],[140.78475,35.80573],[140.78487,35.8052],[140.7856,35.80439],[140.78612,35.80405],[140.78671,35.80396],[140.78789,35.80288],[140.78881,35.80123],[140.78951,35.8007],[140.79101,35.7988],[140.79151,35.79885],[140.79376,35.79605],[140.79491,35.79444],[140.79565,35.79475],[140.794,35.79656],[140.793,35.79737],[140.79214,35.79873],[140.79094,35.80027],[140.79054,35.80116],[140.78967,35.80191],[140.78927,35.80279],[140.7884,35.80348],[140.78758,35.80434],[140.7877,35.80483],[140.78651,35.80632],[140.78548,35.80729],[140.78396,35.80962],[140.78335,35.81007],[140.78216,35.81176],[140.78001,35.81425],[140.77765,35.81728],[140.77715,35.81771],[140.77402,35.82134],[140.77279,35.82299],[140.77122,35.82479],[140.7705,35.82591],[140.76947,35.82688],[140.76841,35.8285],[140.76738,35.82943],[140.76686,35.82971],[140.76682,35.8303],[140.76612,35.83065],[140.76663,35.83125],[140.76641,35.83169],[140.76431,35.83419],[140.76327,35.83458],[140.76292,35.83557],[140.76231,35.83579],[140.76223,35.83651],[140.75882,35.84221],[140.75795,35.84308],[140.75737,35.84317],[140.75741,35.84363],[140.75435,35.84771],[140.75383,35.84896],[140.75308,35.84951],[140.75245,35.8493],[140.75248,35.85032],[140.75231,35.8508],[140.75126,35.85085],[140.7509,35.85127],[140.75056,35.85294],[140.74997,35.85387],[140.74958,35.85403],[140.74809,35.85641],[140.74695,35.85772],[140.74608,35.85854],[140.74367,35.86183]]]},"properties":{"hoanrinKind":"保安林"}},
{"type":"Feature","geometry":{"type":"Polygon","coordinates":[[[140.74089,35.86482],[140.74085,35.86513],[140.74053,35.86542],[140.7403,35.86529],[140.74067,35.86474],[140.74089,35.86482]]]},"properties":{"hoanrinKind":"保安林"}},
{"type":"Feature","geometry":{"type":"Polygon","coordinates":[[[140.73977,35.86599],[140.73981,35.866],[140.73972,35.86607],[140.73977,35.86599]]]},"properties":{"hoanrinKind":"保安林"}},
{"type":"Feature","geometry":{"type":"Polygon","coordinates":[[[140.63274,36.02627],[140.6333,36.02657],[140.63289,36.0273],[140.63274,36.02627]]]},"properties":{"hoanrinKind":"保安林"}},
{"type":"Feature","geometry":{"type":"Polygon","coordinates":[[[140.63133,36.02901],[140.63146,36.02937],[140.63111,36.03056],[140.63045,36.03049],[140.63098,36.03004],[140.63108,36.02937],[140.63133,36.02901]]]},"properties":{"hoanrinKind":"保安林"}},
{"type":"Feature","geometry":{"type":"Polygon","coordinates":[[[140.63017,36.03149],[140.63011,36.03131],[140.6302,36.03118],[140.63017,36.03149]]]},"properties":{"hoanrinKind":"保安林"}},
{"type":"Feature","geometry":{"type":"Polygon","coordinates":[[[140.62936,36.03227],[140.62837,36.032],[140.62859,36.03129],[140.62902,36.03126],[140.63013,36.03163],[140.62936,36.03227]]]},"properties":{"hoanrinKind":"保安林"}},
{"type":"Feature","geometry":{"type":"Polygon","coordinates":[[[140.62942,36.03306],[140.62845,36.03314],[140.62844,36.03284],[140.62945,36.03266],[140.62942,36.03306]]]},"properties":{"hoanrinKind":"保安林"}},
{"type":"Feature","geometry":{"type":"Polygon","coordinates":[[[140.62691,36.03613],[140.62634,36.03657],[140.62624,36.03596],[140.6267,36.03426],[140.62726,36.03425],[140.62647,36.03529],[140.62701,36.03542],[140.6276,36.03522],[140.62809,36.03534],[140.62862,36.03515],[140.62908,36.03458],[140.62884,36.03649],[140.62836,36.03651],[140.62691,36.03613]]]},"properties":{"hoanrinKind":"保安林"}},
{"type":"Feature","geometry":{"type":"Polygon","coordinates":[[[140.62623,36.03898],[140.62645,36.03904],[140.62635,36.03922],[140.62621,36.03929],[140.62623,36.03898]]]},"properties":{"hoanrinKind":"保安林"}},
{"type":"Feature","geometry":{"type":"Polygon","coordinates":[[[140.62709,36.03993],[140.62679,36.03947],[140.62721,36.03884],[140.62793,36.03897],[140.62709,36.03993]]]},"properties":{"hoanrinKind":"保安林"}},
{"type":"Feature","geometry":{"type":"Polygon","coordinates":[[[140.63072,36.04146],[140.63068,36.04138],[140.63157,36.04006],[140.63162,36.04028],[140.63098,36.0414],[140.63072,36.04146]]]},"properties":{"hoanrinKind":"保安林"}},
{"type":"Feature","geometry":{"type":"Polygon","coordinates":[[[140.63012,36.04248],[140.62958,36.04381],[140.62932,36.04305],[140.6298,36.04289],[140.63012,36.04248]]]},"properties":{"hoanrinKind":"保安林"}},
{"type":"Feature","geometry":{"type":"Polygon","coordinates":[[[140.61972,36.0553],[140.6193,36.05492],[140.6196,36.05442],[140.61999,36.0547],[140.61972,36.0553]]]},"properties":{"hoanrinKind":"保安林"}},
{"type":"Feature","geometry":{"type":"Polygon","coordinates":[[[140.61925,36.05564],[140.61932,36.05585],[140.61885,36.05579],[140.61891,36.05552],[140.61925,36.05564]]]},"properties":{"hoanrinKind":"保安林"}},
{"type":"Feature","geometry":{"type":"Polygon","coordinates":[[[140.61588,36.06417],[140.61565,36.0645],[140.61609,36.06536],[140.61535,36.06644],[140.61467,36.06702],[140.61409,36.06681],[140.6141,36.06638],[140.61353,36.0662],[140.61353,36.06585],[140.61534,36.06395],[140.61602,36.06306],[140.61656,36.06388],[140.61588,36.06417]]]},"properties":{"hoanrinKind":"保安林"}},
{"type":"Feature","geometry":{"type":"Polygon","coordinates":[[[140.61461,36.06778],[140.61424,36.06798],[140.61312,36.06807],[140.61306,36.0678],[140.6139,36.06708],[140.61453,36.06735],[140.61461,36.06778]]]},"properties":{"hoanrinKind":"保安林"}},
{"type":"Feature","geometry":{"type":"Polygon","coordinates":[[[140.61029,36.07602],[140.60981,36.0758],[140.61,36.07484],[140.60987,36.07425],[140.6102,36.07376],[140.61011,36.07315],[140.61079,36.07262],[140.61055,36.07223],[140.61081,36.07191],[140.61138,36.07217],[140.61168,36.07127],[140.61114,36.07089],[140.61217,36.07073],[140.61249,36.0715],[140.61198,36.07198],[140.61202,36.07269],[140.61082,36.07419],[140.61094,36.07477],[140.61029,36.07602]]]},"properties":{"hoanrinKind":"保安林"}},
{"type":"Feature","geometry":{"type":"Polygon","coordinates":[[[140.29283,36.08507],[140.29203,36.08529],[140.28967,36.08511],[140.2885,36.08423],[140.28827,36.0825],[140.28856,36.08204],[140.2893,36.08229],[140.28966,36.08417],[140.29056,36.08502],[140.29114,36.08477],[140.29087,36.08415],[140.29083,36.08314],[140.29022,36.0826],[140.29074,36.08245],[140.29207,36.08317],[140.29206,36.08384],[140.29374,36.08416],[140.29413,36.08454],[140.29283,36.08507]]]},"properties":{"hoanrinKind":"保安林"}},
{"type":"Feature","geometry":{"type":"Polygon","coordinates":[[[140.29391,36.08532],[140.29344,36.08524],[140.29395,36.08523],[140.29391,36.08532]]]},"properties":{"hoanrinKind":"保安林"}},
{"type":"Feature","geometry":{"type":"Polygon","coordinates":[[[140.60424,36.0838],[140.60378,36.08377],[140.6039,36.08351],[140.60424,36.0838]]]},"properties":{"hoanrinKind":"保安林"}},
{"type":"Feature","geometry":{"type":"Polygon","coordinates":[[[140.6053,36.08715],[140.60418,36.0873],[140.60319,36.08727],[140.60318,36.08627],[140.60207,36.08584],[140.6017,36.0849],[140.60223,36.08501],[140.60283,36.08552],[140.60311,36.08608],[140.60401,36.08632],[140.60409,36.08701],[140.60481,36.0871],[140.60551,36.0858],[140.60533,36.08539],[140.60563,36.08458],[140.60497,36.08383],[140.60541,36.08331],[140.60526,36.08258],[140.60563,36.08227],[140.60582,36.08172],[140.607,36.08065],[140.60637,36.08019],[140.60667,36.07982],[140.60723,36.08019],[140.60768,36.07993],[140.60834,36.08008],[140.60863,36.08051],[140.60779,36.08127],[140.60772,36.08188],[140.60718,36.08193],[140.60723,36.08245],[140.60682,36.08302],[140.60644,36.08436],[140.60575,36.0847],[140.60638,36.08531],[140.6057,36.08567],[140.60595,36.08605],[140.60539,36.08661],[140.6053,36.08715]]]},"properties":{"hoanrinKind":"保安林"}},
{"type":"Feature","geometry":{"type":"Polygon","coordinates":[[[140.6042,36.08942],[140.6041,36.08936],[140.60415,36.08932],[140.6042,36.08942]]]},"properties":{"hoanrinKind":"保安林"}},
{"type":"Feature","geometry":{"type":"Polygon","coordinates":[[[140.60423,36.08959],[140.60433,36.08996],[140.6039,36.08994],[140.60423,36.08959]]]},"properties":{"hoanrinKind":"保安林"}},
{"type":"Feature","geometry":{"type":"Polygon","coordinates":[[[140.60391,36.0893],[140.60343,36.08993],[140.60241,36.08884],[140.60267,36.08842],[140.60342,36.08826],[140.60398,36.089],[140.60391,36.0893]]]},"properties":{"hoanrinKind":"保安林"}},
{"type":"Feature","geometry":{"type":"Polygon","coordinates":[[[140.44775,36.09085],[140.44753,36.09043],[140.44775,36.09009],[140.44775,36.09085]]]},"properties":{"hoanrinKind":"保安林"}},
{"type":"Feature","geometry":{"type":"Polygon","coordinates":[[[140.44719,36.09093],[140.44734,36.09122],[140.44724,36.09153],[140.44719,36.09093]]]},"properties":{"hoanrinKind":"保安林"}},
{"type":"Feature","geometry":{"type":"Polygon","coordinates":[[[140.44777,36.09178],[140.44774,36.09175],[140.44786,36.09173],[140.44777,36.09178]]]},"properties":{"hoanrinKind":"保安林"}},
{"type":"Feature","geometry":{"type":"Polygon","coordinates":[[[140.44776,36.0949],[140.44717,36.09552],[140.44671,36.09551],[140.44727,36.09466],[140.44716,36.09349],[140.4474,36.0923],[140.44776,36.09286],[140.44756,36.09337],[140.44755,36.0941],[140.44789,36.09461],[140.44776,36.0949]]]},"properties":{"hoanrinKind":"保安林"}},
{"type":"Feature","geometry":{"type":"Polygon","coordinates":[[[140.60217,36.08962],[140.60196,36.08956],[140.60199,36.08936],[140.60217,36.08962]]]},"properties":{"hoanrinKind":"保安林"}},
{"type":"Feature","geometry":{"type":"Polygon","coordinates":[[[140.60203,36.091],[140.60209,36.09104],[140.60196,36.09103],[140.60203,36.091]]]},"properties":{"hoanrinKind":"保安林"}},
{"type":"Feature","geometry":{"type":"Polygon","coordinates":[[[140.60144,36.09344],[140.60143,36.09357],[140.60119,36.0934],[140.60144,36.09344]]]},"properties":{"hoanrinKind":"保安林"}},
{"type":"Feature","geometry":{"type":"Polygon","coordinates":[[[140.60024,36.09508],[140.60011,36.09518],[140.59985,36.09494],[140.60075,36.0949],[140.60065,36.09506],[140.60024,36.09508]]]},"properties":{"hoanrinKind":"保安林"}},
{"type":"Feature","geometry":{"type":"Polygon","coordinates":[[[140.60047,36.09541],[140.60079,36.09552],[140.60069,36.09582],[140.60047,36.09541]]]},"properties":{"hoanrinKind":"保安林"}},
{"type":"Feature","geometry":{"type":"Polygon","coordinates":[[[140.60139,36.10074],[140.60067,36.10146],[140.59956,36.10181],[140.59934,36.10134],[140.59967,36.10057],[140.59975,36.09968],[140.6001,36.09971],[140.60056,36.09918],[140.59997,36.09862],[140.60048,36.09804],[140.60067,36.09712],[140.60123,36.0963],[140.60203,36.09572],[140.60184,36.09495],[140.60083,36.09481],[140.60098,36.09433],[140.60242,36.09459],[140.60302,36.09502],[140.60309,36.09385],[140.60282,36.09235],[140.60223,36.09219],[140.60261,36.09171],[140.60223,36.09107],[140.60363,36.09133],[140.60381,36.09178],[140.60332,36.09284],[140.60345,36.09396],[140.6038,36.09464],[140.60307,36.09551],[140.60252,36.09659],[140.60225,36.09739],[140.60192,36.0974],[140.60187,36.0981],[140.60141,36.098],[140.6009,36.09861],[140.60089,36.10017],[140.60155,36.10039],[140.60139,36.10074]]]},"properties":{"hoanrinKind":"保安林"}},
{"type":"Feature","geometry":{"type":"Polygon","coordinates":[[[140.59631,36.10424],[140.59631,36.10453],[140.59612,36.10444],[140.5961,36.10422],[140.59631,36.10424]]]},"properties":{"hoanrinKind":"保安林"}},
{"type":"Feature","geometry":{"type":"Polygon","coordinates":[[[140.12552,36.10985],[140.12586,36.11016],[140.12517,36.10983],[140.12552,36.10985]]]},"properties":{"hoanrinKind":"保安林"}},
{"type":"Feature","geometry":{"type":"Polygon","coordinates":[[[140.12744,36.11053],[140.12715,36.11084],[140.12638,36.11085],[140.12622,36.11026],[140.12744,36.11053]]]},"properties":{"hoanrinKind":"保安林"}},
{"type":"Feature","geometry":{"type":"Polygon","coordinates":[[[140.59648,36.11157],[140.59618,36.11257],[140.59581,36.11294],[140.59521,36.11287],[140.59478,36.11252],[140.59504,36.11181],[140.59585,36.11144],[140.59648,36.11157]]]},"properties":{"hoanrinKind":"保安林"}},
{"type":"Feature","geometry":{"type":"Polygon","coordinates":[[[140.58799,36.13379],[140.58677,36.13409],[140.58684,36.13346],[140.58587,36.13352],[140.58557,36.13319],[140.58564,36.13262],[140.58615,36.13222],[140.5869,36.13212],[140.58744,36.13116],[140.58807,36.13112],[140.588,36.13059],[140.5873,36.13062],[140.58727,36.13026],[140.5864,36.12992],[140.5865,36.12922],[140.58714,36.12899],[140.58674,36.12832],[140.58544,36.12812],[140.58507,36.12749],[140.58874,36.12749],[140.58897,36.12699],[140.5879,36.12692],[140.58816,36.12646],[140.589,36.12632],[140.58924,36.12559],[140.58967,36.12489],[140.58957,36.12389],[140.58937,36.12329],[140.59017,36.12272],[140.59044,36.12222],[140.5904,36.12152],[140.59067,36.12092],[140.5898,36.12052],[140.589,36.12098],[140.58812,36.12074],[140.5896,36.12019],[140.59028,36.11928],[140.59124,36.11892],[140.59123,36.11846],[140.59086,36.11757],[140.59228,36.11721],[140.59238,36.11617],[140.59267,36.11532],[140.59318,36.11484],[140.59324,36.11411],[140.59242,36.11408],[140.59138,36.11338],[140.59162,36.11284],[140.59245,36.11278],[140.59318,36.11306],[140.59339,36.11347],[140.59464,36.1136],[140.59513,36.11378],[140.59485,36.11486],[140.59455,36.11527],[140.59382,36.11682],[140.59325,36.11767],[140.59306,36.11872],[140.59224,36.11917],[140.59231,36.11982],[140.59208,36.12103],[140.59175,36.12119],[140.59154,36.12198],[140.59019,36.12426],[140.59024,36.12471],[140.58973,36.12542],[140.58975,36.12602],[140.59067,36.12616],[140.58955,36.12863],[140.58972,36.12887],[140.58877,36.13185],[140.58799,36.13379]]]},"properties":{"hoanrinKind":"保安林"}},
{"type":"Feature","geometry":{"type":"Polygon","coordinates":[[[140.19193,36.16358],[140.19141,36.16379],[140.18969,36.16358],[140.1922,36.16319],[140.19193,36.16358]]]},"properties":{"hoanrinKind":"保安林"}},
{"type":"Feature","geometry":{"type":"Polygon","coordinates":[[[140.18803,36.16389],[140.18753,36.16406],[140.18746,36.16402],[140.18803,36.16389]]]},"properties":{"hoanrinKind":"保安林"}},
{"type":"Feature","geometry":{"type":"Polygon","coordinates":[[[140.19225,36.16423],[140.19192,36.16432],[140.19168,36.16429],[140.19234,36.16406],[140.19225,36.16423]]]},"properties":{"hoanrinKind":"保安林"}},
{"type":"Feature","geometry":{"type":"Polygon","coordinates":[[[140.57344,36.17478],[140.57344,36.17526],[140.57282,36.17552],[140.57291,36.17475],[140.57344,36.17478]]]},"properties":{"hoanrinKind":"保安林"}},
{"type":"Feature","geometry":{"type":"Polygon","coordinates":[[[140.56852,36.18077],[140.56876,36.18102],[140.56869,36.18118],[140.56834,36.18084],[140.56852,36.18077]]]},"properties":{"hoanrinKind":"保安林"}},
{"type":"Feature","geometry":{"type":"Polygon","coordinates":[[[140.57115,36.18446],[140.57119,36.1849],[140.57068,36.18683],[140.57029,36.186],[140.57004,36.18496],[140.57017,36.18402],[140.57003,36.1837],[140.56834,36.18255],[140.56948,36.18227],[140.56902,36.18152],[140.56967,36.18156],[140.5698,36.18213],[140.57073,36.18186],[140.57109,36.1813],[140.57109,36.1807],[140.57082,36.1796],[140.571,36.17891],[140.57172,36.1785],[140.57168,36.17765],[140.57266,36.176],[140.57219,36.17874],[140.57167,36.17978],[140.57163,36.18081],[140.57128,36.18225],[140.57095,36.18315],[140.57047,36.18389],[140.57112,36.18407],[140.57115,36.18446]]]},"properties":{"hoanrinKind":"保安林"}},
{"type":"Feature","geometry":{"type":"Polygon","coordinates":[[[140.13545,36.18522],[140.13461,36.18555],[140.13356,36.18638],[140.13274,36.18683],[140.13287,36.18597],[140.13414,36.18527],[140.13446,36.18475],[140.13412,36.1845],[140.13305,36.18511],[140.13301,36.18479],[140.1335,36.18438],[140.13473,36.18393],[140.13554,36.1839],[140.13589,36.18286],[140.13647,36.18282],[140.13658,36.18234],[140.13588,36.18155],[140.13604,36.18089],[140.13696,36.18002],[140.13689,36.17917],[140.13637,36.1788],[140.13658,36.17842],[140.13747,36.17757],[140.13925,36.17621],[140.13982,36.17536],[140.14111,36.17419],[140.14178,36.17421],[140.14252,36.17325],[140.14299,36.1732],[140.14301,36.17252],[140.14345,36.1722],[140.14397,36.1722],[140.14507,36.17165],[140.14592,36.17161],[140.14636,36.17192],[140.14678,36.17165],[140.14744,36.17165],[140.1478,36.17203],[140.14827,36.17307],[140.14957,36.1732],[140.15046,36.17363],[140.15099,36.17367],[140.15037,36.17463],[140.15136,36.17575],[140.1518,36.17521],[140.15135,36.17392],[140.15136,36.17363],[140.15377,36.17356],[140.15441,36.174],[140.15491,36.17497],[140.15616,36.17507],[140.15608,36.17567],[140.15512,36.17592],[140.15452,36.17693],[140.15435,36.17785],[140.15365,36.17813],[140.15294,36.17813],[140.1526,36.17945],[140.15135,36.18078],[140.15121,36.17876],[140.15009,36.17753],[140.15039,36.17708],[140.14989,36.1763],[140.14878,36.17674],[140.14852,36.17612],[140.14778,36.17538],[140.14677,36.17466],[140.14576,36.17524],[140.1452,36.17523],[140.1443,36.17486],[140.14386,36.17529],[140.14381,36.17584],[140.1434,36.17713],[140.14275,36.17742],[140.14171,36.17716],[140.14137,36.17748],[140.14172,36.17808],[140.14184,36.17917],[140.14062,36.17915],[140.14039,36.17986],[140.1409,36.18032],[140.14073,36.18058],[140.13973,36.18106],[140.13981,36.18144],[140.14154,36.18166],[140.14191,36.18217],[140.14371,36.18359],[140.14516,36.18405],[140.14508,36.1846],[140.14407,36.18437],[140.14381,36.18502],[140.14376,36.1861],[140.14306,36.18655],[140.14227,36.18661],[140.14063,36.18613],[140.13979,36.18505],[140.13922,36.18458],[140.13833,36.18506],[140.13755,36.18445],[140.13666,36.18411],[140.13659,36.18353],[140.13613,36.18342],[140.13624,36.18462],[140.13677,36.18525],[140.13795,36.18525],[140.13847,36.18584],[140.1384,36.18623],[140.13727,36.18567],[140.13623,36.1856],[140.13593,36.18523],[140.13545,36.18522]],[[140.15213,36.1744],[140.15226,36.17525],[140.15187,36.17604],[140.15194,36.17677],[140.15243,36.17661],[140.15294,36.17605],[140.15313,36.17549],[140.15318,36.17427],[140.15213,36.1744]]]},"properties":{"hoanrinKind":"保安林"}},
{"type":"Feature","geometry":{"type":"Polygon","coordinates":[[[140.21164,36.18834],[140.20936,36.18834],[140.20899,36.18826],[140.20809,36.18687],[140.20765,36.18595],[140.2071,36.18553],[140.20551,36.18532],[140.20204,36.18458],[140.2011,36.18381],[140.20034,36.18346],[140.19985,36.18295],[140.19895,36.18288],[140.1979,36.18341],[140.1975,36.18393],[140.19666,36.18462],[140.19567,36.18473],[140.19551,36.18432],[140.19591,36.18365],[140.19536,36.18312],[140.19509,36.18209],[140.19635,36.18198],[140.19698,36.18149],[140.19722,36.18105],[140.19746,36.17909],[140.19768,36.17892],[140.19914,36.17921],[140.20015,36.17929],[140.20067,36.1799],[140.20156,36.18063],[140.2023,36.18165],[140.20295,36.18185],[140.20477,36.18204],[140.20396,36.18278],[140.20495,36.18325],[140.20545,36.18265],[140.20601,36.18283],[140.20745,36.18369],[140.20784,36.18356],[140.20849,36.18293],[140.21002,36.1826],[140.21069,36.18214],[140.21223,36.18216],[140.21266,36.18259],[140.21335,36.18294],[140.21312,36.18323],[140.21281,36.18508],[140.21225,36.1856],[140.21149,36.18567],[140.21126,36.18639],[140.21215,36.18637],[140.21216,36.18719],[140.21129,36.18672],[140.21144,36.18754],[140.21116,36.18794],[140.21164,36.18834]],[[140.20825,36.18624],[140.20879,36.18704],[140.20971,36.18657],[140.20966,36.1861],[140.21066,36.18579],[140.21031,36.18512],[140.20985,36.18522],[140.20907,36.1846],[140.20779,36.18503],[140.20825,36.18624]]]},"properties":{"hoanrinKind":"保安林"}},
{"type":"Feature","geometry":{"type":"Polygon","coordinates":[[[140.1275,36.18735],[140.12723,36.18808],[140.12655,36.1883],[140.12609,36.18907],[140.12541,36.18944],[140.12482,36.19014],[140.12398,36.18976],[140.12252,36.18823],[140.12235,36.18791],[140.12076,36.18735],[140.11918,36.18708],[140.11806,36.18702],[140.11777,36.18655],[140.11754,36.18536],[140.11789,36.18503],[140.11783,36.18366],[140.11823,36.1836],[140.11851,36.18425],[140.119,36.18485],[140.11984,36.18471],[140.12083,36.18487],[140.12158,36.18425],[140.12208,36.18415],[140.12245,36.18317],[140.12237,36.18253],[140.12277,36.18181],[140.12334,36.18196],[140.12339,36.18371],[140.12384,36.18415],[140.12424,36.18393],[140.12388,36.18207],[140.12449,36.18198],[140.12523,36.18271],[140.12533,36.18187],[140.12715,36.18188],[140.12775,36.18206],[140.12875,36.18206],[140.12923,36.18163],[140.13029,36.18196],[140.13005,36.18139],[140.13109,36.18136],[140.13123,36.18057],[140.13206,36.17942],[140.13229,36.17836],[140.1321,36.17818],[140.13115,36.17834],[140.13012,36.179],[140.12871,36.1793],[140.1275,36.17977],[140.12594,36.18099],[140.12543,36.18098],[140.12651,36.17965],[140.12664,36.17819],[140.12594,36.17671],[140.1258,36.17615],[140.12505,36.17436],[140.12482,36.17355],[140.12473,36.17246],[140.12444,36.17182],[140.12381,36.17191],[140.12402,36.17105],[140.1235,36.17032],[140.12336,36.16983],[140.12225,36.16895],[140.12084,36.16851],[140.12003,36.16771],[140.11936,36.16737],[140.11856,36.16743],[140.11744,36.16724],[140.11716,36.16651],[140.11776,36.16478],[140.11843,36.16443],[140.11953,36.1643],[140.1195,36.16382],[140.11843,36.1635],[140.11828,36.16305],[140.11888,36.16298],[140.11903,36.16198],[140.11797,36.16203],[140.11732,36.1618],[140.11637,36.16117],[140.11656,36.16099],[140.11763,36.16163],[140.11821,36.16168],[140.11942,36.16088],[140.11967,36.16054],[140.12115,36.1599],[140.12256,36.15967],[140.12356,36.15911],[140.12464,36.15882],[140.12485,36.15941],[140.12538,36.15894],[140.12549,36.15774],[140.1267,36.15747],[140.12742,36.15748],[140.12786,36.15728],[140.12773,36.15665],[140.12823,36.15642],[140.12865,36.15683],[140.12859,36.15752],[140.12925,36.15757],[140.13002,36.1579],[140.13036,36.1575],[140.13016,36.15668],[140.13016,36.15597],[140.13167,36.15657],[140.13246,36.15712],[140.13401,36.1577],[140.13455,36.15808],[140.13521,36.15895],[140.13531,36.15945],[140.13513,36.16046],[140.13441,36.16315],[140.13406,36.16376],[140.13122,36.16412],[140.13098,36.16509],[140.13025,36.16684],[140.12957,36.16721],[140.13021,36.16773],[140.13044,36.16833],[140.13081,36.16858],[140.13245,36.16884],[140.13292,36.16922],[140.1333,36.16985],[140.13453,36.17073],[140.13471,36.17235],[140.1346,36.173],[140.1352,36.17415],[140.13674,36.17511],[140.13887,36.17582],[140.13873,36.17607],[140.13683,36.17757],[140.13597,36.17833],[140.1358,36.17887],[140.13627,36.17932],[140.13619,36.18007],[140.13551,36.18097],[140.13497,36.1808],[140.13345,36.18178],[140.13227,36.18273],[140.13124,36.18402],[140.13098,36.18529],[140.12986,36.18529],[140.12914,36.18585],[140.12879,36.18674],[140.12797,36.18688],[140.1275,36.18735]]]},"properties":{"hoanrinKind":"保安林"}},
{"type":"Feature","geometry":{"type":"Polygon","coordinates":[[[140.56367,36.19405],[140.5635,36.19469],[140.5629,36.19479],[140.56333,36.194],[140.56367,36.19405]]]},"properties":{"hoanrinKind":"保安林"}},
{"type":"Feature","geometry":{"type":"Polygon","coordinates":[[[140.56223,36.19536],[140.56252,36.19548],[140.56221,36.19561],[140.56223,36.19536]]]},"properties":{"hoanrinKind":"保安林"}},
{"type":"Feature","geometry":{"type":"Polygon","coordinates":[[[140.13971,36.19188],[140.13968,36.19209],[140.13939,36.19222],[140.13971,36.19188]]]},"properties":{"hoanrinKind":"保安林"}},
{"type":"Feature","geometry":{"type":"Polygon","coordinates":[[[140.13261,36.19644],[140.13278,36.19726],[140.13311,36.19773],[140.13372,36.19814],[140.13355,36.19841],[140.13267,36.19833],[140.13223,36.19807],[140.13079,36.19621],[140.13028,36.19616],[140.12995,36.19706],[140.12909,36.19718],[140.12913,36.19781],[140.12847,36.19806],[140.1282,36.19786],[140.12819,36.19729],[140.12888,36.19688],[140.12934,36.19613],[140.13013,36.19534],[140.12981,36.19402],[140.13006,36.19291],[140.13,36.19207],[140.12971,36.19097],[140.12882,36.18983],[140.12816,36.18928],[140.12852,36.18887],[140.13002,36.188],[140.13048,36.18693],[140.13097,36.18625],[140.13194,36.18551],[140.13216,36.18386],[140.13245,36.1834],[140.13365,36.18258],[140.13407,36.18306],[140.13275,36.18354],[140.13242,36.18429],[140.1323,36.18566],[140.13209,36.18601],[140.13109,36.18678],[140.13063,36.18787],[140.1315,36.18748],[140.13193,36.1879],[140.13285,36.18726],[140.13384,36.18684],[140.13453,36.18687],[140.13536,36.18735],[140.1371,36.18699],[140.13751,36.18836],[140.13818,36.18861],[140.13735,36.18953],[140.13695,36.19018],[140.13402,36.19084],[140.13224,36.19106],[140.13188,36.19161],[140.13186,36.19211],[140.13301,36.19244],[140.1341,36.19248],[140.13529,36.19179],[140.13624,36.19144],[140.13654,36.19084],[140.1374,36.19173],[140.13671,36.1927],[140.13567,36.19294],[140.13495,36.19402],[140.13586,36.19524],[140.13685,36.19727],[140.13609,36.19795],[140.13564,36.19807],[140.13444,36.19686],[140.13426,36.19707],[140.13531,36.19807],[140.13398,36.19778],[140.13338,36.19746],[140.13327,36.19653],[140.13261,36.19644]],[[140.13497,36.18907],[140.13595,36.18957],[140.13617,36.18948],[140.13628,36.18843],[140.13604,36.18816],[140.13544,36.18832],[140.13399,36.18816],[140.13471,36.18744],[140.13381,36.18741],[140.13296,36.18798],[140.13276,36.18849],[140.13346,36.18849],[140.13497,36.18907]]]},"properties":{"hoanrinKind":"保安林"}},
{"type":"Feature","geometry":{"type":"Polygon","coordinates":[[[140.56583,36.20081],[140.56561,36.20037],[140.5658,36.19996],[140.5664,36.19999],[140.5663,36.20053],[140.56583,36.20081]]]},"properties":{"hoanrinKind":"保安林"}},
{"type":"Feature","geometry":{"type":"Polygon","coordinates":[[[140.56589,36.20531],[140.56594,36.2067],[140.56517,36.20607],[140.5645,36.20592],[140.56415,36.20552],[140.56431,36.20488],[140.56472,36.20487],[140.56481,36.20427],[140.56517,36.20385],[140.56504,36.203],[140.56539,36.20183],[140.56586,36.20152],[140.56632,36.20187],[140.56589,36.20373],[140.56589,36.20531]]]},"properties":{"hoanrinKind":"保安林"}},
{"type":"Feature","geometry":{"type":"Polygon","coordinates":[[[140.56386,36.20624],[140.56504,36.20731],[140.56459,36.20786],[140.5637,36.207],[140.56345,36.20639],[140.56386,36.20624]]]},"properties":{"hoanrinKind":"保安林"}},
{"type":"Feature","geometry":{"type":"Polygon","coordinates":[[[140.56589,36.20876],[140.56533,36.20998],[140.56503,36.20953],[140.56545,36.20833],[140.56589,36.20876]]]},"properties":{"hoanrinKind":"保安林"}},
{"type":"Feature","geometry":{"type":"Polygon","coordinates":[[[140.5643,36.20996],[140.5646,36.21012],[140.56432,36.21058],[140.56406,36.21054],[140.5643,36.20996]]]},"properties":{"hoanrinKind":"保安林"}},
{"type":"Feature","geometry":{"type":"Polygon","coordinates":[[[140.56507,36.2114],[140.56495,36.21123],[140.56496,36.21097],[140.56505,36.21061],[140.56507,36.2114]]]},"properties":{"hoanrinKind":"保安林"}},
{"type":"Feature","geometry":{"type":"Polygon","coordinates":[[[140.56438,36.21357],[140.56367,36.21334],[140.56329,36.21278],[140.56244,36.21245],[140.56285,36.21152],[140.56372,36.21158],[140.56368,36.21207],[140.56398,36.21278],[140.5644,36.21288],[140.56438,36.21357]]]},"properties":{"hoanrinKind":"保安林"}},
{"type":"Feature","geometry":{"type":"Polygon","coordinates":[[[140.17098,36.21116],[140.17104,36.21175],[140.16994,36.21275],[140.16958,36.2125],[140.16886,36.21153],[140.16915,36.21106],[140.16872,36.20972],[140.16788,36.21],[140.16738,36.20981],[140.16703,36.21024],[140.16731,36.21137],[140.16672,36.21108],[140.1665,36.21058],[140.1666,36.20982],[140.16699,36.20971],[140.16806,36.20857],[140.17098,36.21116]]]},"properties":{"hoanrinKind":"保安林"}},
{"type":"Feature","geometry":{"type":"Polygon","coordinates":[[[140.16739,36.21399],[140.16694,36.21437],[140.16641,36.21376],[140.1664,36.21283],[140.16715,36.21219],[140.16765,36.2122],[140.1683,36.21383],[140.16777,36.21416],[140.16739,36.21399]]]},"properties":{"hoanrinKind":"保安林"}},
{"type":"Feature","geometry":{"type":"Polygon","coordinates":[[[140.56077,36.22412],[140.5597,36.22398],[140.55903,36.22405],[140.55926,36.22327],[140.5599,36.22294],[140.56033,36.22329],[140.56077,36.22412]]]},"properties":{"hoanrinKind":"保安林"}},
{"type":"Feature","geometry":{"type":"Polygon","coordinates":[[[140.56091,36.22479],[140.56104,36.22486],[140.56077,36.22486],[140.56091,36.22479]]]},"properties":{"hoanrinKind":"保安林"}},
{"type":"Feature","geometry":{"type":"Polygon","coordinates":[[[140.559,36.23644],[140.55935,36.23674],[140.55926,36.23692],[140.55888,36.2366],[140.559,36.23644]]]},"properties":{"hoanrinKind":"保安林"}},
{"type":"Feature","geometry":{"type":"Polygon","coordinates":[[[140.5608,36.23738],[140.56071,36.23794],[140.56001,36.23804],[140.55969,36.23777],[140.55997,36.23724],[140.56016,36.23598],[140.5595,36.23576],[140.5599,36.23457],[140.55984,36.23404],[140.56032,36.23312],[140.56078,36.23302],[140.56103,36.23183],[140.56036,36.23161],[140.56043,36.23125],[140.56123,36.23056],[140.56151,36.22779],[140.56097,36.22666],[140.56168,36.22598],[140.56186,36.22494],[140.56175,36.22352],[140.56199,36.22218],[140.56236,36.22116],[140.56242,36.22017],[140.56275,36.21902],[140.56269,36.21814],[140.56278,36.21648],[140.56181,36.21598],[140.56239,36.21558],[140.56375,36.21606],[140.56344,36.2194],[140.5629,36.22136],[140.56294,36.22227],[140.56283,36.22336],[140.56233,36.22357],[140.56209,36.22402],[140.56237,36.22448],[140.56205,36.22708],[140.56177,36.22811],[140.56152,36.22993],[140.56138,36.23164],[140.56117,36.23252],[140.56113,36.23532],[140.56077,36.23596],[140.561,36.23623],[140.5608,36.23738]]]},"properties":{"hoanrinKind":"保安林"}},
{"type":"Feature","geometry":{"type":"Polygon","coordinates":[[[140.55716,36.24856],[140.55734,36.24841],[140.55743,36.24813],[140.55752,36.2482],[140.55725,36.24855],[140.55716,36.24856]]]},"properties":{"hoanrinKind":"保安林"}},
{"type":"Feature","geometry":{"type":"Polygon","coordinates":[[[140.55693,36.24858],[140.55689,36.24857],[140.55705,36.24857],[140.55693,36.24858]]]},"properties":{"hoanrinKind":"保安林"}},
{"type":"Feature","geometry":{"type":"Polygon","coordinates":[[[140.08291,36.24697],[140.08245,36.24766],[140.08198,36.24882],[140.08124,36.24924],[140.08094,36.24972],[140.08037,36.24989],[140.08004,36.24907],[140.0805,36.2486],[140.08138,36.24837],[140.08157,36.24792],[140.08114,36.24684],[140.0807,36.24688],[140.0812,36.24797],[140.08035,36.24839],[140.07947,36.24788],[140.0793,36.24672],[140.07837,36.24536],[140.0776,36.24502],[140.07602,36.24526],[140.07582,36.2441],[140.07548,36.24368],[140.07482,36.24339],[140.07483,36.2422],[140.07525,36.24174],[140.07542,36.2412],[140.07617,36.24044],[140.07724,36.23982],[140.07804,36.23956],[140.07871,36.23885],[140.07897,36.23813],[140.07751,36.2381],[140.07746,36.23768],[140.07657,36.23711],[140.07702,36.23683],[140.0765,36.23606],[140.07774,36.23538],[140.07765,36.23476],[140.07704,36.23427],[140.07779,36.23356],[140.0773,36.23317],[140.0769,36.23234],[140.07709,36.23188],[140.07793,36.23217],[140.07911,36.23239],[140.08056,36.23329],[140.08202,36.23388],[140.08303,36.23403],[140.08481,36.23359],[140.08633,36.23311],[140.0898,36.23296],[140.09089,36.23262],[140.09217,36.2325],[140.09434,36.23214],[140.09534,36.2318],[140.09606,36.23069],[140.09624,36.22981],[140.09567,36.22935],[140.09594,36.22818],[140.09653,36.22651],[140.09926,36.22643],[140.09976,36.22673],[140.10272,36.22689],[140.10377,36.2263],[140.10558,36.22588],[140.1058,36.22533],[140.1071,36.22557],[140.10845,36.22554],[140.10889,36.22612],[140.11124,36.22649],[140.1116,36.22788],[140.11182,36.22813],[140.1146,36.22903],[140.11563,36.22949],[140.11589,36.23091],[140.11757,36.23147],[140.11898,36.23156],[140.12095,36.23181],[140.12202,36.2322],[140.12285,36.2327],[140.12341,36.23363],[140.12289,36.23398],[140.12132,36.23423],[140.12015,36.23467],[140.12079,36.2352],[140.12134,36.23631],[140.12194,36.23696],[140.12001,36.23815],[140.11659,36.23821],[140.11434,36.23848],[140.11326,36.23938],[140.11309,36.23993],[140.1137,36.24088],[140.11508,36.242],[140.11577,36.24246],[140.11607,36.24383],[140.1165,36.24451],[140.11657,36.24559],[140.11627,36.2459],[140.11548,36.24619],[140.11506,36.24608],[140.11434,36.24654],[140.1143,36.24681],[140.11483,36.24752],[140.11559,36.24778],[140.11596,36.24755],[140.11695,36.24755],[140.11786,36.24786],[140.11786,36.24903],[140.11734,36.24971],[140.11618,36.24894],[140.11527,36.24911],[140.11457,36.24897],[140.11264,36.24898],[140.11086,36.24766],[140.11053,36.24656],[140.10995,36.2453],[140.10984,36.24432],[140.10941,36.24365],[140.10805,36.24292],[140.10677,36.24239],[140.10573,36.24231],[140.10502,36.24257],[140.1037,36.24194],[140.10268,36.24163],[140.10125,36.24151],[140.10056,36.24056],[140.09962,36.24022],[140.09885,36.2407],[140.09823,36.24065],[140.09787,36.24189],[140.09751,36.24221],[140.09699,36.24208],[140.09605,36.24051],[140.09571,36.24057],[140.09492,36.24137],[140.09389,36.24172],[140.09339,36.24257],[140.09337,36.24311],[140.09256,36.2443],[140.09279,36.24496],[140.09278,36.2462],[140.09226,36.24703],[140.09103,36.24704],[140.08961,36.24726],[140.08942,36.24775],[140.08864,36.24762],[140.08894,36.24671],[140.08838,36.24603],[140.08756,36.24613],[140.08758,36.24684],[140.08676,36.24752],[140.08675,36.24846],[140.08604,36.24855],[140.08552,36.24888],[140.08546,36.24803],[140.08462,36.24812],[140.08294,36.24928],[140.08267,36.24899],[140.08336,36.24757],[140.08373,36.24707],[140.08346,36.24649],[140.08291,36.24697]],[[140.07998,36.24345],[140.08053,36.24365],[140.08051,36.24283],[140.07995,36.2428],[140.07998,36.24345]]]},"properties":{"hoanrinKind":"保安林"}},
{"type":"Feature","geometry":{"type":"Polygon","coordinates":[[[140.12836,36.23775],[140.12819,36.2377],[140.12817,36.23759],[140.12838,36.2377],[140.12836,36.23775]]]},"properties":{"hoanrinKind":"保安林"}},
{"type":"Feature","geometry":{"type":"Polygon","coordinates":[[[140.13905,36.24842],[140.13897,36.24891],[140.13666,36.25026],[140.13643,36.25064],[140.13556,36.25115],[140.13516,36.25015],[140.13543,36.24962],[140.13538,36.2488],[140.13477,36.24807],[140.1338,36.24794],[140.13317,36.24754],[140.13319,36.24678],[140.13262,36.24605],[140.13324,36.24595],[140.1334,36.24542],[140.13386,36.24493],[140.13363,36.24452],[140.133,36.24407],[140.13295,36.2431],[140.13231,36.2427],[140.13119,36.24239],[140.13038,36.24249],[140.12989,36.24284],[140.12884,36.24225],[140.12768,36.24144],[140.1266,36.24045],[140.12578,36.24097],[140.12525,36.24042],[140.12568,36.23936],[140.12631,36.23943],[140.12617,36.23888],[140.12657,36.23837],[140.12747,36.23766],[140.12863,36.23839],[140.12936,36.23943],[140.13056,36.23973],[140.13112,36.2393],[140.13138,36.23974],[140.13281,36.23905],[140.13329,36.23854],[140.13498,36.23783],[140.13629,36.23774],[140.137,36.2369],[140.13593,36.23685],[140.13506,36.23665],[140.13516,36.23586],[140.13658,36.23539],[140.13743,36.23495],[140.13836,36.23476],[140.13827,36.23422],[140.13863,36.23409],[140.13849,36.23345],[140.13902,36.23323],[140.14008,36.23323],[140.14015,36.23421],[140.13934,36.23483],[140.14013,36.23553],[140.141,36.23539],[140.14117,36.23655],[140.14026,36.23667],[140.13989,36.23712],[140.13929,36.23749],[140.13791,36.23738],[140.13721,36.23823],[140.13737,36.23922],[140.138,36.23959],[140.13839,36.24028],[140.13912,36.23997],[140.13891,36.2395],[140.13914,36.239],[140.14038,36.23857],[140.14115,36.23856],[140.14154,36.23946],[140.14035,36.2397],[140.14037,36.24109],[140.14068,36.24138],[140.14059,36.24207],[140.1412,36.2423],[140.14164,36.24306],[140.14073,36.24296],[140.14012,36.24327],[140.1386,36.24333],[140.13799,36.24318],[140.1374,36.24337],[140.13688,36.24398],[140.13694,36.24443],[140.13771,36.24531],[140.13852,36.24481],[140.13792,36.24421],[140.13831,36.24397],[140.13896,36.24453],[140.13933,36.24398],[140.14081,36.24413],[140.14118,36.24455],[140.14269,36.2447],[140.14413,36.2446],[140.14508,36.2449],[140.14583,36.24417],[140.14643,36.24409],[140.14646,36.24464],[140.14682,36.24495],[140.14767,36.24469],[140.14788,36.24432],[140.14867,36.2449],[140.14708,36.24572],[140.14701,36.24717],[140.14753,36.24798],[140.14665,36.24805],[140.14618,36.24788],[140.1443,36.24821],[140.1434,36.24825],[140.14167,36.24773],[140.14008,36.24766],[140.14007,36.24796],[140.13905,36.24842]],[[140.13721,36.24829],[140.13741,36.24784],[140.13555,36.24728],[140.1356,36.24697],[140.13654,36.24673],[140.13652,36.24629],[140.13545,36.24656],[140.13439,36.24742],[140.13485,36.24773],[140.13548,36.24757],[140.13721,36.24829]],[[140.134,36.24765],[140.13433,36.24627],[140.13394,36.24575],[140.13362,36.24588],[140.13368,36.24746],[140.134,36.24765]]]},"properties":{"hoanrinKind":"保安林"}},
{"type":"Feature","geometry":{"type":"Polygon","coordinates":[[[140.5551,36.25172],[140.55589,36.25203],[140.55579,36.25236],[140.55523,36.25215],[140.5551,36.25172]]]},"properties":{"hoanrinKind":"保安林"}},
{"type":"Feature","geometry":{"type":"Polygon","coordinates":[[[140.55703,36.25247],[140.5575,36.25137],[140.55803,36.25121],[140.55814,36.25192],[140.55728,36.25259],[140.55703,36.25247]]]},"properties":{"hoanrinKind":"保安林"}},
{"type":"Feature","geometry":{"type":"Polygon","coordinates":[[[140.13082,36.25185],[140.13132,36.25286],[140.13129,36.2535],[140.13069,36.25397],[140.12975,36.2551],[140.12932,36.25514],[140.12894,36.25352],[140.12855,36.25258],[140.12798,36.25241],[140.12758,36.25177],[140.12705,36.25172],[140.12667,36.25199],[140.12599,36.25298],[140.12468,36.25317],[140.12202,36.25398],[140.12126,36.25393],[140.12023,36.25308],[140.12072,36.25276],[140.12032,36.25128],[140.11984,36.25068],[140.11924,36.2502],[140.11798,36.24987],[140.11816,36.24909],[140.11849,36.24838],[140.11936,36.24762],[140.11964,36.24704],[140.12036,36.24658],[140.12082,36.24567],[140.1213,36.24523],[140.1215,36.24465],[140.12224,36.24425],[140.12214,36.2439],[140.12299,36.2429],[140.12316,36.24249],[140.12371,36.24211],[140.12426,36.24146],[140.12475,36.24114],[140.12542,36.24157],[140.12549,36.24222],[140.12367,36.24302],[140.1239,36.24336],[140.12344,36.24369],[140.12285,36.2437],[140.12279,36.24417],[140.12315,36.24442],[140.12376,36.24386],[140.12433,36.24374],[140.12495,36.24425],[140.12555,36.24447],[140.12614,36.24508],[140.12706,36.24516],[140.12753,36.24549],[140.12835,36.24559],[140.12913,36.24611],[140.13022,36.24632],[140.13169,36.24617],[140.13201,36.24673],[140.1299,36.24904],[140.12945,36.24904],[140.12926,36.24953],[140.12942,36.25069],[140.13082,36.25185]],[[140.11847,36.24984],[140.11901,36.24998],[140.11911,36.24947],[140.1185,36.24946],[140.11847,36.24984]]]},"properties":{"hoanrinKind":"保安林"}},
{"type":"Feature","geometry":{"type":"Polygon","coordinates":[[[140.10488,36.2504],[140.10448,36.25008],[140.10477,36.25008],[140.10488,36.2504]]]},"properties":{"hoanrinKind":"保安林"}},
{"type":"Feature","geometry":{"type":"Polygon","coordinates":[[[140.10566,36.25136],[140.10612,36.25157],[140.10605,36.25163],[140.10566,36.25136]]]},"properties":{"hoanrinKind":"保安林"}},
{"type":"Feature","geometry":{"type":"Polygon","coordinates":[[[140.10753,36.2524],[140.10786,36.25264],[140.10792,36.25273],[140.10768,36.25252],[140.10753,36.2524]]]},"properties":{"hoanrinKind":"保安林"}},
{"type":"Feature","geometry":{"type":"Polygon","coordinates":[[[140.10264,36.25338],[140.10259,36.25347],[140.10251,36.25354],[140.10262,36.25337],[140.10264,36.25338]]]},"properties":{"hoanrinKind":"保安林"}},
{"type":"Feature","geometry":{"type":"Polygon","coordinates":[[[140.10584,36.25247],[140.10483,36.25257],[140.1048,36.25235],[140.10584,36.25247]]]},"properties":{"hoanrinKind":"保安林"}},
{"type":"Feature","geometry":{"type":"Polygon","coordinates":[[[140.10796,36.25406],[140.10856,36.25386],[140.1086,36.25398],[140.10834,36.25405],[140.10796,36.25406]]]},"properties":{"hoanrinKind":"保安林"}},
{"type":"Feature","geometry":{"type":"Polygon","coordinates":[[[140.10336,36.25373],[140.10309,36.25397],[140.10309,36.25369],[140.10336,36.25373]]]},"properties":{"hoanrinKind":"保安林"}},
{"type":"Feature","geometry":{"type":"Polygon","coordinates":[[[140.10368,36.25478],[140.10376,36.25487],[140.10372,36.25491],[140.10368,36.25478]]]},"properties":{"hoanrinKind":"保安林"}},
{"type":"Feature","geometry":{"type":"Polygon","coordinates":[[[140.10137,36.25534],[140.10131,36.25544],[140.10128,36.25544],[140.10137,36.25534]]]},"properties":{"hoanrinKind":"保安林"}},
{"type":"Feature","geometry":{"type":"Polygon","coordinates":[[[140.10344,36.25546],[140.10257,36.25627],[140.10254,36.25703],[140.1026,36.25809],[140.10257,36.25873],[140.10288,36.25885],[140.10236,36.25957],[140.1021,36.25918],[140.10241,36.25879],[140.10257,36.25831],[140.10252,36.25745],[140.1022,36.25715],[140.1023,36.25653],[140.10296,36.25574],[140.10344,36.25546]]]},"properties":{"hoanrinKind":"保安林"}},
{"type":"Feature","geometry":{"type":"Polygon","coordinates":[[[140.09894,36.26081],[140.09929,36.26092],[140.09893,36.2609],[140.09894,36.26081]]]},"properties":{"hoanrinKind":"保安林"}},
{"type":"Feature","geometry":{"type":"Polygon","coordinates":[[[140.10036,36.26084],[140.1,36.26097],[140.10002,36.26061],[140.10057,36.26056],[140.10036,36.26084]]]},"properties":{"hoanrinKind":"保安林"}},
{"type":"Feature","geometry":{"type":"Polygon","coordinates":[[[140.23128,36.26818],[140.23094,36.2684],[140.22985,36.26815],[140.22986,36.26778],[140.23056,36.26773],[140.23128,36.26818]]]},"properties":{"hoanrinKind":"保安林"}},
{"type":"Feature","geometry":{"type":"Polygon","coordinates":[[[140.23041,36.26857],[140.23087,36.26874],[140.23037,36.2687],[140.23041,36.26857]]]},"properties":{"hoanrinKind":"保安林"}},
{"type":"Feature","geometry":{"type":"Polygon","coordinates":[[[140.51141,36.28526],[140.51141,36.28497],[140.5118,36.28497],[140.51181,36.28514],[140.51141,36.28526]]]},"properties":{"hoanrinKind":"保安林"}},
{"type":"Feature","geometry":{"type":"Polygon","coordinates":[[[140.51077,36.28525],[140.51062,36.28563],[140.51047,36.28544],[140.51077,36.28525]]]},"properties":{"hoanrinKind":"保安林"}},
{"type":"Feature","geometry":{"type":"Polygon","coordinates":[[[140.51275,36.28615],[140.51254,36.28641],[140.51231,36.28638],[140.51241,36.28601],[140.51275,36.28615]]]},"properties":{"hoanrinKind":"保安林"}},
{"type":"Feature","geometry":{"type":"Polygon","coordinates":[[[140.55866,36.25867],[140.55828,36.26092],[140.55818,36.25865],[140.55755,36.2585],[140.55735,36.25772],[140.55737,36.25649],[140.55756,36.25611],[140.55663,36.25531],[140.55799,36.25523],[140.55815,36.25477],[140.55842,36.25251],[140.55825,36.25044],[140.55871,36.25042],[140.55844,36.24972],[140.55855,36.24875],[140.55964,36.24891],[140.55955,36.25076],[140.55928,36.2515],[140.55881,36.25387],[140.55885,36.25567],[140.55866,36.25867]]]},"properties":{"hoanrinKind":"保安林"}},
{"type":"Feature","geometry":{"type":"Polygon","coordinates":[[[140.55807,36.2892],[140.5576,36.28913],[140.55729,36.28753],[140.55738,36.28693],[140.55708,36.28601],[140.5569,36.28262],[140.55679,36.27876],[140.55655,36.2747],[140.55668,36.27234],[140.55657,36.27087],[140.55672,36.26943],[140.55667,36.26795],[140.55688,36.26514],[140.55729,36.26503],[140.55753,36.26372],[140.55702,36.26363],[140.55731,36.26143],[140.55824,36.26113],[140.55807,36.26214],[140.55807,36.26409],[140.55823,36.26647],[140.55811,36.26924],[140.55788,36.27056],[140.55757,36.27342],[140.55804,36.27838],[140.55805,36.28043],[140.55784,36.2823],[140.55799,36.28449],[140.55816,36.2853],[140.55794,36.28547],[140.55822,36.28673],[140.55843,36.2885],[140.55807,36.2892]]]},"properties":{"hoanrinKind":"保安林"}},
{"type":"Feature","geometry":{"type":"Polygon","coordinates":[[[140.30616,36.28828],[140.30589,36.2881],[140.30621,36.28809],[140.30616,36.28828]]]},"properties":{"hoanrinKind":"保安林"}},
{"type":"Feature","geometry":{"type":"Polygon","coordinates":[[[140.30003,36.28816],[140.29935,36.28886],[140.29894,36.28817],[140.30003,36.28816]]]},"properties":{"hoanrinKind":"保安林"}},
{"type":"Feature","geometry":{"type":"Polygon","coordinates":[[[140.30483,36.28884],[140.30495,36.289],[140.3046,36.28894],[140.30483,36.28884]]]},"properties":{"hoanrinKind":"保安林"}},
{"type":"Feature","geometry":{"type":"Polygon","coordinates":[[[140.3025,36.28894],[140.30201,36.2891],[140.30089,36.28837],[140.30067,36.2881],[140.30323,36.28785],[140.30327,36.28765],[140.30463,36.28734],[140.30471,36.2882],[140.30406,36.28887],[140.30344,36.28881],[140.3025,36.28894]]]},"properties":{"hoanrinKind":"保安林"}},
{"type":"Feature","geometry":{"type":"Polygon","coordinates":[[[140.55805,36.29154],[140.55772,36.2916],[140.55765,36.29127],[140.55795,36.29113],[140.55805,36.29154]]]},"properties":{"hoanrinKind":"保安林"}},
{"type":"Feature","geometry":{"type":"Polygon","coordinates":[[[140.55772,36.2921],[140.55779,36.29226],[140.55788,36.29263],[140.55785,36.29263],[140.55772,36.2921]]]},"properties":{"hoanrinKind":"保安林"}},
{"type":"Feature","geometry":{"type":"Polygon","coordinates":[[[140.55623,36.2907],[140.55605,36.29103],[140.55601,36.29079],[140.55623,36.2907]]]},"properties":{"hoanrinKind":"保安林"}},
{"type":"Feature","geometry":{"type":"Polygon","coordinates":[[[140.55552,36.29192],[140.55538,36.29237],[140.55569,36.29284],[140.55554,36.29285],[140.55527,36.29259],[140.55527,36.29222],[140.55552,36.29192]]]},"properties":{"hoanrinKind":"保安林"}},
{"type":"Feature","geometry":{"type":"Polygon","coordinates":[[[140.12837,36.32131],[140.12717,36.32121],[140.12702,36.32037],[140.12729,36.3196],[140.1279,36.31941],[140.13014,36.3194],[140.13129,36.31967],[140.13162,36.31988],[140.13019,36.32088],[140.12965,36.32106],[140.12897,36.32097],[140.12837,36.32131]]]},"properties":{"hoanrinKind":"保安林"}},
{"type":"Feature","geometry":{"type":"Polygon","coordinates":[[[140.16803,36.28513],[140.16845,36.28538],[140.1685,36.28598],[140.16733,36.28571],[140.16718,36.28551],[140.16721,36.28453],[140.1679,36.28456],[140.16803,36.28513]]]},"properties":{"hoanrinKind":"保安林"}},
{"type":"Feature","geometry":{"type":"Polygon","coordinates":[[[140.13795,36.31838],[140.13809,36.31913],[140.13875,36.32027],[140.13763,36.3203],[140.13724,36.32099],[140.13609,36.32092],[140.13575,36.32032],[140.13469,36.31967],[140.1329,36.31962],[140.1323,36.31927],[140.13163,36.31831],[140.1316,36.31751],[140.12974,36.31744],[140.12878,36.31749],[140.12693,36.31814],[140.1268,36.31748],[140.12904,36.3165],[140.13008,36.31624],[140.13148,36.31691],[140.13172,36.31649],[140.13032,36.31586],[140.13165,36.31404],[140.13292,36.31307],[140.13288,36.31272],[140.13188,36.3132],[140.13078,36.31424],[140.13037,36.31438],[140.12913,36.31405],[140.12905,36.31352],[140.12975,36.31282],[140.13058,36.31233],[140.131,36.31182],[140.13254,36.31077],[140.13329,36.30996],[140.13356,36.30941],[140.13537,36.30929],[140.13561,36.30872],[140.13614,36.30833],[140.13602,36.30774],[140.13649,36.30724],[140.13667,36.30668],[140.13609,36.30635],[140.13565,36.30567],[140.13609,36.30529],[140.13624,36.30464],[140.13599,36.30444],[140.13504,36.30496],[140.13473,36.30652],[140.13362,36.30722],[140.13214,36.30872],[140.13061,36.30874],[140.13019,36.30891],[140.12915,36.30895],[140.12737,36.30815],[140.12764,36.30779],[140.12884,36.30826],[140.12912,36.30811],[140.1292,36.30744],[140.1289,36.30702],[140.1283,36.30549],[140.12666,36.3054],[140.12611,36.3058],[140.12524,36.30567],[140.12521,36.30504],[140.12494,36.30416],[140.12619,36.30409],[140.12641,36.30372],[140.12587,36.30333],[140.12533,36.3033],[140.12616,36.30216],[140.12721,36.30154],[140.1274,36.30083],[140.12665,36.30107],[140.12584,36.30155],[140.12506,36.30155],[140.12444,36.30083],[140.12412,36.29947],[140.12457,36.29948],[140.12404,36.29865],[140.12319,36.29842],[140.12304,36.29771],[140.12407,36.29708],[140.1251,36.29717],[140.12577,36.29782],[140.12614,36.2984],[140.12715,36.29852],[140.12718,36.29816],[140.12829,36.29786],[140.12844,36.29724],[140.12795,36.29682],[140.12726,36.29686],[140.12741,36.29605],[140.12786,36.29639],[140.12882,36.29646],[140.12947,36.29627],[140.12953,36.29588],[140.12807,36.29461],[140.1281,36.2943],[140.12924,36.29392],[140.12917,36.29364],[140.1277,36.29394],[140.12716,36.29341],[140.12702,36.29283],[140.12749,36.29203],[140.12742,36.29152],[140.12821,36.29141],[140.12908,36.29084],[140.12857,36.2904],[140.12815,36.29055],[140.12815,36.28966],[140.12898,36.28977],[140.12973,36.28968],[140.12984,36.29003],[140.13092,36.29067],[140.132,36.29082],[140.1324,36.29117],[140.13302,36.29116],[140.13301,36.29076],[140.13343,36.29044],[140.13409,36.29036],[140.1332,36.28954],[140.13278,36.28888],[140.13285,36.28762],[140.13305,36.28738],[140.13429,36.2873],[140.1351,36.2862],[140.13563,36.2861],[140.13586,36.28571],[140.13569,36.28509],[140.13622,36.28422],[140.13751,36.28445],[140.13904,36.28457],[140.1404,36.28495],[140.14067,36.28756],[140.14179,36.28741],[140.14365,36.28775],[140.14418,36.28803],[140.14487,36.28791],[140.14657,36.28816],[140.14801,36.28735],[140.1481,36.28707],[140.14744,36.286],[140.14663,36.28489],[140.14674,36.28463],[140.14431,36.28445],[140.1433,36.28447],[140.14274,36.28358],[140.14262,36.28259],[140.14218,36.28174],[140.1441,36.28136],[140.14251,36.28037],[140.14156,36.28011],[140.14116,36.2796],[140.13959,36.27864],[140.1397,36.27735],[140.14134,36.27697],[140.14233,36.27658],[140.14233,36.27575],[140.14166,36.2745],[140.1409,36.27364],[140.14001,36.27308],[140.13898,36.27315],[140.1386,36.27371],[140.13821,36.27379],[140.13704,36.27339],[140.13575,36.27134],[140.13494,36.26929],[140.13429,36.26831],[140.1336,36.26812],[140.13183,36.26898],[140.13109,36.2699],[140.13028,36.27024],[140.12969,36.27089],[140.12878,36.27131],[140.12826,36.27076],[140.12694,36.26976],[140.1264,36.269],[140.12572,36.2689],[140.1244,36.2675],[140.12377,36.26644],[140.12419,36.26555],[140.1252,36.26449],[140.12561,36.26392],[140.12461,36.26366],[140.1235,36.26299],[140.12389,36.26279],[140.12564,36.26333],[140.1255,36.26272],[140.12471,36.26257],[140.12458,36.2622],[140.12525,36.26161],[140.12557,36.26103],[140.12517,36.26038],[140.12621,36.26016],[140.12658,36.25959],[140.12884,36.259],[140.12933,36.25903],[140.13088,36.25994],[140.13234,36.25987],[140.13261,36.25876],[140.13162,36.25785],[140.12929,36.25667],[140.12913,36.25617],[140.1299,36.25549],[140.13105,36.25421],[140.13154,36.25413],[140.13259,36.25586],[140.13322,36.25601],[140.1346,36.25701],[140.13482,36.25746],[140.13473,36.25792],[140.1352,36.25924],[140.1353,36.2599],[140.13468,36.26077],[140.13414,36.26199],[140.1341,36.26258],[140.13355,36.26343],[140.13335,36.26413],[140.13268,36.26472],[140.13402,36.26581],[140.13442,36.26752],[140.13499,36.26759],[140.13663,36.26846],[140.13803,36.26847],[140.13934,36.26936],[140.13957,36.26968],[140.14092,36.27002],[140.14122,36.27029],[140.14122,36.27122],[140.14078,36.27226],[140.1416,36.27266],[140.14242,36.27268],[140.14335,36.27381],[140.14373,36.27395],[140.14475,36.27382],[140.14513,36.27418],[140.14532,36.27477],[140.14578,36.27536],[140.14566,36.27652],[140.14603,36.27761],[140.14556,36.27765],[140.14562,36.27836],[140.14597,36.27944],[140.1465,36.27999],[140.14764,36.27984],[140.14809,36.27957],[140.14798,36.27908],[140.1472,36.27931],[140.14643,36.2778],[140.14759,36.27774],[140.1479,36.27813],[140.148,36.27874],[140.14885,36.27902],[140.14991,36.2785],[140.15083,36.2785],[140.15161,36.27815],[140.15319,36.27794],[140.1541,36.27873],[140.15533,36.27894],[140.1566,36.2785],[140.15709,36.27847],[140.1584,36.2781],[140.15933,36.27725],[140.1602,36.27701],[140.16066,36.27671],[140.16185,36.27509],[140.16305,36.27414],[140.16344,36.27471],[140.16418,36.27525],[140.16499,36.27544],[140.1654,36.27526],[140.16667,36.27551],[140.16668,36.2757],[140.16782,36.27606],[140.16844,36.27646],[140.16839,36.27678],[140.16749,36.27757],[140.16682,36.27769],[140.16638,36.27807],[140.165,36.27778],[140.16482,36.27797],[140.16478,36.27959],[140.16519,36.28001],[140.1679,36.27987],[140.16782,36.2805],[140.16719,36.28105],[140.16613,36.28093],[140.16527,36.28045],[140.16442,36.28045],[140.16431,36.28104],[140.16484,36.2818],[140.16581,36.28195],[140.16608,36.28276],[140.16648,36.28243],[140.16698,36.28291],[140.16696,36.28347],[140.16662,36.28362],[140.16638,36.28424],[140.16575,36.28419],[140.16475,36.28482],[140.16311,36.28472],[140.16224,36.28479],[140.16173,36.28505],[140.16099,36.28571],[140.16034,36.28585],[140.15981,36.28565],[140.15896,36.28606],[140.15748,36.2863],[140.1571,36.28672],[140.15641,36.28676],[140.15456,36.28723],[140.15228,36.28717],[140.15243,36.28782],[140.1548,36.28831],[140.15513,36.28931],[140.1554,36.28937],[140.15592,36.28866],[140.15695,36.28841],[140.15759,36.2889],[140.15794,36.2884],[140.15898,36.28851],[140.16009,36.28835],[140.16113,36.28838],[140.16161,36.28858],[140.16204,36.28942],[140.16284,36.28942],[140.16321,36.28986],[140.16413,36.29008],[140.16353,36.29043],[140.16269,36.29007],[140.16258,36.29046],[140.16331,36.29121],[140.1641,36.29072],[140.16503,36.29102],[140.16484,36.29151],[140.16405,36.29177],[140.16332,36.29252],[140.16383,36.29281],[140.164,36.29329],[140.16353,36.29345],[140.16309,36.29308],[140.16189,36.29344],[140.16177,36.29415],[140.16125,36.29466],[140.16152,36.2953],[140.16241,36.29481],[140.16267,36.29427],[140.16366,36.29415],[140.1639,36.29435],[140.16538,36.29429],[140.16613,36.29405],[140.1665,36.29434],[140.16542,36.29467],[140.16559,36.29511],[140.16492,36.29659],[140.16626,36.29598],[140.16608,36.29655],[140.165,36.29676],[140.16344,36.29753],[140.16359,36.29802],[140.16483,36.29831],[140.1642,36.29878],[140.16328,36.29879],[140.16273,36.29898],[140.1612,36.29894],[140.16044,36.29908],[140.15954,36.29983],[140.15632,36.30209],[140.15562,36.30276],[140.15492,36.30364],[140.1541,36.30419],[140.15319,36.30447],[140.1532,36.30473],[140.15396,36.30548],[140.15496,36.30616],[140.15892,36.30678],[140.15913,36.30717],[140.15855,36.30752],[140.15733,36.30771],[140.15653,36.30822],[140.15499,36.30808],[140.15491,36.30864],[140.156,36.30893],[140.15661,36.30933],[140.15663,36.30989],[140.1563,36.31007],[140.15514,36.30995],[140.15463,36.31052],[140.15385,36.31057],[140.15336,36.31091],[140.153,36.31051],[140.15266,36.30874],[140.15181,36.30847],[140.15167,36.30889],[140.15215,36.3108],[140.15187,36.31113],[140.15134,36.31075],[140.15061,36.3107],[140.1501,36.30963],[140.15007,36.30886],[140.14939,36.30839],[140.14958,36.30808],[140.14765,36.30783],[140.14761,36.30726],[140.14662,36.30741],[140.1462,36.30675],[140.14434,36.30664],[140.14367,36.30645],[140.14308,36.3065],[140.14297,36.30722],[140.14229,36.30783],[140.14229,36.30875],[140.14283,36.30943],[140.14288,36.31164],[140.14272,36.3122],[140.14208,36.31358],[140.1418,36.31391],[140.14055,36.31462],[140.14022,36.31429],[140.14135,36.31356],[140.14107,36.31295],[140.14049,36.31358],[140.14025,36.31297],[140.1406,36.31208],[140.13964,36.31201],[140.13933,36.31234],[140.1391,36.31311],[140.13865,36.31396],[140.13821,36.3142],[140.13795,36.31476],[140.13811,36.31506],[140.1382,36.31671],[140.13793,36.3173],[140.13795,36.31838]],[[140.14843,36.30595],[140.14866,36.30571],[140.14777,36.30399],[140.14739,36.30346],[140.14619,36.30285],[140.1457,36.30226],[140.14659,36.30171],[140.14756,36.30184],[140.14831,36.30176],[140.14916,36.30216],[140.15007,36.30216],[140.14972,36.30332],[140.15104,36.30433],[140.15228,36.30454],[140.15278,36.30416],[140.15163,36.30404],[140.15078,36.30364],[140.15007,36.30308],[140.15035,36.30263],[140.15038,36.30198],[140.14918,36.30183],[140.14812,36.30117],[140.14928,36.30111],[140.14993,36.30078],[140.14968,36.2996],[140.14897,36.29808],[140.1496,36.29741],[140.15057,36.29746],[140.1515,36.29603],[140.15238,36.29594],[140.1529,36.29626],[140.15398,36.29664],[140.15499,36.29687],[140.15653,36.29692],[140.15787,36.29779],[140.15874,36.29819],[140.16046,36.2981],[140.15976,36.29779],[140.15888,36.29645],[140.15795,36.29577],[140.1568,36.29551],[140.15602,36.2949],[140.15755,36.29408],[140.15698,36.29373],[140.15642,36.29267],[140.15491,36.29239],[140.15376,36.29184],[140.15367,36.29121],[140.15324,36.29091],[140.15324,36.29023],[140.1525,36.28985],[140.15219,36.28879],[140.15219,36.28752],[140.15188,36.28766],[140.15062,36.28776],[140.15024,36.28808],[140.1496,36.28949],[140.14836,36.28964],[140.14702,36.28882],[140.14612,36.28886],[140.14617,36.2883],[140.1454,36.28823],[140.14436,36.28912],[140.14345,36.28835],[140.1431,36.28858],[140.14342,36.28933],[140.14328,36.28969],[140.1434,36.29046],[140.14262,36.29037],[140.14291,36.291],[140.14286,36.29142],[140.14142,36.29081],[140.14136,36.29044],[140.14032,36.28935],[140.13987,36.28935],[140.13969,36.29002],[140.13893,36.28987],[140.1382,36.28898],[140.13792,36.28797],[140.13713,36.28822],[140.13632,36.28924],[140.13807,36.29003],[140.13867,36.29072],[140.1401,36.29167],[140.14089,36.29261],[140.14194,36.29362],[140.14324,36.29408],[140.14352,36.29439],[140.14331,36.29485],[140.14364,36.2957],[140.14457,36.2956],[140.14539,36.29671],[140.14652,36.2962],[140.14704,36.29582],[140.14794,36.29546],[140.1485,36.295],[140.14944,36.29539],[140.15033,36.29546],[140.15096,36.29589],[140.15007,36.29608],[140.14888,36.29692],[140.14827,36.29791],[140.14836,36.29852],[140.14899,36.29895],[140.14962,36.30049],[140.14927,36.30066],[140.1484,36.30064],[140.14732,36.3012],[140.14645,36.30118],[140.14535,36.30188],[140.14427,36.30129],[140.14396,36.29984],[140.14399,36.29831],[140.14455,36.29745],[140.1445,36.29691],[140.14361,36.29737],[140.14263,36.29741],[140.14241,36.29788],[140.14274,36.29895],[140.14263,36.2997],[140.14267,36.3019],[140.14232,36.30223],[140.14364,36.30258],[140.14418,36.30245],[140.14445,36.30289],[140.1449,36.30305],[140.14537,36.30254],[140.14643,36.30345],[140.1476,36.3043],[140.1481,36.30505],[140.14843,36.30595]],[[140.15381,36.3007],[140.15375,36.30095],[140.15691,36.30095],[140.15691,36.30063],[140.15381,36.3007]],[[140.16264,36.29102],[140.16193,36.29129],[140.16191,36.29167],[140.16299,36.2914],[140.16264,36.29102]],[[140.13141,36.2929],[140.13127,36.29239],[140.1308,36.29215],[140.13017,36.29246],[140.13037,36.29323],[140.13141,36.2929]],[[140.13291,36.30348],[140.13111,36.30354],[140.13359,36.30561],[140.13424,36.3049],[140.13291,36.30348]],[[140.12425,36.29813],[140.12472,36.29843],[140.12501,36.29807],[140.1248,36.29733],[140.1244,36.29722],[140.12365,36.29753],[140.12368,36.29787],[140.12425,36.29813]],[[140.1534,36.28038],[140.15347,36.28103],[140.15405,36.2814],[140.15464,36.28091],[140.15458,36.28047],[140.1534,36.28038]],[[140.16366,36.28022],[140.16418,36.28019],[140.16293,36.27658],[140.16238,36.27668],[140.16235,36.27795],[140.16182,36.27813],[140.1618,36.27854],[140.16298,36.27924],[140.16366,36.28022]],[[140.12651,36.26364],[140.12923,36.26205],[140.12829,36.26198],[140.12756,36.26215],[140.12717,36.26312],[140.12651,36.26364]]]},"properties":{"hoanrinKind":"保安林"}},
{"type":"Feature","geometry":{"type":"Polygon","coordinates":[[[140.18281,36.31882],[140.18266,36.31884],[140.18254,36.3188],[140.18274,36.31873],[140.18281,36.31882]]]},"properties":{"hoanrinKind":"保安林"}},
{"type":"Feature","geometry":{"type":"Polygon","coordinates":[[[140.20428,36.31963],[140.20411,36.32016],[140.20366,36.32046],[140.2025,36.32172],[140.20173,36.32181],[140.20108,36.32156],[140.19965,36.32071],[140.19791,36.31997],[140.19669,36.31935],[140.19601,36.31929],[140.19438,36.31854],[140.19317,36.31754],[140.19261,36.31753],[140.19217,36.31703],[140.19132,36.31656],[140.18733,36.31798],[140.18591,36.31791],[140.18488,36.31819],[140.1836,36.3183],[140.18451,36.31776],[140.18526,36.31683],[140.18634,36.31733],[140.18681,36.31739],[140.18799,36.31706],[140.18949,36.31615],[140.18978,36.3158],[140.19071,36.31601],[140.19017,36.31669],[140.19115,36.31643],[140.19113,36.31586],[140.18934,36.31453],[140.18938,36.31522],[140.1885,36.31514],[140.18782,36.31482],[140.18732,36.31404],[140.1866,36.31373],[140.18578,36.31365],[140.18501,36.3133],[140.18485,36.3128],[140.18524,36.31263],[140.18588,36.31306],[140.18616,36.31357],[140.18669,36.31311],[140.18638,36.31258],[140.18768,36.31283],[140.18889,36.31343],[140.19045,36.31509],[140.1909,36.31509],[140.1918,36.31475],[140.19214,36.3143],[140.19294,36.31452],[140.19337,36.31505],[140.19462,36.31572],[140.19594,36.31626],[140.19835,36.31667],[140.19881,36.31719],[140.20027,36.31711],[140.2009,36.3172],[140.20077,36.31828],[140.20179,36.31824],[140.20194,36.31719],[140.20338,36.31708],[140.20312,36.31831],[140.2035,36.31896],[140.20426,36.31907],[140.20428,36.31963]]]},"properties":{"hoanrinKind":"保安林"}},
{"type":"Feature","geometry":{"type":"Polygon","coordinates":[[[140.21182,36.32642],[140.21065,36.32636],[140.21018,36.32541],[140.21083,36.32504],[140.2111,36.32536],[140.21094,36.32603],[140.2119,36.32616],[140.21182,36.32642]]]},"properties":{"hoanrinKind":"保安林"}},
{"type":"Feature","geometry":{"type":"Polygon","coordinates":[[[140.21433,36.32633],[140.21259,36.32621],[140.21141,36.32538],[140.21178,36.32519],[140.21301,36.32607],[140.21433,36.32633]]]},"properties":{"hoanrinKind":"保安林"}},
{"type":"Feature","geometry":{"type":"Polygon","coordinates":[[[140.21185,36.32681],[140.21179,36.32685],[140.21172,36.32681],[140.21184,36.32677],[140.21185,36.32681]]]},"properties":{"hoanrinKind":"保安林"}},
{"type":"Feature","geometry":{"type":"Polygon","coordinates":[[[140.59139,36.32638],[140.59147,36.32654],[140.59144,36.3268],[140.59136,36.32687],[140.59134,36.3264],[140.59139,36.32638]]]},"properties":{"hoanrinKind":"保安林"}},
{"type":"Feature","geometry":{"type":"Polygon","coordinates":[[[140.59157,36.32856],[140.5916,36.3286],[140.59158,36.32872],[140.59153,36.3288],[140.59151,36.32857],[140.59157,36.32856]]]},"properties":{"hoanrinKind":"保安林"}},
{"type":"Feature","geometry":{"type":"Polygon","coordinates":[[[140.59245,36.32589],[140.59279,36.32891],[140.59231,36.32924],[140.59194,36.32841],[140.59184,36.32726],[140.59215,36.32683],[140.59214,36.32605],[140.59132,36.32598],[140.59151,36.32532],[140.59207,36.32554],[140.59225,36.32497],[140.59197,36.32428],[140.59218,36.32394],[140.59177,36.32324],[140.59136,36.32207],[140.59195,36.32208],[140.59236,36.32354],[140.59245,36.32589]]]},"properties":{"hoanrinKind":"保安林"}},
{"type":"Feature","geometry":{"type":"Polygon","coordinates":[[[140.59249,36.32975],[140.59284,36.3302],[140.5926,36.33033],[140.59215,36.33],[140.59249,36.32975]]]},"properties":{"hoanrinKind":"保安林"}},
{"type":"Feature","geometry":{"type":"Polygon","coordinates":[[[140.20524,36.32904],[140.20534,36.32918],[140.2054,36.32938],[140.20524,36.32904]]]},"properties":{"hoanrinKind":"保安林"}},
{"type":"Feature","geometry":{"type":"Polygon","coordinates":[[[140.20565,36.32933],[140.2056,36.329],[140.20565,36.3291],[140.20565,36.32933]]]},"properties":{"hoanrinKind":"保安林"}},
{"type":"Feature","geometry":{"type":"Polygon","coordinates":[[[140.20885,36.32908],[140.20895,36.32912],[140.20892,36.32924],[140.20885,36.32908]]]},"properties":{"hoanrinKind":"保安林"}},
{"type":"Feature","geometry":{"type":"Polygon","coordinates":[[[140.20767,36.32968],[140.20774,36.32973],[140.20791,36.32987],[140.20782,36.32981],[140.20767,36.32968]]]},"properties":{"hoanrinKind":"保安林"}},
{"type":"Feature","geometry":{"type":"Polygon","coordinates":[[[140.20543,36.32948],[140.20561,36.32984],[140.20581,36.32998],[140.20606,36.33005],[140.20652,36.33008],[140.20666,36.33021],[140.206,36.33006],[140.20568,36.33005],[140.20558,36.32997],[140.20543,36.32971],[140.20543,36.32948]]]},"properties":{"hoanrinKind":"保安林"}},
{"type":"Feature","geometry":{"type":"Polygon","coordinates":[[[140.20885,36.33015],[140.20869,36.33042],[140.2083,36.3301],[140.20885,36.33015]]]},"properties":{"hoanrinKind":"保安林"}},
{"type":"Feature","geometry":{"type":"Polygon","coordinates":[[[140.2061,36.33142],[140.20593,36.33148],[140.20582,36.33121],[140.2061,36.33142]]]},"properties":{"hoanrinKind":"保安林"}},
{"type":"Feature","geometry":{"type":"Polygon","coordinates":[[[140.2165,36.34261],[140.21574,36.34298],[140.21544,36.3425],[140.21498,36.34228],[140.21403,36.34256],[140.21388,36.3417],[140.21464,36.34109],[140.21455,36.3404],[140.2142,36.34],[140.21416,36.33875],[140.21344,36.33924],[140.21255,36.33959],[140.21217,36.33942],[140.21236,36.33853],[140.21054,36.33849],[140.21011,36.33838],[140.20924,36.33853],[140.20826,36.33848],[140.20813,36.3382],[140.20911,36.33794],[140.21004,36.33718],[140.21104,36.3369],[140.21223,36.33671],[140.21306,36.33707],[140.21412,36.33771],[140.21427,36.33812],[140.21481,36.33859],[140.21522,36.33866],[140.21488,36.33773],[140.21348,36.3368],[140.21246,36.33628],[140.21204,36.33588],[140.21081,36.33545],[140.21036,36.33477],[140.20812,36.33354],[140.20698,36.33308],[140.20628,36.33293],[140.20563,36.33251],[140.20553,36.33195],[140.20353,36.33181],[140.2018,36.33154],[140.2004,36.33189],[140.199,36.33193],[140.19866,36.33244],[140.19816,36.33246],[140.19732,36.33219],[140.19839,36.33104],[140.19827,36.33001],[140.19767,36.33055],[140.19718,36.32916],[140.19729,36.32859],[140.19577,36.32868],[140.19514,36.32856],[140.19434,36.3287],[140.19386,36.32842],[140.19236,36.3284],[140.1922,36.32827],[140.19301,36.32712],[140.19295,36.32674],[140.19211,36.32682],[140.19179,36.32717],[140.19123,36.32674],[140.19085,36.32681],[140.18987,36.32745],[140.18856,36.32751],[140.18825,36.32798],[140.18901,36.32843],[140.18899,36.32936],[140.18805,36.32926],[140.18793,36.32856],[140.18729,36.32772],[140.18697,36.32685],[140.18614,36.32687],[140.186,36.3264],[140.18637,36.32575],[140.18692,36.32554],[140.18719,36.32458],[140.18703,36.32415],[140.1865,36.32416],[140.18583,36.3246],[140.18505,36.3246],[140.18453,36.32436],[140.18352,36.32343],[140.18234,36.32347],[140.18171,36.32202],[140.18059,36.32119],[140.18203,36.32056],[140.18341,36.32011],[140.18416,36.31975],[140.18578,36.31923],[140.18811,36.31887],[140.19021,36.31816],[140.19216,36.31787],[140.19275,36.31789],[140.19369,36.31871],[140.19466,36.31935],[140.1958,36.31961],[140.19653,36.31964],[140.19711,36.32003],[140.2008,36.32181],[140.20122,36.32221],[140.20201,36.32248],[140.20295,36.32211],[140.20345,36.32141],[140.20415,36.32089],[140.20496,36.32057],[140.20552,36.32093],[140.20732,36.32264],[140.20823,36.3238],[140.20864,36.32486],[140.20846,36.32593],[140.20773,36.32625],[140.20659,36.327],[140.20637,36.32805],[140.20584,36.32772],[140.20455,36.32773],[140.20401,36.32803],[140.20417,36.32861],[140.20405,36.32958],[140.20381,36.33047],[140.20468,36.33083],[140.20524,36.33127],[140.20573,36.33208],[140.20625,36.33203],[140.20711,36.33267],[140.20839,36.33285],[140.20899,36.33312],[140.20938,36.33244],[140.20998,36.33213],[140.21032,36.33163],[140.21097,36.33116],[140.21195,36.33107],[140.21377,36.33171],[140.21269,36.33181],[140.21074,36.33245],[140.21099,36.333],[140.21096,36.33417],[140.2117,36.33463],[140.21213,36.33435],[140.2139,36.33453],[140.21432,36.33465],[140.21456,36.33525],[140.21461,36.33632],[140.21549,36.33652],[140.21613,36.3374],[140.21709,36.3372],[140.21774,36.33753],[140.21826,36.33835],[140.21896,36.33851],[140.22008,36.33907],[140.21906,36.34014],[140.2186,36.3411],[140.21781,36.34099],[140.21675,36.34112],[140.21532,36.34211],[140.21612,36.34232],[140.2165,36.34261]]]},"properties":{"hoanrinKind":"保安林"}},
{"type":"Feature","geometry":{"type":"Polygon","coordinates":[[[140.2364,36.3178],[140.23602,36.31778],[140.23664,36.31765],[140.2364,36.3178]]]},"properties":{"hoanrinKind":"保安林"}},
{"type":"Feature","geometry":{"type":"Polygon","coordinates":[[[140.23501,36.32068],[140.23493,36.32127],[140.23434,36.32133],[140.23392,36.32109],[140.2342,36.3205],[140.23501,36.32068]]]},"properties":{"hoanrinKind":"保安林"}},
{"type":"Feature","geometry":{"type":"Polygon","coordinates":[[[140.24463,36.34622],[140.24497,36.34736],[140.24477,36.34798],[140.24407,36.34774],[140.24331,36.34668],[140.24266,36.34609],[140.24218,36.3462],[140.24164,36.3467],[140.24116,36.34744],[140.24064,36.34776],[140.24027,36.34756],[140.23959,36.34668],[140.23901,36.34628],[140.23885,36.34684],[140.23789,36.34708],[140.23771,36.34672],[140.23789,36.34563],[140.23734,36.34537],[140.23489,36.3468],[140.23423,36.3468],[140.23425,36.34638],[140.23496,36.34561],[140.2365,36.34459],[140.23686,36.34425],[140.23664,36.34318],[140.23624,36.34304],[140.23584,36.34351],[140.23487,36.34336],[140.23491,36.34218],[140.23469,36.34154],[140.23524,36.3411],[140.23734,36.34023],[140.23762,36.33961],[140.23608,36.33975],[140.23491,36.34013],[140.23429,36.3407],[140.23325,36.34031],[140.23279,36.34031],[140.23277,36.33976],[140.23237,36.33891],[140.23373,36.33734],[140.23469,36.33581],[140.23473,36.33407],[140.23295,36.33304],[140.23265,36.33337],[140.23167,36.33368],[140.23105,36.33358],[140.23042,36.33415],[140.22976,36.33448],[140.22906,36.33433],[140.22888,36.33348],[140.22846,36.33347],[140.22835,36.33258],[140.22896,36.33241],[140.22843,36.3314],[140.22961,36.33135],[140.22975,36.33083],[140.22888,36.3306],[140.22979,36.33027],[140.23002,36.32944],[140.23093,36.32895],[140.2308,36.32839],[140.23098,36.32787],[140.2305,36.32737],[140.23077,36.32682],[140.23146,36.32715],[140.23177,36.32667],[140.23233,36.32644],[140.23222,36.32589],[140.23315,36.32487],[140.23314,36.32445],[140.23251,36.32433],[140.23107,36.32527],[140.23041,36.32524],[140.23011,36.32572],[140.22912,36.32581],[140.22891,36.32626],[140.22844,36.32643],[140.22807,36.32751],[140.22655,36.32799],[140.22623,36.32733],[140.22589,36.32727],[140.22428,36.32631],[140.22304,36.32584],[140.22263,36.32593],[140.22212,36.32674],[140.2226,36.32791],[140.22313,36.32769],[140.22413,36.32778],[140.22413,36.3288],[140.22466,36.32968],[140.22463,36.33059],[140.22383,36.33105],[140.22382,36.33177],[140.22353,36.3321],[140.22335,36.33297],[140.22274,36.33326],[140.22242,36.33375],[140.22194,36.33378],[140.22107,36.33434],[140.22051,36.33436],[140.22018,36.33371],[140.22158,36.33155],[140.22166,36.33083],[140.22245,36.33048],[140.222,36.32998],[140.22176,36.32932],[140.22134,36.32907],[140.22035,36.32886],[140.21992,36.32931],[140.21927,36.32858],[140.21872,36.32847],[140.21824,36.3288],[140.21785,36.32945],[140.21753,36.32955],[140.21669,36.32916],[140.21691,36.32848],[140.2163,36.32724],[140.21714,36.32701],[140.21842,36.32694],[140.21874,36.32788],[140.21946,36.32773],[140.21962,36.32688],[140.22057,36.3271],[140.2203,36.32622],[140.21962,36.32562],[140.21963,36.3246],[140.22032,36.32425],[140.22063,36.32364],[140.22057,36.32323],[140.22114,36.32241],[140.22197,36.32154],[140.22129,36.32094],[140.22024,36.32086],[140.22002,36.32062],[140.22039,36.32016],[140.21906,36.31938],[140.21932,36.31829],[140.22032,36.31874],[140.22109,36.31954],[140.22252,36.32022],[140.22297,36.32018],[140.22367,36.3193],[140.22498,36.3185],[140.2257,36.3185],[140.22781,36.31884],[140.22811,36.32012],[140.22781,36.32173],[140.22857,36.32185],[140.22919,36.32217],[140.23111,36.32271],[140.23197,36.32303],[140.23297,36.32314],[140.23381,36.3222],[140.23398,36.32256],[140.23538,36.32146],[140.23537,36.32062],[140.2362,36.32037],[140.23615,36.31965],[140.23734,36.3202],[140.2377,36.32076],[140.23783,36.32145],[140.23888,36.32167],[140.23974,36.32257],[140.24033,36.32256],[140.2417,36.32298],[140.24252,36.3229],[140.24265,36.32225],[140.24225,36.32152],[140.24347,36.32143],[140.24336,36.32066],[140.24357,36.31944],[140.2429,36.31925],[140.24209,36.3186],[140.24076,36.31833],[140.23853,36.31851],[140.23822,36.31823],[140.23811,36.31752],[140.23841,36.31731],[140.23895,36.31627],[140.23994,36.31556],[140.24034,36.31552],[140.24137,36.31612],[140.24207,36.31608],[140.24194,36.31526],[140.24216,36.31454],[140.24288,36.31454],[140.24412,36.31395],[140.24454,36.31303],[140.24591,36.31334],[140.24698,36.31422],[140.24808,36.31593],[140.24881,36.31643],[140.25003,36.31685],[140.25071,36.31673],[140.25192,36.31514],[140.25258,36.31478],[140.25406,36.31474],[140.25481,36.31396],[140.25475,36.31292],[140.25507,36.31257],[140.25573,36.31346],[140.25587,36.31454],[140.25549,36.31554],[140.25368,36.31565],[140.253,36.31701],[140.2524,36.31757],[140.25264,36.31844],[140.25202,36.31906],[140.25091,36.31976],[140.25011,36.32056],[140.25006,36.32189],[140.24948,36.32258],[140.24906,36.3235],[140.24811,36.32399],[140.24713,36.32361],[140.24631,36.32395],[140.24534,36.32504],[140.244,36.32584],[140.24334,36.32662],[140.24211,36.32646],[140.24089,36.32606],[140.24005,36.32597],[140.23916,36.32608],[140.23824,36.32601],[140.23879,36.32685],[140.23895,36.32805],[140.23767,36.32915],[140.23731,36.3288],[140.23662,36.32872],[140.23664,36.32922],[140.23703,36.33028],[140.23604,36.33222],[140.23594,36.33277],[140.23533,36.33245],[140.23564,36.33367],[140.2351,36.3341],[140.23517,36.33537],[140.23537,36.33587],[140.23614,36.33622],[140.23774,36.33669],[140.24026,36.33726],[140.24156,36.33773],[140.2425,36.33831],[140.2423,36.33899],[140.24268,36.33943],[140.24421,36.33947],[140.24407,36.33995],[140.24337,36.34035],[140.24306,36.34074],[140.24302,36.34228],[140.24379,36.34328],[140.24535,36.34491],[140.24591,36.34579],[140.24555,36.34624],[140.24463,36.34622]],[[140.22909,36.33269],[140.22996,36.3321],[140.23051,36.33225],[140.23059,36.33141],[140.23135,36.33088],[140.23086,36.33058],[140.23023,36.33096],[140.23014,36.33145],[140.22909,36.33269]],[[140.23339,36.32737],[140.23473,36.32787],[140.23499,36.32782],[140.2357,36.32703],[140.23634,36.32677],[140.23767,36.32589],[140.23744,36.32489],[140.23671,36.32433],[140.23606,36.32452],[140.23403,36.32378],[140.23419,36.32458],[140.23385,36.32486],[140.23327,36.32594],[140.23311,36.32681],[140.23339,36.32737]]]},"properties":{"hoanrinKind":"保安林"}},
{"type":"Feature","geometry":{"type":"Polygon","coordinates":[[[140.17892,36.37941],[140.17807,36.38017],[140.17688,36.3796],[140.17664,36.37859],[140.17507,36.37851],[140.17433,36.37795],[140.17364,36.3777],[140.17302,36.37803],[140.17223,36.37811],[140.17275,36.37705],[140.17257,36.37659],[140.17146,36.37713],[140.1712,36.37669],[140.17221,36.37573],[140.17243,36.3748],[140.17371,36.37435],[140.17228,36.37383],[140.17135,36.3731],[140.17139,36.37269],[140.17228,36.37209],[140.17293,36.37143],[140.17314,36.37058],[140.17352,36.37037],[140.17519,36.37003],[140.17585,36.37005],[140.17743,36.37091],[140.17766,36.37159],[140.17738,36.37194],[140.17723,36.37287],[140.17808,36.37324],[140.17854,36.37468],[140.1792,36.37587],[140.17952,36.37615],[140.18087,36.37647],[140.18024,36.37807],[140.18018,36.37905],[140.17939,36.3794],[140.17892,36.37941]]]},"properties":{"hoanrinKind":"保安林"}},
{"type":"Feature","geometry":{"type":"Polygon","coordinates":[[[140.18195,36.38156],[140.18165,36.38186],[140.18035,36.38164],[140.18,36.38132],[140.18008,36.38077],[140.18134,36.3803],[140.18214,36.38047],[140.18234,36.38006],[140.18149,36.37987],[140.1806,36.37997],[140.18082,36.37924],[140.18063,36.37858],[140.18091,36.37808],[140.18179,36.37779],[140.18231,36.37793],[140.18285,36.37935],[140.18323,36.38006],[140.18195,36.38156]]]},"properties":{"hoanrinKind":"保安林"}},
{"type":"Feature","geometry":{"type":"Polygon","coordinates":[[[140.45908,36.39078],[140.45898,36.39078],[140.45906,36.39073],[140.45908,36.39078]]]},"properties":{"hoanrinKind":"保安林"}},
{"type":"Feature","geometry":{"type":"Polygon","coordinates":[[[140.45743,36.39281],[140.45648,36.39266],[140.456,36.39183],[140.45668,36.39047],[140.45696,36.39085],[140.45666,36.39135],[140.45653,36.39215],[140.45682,36.39252],[140.45743,36.39281]]]},"properties":{"hoanrinKind":"保安林"}},
{"type":"Feature","geometry":{"type":"Polygon","coordinates":[[[140.29655,36.39299],[140.29681,36.39302],[140.29666,36.39311],[140.29655,36.39299]]]},"properties":{"hoanrinKind":"保安林"}},
{"type":"Feature","geometry":{"type":"Polygon","coordinates":[[[140.29725,36.3979],[140.29591,36.39966],[140.29479,36.40063],[140.29388,36.40084],[140.29258,36.40052],[140.29188,36.39911],[140.29101,36.39848],[140.29097,36.3981],[140.29142,36.39743],[140.29253,36.39669],[140.29312,36.39604],[140.29429,36.39608],[140.29493,36.39695],[140.29575,36.39653],[140.2962,36.39539],[140.29738,36.39509],[140.29785,36.3951],[140.29831,36.39439],[140.29862,36.39457],[140.29919,36.39546],[140.29985,36.39522],[140.29969,36.39641],[140.30089,36.39618],[140.30142,36.3965],[140.30109,36.3972],[140.29981,36.39763],[140.29944,36.39803],[140.29855,36.3982],[140.29725,36.3979]]]},"properties":{"hoanrinKind":"保安林"}},
{"type":"Feature","geometry":{"type":"Polygon","coordinates":[[[140.16904,36.399],[140.1685,36.39919],[140.16797,36.39974],[140.16559,36.40011],[140.164,36.39928],[140.16402,36.39837],[140.16373,36.39802],[140.16364,36.39736],[140.16408,36.39706],[140.164,36.39629],[140.16453,36.39501],[140.16305,36.39588],[140.16235,36.39601],[140.16191,36.3956],[140.16071,36.39484],[140.16051,36.39423],[140.16037,36.39233],[140.16079,36.39172],[140.16205,36.39182],[140.16191,36.39124],[140.16269,36.39105],[140.16498,36.39066],[140.16665,36.3908],[140.16643,36.39002],[140.16943,36.38973],[140.16961,36.38898],[140.16994,36.38859],[140.16977,36.38778],[140.16997,36.38731],[140.17047,36.38683],[140.17095,36.38558],[140.17139,36.3855],[140.17284,36.38569],[140.17293,36.38614],[140.17349,36.38736],[140.17346,36.38843],[140.17471,36.38912],[140.1758,36.39021],[140.17667,36.39094],[140.17706,36.39016],[140.17714,36.38923],[140.17743,36.38833],[140.1775,36.38753],[140.17656,36.38734],[140.17644,36.38695],[140.17713,36.38651],[140.1776,36.38652],[140.17793,36.38588],[140.17898,36.38678],[140.17915,36.38748],[140.17898,36.38795],[140.17895,36.38932],[140.17926,36.38985],[140.18038,36.38935],[140.18135,36.38843],[140.18186,36.38755],[140.18253,36.38592],[140.18311,36.38558],[140.18437,36.38524],[140.18557,36.38524],[140.18579,36.38583],[140.18643,36.38605],[140.18624,36.38513],[140.18696,36.38519],[140.18844,36.3855],[140.18914,36.38594],[140.18922,36.38703],[140.19196,36.38689],[140.19221,36.38617],[140.19218,36.3853],[140.19171,36.38474],[140.19226,36.38363],[140.19299,36.38287],[140.19305,36.38237],[140.19285,36.38078],[140.19377,36.38],[140.19444,36.38014],[140.19478,36.38067],[140.19478,36.38173],[140.19508,36.38243],[140.19609,36.38321],[140.19723,36.38377],[140.19921,36.38404],[140.19991,36.38407],[140.20108,36.38432],[140.20156,36.38483],[140.20175,36.38541],[140.20167,36.38603],[140.20139,36.38633],[140.20072,36.38653],[140.19938,36.38586],[140.19857,36.38563],[140.19662,36.38572],[140.19559,36.3863],[140.19598,36.38689],[140.19718,36.38695],[140.19785,36.38809],[140.19924,36.38831],[140.19977,36.38817],[140.20026,36.38854],[140.20051,36.38937],[140.19913,36.3896],[140.19838,36.38943],[140.19812,36.38912],[140.19734,36.38904],[140.1969,36.38831],[140.19609,36.38823],[140.19455,36.38748],[140.19441,36.38697],[140.19452,36.38583],[140.19386,36.38544],[140.19366,36.38617],[140.19372,36.38776],[140.1933,36.38829],[140.19277,36.38859],[140.1921,36.3887],[140.18942,36.38868],[140.189,36.38882],[140.18928,36.38985],[140.18995,36.38993],[140.19012,36.39041],[140.18984,36.39163],[140.18984,36.3923],[140.1902,36.39295],[140.19053,36.3923],[140.19093,36.392],[140.19252,36.39197],[140.1931,36.39163],[140.19472,36.39166],[140.19525,36.39141],[140.19609,36.39141],[140.19637,36.39169],[140.196,36.39232],[140.19485,36.39219],[140.19389,36.39296],[140.19381,36.39396],[140.19395,36.39458],[140.19332,36.39467],[140.19138,36.39393],[140.19037,36.39383],[140.18957,36.3945],[140.18896,36.3954],[140.18774,36.3958],[140.18634,36.39601],[140.18625,36.39687],[140.18509,36.39826],[140.18432,36.39826],[140.18331,36.39789],[140.18295,36.39797],[140.1805,36.39744],[140.17949,36.39765],[140.1789,36.39733],[140.17834,36.39733],[140.17722,36.39796],[140.17626,36.39865],[140.17491,36.39883],[140.17367,36.39844],[140.17261,36.39907],[140.172,36.39899],[140.17091,36.39919],[140.16904,36.399]],[[140.18209,36.39216],[140.182,36.39263],[140.18233,36.39286],[140.18393,36.39338],[140.18428,36.39387],[140.18497,36.39375],[140.18518,36.39345],[140.18421,36.39254],[140.18312,36.39253],[140.18209,36.39216]],[[140.18637,36.38675],[140.18627,36.38692],[140.18692,36.38813],[140.18655,36.38855],[140.18645,36.38914],[140.18696,36.38949],[140.18767,36.38927],[140.18757,36.38861],[140.18773,36.38825],[140.18699,36.38684],[140.18637,36.38675]]]},"properties":{"hoanrinKind":"保安林"}},
{"type":"Feature","geometry":{"type":"Polygon","coordinates":[[[140.09154,36.40012],[140.09151,36.40014],[140.09151,36.40012],[140.09154,36.40012]]]},"properties":{"hoanrinKind":"保安林"}},
{"type":"Feature","geometry":{"type":"Polygon","coordinates":[[[140.09306,36.40041],[140.09215,36.4004],[140.09226,36.39994],[140.09352,36.39934],[140.09463,36.39824],[140.09394,36.3981],[140.09243,36.39735],[140.09146,36.39739],[140.09109,36.39724],[140.09101,36.39671],[140.09178,36.39566],[140.09236,36.39544],[140.09342,36.39537],[140.09386,36.39488],[140.09407,36.39369],[140.09402,36.39328],[140.09458,36.39271],[140.09569,36.39271],[140.09626,36.39248],[140.09686,36.39268],[140.09832,36.39282],[140.09902,36.393],[140.10117,36.39382],[140.10256,36.39248],[140.10287,36.39137],[140.10344,36.39126],[140.10574,36.3923],[140.1081,36.39435],[140.10924,36.39504],[140.11165,36.39719],[140.11158,36.39784],[140.10961,36.39809],[140.10908,36.39797],[140.10735,36.39622],[140.10728,36.39584],[140.10462,36.3933],[140.10478,36.39389],[140.10412,36.39405],[140.10507,36.39483],[140.10499,36.39514],[140.10318,36.39454],[140.1017,36.39443],[140.10071,36.39409],[140.09989,36.3947],[140.09982,36.39493],[140.10038,36.39552],[140.10052,36.39619],[140.1013,36.39668],[140.10144,36.39707],[140.10088,36.39733],[140.09926,36.39835],[140.09775,36.39809],[140.09557,36.39873],[140.09473,36.39859],[140.09442,36.39927],[140.0936,36.40016],[140.09306,36.40041]]]},"properties":{"hoanrinKind":"保安林"}},
{"type":"Feature","geometry":{"type":"Polygon","coordinates":[[[140.19376,36.40472],[140.19383,36.40476],[140.1939,36.40484],[140.19373,36.40476],[140.19376,36.40472]]]},"properties":{"hoanrinKind":"保安林"}},
{"type":"Feature","geometry":{"type":"Polygon","coordinates":[[[140.19455,36.40572],[140.19478,36.40608],[140.1946,36.40595],[140.19455,36.40572]]]},"properties":{"hoanrinKind":"保安林"}},
{"type":"Feature","geometry":{"type":"Polygon","coordinates":[[[140.19522,36.40642],[140.19542,36.4065],[140.19557,36.40667],[140.19565,36.4068],[140.19522,36.40642]]]},"properties":{"hoanrinKind":"保安林"}},
{"type":"Feature","geometry":{"type":"Polygon","coordinates":[[[140.1944,36.40392],[140.19388,36.40376],[140.19357,36.40443],[140.19249,36.40452],[140.19201,36.40432],[140.18963,36.40405],[140.1892,36.40379],[140.18914,36.40323],[140.18944,36.40237],[140.18906,36.40211],[140.18934,36.40164],[140.19078,36.40127],[140.19233,36.40039],[140.1935,36.3992],[140.19457,36.39749],[140.19499,36.39658],[140.19539,36.39605],[140.19634,36.39629],[140.1971,36.39573],[140.19727,36.39539],[140.19785,36.39538],[140.19782,36.39668],[140.1995,36.39623],[140.20018,36.39623],[140.20044,36.39593],[140.20146,36.39405],[140.20168,36.39385],[140.20233,36.39451],[140.2036,36.39643],[140.20471,36.39595],[140.20585,36.39606],[140.20672,36.39657],[140.20677,36.39707],[140.20598,36.39806],[140.20618,36.39855],[140.20596,36.39905],[140.20629,36.39973],[140.20689,36.40036],[140.20706,36.40157],[140.20703,36.40231],[140.20652,36.40215],[140.20443,36.401],[140.20399,36.40089],[140.20323,36.40103],[140.2022,36.40158],[140.20217,36.40232],[140.20319,36.40345],[140.20211,36.40456],[140.20223,36.40516],[140.20097,36.40497],[140.19992,36.40498],[140.19876,36.40441],[140.19711,36.40415],[140.1954,36.4041],[140.19468,36.40359],[140.1944,36.40392]]]},"properties":{"hoanrinKind":"保安林"}},
{"type":"Feature","geometry":{"type":"Polygon","coordinates":[[[140.31126,36.41016],[140.31065,36.41082],[140.31016,36.4105],[140.31179,36.4093],[140.31234,36.40869],[140.31323,36.40817],[140.31319,36.40786],[140.31206,36.40844],[140.31121,36.40912],[140.31027,36.41008],[140.30983,36.41006],[140.30892,36.41046],[140.30903,36.40978],[140.30818,36.40846],[140.30722,36.40838],[140.30712,36.40801],[140.30778,36.40707],[140.30972,36.40591],[140.31003,36.40542],[140.31094,36.40492],[140.31121,36.40415],[140.31082,36.40409],[140.3099,36.40446],[140.30917,36.40438],[140.30797,36.4045],[140.30647,36.40526],[140.30407,36.40495],[140.30287,36.40517],[140.30064,36.40533],[140.29907,36.40627],[140.2991,36.40532],[140.2981,36.40509],[140.29743,36.40414],[140.29761,36.40362],[140.2972,36.40339],[140.29703,36.40284],[140.2963,36.40228],[140.29635,36.40172],[140.29734,36.40119],[140.29803,36.40021],[140.29842,36.39994],[140.30046,36.39944],[140.30021,36.39855],[140.30062,36.39781],[140.3011,36.39749],[140.30192,36.39773],[140.30294,36.39737],[140.30347,36.39704],[140.30516,36.39724],[140.30528,36.39813],[140.30508,36.39883],[140.30396,36.39907],[140.30471,36.3994],[140.30452,36.4],[140.30393,36.4005],[140.30326,36.40071],[140.30147,36.40205],[140.30111,36.4016],[140.30139,36.40085],[140.30108,36.4005],[140.30046,36.40139],[140.29941,36.40178],[140.29894,36.4026],[140.29756,36.40292],[140.29839,36.40376],[140.30005,36.40372],[140.30159,36.40352],[140.30285,36.40351],[140.30387,36.40206],[140.30497,36.40146],[140.3054,36.40164],[140.30629,36.40163],[140.30641,36.40126],[140.30563,36.40101],[140.30511,36.40037],[140.30502,36.39978],[140.30518,36.3991],[140.30571,36.39875],[140.30567,36.39812],[140.30588,36.39708],[140.30682,36.39773],[140.30737,36.3972],[140.30716,36.39848],[140.30738,36.39867],[140.30816,36.39822],[140.30906,36.39838],[140.3096,36.39942],[140.31006,36.39996],[140.31,36.39827],[140.31052,36.39835],[140.31158,36.39893],[140.31284,36.39974],[140.31302,36.40048],[140.31307,36.40231],[140.31386,36.40159],[140.31406,36.4007],[140.31483,36.4008],[140.31393,36.39955],[140.31393,36.39904],[140.31483,36.3986],[140.31543,36.39777],[140.31573,36.3982],[140.31633,36.39801],[140.31592,36.39733],[140.31712,36.39736],[140.31732,36.39772],[140.318,36.39801],[140.31805,36.39898],[140.31866,36.39937],[140.32,36.39901],[140.32155,36.39882],[140.32216,36.39888],[140.32246,36.39936],[140.32249,36.3999],[140.32212,36.40003],[140.32228,36.40096],[140.32185,36.40266],[140.3215,36.40306],[140.3215,36.4037],[140.32023,36.40504],[140.31989,36.40523],[140.31842,36.40537],[140.31699,36.40501],[140.31612,36.40501],[140.31539,36.40481],[140.31484,36.40433],[140.31476,36.40515],[140.31514,36.40552],[140.31514,36.40617],[140.31615,36.40652],[140.31637,36.40708],[140.31488,36.40844],[140.31481,36.40914],[140.31376,36.40987],[140.31265,36.41032],[140.31194,36.41002],[140.31126,36.41016]]]},"properties":{"hoanrinKind":"保安林"}},
{"type":"Feature","geometry":{"type":"Polygon","coordinates":[[[140.30508,36.41787],[140.30519,36.41799],[140.30523,36.41846],[140.30506,36.41825],[140.30501,36.41806],[140.30508,36.41787]]]},"properties":{"hoanrinKind":"保安林"}},
{"type":"Feature","geometry":{"type":"Polygon","coordinates":[[[140.30525,36.41924],[140.30522,36.41923],[140.30522,36.41918],[140.30523,36.41913],[140.30525,36.41924]]]},"properties":{"hoanrinKind":"保安林"}},
{"type":"Feature","geometry":{"type":"Polygon","coordinates":[[[140.30243,36.41938],[140.30255,36.4195],[140.30259,36.41962],[140.30233,36.41935],[140.30243,36.41938]]]},"properties":{"hoanrinKind":"保安林"}},
{"type":"Feature","geometry":{"type":"Polygon","coordinates":[[[140.30361,36.41977],[140.30364,36.41986],[140.30363,36.41998],[140.30356,36.42004],[140.30359,36.4198],[140.30361,36.41977]]]},"properties":{"hoanrinKind":"保安林"}},
{"type":"Feature","geometry":{"type":"Polygon","coordinates":[[[140.30289,36.42032],[140.30293,36.42062],[140.30282,36.42039],[140.30289,36.42032]]]},"properties":{"hoanrinKind":"保安林"}},
{"type":"Feature","geometry":{"type":"Polygon","coordinates":[[[140.30326,36.42104],[140.30312,36.421],[140.30339,36.42093],[140.30338,36.42101],[140.30326,36.42104]]]},"properties":{"hoanrinKind":"保安林"}},
{"type":"Feature","geometry":{"type":"Polygon","coordinates":[[[140.30162,36.42151],[140.30169,36.42162],[140.30152,36.42203],[140.30149,36.42179],[140.30162,36.42151]]]},"properties":{"hoanrinKind":"保安林"}},
{"type":"Feature","geometry":{"type":"Polygon","coordinates":[[[140.30629,36.42105],[140.30581,36.42088],[140.30567,36.42018],[140.30615,36.41901],[140.30586,36.42045],[140.30629,36.42105]]]},"properties":{"hoanrinKind":"保安林"}},
{"type":"Feature","geometry":{"type":"Polygon","coordinates":[[[140.30486,36.42229],[140.30525,36.42238],[140.30477,36.42244],[140.30486,36.42229]]]},"properties":{"hoanrinKind":"保安林"}},
{"type":"Feature","geometry":{"type":"Polygon","coordinates":[[[140.34716,36.42107],[140.34806,36.42207],[140.34792,36.42222],[140.34649,36.42107],[140.34716,36.42107]]]},"properties":{"hoanrinKind":"保安林"}},
{"type":"Feature","geometry":{"type":"Polygon","coordinates":[[[140.34905,36.42313],[140.34888,36.4233],[140.34892,36.4232],[140.349,36.42314],[140.34905,36.42313]]]},"properties":{"hoanrinKind":"保安林"}},
{"type":"Feature","geometry":{"type":"Polygon","coordinates":[[[140.3486,36.42384],[140.3485,36.42423],[140.34828,36.42431],[140.3486,36.42384]]]},"properties":{"hoanrinKind":"保安林"}},
{"type":"Feature","geometry":{"type":"Polygon","coordinates":[[[140.34319,36.42655],[140.34298,36.42764],[140.34233,36.42786],[140.34175,36.42764],[140.34077,36.42749],[140.33945,36.4265],[140.33948,36.42431],[140.33986,36.42328],[140.34105,36.42218],[140.34111,36.42189],[140.34195,36.42199],[140.34305,36.42188],[140.34451,36.42139],[140.34508,36.42077],[140.34579,36.42082],[140.34535,36.4214],[140.34666,36.42255],[140.34488,36.42293],[140.34434,36.42281],[140.34332,36.42298],[140.34267,36.42331],[140.34197,36.42329],[140.34193,36.42243],[140.34154,36.42257],[140.34131,36.42316],[140.34013,36.42395],[140.34025,36.42414],[140.34131,36.4236],[140.34151,36.42431],[140.3425,36.42376],[140.34243,36.42462],[140.34207,36.42517],[140.34237,36.42571],[140.3428,36.42497],[140.34298,36.42352],[140.34348,36.42327],[140.34636,36.42297],[140.34726,36.42381],[140.34738,36.42454],[140.34635,36.42446],[140.34424,36.42519],[140.34359,36.42569],[140.34319,36.42655]]]},"properties":{"hoanrinKind":"保安林"}},
{"type":"Feature","geometry":{"type":"Polygon","coordinates":[[[140.34646,36.42912],[140.3456,36.4291],[140.3454,36.42808],[140.34434,36.42842],[140.34406,36.42797],[140.34338,36.42759],[140.34333,36.42697],[140.34359,36.42615],[140.34451,36.4253],[140.34617,36.42474],[140.34658,36.42495],[140.346,36.4265],[140.3449,36.42742],[140.34511,36.42755],[140.34702,36.42621],[140.34755,36.42635],[140.34763,36.42691],[140.3483,36.42677],[140.3494,36.42626],[140.34991,36.42578],[140.35026,36.42499],[140.35137,36.42472],[140.3519,36.4254],[140.35318,36.42599],[140.35308,36.42708],[140.35332,36.42781],[140.35113,36.42782],[140.34937,36.42811],[140.34826,36.42811],[140.34807,36.42774],[140.34717,36.42839],[140.34646,36.42912]],[[140.34502,36.42542],[140.34407,36.42657],[140.34479,36.42673],[140.34606,36.42581],[140.34502,36.42542]],[[140.35044,36.42591],[140.35122,36.42603],[140.35128,36.42562],[140.35054,36.42557],[140.35044,36.42591]]]},"properties":{"hoanrinKind":"保安林"}},
{"type":"Feature","geometry":{"type":"Polygon","coordinates":[[[140.34967,36.43086],[140.34866,36.43097],[140.34789,36.43075],[140.34607,36.4307],[140.34684,36.42937],[140.34796,36.42982],[140.34806,36.42947],[140.34696,36.42906],[140.34757,36.42855],[140.34985,36.42841],[140.35066,36.42816],[140.35343,36.42818],[140.35382,36.42796],[140.35355,36.42717],[140.35378,36.42592],[140.35483,36.42575],[140.35557,36.42621],[140.3561,36.42623],[140.35634,36.42588],[140.35715,36.42609],[140.3571,36.42641],[140.35646,36.42742],[140.35674,36.42793],[140.35595,36.42863],[140.35548,36.4287],[140.35468,36.42935],[140.35313,36.43011],[140.35212,36.43014],[140.35197,36.43033],[140.35098,36.43048],[140.34967,36.43086]]]},"properties":{"hoanrinKind":"保安林"}},
{"type":"Feature","geometry":{"type":"Polygon","coordinates":[[[140.38789,36.43704],[140.38744,36.43717],[140.38677,36.4369],[140.38507,36.43696],[140.38498,36.43662],[140.38437,36.43656],[140.38387,36.43679],[140.38259,36.43573],[140.3823,36.43443],[140.38189,36.43428],[140.38177,36.43503],[140.3797,36.43418],[140.37973,36.43374],[140.38018,36.43349],[140.38289,36.43295],[140.3827,36.43254],[140.38094,36.43309],[140.3804,36.43315],[140.38035,36.43242],[140.37974,36.43248],[140.37935,36.43317],[140.37864,36.433],[140.37842,36.43177],[140.37805,36.4313],[140.37756,36.43111],[140.3769,36.4299],[140.37692,36.42836],[140.37652,36.42744],[140.37691,36.42627],[140.37719,36.42592],[140.37837,36.42543],[140.37789,36.42396],[140.37708,36.42277],[140.37708,36.42238],[140.37834,36.42155],[140.37851,36.42189],[140.37972,36.4216],[140.38071,36.42187],[140.38324,36.42297],[140.3816,36.42357],[140.38217,36.42395],[140.38303,36.42424],[140.38212,36.42491],[140.38154,36.42501],[140.38135,36.42547],[140.38231,36.42598],[140.38273,36.42654],[140.38385,36.42538],[140.38434,36.42462],[140.38509,36.42436],[140.38585,36.42432],[140.38738,36.42399],[140.38834,36.42451],[140.38877,36.4256],[140.38773,36.42601],[140.38771,36.427],[140.38994,36.42627],[140.39034,36.42645],[140.39036,36.427],[140.39148,36.4278],[140.39098,36.42812],[140.39043,36.42815],[140.38996,36.42756],[140.38959,36.42824],[140.3888,36.42837],[140.38944,36.4288],[140.38948,36.42919],[140.38897,36.4297],[140.38746,36.43002],[140.3852,36.42984],[140.38472,36.42959],[140.38411,36.42959],[140.38291,36.42909],[140.38278,36.42871],[140.38179,36.42847],[140.38099,36.4285],[140.38172,36.42919],[140.38103,36.43011],[140.38213,36.42956],[140.38302,36.42961],[140.38366,36.43019],[140.38519,36.43022],[140.38559,36.43048],[140.38514,36.43088],[140.38609,36.43111],[140.38669,36.43108],[140.38759,36.43187],[140.38708,36.43227],[140.38747,36.4325],[140.38797,36.4321],[140.38855,36.43134],[140.38919,36.43144],[140.38932,36.43112],[140.39025,36.43098],[140.39034,36.43127],[140.38917,36.43199],[140.38938,36.43287],[140.38895,36.4337],[140.38802,36.43383],[140.38822,36.43433],[140.3872,36.43489],[140.38623,36.43589],[140.38789,36.43676],[140.38789,36.43704]]]},"properties":{"hoanrinKind":"保安林"}},
{"type":"Feature","geometry":{"type":"Polygon","coordinates":[[[140.27072,36.42687],[140.27077,36.4275],[140.27043,36.42739],[140.27072,36.42687]]]},"properties":{"hoanrinKind":"保安林"}},
{"type":"Feature","geometry":{"type":"Polygon","coordinates":[[[140.27694,36.42889],[140.2769,36.42887],[140.27692,36.42881],[140.27694,36.42889]]]},"properties":{"hoanrinKind":"保安林"}},
{"type":"Feature","geometry":{"type":"Polygon","coordinates":[[[140.27499,36.42985],[140.27494,36.42991],[140.27471,36.42994],[140.27493,36.42976],[140.27499,36.42985]]]},"properties":{"hoanrinKind":"保安林"}},
{"type":"Feature","geometry":{"type":"Polygon","coordinates":[[[140.2645,36.43991],[140.26398,36.43974],[140.26333,36.43899],[140.26284,36.43877],[140.262,36.43805],[140.26232,36.43729],[140.26254,36.43585],[140.26319,36.43553],[140.26398,36.4337],[140.264,36.43268],[140.26209,36.43253],[140.26195,36.43216],[140.26251,36.43192],[140.2626,36.43098],[140.26304,36.43047],[140.26408,36.43034],[140.26514,36.42969],[140.26618,36.43036],[140.26702,36.4288],[140.26726,36.4282],[140.26805,36.42861],[140.26893,36.43003],[140.26916,36.43067],[140.26974,36.43132],[140.27048,36.43148],[140.27094,36.4309],[140.27229,36.43034],[140.27275,36.43036],[140.27231,36.42925],[140.27133,36.42865],[140.27129,36.42813],[140.27217,36.42836],[140.27328,36.42912],[140.2743,36.43],[140.27391,36.4304],[140.27381,36.43129],[140.27354,36.43171],[140.27287,36.43218],[140.2726,36.43285],[140.272,36.43364],[140.27133,36.43429],[140.27037,36.43456],[140.26889,36.43456],[140.26765,36.4348],[140.2668,36.43521],[140.26663,36.43597],[140.26687,36.43669],[140.26658,36.43706],[140.26682,36.43766],[140.26648,36.43838],[140.26507,36.43961],[140.2645,36.43991]]]},"properties":{"hoanrinKind":"保安林"}},
{"type":"Feature","geometry":{"type":"Polygon","coordinates":[[[140.36001,36.43643],[140.35995,36.43647],[140.35972,36.43655],[140.35982,36.43648],[140.36001,36.43643]]]},"properties":{"hoanrinKind":"保安林"}},
{"type":"Feature","geometry":{"type":"Polygon","coordinates":[[[140.36186,36.43831],[140.362,36.43869],[140.36258,36.439],[140.36251,36.43947],[140.36169,36.44049],[140.36112,36.44095],[140.3603,36.44201],[140.36006,36.44209],[140.35851,36.44151],[140.35778,36.44065],[140.3578,36.44005],[140.3573,36.43937],[140.35786,36.43888],[140.35858,36.43792],[140.35957,36.43711],[140.36016,36.43725],[140.36091,36.43785],[140.36184,36.43787],[140.36186,36.43831]]]},"properties":{"hoanrinKind":"保安林"}},
{"type":"Feature","geometry":{"type":"Polygon","coordinates":[[[140.28711,36.45656],[140.28678,36.45757],[140.2857,36.45833],[140.28531,36.4589],[140.2853,36.45981],[140.28463,36.4598],[140.28328,36.45784],[140.28217,36.45672],[140.28181,36.45596],[140.28168,36.45468],[140.28286,36.45379],[140.28491,36.45393],[140.28533,36.45441],[140.28578,36.45527],[140.28668,36.45576],[140.28711,36.45656]]]},"properties":{"hoanrinKind":"保安林"}},
{"type":"Feature","geometry":{"type":"Polygon","coordinates":[[[140.27655,36.4432],[140.27667,36.44374],[140.27616,36.44405],[140.27633,36.4434],[140.27655,36.4432]]]},"properties":{"hoanrinKind":"保安林"}},
{"type":"Feature","geometry":{"type":"Polygon","coordinates":[[[140.27672,36.45772],[140.27688,36.45746],[140.27727,36.45591],[140.27721,36.45475],[140.27663,36.45649],[140.27666,36.45684],[140.27625,36.45752],[140.27508,36.45743],[140.27368,36.45698],[140.27272,36.45633],[140.27277,36.45546],[140.27337,36.45522],[140.27334,36.45477],[140.27282,36.45477],[140.27232,36.45337],[140.27271,36.45259],[140.27237,36.45217],[140.27257,36.45147],[140.27227,36.45062],[140.27165,36.45039],[140.26962,36.45025],[140.26924,36.44999],[140.26806,36.45021],[140.26682,36.44981],[140.26544,36.44989],[140.26362,36.44887],[140.26356,36.44841],[140.26294,36.44751],[140.26318,36.44673],[140.2641,36.44659],[140.26574,36.44617],[140.26576,36.44543],[140.26666,36.44494],[140.26697,36.44414],[140.26758,36.44323],[140.26746,36.44261],[140.26811,36.4424],[140.26936,36.4424],[140.27031,36.44261],[140.26969,36.44337],[140.27004,36.4435],[140.27095,36.44279],[140.27125,36.44208],[140.27163,36.44343],[140.27149,36.44385],[140.27222,36.44462],[140.27084,36.44526],[140.27045,36.44464],[140.27013,36.44476],[140.27056,36.44541],[140.26867,36.44647],[140.26753,36.447],[140.26775,36.44741],[140.26831,36.44719],[140.26877,36.44667],[140.27088,36.44556],[140.27018,36.44743],[140.27051,36.44756],[140.2713,36.44534],[140.27215,36.44499],[140.27234,36.44525],[140.27184,36.44588],[140.27153,36.44686],[140.2718,36.44707],[140.2728,36.44859],[140.27306,36.44839],[140.27216,36.44693],[140.27212,36.44637],[140.27257,36.44547],[140.27334,36.44496],[140.2743,36.44517],[140.27525,36.44571],[140.27522,36.44661],[140.27554,36.44659],[140.2756,36.44551],[140.27607,36.44447],[140.27683,36.44388],[140.27603,36.44621],[140.27664,36.44822],[140.27668,36.45006],[140.27749,36.45062],[140.27862,36.45084],[140.27942,36.45112],[140.27973,36.45144],[140.27975,36.45201],[140.28063,36.4527],[140.28168,36.45269],[140.28172,36.45322],[140.28056,36.45398],[140.28018,36.45356],[140.27969,36.45345],[140.27785,36.45381],[140.27763,36.45608],[140.27736,36.45748],[140.27672,36.45772]]]},"properties":{"hoanrinKind":"保安林"}},
{"type":"Feature","geometry":{"type":"Polygon","coordinates":[[[140.27448,36.45834],[140.27446,36.45844],[140.27421,36.45844],[140.27448,36.45834]]]},"properties":{"hoanrinKind":"保安林"}},
{"type":"Feature","geometry":{"type":"Polygon","coordinates":[[[140.27878,36.45773],[140.27857,36.45814],[140.27752,36.45894],[140.2774,36.45841],[140.27878,36.45773]]]},"properties":{"hoanrinKind":"保安林"}},
{"type":"Feature","geometry":{"type":"Polygon","coordinates":[[[140.2755,36.46012],[140.27497,36.46005],[140.27556,36.45932],[140.27633,36.45899],[140.2755,36.46012]]]},"properties":{"hoanrinKind":"保安林"}},
{"type":"Feature","geometry":{"type":"Polygon","coordinates":[[[140.25811,36.46922],[140.25759,36.46903],[140.25792,36.46885],[140.25811,36.46922]]]},"properties":{"hoanrinKind":"保安林"}},
{"type":"Feature","geometry":{"type":"Polygon","coordinates":[[[140.25939,36.46777],[140.2605,36.46823],[140.26135,36.46896],[140.26177,36.4696],[140.26073,36.4698],[140.25877,36.46942],[140.25828,36.46865],[140.25883,36.46835],[140.25939,36.46777]]]},"properties":{"hoanrinKind":"保安林"}},
{"type":"Feature","geometry":{"type":"Polygon","coordinates":[[[140.26838,36.46919],[140.26767,36.46949],[140.26732,36.4701],[140.26813,36.47062],[140.26829,36.47121],[140.26674,36.4709],[140.26573,36.47],[140.26631,36.46907],[140.26603,36.46881],[140.26539,36.46959],[140.26494,36.46931],[140.26498,36.46845],[140.26384,36.46838],[140.26384,36.46879],[140.26447,36.46883],[140.26445,36.4694],[140.26319,36.4693],[140.26259,36.46903],[140.26273,36.46802],[140.26498,36.46767],[140.26498,36.46746],[140.26274,36.46778],[140.26172,36.46698],[140.26066,36.46643],[140.26086,36.46565],[140.26073,36.46514],[140.26154,36.46413],[140.26221,36.4641],[140.26506,36.46558],[140.26557,36.46532],[140.26615,36.46465],[140.26677,36.46442],[140.26709,36.46385],[140.26795,36.46382],[140.26827,36.46403],[140.26824,36.46541],[140.26843,36.46587],[140.27011,36.4662],[140.27038,36.46674],[140.26975,36.46693],[140.26728,36.46692],[140.26804,36.46733],[140.26919,36.46724],[140.26898,36.46812],[140.26936,36.46825],[140.26964,36.46728],[140.27036,36.46716],[140.27217,36.46623],[140.27225,36.4671],[140.2714,36.46875],[140.27108,36.46899],[140.27021,36.46908],[140.26949,36.46947],[140.26838,36.46919]]]},"properties":{"hoanrinKind":"保安林"}},
{"type":"Feature","geometry":{"type":"Polygon","coordinates":[[[140.27024,36.47131],[140.27,36.4707],[140.27055,36.47092],[140.27024,36.47131]]]},"properties":{"hoanrinKind":"保安林"}},
{"type":"Feature","geometry":{"type":"Polygon","coordinates":[[[140.29808,36.46967],[140.29777,36.47041],[140.29718,36.47103],[140.2976,36.47193],[140.29717,36.47219],[140.29657,36.47222],[140.29529,36.47203],[140.29436,36.47139],[140.29348,36.46952],[140.29336,36.46885],[140.29191,36.46756],[140.29199,36.46701],[140.29241,36.46671],[140.29262,36.4655],[140.29133,36.46436],[140.29044,36.46289],[140.28956,36.463],[140.28943,36.46215],[140.28985,36.46106],[140.28986,36.46014],[140.29006,36.45932],[140.28958,36.45882],[140.28925,36.4573],[140.28848,36.45581],[140.28746,36.45494],[140.28723,36.45404],[140.28731,36.45294],[140.2876,36.45256],[140.28834,36.45208],[140.28903,36.45129],[140.28998,36.45122],[140.29004,36.45058],[140.29075,36.45028],[140.29222,36.44895],[140.29286,36.44891],[140.2929,36.44839],[140.29354,36.4475],[140.29433,36.44822],[140.29562,36.44896],[140.29641,36.44885],[140.29686,36.44855],[140.29754,36.44748],[140.29763,36.44658],[140.29835,36.44526],[140.29878,36.445],[140.29938,36.44501],[140.29996,36.44577],[140.30048,36.44604],[140.30057,36.44647],[140.29996,36.44889],[140.29946,36.44996],[140.30015,36.45017],[140.30208,36.45013],[140.30262,36.4499],[140.30319,36.44888],[140.30409,36.44822],[140.30548,36.4479],[140.30581,36.44819],[140.30509,36.44882],[140.30475,36.44988],[140.30518,36.44991],[140.30533,36.44928],[140.30571,36.44874],[140.30654,36.44828],[140.30712,36.44815],[140.30784,36.44897],[140.3089,36.44958],[140.30957,36.45069],[140.30956,36.45155],[140.3099,36.45163],[140.31006,36.45227],[140.30741,36.45301],[140.30684,36.45345],[140.30643,36.45477],[140.30515,36.45457],[140.30372,36.454],[140.30298,36.45414],[140.30247,36.454],[140.30107,36.45414],[140.30067,36.45377],[140.30125,36.45333],[140.30094,36.45312],[140.30038,36.45356],[140.29981,36.45313],[140.30029,36.45241],[140.29998,36.45227],[140.2995,36.4529],[140.29896,36.45224],[140.29984,36.45153],[140.29935,36.45106],[140.29868,36.45206],[140.29808,36.45183],[140.29691,36.45064],[140.2967,36.45111],[140.29744,36.45174],[140.30039,36.45406],[140.3002,36.45439],[140.29896,36.454],[140.29605,36.45397],[140.29493,36.45389],[140.29408,36.45367],[140.29331,36.45318],[140.2929,36.45255],[140.29178,36.45295],[140.29036,36.4536],[140.28921,36.45427],[140.28856,36.45507],[140.28853,36.45556],[140.28914,36.45552],[140.28969,36.45517],[140.29224,36.45396],[140.2944,36.45404],[140.29476,36.45423],[140.29914,36.45427],[140.29939,36.45475],[140.29849,36.45496],[140.29695,36.4551],[140.2957,36.45591],[140.29428,36.45653],[140.29303,36.45742],[140.29414,36.45771],[140.29534,36.4586],[140.29571,36.4594],[140.29534,36.46084],[140.29566,36.46167],[140.29547,36.46252],[140.2944,36.46387],[140.2949,36.46447],[140.2965,36.46457],[140.29657,36.46517],[140.29631,36.46593],[140.29723,36.46664],[140.29811,36.46643],[140.29887,36.46675],[140.29897,36.46753],[140.29856,36.46823],[140.29808,36.46967]],[[140.29386,36.46684],[140.29334,36.46758],[140.29361,36.46769],[140.29452,36.46651],[140.29598,36.46562],[140.29543,36.46542],[140.29429,36.46608],[140.29386,36.46684]],[[140.29237,36.46187],[140.29277,36.46243],[140.29311,36.46219],[140.29258,36.46133],[140.29237,36.46187]]]},"properties":{"hoanrinKind":"保安林"}},
{"type":"Feature","geometry":{"type":"Polygon","coordinates":[[[140.60079,36.46682],[140.60081,36.46687],[140.60068,36.46666],[140.60079,36.46682]]]},"properties":{"hoanrinKind":"保安林"}},
{"type":"Feature","geometry":{"type":"Polygon","coordinates":[[[140.60969,36.48041],[140.60887,36.48088],[140.60786,36.47981],[140.60719,36.4788],[140.6073,36.4786],[140.60666,36.4775],[140.60614,36.4775],[140.60537,36.47626],[140.60397,36.47351],[140.60497,36.47318],[140.60771,36.47287],[140.61024,36.4724],[140.6106,36.47479],[140.6104,36.47537],[140.61144,36.47987],[140.61092,36.48019],[140.61076,36.48059],[140.60991,36.48074],[140.60969,36.48041]],[[140.60913,36.47857],[140.60903,36.47888],[140.60953,36.47918],[140.60989,36.4789],[140.60957,36.47838],[140.60956,36.4778],[140.60866,36.47814],[140.60913,36.47857]]]},"properties":{"hoanrinKind":"保安林"}},
{"type":"Feature","geometry":{"type":"Polygon","coordinates":[[[140.27304,36.48304],[140.273,36.48317],[140.27022,36.48298],[140.26937,36.48314],[140.268,36.48211],[140.26676,36.48157],[140.26652,36.48134],[140.26657,36.48049],[140.26699,36.47983],[140.26816,36.47839],[140.26851,36.47826],[140.26842,36.47771],[140.26902,36.47676],[140.26801,36.47669],[140.26745,36.47704],[140.26675,36.47783],[140.26602,36.47746],[140.26582,36.47644],[140.26681,36.47506],[140.26775,36.47486],[140.26825,36.47444],[140.26948,36.47462],[140.27001,36.47437],[140.27135,36.47467],[140.27259,36.47552],[140.27288,36.4765],[140.27252,36.47762],[140.27288,36.47797],[140.27391,36.47787],[140.27415,36.47801],[140.27447,36.47892],[140.27536,36.47925],[140.27591,36.47922],[140.2765,36.47838],[140.27678,36.47827],[140.27791,36.47879],[140.27818,36.47938],[140.27928,36.47913],[140.27939,36.47951],[140.27911,36.48091],[140.27836,36.48253],[140.27673,36.48195],[140.27553,36.48215],[140.27469,36.48185],[140.27387,36.48196],[140.27324,36.48254],[140.27304,36.48304]],[[140.27235,36.48127],[140.27218,36.4803],[140.27182,36.47968],[140.2715,36.47817],[140.27187,36.47801],[140.27136,36.47658],[140.27103,36.47729],[140.27108,36.4779],[140.27083,36.47818],[140.26962,36.47884],[140.26997,36.4793],[140.27046,36.47882],[140.27108,36.47854],[140.27117,36.47945],[140.27085,36.47992],[140.27008,36.48051],[140.26968,36.48119],[140.27033,36.48125],[140.27116,36.4798],[140.27186,36.48031],[140.27187,36.48137],[140.27235,36.48127]]]},"properties":{"hoanrinKind":"保安林"}},
{"type":"Feature","geometry":{"type":"Polygon","coordinates":[[[140.42957,36.47552],[140.42814,36.47525],[140.42771,36.47484],[140.4286,36.4745],[140.43014,36.47448],[140.43005,36.47546],[140.42957,36.47552]]]},"properties":{"hoanrinKind":"保安林"}},
{"type":"Feature","geometry":{"type":"Polygon","coordinates":[[[140.43288,36.48387],[140.43277,36.48417],[140.43207,36.48437],[140.43136,36.48353],[140.43096,36.48258],[140.43116,36.48176],[140.42996,36.48124],[140.43021,36.4807],[140.43123,36.47947],[140.43123,36.47856],[140.43066,36.47727],[140.43053,36.47627],[140.43086,36.47587],[140.43225,36.47605],[140.43272,36.47581],[140.43233,36.47518],[140.43144,36.47442],[140.43058,36.47409],[140.43109,36.473],[140.43189,36.47269],[140.43143,36.47162],[140.43239,36.47121],[140.43268,36.47196],[140.43338,36.47272],[140.4329,36.47376],[140.43322,36.47403],[140.43372,36.475],[140.43372,36.47589],[140.43425,36.47652],[140.4347,36.47663],[140.43591,36.47647],[140.43624,36.47661],[140.43581,36.47788],[140.43613,36.47856],[140.43688,36.47862],[140.43725,36.47812],[140.43768,36.47801],[140.43794,36.47904],[140.43774,36.47993],[140.43778,36.48147],[140.43749,36.48215],[140.43699,36.48237],[140.43592,36.48242],[140.43481,36.48267],[140.43413,36.4836],[140.43288,36.48387]]]},"properties":{"hoanrinKind":"保安林"}},
{"type":"Feature","geometry":{"type":"Polygon","coordinates":[[[140.25175,36.48739],[140.25151,36.48806],[140.25105,36.4878],[140.2503,36.48661],[140.24906,36.48591],[140.24877,36.48542],[140.24879,36.4839],[140.2479,36.48155],[140.24782,36.48089],[140.24747,36.4805],[140.24686,36.48054],[140.24649,36.48099],[140.24614,36.48186],[140.24584,36.48212],[140.24487,36.48226],[140.24482,36.48027],[140.24461,36.47992],[140.24375,36.47954],[140.24313,36.48024],[140.24332,36.48163],[140.2442,36.48253],[140.24419,36.48331],[140.24365,36.48309],[140.24155,36.48267],[140.24127,36.48316],[140.24048,36.48315],[140.24067,36.48257],[140.24107,36.48222],[140.23967,36.48092],[140.24006,36.48033],[140.23955,36.48028],[140.23923,36.4808],[140.23802,36.48018],[140.23751,36.47953],[140.23641,36.47979],[140.23607,36.47905],[140.23534,36.47932],[140.23456,36.47866],[140.23444,36.47819],[140.23345,36.47822],[140.23297,36.47799],[140.23288,36.47722],[140.23237,36.47723],[140.23226,36.47601],[140.23188,36.47618],[140.23212,36.47769],[140.23145,36.47783],[140.22921,36.47791],[140.22873,36.47761],[140.22757,36.47758],[140.22655,36.47771],[140.22489,36.47711],[140.22417,36.47644],[140.22345,36.47516],[140.22219,36.47519],[140.22149,36.47478],[140.21991,36.4742],[140.21892,36.47347],[140.2176,36.47285],[140.21677,36.47231],[140.21583,36.47221],[140.21544,36.47156],[140.21506,36.47178],[140.21592,36.47255],[140.21606,36.4729],[140.21386,36.47365],[140.21228,36.47144],[140.21206,36.47072],[140.21245,36.46971],[140.21309,36.46908],[140.21282,36.46795],[140.21312,36.46746],[140.21289,36.46704],[140.21208,36.46676],[140.21181,36.46629],[140.21084,36.46598],[140.21068,36.46538],[140.21012,36.46507],[140.20935,36.4652],[140.20881,36.46483],[140.2094,36.46444],[140.21071,36.46382],[140.21137,36.4632],[140.21204,36.4628],[140.21268,36.46278],[140.2133,36.46301],[140.21427,36.46259],[140.21171,36.45979],[140.21361,36.45888],[140.21404,36.4585],[140.21539,36.45863],[140.21577,36.45903],[140.21771,36.45992],[140.21828,36.45989],[140.21879,36.46017],[140.22008,36.46039],[140.22047,36.46082],[140.22189,36.46185],[140.22227,36.46183],[140.2224,36.46239],[140.22343,36.46301],[140.22423,36.46299],[140.22462,36.46346],[140.22545,36.46301],[140.22563,36.46247],[140.22649,36.46213],[140.22746,36.4629],[140.22811,36.46302],[140.22886,36.46355],[140.23022,36.46373],[140.23075,36.46356],[140.2318,36.46365],[140.23221,36.4642],[140.23266,36.46433],[140.23393,36.46527],[140.23454,36.46543],[140.23482,36.46596],[140.23558,36.46632],[140.23759,36.46632],[140.23886,36.46556],[140.23961,36.46576],[140.24091,36.46684],[140.24245,36.46864],[140.24266,36.46954],[140.24222,36.46984],[140.24002,36.47076],[140.23948,36.47152],[140.23723,36.47253],[140.23643,36.47249],[140.23584,36.47222],[140.23408,36.47208],[140.23401,36.47171],[140.23567,36.46986],[140.235,36.4688],[140.23431,36.46843],[140.23385,36.46903],[140.23286,36.46857],[140.23238,36.46885],[140.23277,36.47049],[140.23291,36.47185],[140.23115,36.47125],[140.23019,36.47065],[140.22929,36.47035],[140.22887,36.46995],[140.22848,36.46901],[140.22767,36.46816],[140.22707,36.4677],[140.22553,36.46735],[140.22446,36.46663],[140.22334,36.46615],[140.2218,36.46516],[140.2208,36.4644],[140.21986,36.46343],[140.21885,36.46292],[140.21829,36.46297],[140.21811,36.46385],[140.2191,36.46477],[140.21977,36.46502],[140.22069,36.46571],[140.22074,36.46611],[140.21919,36.46737],[140.21882,36.46747],[140.21762,36.46705],[140.21792,36.46769],[140.21961,36.46824],[140.22002,36.4682],[140.22128,36.46718],[140.22231,36.46673],[140.22272,36.46703],[140.22364,36.4673],[140.22387,36.4679],[140.22535,36.46809],[140.22645,36.46885],[140.22719,36.46966],[140.22751,36.47044],[140.22726,36.47072],[140.22601,36.47088],[140.22548,36.47113],[140.225,36.47217],[140.22562,36.47224],[140.22698,36.47295],[140.22908,36.47463],[140.2295,36.47463],[140.23081,36.47415],[140.23233,36.4747],[140.23166,36.47533],[140.2321,36.47593],[140.23261,36.47507],[140.23341,36.47457],[140.2351,36.47439],[140.23624,36.4734],[140.23764,36.47339],[140.23799,36.47383],[140.24004,36.47242],[140.24062,36.47266],[140.2407,36.47329],[140.24139,36.47427],[140.2421,36.47425],[140.2427,36.47478],[140.24314,36.47457],[140.24307,36.47387],[140.24238,36.47261],[140.24167,36.47168],[140.24245,36.47147],[140.24273,36.47171],[140.24335,36.47111],[140.24396,36.47164],[140.24377,36.47221],[140.2447,36.47311],[140.2449,36.47412],[140.24561,36.47417],[140.24594,36.47378],[140.24698,36.47337],[140.24918,36.47301],[140.25059,36.47339],[140.25107,36.47272],[140.251,36.47242],[140.25132,36.47154],[140.25174,36.47123],[140.25334,36.47073],[140.25457,36.4702],[140.2548,36.47032],[140.25567,36.46973],[140.2562,36.46916],[140.25714,36.4698],[140.25785,36.46986],[140.2578,36.47028],[140.25654,36.4706],[140.25547,36.47105],[140.25523,36.4713],[140.25394,36.47094],[140.25435,36.47212],[140.25528,36.47158],[140.25572,36.47113],[140.25667,36.47084],[140.25608,36.4733],[140.25645,36.47333],[140.25703,36.4712],[140.25754,36.47065],[140.25867,36.47041],[140.25907,36.47047],[140.25918,36.47276],[140.25957,36.47276],[140.25959,36.47077],[140.26041,36.47092],[140.26041,36.47044],[140.26116,36.47034],[140.2612,36.47165],[140.26146,36.47165],[140.26152,36.47027],[140.26316,36.46992],[140.26392,36.46992],[140.26384,36.47075],[140.26419,36.47075],[140.26429,36.46994],[140.26496,36.47021],[140.26578,36.47101],[140.26639,36.47125],[140.26769,36.47149],[140.26768,36.47173],[140.2669,36.47275],[140.26623,36.47295],[140.26599,36.47246],[140.26543,36.47214],[140.26464,36.47203],[140.26462,36.47236],[140.26548,36.47244],[140.26554,36.47303],[140.26504,36.4734],[140.2633,36.47424],[140.26179,36.47477],[140.26031,36.47461],[140.26039,36.47496],[140.26132,36.47514],[140.26221,36.47508],[140.26309,36.47473],[140.26487,36.47375],[140.26569,36.47343],[140.26558,36.47408],[140.26511,36.47526],[140.26437,36.47545],[140.26287,36.47543],[140.26363,36.47584],[140.26429,36.47579],[140.26455,36.4761],[140.26314,36.47713],[140.26295,36.47811],[140.2633,36.47975],[140.26379,36.48118],[140.26357,36.48237],[140.26316,36.48272],[140.26305,36.48467],[140.2617,36.48406],[140.26161,36.48445],[140.26276,36.48493],[140.26048,36.48508],[140.25969,36.48543],[140.25827,36.48641],[140.25788,36.48599],[140.25791,36.48447],[140.25744,36.48352],[140.25622,36.48338],[140.25547,36.48281],[140.25531,36.48169],[140.25464,36.48177],[140.25427,36.48247],[140.25384,36.48258],[140.25351,36.48202],[140.2525,36.48105],[140.25254,36.48046],[140.25105,36.48054],[140.25192,36.481],[140.25308,36.48212],[140.25321,36.48266],[140.2529,36.48319],[140.25236,36.48334],[140.25143,36.48308],[140.25178,36.48647],[140.25175,36.48739]],[[140.25822,36.47728],[140.25849,36.47723],[140.25841,36.47627],[140.25791,36.47635],[140.25822,36.47728]],[[140.26197,36.47281],[140.26092,36.47317],[140.25959,36.4735],[140.25963,36.47382],[140.26109,36.47352],[140.26189,36.47319],[140.26346,36.47234],[140.26326,36.47214],[140.26197,36.47281]]]},"properties":{"hoanrinKind":"保安林"}},
{"type":"Feature","geometry":{"type":"Polygon","coordinates":[[[140.27218,36.49898],[140.27129,36.49913],[140.27097,36.49895],[140.27218,36.49898]]]},"properties":{"hoanrinKind":"保安林"}},
{"type":"Feature","geometry":{"type":"Polygon","coordinates":[[[140.27308,36.49735],[140.27466,36.49829],[140.27357,36.49796],[140.27308,36.49735]]]},"properties":{"hoanrinKind":"保安林"}},
{"type":"Feature","geometry":{"type":"Polygon","coordinates":[[[140.27429,36.50098],[140.27434,36.50134],[140.2753,36.50202],[140.27518,36.50246],[140.27469,36.50165],[140.27404,36.50121],[140.27429,36.50098]]]},"properties":{"hoanrinKind":"保安林"}},
{"type":"Feature","geometry":{"type":"Polygon","coordinates":[[[140.24937,36.51498],[140.24871,36.51517],[140.2476,36.51507],[140.24728,36.51483],[140.24727,36.51433],[140.24766,36.51385],[140.24758,36.51223],[140.24835,36.51175],[140.24884,36.51075],[140.24916,36.50922],[140.24925,36.50781],[140.24854,36.50744],[140.24728,36.50721],[140.24669,36.50731],[140.24455,36.50701],[140.24402,36.50732],[140.24286,36.50748],[140.24258,36.50691],[140.24267,36.50639],[140.24248,36.50588],[140.24186,36.50524],[140.24166,36.50456],[140.24177,36.50362],[140.24124,36.50261],[140.2402,36.50274],[140.23983,36.50336],[140.23869,36.5035],[140.23804,36.50397],[140.23664,36.50423],[140.23602,36.50454],[140.23577,36.50434],[140.23562,36.50313],[140.23534,36.50283],[140.23423,36.50257],[140.23367,36.50257],[140.23267,36.50291],[140.23186,36.50278],[140.23068,36.50281],[140.22947,36.50178],[140.22998,36.50074],[140.23049,36.50031],[140.23117,36.49926],[140.231,36.49802],[140.23123,36.49748],[140.23081,36.49595],[140.23006,36.49464],[140.23032,36.49271],[140.23006,36.49169],[140.22956,36.49089],[140.22744,36.48979],[140.22683,36.48929],[140.22655,36.48861],[140.22677,36.48798],[140.22753,36.48737],[140.22744,36.48654],[140.22678,36.48538],[140.22752,36.4854],[140.22835,36.48424],[140.22811,36.48383],[140.22642,36.48434],[140.22642,36.48504],[140.22546,36.48442],[140.22467,36.48433],[140.22415,36.48408],[140.22394,36.48319],[140.22368,36.4828],[140.22339,36.48167],[140.2226,36.48133],[140.22126,36.48021],[140.22002,36.48055],[140.21921,36.48048],[140.22038,36.47918],[140.22046,36.47858],[140.21952,36.47844],[140.2171,36.47921],[140.21667,36.47903],[140.21631,36.4782],[140.21553,36.47701],[140.21507,36.47682],[140.21753,36.47634],[140.22111,36.47538],[140.22257,36.47594],[140.22311,36.47679],[140.22284,36.47733],[140.22365,36.47725],[140.22532,36.47811],[140.22555,36.47877],[140.22659,36.47909],[140.22722,36.47888],[140.22816,36.47894],[140.22868,36.47947],[140.22888,36.48006],[140.22933,36.48032],[140.22966,36.47984],[140.22989,36.4787],[140.23043,36.47872],[140.23026,36.47955],[140.23049,36.48019],[140.23009,36.48185],[140.23051,36.48187],[140.23087,36.48082],[140.23119,36.48077],[140.2313,36.48202],[140.23172,36.48209],[140.23145,36.48082],[140.2309,36.4795],[140.23097,36.47871],[140.23186,36.47845],[140.23345,36.47857],[140.23495,36.47973],[140.23564,36.47981],[140.23559,36.48022],[140.23443,36.4811],[140.23362,36.48239],[140.2319,36.4836],[140.23184,36.484],[140.23057,36.48464],[140.23063,36.48582],[140.23176,36.48547],[140.23449,36.48388],[140.23577,36.48278],[140.23624,36.48271],[140.23815,36.48104],[140.23862,36.48111],[140.2391,36.48168],[140.23987,36.48205],[140.23955,36.48265],[140.24013,36.48321],[140.23972,36.48372],[140.23916,36.48379],[140.23787,36.48361],[140.23783,36.48441],[140.23845,36.48415],[140.23953,36.48404],[140.23806,36.48542],[140.23935,36.48488],[140.24014,36.48392],[140.24112,36.48364],[140.24157,36.48409],[140.23978,36.4857],[140.24032,36.48555],[140.24159,36.4859],[140.24312,36.48436],[140.2441,36.48503],[140.24421,36.48557],[140.24393,36.48615],[140.24294,36.48636],[140.24194,36.48642],[140.24152,36.48691],[140.24133,36.48773],[140.24084,36.48773],[140.24048,36.48731],[140.23995,36.48743],[140.23978,36.48813],[140.24016,36.48864],[140.24138,36.48924],[140.24154,36.48989],[140.24225,36.49017],[140.2427,36.49106],[140.24271,36.49209],[140.24322,36.49257],[140.24477,36.49238],[140.245,36.49269],[140.24484,36.49325],[140.24426,36.49428],[140.24459,36.49539],[140.24459,36.49599],[140.2436,36.49593],[140.24296,36.49523],[140.2421,36.4952],[140.24091,36.49444],[140.23965,36.49389],[140.23913,36.49353],[140.23892,36.49267],[140.23852,36.49208],[140.23781,36.49141],[140.23673,36.49019],[140.23554,36.48981],[140.23526,36.49019],[140.23631,36.49023],[140.23695,36.49069],[140.23751,36.49171],[140.23826,36.49252],[140.23833,36.49292],[140.23776,36.49301],[140.23679,36.49274],[140.23581,36.49281],[140.23525,36.49264],[140.23474,36.4921],[140.2333,36.49086],[140.23262,36.49086],[140.23395,36.49211],[140.23366,36.49233],[140.23257,36.49189],[140.23242,36.49287],[140.23334,36.49262],[140.23379,36.49266],[140.23503,36.49311],[140.23725,36.49322],[140.23853,36.49354],[140.23902,36.49466],[140.23858,36.49517],[140.23892,36.49543],[140.23908,36.49599],[140.23979,36.49604],[140.23969,36.49702],[140.23992,36.4983],[140.23935,36.49848],[140.23865,36.4982],[140.23882,36.49674],[140.23852,36.49685],[140.23817,36.49784],[140.23601,36.49633],[140.23501,36.49596],[140.234,36.4953],[140.23363,36.49553],[140.23248,36.4946],[140.23207,36.49513],[140.23298,36.49547],[140.23291,36.49612],[140.23441,36.49594],[140.23508,36.49642],[140.23551,36.49648],[140.23538,36.4971],[140.23574,36.49719],[140.2362,36.4967],[140.23761,36.49808],[140.23816,36.4985],[140.23809,36.49902],[140.23656,36.49949],[140.2358,36.4999],[140.23518,36.49981],[140.23442,36.49921],[140.23307,36.4984],[140.23293,36.49868],[140.23448,36.49951],[140.23481,36.49979],[140.23473,36.50023],[140.23412,36.50033],[140.23239,36.50022],[140.23245,36.50055],[140.2334,36.50064],[140.23479,36.50054],[140.2354,36.50084],[140.23544,36.50153],[140.236,36.50132],[140.23595,36.5003],[140.23686,36.49993],[140.23772,36.49996],[140.23802,36.50058],[140.23809,36.50119],[140.23858,36.50104],[140.23837,36.50005],[140.23841,36.4994],[140.23882,36.4992],[140.24002,36.49903],[140.24165,36.49854],[140.24219,36.4997],[140.24245,36.49966],[140.24227,36.49828],[140.24452,36.49762],[140.24622,36.49758],[140.24707,36.49848],[140.24744,36.49914],[140.24727,36.49953],[140.24461,36.50006],[140.24446,36.49944],[140.24368,36.49946],[140.24283,36.50025],[140.2426,36.50173],[140.24324,36.50164],[140.24491,36.50162],[140.24596,36.50151],[140.24612,36.50177],[140.24577,36.50321],[140.24499,36.50345],[140.24562,36.5038],[140.24573,36.5044],[140.24542,36.50489],[140.24353,36.50491],[140.24355,36.50513],[140.24498,36.50527],[140.24551,36.50506],[140.24629,36.50557],[140.24715,36.50669],[140.24786,36.50661],[140.24888,36.50679],[140.24972,36.50637],[140.24969,36.5057],[140.24926,36.50574],[140.24928,36.5064],[140.24835,36.50641],[140.24727,36.50624],[140.24671,36.50588],[140.24614,36.50466],[140.24612,36.50425],[140.24637,36.50265],[140.24696,36.50258],[140.24701,36.50097],[140.24789,36.50004],[140.24859,36.50064],[140.24916,36.50019],[140.24946,36.49902],[140.24946,36.49839],[140.24981,36.49733],[140.2509,36.49709],[140.25146,36.49649],[140.25208,36.49651],[140.25207,36.49802],[140.25171,36.49915],[140.25124,36.50103],[140.2513,36.50332],[140.25156,36.50355],[140.25283,36.50323],[140.25304,36.50178],[140.25275,36.50021],[140.25346,36.49856],[140.25323,36.49781],[140.25313,36.49682],[140.25383,36.49674],[140.25429,36.49826],[140.25422,36.49962],[140.25461,36.49968],[140.25461,36.50078],[140.25512,36.50082],[140.25508,36.49988],[140.25471,36.49938],[140.25477,36.49873],[140.25558,36.49916],[140.25626,36.49913],[140.2564,36.50122],[140.25579,36.5017],[140.25595,36.50212],[140.2565,36.50231],[140.25695,36.50173],[140.25895,36.50111],[140.25923,36.50088],[140.25999,36.49923],[140.26045,36.49864],[140.2611,36.49907],[140.26153,36.49904],[140.26226,36.49823],[140.26277,36.49977],[140.26281,36.49806],[140.26393,36.49863],[140.26356,36.49934],[140.26365,36.49996],[140.26307,36.50043],[140.26262,36.50157],[140.26309,36.50248],[140.26311,36.50331],[140.26412,36.50385],[140.26397,36.5043],[140.26273,36.50417],[140.26182,36.50364],[140.26167,36.50389],[140.26281,36.50437],[140.26401,36.50452],[140.26324,36.50512],[140.26251,36.50535],[140.26054,36.50538],[140.25946,36.50565],[140.25632,36.50559],[140.25555,36.50512],[140.25514,36.5054],[140.25667,36.50596],[140.25841,36.506],[140.25837,36.50705],[140.25869,36.50699],[140.25884,36.50628],[140.25933,36.50593],[140.26058,36.50561],[140.26165,36.50557],[140.26239,36.50578],[140.26159,36.50626],[140.26047,36.50714],[140.25783,36.50858],[140.25536,36.5092],[140.25356,36.50924],[140.25134,36.51014],[140.25175,36.51047],[140.25149,36.5113],[140.25123,36.51152],[140.25121,36.5127],[140.25141,36.51335],[140.2515,36.51481],[140.25076,36.51498],[140.24917,36.51356],[140.24911,36.51277],[140.24859,36.51311],[140.24911,36.5139],[140.25028,36.51514],[140.24937,36.51498]],[[140.22928,36.48941],[140.22954,36.48944],[140.23044,36.49023],[140.22997,36.49062],[140.23168,36.49062],[140.23171,36.49029],[140.23087,36.49034],[140.23046,36.48967],[140.22936,36.48901],[140.22928,36.48941]]]},"properties":{"hoanrinKind":"保安林"}},
{"type":"Feature","geometry":{"type":"Polygon","coordinates":[[[140.32658,36.51027],[140.32659,36.51032],[140.32644,36.51027],[140.32646,36.51025],[140.32658,36.51027]]]},"properties":{"hoanrinKind":"保安林"}},
{"type":"Feature","geometry":{"type":"Polygon","coordinates":[[[140.32432,36.5113],[140.32449,36.51144],[140.32483,36.5116],[140.32464,36.51167],[140.32417,36.51134],[140.32432,36.5113]]]},"properties":{"hoanrinKind":"保安林"}},
{"type":"Feature","geometry":{"type":"Polygon","coordinates":[[[140.32342,36.51277],[140.32325,36.51305],[140.3233,36.51295],[140.32342,36.51277]]]},"properties":{"hoanrinKind":"保安林"}},
{"type":"Feature","geometry":{"type":"Polygon","coordinates":[[[140.32526,36.5151],[140.32523,36.51512],[140.32488,36.51515],[140.32503,36.51509],[140.32526,36.5151]]]},"properties":{"hoanrinKind":"保安林"}},
{"type":"Feature","geometry":{"type":"Polygon","coordinates":[[[140.32375,36.51537],[140.32317,36.51575],[140.32306,36.51555],[140.32375,36.51537]]]},"properties":{"hoanrinKind":"保安林"}},
{"type":"Feature","geometry":{"type":"Polygon","coordinates":[[[140.32199,36.51635],[140.32248,36.51709],[140.32008,36.51899],[140.31942,36.5189],[140.31924,36.51822],[140.32081,36.51687],[140.32118,36.51552],[140.32258,36.51424],[140.32227,36.51534],[140.32248,36.51637],[140.32199,36.51635]]]},"properties":{"hoanrinKind":"保安林"}},
{"type":"Feature","geometry":{"type":"Polygon","coordinates":[[[140.51684,36.53629],[140.51648,36.537],[140.51631,36.53811],[140.51576,36.53787],[140.5157,36.53741],[140.51524,36.53652],[140.51417,36.53605],[140.51413,36.53569],[140.51448,36.5351],[140.51491,36.53385],[140.51558,36.5341],[140.51576,36.53468],[140.51712,36.53423],[140.51792,36.53439],[140.51781,36.53509],[140.51811,36.53545],[140.51684,36.53629]],[[140.51505,36.53504],[140.51468,36.53594],[140.51543,36.5362],[140.51656,36.53531],[140.51554,36.53531],[140.51505,36.53504]]]},"properties":{"hoanrinKind":"保安林"}},
{"type":"Feature","geometry":{"type":"Polygon","coordinates":[[[140.60563,36.51924],[140.60576,36.51931],[140.60547,36.51933],[140.60563,36.51924]]]},"properties":{"hoanrinKind":"保安林"}},
{"type":"Feature","geometry":{"type":"Polygon","coordinates":[[[140.60706,36.52509],[140.60628,36.52543],[140.60566,36.52551],[140.60447,36.52527],[140.60429,36.52487],[140.60569,36.52504],[140.60672,36.52487],[140.60706,36.52509]]]},"properties":{"hoanrinKind":"保安林"}},
{"type":"Feature","geometry":{"type":"Polygon","coordinates":[[[140.60152,36.54276],[140.60058,36.54291],[140.59976,36.54338],[140.59881,36.54275],[140.59907,36.54184],[140.59895,36.54093],[140.59947,36.54102],[140.59967,36.54225],[140.60028,36.54222],[140.6007,36.54172],[140.60086,36.54104],[140.60041,36.54081],[140.59935,36.54072],[140.59913,36.53965],[140.59884,36.53936],[140.59764,36.53965],[140.59733,36.53951],[140.59713,36.53891],[140.59636,36.53823],[140.59607,36.53824],[140.59529,36.53888],[140.59388,36.53904],[140.59473,36.54001],[140.59724,36.54181],[140.59712,36.54222],[140.59603,36.54267],[140.59529,36.54148],[140.59377,36.54049],[140.59228,36.53916],[140.59382,36.5388],[140.59411,36.53859],[140.59539,36.53836],[140.5956,36.53777],[140.59692,36.53676],[140.59725,36.53591],[140.59725,36.53526],[140.59774,36.5341],[140.59774,36.53312],[140.59876,36.53185],[140.5989,36.53082],[140.59941,36.53018],[140.59943,36.52952],[140.60009,36.52873],[140.60002,36.52755],[140.60032,36.52684],[140.60094,36.52595],[140.60223,36.52528],[140.60272,36.52389],[140.60292,36.52261],[140.60375,36.52087],[140.60464,36.5199],[140.60506,36.51961],[140.6058,36.51976],[140.60579,36.52037],[140.60623,36.521],[140.60644,36.5222],[140.60705,36.52247],[140.60602,36.52313],[140.60619,36.52367],[140.6053,36.52391],[140.60489,36.5234],[140.60361,36.52337],[140.60388,36.52378],[140.6029,36.52417],[140.60341,36.52523],[140.60355,36.52607],[140.60443,36.52652],[140.60625,36.52661],[140.60757,36.5266],[140.60787,36.52788],[140.60676,36.52839],[140.6068,36.52926],[140.60492,36.52895],[140.60475,36.52915],[140.60596,36.52976],[140.60554,36.53011],[140.60392,36.53006],[140.60307,36.53055],[140.60164,36.53089],[140.6012,36.53089],[140.60145,36.53194],[140.6009,36.53221],[140.59993,36.53241],[140.59973,36.53339],[140.59945,36.53362],[140.59951,36.5345],[140.59969,36.53474],[140.60069,36.53472],[140.60159,36.53494],[140.60229,36.53491],[140.60327,36.53515],[140.60373,36.53666],[140.60458,36.53724],[140.60426,36.53746],[140.60359,36.53687],[140.60329,36.53729],[140.60408,36.53784],[140.60403,36.5389],[140.60429,36.53954],[140.60413,36.54063],[140.60367,36.5411],[140.60334,36.542],[140.6035,36.54251],[140.60238,36.54275],[140.60207,36.5424],[140.60304,36.54188],[140.60289,36.54169],[140.6018,36.54191],[140.60152,36.54276]]]},"properties":{"hoanrinKind":"保安林"}},
{"type":"Feature","geometry":{"type":"Polygon","coordinates":[[[140.29596,36.49111],[140.29661,36.4914],[140.29517,36.4912],[140.29564,36.49101],[140.29596,36.49111]]]},"properties":{"hoanrinKind":"保安林"}},
{"type":"Feature","geometry":{"type":"Polygon","coordinates":[[[140.31595,36.50681],[140.31605,36.50679],[140.31627,36.50677],[140.31617,36.50681],[140.31595,36.50681]]]},"properties":{"hoanrinKind":"保安林"}},
{"type":"Feature","geometry":{"type":"Polygon","coordinates":[[[140.32349,36.50636],[140.32353,36.50661],[140.32323,36.50681],[140.32325,36.50636],[140.32349,36.50636]]]},"properties":{"hoanrinKind":"保安林"}},
{"type":"Feature","geometry":{"type":"Polygon","coordinates":[[[140.3151,36.50717],[140.31502,36.50712],[140.3152,36.50709],[140.31521,36.50715],[140.3151,36.50717]]]},"properties":{"hoanrinKind":"保安林"}},
{"type":"Feature","geometry":{"type":"Polygon","coordinates":[[[140.32067,36.50715],[140.32085,36.50717],[140.32084,36.50734],[140.32057,36.50725],[140.32067,36.50715]]]},"properties":{"hoanrinKind":"保安林"}},
{"type":"Feature","geometry":{"type":"Polygon","coordinates":[[[140.32267,36.50697],[140.32261,36.50765],[140.32244,36.50726],[140.32267,36.50697]]]},"properties":{"hoanrinKind":"保安林"}},
{"type":"Feature","geometry":{"type":"Polygon","coordinates":[[[140.31959,36.50939],[140.31962,36.5094],[140.31956,36.50954],[140.31955,36.50939],[140.31959,36.50939]]]},"properties":{"hoanrinKind":"保安林"}},
{"type":"Feature","geometry":{"type":"Polygon","coordinates":[[[140.2489,36.53327],[140.2485,36.53405],[140.24848,36.53476],[140.24808,36.53449],[140.24835,36.53396],[140.2489,36.53327]]]},"properties":{"hoanrinKind":"保安林"}},
{"type":"Feature","geometry":{"type":"Polygon","coordinates":[[[140.29117,36.54814],[140.2889,36.54871],[140.28629,36.54915],[140.28536,36.54921],[140.28397,36.54892],[140.28333,36.54862],[140.28291,36.54778],[140.28353,36.547],[140.28412,36.547],[140.28488,36.54726],[140.28593,36.54673],[140.28654,36.54678],[140.28756,36.54708],[140.28864,36.54674],[140.28914,36.54676],[140.29005,36.54636],[140.29132,36.54637],[140.29202,36.54608],[140.29305,36.54537],[140.29281,36.5445],[140.29224,36.54395],[140.29126,36.54379],[140.28975,36.54471],[140.28906,36.54487],[140.28837,36.54417],[140.2878,36.54385],[140.28856,36.54282],[140.2905,36.54101],[140.29072,36.54044],[140.29066,36.53965],[140.29037,36.53925],[140.28833,36.53813],[140.28744,36.53737],[140.28615,36.53529],[140.28595,36.53478],[140.28607,36.53428],[140.28576,36.5332],[140.2842,36.53224],[140.28302,36.53265],[140.28258,36.53241],[140.28164,36.53156],[140.28245,36.5313],[140.28303,36.5307],[140.28318,36.5295],[140.28376,36.52905],[140.28498,36.52883],[140.28577,36.52902],[140.28749,36.52838],[140.28949,36.52834],[140.29002,36.52795],[140.29018,36.52696],[140.29109,36.52549],[140.28992,36.52548],[140.28766,36.52432],[140.28715,36.52476],[140.28667,36.52444],[140.28486,36.52521],[140.28468,36.52652],[140.28444,36.52713],[140.28355,36.52755],[140.28252,36.52688],[140.28066,36.52646],[140.28032,36.52537],[140.27959,36.52472],[140.27956,36.52613],[140.28038,36.52724],[140.28049,36.52806],[140.28133,36.52877],[140.28185,36.52946],[140.28199,36.53066],[140.28139,36.53109],[140.28076,36.53061],[140.28052,36.52963],[140.2799,36.52872],[140.27976,36.5283],[140.27849,36.52684],[140.27736,36.52631],[140.27671,36.52533],[140.27657,36.52442],[140.27592,36.52397],[140.27526,36.524],[140.27443,36.52432],[140.27332,36.5253],[140.27293,36.52677],[140.27246,36.52756],[140.27205,36.52771],[140.27046,36.52743],[140.27018,36.52803],[140.27171,36.52847],[140.27158,36.52907],[140.27089,36.52971],[140.27075,36.53091],[140.27083,36.53123],[140.2719,36.53127],[140.27243,36.53151],[140.27416,36.53272],[140.27537,36.53326],[140.27725,36.53351],[140.27734,36.53391],[140.27549,36.53404],[140.27494,36.53437],[140.27434,36.53506],[140.2742,36.53556],[140.2737,36.5362],[140.27382,36.53662],[140.27479,36.53712],[140.27558,36.53841],[140.27658,36.53888],[140.27737,36.53969],[140.2783,36.54012],[140.27849,36.54054],[140.27965,36.54109],[140.28072,36.54181],[140.28137,36.54262],[140.28132,36.54353],[140.28063,36.54521],[140.27987,36.54558],[140.27938,36.54553],[140.27872,36.54506],[140.27914,36.54466],[140.28029,36.54448],[140.28076,36.5438],[140.28087,36.54295],[140.28016,36.54335],[140.27974,36.54411],[140.27929,36.54421],[140.27851,36.544],[140.27924,36.54322],[140.2798,36.5422],[140.27992,36.54135],[140.27945,36.5412],[140.27932,36.54174],[140.27892,36.54209],[140.27888,36.54264],[140.27848,36.54295],[140.2778,36.54432],[140.27744,36.54468],[140.27677,36.54441],[140.27754,36.54379],[140.27727,36.54311],[140.27643,36.54306],[140.27523,36.54408],[140.27478,36.54392],[140.27417,36.54288],[140.27344,36.54188],[140.2721,36.5408],[140.27097,36.5404],[140.27108,36.54003],[140.27088,36.53912],[140.27014,36.53934],[140.26949,36.53892],[140.26977,36.53825],[140.26972,36.53783],[140.26904,36.53719],[140.26922,36.5366],[140.27018,36.53588],[140.27135,36.53556],[140.2715,36.53535],[140.27022,36.53473],[140.26946,36.5339],[140.26955,36.53292],[140.26934,36.53248],[140.26801,36.53121],[140.26747,36.52965],[140.26692,36.52974],[140.26629,36.52939],[140.26561,36.52929],[140.26508,36.52807],[140.26412,36.52843],[140.26433,36.52723],[140.26483,36.5267],[140.26477,36.52613],[140.26389,36.52587],[140.26402,36.52447],[140.26341,36.52433],[140.26262,36.52456],[140.26129,36.52445],[140.26152,36.52611],[140.26182,36.52645],[140.26335,36.52763],[140.26315,36.52819],[140.26245,36.5279],[140.262,36.52808],[140.26102,36.52807],[140.25966,36.52829],[140.25883,36.52895],[140.25821,36.52919],[140.25568,36.5285],[140.25479,36.52878],[140.25448,36.52932],[140.25412,36.53071],[140.25339,36.53148],[140.25255,36.53192],[140.25274,36.53293],[140.25262,36.53422],[140.25213,36.53477],[140.251,36.53498],[140.25056,36.53486],[140.25021,36.53387],[140.25088,36.53198],[140.25142,36.53129],[140.25165,36.53069],[140.25213,36.53026],[140.2511,36.53025],[140.25244,36.5288],[140.25282,36.52795],[140.25336,36.52717],[140.25332,36.52633],[140.25256,36.52492],[140.25301,36.5243],[140.25378,36.52379],[140.25409,36.52311],[140.25461,36.52256],[140.2554,36.52237],[140.25516,36.52186],[140.25641,36.52112],[140.25815,36.52021],[140.25984,36.52011],[140.25991,36.52112],[140.2615,36.52106],[140.26142,36.52168],[140.26079,36.52243],[140.26085,36.52309],[140.26175,36.52353],[140.26266,36.52353],[140.26466,36.52291],[140.26518,36.52319],[140.26568,36.52383],[140.2668,36.52445],[140.26677,36.52376],[140.26564,36.5228],[140.26546,36.52247],[140.2655,36.52168],[140.26601,36.52083],[140.26711,36.51988],[140.267,36.51952],[140.27092,36.51682],[140.2719,36.51647],[140.27373,36.51643],[140.27555,36.51565],[140.2756,36.51526],[140.27446,36.51583],[140.2735,36.51611],[140.27187,36.51603],[140.27071,36.51652],[140.26982,36.51721],[140.26848,36.51798],[140.26736,36.51875],[140.26625,36.51883],[140.26618,36.51928],[140.26551,36.52051],[140.26477,36.52098],[140.2646,36.52021],[140.265,36.5191],[140.26621,36.51803],[140.26593,36.51719],[140.26631,36.51588],[140.26745,36.51504],[140.2687,36.51451],[140.27018,36.51433],[140.27205,36.51425],[140.274,36.51433],[140.27396,36.51399],[140.27179,36.51405],[140.27214,36.51298],[140.27186,36.51285],[140.27132,36.51393],[140.2696,36.51403],[140.26835,36.51429],[140.26664,36.51517],[140.26593,36.51584],[140.26565,36.51657],[140.26565,36.51801],[140.26496,36.51863],[140.26446,36.51943],[140.26417,36.51851],[140.26415,36.5178],[140.26384,36.5173],[140.26273,36.51802],[140.26238,36.51802],[140.26121,36.51757],[140.26059,36.51693],[140.25598,36.51639],[140.25519,36.51643],[140.25382,36.51629],[140.25327,36.51589],[140.25342,36.51558],[140.25347,36.5138],[140.25321,36.5138],[140.25315,36.51528],[140.25299,36.51564],[140.2518,36.515],[140.25177,36.51412],[140.25158,36.51328],[140.25153,36.51231],[140.25175,36.51115],[140.25239,36.51023],[140.25323,36.50979],[140.25547,36.50962],[140.25602,36.50937],[140.25671,36.50939],[140.2574,36.50905],[140.258,36.50905],[140.25822,36.50971],[140.25794,36.51027],[140.25817,36.51139],[140.25875,36.51141],[140.2583,36.51068],[140.25847,36.51029],[140.25912,36.51014],[140.25862,36.50924],[140.2586,36.50858],[140.25989,36.50795],[140.26051,36.5075],[140.26081,36.50823],[140.26118,36.50813],[140.26118,36.50735],[140.26225,36.50645],[140.26255,36.50641],[140.26341,36.50716],[140.26365,36.50686],[140.26307,36.50611],[140.26335,36.50568],[140.26386,36.50542],[140.2646,36.50546],[140.26513,36.50632],[140.26524,36.50703],[140.2658,36.50727],[140.26627,36.50696],[140.26565,36.50649],[140.26475,36.50497],[140.26575,36.50384],[140.26682,36.5037],[140.26792,36.50372],[140.26834,36.50459],[140.26877,36.50471],[140.26933,36.50544],[140.26803,36.50763],[140.26859,36.50767],[140.26835,36.50834],[140.26904,36.50832],[140.26883,36.50724],[140.26911,36.50677],[140.26943,36.50572],[140.27007,36.50529],[140.27106,36.50598],[140.27181,36.50615],[140.27223,36.50654],[140.27295,36.50684],[140.2729,36.50823],[140.27312,36.50855],[140.2739,36.50731],[140.27495,36.5072],[140.2754,36.50748],[140.2765,36.50703],[140.27749,36.5074],[140.27706,36.50669],[140.27796,36.50499],[140.2777,36.5026],[140.27774,36.50007],[140.27766,36.49916],[140.27878,36.49985],[140.27915,36.49974],[140.27988,36.49897],[140.28141,36.49923],[140.28251,36.49887],[140.28395,36.49819],[140.28492,36.49816],[140.28533,36.49919],[140.28459,36.50005],[140.28281,36.5007],[140.28228,36.5012],[140.28248,36.50165],[140.28326,36.5012],[140.28423,36.50102],[140.28498,36.50188],[140.2853,36.50187],[140.28591,36.50241],[140.28644,36.50234],[140.28741,36.50168],[140.28818,36.50134],[140.28851,36.50095],[140.28817,36.5004],[140.28673,36.50007],[140.28581,36.4993],[140.28583,36.49893],[140.28672,36.49818],[140.28768,36.49842],[140.2876,36.49896],[140.28834,36.49936],[140.28965,36.49934],[140.2898,36.49874],[140.28939,36.49848],[140.29002,36.49814],[140.2916,36.498],[140.29186,36.49867],[140.29228,36.49778],[140.29332,36.49734],[140.29414,36.49628],[140.29437,36.49708],[140.294,36.49788],[140.29282,36.49932],[140.29345,36.4993],[140.29403,36.49859],[140.29471,36.49719],[140.29482,36.4962],[140.29471,36.4955],[140.29507,36.49496],[140.29601,36.49294],[140.2967,36.49225],[140.29747,36.4917],[140.29708,36.49126],[140.29817,36.49091],[140.29759,36.48997],[140.29856,36.49021],[140.30043,36.49092],[140.30088,36.49118],[140.30219,36.49122],[140.30489,36.49199],[140.30381,36.49235],[140.30121,36.49255],[140.30025,36.49283],[140.29962,36.49323],[140.29855,36.49308],[140.2991,36.49383],[140.30121,36.49302],[140.30217,36.4938],[140.30172,36.49414],[140.30095,36.49512],[140.30015,36.49521],[140.30013,36.49573],[140.30109,36.49557],[140.30053,36.49638],[140.30024,36.49727],[140.30088,36.49743],[140.30136,36.49684],[140.30163,36.4959],[140.30196,36.49551],[140.30275,36.49501],[140.30367,36.49498],[140.30397,36.49425],[140.30359,36.49399],[140.30247,36.49421],[140.30253,36.49381],[140.30354,36.49332],[140.30405,36.49338],[140.30467,36.49315],[140.30549,36.49261],[140.30619,36.49263],[140.30711,36.49211],[140.30753,36.49159],[140.3083,36.49103],[140.30886,36.4909],[140.30969,36.49123],[140.31001,36.4916],[140.3096,36.49206],[140.30942,36.49273],[140.30606,36.49397],[140.30567,36.49445],[140.30577,36.49531],[140.30746,36.49539],[140.30823,36.49554],[140.309,36.49518],[140.30986,36.49447],[140.3111,36.49393],[140.31173,36.49451],[140.3125,36.49472],[140.31263,36.49529],[140.31168,36.49557],[140.31206,36.49619],[140.31152,36.49674],[140.31226,36.49732],[140.31051,36.49832],[140.30982,36.49796],[140.30942,36.49848],[140.30986,36.49935],[140.30925,36.50032],[140.30952,36.50145],[140.30837,36.50195],[140.30805,36.50238],[140.30737,36.50229],[140.30643,36.50294],[140.30667,36.50363],[140.30568,36.50382],[140.305,36.50454],[140.30393,36.5039],[140.3021,36.50311],[140.30155,36.50268],[140.30133,36.50212],[140.30062,36.50215],[140.29973,36.50363],[140.29996,36.50402],[140.30012,36.50518],[140.29947,36.50592],[140.29936,36.5064],[140.29892,36.50672],[140.29789,36.50714],[140.29758,36.50762],[140.29866,36.50834],[140.29912,36.50834],[140.30002,36.50801],[140.30127,36.50791],[140.30184,36.50872],[140.30094,36.50993],[140.30086,36.5104],[140.30099,36.51191],[140.3006,36.51377],[140.29981,36.51457],[140.29842,36.51533],[140.29776,36.51554],[140.29751,36.51599],[140.29673,36.51601],[140.29645,36.5167],[140.2966,36.51719],[140.29553,36.51833],[140.29633,36.51874],[140.29609,36.51938],[140.29566,36.51962],[140.29544,36.52067],[140.29441,36.52104],[140.2942,36.52149],[140.29369,36.52168],[140.29259,36.52147],[140.28934,36.52121],[140.28874,36.52069],[140.28823,36.52069],[140.28745,36.52123],[140.28756,36.52187],[140.28851,36.52297],[140.28844,36.5222],[140.28793,36.52174],[140.28812,36.5211],[140.28863,36.52108],[140.28964,36.5217],[140.29171,36.52166],[140.29306,36.52196],[140.29403,36.52207],[140.29465,36.52183],[140.29476,36.52136],[140.29581,36.52091],[140.29585,36.52007],[140.29665,36.51919],[140.29656,36.51861],[140.29622,36.51796],[140.29691,36.51775],[140.29708,36.51635],[140.29798,36.51622],[140.29809,36.51582],[140.29959,36.51513],[140.30023,36.51472],[140.30101,36.51395],[140.30122,36.51289],[140.30137,36.51148],[140.30129,36.51025],[140.30163,36.50929],[140.30213,36.5089],[140.3034,36.50908],[140.30343,36.51004],[140.3038,36.51051],[140.30442,36.51059],[140.30481,36.51023],[140.30564,36.50896],[140.30694,36.50874],[140.3082,36.50919],[140.30837,36.51026],[140.30877,36.51096],[140.30938,36.51127],[140.30954,36.51236],[140.30921,36.51251],[140.30837,36.51218],[140.30727,36.51283],[140.30705,36.51322],[140.3073,36.51364],[140.30839,36.51433],[140.30892,36.51439],[140.30983,36.51371],[140.31053,36.51294],[140.31092,36.51173],[140.31165,36.51025],[140.31203,36.50887],[140.31284,36.50831],[140.31408,36.5084],[140.31534,36.50892],[140.31602,36.50838],[140.31656,36.5084],[140.31738,36.50881],[140.31783,36.50883],[140.3195,36.50971],[140.3197,36.5101],[140.32028,36.50978],[140.32047,36.51029],[140.32119,36.51044],[140.32135,36.51087],[140.32035,36.51074],[140.3189,36.5112],[140.31812,36.51159],[140.31731,36.51146],[140.31738,36.51245],[140.3181,36.51189],[140.31864,36.51183],[140.32064,36.51116],[140.32136,36.51146],[140.32086,36.51184],[140.32041,36.51164],[140.31928,36.51197],[140.31917,36.51256],[140.31977,36.51257],[140.32026,36.51226],[140.32114,36.51211],[140.3218,36.51146],[140.3228,36.51085],[140.32344,36.51118],[140.32282,36.51272],[140.32098,36.51333],[140.31983,36.51354],[140.3201,36.5138],[140.32158,36.51343],[140.3228,36.51322],[140.32248,36.51389],[140.3211,36.51519],[140.32062,36.51549],[140.32068,36.51641],[140.32041,36.51688],[140.31893,36.518],[140.31821,36.5183],[140.31825,36.5188],[140.31896,36.51862],[140.31914,36.51911],[140.31841,36.51979],[140.31799,36.51972],[140.31755,36.51907],[140.31652,36.51888],[140.31602,36.51861],[140.31441,36.51861],[140.31396,36.51887],[140.31351,36.52121],[140.31381,36.52172],[140.3142,36.52185],[140.31594,36.52178],[140.31687,36.52207],[140.31762,36.52273],[140.31754,36.5241],[140.31686,36.52405],[140.317,36.52479],[140.31638,36.52514],[140.31578,36.52522],[140.31479,36.5247],[140.31416,36.52468],[140.31406,36.52513],[140.31503,36.5254],[140.3162,36.52599],[140.31664,36.52593],[140.31621,36.52699],[140.31623,36.52791],[140.31659,36.5285],[140.31763,36.5287],[140.31895,36.52806],[140.32029,36.52795],[140.32207,36.52736],[140.32505,36.52703],[140.32571,36.52735],[140.3265,36.52731],[140.32748,36.52812],[140.32799,36.52834],[140.3292,36.5284],[140.32976,36.52913],[140.33059,36.5292],[140.33131,36.52992],[140.33217,36.52995],[140.33266,36.52943],[140.33258,36.52915],[140.33323,36.52887],[140.33383,36.52838],[140.33472,36.52799],[140.33578,36.52813],[140.3371,36.5287],[140.33721,36.52792],[140.33772,36.52779],[140.3384,36.52821],[140.33877,36.52878],[140.33943,36.52898],[140.34003,36.52938],[140.33983,36.53011],[140.33889,36.53015],[140.3383,36.53044],[140.33875,36.53096],[140.33804,36.53141],[140.33866,36.53258],[140.33871,36.53321],[140.33803,36.53366],[140.33774,36.53439],[140.33742,36.53436],[140.33742,36.5332],[140.33652,36.53207],[140.33656,36.53139],[140.33598,36.5315],[140.33631,36.53223],[140.33703,36.5331],[140.33708,36.5339],[140.33587,36.53353],[140.33529,36.53375],[140.33511,36.53424],[140.33348,36.53549],[140.33248,36.53596],[140.33203,36.53676],[140.33178,36.53822],[140.3318,36.53866],[140.33239,36.53993],[140.3321,36.53997],[140.33025,36.53923],[140.32961,36.53854],[140.32696,36.53997],[140.32675,36.54092],[140.32752,36.54149],[140.32888,36.5415],[140.32911,36.54193],[140.32977,36.5424],[140.33081,36.54246],[140.33095,36.54263],[140.33064,36.54414],[140.33141,36.54534],[140.33082,36.54612],[140.33009,36.54646],[140.32913,36.54668],[140.32686,36.54689],[140.32522,36.54741],[140.32409,36.54797],[140.32277,36.54877],[140.32234,36.54877],[140.32064,36.54759],[140.3194,36.54682],[140.3189,36.54634],[140.31869,36.54568],[140.31755,36.54445],[140.31742,36.54383],[140.31751,36.54312],[140.31708,36.5423],[140.31716,36.54121],[140.31758,36.54075],[140.31708,36.54007],[140.31693,36.53897],[140.31617,36.53773],[140.31534,36.53659],[140.31485,36.53637],[140.31383,36.5362],[140.31285,36.53571],[140.31218,36.53513],[140.31128,36.53519],[140.30782,36.53519],[140.3067,36.5353],[140.30597,36.53554],[140.30631,36.53592],[140.30657,36.5372],[140.30596,36.53726],[140.30457,36.53694],[140.30334,36.537],[140.30176,36.53751],[140.30036,36.53734],[140.29929,36.53704],[140.2986,36.53672],[140.29819,36.53683],[140.29965,36.53753],[140.30119,36.53775],[140.29987,36.5383],[140.29905,36.53895],[140.29855,36.53966],[140.29853,36.5409],[140.29897,36.54238],[140.29888,36.54323],[140.29774,36.54442],[140.29712,36.54475],[140.29686,36.54518],[140.2969,36.546],[140.29666,36.54632],[140.29566,36.54655],[140.2943,36.54666],[140.29401,36.54685],[140.2938,36.54782],[140.29327,36.54795],[140.29234,36.54758],[140.29194,36.5476],[140.29117,36.54814]],[[140.32616,36.53506],[140.32498,36.53648],[140.32537,36.53685],[140.32623,36.53687],[140.32662,36.53594],[140.32707,36.53528],[140.32818,36.53448],[140.32879,36.53311],[140.32784,36.53225],[140.3272,36.53298],[140.32687,36.53401],[140.32616,36.53506]],[[140.29746,36.53463],[140.29744,36.53253],[140.29688,36.53264],[140.29688,36.5341],[140.29746,36.53463]],[[140.31306,36.52922],[140.31347,36.52879],[140.31315,36.5278],[140.31205,36.52776],[140.31162,36.52746],[140.31149,36.52628],[140.31115,36.52593],[140.311,36.52523],[140.31035,36.5255],[140.31091,36.52613],[140.31106,36.52718],[140.30971,36.52718],[140.30926,36.52658],[140.3075,36.52654],[140.30747,36.52694],[140.30917,36.52684],[140.30936,36.52759],[140.31095,36.52755],[140.31175,36.52793],[140.31186,36.52888],[140.31274,36.52821],[140.31306,36.52922]],[[140.26955,36.52535],[140.26887,36.526],[140.26829,36.52604],[140.26782,36.52534],[140.26698,36.52558],[140.2673,36.52633],[140.2682,36.52653],[140.26934,36.52755],[140.26985,36.52726],[140.26905,36.52683],[140.26961,36.52614],[140.26955,36.52535]],[[140.25671,36.52644],[140.25729,36.5269],[140.25983,36.52697],[140.2598,36.52658],[140.25705,36.52658],[140.25671,36.52644]],[[140.28344,36.51734],[140.2838,36.51713],[140.28331,36.51629],[140.28303,36.51633],[140.28344,36.51734]],[[140.28232,36.51725],[140.2822,36.51536],[140.28236,36.51512],[140.2834,36.51504],[140.2839,36.51469],[140.28453,36.51483],[140.28587,36.51479],[140.28566,36.51448],[140.28422,36.5145],[140.28447,36.51364],[140.28401,36.51294],[140.28395,36.51251],[140.28453,36.51079],[140.28436,36.51016],[140.28322,36.5094],[140.28197,36.50931],[140.28121,36.50872],[140.28062,36.50862],[140.28061,36.50926],[140.28017,36.50969],[140.27953,36.50903],[140.27878,36.5088],[140.27769,36.50941],[140.27753,36.5109],[140.27764,36.51147],[140.27822,36.51268],[140.27716,36.51311],[140.27774,36.51341],[140.27838,36.51307],[140.27948,36.51441],[140.28006,36.51485],[140.28077,36.51448],[140.28188,36.51482],[140.28205,36.51717],[140.28232,36.51725]],[[140.27695,36.51038],[140.27708,36.50922],[140.27519,36.51047],[140.27525,36.51103],[140.27562,36.51107],[140.27577,36.51038],[140.2765,36.51002],[140.27695,36.51038]],[[140.3027,36.49965],[140.30336,36.49973],[140.30399,36.49952],[140.30401,36.49881],[140.30449,36.49795],[140.30414,36.49736],[140.30321,36.49734],[140.30282,36.49679],[140.30236,36.49675],[140.30202,36.49757],[140.30112,36.49919],[140.3027,36.49965]],[[140.29776,36.49833],[140.29796,36.49807],[140.29819,36.49691],[140.2988,36.49554],[140.29865,36.49468],[140.29781,36.49463],[140.29703,36.49528],[140.29723,36.49551],[140.29804,36.49489],[140.29837,36.49509],[140.29828,36.49584],[140.29759,36.49672],[140.29749,36.49788],[140.29776,36.49833]],[[140.32451,36.54016],[140.32451,36.53936],[140.32359,36.53947],[140.32335,36.53979],[140.32341,36.54043],[140.32445,36.54041],[140.32451,36.54016]]]},"properties":{"hoanrinKind":"保安林"}},
{"type":"Feature","geometry":{"type":"Polygon","coordinates":[[[140.58913,36.54849],[140.58965,36.54889],[140.58965,36.54938],[140.58927,36.54884],[140.58913,36.54849]]]},"properties":{"hoanrinKind":"保安林"}},
{"type":"Feature","geometry":{"type":"Polygon","coordinates":[[[140.58907,36.55032],[140.58899,36.55072],[140.58872,36.55047],[140.58907,36.55032]]]},"properties":{"hoanrinKind":"保安林"}},
{"type":"Feature","geometry":{"type":"Polygon","coordinates":[[[140.4331,36.5623],[140.43253,36.56168],[140.43158,36.55876],[140.43275,36.55848],[140.4335,36.55894],[140.43292,36.55916],[140.4332,36.55977],[140.43323,36.56146],[140.43374,36.56225],[140.4331,36.5623]]]},"properties":{"hoanrinKind":"保安林"}},
{"type":"Feature","geometry":{"type":"Polygon","coordinates":[[[140.59866,36.56295],[140.59943,36.56347],[140.59944,36.5643],[140.59868,36.56321],[140.59866,36.56295]]]},"properties":{"hoanrinKind":"保安林"}},
{"type":"Feature","geometry":{"type":"Polygon","coordinates":[[[140.60657,36.56699],[140.60427,36.56807],[140.60362,36.56772],[140.60242,36.56658],[140.60046,36.56518],[140.60126,36.56472],[140.60168,36.56485],[140.60171,36.56387],[140.6011,36.56273],[140.60069,36.56168],[140.59997,36.56116],[140.60061,36.56084],[140.60153,36.56],[140.60256,36.56077],[140.60236,36.56117],[140.60448,36.56224],[140.60475,36.56305],[140.60647,36.56298],[140.60805,36.56339],[140.60926,36.56408],[140.60977,36.56515],[140.60898,36.56582],[140.6081,36.56682],[140.60697,36.56683],[140.60657,36.56699]]]},"properties":{"hoanrinKind":"保安林"}},
{"type":"Feature","geometry":{"type":"Polygon","coordinates":[[[140.6049,36.57092],[140.60482,36.57091],[140.60492,36.5708],[140.6049,36.57092]]]},"properties":{"hoanrinKind":"保安林"}},
{"type":"Feature","geometry":{"type":"Polygon","coordinates":[[[140.4204,36.56142],[140.4184,36.56378],[140.41583,36.56589],[140.41482,36.56687],[140.41413,36.56777],[140.41434,36.56645],[140.41728,36.56458],[140.41903,36.56299],[140.41944,36.56251],[140.42179,36.55831],[140.42473,36.555],[140.42488,36.55542],[140.42457,36.55599],[140.42364,36.55717],[140.42261,36.5583],[140.42158,36.56052],[140.42092,36.56142],[140.4204,36.56142]]]},"properties":{"hoanrinKind":"保安林"}},
{"type":"Feature","geometry":{"type":"Polygon","coordinates":[[[140.41375,36.5699],[140.41379,36.57001],[140.41376,36.57012],[140.41375,36.5699]]]},"properties":{"hoanrinKind":"保安林"}},
{"type":"Feature","geometry":{"type":"Polygon","coordinates":[[[140.41392,36.57107],[140.41428,36.5717],[140.41438,36.57307],[140.41533,36.57417],[140.41417,36.57428],[140.41363,36.57375],[140.41388,36.57226],[140.41392,36.57107]]]},"properties":{"hoanrinKind":"保安林"}},
{"type":"Feature","geometry":{"type":"Polygon","coordinates":[[[140.60478,36.57717],[140.60487,36.57714],[140.60489,36.57717],[140.60478,36.57717]]]},"properties":{"hoanrinKind":"保安林"}},
{"type":"Feature","geometry":{"type":"Polygon","coordinates":[[[140.60553,36.57716],[140.60566,36.57724],[140.60524,36.57719],[140.60534,36.57714],[140.60553,36.57716]]]},"properties":{"hoanrinKind":"保安林"}},
{"type":"Feature","geometry":{"type":"Polygon","coordinates":[[[140.60655,36.58206],[140.60624,36.58195],[140.60503,36.58225],[140.60416,36.58221],[140.60414,36.58164],[140.60458,36.58144],[140.60533,36.5794],[140.60664,36.57759],[140.60724,36.57757],[140.60783,36.57684],[140.6091,36.57735],[140.60946,36.57791],[140.61047,36.57846],[140.61114,36.57868],[140.61065,36.57953],[140.61011,36.5792],[140.60964,36.57963],[140.6091,36.57938],[140.60771,36.57912],[140.6069,36.57941],[140.60708,36.57975],[140.60908,36.57973],[140.6093,36.58011],[140.60852,36.58044],[140.60845,36.58098],[140.60803,36.58144],[140.60761,36.58104],[140.60615,36.58174],[140.60655,36.58206]]]},"properties":{"hoanrinKind":"保安林"}},
{"type":"Feature","geometry":{"type":"Polygon","coordinates":[[[140.41586,36.57854],[140.41598,36.57863],[140.4159,36.57911],[140.41586,36.57854]]]},"properties":{"hoanrinKind":"保安林"}},
{"type":"Feature","geometry":{"type":"Polygon","coordinates":[[[140.41596,36.58604],[140.41634,36.58626],[140.4168,36.58762],[140.41747,36.58901],[140.41862,36.59065],[140.4191,36.59112],[140.41869,36.59151],[140.41791,36.5906],[140.4167,36.58894],[140.41605,36.58745],[140.41596,36.58604]]]},"properties":{"hoanrinKind":"保安林"}},
{"type":"Feature","geometry":{"type":"Polygon","coordinates":[[[140.52572,36.61049],[140.52564,36.6105],[140.52559,36.61038],[140.52572,36.61049]]]},"properties":{"hoanrinKind":"保安林"}},
{"type":"Feature","geometry":{"type":"Polygon","coordinates":[[[140.50616,36.61271],[140.50589,36.61289],[140.50588,36.6127],[140.50616,36.61271]]]},"properties":{"hoanrinKind":"保安林"}},
{"type":"Feature","geometry":{"type":"Polygon","coordinates":[[[140.50776,36.61253],[140.5083,36.61292],[140.50788,36.61301],[140.50776,36.61253]]]},"properties":{"hoanrinKind":"保安林"}},
{"type":"Feature","geometry":{"type":"Polygon","coordinates":[[[140.52745,36.61329],[140.52717,36.61328],[140.5262,36.61269],[140.5271,36.61265],[140.52745,36.61329]]]},"properties":{"hoanrinKind":"保安林"}},
{"type":"Feature","geometry":{"type":"Polygon","coordinates":[[[140.5088,36.61395],[140.50867,36.6136],[140.50903,36.61368],[140.5088,36.61395]]]},"properties":{"hoanrinKind":"保安林"}},
{"type":"Feature","geometry":{"type":"Polygon","coordinates":[[[140.51256,36.61861],[140.51297,36.61862],[140.51309,36.61878],[140.51252,36.61885],[140.51256,36.61861]]]},"properties":{"hoanrinKind":"保安林"}},
{"type":"Feature","geometry":{"type":"Polygon","coordinates":[[[140.51218,36.61882],[140.51169,36.61886],[140.51188,36.61868],[140.51218,36.61882]]]},"properties":{"hoanrinKind":"保安林"}},
{"type":"Feature","geometry":{"type":"Polygon","coordinates":[[[140.51122,36.62027],[140.51121,36.62032],[140.51119,36.62032],[140.51122,36.62027]]]},"properties":{"hoanrinKind":"保安林"}},
{"type":"Feature","geometry":{"type":"Polygon","coordinates":[[[140.51478,36.6196],[140.51393,36.61915],[140.51389,36.61876],[140.51495,36.61923],[140.51543,36.61877],[140.51362,36.61844],[140.51452,36.6177],[140.51569,36.61754],[140.51618,36.61816],[140.51599,36.61908],[140.51705,36.61907],[140.51654,36.61841],[140.51641,36.61746],[140.51667,36.61732],[140.51758,36.61835],[140.5175,36.61915],[140.51829,36.61888],[140.51754,36.61769],[140.51685,36.61709],[140.51809,36.61684],[140.51783,36.61641],[140.51655,36.61697],[140.51608,36.6166],[140.51762,36.61558],[140.51835,36.61554],[140.51827,36.6152],[140.51684,36.61554],[140.51578,36.61634],[140.51538,36.61618],[140.51546,36.61535],[140.51605,36.61506],[140.51739,36.61501],[140.51789,36.61453],[140.51807,36.61384],[140.5174,36.61365],[140.51777,36.61277],[140.51855,36.61257],[140.51881,36.61202],[140.51844,36.61153],[140.51868,36.61054],[140.51911,36.60989],[140.5191,36.60935],[140.51878,36.60895],[140.51972,36.60821],[140.51945,36.60771],[140.51764,36.60713],[140.51731,36.60739],[140.51724,36.60792],[140.51825,36.60862],[140.51834,36.60919],[140.51809,36.61005],[140.51758,36.60992],[140.51679,36.60934],[140.51678,36.60993],[140.51799,36.61037],[140.51785,36.61126],[140.51714,36.61098],[140.51699,36.61141],[140.51774,36.61162],[140.517,36.61365],[140.51662,36.61366],[140.51607,36.61285],[140.51598,36.61184],[140.51611,36.61094],[140.51513,36.611],[140.51553,36.61163],[140.51553,36.61295],[140.51612,36.61359],[140.51628,36.61465],[140.51522,36.6151],[140.51424,36.61482],[140.51343,36.61495],[140.51313,36.6153],[140.51436,36.61525],[140.515,36.61587],[140.51524,36.61671],[140.51497,36.6171],[140.5138,36.61615],[140.51362,36.6163],[140.51462,36.61714],[140.51401,36.61762],[140.51274,36.61815],[140.51244,36.61695],[140.51212,36.61706],[140.51236,36.6182],[140.51145,36.61816],[140.51171,36.61755],[140.51183,36.61673],[140.51134,36.61673],[140.51143,36.61744],[140.51101,36.61781],[140.51062,36.61634],[140.5088,36.61555],[140.50871,36.61487],[140.50908,36.61409],[140.5098,36.61333],[140.51017,36.61344],[140.51037,36.61407],[140.50954,36.61491],[140.50998,36.61544],[140.51059,36.61495],[140.51113,36.61539],[140.5114,36.61648],[140.51177,36.61605],[140.51164,36.61554],[140.5112,36.61501],[140.51059,36.61377],[140.51074,36.61303],[140.51199,36.61443],[140.51208,36.61501],[140.51259,36.61509],[140.51302,36.61435],[140.5126,36.61399],[140.51255,36.61356],[140.51211,36.6134],[140.51166,36.61368],[140.51073,36.61275],[140.50989,36.61306],[140.50881,36.61251],[140.50823,36.61236],[140.50893,36.6117],[140.50872,36.61153],[140.50795,36.61226],[140.50732,36.61201],[140.50746,36.61139],[140.50969,36.61105],[140.51005,36.61144],[140.50945,36.61177],[140.51064,36.61195],[140.51042,36.61094],[140.51094,36.61109],[140.51305,36.6125],[140.51363,36.61231],[140.5139,36.61157],[140.51345,36.61155],[140.5123,36.6111],[140.51174,36.61112],[140.51135,36.61061],[140.51021,36.61048],[140.5106,36.60984],[140.51031,36.60911],[140.5093,36.60904],[140.50927,36.60824],[140.5083,36.60766],[140.50835,36.60658],[140.50888,36.60637],[140.50911,36.60737],[140.5098,36.60679],[140.51019,36.60717],[140.51024,36.60772],[140.51127,36.608],[140.51063,36.60833],[140.51131,36.6086],[140.51138,36.60942],[140.51123,36.61025],[140.51194,36.6102],[140.51264,36.61049],[140.51266,36.61091],[140.51354,36.61105],[140.51432,36.61067],[140.51318,36.61045],[140.51256,36.61009],[140.51173,36.60995],[140.51163,36.60897],[140.51226,36.60906],[140.51419,36.61029],[140.51546,36.60967],[140.51491,36.60929],[140.51288,36.60914],[140.51247,36.60881],[140.51313,36.6083],[140.51373,36.60828],[140.51404,36.60868],[140.51486,36.60826],[140.51548,36.60864],[140.51594,36.60794],[140.51571,36.60756],[140.51523,36.60756],[140.51475,36.60789],[140.51323,36.6079],[140.51216,36.60823],[140.51149,36.60769],[140.5127,36.607],[140.5118,36.60703],[140.51107,36.60737],[140.50963,36.60603],[140.50998,36.60571],[140.51074,36.60552],[140.51154,36.60632],[140.51292,36.6069],[140.51401,36.60678],[140.5139,36.60608],[140.51309,36.60625],[140.51174,36.60601],[140.51123,36.60569],[140.51038,36.60444],[140.51039,36.60417],[140.51175,36.6045],[140.51202,36.60526],[140.51296,36.60542],[140.51349,36.60575],[140.51445,36.60594],[140.51488,36.6057],[140.51432,36.60489],[140.51471,36.60449],[140.51643,36.60593],[140.51647,36.60565],[140.51491,36.60416],[140.51393,36.60396],[140.51327,36.60346],[140.51333,36.60279],[140.51264,36.60233],[140.51279,36.60167],[140.51406,36.60206],[140.51447,36.60325],[140.51518,36.60334],[140.51532,36.60378],[140.5167,36.6038],[140.51741,36.60537],[140.51833,36.60653],[140.51855,36.60637],[140.51795,36.60567],[140.51769,36.60498],[140.5182,36.60475],[140.51885,36.60532],[140.51934,36.60602],[140.5198,36.60577],[140.5186,36.60489],[140.5189,36.60445],[140.51771,36.60457],[140.51735,36.60403],[140.51777,36.60352],[140.5165,36.60353],[140.51633,36.60305],[140.5159,36.60307],[140.51528,36.60225],[140.51582,36.6019],[140.51622,36.60259],[140.51718,36.60287],[140.51734,36.60202],[140.51814,36.60198],[140.51823,36.60164],[140.51779,36.60095],[140.51687,36.60071],[140.51687,36.59986],[140.51641,36.59943],[140.51627,36.59888],[140.51727,36.59846],[140.51851,36.59886],[140.51838,36.59969],[140.51849,36.60027],[140.51928,36.59915],[140.5197,36.5995],[140.51919,36.60033],[140.52032,36.59992],[140.52049,36.601],[140.51976,36.60169],[140.52043,36.60199],[140.52092,36.60128],[140.52124,36.60143],[140.52053,36.60319],[140.52109,36.60293],[140.52133,36.60223],[140.52182,36.60233],[140.52189,36.60272],[140.52104,36.60348],[140.52071,36.60401],[140.52055,36.60489],[140.52104,36.60479],[140.52116,36.60367],[140.52238,36.60284],[140.52223,36.60353],[140.52183,36.60421],[140.52216,36.60433],[140.52269,36.60294],[140.52225,36.6022],[140.5231,36.60236],[140.52372,36.60229],[140.52458,36.60274],[140.52425,36.60153],[140.52363,36.60192],[140.52273,36.60201],[140.52198,36.60167],[140.52147,36.60123],[140.52119,36.6007],[140.522,36.60069],[140.52274,36.60121],[140.52281,36.60064],[140.52212,36.60033],[140.52115,36.60016],[140.52147,36.59978],[140.52208,36.59983],[140.52351,36.60069],[140.52405,36.60076],[140.52433,36.60013],[140.52454,36.59909],[140.52376,36.59898],[140.5219,36.59901],[140.5198,36.5988],[140.51925,36.59778],[140.51839,36.59761],[140.51786,36.59799],[140.51759,36.59751],[140.51807,36.59729],[140.51836,36.59681],[140.51717,36.59711],[140.51671,36.59752],[140.51585,36.59729],[140.51592,36.5963],[140.51559,36.59576],[140.51487,36.59549],[140.5156,36.59495],[140.51557,36.59416],[140.51586,36.59341],[140.51643,36.59333],[140.51725,36.59263],[140.51805,36.59291],[140.51853,36.59269],[140.51814,36.59162],[140.5182,36.59057],[140.51849,36.59052],[140.51994,36.5913],[140.52054,36.59196],[140.52088,36.59274],[140.52215,36.59419],[140.5219,36.59499],[140.52335,36.59516],[140.52316,36.59472],[140.5235,36.59434],[140.52319,36.59384],[140.52219,36.59387],[140.52202,36.59332],[140.52348,36.59323],[140.52349,36.59296],[140.52222,36.59304],[140.52145,36.59292],[140.52089,36.59223],[140.52084,36.59147],[140.52193,36.59148],[140.52326,36.59072],[140.52397,36.59104],[140.52473,36.59104],[140.5248,36.5906],[140.52437,36.59037],[140.52425,36.58983],[140.52347,36.58932],[140.52248,36.58974],[140.5221,36.59031],[140.52182,36.59126],[140.52048,36.59115],[140.51922,36.59039],[140.51956,36.58991],[140.5201,36.59023],[140.5209,36.59021],[140.52122,36.58941],[140.52098,36.58918],[140.51932,36.58921],[140.51855,36.59002],[140.51806,36.5895],[140.5162,36.58835],[140.51799,36.5882],[140.51892,36.58801],[140.51948,36.58839],[140.52017,36.58823],[140.51931,36.58757],[140.51781,36.58763],[140.51648,36.58797],[140.51538,36.58813],[140.5121,36.58803],[140.51273,36.58676],[140.51374,36.5867],[140.51404,36.58606],[140.51228,36.5855],[140.51207,36.58522],[140.51234,36.58402],[140.51297,36.58447],[140.51336,36.58441],[140.5155,36.58546],[140.51604,36.5852],[140.51574,36.58451],[140.51454,36.58365],[140.51451,36.58312],[140.51548,36.58281],[140.51636,36.58297],[140.5169,36.58333],[140.51757,36.58279],[140.51846,36.5832],[140.51953,36.58354],[140.52012,36.58351],[140.52255,36.58213],[140.52264,36.58153],[140.52172,36.58143],[140.52222,36.581],[140.52192,36.5802],[140.52233,36.58008],[140.5226,36.57926],[140.52388,36.57968],[140.52438,36.5797],[140.52484,36.58045],[140.52567,36.58041],[140.52583,36.57947],[140.52616,36.57948],[140.5268,36.58004],[140.52679,36.58092],[140.52525,36.58243],[140.52453,36.58273],[140.52457,36.58302],[140.52549,36.58347],[140.52612,36.58399],[140.52639,36.5839],[140.52628,36.58314],[140.52658,36.58305],[140.52712,36.5838],[140.52774,36.58392],[140.528,36.5843],[140.52759,36.58464],[140.5276,36.58579],[140.52886,36.58537],[140.52996,36.58468],[140.53076,36.58388],[140.53113,36.58304],[140.53113,36.58265],[140.53018,36.58302],[140.52836,36.58231],[140.5283,36.58174],[140.52908,36.58144],[140.53011,36.58079],[140.53027,36.5801],[140.53014,36.57939],[140.52947,36.57878],[140.52988,36.5779],[140.53029,36.57738],[140.53027,36.57688],[140.52932,36.57589],[140.52921,36.57542],[140.52968,36.57512],[140.52964,36.5743],[140.52938,36.5732],[140.52966,36.57284],[140.53107,36.5728],[140.53165,36.57306],[140.53194,36.57349],[140.53267,36.57399],[140.53266,36.57623],[140.53316,36.57701],[140.53359,36.57708],[140.53431,36.57682],[140.53511,36.57738],[140.53584,36.57833],[140.53645,36.57878],[140.53679,36.57941],[140.53673,36.58025],[140.53632,36.58094],[140.53655,36.58129],[140.53662,36.58302],[140.5371,36.58358],[140.53632,36.58382],[140.53515,36.58349],[140.53398,36.58388],[140.53392,36.58358],[140.53455,36.58237],[140.53465,36.58174],[140.53418,36.5803],[140.53346,36.58144],[140.53286,36.58174],[140.5326,36.58362],[140.53344,36.58453],[140.53316,36.58477],[140.53202,36.5846],[140.53156,36.58492],[140.53044,36.58531],[140.53027,36.58611],[140.53053,36.58648],[140.53206,36.58654],[140.53292,36.5863],[140.53234,36.58587],[140.53206,36.58527],[140.53238,36.58494],[140.53329,36.58503],[140.53366,36.5854],[140.53565,36.58568],[140.53635,36.58648],[140.53658,36.58695],[140.53452,36.58704],[140.53333,36.58676],[140.53323,36.58747],[140.5329,36.58801],[140.53234,36.58827],[140.53202,36.58782],[140.53133,36.5887],[140.53074,36.5887],[140.53048,36.58907],[140.53067,36.58969],[140.5304,36.58993],[140.52683,36.59094],[140.52665,36.59034],[140.5253,36.59022],[140.52553,36.59083],[140.52481,36.59137],[140.52509,36.59342],[140.52592,36.59621],[140.52671,36.59749],[140.52863,36.59836],[140.52968,36.59815],[140.53026,36.59768],[140.53124,36.59754],[140.53183,36.59689],[140.5323,36.59687],[140.53414,36.59553],[140.53485,36.5954],[140.53538,36.59597],[140.53467,36.59627],[140.53537,36.59675],[140.53636,36.59641],[140.5366,36.59655],[140.53597,36.59743],[140.53603,36.59794],[140.53527,36.59859],[140.53519,36.59952],[140.53488,36.60026],[140.53376,36.60063],[140.53274,36.60224],[140.53445,36.6037],[140.53488,36.60369],[140.53616,36.6047],[140.53654,36.60469],[140.53755,36.60515],[140.53763,36.60577],[140.53496,36.60571],[140.53435,36.60562],[140.53366,36.606],[140.53254,36.60578],[140.53158,36.60591],[140.53088,36.60715],[140.53068,36.60778],[140.53024,36.60781],[140.52983,36.60612],[140.53025,36.60598],[140.53058,36.60513],[140.53024,36.60508],[140.5301,36.60576],[140.52966,36.60576],[140.5294,36.60502],[140.52899,36.60465],[140.52835,36.60363],[140.52796,36.60384],[140.52856,36.60447],[140.52859,36.60479],[140.52763,36.60492],[140.52874,36.60566],[140.5286,36.60599],[140.52796,36.60599],[140.52813,36.60645],[140.52907,36.60639],[140.52916,36.60694],[140.52896,36.60755],[140.52803,36.60732],[140.52695,36.60657],[140.52674,36.60543],[140.52587,36.60508],[140.52572,36.60538],[140.52635,36.60564],[140.52651,36.60635],[140.52575,36.60621],[140.52374,36.6055],[140.52349,36.60575],[140.52556,36.60651],[140.5264,36.60697],[140.52629,36.60723],[140.52351,36.60703],[140.52526,36.60767],[140.52636,36.60767],[140.52657,36.60802],[140.52605,36.60838],[140.52308,36.60912],[140.52295,36.60938],[140.52363,36.60972],[140.52433,36.60964],[140.52439,36.61055],[140.5249,36.6111],[140.52497,36.61252],[140.52323,36.61205],[140.52322,36.6115],[140.52284,36.61144],[140.52264,36.61224],[140.52328,36.6125],[140.52294,36.61314],[140.52429,36.61283],[140.52462,36.61306],[140.52538,36.61306],[140.52636,36.61358],[140.52499,36.61382],[140.52331,36.61376],[140.52349,36.6141],[140.52489,36.61408],[140.52548,36.6142],[140.52528,36.61463],[140.5234,36.61463],[140.52319,36.61494],[140.52471,36.61503],[140.52537,36.61548],[140.5269,36.61535],[140.52773,36.61463],[140.52835,36.61465],[140.52645,36.61562],[140.5244,36.61546],[140.5215,36.61546],[140.52121,36.6152],[140.51966,36.61508],[140.5187,36.61577],[140.51848,36.61721],[140.51893,36.61781],[140.51856,36.61881],[140.51911,36.61935],[140.51905,36.62028],[140.51867,36.62039],[140.51809,36.61982],[140.51749,36.61973],[140.51688,36.61939],[140.51614,36.61937],[140.51478,36.6196]],[[140.51941,36.6138],[140.52078,36.61239],[140.5218,36.61242],[140.52194,36.61201],[140.52087,36.61199],[140.52023,36.6126],[140.51888,36.61274],[140.51949,36.61309],[140.51905,36.61362],[140.51941,36.6138]],[[140.52024,36.61048],[140.52107,36.61056],[140.52001,36.60952],[140.51977,36.60973],[140.52024,36.61048]],[[140.52156,36.59879],[140.52387,36.59874],[140.52391,36.59848],[140.52158,36.59843],[140.52156,36.59879]],[[140.52157,36.5981],[140.52218,36.59817],[140.52307,36.59783],[140.5232,36.59739],[140.52251,36.5962],[140.5213,36.5955],[140.52053,36.59599],[140.52118,36.5965],[140.52106,36.59684],[140.52022,36.59695],[140.51995,36.59716],[140.52014,36.59807],[140.52157,36.5981]],[[140.51972,36.59681],[140.51947,36.59512],[140.51914,36.59447],[140.51859,36.59403],[140.51812,36.59426],[140.51823,36.59487],[140.51908,36.59531],[140.51952,36.59684],[140.51972,36.59681]],[[140.5198,36.5941],[140.52026,36.59461],[140.52081,36.59394],[140.52011,36.59359],[140.5198,36.5941]],[[140.53031,36.57434],[140.53005,36.57579],[140.53077,36.57547],[140.5307,36.5743],[140.53031,36.57434]]]},"properties":{"hoanrinKind":"保安林"}},
{"type":"Feature","geometry":{"type":"Polygon","coordinates":[[[140.51065,36.6208],[140.51021,36.62074],[140.51066,36.62034],[140.51089,36.62066],[140.51065,36.6208]]]},"properties":{"hoanrinKind":"保安林"}},
{"type":"Feature","geometry":{"type":"Polygon","coordinates":[[[140.50706,36.61716],[140.50692,36.6175],[140.50665,36.61723],[140.50706,36.61716]]]},"properties":{"hoanrinKind":"保安林"}},
{"type":"Feature","geometry":{"type":"Polygon","coordinates":[[[140.50783,36.61771],[140.5075,36.61791],[140.5071,36.61775],[140.50755,36.61743],[140.50783,36.61771]]]},"properties":{"hoanrinKind":"保安林"}},
{"type":"Feature","geometry":{"type":"Polygon","coordinates":[[[140.50829,36.61821],[140.50812,36.61787],[140.50832,36.6177],[140.50865,36.61801],[140.50829,36.61821]]]},"properties":{"hoanrinKind":"保安林"}},
{"type":"Feature","geometry":{"type":"Polygon","coordinates":[[[140.50987,36.62135],[140.50944,36.62225],[140.50933,36.62198],[140.50951,36.62151],[140.50987,36.62135]]]},"properties":{"hoanrinKind":"保安林"}},
{"type":"Feature","geometry":{"type":"Polygon","coordinates":[[[140.5046,36.62315],[140.5041,36.62323],[140.50319,36.623],[140.5016,36.62221],[140.50042,36.62176],[140.50033,36.62153],[140.50122,36.62099],[140.50229,36.62077],[140.50362,36.62124],[140.50412,36.62106],[140.5052,36.62016],[140.50521,36.61973],[140.50379,36.62093],[140.50269,36.62],[140.5028,36.61928],[140.50319,36.61869],[140.50293,36.61847],[140.50227,36.61926],[140.5022,36.61983],[140.50181,36.62037],[140.50055,36.62098],[140.49953,36.62161],[140.49961,36.62076],[140.50092,36.62007],[140.50139,36.61923],[140.50089,36.6192],[140.50047,36.61997],[140.49912,36.62043],[140.49897,36.62061],[140.49895,36.62165],[140.49867,36.62196],[140.49816,36.62183],[140.49821,36.62067],[140.49744,36.62214],[140.49679,36.62231],[140.49588,36.62174],[140.49512,36.62144],[140.49662,36.62106],[140.49636,36.62058],[140.49558,36.6209],[140.4955,36.62029],[140.49471,36.62087],[140.49453,36.62055],[140.49389,36.62045],[140.49417,36.6197],[140.49246,36.61976],[140.49245,36.61943],[140.49454,36.61932],[140.49512,36.61868],[140.49657,36.61866],[140.49774,36.61848],[140.50007,36.61859],[140.49956,36.61817],[140.4987,36.61823],[140.49834,36.61803],[140.49743,36.61806],[140.49707,36.61835],[140.49586,36.61837],[140.49465,36.61802],[140.49415,36.61774],[140.49344,36.61703],[140.49308,36.61734],[140.49185,36.6168],[140.49131,36.61691],[140.49126,36.61619],[140.49357,36.61586],[140.49423,36.61641],[140.49572,36.6164],[140.49551,36.61614],[140.49447,36.61614],[140.4938,36.61556],[140.49218,36.61581],[140.49137,36.61559],[140.49138,36.61472],[140.49414,36.61488],[140.49556,36.61435],[140.49705,36.61424],[140.49825,36.61433],[140.49821,36.61401],[140.49741,36.61389],[140.49593,36.61398],[140.4951,36.61419],[140.49289,36.61419],[140.49279,36.61389],[140.49348,36.61363],[140.49422,36.61361],[140.49575,36.61337],[140.4957,36.61313],[140.49366,36.61316],[140.49206,36.61361],[140.49192,36.61261],[140.49224,36.61202],[140.49138,36.6115],[140.49134,36.61091],[140.49222,36.61111],[140.49262,36.61162],[140.49347,36.61123],[140.49629,36.61147],[140.49672,36.61193],[140.49714,36.61275],[140.4976,36.61283],[140.49716,36.61184],[140.49823,36.61148],[140.49807,36.61112],[140.49651,36.61099],[140.49428,36.61107],[140.49253,36.61074],[140.49325,36.61047],[140.49402,36.61069],[140.496,36.61069],[140.49707,36.6106],[140.49761,36.61076],[140.50092,36.61073],[140.50116,36.61085],[140.50126,36.61199],[140.50178,36.61278],[140.50143,36.61338],[140.50142,36.6141],[140.50191,36.61401],[140.50328,36.61451],[140.50296,36.61487],[140.50142,36.61499],[140.50151,36.61547],[140.50259,36.61566],[140.50212,36.61601],[140.50205,36.61644],[140.50346,36.61643],[140.50359,36.61679],[140.50286,36.61715],[140.50272,36.6177],[140.50304,36.61784],[140.50337,36.61712],[140.50484,36.61709],[140.5054,36.61695],[140.50564,36.61749],[140.50479,36.61755],[140.50468,36.61793],[140.50535,36.61807],[140.5059,36.61794],[140.50563,36.61875],[140.50603,36.61919],[140.50659,36.62058],[140.50678,36.61999],[140.50645,36.61824],[140.50704,36.61835],[140.50741,36.61904],[140.50788,36.61931],[140.50771,36.62045],[140.50744,36.62088],[140.50808,36.62129],[140.50677,36.62219],[140.5046,36.62315]],[[140.50353,36.62239],[140.50413,36.62292],[140.50448,36.62246],[140.50536,36.62234],[140.50595,36.62178],[140.50425,36.62205],[140.50398,36.62246],[140.50353,36.62239]],[[140.49737,36.61926],[140.49692,36.61905],[140.49603,36.61923],[140.49596,36.61974],[140.49737,36.61926]],[[140.50032,36.61619],[140.50067,36.61635],[140.50157,36.61617],[140.50155,36.61575],[140.50032,36.61619]]]},"properties":{"hoanrinKind":"保安林"}},
{"type":"Feature","geometry":{"type":"Polygon","coordinates":[[[140.40468,36.61778],[140.40471,36.61788],[140.40472,36.61803],[140.40467,36.61783],[140.40468,36.61778]]]},"properties":{"hoanrinKind":"保安林"}},
{"type":"Feature","geometry":{"type":"Polygon","coordinates":[[[140.40662,36.62368],[140.40639,36.62363],[140.40484,36.61854],[140.40536,36.61836],[140.40562,36.61868],[140.40532,36.61919],[140.40527,36.61977],[140.40597,36.62049],[140.40607,36.62167],[140.40655,36.62218],[140.40672,36.62288],[140.40662,36.62368]]]},"properties":{"hoanrinKind":"保安林"}},
{"type":"Feature","geometry":{"type":"Polygon","coordinates":[[[140.64078,36.62317],[140.64037,36.62352],[140.63965,36.6237],[140.63777,36.62471],[140.63721,36.62512],[140.6369,36.62456],[140.63747,36.62404],[140.63946,36.623],[140.63929,36.62173],[140.63993,36.6211],[140.6405,36.62173],[140.64032,36.62296],[140.64151,36.6224],[140.64204,36.62314],[140.64078,36.62317]]]},"properties":{"hoanrinKind":"保安林"}},
{"type":"Feature","geometry":{"type":"Polygon","coordinates":[[[140.55285,36.615],[140.55272,36.61507],[140.55278,36.61497],[140.55285,36.615]]]},"properties":{"hoanrinKind":"保安林"}},
{"type":"Feature","geometry":{"type":"Polygon","coordinates":[[[140.55248,36.61624],[140.55315,36.6167],[140.55286,36.61672],[140.55246,36.61658],[140.55248,36.61624]]]},"properties":{"hoanrinKind":"保安林"}},
{"type":"Feature","geometry":{"type":"Polygon","coordinates":[[[140.55856,36.62388],[140.55821,36.62403],[140.55708,36.62378],[140.55617,36.62296],[140.55609,36.62254],[140.55536,36.6222],[140.55482,36.62166],[140.55466,36.62119],[140.55364,36.62175],[140.55282,36.62186],[140.55254,36.62145],[140.5532,36.62088],[140.55389,36.62075],[140.55395,36.62015],[140.55309,36.6193],[140.55389,36.61934],[140.55444,36.61904],[140.55532,36.61946],[140.5566,36.61973],[140.55751,36.6202],[140.55747,36.61972],[140.55579,36.61931],[140.55514,36.61904],[140.5548,36.61866],[140.55482,36.61792],[140.55549,36.61804],[140.55557,36.6185],[140.55642,36.61908],[140.55701,36.61903],[140.55674,36.61854],[140.55733,36.61833],[140.55748,36.61761],[140.55817,36.61727],[140.55758,36.61682],[140.55768,36.61586],[140.55628,36.6158],[140.55522,36.61541],[140.55434,36.61539],[140.55311,36.61504],[140.55305,36.61452],[140.55363,36.6141],[140.55518,36.61416],[140.55504,36.6138],[140.55413,36.61369],[140.55409,36.61295],[140.55464,36.61319],[140.55557,36.61319],[140.5557,36.61278],[140.55623,36.61269],[140.55763,36.61211],[140.55851,36.6122],[140.55878,36.61244],[140.55879,36.61302],[140.55804,36.61359],[140.55785,36.61399],[140.55783,36.61525],[140.55847,36.6168],[140.55947,36.6181],[140.55982,36.61881],[140.56026,36.62041],[140.56086,36.62201],[140.56143,36.62304],[140.55988,36.62338],[140.55856,36.62388]]]},"properties":{"hoanrinKind":"保安林"}},
{"type":"Feature","geometry":{"type":"Polygon","coordinates":[[[140.55707,36.62575],[140.55733,36.62513],[140.55817,36.62509],[140.55821,36.62537],[140.55742,36.62537],[140.55707,36.62575]]]},"properties":{"hoanrinKind":"保安林"}},
{"type":"Feature","geometry":{"type":"Polygon","coordinates":[[[140.55546,36.62625],[140.55586,36.62609],[140.55635,36.62612],[140.55546,36.62625]]]},"properties":{"hoanrinKind":"保安林"}},
{"type":"Feature","geometry":{"type":"Polygon","coordinates":[[[140.55448,36.62516],[140.55435,36.62583],[140.55478,36.6263],[140.55405,36.62627],[140.55415,36.62531],[140.55448,36.62516]]]},"properties":{"hoanrinKind":"保安林"}},
{"type":"Feature","geometry":{"type":"Polygon","coordinates":[[[140.55766,36.62636],[140.55744,36.6261],[140.55805,36.62562],[140.55891,36.6256],[140.56006,36.62523],[140.56061,36.62523],[140.56069,36.62481],[140.56157,36.62476],[140.56222,36.62437],[140.56244,36.62491],[140.56154,36.62501],[140.56077,36.62551],[140.55952,36.62558],[140.55894,36.6259],[140.55795,36.62604],[140.55766,36.62636]]]},"properties":{"hoanrinKind":"保安林"}},
{"type":"Feature","geometry":{"type":"Polygon","coordinates":[[[140.50639,36.62863],[140.50633,36.62893],[140.50519,36.62839],[140.50347,36.62827],[140.50401,36.62757],[140.50521,36.62775],[140.5058,36.62748],[140.50395,36.62727],[140.50356,36.62739],[140.50301,36.62817],[140.50207,36.62735],[140.50115,36.62702],[140.50009,36.62703],[140.4995,36.6266],[140.49886,36.62655],[140.49837,36.62568],[140.49855,36.62538],[140.49786,36.62428],[140.49858,36.62409],[140.49908,36.62349],[140.49711,36.62358],[140.49672,36.62294],[140.49824,36.62289],[140.49851,36.62252],[140.49926,36.62244],[140.49942,36.62306],[140.49978,36.62322],[140.49963,36.62199],[140.49999,36.62194],[140.5008,36.62253],[140.50112,36.62316],[140.50166,36.62279],[140.50224,36.62321],[140.50266,36.6231],[140.50357,36.62348],[140.50349,36.6239],[140.50416,36.62486],[140.50404,36.62556],[140.50476,36.62624],[140.50476,36.62673],[140.50535,36.62684],[140.50482,36.6255],[140.50445,36.62496],[140.50527,36.62504],[140.50545,36.62609],[140.50598,36.62673],[140.50638,36.62643],[140.50586,36.626],[140.50595,36.62561],[140.50541,36.62496],[140.50541,36.62466],[140.50478,36.62435],[140.50529,36.62405],[140.50601,36.62438],[140.50704,36.62535],[140.50733,36.62507],[140.50671,36.62453],[140.50768,36.62445],[140.50716,36.62401],[140.50629,36.62411],[140.50418,36.62347],[140.50533,36.62321],[140.5065,36.62369],[140.50738,36.62351],[140.50716,36.62318],[140.50656,36.62313],[140.50616,36.62285],[140.50705,36.62227],[140.50787,36.62205],[140.50831,36.62273],[140.50777,36.62301],[140.50786,36.62336],[140.50847,36.6235],[140.50858,36.62439],[140.50845,36.62498],[140.50741,36.62646],[140.50639,36.62863]]]},"properties":{"hoanrinKind":"保安林"}},
{"type":"Feature","geometry":{"type":"Polygon","coordinates":[[[140.55738,36.63068],[140.55723,36.63107],[140.55675,36.63118],[140.55688,36.63074],[140.55738,36.63068]]]},"properties":{"hoanrinKind":"保安林"}},
{"type":"Feature","geometry":{"type":"Polygon","coordinates":[[[140.55777,36.63187],[140.55729,36.63151],[140.55788,36.63115],[140.55837,36.6313],[140.55777,36.63187]]]},"properties":{"hoanrinKind":"保安林"}},
{"type":"Feature","geometry":{"type":"Polygon","coordinates":[[[140.55908,36.63141],[140.55916,36.63225],[140.55852,36.63249],[140.55823,36.6319],[140.55908,36.63141]]]},"properties":{"hoanrinKind":"保安林"}},
{"type":"Feature","geometry":{"type":"Polygon","coordinates":[[[140.55592,36.63272],[140.55589,36.63193],[140.55471,36.63188],[140.55502,36.63145],[140.55656,36.63178],[140.55625,36.63254],[140.55592,36.63272]]]},"properties":{"hoanrinKind":"保安林"}},
{"type":"Feature","geometry":{"type":"Polygon","coordinates":[[[140.55705,36.63425],[140.55582,36.63444],[140.55486,36.63427],[140.55524,36.63381],[140.55662,36.63412],[140.55715,36.63389],[140.55799,36.63384],[140.55814,36.63439],[140.55705,36.63425]]]},"properties":{"hoanrinKind":"保安林"}},
{"type":"Feature","geometry":{"type":"Polygon","coordinates":[[[140.55351,36.58051],[140.55362,36.58063],[140.55335,36.58059],[140.55351,36.58051]]]},"properties":{"hoanrinKind":"保安林"}},
{"type":"Feature","geometry":{"type":"Polygon","coordinates":[[[140.5932,36.58316],[140.593,36.58306],[140.59348,36.58285],[140.59347,36.58316],[140.5932,36.58316]]]},"properties":{"hoanrinKind":"保安林"}},
{"type":"Feature","geometry":{"type":"Polygon","coordinates":[[[140.59484,36.58715],[140.59478,36.58763],[140.59411,36.58753],[140.59352,36.58711],[140.59391,36.58671],[140.59484,36.58715]]]},"properties":{"hoanrinKind":"保安林"}},
{"type":"Feature","geometry":{"type":"Polygon","coordinates":[[[140.56348,36.60973],[140.56347,36.60988],[140.56303,36.61043],[140.56321,36.6097],[140.56348,36.60973]]]},"properties":{"hoanrinKind":"保安林"}},
{"type":"Feature","geometry":{"type":"Polygon","coordinates":[[[140.56203,36.61151],[140.56217,36.61173],[140.56166,36.61175],[140.56203,36.61151]]]},"properties":{"hoanrinKind":"保安林"}},
{"type":"Feature","geometry":{"type":"Polygon","coordinates":[[[140.56284,36.61147],[140.5638,36.61156],[140.56345,36.61194],[140.56284,36.61147]]]},"properties":{"hoanrinKind":"保安林"}},
{"type":"Feature","geometry":{"type":"Polygon","coordinates":[[[140.56375,36.61236],[140.56371,36.61238],[140.56363,36.61241],[140.56372,36.61236],[140.56375,36.61236]]]},"properties":{"hoanrinKind":"保安林"}},
{"type":"Feature","geometry":{"type":"Polygon","coordinates":[[[140.55753,36.61149],[140.55665,36.61164],[140.55599,36.61228],[140.55518,36.61265],[140.55464,36.61263],[140.55411,36.612],[140.55579,36.61046],[140.55573,36.61027],[140.55698,36.61007],[140.55819,36.61],[140.55825,36.60953],[140.55753,36.60913],[140.55461,36.60904],[140.5546,36.60821],[140.55525,36.60789],[140.55652,36.60807],[140.55815,36.6077],[140.55908,36.60833],[140.5598,36.60897],[140.56085,36.61021],[140.5608,36.6108],[140.56112,36.61189],[140.56015,36.61188],[140.55928,36.61138],[140.55753,36.61149]]]},"properties":{"hoanrinKind":"保安林"}},
{"type":"Feature","geometry":{"type":"Polygon","coordinates":[[[140.56553,36.61215],[140.56513,36.61261],[140.56533,36.61347],[140.56435,36.61311],[140.56434,36.61264],[140.5652,36.61215],[140.56552,36.61153],[140.56603,36.61209],[140.56643,36.612],[140.56839,36.61236],[140.56901,36.61307],[140.56765,36.61303],[140.56672,36.61281],[140.56651,36.61251],[140.56553,36.61215]]]},"properties":{"hoanrinKind":"保安林"}},
{"type":"Feature","geometry":{"type":"Polygon","coordinates":[[[140.58264,36.63777],[140.5831,36.63717],[140.58457,36.63699],[140.58543,36.63661],[140.58479,36.6363],[140.58331,36.63705],[140.58236,36.63728],[140.58203,36.63691],[140.58135,36.63729],[140.58093,36.6366],[140.58102,36.63632],[140.58235,36.63477],[140.58261,36.63339],[140.58194,36.63299],[140.58116,36.63295],[140.58087,36.63196],[140.58134,36.63154],[140.58128,36.63118],[140.58063,36.63103],[140.57982,36.63127],[140.57944,36.6311],[140.57795,36.63105],[140.57679,36.63156],[140.57615,36.63206],[140.57529,36.63217],[140.57458,36.63263],[140.57364,36.6338],[140.57321,36.63393],[140.57234,36.63325],[140.57199,36.63271],[140.57177,36.63151],[140.57303,36.63066],[140.57312,36.63019],[140.57191,36.62952],[140.57111,36.62949],[140.56916,36.62862],[140.56872,36.628],[140.56991,36.62723],[140.57017,36.62679],[140.56983,36.6259],[140.5695,36.62587],[140.56788,36.62689],[140.56721,36.62666],[140.56712,36.62629],[140.56607,36.62672],[140.56532,36.6264],[140.56494,36.62568],[140.56365,36.62522],[140.56316,36.6247],[140.56311,36.62386],[140.56246,36.62339],[140.56195,36.62269],[140.56176,36.6215],[140.56124,36.62069],[140.56064,36.61878],[140.55931,36.61696],[140.55862,36.61588],[140.55857,36.61464],[140.55895,36.61403],[140.55974,36.61369],[140.56033,36.61458],[140.56164,36.61509],[140.56226,36.61567],[140.56226,36.61612],[140.56309,36.61573],[140.5645,36.61565],[140.56484,36.61474],[140.56525,36.61456],[140.56641,36.61476],[140.5664,36.61575],[140.56703,36.61497],[140.56812,36.6162],[140.56761,36.61678],[140.56807,36.61702],[140.56769,36.61794],[140.56812,36.61819],[140.56852,36.61743],[140.56928,36.61694],[140.57114,36.61793],[140.57136,36.61767],[140.57069,36.61724],[140.5711,36.61652],[140.57061,36.61642],[140.57045,36.6169],[140.56979,36.61658],[140.56922,36.61563],[140.5692,36.61523],[140.57009,36.61505],[140.57065,36.61472],[140.57106,36.61379],[140.57034,36.61289],[140.57139,36.61328],[140.57354,36.61334],[140.57465,36.61329],[140.57418,36.61281],[140.57352,36.61275],[140.57295,36.61127],[140.57229,36.61127],[140.57116,36.61073],[140.57253,36.61071],[140.57221,36.61001],[140.57332,36.60922],[140.57564,36.61026],[140.5767,36.61096],[140.57777,36.61141],[140.57912,36.61147],[140.57985,36.61077],[140.58004,36.6093],[140.57915,36.60908],[140.5786,36.60839],[140.57737,36.60758],[140.57771,36.60726],[140.57921,36.607],[140.57945,36.60647],[140.5788,36.60629],[140.5786,36.60662],[140.57701,36.60688],[140.57693,36.60728],[140.57582,36.60789],[140.57535,36.60789],[140.57484,36.60826],[140.57418,36.60827],[140.57122,36.60754],[140.57069,36.60789],[140.57023,36.60716],[140.56894,36.60716],[140.56835,36.6069],[140.56807,36.60653],[140.56693,36.60648],[140.56647,36.60615],[140.56558,36.60496],[140.56474,36.60455],[140.56093,36.60557],[140.5604,36.60513],[140.55984,36.60499],[140.55881,36.60374],[140.55783,36.60296],[140.55687,36.6028],[140.55625,36.60309],[140.55601,36.60429],[140.55572,36.60487],[140.5547,36.60533],[140.55341,36.60508],[140.55308,36.60479],[140.55289,36.60419],[140.55202,36.60346],[140.55283,36.60273],[140.55186,36.60275],[140.55103,36.60331],[140.55073,36.60268],[140.55017,36.60205],[140.54849,36.60126],[140.54847,36.60094],[140.54961,36.60109],[140.54983,36.60059],[140.5494,36.60043],[140.54937,36.59983],[140.54906,36.59931],[140.54863,36.59701],[140.55085,36.59704],[140.55194,36.59738],[140.55225,36.59678],[140.55305,36.59674],[140.55329,36.59591],[140.55378,36.59553],[140.55442,36.59569],[140.5555,36.59566],[140.55757,36.59506],[140.55908,36.59476],[140.56008,36.59479],[140.56106,36.59502],[140.56198,36.59456],[140.56364,36.59321],[140.56201,36.59228],[140.56158,36.59221],[140.55968,36.59228],[140.55892,36.59205],[140.55771,36.59145],[140.55725,36.59108],[140.55607,36.59072],[140.55561,36.59031],[140.55514,36.59034],[140.55435,36.59001],[140.55199,36.5901],[140.55206,36.58975],[140.55289,36.58951],[140.55342,36.58913],[140.55407,36.58737],[140.55318,36.58665],[140.55245,36.5864],[140.55209,36.58591],[140.55153,36.58565],[140.5499,36.58589],[140.54909,36.58562],[140.54932,36.58507],[140.55081,36.58439],[140.55177,36.58456],[140.5525,36.58518],[140.55423,36.58469],[140.55722,36.58486],[140.55766,36.58437],[140.55868,36.58413],[140.56005,36.58419],[140.56012,36.58334],[140.56034,36.58299],[140.56122,36.58279],[140.56295,36.58289],[140.56368,36.58322],[140.56546,36.58357],[140.56632,36.58357],[140.56929,36.58377],[140.57012,36.58366],[140.5707,36.5843],[140.57031,36.58477],[140.57054,36.58501],[140.5719,36.5857],[140.57277,36.58584],[140.5734,36.58624],[140.57348,36.58772],[140.57386,36.58945],[140.57315,36.59102],[140.57299,36.59201],[140.57303,36.59314],[140.57324,36.59407],[140.57372,36.59473],[140.57364,36.59544],[140.57485,36.59651],[140.57428,36.5974],[140.57386,36.59778],[140.57411,36.59856],[140.57509,36.59931],[140.57349,36.60066],[140.57396,36.60121],[140.57404,36.60208],[140.57449,36.60212],[140.57459,36.60268],[140.57437,36.60331],[140.57467,36.60361],[140.5762,36.60353],[140.57788,36.6026],[140.57874,36.60272],[140.57929,36.60173],[140.5783,36.60102],[140.5775,36.60069],[140.57659,36.5999],[140.5761,36.5988],[140.57664,36.59776],[140.57636,36.59722],[140.5765,36.59677],[140.57794,36.5957],[140.57834,36.5957],[140.57892,36.59627],[140.58013,36.59631],[140.58072,36.59669],[140.58106,36.59655],[140.58001,36.59594],[140.579,36.59594],[140.57856,36.5954],[140.57947,36.59473],[140.58003,36.59401],[140.58103,36.59328],[140.58169,36.59328],[140.58193,36.593],[140.58286,36.59292],[140.58403,36.59213],[140.58405,36.5911],[140.58352,36.59149],[140.583,36.59233],[140.58153,36.59219],[140.58144,36.59171],[140.58082,36.5907],[140.58042,36.5898],[140.57928,36.58892],[140.57881,36.58829],[140.57848,36.58712],[140.57858,36.58669],[140.57784,36.58626],[140.57782,36.58504],[140.57895,36.58417],[140.57863,36.58349],[140.57812,36.58289],[140.57751,36.58277],[140.57705,36.583],[140.57644,36.58298],[140.57622,36.58221],[140.57576,36.5814],[140.57519,36.58144],[140.57489,36.58116],[140.57483,36.57971],[140.5743,36.57971],[140.57453,36.581],[140.57392,36.58164],[140.57379,36.58221],[140.57244,36.58201],[140.57149,36.58228],[140.56944,36.58337],[140.56606,36.58325],[140.56408,36.58264],[140.5638,36.58193],[140.56352,36.5818],[140.56259,36.58233],[140.56192,36.58207],[140.56141,36.58258],[140.56062,36.58228],[140.5594,36.58234],[140.55746,36.58223],[140.55627,36.58178],[140.55462,36.58098],[140.55448,36.58037],[140.55518,36.58051],[140.5563,36.58034],[140.55775,36.57989],[140.55826,36.57939],[140.55929,36.57938],[140.55899,36.57888],[140.55832,36.57849],[140.55615,36.57892],[140.55497,36.57901],[140.5541,36.57889],[140.55386,36.57791],[140.55351,36.57714],[140.55282,36.57674],[140.55305,36.5759],[140.55417,36.57523],[140.55482,36.57434],[140.55421,36.57372],[140.55214,36.57319],[140.55143,36.57263],[140.55113,36.57299],[140.55016,36.57281],[140.55085,36.57243],[140.55116,36.57178],[140.55202,36.57184],[140.55317,36.57152],[140.55379,36.57289],[140.55426,36.57188],[140.55484,36.57186],[140.55553,36.57103],[140.55667,36.57182],[140.55763,36.57225],[140.55807,36.57278],[140.55847,36.57281],[140.55896,36.57337],[140.55985,36.57395],[140.56,36.57468],[140.56107,36.57495],[140.56148,36.57402],[140.56303,36.57313],[140.5632,36.57237],[140.56228,36.57202],[140.56218,36.57116],[140.56299,36.56999],[140.56368,36.5688],[140.56382,36.56784],[140.56323,36.56795],[140.56246,36.56778],[140.5619,36.56672],[140.56179,36.56547],[140.56208,36.56333],[140.56265,36.56152],[140.56235,36.55974],[140.56299,36.55945],[140.56314,36.55916],[140.56297,36.55843],[140.56423,36.55889],[140.56438,36.55816],[140.56339,36.55724],[140.5624,36.55728],[140.5622,36.55659],[140.56327,36.55631],[140.56341,36.55561],[140.56239,36.55498],[140.56431,36.55425],[140.56556,36.55412],[140.56589,36.55352],[140.56578,36.55306],[140.56516,36.55233],[140.56412,36.55231],[140.56376,36.55197],[140.56383,36.5515],[140.56465,36.55109],[140.56438,36.55053],[140.56487,36.54988],[140.56705,36.55033],[140.5681,36.55034],[140.56817,36.55083],[140.56863,36.551],[140.56967,36.55062],[140.56969,36.55002],[140.56997,36.54915],[140.57046,36.54911],[140.57082,36.54848],[140.57049,36.54754],[140.57102,36.54741],[140.57209,36.54909],[140.57219,36.54867],[140.57152,36.54768],[140.57134,36.54707],[140.57241,36.54681],[140.57366,36.5478],[140.57402,36.5476],[140.57433,36.54846],[140.57392,36.54873],[140.57315,36.54776],[140.57267,36.5477],[140.57406,36.54963],[140.57515,36.54889],[140.57572,36.54838],[140.57622,36.54867],[140.57683,36.54822],[140.57737,36.54814],[140.57888,36.54877],[140.57911,36.5485],[140.5788,36.54774],[140.57794,36.54731],[140.57675,36.54505],[140.5767,36.54453],[140.57739,36.54443],[140.57743,36.54556],[140.57804,36.54614],[140.57934,36.54605],[140.57993,36.54622],[140.58003,36.54578],[140.57911,36.54555],[140.57807,36.54571],[140.57794,36.54536],[140.5783,36.54495],[140.57792,36.54417],[140.57803,36.54379],[140.57755,36.54304],[140.57788,36.54213],[140.5782,36.54169],[140.57862,36.54165],[140.57989,36.54211],[140.58026,36.54332],[140.58116,36.54429],[140.58135,36.54354],[140.58196,36.544],[140.58224,36.54447],[140.5834,36.54517],[140.58478,36.54649],[140.5853,36.54796],[140.58604,36.54933],[140.58674,36.55024],[140.58663,36.55139],[140.5861,36.55256],[140.58787,36.55277],[140.58921,36.55266],[140.58966,36.55283],[140.59068,36.55228],[140.59083,36.55176],[140.5906,36.55147],[140.59063,36.55071],[140.59107,36.5505],[140.58987,36.54969],[140.59016,36.54921],[140.5891,36.5476],[140.58888,36.5471],[140.58986,36.54721],[140.59081,36.54692],[140.59173,36.54687],[140.59208,36.54739],[140.59081,36.54786],[140.59201,36.54804],[140.59279,36.54804],[140.59273,36.54742],[140.5934,36.5471],[140.59449,36.5471],[140.59494,36.54687],[140.59482,36.54592],[140.59358,36.54578],[140.59388,36.54436],[140.5943,36.54418],[140.59689,36.54359],[140.5979,36.543],[140.59834,36.54308],[140.59984,36.54415],[140.60062,36.54389],[140.60136,36.54454],[140.60306,36.54461],[140.6028,36.54426],[140.60217,36.54412],[140.60073,36.54314],[140.6013,36.54302],[140.60283,36.54323],[140.60375,36.54296],[140.60432,36.54341],[140.60565,36.54332],[140.60571,36.5441],[140.6049,36.54413],[140.60511,36.54477],[140.6047,36.54562],[140.60536,36.54659],[140.60494,36.54717],[140.60439,36.54737],[140.6027,36.5475],[140.60289,36.5479],[140.60394,36.5487],[140.6042,36.54947],[140.60353,36.54957],[140.60423,36.55032],[140.60416,36.55109],[140.60384,36.55203],[140.60306,36.55199],[140.60239,36.5515],[140.60142,36.55159],[140.60068,36.55086],[140.60146,36.5509],[140.60227,36.55],[140.60188,36.54935],[140.60152,36.54917],[140.60086,36.54934],[140.59879,36.55066],[140.5977,36.55086],[140.59767,36.55129],[140.59624,36.55096],[140.59805,36.54986],[140.59863,36.54927],[140.59692,36.54949],[140.59504,36.55032],[140.59441,36.55008],[140.59351,36.55],[140.5932,36.55028],[140.59379,36.5506],[140.59331,36.55115],[140.59282,36.55084],[140.5923,36.55103],[140.59139,36.55181],[140.59219,36.55221],[140.59252,36.55277],[140.59233,36.5541],[140.59179,36.5546],[140.59152,36.55531],[140.59015,36.55543],[140.58942,36.55614],[140.58832,36.55776],[140.58818,36.55868],[140.58723,36.55898],[140.58687,36.55969],[140.58643,36.56001],[140.58708,36.56054],[140.58809,36.56034],[140.58892,36.56004],[140.59111,36.56007],[140.59225,36.55995],[140.59201,36.56114],[140.59344,36.56099],[140.59406,36.56075],[140.59516,36.56178],[140.59455,36.56202],[140.59282,36.5624],[140.59188,36.56308],[140.59062,36.56421],[140.58984,36.56449],[140.58826,36.56449],[140.58583,36.5637],[140.58478,36.56364],[140.58506,36.56434],[140.58487,36.56458],[140.58298,36.56534],[140.58216,36.5668],[140.58222,36.56794],[140.58284,36.56862],[140.58254,36.56955],[140.58279,36.57131],[140.58354,36.57197],[140.5832,36.57228],[140.58195,36.5727],[140.58114,36.57278],[140.58038,36.57337],[140.58153,36.57406],[140.58259,36.57419],[140.58351,36.57385],[140.58412,36.57296],[140.58444,36.57212],[140.58442,36.57127],[140.58533,36.57111],[140.58582,36.57141],[140.58679,36.5727],[140.58723,36.57306],[140.58829,36.57322],[140.58938,36.57279],[140.58987,36.57276],[140.59099,36.57374],[140.59228,36.57427],[140.59122,36.57439],[140.59027,36.57477],[140.58959,36.57531],[140.58959,36.57699],[140.59035,36.57768],[140.59067,36.57833],[140.59041,36.57934],[140.59093,36.58012],[140.59109,36.5808],[140.59105,36.58194],[140.59141,36.58216],[140.59224,36.5843],[140.59235,36.5871],[140.59291,36.58701],[140.59338,36.5875],[140.59347,36.5884],[140.59308,36.58837],[140.59242,36.58941],[140.59224,36.59001],[140.59239,36.59048],[140.59451,36.58971],[140.59612,36.58877],[140.59661,36.58903],[140.59689,36.59062],[140.59735,36.59107],[140.59725,36.59137],[140.5963,36.59175],[140.59574,36.59181],[140.59598,36.59231],[140.59565,36.59277],[140.59468,36.59274],[140.59402,36.59296],[140.59309,36.593],[140.59278,36.59337],[140.59195,36.59368],[140.5912,36.5944],[140.59118,36.59483],[140.59216,36.59503],[140.59358,36.59457],[140.59402,36.59467],[140.59441,36.59415],[140.59468,36.59332],[140.59518,36.59334],[140.59536,36.59395],[140.59597,36.59318],[140.59651,36.59412],[140.59694,36.59463],[140.59809,36.59554],[140.60106,36.59301],[140.60178,36.59271],[140.60207,36.59224],[140.6026,36.59242],[140.60334,36.59174],[140.60402,36.59162],[140.60428,36.59197],[140.6046,36.59315],[140.6056,36.59353],[140.60505,36.59409],[140.6043,36.59409],[140.60406,36.59516],[140.6045,36.5957],[140.60644,36.59643],[140.60555,36.5972],[140.60535,36.59772],[140.6047,36.59766],[140.60297,36.59863],[140.6023,36.59863],[140.60149,36.59972],[140.60158,36.60006],[140.60101,36.60069],[140.60049,36.60097],[140.59871,36.60063],[140.59731,36.60104],[140.59556,36.60136],[140.59396,36.60216],[140.59309,36.60248],[140.59188,36.60249],[140.59111,36.60178],[140.59036,36.60248],[140.5901,36.60302],[140.59034,36.60546],[140.59078,36.60626],[140.5898,36.60807],[140.58996,36.60908],[140.59065,36.60966],[140.59142,36.61004],[140.59134,36.611],[140.59149,36.6115],[140.59235,36.61261],[140.59285,36.61288],[140.59433,36.61297],[140.5956,36.61354],[140.59689,36.61297],[140.59701,36.61232],[140.59766,36.61224],[140.59789,36.61153],[140.59867,36.61088],[140.59937,36.60936],[140.60082,36.60901],[140.60074,36.60788],[140.60014,36.60707],[140.59929,36.60648],[140.59899,36.60599],[140.59899,36.60462],[140.59968,36.6048],[140.60012,36.6044],[140.6006,36.60433],[140.60138,36.60365],[140.60182,36.60274],[140.60168,36.60233],[140.60085,36.60214],[140.60085,36.60131],[140.60192,36.6004],[140.6022,36.59994],[140.60234,36.59921],[140.6036,36.59865],[140.60472,36.59841],[140.60423,36.59907],[140.60446,36.59945],[140.60502,36.59958],[140.60535,36.59842],[140.60619,36.59774],[140.60676,36.59901],[140.60548,36.60114],[140.60689,36.6009],[140.60805,36.60034],[140.60948,36.5998],[140.61005,36.5998],[140.61049,36.59936],[140.6123,36.5985],[140.61498,36.59739],[140.61644,36.59631],[140.6186,36.59531],[140.61916,36.59534],[140.61978,36.59388],[140.62043,36.59339],[140.62176,36.59306],[140.62258,36.59315],[140.62325,36.59358],[140.62476,36.59347],[140.6257,36.59352],[140.62653,36.59391],[140.62741,36.59451],[140.6277,36.59516],[140.62666,36.59469],[140.6257,36.59471],[140.62558,36.59521],[140.62501,36.59578],[140.624,36.59555],[140.62248,36.59567],[140.62103,36.59632],[140.62044,36.59767],[140.61975,36.59843],[140.61984,36.59903],[140.62035,36.59964],[140.62043,36.60045],[140.6199,36.60165],[140.61917,36.60162],[140.61864,36.60187],[140.61858,36.60104],[140.61798,36.60038],[140.61834,36.59995],[140.61802,36.59933],[140.61721,36.59846],[140.616,36.59843],[140.61636,36.59938],[140.61623,36.59962],[140.615,36.59917],[140.61508,36.59982],[140.61624,36.60003],[140.61644,36.60044],[140.61701,36.60068],[140.61706,36.60139],[140.61583,36.60145],[140.61456,36.60106],[140.61406,36.60128],[140.6134,36.60122],[140.61255,36.60048],[140.61174,36.60078],[140.61155,36.60125],[140.61189,36.60219],[140.61251,36.6015],[140.61308,36.6026],[140.6131,36.60314],[140.61223,36.60325],[140.6122,36.60361],[140.61263,36.60455],[140.61222,36.60475],[140.61053,36.60461],[140.60812,36.60461],[140.60759,36.60467],[140.60802,36.60556],[140.60793,36.60582],[140.60693,36.60609],[140.60676,36.60703],[140.60622,36.60747],[140.60536,36.60719],[140.60357,36.60726],[140.60265,36.60753],[140.60191,36.60759],[140.60253,36.60848],[140.60217,36.6088],[140.60161,36.60982],[140.60216,36.61058],[140.60274,36.61222],[140.60332,36.61326],[140.60392,36.61393],[140.60496,36.61435],[140.60592,36.61429],[140.60688,36.61396],[140.60857,36.61321],[140.6089,36.61315],[140.60986,36.61158],[140.61131,36.61023],[140.61272,36.61057],[140.61317,36.61035],[140.61388,36.60957],[140.61426,36.60887],[140.61496,36.60819],[140.61556,36.60809],[140.61733,36.60831],[140.61815,36.60719],[140.62046,36.60735],[140.62087,36.60694],[140.62075,36.60621],[140.62091,36.60537],[140.62167,36.60488],[140.62227,36.60385],[140.62241,36.6027],[140.62304,36.60231],[140.62413,36.601],[140.62525,36.60097],[140.62549,36.60133],[140.62604,36.60065],[140.62648,36.60056],[140.62787,36.60066],[140.62998,36.60121],[140.63372,36.60183],[140.63394,36.60323],[140.63298,36.60339],[140.63313,36.60466],[140.63312,36.60572],[140.63423,36.60574],[140.63562,36.60554],[140.63571,36.60591],[140.63636,36.60586],[140.63674,36.6055],[140.63745,36.60531],[140.63742,36.60601],[140.63499,36.60772],[140.63526,36.60781],[140.63743,36.60626],[140.63812,36.60642],[140.63707,36.60914],[140.63707,36.60989],[140.6374,36.61045],[140.63781,36.61156],[140.63718,36.61154],[140.63489,36.61194],[140.6337,36.61249],[140.63419,36.61315],[140.63349,36.61312],[140.6326,36.61258],[140.63184,36.61291],[140.63066,36.61279],[140.62921,36.61327],[140.62803,36.61267],[140.62654,36.61209],[140.62641,36.61169],[140.62477,36.61188],[140.62394,36.61173],[140.62283,36.61249],[140.62226,36.61267],[140.62197,36.61224],[140.62111,36.61243],[140.62047,36.61336],[140.62126,36.61371],[140.62264,36.61519],[140.62309,36.61521],[140.6243,36.61481],[140.62524,36.61501],[140.62584,36.61586],[140.62666,36.61631],[140.62734,36.61618],[140.6277,36.61506],[140.62815,36.61465],[140.62982,36.61569],[140.62982,36.61615],[140.63032,36.61708],[140.63039,36.61758],[140.62939,36.61772],[140.62802,36.61776],[140.62637,36.61711],[140.62359,36.61693],[140.62264,36.61667],[140.62176,36.61625],[140.62025,36.615],[140.61987,36.61484],[140.61898,36.61521],[140.6181,36.6146],[140.61816,36.614],[140.61769,36.61285],[140.61887,36.61266],[140.61934,36.61355],[140.61974,36.61202],[140.61974,36.6116],[140.61927,36.61042],[140.61801,36.61046],[140.61725,36.6097],[140.61642,36.60913],[140.61596,36.60907],[140.61553,36.60938],[140.61414,36.6112],[140.61306,36.612],[140.61144,36.61205],[140.61017,36.61266],[140.61011,36.61426],[140.60926,36.61494],[140.60812,36.61528],[140.60842,36.61576],[140.60838,36.61665],[140.60962,36.61676],[140.60903,36.61769],[140.60882,36.61849],[140.60774,36.61914],[140.60683,36.61893],[140.60622,36.61906],[140.6088,36.62003],[140.61059,36.62016],[140.61243,36.62022],[140.61308,36.6206],[140.61276,36.62129],[140.61365,36.62163],[140.61233,36.62217],[140.61217,36.62283],[140.60956,36.62395],[140.60897,36.62415],[140.60938,36.62479],[140.60865,36.6247],[140.60835,36.62425],[140.60869,36.62314],[140.60805,36.62331],[140.60779,36.62414],[140.60712,36.62475],[140.60682,36.62455],[140.60617,36.623],[140.60522,36.62316],[140.60405,36.62286],[140.6037,36.6234],[140.6041,36.62419],[140.60304,36.62408],[140.6028,36.62461],[140.6018,36.62435],[140.6017,36.62482],[140.60312,36.62573],[140.60348,36.62622],[140.60293,36.6266],[140.60229,36.62604],[140.60069,36.62519],[140.59955,36.62493],[140.5988,36.62439],[140.59785,36.62397],[140.59523,36.62381],[140.59531,36.62479],[140.59431,36.62508],[140.59425,36.62573],[140.59385,36.62633],[140.59425,36.62673],[140.59171,36.62671],[140.59038,36.62649],[140.58925,36.62766],[140.5884,36.62839],[140.58923,36.62963],[140.59049,36.63087],[140.59283,36.63252],[140.59366,36.63339],[140.59523,36.63414],[140.59596,36.63502],[140.59666,36.63483],[140.59666,36.63536],[140.59525,36.63553],[140.59443,36.63493],[140.59327,36.6336],[140.59268,36.6336],[140.59201,36.63478],[140.59089,36.63575],[140.59012,36.63718],[140.58985,36.63717],[140.58941,36.6364],[140.58906,36.63637],[140.5886,36.63734],[140.58755,36.63719],[140.58668,36.63748],[140.58421,36.63748],[140.58264,36.63777]],[[140.574,36.61854],[140.57505,36.61813],[140.57588,36.61797],[140.57598,36.61743],[140.57537,36.61741],[140.57507,36.61704],[140.5741,36.61668],[140.574,36.61854]],[[140.57003,36.60642],[140.57053,36.60579],[140.5695,36.60518],[140.56948,36.60617],[140.57003,36.60642]],[[140.59995,36.59753],[140.59915,36.59812],[140.5994,36.59843],[140.59932,36.59907],[140.59958,36.59952],[140.60032,36.59947],[140.59996,36.59833],[140.59995,36.59753]],[[140.55686,36.57799],[140.55718,36.57799],[140.55718,36.57698],[140.5575,36.57644],[140.55817,36.57642],[140.55823,36.57569],[140.55766,36.57543],[140.55643,36.5766],[140.55684,36.57698],[140.55686,36.57799]],[[140.55629,36.57513],[140.55557,36.57491],[140.55536,36.57531],[140.55623,36.57547],[140.55629,36.57513]],[[140.58028,36.5694],[140.57985,36.56972],[140.57961,36.57027],[140.57989,36.57045],[140.58046,36.56972],[140.58028,36.5694]],[[140.57138,36.56648],[140.57151,36.56609],[140.57035,36.56555],[140.57047,36.56514],[140.56968,36.56444],[140.5675,36.56448],[140.56763,36.56604],[140.56883,36.56581],[140.57017,36.56597],[140.57138,36.56648]],[[140.57491,36.56214],[140.5757,36.56242],[140.57602,36.56224],[140.57515,36.56172],[140.57491,36.56214]],[[140.5853,36.5573],[140.5853,36.55796],[140.58602,36.55804],[140.58731,36.55796],[140.58816,36.55685],[140.58592,36.55613],[140.58516,36.55607],[140.58467,36.55698],[140.5853,36.5573]],[[140.5994,36.54719],[140.6007,36.54705],[140.60135,36.54671],[140.59977,36.54643],[140.59872,36.54608],[140.59785,36.54649],[140.59739,36.54652],[140.59709,36.54701],[140.5994,36.54719]],[[140.63621,36.60834],[140.63572,36.61032],[140.63658,36.61032],[140.63666,36.60889],[140.63696,36.60753],[140.63616,36.60759],[140.63621,36.60834]],[[140.63238,36.61004],[140.63195,36.61036],[140.63198,36.61117],[140.6336,36.61106],[140.63238,36.61004]]]},"properties":{"hoanrinKind":"保安林"}},
{"type":"Feature","geometry":{"type":"Polygon","coordinates":[[[140.46256,36.63581],[140.46399,36.63684],[140.46436,36.63752],[140.46422,36.63778],[140.46305,36.63841],[140.46169,36.6387],[140.46105,36.63794],[140.46009,36.63762],[140.45998,36.63693],[140.46039,36.63671],[140.46161,36.63648],[140.46218,36.63623],[140.46196,36.63572],[140.46098,36.6359],[140.46019,36.63573],[140.45959,36.6352],[140.45957,36.63459],[140.46106,36.63451],[140.46083,36.63407],[140.46013,36.63407],[140.45841,36.63348],[140.45801,36.6331],[140.45747,36.63219],[140.45788,36.63148],[140.45797,36.6309],[140.45746,36.63014],[140.45796,36.62818],[140.45895,36.62694],[140.45979,36.62678],[140.46107,36.62675],[140.46106,36.62723],[140.46166,36.62723],[140.46172,36.62674],[140.46328,36.6267],[140.46379,36.62592],[140.46216,36.62516],[140.46248,36.62419],[140.46424,36.62364],[140.4648,36.62324],[140.46548,36.62159],[140.4659,36.62102],[140.4663,36.61989],[140.46632,36.61859],[140.46658,36.61781],[140.46603,36.61659],[140.46612,36.61563],[140.46593,36.61438],[140.46618,36.61241],[140.46682,36.61155],[140.46762,36.61014],[140.46817,36.60862],[140.46789,36.60786],[140.46907,36.60711],[140.47027,36.60595],[140.47055,36.60527],[140.47018,36.60374],[140.47034,36.60323],[140.47018,36.60127],[140.46936,36.60022],[140.46966,36.59981],[140.47099,36.59876],[140.47155,36.59863],[140.47194,36.59765],[140.47254,36.5972],[140.47285,36.59642],[140.47369,36.5977],[140.47372,36.5987],[140.47479,36.59853],[140.47506,36.59785],[140.47575,36.59729],[140.4762,36.59738],[140.4766,36.59852],[140.47598,36.59878],[140.47624,36.59929],[140.47673,36.59969],[140.47738,36.5986],[140.47798,36.59961],[140.4787,36.59932],[140.47915,36.6],[140.48012,36.60067],[140.48095,36.60063],[140.48185,36.60232],[140.48124,36.60196],[140.48061,36.60241],[140.47959,36.60219],[140.47866,36.60158],[140.47756,36.60143],[140.47711,36.6017],[140.47689,36.60236],[140.47642,36.603],[140.47619,36.60383],[140.4766,36.60416],[140.47699,36.60554],[140.47746,36.60575],[140.47966,36.60642],[140.47969,36.60684],[140.47887,36.60752],[140.47706,36.60742],[140.47588,36.60696],[140.47521,36.60739],[140.47565,36.60835],[140.47511,36.60907],[140.47498,36.60977],[140.47571,36.61005],[140.47539,36.61116],[140.47591,36.61186],[140.47457,36.61174],[140.47348,36.61118],[140.4724,36.6108],[140.47167,36.61078],[140.47089,36.61099],[140.47002,36.61021],[140.46975,36.6104],[140.4709,36.61127],[140.47164,36.61138],[140.47225,36.61108],[140.47273,36.61116],[140.47276,36.61165],[140.47314,36.61236],[140.47321,36.61352],[140.47401,36.61199],[140.47528,36.61241],[140.47631,36.6125],[140.47627,36.61289],[140.47526,36.61292],[140.47574,36.61389],[140.4752,36.61458],[140.4748,36.61553],[140.47494,36.61645],[140.47539,36.61761],[140.4755,36.61837],[140.47466,36.61827],[140.47407,36.61852],[140.47305,36.6184],[140.47276,36.61903],[140.472,36.61935],[140.47288,36.61959],[140.47288,36.62006],[140.47249,36.62047],[140.47302,36.6211],[140.4731,36.62173],[140.4734,36.62206],[140.47314,36.62272],[140.47265,36.6227],[140.47174,36.62333],[140.47147,36.62369],[140.47154,36.62469],[140.47085,36.62483],[140.4701,36.62463],[140.46988,36.62585],[140.46935,36.62631],[140.46934,36.62495],[140.46876,36.62484],[140.46874,36.62408],[140.46754,36.62423],[140.46787,36.62526],[140.46884,36.62554],[140.46913,36.62695],[140.46942,36.62755],[140.46943,36.62848],[140.46876,36.62848],[140.46874,36.62964],[140.46838,36.63033],[140.46927,36.631],[140.46961,36.63155],[140.46953,36.6321],[140.469,36.63226],[140.46904,36.63292],[140.46818,36.63369],[140.46768,36.63393],[140.4677,36.63451],[140.46714,36.63499],[140.46768,36.63525],[140.46835,36.63408],[140.47016,36.63269],[140.47075,36.63342],[140.47092,36.63419],[140.47073,36.63469],[140.46984,36.63465],[140.46957,36.63521],[140.4686,36.6359],[140.46812,36.63584],[140.46733,36.63646],[140.46633,36.63649],[140.466,36.6356],[140.46526,36.63581],[140.4649,36.63633],[140.46447,36.6364],[140.46324,36.6358],[140.46304,36.63527],[140.46252,36.63524],[140.46256,36.63581]],[[140.46849,36.63304],[140.46889,36.63262],[140.46841,36.63228],[140.46807,36.63264],[140.46849,36.63304]],[[140.45979,36.63081],[140.45938,36.63035],[140.4594,36.62956],[140.4586,36.62951],[140.45857,36.63054],[140.45929,36.63118],[140.45979,36.63081]],[[140.46192,36.62997],[140.46157,36.63052],[140.4622,36.63055],[140.46238,36.63017],[140.46192,36.62997]],[[140.46544,36.62843],[140.46597,36.62856],[140.46627,36.62784],[140.46579,36.62783],[140.46544,36.62843]],[[140.47224,36.6183],[140.47258,36.61806],[140.47131,36.61697],[140.47087,36.61643],[140.46945,36.61639],[140.46997,36.61677],[140.47073,36.61672],[140.47136,36.61759],[140.47224,36.6183]],[[140.46984,36.60836],[140.47055,36.60822],[140.47198,36.60698],[140.47317,36.60625],[140.47283,36.60591],[140.47204,36.60632],[140.4713,36.60698],[140.47056,36.60791],[140.46977,36.60782],[140.46984,36.60836]],[[140.47229,36.60386],[140.47214,36.60429],[140.47294,36.60457],[140.47383,36.60427],[140.47419,36.60344],[140.4749,36.6027],[140.47519,36.60214],[140.47554,36.60073],[140.47465,36.60069],[140.47436,36.60028],[140.47329,36.60072],[140.47358,36.60119],[140.47405,36.60139],[140.47441,36.60252],[140.47392,36.60316],[140.47352,36.60333],[140.47307,36.60393],[140.47229,36.60386]]]},"properties":{"hoanrinKind":"保安林"}},
{"type":"Feature","geometry":{"type":"Polygon","coordinates":[[[140.61469,36.64342],[140.61451,36.64406],[140.61361,36.64417],[140.61293,36.64302],[140.61111,36.64163],[140.60943,36.64101],[140.60735,36.64109],[140.60716,36.64055],[140.60713,36.63954],[140.60733,36.63888],[140.6074,36.63779],[140.60834,36.63741],[140.60857,36.63651],[140.61014,36.63654],[140.61194,36.63676],[140.61288,36.63728],[140.61541,36.63708],[140.61662,36.63626],[140.61739,36.63475],[140.61819,36.63432],[140.61884,36.63336],[140.61931,36.63209],[140.61927,36.63153],[140.61961,36.63089],[140.62025,36.6302],[140.62077,36.62907],[140.62076,36.62855],[140.62107,36.62666],[140.62225,36.62699],[140.6233,36.62763],[140.62398,36.62904],[140.62383,36.6293],[140.6229,36.6295],[140.62262,36.63108],[140.6224,36.63173],[140.62197,36.63207],[140.62088,36.63238],[140.62086,36.63298],[140.62136,36.63346],[140.62194,36.63369],[140.62275,36.63523],[140.62348,36.6356],[140.62515,36.63491],[140.62729,36.63471],[140.62785,36.63487],[140.62931,36.63486],[140.63006,36.63443],[140.63006,36.63421],[140.62812,36.63302],[140.62837,36.63274],[140.62952,36.63227],[140.62926,36.63183],[140.62865,36.63194],[140.62786,36.6317],[140.62742,36.63095],[140.62664,36.63038],[140.62656,36.62993],[140.62558,36.62891],[140.62655,36.62864],[140.62808,36.62697],[140.62856,36.6266],[140.62994,36.62586],[140.63,36.62503],[140.63114,36.62379],[140.63178,36.62348],[140.63249,36.62215],[140.63263,36.62153],[140.63321,36.62108],[140.63465,36.62045],[140.63469,36.62211],[140.63496,36.62289],[140.63604,36.62423],[140.63608,36.62506],[140.63517,36.62566],[140.63491,36.62621],[140.63493,36.62742],[140.63606,36.62694],[140.63732,36.62683],[140.63785,36.62716],[140.63842,36.62701],[140.63954,36.62642],[140.64106,36.62634],[140.64199,36.6262],[140.6429,36.62582],[140.64459,36.62636],[140.64534,36.62636],[140.64597,36.62662],[140.64643,36.62646],[140.64725,36.62873],[140.648,36.62956],[140.64936,36.62949],[140.64976,36.62984],[140.64944,36.63038],[140.6489,36.63034],[140.6489,36.63151],[140.64948,36.63181],[140.64954,36.6322],[140.65041,36.63315],[140.6505,36.63365],[140.65026,36.63486],[140.65087,36.63621],[140.65138,36.63673],[140.65173,36.63794],[140.65162,36.63865],[140.65078,36.63852],[140.64913,36.63874],[140.64809,36.63865],[140.64647,36.63867],[140.64498,36.63837],[140.64344,36.63748],[140.64212,36.63753],[140.64123,36.63696],[140.63978,36.63711],[140.63896,36.63744],[140.63766,36.63735],[140.63634,36.63662],[140.63558,36.63575],[140.635,36.63543],[140.63257,36.63521],[140.63186,36.63471],[140.63082,36.63491],[140.63026,36.63541],[140.6298,36.63809],[140.62978,36.63926],[140.62989,36.6408],[140.6308,36.64197],[140.63011,36.64295],[140.62884,36.6435],[140.62765,36.64356],[140.62733,36.6427],[140.62672,36.64213],[140.62527,36.64146],[140.62512,36.64058],[140.62479,36.64053],[140.62332,36.64106],[140.62209,36.64078],[140.62151,36.64121],[140.62044,36.64177],[140.61957,36.64248],[140.61847,36.64246],[140.61789,36.64336],[140.61726,36.6432],[140.61664,36.64261],[140.61615,36.64243],[140.61563,36.64333],[140.61469,36.64342]]]},"properties":{"hoanrinKind":"保安林"}},
{"type":"Feature","geometry":{"type":"Polygon","coordinates":[[[140.50122,36.65932],[140.50025,36.65973],[140.49979,36.65841],[140.49929,36.65805],[140.49981,36.65729],[140.50041,36.65611],[140.50047,36.65547],[140.50145,36.65432],[140.50212,36.65489],[140.50203,36.65612],[140.50178,36.65704],[140.50138,36.65764],[140.50235,36.65759],[140.50322,36.65703],[140.50376,36.65713],[140.50428,36.65829],[140.50283,36.65809],[140.50343,36.65859],[140.50264,36.659],[140.50251,36.65929],[140.50122,36.65932]]]},"properties":{"hoanrinKind":"保安林"}},
{"type":"Feature","geometry":{"type":"Polygon","coordinates":[[[140.61637,36.66035],[140.61656,36.66114],[140.61593,36.66178],[140.61404,36.66128],[140.61376,36.66052],[140.61217,36.65816],[140.61177,36.65784],[140.61121,36.65706],[140.61112,36.65607],[140.61154,36.65575],[140.61121,36.65508],[140.61117,36.65203],[140.61041,36.65172],[140.61054,36.65049],[140.61137,36.65055],[140.6117,36.65122],[140.61261,36.65211],[140.6134,36.65261],[140.61405,36.65418],[140.61544,36.65411],[140.61701,36.65387],[140.61825,36.65427],[140.61875,36.654],[140.6189,36.65355],[140.6197,36.65358],[140.62084,36.65451],[140.62136,36.65466],[140.62199,36.65521],[140.62128,36.65599],[140.62096,36.65609],[140.61893,36.65596],[140.61876,36.65636],[140.6192,36.65781],[140.61945,36.65822],[140.61907,36.65861],[140.61772,36.65948],[140.61734,36.65993],[140.61669,36.66002],[140.61646,36.65974],[140.61566,36.65746],[140.61586,36.65529],[140.61539,36.65488],[140.6146,36.6551],[140.61417,36.656],[140.61442,36.65737],[140.61505,36.65737],[140.61494,36.65912],[140.61549,36.65938],[140.61571,36.66027],[140.61637,36.66035]],[[140.6177,36.65544],[140.6168,36.65569],[140.61667,36.65656],[140.61727,36.65735],[140.61795,36.65764],[140.61856,36.65757],[140.61838,36.6571],[140.61831,36.65584],[140.6177,36.65544]]]},"properties":{"hoanrinKind":"保安林"}},
{"type":"Feature","geometry":{"type":"Polygon","coordinates":[[[140.31102,36.66197],[140.31038,36.66246],[140.30937,36.66227],[140.30779,36.66183],[140.305,36.66172],[140.3044,36.6614],[140.30269,36.66152],[140.30274,36.66113],[140.30242,36.66061],[140.30175,36.66061],[140.30163,36.6613],[140.30073,36.66113],[140.30034,36.66083],[140.29935,36.66108],[140.29625,36.66115],[140.29568,36.66103],[140.29449,36.66019],[140.29421,36.6588],[140.29436,36.65689],[140.29436,36.65572],[140.29389,36.65533],[140.2932,36.65505],[140.29297,36.65443],[140.29327,36.65429],[140.29491,36.65409],[140.29523,36.65419],[140.29533,36.65493],[140.29617,36.65481],[140.29714,36.65431],[140.29796,36.65373],[140.29702,36.65052],[140.29677,36.64928],[140.29751,36.64819],[140.29768,36.64759],[140.29982,36.64774],[140.30046,36.64772],[140.30103,36.64806],[140.30168,36.65215],[140.30217,36.65287],[140.30297,36.65317],[140.3046,36.65329],[140.30547,36.65267],[140.30624,36.65178],[140.30661,36.65104],[140.30663,36.65025],[140.30744,36.65001],[140.30708,36.6491],[140.30759,36.64834],[140.30879,36.64759],[140.30838,36.64855],[140.30827,36.64935],[140.30894,36.64915],[140.30936,36.64979],[140.31039,36.65],[140.31167,36.64902],[140.31056,36.64889],[140.30983,36.64833],[140.31027,36.64771],[140.31001,36.6473],[140.31036,36.64698],[140.31055,36.64592],[140.31159,36.64742],[140.31265,36.64854],[140.31161,36.64973],[140.31153,36.65009],[140.31326,36.65067],[140.3128,36.65147],[140.31414,36.65173],[140.31444,36.65238],[140.31506,36.65227],[140.31487,36.6539],[140.3158,36.6538],[140.31793,36.65379],[140.31819,36.65331],[140.32014,36.65362],[140.31993,36.65471],[140.32072,36.65558],[140.32081,36.65618],[140.32009,36.6569],[140.31993,36.65749],[140.31903,36.65763],[140.3185,36.65797],[140.31743,36.65907],[140.31672,36.65891],[140.31664,36.65848],[140.31524,36.65826],[140.31486,36.6581],[140.3127,36.65783],[140.31227,36.65761],[140.31141,36.65763],[140.31046,36.65692],[140.30956,36.65674],[140.30885,36.65725],[140.30882,36.65777],[140.30831,36.65813],[140.3075,36.65899],[140.30756,36.6592],[140.30856,36.65958],[140.30938,36.65955],[140.31095,36.65916],[140.31246,36.66033],[140.31246,36.66081],[140.31102,36.66197]],[[140.29967,36.65751],[140.2993,36.65753],[140.29791,36.6589],[140.29865,36.65895],[140.29947,36.65798],[140.30101,36.65788],[140.30125,36.65808],[140.3012,36.65877],[140.30254,36.65818],[140.30401,36.65771],[140.30525,36.65782],[140.30609,36.65667],[140.30618,36.656],[140.30525,36.65567],[140.30411,36.65548],[140.30305,36.6558],[140.30458,36.65639],[140.30532,36.65696],[140.305,36.65716],[140.30267,36.65726],[140.30138,36.65746],[140.29967,36.65751]],[[140.29806,36.65726],[140.29793,36.65694],[140.29597,36.65681],[140.29528,36.65686],[140.29528,36.65721],[140.2962,36.65743],[140.29704,36.65726],[140.29806,36.65726]]]},"properties":{"hoanrinKind":"保安林"}},
{"type":"Feature","geometry":{"type":"Polygon","coordinates":[[[140.61071,36.65691],[140.61086,36.65762],[140.61142,36.65786],[140.61192,36.65834],[140.6126,36.65948],[140.61245,36.66002],[140.61188,36.66006],[140.61086,36.66077],[140.61077,36.65994],[140.61023,36.65935],[140.61009,36.65848],[140.60961,36.65777],[140.60885,36.65737],[140.6082,36.65649],[140.60744,36.65604],[140.60691,36.65609],[140.60626,36.65534],[140.6066,36.6551],[140.60776,36.65506],[140.60823,36.65525],[140.60907,36.6551],[140.60969,36.65569],[140.61059,36.65579],[140.61066,36.6564],[140.60959,36.65649],[140.60959,36.65676],[140.61071,36.65691]]]},"properties":{"hoanrinKind":"保安林"}},
{"type":"Feature","geometry":{"type":"Polygon","coordinates":[[[140.6048,36.66273],[140.60393,36.66317],[140.60365,36.66247],[140.6038,36.66201],[140.60346,36.66124],[140.60282,36.66124],[140.60187,36.66044],[140.60082,36.65854],[140.60027,36.65768],[140.59954,36.65785],[140.59902,36.6584],[140.59861,36.65854],[140.59765,36.65697],[140.59759,36.65624],[140.59734,36.65575],[140.59974,36.65483],[140.60038,36.65428],[140.60047,36.65312],[140.60003,36.65],[140.60067,36.64815],[140.60109,36.64803],[140.60171,36.64956],[140.6015,36.65095],[140.60223,36.65165],[140.60266,36.65186],[140.60523,36.65187],[140.60584,36.65232],[140.6058,36.65337],[140.60517,36.65439],[140.60387,36.65675],[140.60397,36.65739],[140.60478,36.65739],[140.60643,36.65706],[140.6054,36.65798],[140.60382,36.65811],[140.60299,36.65895],[140.60223,36.65808],[140.60189,36.6588],[140.60272,36.66004],[140.60318,36.66014],[140.6034,36.66081],[140.6043,36.66194],[140.60426,36.66253],[140.6048,36.66273]]]},"properties":{"hoanrinKind":"保安林"}},
{"type":"Feature","geometry":{"type":"Polygon","coordinates":[[[140.36112,36.66745],[140.3598,36.66737],[140.35955,36.66616],[140.35831,36.66522],[140.3582,36.6646],[140.3565,36.66317],[140.35608,36.66248],[140.35495,36.66158],[140.35499,36.66072],[140.35481,36.66034],[140.35382,36.65901],[140.35259,36.65791],[140.3532,36.6577],[140.35417,36.65786],[140.35543,36.65824],[140.35668,36.65878],[140.35641,36.65791],[140.35598,36.65743],[140.35462,36.65677],[140.35373,36.6565],[140.35138,36.65609],[140.34981,36.65619],[140.34809,36.65579],[140.34784,36.65551],[140.34936,36.65513],[140.34981,36.65513],[140.35067,36.65546],[140.3504,36.65423],[140.35053,36.65317],[140.35011,36.65272],[140.34944,36.65246],[140.34804,36.6528],[140.34742,36.65218],[140.34762,36.65183],[140.34852,36.65211],[140.34862,36.65149],[140.3491,36.65121],[140.34983,36.65131],[140.35049,36.65189],[140.35193,36.65213],[140.3522,36.65151],[140.34922,36.65072],[140.34992,36.65026],[140.35164,36.65053],[140.35281,36.65115],[140.35358,36.65107],[140.35429,36.65034],[140.35419,36.64957],[140.35436,36.64787],[140.35514,36.64695],[140.35531,36.64583],[140.3557,36.6457],[140.3571,36.64566],[140.35731,36.64515],[140.35799,36.64467],[140.35789,36.64318],[140.35807,36.64224],[140.35842,36.64189],[140.35864,36.64114],[140.35923,36.64083],[140.36015,36.64074],[140.36048,36.64052],[140.36184,36.6408],[140.36347,36.64125],[140.3634,36.64163],[140.36266,36.64197],[140.36246,36.6429],[140.36219,36.64315],[140.36038,36.6438],[140.36078,36.64418],[140.36159,36.64391],[140.36302,36.64301],[140.36345,36.64298],[140.36468,36.64425],[140.36467,36.64475],[140.36433,36.64504],[140.36181,36.64569],[140.36209,36.64604],[140.36402,36.64554],[140.36444,36.64564],[140.36453,36.64717],[140.36559,36.64745],[140.36634,36.64734],[140.36695,36.64803],[140.36803,36.64846],[140.36806,36.64746],[140.36883,36.64724],[140.36909,36.64793],[140.3699,36.64783],[140.37031,36.64861],[140.37114,36.64922],[140.37152,36.64974],[140.3734,36.64914],[140.37399,36.64913],[140.3753,36.64946],[140.3762,36.64889],[140.37666,36.64883],[140.37644,36.64991],[140.37671,36.64992],[140.37693,36.64886],[140.37809,36.64915],[140.37849,36.64901],[140.37895,36.64828],[140.37962,36.64792],[140.3799,36.64725],[140.38053,36.64724],[140.38062,36.64816],[140.38087,36.64869],[140.38227,36.64882],[140.38295,36.64811],[140.3832,36.6483],[140.3828,36.64883],[140.38311,36.64908],[140.38368,36.64824],[140.38402,36.64802],[140.38459,36.6484],[140.38521,36.64841],[140.38558,36.64746],[140.38594,36.64773],[140.38578,36.64835],[140.3859,36.64885],[140.38547,36.64917],[140.38534,36.65006],[140.3844,36.65037],[140.38382,36.65074],[140.38401,36.65107],[140.3855,36.65168],[140.38583,36.65242],[140.38525,36.65258],[140.38487,36.65306],[140.38363,36.65271],[140.38201,36.65199],[140.38093,36.65126],[140.38095,36.65187],[140.382,36.65226],[140.38255,36.65262],[140.38282,36.65311],[140.38331,36.65313],[140.38332,36.65389],[140.38431,36.6547],[140.38423,36.65506],[140.38335,36.65542],[140.38199,36.65538],[140.38148,36.65516],[140.38117,36.65601],[140.38013,36.65573],[140.38012,36.65491],[140.37972,36.6545],[140.38012,36.65377],[140.38008,36.65302],[140.37961,36.65297],[140.37906,36.65356],[140.37886,36.65241],[140.37786,36.65214],[140.37668,36.65303],[140.37601,36.65309],[140.37513,36.65229],[140.37435,36.65223],[140.37401,36.65112],[140.37362,36.6508],[140.373,36.65131],[140.37312,36.65197],[140.37265,36.65295],[140.37267,36.65369],[140.37203,36.6536],[140.37174,36.65329],[140.3711,36.65334],[140.37063,36.65279],[140.37012,36.65268],[140.37023,36.65177],[140.36966,36.65164],[140.36934,36.65248],[140.36703,36.65234],[140.36626,36.6524],[140.36489,36.65297],[140.36429,36.65353],[140.36396,36.65477],[140.36449,36.65656],[140.36407,36.65725],[140.36354,36.65773],[140.36354,36.65819],[140.36286,36.65877],[140.36285,36.65945],[140.36261,36.65974],[140.36244,36.66057],[140.36263,36.66107],[140.36344,36.66004],[140.36365,36.65933],[140.36492,36.65709],[140.36522,36.65637],[140.36572,36.65565],[140.36608,36.65483],[140.36629,36.65339],[140.36716,36.65344],[140.36732,36.65455],[140.36809,36.65462],[140.36848,36.65555],[140.36844,36.65591],[140.36913,36.65593],[140.36934,36.65653],[140.36908,36.65713],[140.36941,36.65738],[140.37058,36.65753],[140.37117,36.65811],[140.37108,36.65845],[140.36951,36.65897],[140.36887,36.659],[140.3681,36.65876],[140.36735,36.65876],[140.36594,36.65896],[140.36519,36.6593],[140.36484,36.66008],[140.36448,36.66039],[140.36376,36.66053],[140.36318,36.66088],[140.36286,36.66164],[140.36486,36.66152],[140.36629,36.66084],[140.3673,36.66092],[140.36839,36.66077],[140.36917,36.66043],[140.37096,36.66026],[140.37338,36.65975],[140.37428,36.65933],[140.37599,36.65897],[140.37658,36.65848],[140.37716,36.65885],[140.37794,36.65878],[140.37823,36.65848],[140.37905,36.65848],[140.3799,36.65809],[140.38108,36.65773],[140.3814,36.65789],[140.38136,36.65889],[140.38087,36.65898],[140.3805,36.65956],[140.37922,36.65958],[140.37859,36.65973],[140.37786,36.66073],[140.3773,36.66083],[140.37678,36.66168],[140.3755,36.66232],[140.37396,36.66378],[140.37324,36.66396],[140.37298,36.66479],[140.37232,36.66521],[140.37213,36.6656],[140.37118,36.66569],[140.37098,36.66594],[140.36943,36.66626],[140.36873,36.66587],[140.3681,36.66599],[140.36746,36.66585],[140.36703,36.66543],[140.36477,36.6668],[140.36304,36.66693],[140.36288,36.6674],[140.36112,36.66745]],[[140.35869,36.66359],[140.3585,36.66379],[140.35859,36.6647],[140.35927,36.66515],[140.35936,36.66455],[140.35908,36.66386],[140.35869,36.66359]],[[140.3692,36.66167],[140.36862,36.66288],[140.36953,36.66299],[140.37019,36.66328],[140.37143,36.6627],[140.37154,36.66194],[140.37069,36.66145],[140.3692,36.66167]],[[140.35596,36.65642],[140.3573,36.65687],[140.35737,36.65617],[140.35779,36.65547],[140.35752,36.6537],[140.35698,36.65327],[140.35607,36.65292],[140.35565,36.65297],[140.3538,36.65439],[140.3528,36.655],[140.35487,36.65574],[140.35596,36.65642]],[[140.36155,36.65387],[140.36213,36.65382],[140.36323,36.65332],[140.36266,36.6528],[140.36301,36.65212],[140.36228,36.65207],[140.36152,36.65149],[140.36091,36.65212],[140.36031,36.65149],[140.3594,36.65144],[140.35919,36.65182],[140.35927,36.6527],[140.36031,36.65298],[140.36106,36.65369],[140.36155,36.65387]],[[140.3644,36.6527],[140.36458,36.65227],[140.36423,36.65149],[140.36354,36.65114],[140.36311,36.65154],[140.3644,36.6527]],[[140.36871,36.65121],[140.36842,36.6518],[140.36878,36.65192],[140.36959,36.65045],[140.36926,36.65017],[140.36871,36.65121]],[[140.36568,36.64944],[140.36632,36.64998],[140.36669,36.64971],[140.36608,36.64934],[140.36568,36.64944]]]},"properties":{"hoanrinKind":"保安林"}},
{"type":"Feature","geometry":{"type":"Polygon","coordinates":[[[140.50238,36.66645],[140.5021,36.66675],[140.50161,36.66625],[140.50178,36.66576],[140.50148,36.66522],[140.50154,36.66314],[140.50205,36.66387],[140.5027,36.66357],[140.50379,36.66362],[140.5038,36.66398],[140.50451,36.66398],[140.50452,36.66303],[140.504,36.66263],[140.50413,36.6623],[140.50356,36.66174],[140.5044,36.66177],[140.50509,36.66091],[140.50547,36.66122],[140.50631,36.66116],[140.50589,36.66178],[140.50507,36.66208],[140.50497,36.66267],[140.50561,36.66291],[140.50611,36.66279],[140.50633,36.66192],[140.50685,36.66188],[140.50696,36.66232],[140.50799,36.66258],[140.50723,36.66315],[140.50659,36.66307],[140.50653,36.66347],[140.50692,36.66407],[140.50651,36.66462],[140.50539,36.66488],[140.50439,36.6646],[140.50348,36.66483],[140.50405,36.66568],[140.50238,36.66645]]]},"properties":{"hoanrinKind":"保安林"}},
{"type":"Feature","geometry":{"type":"Polygon","coordinates":[[[140.4958,36.67353],[140.49511,36.67363],[140.49516,36.6731],[140.49463,36.67204],[140.49205,36.67246],[140.49143,36.67221],[140.49152,36.67183],[140.49065,36.6712],[140.49049,36.67054],[140.48933,36.67013],[140.48905,36.66969],[140.48849,36.66971],[140.48823,36.66925],[140.48754,36.66911],[140.48878,36.66837],[140.48766,36.66769],[140.48931,36.66721],[140.49058,36.66733],[140.49034,36.66639],[140.49147,36.66639],[140.49162,36.66584],[140.49126,36.66544],[140.49021,36.66539],[140.49016,36.66508],[140.49122,36.66495],[140.49179,36.66473],[140.49289,36.66394],[140.49372,36.66297],[140.49283,36.66191],[140.49274,36.66146],[140.49302,36.66097],[140.49351,36.66099],[140.49373,36.66137],[140.49452,36.66145],[140.49516,36.65963],[140.49504,36.65831],[140.49517,36.65749],[140.49609,36.6562],[140.49677,36.65741],[140.49737,36.6579],[140.49744,36.65856],[140.49877,36.66058],[140.4987,36.66096],[140.49793,36.66129],[140.49785,36.66179],[140.49732,36.66216],[140.49639,36.66222],[140.49476,36.66263],[140.49447,36.66355],[140.49406,36.66365],[140.49424,36.6649],[140.49465,36.66526],[140.49504,36.66618],[140.49634,36.6661],[140.49678,36.66557],[140.49785,36.66621],[140.4989,36.66652],[140.49902,36.66701],[140.50014,36.66755],[140.50079,36.66713],[140.50085,36.66777],[140.5,36.66784],[140.49915,36.66751],[140.49727,36.6679],[140.49586,36.66874],[140.49622,36.66923],[140.49619,36.67045],[140.49672,36.67089],[140.49717,36.67091],[140.49813,36.67173],[140.4986,36.67128],[140.49964,36.67081],[140.49961,36.67023],[140.50126,36.66982],[140.5008,36.67035],[140.5002,36.67148],[140.50036,36.67303],[140.5,36.67291],[140.49938,36.67197],[140.49824,36.67209],[140.49809,36.67188],[140.49664,36.67128],[140.4963,36.67145],[140.49596,36.67242],[140.49544,36.67274],[140.49529,36.67319],[140.4958,36.67353]],[[140.49351,36.6715],[140.49321,36.67198],[140.4941,36.67191],[140.49445,36.67167],[140.49533,36.67159],[140.49543,36.67122],[140.49351,36.6715]]]},"properties":{"hoanrinKind":"保安林"}},
{"type":"Feature","geometry":{"type":"Polygon","coordinates":[[[140.63015,36.67404],[140.62923,36.67354],[140.62776,36.67341],[140.62646,36.67285],[140.62617,36.67288],[140.62575,36.67198],[140.62492,36.67204],[140.62474,36.67139],[140.62394,36.67072],[140.62399,36.67036],[140.62516,36.67043],[140.62536,36.66971],[140.6246,36.66924],[140.62363,36.66912],[140.6238,36.66857],[140.62428,36.66817],[140.62577,36.66773],[140.62827,36.66685],[140.62915,36.66616],[140.63003,36.66611],[140.63128,36.6657],[140.63178,36.66505],[140.63182,36.66405],[140.632,36.66368],[140.63285,36.66333],[140.63298,36.66274],[140.63144,36.66243],[140.63053,36.6624],[140.6299,36.662],[140.63038,36.66149],[140.63114,36.66133],[140.63191,36.66094],[140.63318,36.66056],[140.63282,36.66014],[140.63208,36.66027],[140.63129,36.66098],[140.63024,36.66121],[140.62958,36.66158],[140.62886,36.66152],[140.62877,36.66107],[140.62956,36.66083],[140.63088,36.66009],[140.63138,36.6594],[140.63148,36.65814],[140.63245,36.65695],[140.63345,36.65636],[140.63318,36.65581],[140.63185,36.65596],[140.63077,36.65625],[140.62861,36.65728],[140.6279,36.65753],[140.62723,36.65735],[140.62739,36.65684],[140.62655,36.65665],[140.6263,36.65703],[140.62574,36.65682],[140.62567,36.65769],[140.62506,36.65765],[140.6252,36.65674],[140.62481,36.65635],[140.62574,36.65608],[140.62601,36.65569],[140.62515,36.65495],[140.62518,36.65404],[140.62611,36.65434],[140.62653,36.65473],[140.62709,36.65461],[140.62793,36.65358],[140.6279,36.65299],[140.62829,36.65262],[140.6276,36.65088],[140.62699,36.65027],[140.62685,36.64925],[140.62484,36.64863],[140.62499,36.6473],[140.62491,36.64605],[140.62473,36.64517],[140.62445,36.64464],[140.62536,36.64422],[140.62628,36.64438],[140.62806,36.64425],[140.6283,36.64401],[140.62897,36.64405],[140.63036,36.64357],[140.63238,36.64274],[140.63307,36.64231],[140.63421,36.6425],[140.63562,36.64329],[140.63618,36.64321],[140.63481,36.64199],[140.63514,36.64186],[140.63604,36.64245],[140.63639,36.64314],[140.63638,36.64401],[140.63768,36.64182],[140.63889,36.64192],[140.63971,36.64178],[140.64054,36.64214],[140.64203,36.64223],[140.64426,36.64276],[140.64567,36.64294],[140.64698,36.6436],[140.64693,36.64433],[140.64646,36.64507],[140.64663,36.6453],[140.64782,36.6452],[140.64851,36.64565],[140.64897,36.64521],[140.6486,36.64408],[140.64991,36.64319],[140.65038,36.643],[140.65217,36.64404],[140.65339,36.64427],[140.65421,36.64482],[140.65489,36.64446],[140.65564,36.64521],[140.65671,36.64512],[140.65737,36.6446],[140.65678,36.64419],[140.65689,36.64334],[140.6574,36.64255],[140.65828,36.64227],[140.65862,36.6434],[140.65964,36.64311],[140.6604,36.64216],[140.66084,36.64207],[140.66132,36.64282],[140.66218,36.64309],[140.66172,36.64376],[140.66113,36.6434],[140.66093,36.64231],[140.66058,36.64233],[140.65984,36.64331],[140.65885,36.64399],[140.65904,36.64502],[140.65944,36.64521],[140.65866,36.64585],[140.65869,36.64683],[140.65792,36.64733],[140.65905,36.64814],[140.66073,36.64782],[140.66022,36.64926],[140.65887,36.64915],[140.6579,36.64943],[140.65639,36.64962],[140.65596,36.65021],[140.65542,36.65029],[140.65458,36.64997],[140.65449,36.64971],[140.65361,36.64957],[140.65185,36.64989],[140.65254,36.65084],[140.65242,36.65167],[140.65349,36.65367],[140.65275,36.65384],[140.65225,36.65442],[140.65096,36.65485],[140.6516,36.65559],[140.65281,36.65536],[140.65324,36.65449],[140.65405,36.65504],[140.65446,36.65504],[140.65447,36.6558],[140.65381,36.65581],[140.65339,36.65525],[140.65294,36.65584],[140.65367,36.65649],[140.65543,36.65723],[140.65503,36.65748],[140.65388,36.65775],[140.65399,36.65811],[140.6553,36.65808],[140.65584,36.65822],[140.65635,36.65878],[140.65574,36.65958],[140.65696,36.65939],[140.65721,36.6591],[140.65829,36.65918],[140.65911,36.65899],[140.65916,36.6595],[140.65952,36.6599],[140.66008,36.6599],[140.66151,36.65933],[140.66317,36.65977],[140.66368,36.66019],[140.66255,36.66076],[140.661,36.6623],[140.66009,36.66279],[140.65889,36.6632],[140.65834,36.66301],[140.65809,36.66343],[140.65704,36.66396],[140.65584,36.66657],[140.65487,36.66815],[140.65432,36.6687],[140.65306,36.66951],[140.65194,36.6699],[140.64757,36.67002],[140.64589,36.67016],[140.64424,36.66998],[140.6426,36.67007],[140.6422,36.67058],[140.64217,36.67139],[140.64168,36.67167],[140.64047,36.67191],[140.63936,36.67231],[140.63849,36.67249],[140.63725,36.67248],[140.63676,36.67191],[140.63561,36.67186],[140.63505,36.672],[140.63435,36.67249],[140.63312,36.67281],[140.63159,36.67351],[140.63114,36.67339],[140.63015,36.67404]],[[140.63756,36.66216],[140.63756,36.66288],[140.63887,36.66434],[140.63987,36.66449],[140.64015,36.6648],[140.64156,36.66552],[140.64195,36.66508],[140.64133,36.66398],[140.64028,36.6636],[140.63956,36.66282],[140.63869,36.66247],[140.6383,36.66187],[140.63756,36.66216]],[[140.64375,36.66182],[140.64457,36.66277],[140.64498,36.66298],[140.64557,36.66157],[140.64495,36.661],[140.64495,36.66064],[140.64339,36.66033],[140.64213,36.65959],[140.64185,36.66082],[140.64285,36.66159],[140.64375,36.66182]],[[140.63851,36.66003],[140.63843,36.65949],[140.63876,36.65908],[140.63869,36.65856],[140.63812,36.65761],[140.63753,36.65843],[140.63699,36.65879],[140.63594,36.65882],[140.63563,36.65941],[140.63586,36.6601],[140.6364,36.65987],[140.63725,36.65985],[140.63784,36.66021],[140.63851,36.66003]],[[140.62816,36.64888],[140.62819,36.64919],[140.62926,36.65045],[140.62942,36.65088],[140.63011,36.6515],[140.63096,36.65176],[140.63178,36.6515],[140.63276,36.65068],[140.6333,36.64981],[140.63448,36.64986],[140.6354,36.64968],[140.63538,36.64929],[140.63486,36.64842],[140.63355,36.6486],[140.63137,36.64855],[140.63068,36.64873],[140.62926,36.64873],[140.62831,36.64852],[140.62816,36.64888]],[[140.64151,36.64883],[140.6421,36.64901],[140.64323,36.64881],[140.64367,36.64752],[140.6428,36.64757],[140.64244,36.64719],[140.64167,36.64714],[140.64102,36.64652],[140.63964,36.64626],[140.63833,36.64613],[140.63725,36.64624],[140.6363,36.64608],[140.63576,36.64565],[140.63499,36.64565],[140.63435,36.64601],[140.63342,36.6457],[140.63235,36.64585],[140.63129,36.6467],[140.62991,36.64716],[140.62947,36.64757],[140.62998,36.64796],[140.6317,36.6478],[140.63317,36.64775],[140.63414,36.64821],[140.63522,36.64819],[140.63658,36.64793],[140.63753,36.64827],[140.63946,36.64855],[140.64002,36.64852],[140.63936,36.64711],[140.63987,36.64698],[140.64077,36.64788],[140.64097,36.64837],[140.64151,36.64883]]]},"properties":{"hoanrinKind":"保安林"}},
{"type":"Feature","geometry":{"type":"Polygon","coordinates":[[[140.62886,36.67489],[140.62849,36.67557],[140.62799,36.67535],[140.62886,36.67489]]]},"properties":{"hoanrinKind":"保安林"}},
{"type":"Feature","geometry":{"type":"Polygon","coordinates":[[[140.49283,36.67578],[140.49225,36.67568],[140.49162,36.67583],[140.49033,36.67547],[140.48901,36.67572],[140.48816,36.67519],[140.48617,36.67452],[140.48534,36.67399],[140.48532,36.67332],[140.48629,36.67201],[140.48696,36.67261],[140.48851,36.67335],[140.48859,36.67248],[140.48836,36.67178],[140.48923,36.67211],[140.48933,36.67258],[140.48975,36.67276],[140.49053,36.67255],[140.49031,36.6734],[140.49073,36.67338],[140.49105,36.67245],[140.49152,36.67254],[140.49112,36.67366],[140.49186,36.67338],[140.49304,36.67384],[140.49259,36.67496],[140.49283,36.67578]],[[140.48709,36.67445],[140.4874,36.67469],[140.48848,36.67475],[140.48872,36.67512],[140.4903,36.67529],[140.4898,36.67475],[140.48911,36.67484],[140.48862,36.6744],[140.48742,36.6743],[140.48709,36.67445]]]},"properties":{"hoanrinKind":"保安林"}},
{"type":"Feature","geometry":{"type":"Polygon","coordinates":[[[140.23209,36.67224],[140.23204,36.67225],[140.23199,36.6722],[140.23195,36.67214],[140.23209,36.67224]]]},"properties":{"hoanrinKind":"保安林"}},
{"type":"Feature","geometry":{"type":"Polygon","coordinates":[[[140.22472,36.67352],[140.22387,36.6736],[140.22357,36.67405],[140.224,36.67425],[140.22592,36.67452],[140.22628,36.67492],[140.22619,36.67528],[140.22539,36.67574],[140.22438,36.67606],[140.22361,36.67683],[140.2223,36.67762],[140.2219,36.6777],[140.22155,36.67719],[140.2219,36.67668],[140.22217,36.67544],[140.22162,36.67479],[140.22178,36.67407],[140.22243,36.67302],[140.22264,36.67293],[140.22524,36.67264],[140.22572,36.67275],[140.22676,36.67225],[140.22853,36.67209],[140.22932,36.67211],[140.23006,36.67231],[140.23071,36.67303],[140.22926,36.67395],[140.22759,36.6747],[140.22688,36.67482],[140.2264,36.67469],[140.22596,36.67401],[140.22472,36.67352]],[[140.22733,36.67338],[140.22738,36.67392],[140.22853,36.67384],[140.22858,36.67325],[140.22759,36.67317],[140.22733,36.67338]]]},"properties":{"hoanrinKind":"保安林"}},
{"type":"Feature","geometry":{"type":"Polygon","coordinates":[[[140.25751,36.67598],[140.25724,36.67623],[140.25653,36.67595],[140.25565,36.676],[140.25461,36.67572],[140.25421,36.6759],[140.25323,36.6758],[140.25302,36.67465],[140.25317,36.67416],[140.2537,36.67345],[140.25411,36.6733],[140.25456,36.67228],[140.25524,36.67134],[140.25571,36.67183],[140.25655,36.67228],[140.25896,36.67275],[140.26011,36.67323],[140.26012,36.6745],[140.25944,36.67437],[140.25886,36.67386],[140.25866,36.67451],[140.25801,36.67465],[140.25792,36.6757],[140.25751,36.67598]]]},"properties":{"hoanrinKind":"保安林"}},
{"type":"Feature","geometry":{"type":"Polygon","coordinates":[[[140.26042,36.67682],[140.26087,36.67708],[140.26106,36.67741],[140.26042,36.67682]]]},"properties":{"hoanrinKind":"保安林"}},
{"type":"Feature","geometry":{"type":"Polygon","coordinates":[[[140.62198,36.66207],[140.62192,36.66217],[140.62169,36.66228],[140.62172,36.6622],[140.62187,36.66216],[140.62198,36.66207]]]},"properties":{"hoanrinKind":"保安林"}},
{"type":"Feature","geometry":{"type":"Polygon","coordinates":[[[140.62212,36.67491],[140.62123,36.67461],[140.62002,36.67465],[140.62,36.67412],[140.62096,36.67457],[140.62266,36.67405],[140.62212,36.67491]]]},"properties":{"hoanrinKind":"保安林"}},
{"type":"Feature","geometry":{"type":"Polygon","coordinates":[[[140.62007,36.67603],[140.62013,36.67638],[140.61892,36.67645],[140.61844,36.67598],[140.61696,36.67609],[140.6163,36.67578],[140.61488,36.67459],[140.61489,36.67318],[140.61446,36.67254],[140.61438,36.67134],[140.61346,36.66968],[140.61326,36.66767],[140.61305,36.66743],[140.61304,36.66647],[140.6124,36.66576],[140.61283,36.66501],[140.61205,36.66475],[140.61181,36.66418],[140.61226,36.66226],[140.6121,36.66185],[140.61109,36.66134],[140.61159,36.6607],[140.61278,36.66036],[140.61336,36.66081],[140.61396,36.66169],[140.61579,36.66242],[140.61651,36.662],[140.61729,36.66252],[140.61802,36.66236],[140.61837,36.66261],[140.61965,36.66268],[140.6208,36.66301],[140.62152,36.66298],[140.62177,36.66245],[140.62272,36.66355],[140.62266,36.66401],[140.62083,36.66476],[140.61984,36.66462],[140.61958,36.66438],[140.61883,36.66461],[140.61944,36.66527],[140.61939,36.66588],[140.61995,36.66613],[140.62074,36.66591],[140.62116,36.66515],[140.6217,36.6653],[140.62206,36.666],[140.62274,36.66605],[140.62316,36.66555],[140.62364,36.6657],[140.62354,36.66742],[140.62269,36.66703],[140.62145,36.66717],[140.62074,36.66753],[140.61934,36.66769],[140.61743,36.66658],[140.61669,36.66654],[140.61532,36.66422],[140.61498,36.66438],[140.6164,36.66681],[140.61719,36.66688],[140.61786,36.66715],[140.61829,36.66755],[140.61925,36.66807],[140.62056,36.66775],[140.62118,36.66773],[140.6215,36.66746],[140.62274,36.66744],[140.62305,36.6677],[140.62377,36.66771],[140.62326,36.66904],[140.62372,36.66946],[140.6246,36.6696],[140.62449,36.67002],[140.62375,36.67007],[140.62346,36.67055],[140.62283,36.67017],[140.62227,36.67026],[140.62174,36.67078],[140.6207,36.67098],[140.62003,36.67061],[140.61931,36.67081],[140.61931,36.67243],[140.61921,36.67284],[140.61851,36.67348],[140.61913,36.67359],[140.61939,36.67394],[140.61839,36.67466],[140.61912,36.6751],[140.61866,36.67532],[140.61688,36.67416],[140.61562,36.67447],[140.6158,36.67485],[140.61646,36.67498],[140.61725,36.6758],[140.61862,36.67582],[140.61925,36.67603],[140.62007,36.67603]],[[140.61616,36.6728],[140.61652,36.67317],[140.61728,36.67271],[140.61701,36.67249],[140.61616,36.6728]]]},"properties":{"hoanrinKind":"保安林"}},
{"type":"Feature","geometry":{"type":"Polygon","coordinates":[[[140.62175,36.67718],[140.62217,36.67751],[140.62172,36.67784],[140.62141,36.67734],[140.62175,36.67718]]]},"properties":{"hoanrinKind":"保安林"}},
{"type":"Feature","geometry":{"type":"Polygon","coordinates":[[[140.59831,36.66469],[140.59855,36.66509],[140.59796,36.66511],[140.59831,36.66469]]]},"properties":{"hoanrinKind":"保安林"}},
{"type":"Feature","geometry":{"type":"Polygon","coordinates":[[[140.59877,36.66366],[140.59956,36.66411],[140.59989,36.6647],[140.60071,36.66483],[140.59996,36.6653],[140.59946,36.6651],[140.59877,36.66431],[140.59763,36.6639],[140.59799,36.66355],[140.59877,36.66366]]]},"properties":{"hoanrinKind":"保安林"}},
{"type":"Feature","geometry":{"type":"Polygon","coordinates":[[[140.59716,36.66611],[140.59721,36.66604],[140.59732,36.66592],[140.59716,36.66611]]]},"properties":{"hoanrinKind":"保安林"}},
{"type":"Feature","geometry":{"type":"Polygon","coordinates":[[[140.59075,36.67429],[140.59081,36.6743],[140.59097,36.67439],[140.59071,36.67432],[140.59075,36.67429]]]},"properties":{"hoanrinKind":"保安林"}},
{"type":"Feature","geometry":{"type":"Polygon","coordinates":[[[140.56617,36.68127],[140.56584,36.68154],[140.56566,36.68262],[140.56489,36.68259],[140.56475,36.68169],[140.56423,36.681],[140.56452,36.67958],[140.56622,36.67938],[140.56686,36.67882],[140.56652,36.67778],[140.56678,36.67729],[140.56794,36.67717],[140.56866,36.67635],[140.56933,36.67619],[140.56967,36.67587],[140.57032,36.67479],[140.57037,36.67381],[140.57105,36.67371],[140.57152,36.67324],[140.57146,36.67254],[140.57085,36.67165],[140.56982,36.6715],[140.56956,36.67127],[140.56942,36.67031],[140.57053,36.66922],[140.57072,36.6685],[140.57004,36.66776],[140.57044,36.66739],[140.56979,36.66639],[140.56916,36.66604],[140.56907,36.66557],[140.56832,36.66479],[140.56784,36.66457],[140.56538,36.664],[140.5643,36.66416],[140.56375,36.66367],[140.56416,36.66321],[140.564,36.66169],[140.56426,36.66137],[140.56502,36.6614],[140.56554,36.66161],[140.56628,36.66241],[140.56701,36.6629],[140.56741,36.66292],[140.56773,36.66238],[140.56638,36.66168],[140.56618,36.66111],[140.56569,36.66099],[140.5656,36.6606],[140.56607,36.65964],[140.56646,36.65957],[140.56672,36.65879],[140.5666,36.65797],[140.56583,36.65714],[140.56615,36.65675],[140.56608,36.65613],[140.56664,36.65602],[140.56667,36.65681],[140.567,36.65702],[140.56741,36.65808],[140.56746,36.65876],[140.56717,36.65929],[140.5673,36.65992],[140.56867,36.65944],[140.56895,36.65816],[140.5703,36.65803],[140.57094,36.65874],[140.57085,36.65921],[140.56994,36.65916],[140.56995,36.66008],[140.57058,36.66026],[140.57141,36.65982],[140.57197,36.66038],[140.57272,36.66013],[140.57372,36.66045],[140.57491,36.66066],[140.57503,36.66158],[140.57555,36.66161],[140.57596,36.66106],[140.57479,36.6599],[140.57386,36.65973],[140.57349,36.65917],[140.57357,36.65812],[140.57447,36.65768],[140.57542,36.65749],[140.577,36.65819],[140.57715,36.65724],[140.5769,36.65639],[140.577,36.65588],[140.57759,36.65601],[140.5786,36.65596],[140.57942,36.65552],[140.5803,36.65548],[140.58084,36.65612],[140.58215,36.65625],[140.58177,36.65688],[140.58228,36.65748],[140.58284,36.65738],[140.58378,36.65771],[140.5832,36.65897],[140.58333,36.65979],[140.58402,36.66045],[140.58452,36.66015],[140.58448,36.65825],[140.58515,36.65811],[140.58545,36.65752],[140.58446,36.65677],[140.58357,36.65648],[140.58295,36.65584],[140.58188,36.65539],[140.58125,36.65551],[140.58102,36.65514],[140.58201,36.65444],[140.58224,36.65337],[140.58202,36.65281],[140.58139,36.65293],[140.58075,36.65272],[140.57956,36.65279],[140.5784,36.65323],[140.57786,36.6536],[140.57727,36.65368],[140.57674,36.65426],[140.57613,36.65401],[140.57582,36.65311],[140.57502,36.65399],[140.57481,36.65324],[140.57446,36.65306],[140.57368,36.65342],[140.57274,36.65284],[140.57198,36.65275],[140.57172,36.65339],[140.57108,36.65344],[140.57071,36.65287],[140.57008,36.65278],[140.56973,36.6521],[140.56853,36.65199],[140.56796,36.65167],[140.56737,36.65192],[140.56735,36.65237],[140.56691,36.65276],[140.5655,36.65263],[140.56531,36.65297],[140.5647,36.65297],[140.56447,36.65256],[140.56369,36.65249],[140.56437,36.65157],[140.56464,36.65089],[140.56575,36.65064],[140.56548,36.65029],[140.56433,36.65051],[140.56315,36.65257],[140.56264,36.6528],[140.56155,36.65224],[140.56267,36.65189],[140.56323,36.65038],[140.56353,36.6503],[140.56424,36.64962],[140.56425,36.64875],[140.5647,36.64892],[140.56547,36.64953],[140.56601,36.6496],[140.56611,36.64907],[140.56548,36.64853],[140.56507,36.64766],[140.5655,36.64743],[140.56672,36.64818],[140.56804,36.64771],[140.56867,36.647],[140.56905,36.64696],[140.57034,36.64737],[140.57019,36.64778],[140.56881,36.64916],[140.56909,36.64934],[140.5699,36.64828],[140.57087,36.64804],[140.5715,36.64868],[140.57169,36.65125],[140.57121,36.65192],[140.57143,36.65214],[140.57209,36.65183],[140.57281,36.65196],[140.57329,36.65144],[140.57322,36.65103],[140.57202,36.6498],[140.57207,36.64942],[140.57338,36.64948],[140.57335,36.64913],[140.57216,36.64924],[140.57176,36.64889],[140.57211,36.64783],[140.57331,36.6483],[140.57409,36.64844],[140.57437,36.64807],[140.57383,36.64678],[140.5741,36.64648],[140.57467,36.6467],[140.57518,36.64638],[140.57623,36.64678],[140.57664,36.64716],[140.57654,36.64779],[140.57723,36.64802],[140.57767,36.64938],[140.57821,36.64996],[140.57821,36.65036],[140.57864,36.65082],[140.57908,36.65029],[140.5799,36.65028],[140.58064,36.64957],[140.58213,36.64867],[140.58262,36.6489],[140.58236,36.65044],[140.58152,36.65048],[140.58144,36.65134],[140.58227,36.65141],[140.58245,36.65241],[140.58318,36.65267],[140.58354,36.65338],[140.58485,36.65394],[140.58628,36.65531],[140.58611,36.65589],[140.58554,36.65584],[140.58541,36.65624],[140.58621,36.65622],[140.58617,36.65681],[140.58711,36.65707],[140.58959,36.657],[140.59072,36.65748],[140.59132,36.65718],[140.59228,36.6571],[140.5931,36.65669],[140.5946,36.65656],[140.59687,36.65606],[140.59716,36.65684],[140.59765,36.6575],[140.5977,36.65829],[140.59819,36.65907],[140.5976,36.6604],[140.59692,36.66045],[140.59576,36.66102],[140.59553,36.66068],[140.59442,36.66116],[140.59366,36.66201],[140.59257,36.66098],[140.59159,36.65992],[140.59126,36.6603],[140.59205,36.66108],[140.59385,36.66249],[140.59414,36.66283],[140.59382,36.66348],[140.59277,36.66334],[140.59194,36.66307],[140.59064,36.66183],[140.59033,36.66201],[140.59139,36.66307],[140.59223,36.66346],[140.594,36.66405],[140.59487,36.66421],[140.59624,36.6647],[140.59656,36.66544],[140.59651,36.66596],[140.59603,36.66642],[140.59606,36.66717],[140.59641,36.66758],[140.59682,36.66745],[140.59746,36.66776],[140.59855,36.66748],[140.59948,36.66767],[140.60001,36.66827],[140.5997,36.66867],[140.59925,36.66825],[140.59813,36.66806],[140.59699,36.66831],[140.59543,36.66731],[140.59614,36.66614],[140.59603,36.66537],[140.59435,36.66476],[140.59332,36.66454],[140.59276,36.66482],[140.59164,36.66461],[140.59121,36.66418],[140.58996,36.6638],[140.58853,36.6632],[140.58792,36.6638],[140.5872,36.66359],[140.58682,36.66378],[140.58734,36.66535],[140.58878,36.66652],[140.58932,36.66716],[140.59002,36.66738],[140.59056,36.66793],[140.59066,36.66944],[140.59054,36.66964],[140.5895,36.66976],[140.58887,36.67093],[140.58923,36.67164],[140.5893,36.67223],[140.59033,36.67202],[140.58961,36.673],[140.58844,36.67283],[140.58853,36.67321],[140.58955,36.67331],[140.58977,36.67413],[140.58881,36.67502],[140.58745,36.67581],[140.58665,36.67585],[140.58664,36.67498],[140.58568,36.67424],[140.58618,36.67373],[140.58593,36.6731],[140.58517,36.67277],[140.58323,36.67294],[140.58212,36.67267],[140.58095,36.67277],[140.58157,36.67361],[140.58227,36.67337],[140.58312,36.67356],[140.58347,36.67312],[140.58393,36.67298],[140.58517,36.6731],[140.58539,36.6736],[140.58476,36.67385],[140.58476,36.67431],[140.58547,36.67463],[140.58595,36.67547],[140.58573,36.67609],[140.58503,36.6761],[140.58492,36.6764],[140.58594,36.67644],[140.5856,36.67718],[140.58481,36.67845],[140.58433,36.67783],[140.58364,36.67736],[140.58246,36.67618],[140.58099,36.67552],[140.58084,36.67583],[140.5821,36.6764],[140.58366,36.67774],[140.58379,36.67835],[140.58298,36.67796],[140.58171,36.67762],[140.58058,36.67748],[140.5783,36.67735],[140.57762,36.67769],[140.57528,36.67923],[140.57473,36.67941],[140.57361,36.67936],[140.57251,36.67859],[140.57132,36.67802],[140.57123,36.67829],[140.57266,36.67937],[140.57215,36.67985],[140.57166,36.67987],[140.57124,36.67956],[140.57093,36.67865],[140.56968,36.67765],[140.56962,36.67805],[140.57048,36.67858],[140.57088,36.67949],[140.57122,36.67985],[140.56874,36.68137],[140.56677,36.68118],[140.56617,36.68127]],[[140.57465,36.67605],[140.57432,36.67656],[140.57449,36.6769],[140.57545,36.67734],[140.5757,36.67712],[140.57486,36.67663],[140.57497,36.67567],[140.57422,36.67517],[140.5737,36.67534],[140.57221,36.67418],[140.5717,36.67423],[140.57364,36.67577],[140.57437,36.67567],[140.57465,36.67605]],[[140.57963,36.67234],[140.58036,36.67241],[140.58063,36.67206],[140.57962,36.67196],[140.57963,36.67234]],[[140.57962,36.67126],[140.57954,36.67066],[140.57697,36.6692],[140.577,36.66841],[140.57756,36.66793],[140.57836,36.6679],[140.57848,36.66765],[140.57738,36.66757],[140.57722,36.6669],[140.57665,36.66841],[140.57592,36.66852],[140.57365,36.66807],[140.57334,36.66763],[140.57224,36.66693],[140.57226,36.66577],[140.57196,36.66573],[140.57184,36.66698],[140.57129,36.66707],[140.57134,36.66763],[140.57189,36.6676],[140.57203,36.66849],[140.57176,36.66888],[140.57235,36.67009],[140.57221,36.67076],[140.57272,36.67076],[140.57234,36.66898],[140.57248,36.66814],[140.57292,36.66817],[140.57473,36.66868],[140.57597,36.66884],[140.57673,36.66969],[140.57962,36.67126]],[[140.58788,36.6686],[140.58847,36.66888],[140.58831,36.66758],[140.58785,36.66758],[140.58788,36.66825],[140.58681,36.66825],[140.58563,36.66765],[140.58403,36.66758],[140.58392,36.66787],[140.58482,36.66796],[140.58609,36.66828],[140.58657,36.66858],[140.58788,36.6686]],[[140.57073,36.665],[140.57037,36.66476],[140.56908,36.66465],[140.5691,36.66506],[140.57007,36.66514],[140.57073,36.665]],[[140.56893,36.66102],[140.56945,36.66121],[140.56973,36.66051],[140.56934,36.66012],[140.56862,36.66011],[140.56813,36.66072],[140.56893,36.66102]],[[140.57524,36.65811],[140.57513,36.65859],[140.57624,36.65859],[140.5761,36.65816],[140.57524,36.65811]],[[140.56613,36.65095],[140.56686,36.65156],[140.56766,36.65122],[140.56831,36.65013],[140.56754,36.65005],[140.56704,36.65043],[140.56656,36.6504],[140.56613,36.65095]]]},"properties":{"hoanrinKind":"保安林"}},
{"type":"Feature","geometry":{"type":"Polygon","coordinates":[[[140.5853,36.68452],[140.58519,36.68459],[140.58514,36.68451],[140.5853,36.68452]]]},"properties":{"hoanrinKind":"保安林"}},
{"type":"Feature","geometry":{"type":"Polygon","coordinates":[[[140.58439,36.68489],[140.58268,36.68525],[140.58221,36.68458],[140.58159,36.68438],[140.58033,36.68445],[140.57961,36.68491],[140.57928,36.68402],[140.58138,36.68373],[140.58235,36.6845],[140.58286,36.68399],[140.58337,36.6845],[140.58439,36.68489]]]},"properties":{"hoanrinKind":"保安林"}},
{"type":"Feature","geometry":{"type":"Polygon","coordinates":[[[140.32784,36.68508],[140.32687,36.68541],[140.32654,36.68514],[140.32629,36.68446],[140.32571,36.68354],[140.32573,36.68278],[140.32618,36.68122],[140.32716,36.68086],[140.32677,36.67973],[140.32612,36.67954],[140.32596,36.67918],[140.32675,36.67876],[140.3281,36.67966],[140.32896,36.67981],[140.3292,36.67943],[140.32891,36.67831],[140.32828,36.67768],[140.32779,36.67747],[140.32535,36.67754],[140.3253,36.67726],[140.32747,36.67674],[140.32804,36.67602],[140.32769,36.67589],[140.32679,36.6762],[140.32584,36.67616],[140.32584,36.67588],[140.32664,36.67578],[140.32696,36.67503],[140.32807,36.67449],[140.32726,36.67351],[140.32629,36.6735],[140.32534,36.67276],[140.3283,36.67339],[140.32931,36.67371],[140.32983,36.67324],[140.32985,36.6722],[140.33067,36.6722],[140.33119,36.67155],[140.33192,36.67139],[140.33235,36.67218],[140.33337,36.67264],[140.33338,36.67366],[140.33423,36.67494],[140.33476,36.67479],[140.33411,36.67421],[140.33408,36.67372],[140.33367,36.67254],[140.33414,36.67246],[140.3356,36.67372],[140.33619,36.67389],[140.33772,36.67232],[140.33794,36.67254],[140.33795,36.67386],[140.33771,36.67445],[140.33896,36.67436],[140.34018,36.6746],[140.34033,36.67483],[140.33968,36.67539],[140.33827,36.67514],[140.33752,36.67478],[140.3361,36.6748],[140.33463,36.67675],[140.33399,36.67696],[140.33343,36.67664],[140.33323,36.6754],[140.33284,36.67503],[140.33245,36.67517],[140.33135,36.67654],[140.33155,36.67665],[140.33258,36.67551],[140.33297,36.67542],[140.33325,36.67675],[140.33294,36.67763],[140.33351,36.67827],[140.33358,36.68023],[140.33274,36.6803],[140.33235,36.6814],[140.33283,36.68179],[140.33174,36.68234],[140.33054,36.68306],[140.32999,36.68383],[140.32891,36.6845],[140.32839,36.68502],[140.32784,36.68508]],[[140.32742,36.68486],[140.328,36.6847],[140.32776,36.68392],[140.32709,36.68361],[140.32711,36.68425],[140.32742,36.68486]],[[140.3282,36.68369],[140.32817,36.68409],[140.3286,36.68439],[140.32917,36.6836],[140.32891,36.68288],[140.32789,36.68328],[140.3282,36.68369]],[[140.33083,36.68073],[140.33082,36.68164],[140.33169,36.68162],[140.33172,36.68087],[140.33083,36.68073]],[[140.33029,36.67627],[140.33064,36.67609],[140.33022,36.67535],[140.32986,36.67557],[140.33029,36.67627]]]},"properties":{"hoanrinKind":"保安林"}},
{"type":"Feature","geometry":{"type":"Polygon","coordinates":[[[140.26143,36.68388],[140.26171,36.68362],[140.26242,36.68324],[140.26248,36.6834],[140.26143,36.68388]]]},"properties":{"hoanrinKind":"保安林"}},
{"type":"Feature","geometry":{"type":"Polygon","coordinates":[[[140.26347,36.68422],[140.26361,36.68426],[140.26367,36.68432],[140.26335,36.68428],[140.26347,36.68422]]]},"properties":{"hoanrinKind":"保安林"}},
{"type":"Feature","geometry":{"type":"Polygon","coordinates":[[[140.2618,36.68536],[140.26154,36.68536],[140.26124,36.68528],[140.26089,36.68514],[140.26102,36.68511],[140.26151,36.68534],[140.2618,36.68536]]]},"properties":{"hoanrinKind":"保安林"}},
{"type":"Feature","geometry":{"type":"Polygon","coordinates":[[[140.25896,36.68538],[140.25857,36.68543],[140.25699,36.68509],[140.2564,36.68454],[140.25515,36.68456],[140.25425,36.68432],[140.25253,36.6844],[140.25251,36.68364],[140.25401,36.68273],[140.25399,36.68225],[140.25276,36.68228],[140.25192,36.68273],[140.25138,36.68258],[140.25114,36.68162],[140.25064,36.68128],[140.25051,36.68019],[140.25093,36.67975],[140.25197,36.67948],[140.25281,36.67839],[140.25477,36.67896],[140.25577,36.67899],[140.25707,36.67974],[140.25801,36.67994],[140.25821,36.68041],[140.26015,36.67899],[140.26152,36.67881],[140.26194,36.67955],[140.26174,36.67992],[140.26119,36.68019],[140.26036,36.68011],[140.26014,36.68066],[140.25957,36.68148],[140.2595,36.68234],[140.25916,36.68254],[140.25789,36.68236],[140.25721,36.6828],[140.2573,36.68315],[140.25628,36.68425],[140.25718,36.68509],[140.25896,36.68538]]]},"properties":{"hoanrinKind":"保安林"}},
{"type":"Feature","geometry":{"type":"Polygon","coordinates":[[[140.31,36.68777],[140.30913,36.68778],[140.30868,36.68737],[140.30862,36.68666],[140.30878,36.68544],[140.30867,36.68419],[140.30882,36.68369],[140.30961,36.68248],[140.30971,36.68148],[140.31003,36.68074],[140.30956,36.68018],[140.3089,36.68013],[140.30831,36.68052],[140.30783,36.6801],[140.30687,36.6796],[140.30661,36.67921],[140.30686,36.67762],[140.30724,36.67691],[140.30808,36.67597],[140.30811,36.67499],[140.30936,36.67356],[140.30992,36.67337],[140.31071,36.6734],[140.31168,36.67281],[140.31226,36.6729],[140.31431,36.67417],[140.31638,36.67422],[140.31689,36.67439],[140.31686,36.6754],[140.31791,36.67761],[140.3189,36.6774],[140.31976,36.67789],[140.3197,36.6788],[140.32074,36.67824],[140.32111,36.67761],[140.32201,36.67712],[140.32382,36.67658],[140.32331,36.67735],[140.32208,36.67788],[140.32182,36.67813],[140.32149,36.67903],[140.32055,36.67943],[140.32,36.67993],[140.31933,36.6802],[140.31917,36.6805],[140.31893,36.6822],[140.3201,36.68249],[140.32071,36.68324],[140.3194,36.68347],[140.31819,36.6831],[140.31772,36.6834],[140.31593,36.68333],[140.31424,36.6825],[140.31348,36.6818],[140.31313,36.68195],[140.31306,36.683],[140.31241,36.68354],[140.31248,36.68454],[140.31331,36.68448],[140.31375,36.68479],[140.31535,36.68412],[140.31416,36.68566],[140.31276,36.6871],[140.312,36.68761],[140.31,36.68777]],[[140.30797,36.67864],[140.30749,36.67931],[140.30758,36.6796],[140.30845,36.67969],[140.30852,36.67854],[140.30797,36.67864]],[[140.31267,36.67887],[140.31354,36.67902],[140.31451,36.67938],[140.31612,36.67871],[140.31517,36.67712],[140.31601,36.67638],[140.31467,36.67531],[140.31419,36.67594],[140.31504,36.67655],[140.31481,36.67677],[140.31397,36.67621],[140.31236,36.67578],[140.31171,36.67632],[140.31045,36.67646],[140.30975,36.67636],[140.30853,36.67761],[140.30888,36.67834],[140.31081,36.67882],[140.3107,36.6782],[140.31151,36.67803],[140.31174,36.67772],[140.31267,36.67767],[140.3134,36.67743],[140.31406,36.67832],[140.31383,36.67862],[140.31276,36.67817],[140.31267,36.67887]],[[140.30949,36.67537],[140.30902,36.67526],[140.30836,36.67644],[140.30878,36.67663],[140.30949,36.67537]]]},"properties":{"hoanrinKind":"保安林"}},
{"type":"Feature","geometry":{"type":"Polygon","coordinates":[[[140.71383,36.67785],[140.71413,36.68026],[140.71401,36.68095],[140.71427,36.68303],[140.71457,36.68404],[140.71368,36.68439],[140.71334,36.68394],[140.71317,36.68299],[140.71258,36.68143],[140.71211,36.67919],[140.71219,36.6773],[140.71209,36.67624],[140.71225,36.67515],[140.71314,36.67477],[140.71352,36.67492],[140.71383,36.67785]]]},"properties":{"hoanrinKind":"保安林"}},
{"type":"Feature","geometry":{"type":"Polygon","coordinates":[[[140.71481,36.68554],[140.71506,36.68582],[140.71541,36.68829],[140.71567,36.6897],[140.71527,36.69156],[140.71559,36.69207],[140.7151,36.69225],[140.71469,36.69128],[140.71426,36.68933],[140.71408,36.68785],[140.71411,36.68599],[140.71391,36.68542],[140.71481,36.68554]]]},"properties":{"hoanrinKind":"保安林"}},
{"type":"Feature","geometry":{"type":"Polygon","coordinates":[[[140.71564,36.69321],[140.71544,36.69301],[140.71507,36.69298],[140.71507,36.69282],[140.71561,36.69282],[140.71564,36.69321]]]},"properties":{"hoanrinKind":"保安林"}},
{"type":"Feature","geometry":{"type":"Polygon","coordinates":[[[140.46582,36.68046],[140.46568,36.68076],[140.4655,36.68057],[140.46582,36.68046]]]},"properties":{"hoanrinKind":"保安林"}},
{"type":"Feature","geometry":{"type":"Polygon","coordinates":[[[140.46497,36.68054],[140.46497,36.68077],[140.46509,36.68078],[140.46507,36.68091],[140.46488,36.68087],[140.46486,36.6806],[140.46497,36.68054]]]},"properties":{"hoanrinKind":"保安林"}},
{"type":"Feature","geometry":{"type":"Polygon","coordinates":[[[140.46657,36.68114],[140.4663,36.68147],[140.46601,36.68118],[140.46657,36.68114]]]},"properties":{"hoanrinKind":"保安林"}},
{"type":"Feature","geometry":{"type":"Polygon","coordinates":[[[140.46421,36.68181],[140.46432,36.68209],[140.46399,36.68196],[140.46421,36.68181]]]},"properties":{"hoanrinKind":"保安林"}},
{"type":"Feature","geometry":{"type":"Polygon","coordinates":[[[140.46621,36.68242],[140.46574,36.68228],[140.46529,36.68239],[140.46532,36.68204],[140.46564,36.68221],[140.46617,36.68212],[140.46621,36.68242]]]},"properties":{"hoanrinKind":"保安林"}},
{"type":"Feature","geometry":{"type":"Polygon","coordinates":[[[140.444,36.69605],[140.44324,36.69626],[140.44218,36.69588],[140.44085,36.69581],[140.44068,36.69516],[140.44023,36.69497],[140.43931,36.69492],[140.43874,36.69459],[140.43893,36.69408],[140.43856,36.69352],[140.43862,36.69309],[140.43931,36.69277],[140.43967,36.69183],[140.44061,36.69138],[140.44126,36.69144],[140.44214,36.69116],[140.44258,36.69068],[140.44303,36.68984],[140.44459,36.68908],[140.44507,36.68918],[140.44618,36.6898],[140.44649,36.68953],[140.4462,36.68889],[140.44517,36.68793],[140.44492,36.68688],[140.44433,36.68542],[140.44369,36.68501],[140.44338,36.68449],[140.4432,36.68336],[140.44274,36.68287],[140.44213,36.68114],[140.44361,36.68176],[140.44427,36.68188],[140.44486,36.68233],[140.44538,36.68237],[140.44612,36.68287],[140.44708,36.68279],[140.44756,36.68207],[140.4483,36.68182],[140.44749,36.68145],[140.44581,36.68042],[140.44556,36.67983],[140.44587,36.67919],[140.44644,36.67861],[140.44355,36.67617],[140.44295,36.67586],[140.44291,36.6754],[140.44315,36.6738],[140.44334,36.67333],[140.44397,36.67313],[140.44448,36.67269],[140.44408,36.67209],[140.44408,36.67169],[140.44485,36.67166],[140.44446,36.67105],[140.44483,36.67045],[140.44598,36.67064],[140.44671,36.67041],[140.44757,36.6698],[140.44812,36.66962],[140.4491,36.66968],[140.44974,36.66951],[140.45051,36.66884],[140.45117,36.66879],[140.45169,36.66854],[140.45184,36.66764],[140.45273,36.66752],[140.45305,36.66696],[140.45181,36.666],[140.45238,36.66488],[140.45313,36.66457],[140.45321,36.66377],[140.45255,36.66369],[140.45265,36.66137],[140.45233,36.66059],[140.45176,36.66023],[140.45079,36.65997],[140.45047,36.65928],[140.45004,36.65945],[140.44934,36.65911],[140.44872,36.65827],[140.44856,36.6578],[140.44866,36.65722],[140.44909,36.6564],[140.44868,36.65528],[140.44802,36.65388],[140.44795,36.65271],[140.44765,36.65173],[140.44796,36.65131],[140.4484,36.6514],[140.44915,36.65206],[140.45061,36.65154],[140.45144,36.65317],[140.45101,36.65344],[140.45087,36.65453],[140.45198,36.65558],[140.4522,36.65513],[140.4514,36.65439],[140.45159,36.65359],[140.45237,36.65363],[140.45305,36.65299],[140.45338,36.6533],[140.45409,36.65447],[140.45385,36.65521],[140.45453,36.6554],[140.45488,36.65429],[140.4552,36.65379],[140.455,36.6525],[140.45621,36.65196],[140.45619,36.65136],[140.45582,36.65046],[140.45521,36.64974],[140.45637,36.64972],[140.45688,36.65019],[140.4575,36.64998],[140.45867,36.64836],[140.45833,36.64807],[140.45879,36.64742],[140.45774,36.64705],[140.45784,36.6456],[140.45765,36.64507],[140.45699,36.64406],[140.45695,36.64361],[140.4576,36.64301],[140.45825,36.64307],[140.45868,36.64284],[140.46016,36.64152],[140.46105,36.64154],[140.46132,36.64102],[140.46291,36.64212],[140.46372,36.64309],[140.46483,36.64384],[140.46648,36.6444],[140.46708,36.64547],[140.46779,36.64616],[140.4678,36.64735],[140.46873,36.64836],[140.46975,36.64901],[140.46926,36.64993],[140.46886,36.65008],[140.46812,36.64991],[140.46725,36.64831],[140.46549,36.64715],[140.46486,36.64696],[140.46391,36.64755],[140.46363,36.64831],[140.46361,36.649],[140.46433,36.64938],[140.46466,36.65003],[140.46452,36.65086],[140.46633,36.6515],[140.46713,36.65151],[140.46734,36.65228],[140.46871,36.65241],[140.4693,36.65193],[140.46939,36.65259],[140.46903,36.65349],[140.46969,36.65387],[140.46965,36.6542],[140.46861,36.65448],[140.4674,36.65443],[140.46583,36.65465],[140.46403,36.65306],[140.46258,36.65259],[140.461,36.65195],[140.45929,36.65241],[140.45819,36.65336],[140.45705,36.65378],[140.45714,36.65431],[140.45767,36.65486],[140.45735,36.65535],[140.45779,36.65572],[140.45796,36.65657],[140.46051,36.65738],[140.4604,36.65783],[140.45988,36.65815],[140.46002,36.65884],[140.4627,36.65869],[140.46364,36.65916],[140.46448,36.65925],[140.46521,36.65975],[140.4642,36.65976],[140.46344,36.65995],[140.46319,36.66027],[140.4642,36.66126],[140.46428,36.66207],[140.46614,36.66264],[140.46674,36.66273],[140.46684,36.66323],[140.466,36.66301],[140.46542,36.66397],[140.46383,36.66298],[140.46279,36.6626],[140.46186,36.66301],[140.46113,36.66301],[140.46115,36.66344],[140.46181,36.66346],[140.46288,36.66375],[140.46351,36.66372],[140.46378,36.66406],[140.46347,36.66455],[140.46379,36.66503],[140.46525,36.66558],[140.46515,36.66599],[140.46424,36.6659],[140.46343,36.66651],[140.46168,36.66607],[140.46144,36.6664],[140.46193,36.66694],[140.46158,36.66713],[140.46003,36.6668],[140.4593,36.66735],[140.45823,36.66782],[140.45684,36.66886],[140.4565,36.66959],[140.45506,36.66967],[140.45396,36.6699],[140.45345,36.67027],[140.45334,36.67082],[140.45377,36.67131],[140.45445,36.67157],[140.45445,36.67198],[140.45339,36.67218],[140.45343,36.67254],[140.45471,36.6725],[140.45518,36.67316],[140.45535,36.67372],[140.45518,36.67454],[140.45455,36.67516],[140.45436,36.6759],[140.45311,36.67651],[140.45259,36.67651],[140.45224,36.67584],[140.45087,36.67544],[140.45087,36.6759],[140.45169,36.67602],[140.45082,36.67674],[140.45126,36.67691],[140.45167,36.67654],[140.45208,36.67688],[140.45296,36.67705],[140.45331,36.67789],[140.45331,36.67834],[140.45444,36.6781],[140.45455,36.67734],[140.45529,36.67709],[140.45534,36.67659],[140.45662,36.67718],[140.45657,36.67831],[140.45779,36.67896],[140.45829,36.67897],[140.45893,36.67866],[140.45937,36.67897],[140.4598,36.67846],[140.46013,36.67901],[140.46195,36.67913],[140.4623,36.67853],[140.46302,36.67808],[140.46374,36.67715],[140.46485,36.67641],[140.46559,36.67639],[140.46686,36.67676],[140.46744,36.6773],[140.46777,36.67799],[140.46748,36.67871],[140.4678,36.67927],[140.46534,36.6788],[140.46462,36.67908],[140.46434,36.6797],[140.46382,36.68005],[140.46409,36.68053],[140.46401,36.68134],[140.4633,36.68121],[140.46277,36.68166],[140.46189,36.68193],[140.46133,36.68175],[140.46036,36.68181],[140.46031,36.68224],[140.45834,36.68229],[140.45767,36.68191],[140.4574,36.68357],[140.45713,36.68399],[140.45667,36.68408],[140.45615,36.68373],[140.4551,36.68266],[140.4548,36.68287],[140.4557,36.68359],[140.45594,36.68412],[140.45577,36.68475],[140.4552,36.68539],[140.45497,36.686],[140.45509,36.68679],[140.45406,36.68767],[140.45304,36.68891],[140.45247,36.68936],[140.45191,36.69007],[140.45181,36.69122],[140.45195,36.69255],[140.45153,36.69348],[140.45085,36.6936],[140.44999,36.69296],[140.44963,36.69299],[140.44862,36.69376],[140.44788,36.69383],[140.44701,36.69331],[140.44627,36.6931],[140.44515,36.69364],[140.44427,36.69457],[140.44394,36.69512],[140.444,36.69605]],[[140.45276,36.67351],[140.45274,36.67423],[140.45352,36.67454],[140.45383,36.67495],[140.45447,36.67477],[140.45484,36.67407],[140.45463,36.67324],[140.45349,36.67352],[140.45276,36.67351]],[[140.44904,36.67077],[140.44927,36.67109],[140.44995,36.6707],[140.45189,36.67066],[140.45193,36.67032],[140.44994,36.67036],[140.44904,36.67077]]]},"properties":{"hoanrinKind":"保安林"}},
{"type":"Feature","geometry":{"type":"Polygon","coordinates":[[[140.29465,36.69638],[140.29464,36.69637],[140.29475,36.69631],[140.29465,36.69638]]]},"properties":{"hoanrinKind":"保安林"}},
{"type":"Feature","geometry":{"type":"Polygon","coordinates":[[[140.29597,36.6965],[140.29574,36.69644],[140.2957,36.69606],[140.29607,36.69621],[140.29597,36.6965]]]},"properties":{"hoanrinKind":"保安林"}},
{"type":"Feature","geometry":{"type":"Polygon","coordinates":[[[140.29851,36.69608],[140.2986,36.69658],[140.29821,36.69639],[140.29851,36.69608]]]},"properties":{"hoanrinKind":"保安林"}},
{"type":"Feature","geometry":{"type":"Polygon","coordinates":[[[140.29659,36.69745],[140.29639,36.69711],[140.29696,36.69588],[140.29628,36.69484],[140.29623,36.69386],[140.29704,36.69395],[140.29671,36.69333],[140.29569,36.69332],[140.29479,36.69206],[140.29509,36.69174],[140.29569,36.69236],[140.29638,36.69234],[140.29649,36.6919],[140.29616,36.69044],[140.29577,36.69042],[140.29429,36.6899],[140.2939,36.69022],[140.29432,36.69107],[140.29393,36.69122],[140.29331,36.69036],[140.29323,36.68823],[140.2931,36.68768],[140.29348,36.68697],[140.29387,36.68695],[140.2941,36.6862],[140.29468,36.68585],[140.29401,36.68542],[140.29359,36.68495],[140.29286,36.6851],[140.29175,36.68472],[140.29136,36.68298],[140.29237,36.68185],[140.29248,36.68138],[140.29303,36.68065],[140.29297,36.68028],[140.29409,36.68034],[140.29407,36.68069],[140.29331,36.68075],[140.29321,36.68127],[140.29372,36.68155],[140.29408,36.68215],[140.29499,36.68241],[140.29573,36.68239],[140.29599,36.6826],[140.29571,36.68353],[140.29727,36.68441],[140.29752,36.68493],[140.29844,36.68507],[140.2991,36.68419],[140.29955,36.68486],[140.29946,36.68545],[140.29852,36.68659],[140.29853,36.68717],[140.2975,36.68718],[140.29736,36.68749],[140.29741,36.68854],[140.29695,36.68884],[140.29648,36.68871],[140.29649,36.68808],[140.29563,36.68801],[140.29544,36.68883],[140.2967,36.68907],[140.29866,36.68961],[140.3025,36.69119],[140.3026,36.69176],[140.30177,36.69229],[140.30118,36.69312],[140.29927,36.69495],[140.29866,36.69597],[140.29817,36.69588],[140.29819,36.69637],[140.29721,36.69661],[140.29659,36.69745]]]},"properties":{"hoanrinKind":"保安林"}},
{"type":"Feature","geometry":{"type":"Polygon","coordinates":[[[140.29843,36.6974],[140.29815,36.69758],[140.29819,36.69751],[140.29832,36.69743],[140.29843,36.6974]]]},"properties":{"hoanrinKind":"保安林"}},
{"type":"Feature","geometry":{"type":"Polygon","coordinates":[[[140.29725,36.6976],[140.29799,36.69778],[140.29815,36.69826],[140.29858,36.69863],[140.29828,36.69898],[140.29705,36.69936],[140.29683,36.69891],[140.29731,36.6982],[140.29725,36.6976]]]},"properties":{"hoanrinKind":"保安林"}},
{"type":"Feature","geometry":{"type":"Polygon","coordinates":[[[140.29622,36.69984],[140.29556,36.69984],[140.29496,36.6989],[140.29496,36.69754],[140.29482,36.69732],[140.29381,36.6969],[140.29436,36.69664],[140.29467,36.69699],[140.29528,36.69709],[140.29559,36.69804],[140.29564,36.69871],[140.29622,36.69984]]]},"properties":{"hoanrinKind":"保安林"}},
{"type":"Feature","geometry":{"type":"Polygon","coordinates":[[[140.23384,36.69755],[140.23321,36.69787],[140.23311,36.69841],[140.23329,36.69987],[140.23219,36.69988],[140.23145,36.69963],[140.23013,36.69894],[140.22971,36.69861],[140.22919,36.69727],[140.22846,36.69679],[140.22788,36.69564],[140.22734,36.69494],[140.22705,36.69367],[140.22709,36.69315],[140.2268,36.6924],[140.22593,36.69146],[140.22449,36.69043],[140.224,36.68931],[140.22422,36.68927],[140.22485,36.69028],[140.22647,36.6914],[140.2268,36.6922],[140.22733,36.69269],[140.22766,36.69346],[140.22752,36.69402],[140.22876,36.69578],[140.2291,36.69468],[140.22842,36.69453],[140.22798,36.69344],[140.22773,36.6922],[140.22726,36.69167],[140.22716,36.69096],[140.22666,36.69098],[140.22626,36.69048],[140.22555,36.69002],[140.2246,36.68874],[140.22459,36.68811],[140.22499,36.68767],[140.22535,36.68798],[140.22575,36.6876],[140.22549,36.68729],[140.22591,36.6869],[140.22664,36.68783],[140.22739,36.68769],[140.22666,36.68716],[140.22662,36.68681],[140.22728,36.68653],[140.22697,36.68596],[140.22778,36.68514],[140.22836,36.68543],[140.22915,36.68625],[140.22931,36.68712],[140.22924,36.68786],[140.22961,36.68789],[140.22957,36.68646],[140.22941,36.68578],[140.23004,36.68572],[140.23058,36.68598],[140.23139,36.68503],[140.23207,36.68584],[140.23188,36.68735],[140.23166,36.6878],[140.2324,36.6878],[140.23246,36.68819],[140.23311,36.6897],[140.23363,36.69044],[140.23361,36.69096],[140.23413,36.69125],[140.23403,36.69166],[140.23455,36.69199],[140.23697,36.69206],[140.23704,36.6917],[140.23672,36.691],[140.23765,36.69092],[140.2378,36.69218],[140.23739,36.69278],[140.23723,36.69368],[140.23677,36.69447],[140.23578,36.69442],[140.23527,36.69462],[140.23509,36.69511],[140.23533,36.69545],[140.23587,36.69498],[140.23674,36.69503],[140.23697,36.69557],[140.23745,36.69516],[140.23854,36.69633],[140.23955,36.6982],[140.23955,36.69874],[140.23882,36.69911],[140.23771,36.69931],[140.23732,36.69916],[140.23747,36.69859],[140.23802,36.69802],[140.2381,36.69656],[140.23786,36.69625],[140.23667,36.69669],[140.23605,36.69674],[140.23591,36.69707],[140.23483,36.69728],[140.23447,36.69764],[140.23384,36.69755]],[[140.22817,36.68887],[140.22839,36.69021],[140.22911,36.69015],[140.22889,36.68879],[140.22817,36.68887]]]},"properties":{"hoanrinKind":"保安林"}},
{"type":"Feature","geometry":{"type":"Polygon","coordinates":[[[140.48456,36.70546],[140.48366,36.70669],[140.48287,36.70658],[140.48359,36.7061],[140.48372,36.70557],[140.48327,36.7054],[140.48238,36.70538],[140.48138,36.70563],[140.48101,36.70554],[140.48043,36.7034],[140.4799,36.7027],[140.4815,36.70287],[140.48365,36.70413],[140.48383,36.70445],[140.48463,36.70449],[140.48464,36.70411],[140.48309,36.70327],[140.48493,36.70295],[140.48592,36.70304],[140.48576,36.70259],[140.48401,36.70268],[140.48405,36.70215],[140.48451,36.70139],[140.48456,36.70089],[140.48528,36.70128],[140.48555,36.70108],[140.48458,36.70051],[140.48425,36.69991],[140.48336,36.69954],[140.4838,36.6993],[140.48454,36.69947],[140.48579,36.70026],[140.48556,36.69964],[140.48596,36.69943],[140.48667,36.69944],[140.48694,36.69869],[140.48753,36.69837],[140.48886,36.69835],[140.48906,36.69743],[140.48728,36.69699],[140.48645,36.69723],[140.48619,36.69765],[140.48523,36.69747],[140.48375,36.69756],[140.48283,36.69734],[140.48133,36.69761],[140.4776,36.69769],[140.47984,36.69674],[140.48077,36.69665],[140.48225,36.69668],[140.48392,36.69693],[140.48397,36.69678],[140.48258,36.69601],[140.4809,36.69604],[140.48032,36.69616],[140.47886,36.69677],[140.47788,36.6969],[140.47934,36.69605],[140.48023,36.69576],[140.48168,36.69563],[140.48285,36.69578],[140.48368,36.69604],[140.48442,36.69596],[140.48517,36.69567],[140.48656,36.6964],[140.48796,36.6964],[140.48971,36.69654],[140.48977,36.69498],[140.4894,36.69482],[140.4881,36.69489],[140.48704,36.69479],[140.48649,36.69428],[140.48543,36.69365],[140.48417,36.6936],[140.48309,36.69387],[140.48307,36.69316],[140.48354,36.69322],[140.48398,36.69277],[140.48346,36.69223],[140.48329,36.69175],[140.48274,36.69112],[140.48269,36.69019],[140.484,36.69013],[140.48428,36.6896],[140.48569,36.68952],[140.48655,36.68919],[140.48631,36.68893],[140.48446,36.689],[140.48408,36.68871],[140.48456,36.68838],[140.48579,36.68853],[140.48619,36.68845],[140.48611,36.68794],[140.4852,36.68787],[140.4845,36.68734],[140.48362,36.68704],[140.48354,36.6867],[140.48484,36.68673],[140.4853,36.68644],[140.4837,36.68612],[140.48376,36.68577],[140.48612,36.68572],[140.48784,36.6856],[140.48935,36.68559],[140.48928,36.68524],[140.48851,36.684],[140.48922,36.68356],[140.48836,36.68329],[140.48761,36.68246],[140.49012,36.68247],[140.49109,36.68237],[140.49123,36.6816],[140.49165,36.68118],[140.49116,36.68051],[140.49102,36.67999],[140.49043,36.67878],[140.49195,36.67929],[140.49295,36.6795],[140.49388,36.67939],[140.49477,36.67903],[140.49564,36.67754],[140.49532,36.67702],[140.4957,36.67647],[140.49646,36.67616],[140.49694,36.67511],[140.49754,36.67544],[140.49805,36.67497],[140.49846,36.675],[140.49895,36.67542],[140.49951,36.67472],[140.49972,36.67388],[140.50003,36.67359],[140.50112,36.67399],[140.50137,36.67448],[140.50086,36.67532],[140.50016,36.67597],[140.50112,36.6772],[140.50176,36.67724],[140.50214,36.67686],[140.50266,36.67674],[140.50275,36.67724],[140.50078,36.67834],[140.49996,36.67863],[140.49933,36.67928],[140.4991,36.6799],[140.50044,36.68015],[140.50097,36.68078],[140.50154,36.68121],[140.50131,36.68195],[140.50204,36.68254],[140.50122,36.68259],[140.5011,36.68281],[140.50173,36.68326],[140.50175,36.68401],[140.50091,36.68444],[140.5008,36.68481],[140.50122,36.68547],[140.50116,36.68641],[140.50178,36.68772],[140.50299,36.68854],[140.50319,36.68929],[140.50297,36.69028],[140.50226,36.69047],[140.50292,36.69188],[140.50414,36.6931],[140.50481,36.69412],[140.50506,36.69506],[140.50629,36.69624],[140.50646,36.69705],[140.50604,36.6973],[140.50533,36.69688],[140.50454,36.69666],[140.50419,36.69684],[140.5033,36.69681],[140.50242,36.6964],[140.50014,36.69418],[140.49988,36.69468],[140.49977,36.69551],[140.49948,36.69559],[140.49821,36.69516],[140.4976,36.69565],[140.49862,36.69659],[140.49825,36.69717],[140.49753,36.69736],[140.49838,36.69801],[140.49897,36.6979],[140.49964,36.69743],[140.50025,36.69757],[140.49998,36.69832],[140.49914,36.69859],[140.4984,36.69951],[140.49749,36.70134],[140.49676,36.7015],[140.49605,36.70119],[140.49528,36.70133],[140.4947,36.70216],[140.49399,36.7022],[140.49431,36.70166],[140.49348,36.70143],[140.49334,36.70252],[140.4929,36.70254],[140.49266,36.70178],[140.49229,36.70155],[140.49162,36.70173],[140.49098,36.70149],[140.49051,36.70196],[140.49039,36.70248],[140.48981,36.70258],[140.48957,36.70347],[140.48904,36.70326],[140.48925,36.70237],[140.48924,36.7009],[140.48953,36.6999],[140.48949,36.69918],[140.48854,36.69941],[140.48775,36.70074],[140.48758,36.70168],[140.48757,36.70265],[140.48694,36.70328],[140.4861,36.70346],[140.4856,36.70424],[140.48546,36.70522],[140.48456,36.70546]],[[140.48519,36.69187],[140.48504,36.69085],[140.48471,36.69089],[140.48481,36.69191],[140.48519,36.69187]],[[140.49232,36.68315],[140.49307,36.68353],[140.49386,36.68354],[140.49439,36.68335],[140.49428,36.68284],[140.49325,36.68288],[140.49246,36.6827],[140.4911,36.68258],[140.49057,36.68266],[140.49073,36.68313],[140.49127,36.68299],[140.49232,36.68315]],[[140.4968,36.67744],[140.49741,36.67834],[140.49766,36.67776],[140.49729,36.67725],[140.4968,36.67744]]]},"properties":{"hoanrinKind":"保安林"}},
{"type":"Feature","geometry":{"type":"Polygon","coordinates":[[[140.60598,36.70826],[140.60614,36.70833],[140.60601,36.70837],[140.60598,36.70826]]]},"properties":{"hoanrinKind":"保安林"}},
{"type":"Feature","geometry":{"type":"Polygon","coordinates":[[[140.60194,36.70964],[140.6011,36.70975],[140.60106,36.70963],[140.60184,36.70948],[140.60194,36.70964]]]},"properties":{"hoanrinKind":"保安林"}},
{"type":"Feature","geometry":{"type":"Polygon","coordinates":[[[140.6062,36.7091],[140.60484,36.70946],[140.60489,36.70908],[140.6062,36.7091]]]},"properties":{"hoanrinKind":"保安林"}},
{"type":"Feature","geometry":{"type":"Polygon","coordinates":[[[140.58401,36.68525],[140.58404,36.6852],[140.58421,36.6852],[140.58411,36.68524],[140.58401,36.68525]]]},"properties":{"hoanrinKind":"保安林"}},
{"type":"Feature","geometry":{"type":"Polygon","coordinates":[[[140.55156,36.68821],[140.55203,36.68861],[140.55142,36.68895],[140.55108,36.68857],[140.55156,36.68821]]]},"properties":{"hoanrinKind":"保安林"}},
{"type":"Feature","geometry":{"type":"Polygon","coordinates":[[[140.54955,36.69023],[140.54981,36.69026],[140.55086,36.69103],[140.55052,36.69126],[140.54955,36.69023]]]},"properties":{"hoanrinKind":"保安林"}},
{"type":"Feature","geometry":{"type":"Polygon","coordinates":[[[140.55114,36.69294],[140.55075,36.6929],[140.55093,36.69272],[140.55122,36.69271],[140.55114,36.69294]]]},"properties":{"hoanrinKind":"保安林"}},
{"type":"Feature","geometry":{"type":"Polygon","coordinates":[[[140.60008,36.70324],[140.59973,36.70337],[140.5995,36.70322],[140.59994,36.7032],[140.60008,36.70324]]]},"properties":{"hoanrinKind":"保安林"}},
{"type":"Feature","geometry":{"type":"Polygon","coordinates":[[[140.59662,36.70727],[140.59584,36.70761],[140.59566,36.70728],[140.59662,36.70727]]]},"properties":{"hoanrinKind":"保安林"}},
{"type":"Feature","geometry":{"type":"Polygon","coordinates":[[[140.57547,36.70731],[140.5753,36.70845],[140.57473,36.7082],[140.5748,36.70778],[140.57395,36.70777],[140.57224,36.70736],[140.57166,36.70673],[140.57062,36.70684],[140.56922,36.70624],[140.56822,36.70564],[140.56618,36.70319],[140.56599,36.7028],[140.56522,36.70318],[140.56462,36.70307],[140.56433,36.70271],[140.56481,36.70241],[140.56689,36.70158],[140.56701,36.70127],[140.56548,36.70055],[140.56521,36.70005],[140.56517,36.69824],[140.56358,36.69688],[140.55906,36.69356],[140.55753,36.69343],[140.55741,36.69324],[140.55826,36.6926],[140.55945,36.69261],[140.56036,36.69303],[140.56054,36.69259],[140.55955,36.69234],[140.55909,36.69179],[140.55773,36.69239],[140.55674,36.69331],[140.55612,36.69369],[140.55478,36.69421],[140.55446,36.69404],[140.55505,36.69351],[140.55495,36.69295],[140.55428,36.69332],[140.55399,36.69405],[140.553,36.69405],[140.55175,36.69336],[140.55159,36.69274],[140.55206,36.69268],[140.55175,36.6921],[140.55225,36.69148],[140.55186,36.69108],[140.55223,36.69016],[140.55222,36.68905],[140.55307,36.68941],[140.55274,36.68982],[140.55223,36.69108],[140.5524,36.69142],[140.55403,36.69191],[140.55502,36.69167],[140.55552,36.69035],[140.55825,36.69129],[140.55841,36.691],[140.55748,36.6906],[140.55627,36.69023],[140.55562,36.68985],[140.55474,36.68959],[140.55431,36.68915],[140.5553,36.68755],[140.55583,36.68758],[140.5561,36.68696],[140.55536,36.68539],[140.55553,36.68517],[140.55649,36.68529],[140.55776,36.68527],[140.55845,36.68632],[140.5589,36.68773],[140.55878,36.68842],[140.55887,36.68975],[140.56001,36.69077],[140.56055,36.69167],[140.56142,36.69262],[140.56165,36.69308],[140.56178,36.69402],[140.56227,36.69466],[140.56396,36.69425],[140.56464,36.6946],[140.56506,36.69558],[140.5661,36.69587],[140.56679,36.69639],[140.56712,36.69689],[140.5677,36.69606],[140.56809,36.69573],[140.56938,36.69522],[140.56959,36.69493],[140.56927,36.69395],[140.56962,36.69349],[140.56919,36.69264],[140.56916,36.69198],[140.56936,36.69131],[140.57174,36.69147],[140.57208,36.69184],[140.57299,36.69325],[140.57398,36.69418],[140.57477,36.69367],[140.57449,36.69457],[140.57504,36.69457],[140.57579,36.69499],[140.57678,36.69473],[140.57756,36.69478],[140.57805,36.69545],[140.57988,36.69563],[140.58053,36.69547],[140.58078,36.69425],[140.58011,36.69398],[140.58029,36.6933],[140.57832,36.69183],[140.57774,36.69155],[140.5776,36.69051],[140.57802,36.68975],[140.57793,36.68951],[140.5769,36.68958],[140.57619,36.68982],[140.57517,36.68994],[140.57433,36.69067],[140.57488,36.69087],[140.5753,36.69047],[140.57629,36.69015],[140.57613,36.69072],[140.57552,36.6914],[140.57484,36.69183],[140.57362,36.69173],[140.57283,36.69137],[140.57287,36.69018],[140.57323,36.68975],[140.57437,36.68986],[140.57541,36.68886],[140.5762,36.68854],[140.57832,36.68817],[140.57984,36.68747],[140.57966,36.68674],[140.58115,36.68678],[140.58157,36.68636],[140.58206,36.68549],[140.58175,36.6854],[140.58107,36.68639],[140.57921,36.68644],[140.58036,36.68549],[140.5809,36.68549],[140.58204,36.68507],[140.58235,36.6854],[140.58297,36.68558],[140.58356,36.68535],[140.58574,36.68642],[140.58696,36.6868],[140.5877,36.68679],[140.58795,36.687],[140.58878,36.68707],[140.58866,36.68756],[140.58763,36.68765],[140.58666,36.68802],[140.58645,36.68854],[140.58619,36.68985],[140.58533,36.69097],[140.58419,36.69085],[140.58386,36.69118],[140.5839,36.6916],[140.58284,36.69231],[140.58197,36.69269],[140.5813,36.69382],[140.58162,36.69399],[140.58148,36.69451],[140.58181,36.69485],[140.58253,36.69407],[140.58266,36.6934],[140.58321,36.69269],[140.58415,36.69202],[140.58566,36.69216],[140.5867,36.69114],[140.58719,36.68971],[140.58717,36.68847],[140.58773,36.68818],[140.58766,36.68907],[140.58797,36.68911],[140.58838,36.68828],[140.58886,36.688],[140.59004,36.68803],[140.59075,36.6877],[140.59132,36.6868],[140.59198,36.68643],[140.59186,36.68764],[140.59148,36.68808],[140.5914,36.68908],[140.59117,36.68952],[140.59035,36.69049],[140.59021,36.69208],[140.59029,36.6926],[140.59083,36.69362],[140.59118,36.69373],[140.59247,36.69353],[140.593,36.69401],[140.59363,36.69393],[140.5946,36.69353],[140.59543,36.69276],[140.59559,36.69161],[140.59524,36.69111],[140.59469,36.69085],[140.59484,36.69025],[140.5959,36.68951],[140.5968,36.68971],[140.59825,36.68956],[140.5992,36.68927],[140.59962,36.68891],[140.60058,36.68876],[140.60098,36.68802],[140.6017,36.68788],[140.60257,36.6871],[140.60373,36.68686],[140.60469,36.68809],[140.60402,36.6882],[140.60213,36.68881],[140.60149,36.68935],[140.60137,36.68976],[140.6017,36.69107],[140.60167,36.6916],[140.6012,36.6923],[140.60049,36.69282],[140.59886,36.6928],[140.59866,36.69318],[140.6004,36.69315],[140.59966,36.69372],[140.59827,36.69434],[140.59836,36.69451],[140.5999,36.6939],[140.60037,36.694],[140.60064,36.69564],[140.60007,36.69507],[140.59912,36.69577],[140.59807,36.6957],[140.5981,36.69602],[140.59955,36.69642],[140.59983,36.69763],[140.60025,36.6976],[140.60028,36.69666],[140.60087,36.69607],[140.60124,36.69599],[140.60107,36.69696],[140.60118,36.69766],[140.60206,36.69873],[140.60291,36.69924],[140.60267,36.70045],[140.60129,36.70133],[140.59985,36.70241],[140.5985,36.70293],[140.59606,36.70328],[140.59517,36.70401],[140.59503,36.70523],[140.59462,36.70601],[140.59423,36.70609],[140.59237,36.70561],[140.59163,36.70421],[140.59137,36.7039],[140.59005,36.70378],[140.58942,36.70344],[140.58916,36.70305],[140.58829,36.70317],[140.58816,36.70376],[140.58758,36.70422],[140.58609,36.7047],[140.58503,36.7043],[140.58433,36.70435],[140.58247,36.705],[140.58128,36.70499],[140.58066,36.70475],[140.57966,36.70489],[140.57869,36.70444],[140.57738,36.70462],[140.57698,36.70505],[140.57704,36.7054],[140.57781,36.70627],[140.57821,36.70782],[140.5779,36.708],[140.5773,36.70732],[140.57613,36.70766],[140.57547,36.70731]],[[140.59117,36.70296],[140.59215,36.70253],[140.59183,36.70171],[140.59188,36.70107],[140.59215,36.70051],[140.59166,36.70022],[140.59159,36.69958],[140.59217,36.69914],[140.59208,36.69811],[140.59122,36.69708],[140.59122,36.69641],[140.59058,36.69612],[140.59004,36.69656],[140.58938,36.69646],[140.58867,36.69506],[140.58727,36.69462],[140.58629,36.69399],[140.58537,36.6944],[140.58425,36.69448],[140.58386,36.69418],[140.58336,36.69421],[140.58256,36.69494],[140.58199,36.69509],[140.58273,36.69614],[140.5831,36.69717],[140.58457,36.69716],[140.58523,36.69807],[140.58589,36.69804],[140.5869,36.69921],[140.58793,36.69965],[140.58859,36.70037],[140.589,36.70041],[140.59009,36.701],[140.59051,36.70039],[140.59114,36.70078],[140.59134,36.70172],[140.59117,36.70296]],[[140.57826,36.69627],[140.57779,36.69671],[140.57784,36.69829],[140.57826,36.69798],[140.57826,36.69627]],[[140.57399,36.69085],[140.57342,36.69094],[140.57324,36.69145],[140.57408,36.69127],[140.57399,36.69085]],[[140.58693,36.69307],[140.58708,36.69368],[140.58751,36.69365],[140.58744,36.69293],[140.58693,36.69307]]]},"properties":{"hoanrinKind":"保安林"}},
{"type":"Feature","geometry":{"type":"Polygon","coordinates":[[[140.31194,36.70324],[140.31155,36.70326],[140.31215,36.70176],[140.31325,36.70057],[140.31288,36.70008],[140.31147,36.70018],[140.31058,36.70058],[140.3104,36.70043],[140.31138,36.69961],[140.31198,36.69927],[140.31207,36.69879],[140.31125,36.69823],[140.31011,36.69824],[140.30949,36.69787],[140.30834,36.69776],[140.30844,36.69727],[140.31023,36.6974],[140.30947,36.69619],[140.30889,36.69604],[140.30876,36.6954],[140.30897,36.6951],[140.30958,36.69503],[140.31115,36.69508],[140.3112,36.69401],[140.31184,36.69412],[140.31213,36.69311],[140.31186,36.69229],[140.31276,36.69196],[140.31301,36.69084],[140.31276,36.69019],[140.31343,36.6897],[140.31483,36.68947],[140.31603,36.68956],[140.31641,36.68896],[140.31693,36.68916],[140.31663,36.69015],[140.3157,36.69118],[140.31565,36.69159],[140.31612,36.69246],[140.31579,36.69383],[140.31526,36.69422],[140.31491,36.69504],[140.31581,36.69504],[140.31669,36.6955],[140.31888,36.69508],[140.31874,36.69669],[140.31895,36.69679],[140.31975,36.69422],[140.32005,36.69426],[140.31935,36.69702],[140.31917,36.69742],[140.31925,36.69809],[140.31965,36.69819],[140.31966,36.69747],[140.32027,36.69677],[140.32083,36.69636],[140.32021,36.69617],[140.32022,36.69583],[140.32081,36.69524],[140.3202,36.69508],[140.32029,36.69432],[140.3216,36.69421],[140.32213,36.69441],[140.32249,36.69489],[140.32288,36.6947],[140.32242,36.69396],[140.32117,36.69372],[140.32149,36.69298],[140.32039,36.69207],[140.3207,36.69179],[140.32152,36.69186],[140.32247,36.69252],[140.32449,36.69373],[140.3252,36.69382],[140.3267,36.69365],[140.32741,36.69385],[140.32863,36.69384],[140.32847,36.69315],[140.32733,36.693],[140.32735,36.69253],[140.32663,36.69225],[140.32617,36.69187],[140.32538,36.692],[140.32538,36.69158],[140.32646,36.69081],[140.32641,36.69011],[140.32508,36.69017],[140.32519,36.68983],[140.32646,36.68928],[140.32684,36.68923],[140.32714,36.6883],[140.32763,36.68863],[140.32795,36.68928],[140.32777,36.69043],[140.3293,36.69104],[140.33009,36.69195],[140.33119,36.69269],[140.3322,36.69291],[140.33295,36.69415],[140.33344,36.69438],[140.33428,36.69438],[140.33477,36.69417],[140.3359,36.69311],[140.33658,36.69228],[140.33719,36.6925],[140.33766,36.69205],[140.3384,36.69171],[140.33868,36.69107],[140.3394,36.69145],[140.3398,36.69016],[140.33978,36.68934],[140.34093,36.69005],[140.34019,36.6923],[140.33883,36.69208],[140.33826,36.69233],[140.33674,36.69409],[140.33572,36.69494],[140.33467,36.69531],[140.33366,36.69518],[140.33236,36.69534],[140.33143,36.69578],[140.33054,36.69565],[140.33034,36.69436],[140.32985,36.69429],[140.32906,36.69473],[140.32836,36.6948],[140.32704,36.69524],[140.3256,36.6954],[140.32439,36.6958],[140.32394,36.69616],[140.32364,36.69694],[140.32273,36.69772],[140.32271,36.69886],[140.32214,36.69951],[140.32145,36.69965],[140.32111,36.7004],[140.32032,36.70068],[140.31976,36.70106],[140.31907,36.70124],[140.31726,36.70114],[140.3163,36.701],[140.31549,36.70037],[140.31469,36.70039],[140.31365,36.70015],[140.31359,36.70066],[140.3129,36.70122],[140.3125,36.70278],[140.31194,36.70324]],[[140.31432,36.69023],[140.31469,36.69052],[140.31523,36.69006],[140.31486,36.68972],[140.31432,36.69023]]]},"properties":{"hoanrinKind":"保安林"}},
{"type":"Feature","geometry":{"type":"Polygon","coordinates":[[[140.31112,36.70656],[140.31129,36.70711],[140.3111,36.70785],[140.31144,36.7089],[140.31039,36.70987],[140.30954,36.71135],[140.30909,36.71126],[140.30847,36.7107],[140.30825,36.71025],[140.3077,36.70982],[140.30745,36.70872],[140.30757,36.70805],[140.30736,36.70751],[140.30781,36.70674],[140.30793,36.70595],[140.30825,36.70591],[140.30917,36.70641],[140.31064,36.70557],[140.31106,36.70395],[140.31033,36.70343],[140.31018,36.70268],[140.31055,36.70263],[140.31084,36.70348],[140.31142,36.70374],[140.31149,36.70433],[140.31104,36.70533],[140.31112,36.70656]]]},"properties":{"hoanrinKind":"保安林"}},
{"type":"Feature","geometry":{"type":"Polygon","coordinates":[[[140.66323,36.70702],[140.66319,36.70701],[140.6633,36.70686],[140.66333,36.70691],[140.6633,36.70699],[140.66323,36.70702]]]},"properties":{"hoanrinKind":"保安林"}},
{"type":"Feature","geometry":{"type":"Polygon","coordinates":[[[140.66598,36.70501],[140.6656,36.70581],[140.66423,36.70743],[140.6641,36.70697],[140.66458,36.70637],[140.66598,36.70501]]]},"properties":{"hoanrinKind":"保安林"}},
{"type":"Feature","geometry":{"type":"Polygon","coordinates":[[[140.66258,36.70743],[140.66179,36.70789],[140.66174,36.70742],[140.66129,36.70718],[140.66208,36.70636],[140.66266,36.70624],[140.66285,36.70677],[140.66258,36.70743]]]},"properties":{"hoanrinKind":"保安林"}},
{"type":"Feature","geometry":{"type":"Polygon","coordinates":[[[140.66139,36.70814],[140.66111,36.70856],[140.66108,36.70794],[140.66139,36.70814]]]},"properties":{"hoanrinKind":"保安林"}},
{"type":"Feature","geometry":{"type":"Polygon","coordinates":[[[140.66499,36.71161],[140.66375,36.71165],[140.66296,36.71187],[140.66243,36.71175],[140.66183,36.71127],[140.66208,36.71083],[140.66289,36.71099],[140.66384,36.71092],[140.66499,36.71161]]]},"properties":{"hoanrinKind":"保安林"}},
{"type":"Feature","geometry":{"type":"Polygon","coordinates":[[[140.61894,36.71188],[140.61778,36.71192],[140.6184,36.71134],[140.61782,36.70999],[140.61567,36.70993],[140.61517,36.70928],[140.61446,36.70868],[140.61446,36.70789],[140.61335,36.70752],[140.61256,36.70712],[140.61213,36.70664],[140.61123,36.70641],[140.61086,36.70598],[140.61071,36.70541],[140.61002,36.70463],[140.6099,36.7038],[140.6089,36.70245],[140.60874,36.70142],[140.60793,36.70068],[140.60755,36.6999],[140.60797,36.69827],[140.60762,36.69775],[140.60764,36.69725],[140.60839,36.69612],[140.609,36.69548],[140.60925,36.69477],[140.61089,36.69397],[140.61013,36.69325],[140.6098,36.69183],[140.61002,36.69118],[140.61096,36.69096],[140.61171,36.69041],[140.61207,36.68961],[140.61206,36.68909],[140.61257,36.6887],[140.61395,36.68866],[140.61454,36.68823],[140.61535,36.68805],[140.61592,36.68859],[140.61608,36.68929],[140.61745,36.69028],[140.61816,36.69021],[140.61875,36.68964],[140.62029,36.68959],[140.62137,36.6902],[140.62245,36.69026],[140.62205,36.6908],[140.62215,36.69133],[140.62073,36.6946],[140.6202,36.69542],[140.61931,36.69613],[140.61914,36.69688],[140.62029,36.69794],[140.61955,36.69863],[140.62008,36.69891],[140.61985,36.69931],[140.6199,36.69994],[140.62055,36.70077],[140.62034,36.70094],[140.61941,36.7009],[140.61902,36.70126],[140.61796,36.70152],[140.61755,36.70186],[140.61707,36.70183],[140.61702,36.70238],[140.61769,36.70227],[140.61814,36.70191],[140.61898,36.70183],[140.6197,36.7013],[140.62096,36.70117],[140.6211,36.70168],[140.62082,36.7037],[140.6201,36.70371],[140.61867,36.70347],[140.61887,36.70385],[140.62103,36.70411],[140.62083,36.70459],[140.62087,36.70584],[140.61923,36.70603],[140.61719,36.70609],[140.61484,36.70606],[140.61465,36.70631],[140.61987,36.70639],[140.62063,36.70651],[140.62172,36.70753],[140.62008,36.70799],[140.62031,36.70825],[140.62203,36.70806],[140.62216,36.70949],[140.62127,36.71002],[140.62013,36.70964],[140.61959,36.70974],[140.61951,36.71078],[140.61904,36.71087],[140.61833,36.71019],[140.61806,36.71039],[140.61897,36.71148],[140.61894,36.71188]],[[140.61604,36.70951],[140.6169,36.70989],[140.61729,36.70954],[140.61617,36.70919],[140.61604,36.70951]],[[140.61379,36.6995],[140.61434,36.70022],[140.61493,36.70041],[140.61738,36.70064],[140.61813,36.70034],[140.61822,36.69969],[140.61775,36.69958],[140.61642,36.69961],[140.6155,36.69937],[140.6145,36.69933],[140.61379,36.6995]]]},"properties":{"hoanrinKind":"保安林"}},
{"type":"Feature","geometry":{"type":"Polygon","coordinates":[[[140.28728,36.71218],[140.28597,36.7125],[140.28526,36.71223],[140.28345,36.71105],[140.28355,36.70994],[140.28269,36.70902],[140.28229,36.70812],[140.28022,36.70735],[140.27832,36.7071],[140.2769,36.70701],[140.2763,36.70707],[140.27546,36.70761],[140.2755,36.70666],[140.2748,36.70619],[140.27424,36.70641],[140.27396,36.70772],[140.27263,36.70732],[140.2719,36.70694],[140.27104,36.70673],[140.27081,36.70639],[140.27108,36.7052],[140.27098,36.70494],[140.2695,36.70365],[140.26929,36.70314],[140.26865,36.70299],[140.26846,36.7024],[140.26781,36.70227],[140.26673,36.70271],[140.26694,36.70065],[140.2669,36.70031],[140.26618,36.69881],[140.26612,36.69831],[140.26663,36.69719],[140.26631,36.69557],[140.2669,36.6953],[140.26975,36.69837],[140.26976,36.69875],[140.26887,36.69944],[140.26877,36.70038],[140.26851,36.70082],[140.2689,36.70128],[140.26959,36.70115],[140.27021,36.70153],[140.27107,36.70111],[140.27158,36.70034],[140.27305,36.69904],[140.27359,36.69874],[140.27383,36.69919],[140.27361,36.69967],[140.27205,36.70134],[140.27224,36.70299],[140.27284,36.7034],[140.27429,36.70326],[140.27513,36.70304],[140.27614,36.70244],[140.2759,36.70197],[140.27507,36.70129],[140.27499,36.70049],[140.27641,36.70045],[140.27681,36.70008],[140.27645,36.69957],[140.27585,36.6995],[140.27442,36.69983],[140.27421,36.69926],[140.27502,36.69875],[140.27577,36.69911],[140.27636,36.69892],[140.27563,36.69805],[140.27607,36.69778],[140.27676,36.69861],[140.2773,36.69831],[140.27738,36.69772],[140.27781,36.69689],[140.27841,36.697],[140.27777,36.69772],[140.27759,36.69857],[140.27717,36.6992],[140.27772,36.69953],[140.27795,36.69899],[140.27877,36.69859],[140.27845,36.69944],[140.27842,36.70014],[140.27891,36.70037],[140.2793,36.70131],[140.27786,36.70131],[140.27664,36.70189],[140.27658,36.70262],[140.277,36.70296],[140.27783,36.70272],[140.27799,36.70227],[140.27955,36.7015],[140.28002,36.70152],[140.2802,36.70104],[140.27972,36.70051],[140.2804,36.69987],[140.28084,36.69906],[140.28119,36.69931],[140.2812,36.69996],[140.28069,36.70055],[140.28078,36.70191],[140.28114,36.70215],[140.28093,36.7026],[140.28091,36.70359],[140.28121,36.7041],[140.28074,36.70501],[140.28071,36.70596],[140.28044,36.70643],[140.28226,36.70729],[140.28287,36.70732],[140.28403,36.70709],[140.2854,36.70618],[140.28608,36.70596],[140.28662,36.70634],[140.28663,36.70721],[140.28569,36.70809],[140.28472,36.70758],[140.28304,36.70757],[140.28281,36.70815],[140.28512,36.70867],[140.28455,36.70952],[140.28476,36.70972],[140.28553,36.70866],[140.28622,36.7083],[140.28641,36.70897],[140.28678,36.70932],[140.2866,36.71031],[140.2869,36.71087],[140.28695,36.71142],[140.28784,36.71153],[140.28821,36.71137],[140.28781,36.7107],[140.28793,36.70975],[140.28917,36.70964],[140.28947,36.71005],[140.29037,36.7104],[140.29102,36.7104],[140.29093,36.71106],[140.2925,36.71185],[140.29228,36.71244],[140.29082,36.7121],[140.28956,36.71201],[140.28728,36.71218]],[[140.27717,36.70486],[140.2776,36.7054],[140.27888,36.70547],[140.28001,36.70466],[140.27979,36.70417],[140.27861,36.70436],[140.27825,36.70379],[140.27749,36.70373],[140.27717,36.70486]],[[140.27694,36.70375],[140.27681,36.70352],[140.27567,36.7031],[140.27532,36.70371],[140.27657,36.70405],[140.27694,36.70375]],[[140.27399,36.7035],[140.27291,36.70374],[140.27294,36.70402],[140.27394,36.70406],[140.27399,36.7035]],[[140.27925,36.70302],[140.28007,36.70302],[140.28015,36.70236],[140.27906,36.70285],[140.27925,36.70302]]]},"properties":{"hoanrinKind":"保安林"}},
{"type":"Feature","geometry":{"type":"Polygon","coordinates":[[[140.65343,36.68314],[140.6524,36.68262],[140.65188,36.68252],[140.65138,36.68186],[140.65181,36.68185],[140.65221,36.68227],[140.65343,36.68314]]]},"properties":{"hoanrinKind":"保安林"}},
{"type":"Feature","geometry":{"type":"Polygon","coordinates":[[[140.65492,36.68376],[140.65444,36.6838],[140.65415,36.6832],[140.65501,36.68291],[140.65492,36.68376]]]},"properties":{"hoanrinKind":"保安林"}},
{"type":"Feature","geometry":{"type":"Polygon","coordinates":[[[140.65353,36.68374],[140.65251,36.68409],[140.65251,36.68373],[140.65353,36.68374]]]},"properties":{"hoanrinKind":"保安林"}},
{"type":"Feature","geometry":{"type":"Polygon","coordinates":[[[140.64942,36.68467],[140.64832,36.68625],[140.64814,36.68702],[140.64775,36.68723],[140.6472,36.687],[140.64736,36.6863],[140.64816,36.68588],[140.64856,36.68481],[140.64942,36.68467]]]},"properties":{"hoanrinKind":"保安林"}},
{"type":"Feature","geometry":{"type":"Polygon","coordinates":[[[140.65761,36.69511],[140.65739,36.69535],[140.65725,36.69509],[140.65761,36.69511]]]},"properties":{"hoanrinKind":"保安林"}},
{"type":"Feature","geometry":{"type":"Polygon","coordinates":[[[140.65741,36.69569],[140.65828,36.69605],[140.65775,36.69642],[140.65707,36.69643],[140.65654,36.69596],[140.65741,36.69569]]]},"properties":{"hoanrinKind":"保安林"}},
{"type":"Feature","geometry":{"type":"Polygon","coordinates":[[[140.63439,36.71103],[140.63444,36.71103],[140.63449,36.71106],[140.63447,36.71107],[140.63439,36.71103]]]},"properties":{"hoanrinKind":"保安林"}},
{"type":"Feature","geometry":{"type":"Polygon","coordinates":[[[140.63569,36.71132],[140.63523,36.71127],[140.635,36.71024],[140.63563,36.71029],[140.63569,36.71132]]]},"properties":{"hoanrinKind":"保安林"}},
{"type":"Feature","geometry":{"type":"Polygon","coordinates":[[[140.63394,36.71137],[140.63304,36.71137],[140.63198,36.71086],[140.63119,36.70995],[140.63034,36.70932],[140.62969,36.70937],[140.62874,36.70857],[140.62883,36.70777],[140.62714,36.70636],[140.62647,36.70651],[140.62592,36.70693],[140.62546,36.70778],[140.62414,36.70898],[140.62392,36.70969],[140.62359,36.7099],[140.62246,36.70972],[140.6227,36.70819],[140.62237,36.70772],[140.62329,36.70694],[140.6222,36.70718],[140.62168,36.70622],[140.62218,36.70613],[140.6219,36.70563],[140.62297,36.70563],[140.62293,36.70535],[140.6219,36.70532],[140.62168,36.70367],[140.62167,36.70074],[140.6232,36.70067],[140.62408,36.70102],[140.62421,36.7007],[140.62335,36.70031],[140.62224,36.70023],[140.62159,36.70035],[140.62146,36.69992],[140.6224,36.69949],[140.62228,36.699],[140.62119,36.69894],[140.62159,36.6995],[140.62055,36.69962],[140.6207,36.6989],[140.62056,36.69835],[140.62117,36.69772],[140.62109,36.69741],[140.62008,36.69722],[140.61973,36.69645],[140.62082,36.69549],[140.62239,36.69172],[140.62304,36.69049],[140.62334,36.69065],[140.62517,36.69084],[140.62553,36.69065],[140.62561,36.68986],[140.62671,36.68975],[140.62751,36.68938],[140.62857,36.68947],[140.62914,36.68917],[140.6298,36.68956],[140.63041,36.69105],[140.62986,36.69157],[140.62971,36.692],[140.62995,36.69345],[140.6303,36.69397],[140.6303,36.69449],[140.6289,36.69542],[140.62842,36.69592],[140.62875,36.69662],[140.63069,36.69824],[140.6317,36.69877],[140.6327,36.69902],[140.63385,36.69891],[140.63453,36.6984],[140.63537,36.69829],[140.636,36.69782],[140.63623,36.69689],[140.63692,36.69677],[140.63602,36.6953],[140.63604,36.69467],[140.63558,36.6943],[140.63692,36.69423],[140.63782,36.69456],[140.63832,36.69449],[140.63845,36.69394],[140.63789,36.6937],[140.63738,36.69273],[140.63706,36.69271],[140.63635,36.69355],[140.63537,36.69368],[140.63426,36.69416],[140.63449,36.69355],[140.63508,36.69299],[140.63562,36.69294],[140.6358,36.69252],[140.63587,36.69123],[140.63543,36.69004],[140.63516,36.68969],[140.63582,36.68806],[140.63589,36.68712],[140.6356,36.68675],[140.63459,36.68681],[140.63356,36.68663],[140.63265,36.68717],[140.63035,36.68755],[140.6292,36.68752],[140.62925,36.68698],[140.62975,36.68598],[140.62897,36.68515],[140.62904,36.68483],[140.62985,36.684],[140.63051,36.68396],[140.63147,36.68169],[140.63082,36.68144],[140.63053,36.68089],[140.63095,36.67886],[140.63069,36.67731],[140.63119,36.67628],[140.63035,36.67466],[140.6315,36.67383],[140.63176,36.67422],[140.63269,36.67368],[140.63379,36.67326],[140.635,36.67304],[140.63657,36.67319],[140.63849,36.67326],[140.63948,36.67366],[140.63992,36.67308],[140.64035,36.67339],[140.64102,36.67421],[140.64082,36.67493],[140.64161,36.6755],[140.64088,36.67557],[140.64,36.67594],[140.63953,36.67733],[140.63954,36.67833],[140.64,36.67873],[140.64156,36.6797],[140.64232,36.68004],[140.64346,36.68023],[140.6449,36.68021],[140.64621,36.68099],[140.64759,36.68124],[140.64796,36.68221],[140.6469,36.68232],[140.64612,36.68197],[140.64589,36.68219],[140.64663,36.68262],[140.64814,36.68258],[140.64784,36.68353],[140.64725,36.68389],[140.64757,36.68423],[140.64616,36.68487],[140.64515,36.68565],[140.64451,36.68667],[140.64444,36.68733],[140.6449,36.68764],[140.6454,36.68848],[140.64665,36.68911],[140.64744,36.68899],[140.64781,36.68931],[140.64794,36.6899],[140.64846,36.69036],[140.6496,36.69055],[140.65051,36.69091],[140.65149,36.69105],[140.6527,36.69139],[140.65401,36.69159],[140.65439,36.69201],[140.65402,36.69249],[140.65393,36.69307],[140.65342,36.69346],[140.65294,36.69336],[140.65272,36.69273],[140.65132,36.69206],[140.65056,36.6924],[140.64983,36.69241],[140.64786,36.69092],[140.64756,36.69124],[140.64799,36.69174],[140.64737,36.6924],[140.64662,36.69284],[140.6466,36.69438],[140.64811,36.6947],[140.64873,36.69443],[140.64981,36.69428],[140.65045,36.6939],[140.65106,36.69432],[140.65197,36.69448],[140.65302,36.69487],[140.65499,36.69507],[140.65589,36.69557],[140.65542,36.69631],[140.65546,36.6967],[140.65456,36.69708],[140.65323,36.69689],[140.65225,36.69735],[140.65097,36.6974],[140.6501,36.69703],[140.64895,36.69706],[140.64751,36.69749],[140.64824,36.69802],[140.64931,36.69805],[140.6504,36.69835],[140.65119,36.69843],[140.65106,36.69894],[140.64875,36.69918],[140.64777,36.69957],[140.64794,36.69988],[140.64867,36.69947],[140.65029,36.69946],[140.65147,36.69922],[140.65228,36.69965],[140.6517,36.69995],[140.65159,36.70035],[140.65064,36.70121],[140.65098,36.70129],[140.65264,36.69975],[140.65307,36.69961],[140.65378,36.70014],[140.65466,36.70043],[140.65469,36.70068],[140.65338,36.70086],[140.65307,36.7011],[140.65339,36.70164],[140.6528,36.70249],[140.65356,36.70232],[140.65435,36.70322],[140.65363,36.70385],[140.6541,36.70418],[140.65497,36.7036],[140.65517,36.70409],[140.65701,36.70413],[140.65745,36.70471],[140.6568,36.70497],[140.65696,36.70534],[140.65848,36.70517],[140.65968,36.70569],[140.6611,36.70574],[140.66101,36.70644],[140.65941,36.70701],[140.65856,36.70666],[140.65749,36.7058],[140.65714,36.70631],[140.65838,36.70706],[140.6591,36.70732],[140.6582,36.70784],[140.65729,36.70767],[140.65716,36.70804],[140.65743,36.70881],[140.65578,36.70843],[140.6565,36.70718],[140.656,36.70673],[140.65623,36.70585],[140.65558,36.70514],[140.65525,36.70579],[140.65472,36.70596],[140.65445,36.70533],[140.65404,36.70523],[140.65304,36.70571],[140.65356,36.70631],[140.65269,36.70659],[140.65294,36.70791],[140.65152,36.70838],[140.65073,36.70849],[140.6506,36.70812],[140.64995,36.70783],[140.65036,36.70741],[140.65117,36.70707],[140.65005,36.70626],[140.65012,36.706],[140.64915,36.70576],[140.64601,36.70574],[140.64529,36.70547],[140.64485,36.70483],[140.64488,36.70389],[140.64427,36.70378],[140.64381,36.70459],[140.64323,36.70456],[140.64295,36.70368],[140.64237,36.70377],[140.64266,36.7045],[140.64253,36.70526],[140.64212,36.70572],[140.64207,36.7069],[140.64085,36.70706],[140.64041,36.70699],[140.64013,36.7062],[140.63971,36.70574],[140.64052,36.70526],[140.64041,36.70453],[140.63959,36.70386],[140.63882,36.70403],[140.63812,36.70473],[140.63714,36.70492],[140.63722,36.70557],[140.63753,36.70602],[140.63766,36.70674],[140.63831,36.7082],[140.63896,36.70906],[140.63882,36.70932],[140.6377,36.70927],[140.63648,36.7087],[140.6359,36.70831],[140.636,36.70754],[140.6355,36.70745],[140.63442,36.70831],[140.63396,36.70838],[140.63323,36.70795],[140.63292,36.70724],[140.63221,36.7069],[140.63185,36.70756],[140.63084,36.70736],[140.63089,36.70775],[140.63186,36.70788],[140.63303,36.70845],[140.63201,36.70887],[140.63323,36.70904],[140.63315,36.71035],[140.63237,36.7107],[140.63394,36.71137]],[[140.64624,36.70081],[140.64711,36.70104],[140.6477,36.70057],[140.64742,36.70037],[140.64624,36.70081]],[[140.62303,36.69091],[140.62316,36.69199],[140.62312,36.69313],[140.62293,36.69384],[140.62316,36.69443],[140.62428,36.69412],[140.62451,36.69353],[140.62498,36.69342],[140.625,36.69287],[140.62459,36.69279],[140.62402,36.69222],[140.62365,36.69097],[140.62303,36.69091]],[[140.63951,36.69709],[140.63993,36.69789],[140.64004,36.69884],[140.64049,36.69857],[140.64035,36.69767],[140.63951,36.69709]],[[140.6542,36.69659],[140.65447,36.69626],[140.65377,36.69602],[140.65321,36.6963],[140.6542,36.69659]],[[140.64905,36.69621],[140.64947,36.69561],[140.64988,36.69557],[140.65109,36.69588],[140.65176,36.69576],[140.65158,36.69534],[140.65054,36.69543],[140.64882,36.69497],[140.64905,36.69621]],[[140.64379,36.69411],[140.64417,36.69447],[140.64478,36.69347],[140.6444,36.69325],[140.64379,36.69411]],[[140.64037,36.69275],[140.64093,36.69263],[140.6416,36.69211],[140.64295,36.69231],[140.64474,36.69236],[140.64465,36.6917],[140.64387,36.69155],[140.6433,36.69052],[140.64256,36.69043],[140.64322,36.69158],[140.64249,36.69139],[140.64159,36.69181],[140.64104,36.69186],[140.64037,36.69275]],[[140.63983,36.69108],[140.63991,36.69054],[140.63945,36.69015],[140.63947,36.68979],[140.64072,36.68804],[140.64003,36.68831],[140.63898,36.68986],[140.63784,36.68999],[140.63719,36.69049],[140.63689,36.69099],[140.63752,36.69126],[140.63796,36.69064],[140.63888,36.69043],[140.63983,36.69108]],[[140.6453,36.68427],[140.64477,36.68466],[140.64372,36.68512],[140.64248,36.68581],[140.64294,36.68602],[140.64406,36.68528],[140.64559,36.68469],[140.6453,36.68427]],[[140.6408,36.68294],[140.64105,36.6833],[140.64184,36.68271],[140.64155,36.68247],[140.6408,36.68294]],[[140.63938,36.6828],[140.63776,36.68208],[140.6372,36.68228],[140.63476,36.68251],[140.63492,36.68278],[140.63722,36.68285],[140.63938,36.6828]]]},"properties":{"hoanrinKind":"保安林"}},
{"type":"Feature","geometry":{"type":"Polygon","coordinates":[[[140.60373,36.71187],[140.60384,36.71192],[140.6039,36.71201],[140.60367,36.71188],[140.60373,36.71187]]]},"properties":{"hoanrinKind":"保安林"}},
{"type":"Feature","geometry":{"type":"Polygon","coordinates":[[[140.60439,36.71226],[140.60447,36.71227],[140.60454,36.71232],[140.60454,36.71237],[140.60439,36.71226]]]},"properties":{"hoanrinKind":"保安林"}},
{"type":"Feature","geometry":{"type":"Polygon","coordinates":[[[140.60561,36.71314],[140.60585,36.71319],[140.60641,36.71348],[140.60597,36.71332],[140.60561,36.71314]]]},"properties":{"hoanrinKind":"保安林"}},
{"type":"Feature","geometry":{"type":"Polygon","coordinates":[[[140.60618,36.71155],[140.60649,36.71181],[140.60663,36.71264],[140.60602,36.71182],[140.60618,36.71155]]]},"properties":{"hoanrinKind":"保安林"}},
{"type":"Feature","geometry":{"type":"Polygon","coordinates":[[[140.64211,36.72245],[140.6388,36.72369],[140.63774,36.72384],[140.63712,36.72328],[140.63664,36.72313],[140.63584,36.72325],[140.6349,36.72317],[140.63436,36.72246],[140.63534,36.72188],[140.63519,36.72096],[140.63392,36.7197],[140.63339,36.7195],[140.63194,36.71949],[140.63156,36.71907],[140.63211,36.71867],[140.63239,36.7182],[140.63253,36.7174],[140.63324,36.71628],[140.6331,36.71576],[140.63255,36.7152],[140.63241,36.71465],[140.63191,36.71386],[140.63256,36.71326],[140.63322,36.71342],[140.63485,36.71406],[140.63549,36.71445],[140.6358,36.71544],[140.63678,36.71544],[140.63809,36.71612],[140.63964,36.71655],[140.64053,36.71619],[140.64293,36.71565],[140.64347,36.71578],[140.64415,36.71539],[140.64412,36.71375],[140.64508,36.71354],[140.64566,36.71224],[140.64601,36.71173],[140.64731,36.71093],[140.64727,36.71144],[140.64787,36.71142],[140.64817,36.71263],[140.64817,36.71357],[140.6491,36.71479],[140.64939,36.71422],[140.64918,36.71299],[140.64842,36.71159],[140.64838,36.71125],[140.64904,36.71094],[140.64923,36.71049],[140.65024,36.71018],[140.65045,36.71171],[140.65033,36.71253],[140.65059,36.71351],[140.65018,36.71433],[140.65035,36.7145],[140.65137,36.71434],[140.65207,36.71465],[140.6515,36.71517],[140.6513,36.71562],[140.65174,36.71581],[140.65214,36.71516],[140.65307,36.71459],[140.65367,36.71388],[140.65487,36.71355],[140.65535,36.7126],[140.6559,36.71236],[140.65628,36.71169],[140.65635,36.71101],[140.65593,36.71064],[140.65623,36.7098],[140.6574,36.71032],[140.65813,36.71004],[140.65871,36.71098],[140.6601,36.71077],[140.66119,36.71022],[140.66174,36.71039],[140.66127,36.71147],[140.66222,36.71201],[140.66278,36.7125],[140.66357,36.71252],[140.66424,36.71216],[140.66611,36.71268],[140.66686,36.71342],[140.66661,36.71399],[140.66562,36.71418],[140.66547,36.71501],[140.665,36.71545],[140.66406,36.71513],[140.66295,36.71526],[140.66249,36.71479],[140.66148,36.71459],[140.6605,36.71424],[140.65882,36.71414],[140.65775,36.71374],[140.65679,36.71366],[140.65554,36.71406],[140.65431,36.71491],[140.654,36.71527],[140.65366,36.71719],[140.65322,36.71832],[140.65483,36.7184],[140.6563,36.71866],[140.65668,36.7183],[140.65779,36.71807],[140.65884,36.71815],[140.66043,36.71886],[140.66078,36.71811],[140.66066,36.71758],[140.66164,36.71722],[140.66325,36.71783],[140.66522,36.71832],[140.6657,36.71781],[140.66382,36.71771],[140.66322,36.71719],[140.66261,36.717],[140.6608,36.71711],[140.65981,36.71688],[140.65874,36.7163],[140.6582,36.717],[140.65745,36.71709],[140.6565,36.71662],[140.65721,36.71523],[140.65775,36.71513],[140.65896,36.71519],[140.66047,36.71575],[140.66047,36.71622],[140.6617,36.71634],[140.66293,36.71663],[140.66449,36.71727],[140.66507,36.71727],[140.66497,36.71649],[140.66533,36.71635],[140.66612,36.71702],[140.66726,36.71696],[140.66782,36.71738],[140.66775,36.71814],[140.66704,36.71821],[140.66693,36.7188],[140.66636,36.719],[140.6654,36.71875],[140.66535,36.71908],[140.66617,36.71957],[140.66594,36.72095],[140.66749,36.72138],[140.6681,36.7214],[140.66908,36.72172],[140.67025,36.72136],[140.67049,36.72172],[140.67013,36.72327],[140.6692,36.72386],[140.66838,36.7238],[140.66767,36.72348],[140.66622,36.72321],[140.66561,36.72359],[140.66546,36.72228],[140.66457,36.72183],[140.6653,36.72163],[140.66549,36.7211],[140.66498,36.72071],[140.66475,36.72017],[140.66411,36.72002],[140.6637,36.72063],[140.66242,36.7204],[140.66181,36.71977],[140.66156,36.72013],[140.66202,36.7206],[140.66252,36.72079],[140.66435,36.72118],[140.66398,36.72143],[140.6629,36.7211],[140.66245,36.72113],[140.66237,36.72208],[140.66213,36.72275],[140.66094,36.72356],[140.66067,36.7239],[140.65997,36.72401],[140.65941,36.72388],[140.65896,36.72301],[140.65804,36.72158],[140.65761,36.72142],[140.65677,36.72158],[140.65574,36.72148],[140.65546,36.72178],[140.65495,36.72297],[140.65429,36.72354],[140.65354,36.72379],[140.65257,36.72384],[140.65145,36.7241],[140.65068,36.72449],[140.64984,36.72457],[140.64937,36.7236],[140.64795,36.7234],[140.64755,36.72223],[140.64785,36.7219],[140.64667,36.72129],[140.64604,36.72136],[140.64519,36.72099],[140.64442,36.72007],[140.64361,36.72004],[140.64291,36.72041],[140.64251,36.72085],[140.64234,36.72199],[140.64211,36.72245]],[[140.65896,36.71915],[140.66067,36.72062],[140.66044,36.72084],[140.66071,36.72138],[140.6615,36.72112],[140.66163,36.72059],[140.6601,36.71942],[140.65896,36.71915]],[[140.65054,36.71753],[140.64913,36.71878],[140.64939,36.71898],[140.65077,36.71772],[140.65054,36.71753]],[[140.65701,36.71262],[140.6562,36.71248],[140.65587,36.7128],[140.65653,36.71315],[140.65701,36.71262]],[[140.65991,36.7129],[140.65959,36.71347],[140.66131,36.71324],[140.66046,36.71291],[140.65991,36.7129]],[[140.65863,36.71145],[140.65797,36.71193],[140.65885,36.71214],[140.6592,36.71191],[140.65863,36.71145]]]},"properties":{"hoanrinKind":"保安林"}},
{"type":"Feature","geometry":{"type":"Polygon","coordinates":[[[140.63598,36.7239],[140.63595,36.72348],[140.63648,36.72355],[140.63683,36.72387],[140.63598,36.7239]]]},"properties":{"hoanrinKind":"保安林"}},
{"type":"Feature","geometry":{"type":"Polygon","coordinates":[[[140.63582,36.72436],[140.63584,36.72443],[140.63578,36.72463],[140.63572,36.72469],[140.63582,36.72436]]]},"properties":{"hoanrinKind":"保安林"}},
{"type":"Feature","geometry":{"type":"Polygon","coordinates":[[[140.7277,36.7303],[140.7281,36.7303],[140.72822,36.73139],[140.72754,36.73113],[140.7277,36.7303]]]},"properties":{"hoanrinKind":"保安林"}},
{"type":"Feature","geometry":{"type":"Polygon","coordinates":[[[140.72826,36.73314],[140.72837,36.73317],[140.72854,36.73607],[140.72809,36.73376],[140.72826,36.73314]]]},"properties":{"hoanrinKind":"保安林"}},
{"type":"Feature","geometry":{"type":"Polygon","coordinates":[[[140.65314,36.73999],[140.65246,36.73989],[140.65176,36.73934],[140.65214,36.73919],[140.65304,36.73957],[140.65446,36.73974],[140.65582,36.73957],[140.65637,36.73918],[140.65681,36.73786],[140.65628,36.73735],[140.65539,36.73712],[140.65316,36.73673],[140.6526,36.73676],[140.65205,36.73648],[140.65189,36.736],[140.65069,36.73559],[140.64922,36.7356],[140.6479,36.73588],[140.64666,36.73578],[140.64654,36.73536],[140.64692,36.73476],[140.64697,36.73404],[140.64736,36.73315],[140.6471,36.7326],[140.64607,36.7316],[140.64481,36.73019],[140.64418,36.72965],[140.64282,36.72883],[140.64274,36.72834],[140.64371,36.72766],[140.644,36.72694],[140.64484,36.72586],[140.64559,36.72533],[140.64651,36.72538],[140.64739,36.72581],[140.6488,36.72558],[140.65063,36.72568],[140.65133,36.72546],[140.65203,36.72485],[140.65316,36.72483],[140.65339,36.72525],[140.6541,36.72579],[140.65493,36.72602],[140.65588,36.72594],[140.65689,36.72514],[140.65754,36.72482],[140.65979,36.72527],[140.6609,36.72533],[140.66096,36.72557],[140.66045,36.72624],[140.65999,36.72726],[140.66001,36.72764],[140.66138,36.72729],[140.66163,36.7282],[140.66149,36.72877],[140.66113,36.72897],[140.66037,36.72887],[140.65921,36.72913],[140.65796,36.72902],[140.65774,36.7292],[140.65746,36.73035],[140.65719,36.73081],[140.65771,36.73098],[140.6582,36.73063],[140.65882,36.73049],[140.65965,36.7307],[140.66108,36.73089],[140.66169,36.73129],[140.66214,36.73203],[140.66282,36.7325],[140.66292,36.7331],[140.66367,36.73312],[140.66467,36.73379],[140.6625,36.73385],[140.66167,36.73351],[140.66079,36.73285],[140.6599,36.73238],[140.65946,36.73254],[140.65965,36.73318],[140.65946,36.73373],[140.65863,36.73309],[140.657,36.73201],[140.65638,36.73185],[140.65546,36.73188],[140.65561,36.73256],[140.65644,36.73289],[140.65736,36.73397],[140.65787,36.73426],[140.65935,36.73418],[140.66008,36.73438],[140.66034,36.73478],[140.65833,36.73474],[140.65784,36.73509],[140.65707,36.7349],[140.6558,36.73398],[140.65491,36.73384],[140.65456,36.73401],[140.65464,36.73509],[140.65452,36.73536],[140.65236,36.73521],[140.6524,36.73561],[140.65356,36.73612],[140.6547,36.73599],[140.65497,36.73663],[140.65548,36.73673],[140.65589,36.73646],[140.65668,36.73681],[140.65704,36.73674],[140.65753,36.73613],[140.65874,36.73555],[140.65953,36.73539],[140.66036,36.73619],[140.66079,36.7362],[140.66251,36.7352],[140.66302,36.73444],[140.66417,36.73484],[140.66463,36.73574],[140.66337,36.7359],[140.66241,36.73618],[140.66078,36.7372],[140.65981,36.73722],[140.65834,36.73844],[140.65776,36.73855],[140.65735,36.73953],[140.65742,36.73991],[140.65905,36.74007],[140.6595,36.74078],[140.65988,36.74086],[140.66213,36.7403],[140.66324,36.74029],[140.6642,36.73959],[140.66443,36.73991],[140.66387,36.74051],[140.66302,36.74075],[140.66104,36.74106],[140.66004,36.74173],[140.65945,36.74183],[140.65897,36.74249],[140.65831,36.74194],[140.65807,36.74279],[140.65761,36.74329],[140.65899,36.74312],[140.65943,36.74351],[140.65989,36.74432],[140.66004,36.74507],[140.65963,36.74532],[140.65865,36.7448],[140.65809,36.745],[140.65694,36.74405],[140.65612,36.74418],[140.65457,36.74485],[140.65361,36.7442],[140.65376,36.74338],[140.65433,36.74294],[140.65409,36.74253],[140.65326,36.74192],[140.6523,36.74193],[140.6528,36.74025],[140.65314,36.73999]]]},"properties":{"hoanrinKind":"保安林"}},
{"type":"Feature","geometry":{"type":"Polygon","coordinates":[[[140.27229,36.74802],[140.27228,36.74864],[140.27109,36.74914],[140.27106,36.7497],[140.27069,36.75003],[140.27038,36.75084],[140.26997,36.74995],[140.26981,36.74912],[140.26985,36.7479],[140.26918,36.74767],[140.26929,36.74727],[140.26839,36.74722],[140.26728,36.74834],[140.26698,36.74909],[140.26698,36.75011],[140.26653,36.75033],[140.2654,36.75047],[140.26461,36.74947],[140.26416,36.74853],[140.26456,36.74779],[140.26532,36.74685],[140.26713,36.74549],[140.26748,36.74484],[140.26817,36.74318],[140.26884,36.74263],[140.26911,36.7421],[140.27025,36.74263],[140.27111,36.74217],[140.27115,36.74163],[140.27165,36.7411],[140.27259,36.74081],[140.27312,36.74045],[140.27343,36.73975],[140.27401,36.73982],[140.27745,36.73875],[140.27763,36.7377],[140.27845,36.73739],[140.27947,36.7366],[140.27989,36.73594],[140.28051,36.73607],[140.2814,36.73583],[140.28178,36.73546],[140.28192,36.73489],[140.28337,36.73427],[140.28354,36.73335],[140.28462,36.73242],[140.28503,36.73111],[140.28482,36.73077],[140.28528,36.7299],[140.28562,36.72965],[140.28613,36.72876],[140.28667,36.72812],[140.28652,36.72785],[140.28722,36.72677],[140.28746,36.72665],[140.28763,36.72527],[140.28726,36.72442],[140.28676,36.72381],[140.28689,36.72343],[140.28797,36.72347],[140.28825,36.72374],[140.28861,36.72467],[140.28917,36.72554],[140.29007,36.72582],[140.29034,36.72638],[140.29089,36.72677],[140.29075,36.72776],[140.29139,36.72745],[140.29226,36.72729],[140.29283,36.72652],[140.29351,36.72593],[140.29513,36.72664],[140.29611,36.72723],[140.29785,36.72858],[140.29893,36.72859],[140.29903,36.72904],[140.30124,36.72872],[140.30119,36.7291],[140.30027,36.72922],[140.29797,36.72971],[140.29626,36.73042],[140.29566,36.73088],[140.29471,36.73209],[140.29632,36.73304],[140.29572,36.73343],[140.29553,36.73402],[140.2957,36.73495],[140.29543,36.73518],[140.29523,36.73647],[140.29475,36.73668],[140.29401,36.73742],[140.29461,36.73842],[140.2945,36.73945],[140.29478,36.74005],[140.29579,36.74149],[140.29582,36.74178],[140.29408,36.7423],[140.29436,36.74153],[140.29436,36.74086],[140.2938,36.74034],[140.2937,36.73978],[140.29294,36.73693],[140.29269,36.73659],[140.29193,36.73615],[140.29165,36.73565],[140.29037,36.73485],[140.28965,36.73394],[140.28894,36.73332],[140.28854,36.73354],[140.28955,36.73459],[140.29005,36.73526],[140.29118,36.73625],[140.29199,36.73671],[140.29282,36.73832],[140.29308,36.73955],[140.29265,36.7414],[140.29201,36.74206],[140.29177,36.74139],[140.29092,36.74144],[140.29092,36.74103],[140.28896,36.74089],[140.28889,36.74115],[140.28951,36.74194],[140.29026,36.74328],[140.28997,36.74422],[140.28852,36.74429],[140.28751,36.74419],[140.28641,36.74444],[140.28575,36.74423],[140.28634,36.74311],[140.28638,36.74246],[140.28615,36.74132],[140.28577,36.74079],[140.28482,36.73986],[140.28591,36.73894],[140.28594,36.73859],[140.28481,36.738],[140.28384,36.73706],[140.28248,36.73714],[140.28182,36.73739],[140.2795,36.73756],[140.27917,36.73775],[140.27972,36.73855],[140.28063,36.73855],[140.28107,36.73764],[140.28132,36.7383],[140.28113,36.73919],[140.28237,36.73844],[140.2829,36.73861],[140.28146,36.73983],[140.28174,36.74021],[140.2827,36.74013],[140.28229,36.74104],[140.28204,36.74353],[140.28159,36.74466],[140.28093,36.74584],[140.27929,36.74618],[140.27853,36.74488],[140.27823,36.7449],[140.27849,36.74589],[140.27827,36.74622],[140.27752,36.74605],[140.27715,36.74665],[140.27563,36.74737],[140.27444,36.74906],[140.27386,36.74897],[140.27319,36.74854],[140.27285,36.74799],[140.27229,36.74802]],[[140.2663,36.74921],[140.26673,36.74857],[140.26708,36.7472],[140.2663,36.7471],[140.26599,36.74851],[140.26553,36.74957],[140.26606,36.74958],[140.2663,36.74921]]]},"properties":{"hoanrinKind":"保安林"}},
{"type":"Feature","geometry":{"type":"Polygon","coordinates":[[[140.39956,36.75425],[140.39884,36.7544],[140.39839,36.75388],[140.39739,36.75385],[140.398,36.75318],[140.39854,36.75232],[140.39904,36.7518],[140.39829,36.75155],[140.39786,36.75171],[140.39756,36.75253],[140.39758,36.75323],[140.39688,36.75287],[140.39615,36.75288],[140.39481,36.7537],[140.39396,36.75377],[140.39334,36.75337],[140.3932,36.75268],[140.39671,36.75119],[140.39723,36.75084],[140.39766,36.75011],[140.39865,36.74941],[140.39948,36.7493],[140.39991,36.74878],[140.39934,36.74829],[140.40082,36.74791],[140.40009,36.74735],[140.39989,36.74668],[140.39947,36.7461],[140.3999,36.74562],[140.40029,36.74473],[140.40075,36.74464],[140.40109,36.74411],[140.40214,36.74406],[140.40271,36.74367],[140.40398,36.74335],[140.40499,36.74277],[140.40514,36.74243],[140.4051,36.74152],[140.40473,36.74003],[140.40417,36.73921],[140.4021,36.73933],[140.40087,36.73913],[140.40013,36.7385],[140.40028,36.73826],[140.40135,36.73889],[140.40159,36.73876],[140.39974,36.73759],[140.3997,36.73706],[140.4003,36.73698],[140.40133,36.73804],[140.40178,36.73791],[140.40105,36.7373],[140.40104,36.73666],[140.40212,36.73774],[140.40243,36.73775],[140.40341,36.7373],[140.40343,36.73703],[140.40158,36.73668],[140.40317,36.73575],[140.4044,36.73536],[140.40479,36.73563],[140.40555,36.73475],[140.40737,36.73375],[140.40824,36.73386],[140.40905,36.73373],[140.4095,36.73338],[140.40985,36.73274],[140.41102,36.73107],[140.41105,36.73042],[140.41222,36.731],[140.41224,36.73056],[140.41193,36.73001],[140.41229,36.72913],[140.41311,36.72862],[140.4143,36.72865],[140.41483,36.72823],[140.41461,36.72732],[140.41462,36.72647],[140.4149,36.72624],[140.41634,36.7257],[140.41638,36.72532],[140.4159,36.72451],[140.41624,36.72364],[140.41612,36.72297],[140.41629,36.72257],[140.41616,36.72182],[140.4164,36.72163],[140.41883,36.72156],[140.41986,36.72213],[140.42026,36.72216],[140.42134,36.72148],[140.42195,36.72035],[140.42221,36.72029],[140.42333,36.72114],[140.4244,36.72248],[140.42428,36.72328],[140.42457,36.72353],[140.42548,36.72324],[140.42555,36.72282],[140.42496,36.72168],[140.42438,36.72101],[140.42425,36.72042],[140.42342,36.71976],[140.42328,36.71926],[140.42345,36.71854],[140.42462,36.71844],[140.42534,36.71867],[140.42567,36.71839],[140.42494,36.71767],[140.42446,36.71688],[140.4234,36.71627],[140.42318,36.71593],[140.42316,36.71383],[140.42227,36.71312],[140.42063,36.71283],[140.41936,36.71215],[140.41924,36.71171],[140.42085,36.71253],[140.42185,36.71255],[140.42298,36.71288],[140.42313,36.71236],[140.42285,36.71206],[140.4219,36.71169],[140.42142,36.71106],[140.42124,36.71053],[140.42168,36.70991],[140.42247,36.70973],[140.42314,36.70999],[140.42359,36.70989],[140.42372,36.70945],[140.42451,36.70938],[140.42469,36.71017],[140.42546,36.70924],[140.42537,36.70776],[140.42579,36.707],[140.42532,36.7067],[140.42539,36.70529],[140.42561,36.70511],[140.42656,36.70693],[140.42683,36.70795],[140.42606,36.70903],[140.4259,36.70991],[140.42555,36.71057],[140.42452,36.71103],[140.42436,36.71155],[140.42447,36.71216],[140.42444,36.71416],[140.42471,36.71532],[140.42534,36.71632],[140.42603,36.71685],[140.42701,36.71737],[140.4268,36.71809],[140.4271,36.71917],[140.42808,36.71996],[140.42819,36.72038],[140.42797,36.72192],[140.42857,36.72203],[140.42914,36.72184],[140.42967,36.72197],[140.43015,36.72322],[140.43043,36.72364],[140.43122,36.72419],[140.43097,36.72536],[140.43181,36.72678],[140.43188,36.72718],[140.43286,36.72826],[140.43282,36.72859],[140.43147,36.72874],[140.43082,36.72893],[140.42896,36.72868],[140.42839,36.72821],[140.42749,36.72829],[140.42692,36.72804],[140.42689,36.7271],[140.42647,36.72705],[140.42643,36.72807],[140.4259,36.72921],[140.42531,36.7288],[140.4247,36.72782],[140.42311,36.72728],[140.42204,36.7271],[140.42117,36.72657],[140.41978,36.72669],[140.4197,36.72683],[140.42089,36.72748],[140.42244,36.72773],[140.42333,36.72834],[140.42301,36.7287],[140.42215,36.72885],[140.42074,36.72968],[140.41927,36.72968],[140.41866,36.73028],[140.41767,36.73028],[140.41648,36.73014],[140.41588,36.73034],[140.41585,36.73145],[140.41672,36.73283],[140.41609,36.73365],[140.41454,36.73485],[140.41405,36.73546],[140.41367,36.73697],[140.41293,36.73704],[140.41136,36.73823],[140.40946,36.7411],[140.4086,36.74273],[140.40821,36.743],[140.40879,36.74339],[140.40893,36.74288],[140.40945,36.7424],[140.41019,36.74115],[140.4106,36.74079],[140.41147,36.74115],[140.41161,36.74054],[140.412,36.73999],[140.41299,36.73908],[140.41189,36.73892],[140.4132,36.73766],[140.41386,36.73807],[140.4145,36.73672],[140.41455,36.73607],[140.41484,36.73518],[140.41547,36.73471],[140.4173,36.73449],[140.41839,36.73476],[140.41898,36.73449],[140.41873,36.73355],[140.41998,36.73343],[140.41999,36.73424],[140.42025,36.73508],[140.41995,36.73632],[140.41893,36.73725],[140.4181,36.73869],[140.4182,36.7403],[140.4181,36.74076],[140.41767,36.74113],[140.41762,36.74182],[140.41683,36.74184],[140.4163,36.74203],[140.41603,36.74307],[140.41688,36.74433],[140.41685,36.74506],[140.41783,36.74617],[140.41791,36.7479],[140.41686,36.74778],[140.41657,36.74754],[140.41598,36.74763],[140.41518,36.74744],[140.41452,36.74808],[140.41364,36.74842],[140.41231,36.74784],[140.41126,36.74706],[140.41049,36.74734],[140.40959,36.74703],[140.409,36.74729],[140.40879,36.74819],[140.40929,36.7488],[140.4089,36.74908],[140.408,36.74924],[140.40765,36.7489],[140.40677,36.74912],[140.40646,36.74866],[140.40677,36.74787],[140.40672,36.74681],[140.40706,36.74681],[140.40706,36.74607],[140.40685,36.74563],[140.40635,36.74747],[140.4059,36.74795],[140.40576,36.74892],[140.40527,36.74983],[140.40566,36.75139],[140.40541,36.75163],[140.40453,36.75161],[140.40303,36.75174],[140.40213,36.75217],[140.40178,36.75174],[140.40118,36.75171],[140.40052,36.75233],[140.40038,36.75284],[140.40145,36.75288],[140.40145,36.75334],[140.40176,36.75387],[140.40051,36.75424],[140.40001,36.75353],[140.39956,36.75425]],[[140.401,36.75107],[140.40129,36.75119],[140.40296,36.75109],[140.40385,36.75086],[140.40357,36.75033],[140.40193,36.74985],[140.40096,36.75035],[140.401,36.75107]],[[140.39913,36.75015],[140.39801,36.75044],[140.39913,36.75104],[140.39913,36.75015]]]},"properties":{"hoanrinKind":"保安林"}},
{"type":"Feature","geometry":{"type":"Polygon","coordinates":[[[140.36238,36.72075],[140.36208,36.72091],[140.36135,36.72075],[140.36178,36.72033],[140.36248,36.72021],[140.36406,36.71965],[140.36425,36.72024],[140.36327,36.72029],[140.36238,36.72075]]]},"properties":{"hoanrinKind":"保安林"}},
{"type":"Feature","geometry":{"type":"Polygon","coordinates":[[[140.36568,36.72181],[140.36533,36.72204],[140.36512,36.72183],[140.36535,36.72152],[140.36568,36.72181]]]},"properties":{"hoanrinKind":"保安林"}},
{"type":"Feature","geometry":{"type":"Polygon","coordinates":[[[140.36706,36.72207],[140.36715,36.72204],[140.36714,36.72205],[140.36709,36.72206],[140.36706,36.72207]]]},"properties":{"hoanrinKind":"保安林"}},
{"type":"Feature","geometry":{"type":"Polygon","coordinates":[[[140.36103,36.72123],[140.36185,36.72201],[140.36169,36.7223],[140.36029,36.7212],[140.36103,36.72123]]]},"properties":{"hoanrinKind":"保安林"}},
{"type":"Feature","geometry":{"type":"Polygon","coordinates":[[[140.35823,36.72249],[140.35807,36.72263],[140.35801,36.72252],[140.35823,36.72249]]]},"properties":{"hoanrinKind":"保安林"}},
{"type":"Feature","geometry":{"type":"Polygon","coordinates":[[[140.35996,36.72207],[140.3609,36.7228],[140.36014,36.7229],[140.35864,36.72179],[140.3588,36.72137],[140.35943,36.72143],[140.35996,36.72207]]]},"properties":{"hoanrinKind":"保安林"}},
{"type":"Feature","geometry":{"type":"Polygon","coordinates":[[[140.36629,36.72297],[140.36514,36.72331],[140.36533,36.72283],[140.36608,36.72281],[140.36722,36.72259],[140.36796,36.72214],[140.36788,36.72145],[140.3686,36.72174],[140.36861,36.72221],[140.36629,36.72297]]]},"properties":{"hoanrinKind":"保安林"}},
{"type":"Feature","geometry":{"type":"Polygon","coordinates":[[[140.36175,36.72347],[140.36174,36.72359],[140.36161,36.72352],[140.36175,36.72347]]]},"properties":{"hoanrinKind":"保安林"}},
{"type":"Feature","geometry":{"type":"Polygon","coordinates":[[[140.36011,36.72362],[140.36007,36.72374],[140.3599,36.72381],[140.36009,36.72359],[140.36011,36.72362]]]},"properties":{"hoanrinKind":"保安林"}},
{"type":"Feature","geometry":{"type":"Polygon","coordinates":[[[140.36373,36.72421],[140.36348,36.72403],[140.36403,36.72396],[140.36452,36.72375],[140.36443,36.724],[140.36373,36.72421]]]},"properties":{"hoanrinKind":"保安林"}},
{"type":"Feature","geometry":{"type":"Polygon","coordinates":[[[140.36096,36.72383],[140.36108,36.72431],[140.36076,36.72449],[140.36077,36.72387],[140.36096,36.72383]]]},"properties":{"hoanrinKind":"保安林"}},
{"type":"Feature","geometry":{"type":"Polygon","coordinates":[[[140.35899,36.72461],[140.35876,36.72482],[140.35863,36.72466],[140.35899,36.72461]]]},"properties":{"hoanrinKind":"保安林"}},
{"type":"Feature","geometry":{"type":"Polygon","coordinates":[[[140.36312,36.72488],[140.36179,36.72538],[140.36189,36.72517],[140.36244,36.72494],[140.36312,36.72488]]]},"properties":{"hoanrinKind":"保安林"}},
{"type":"Feature","geometry":{"type":"Polygon","coordinates":[[[140.36239,36.72681],[140.36249,36.727],[140.36216,36.72707],[140.36239,36.72681]]]},"properties":{"hoanrinKind":"保安林"}},
{"type":"Feature","geometry":{"type":"Polygon","coordinates":[[[140.35828,36.7283],[140.35737,36.7283],[140.35722,36.72736],[140.35691,36.72693],[140.35551,36.7262],[140.35479,36.72511],[140.35406,36.72496],[140.35393,36.72413],[140.35451,36.72302],[140.35494,36.72287],[140.35534,36.72315],[140.35703,36.72352],[140.35758,36.72386],[140.35809,36.72443],[140.35805,36.72473],[140.35908,36.72572],[140.35978,36.72613],[140.35994,36.7265],[140.36082,36.72741],[140.36078,36.72789],[140.3595,36.72836],[140.35828,36.7283]]]},"properties":{"hoanrinKind":"保安林"}},
{"type":"Feature","geometry":{"type":"Polygon","coordinates":[[[140.35829,36.73059],[140.3578,36.73074],[140.35786,36.73049],[140.35829,36.73059]]]},"properties":{"hoanrinKind":"保安林"}},
{"type":"Feature","geometry":{"type":"Polygon","coordinates":[[[140.35643,36.73024],[140.35641,36.73054],[140.35621,36.73065],[140.35643,36.73024]]]},"properties":{"hoanrinKind":"保安林"}},
{"type":"Feature","geometry":{"type":"Polygon","coordinates":[[[140.37713,36.73177],[140.37707,36.73162],[140.37742,36.73149],[140.37729,36.73171],[140.37713,36.73177]]]},"properties":{"hoanrinKind":"保安林"}},
{"type":"Feature","geometry":{"type":"Polygon","coordinates":[[[140.35784,36.73119],[140.35728,36.73126],[140.35709,36.73156],[140.35666,36.73144],[140.35682,36.73113],[140.35784,36.73119]]]},"properties":{"hoanrinKind":"保安林"}},
{"type":"Feature","geometry":{"type":"Polygon","coordinates":[[[140.37645,36.73354],[140.37694,36.73316],[140.37763,36.73324],[140.37697,36.73354],[140.37645,36.73354]]]},"properties":{"hoanrinKind":"保安林"}},
{"type":"Feature","geometry":{"type":"Polygon","coordinates":[[[140.37453,36.73261],[140.37577,36.73176],[140.3761,36.73194],[140.37532,36.73246],[140.37453,36.73261]]]},"properties":{"hoanrinKind":"保安林"}},
{"type":"Feature","geometry":{"type":"Polygon","coordinates":[[[140.37539,36.73395],[140.37437,36.7341],[140.37427,36.73399],[140.37507,36.7338],[140.37539,36.73395]]]},"properties":{"hoanrinKind":"保安林"}},
{"type":"Feature","geometry":{"type":"Polygon","coordinates":[[[140.36722,36.7367],[140.36706,36.73684],[140.36689,36.73684],[140.36675,36.73672],[140.36722,36.7367]]]},"properties":{"hoanrinKind":"保安林"}},
{"type":"Feature","geometry":{"type":"Polygon","coordinates":[[[140.36689,36.73751],[140.36704,36.73832],[140.36634,36.73807],[140.36492,36.73721],[140.36595,36.73694],[140.3667,36.73705],[140.36689,36.73751]]]},"properties":{"hoanrinKind":"保安林"}},
{"type":"Feature","geometry":{"type":"Polygon","coordinates":[[[140.35876,36.75925],[140.35772,36.76004],[140.3576,36.7577],[140.35663,36.75637],[140.35638,36.75546],[140.35676,36.75539],[140.35648,36.75408],[140.35596,36.75226],[140.35569,36.75185],[140.35283,36.75205],[140.35237,36.75262],[140.35276,36.75333],[140.35339,36.75546],[140.3529,36.75596],[140.35385,36.75666],[140.35436,36.75751],[140.35354,36.75791],[140.35316,36.75837],[140.35257,36.75816],[140.35214,36.75765],[140.35159,36.75759],[140.35127,36.75694],[140.35043,36.75654],[140.35006,36.75612],[140.34992,36.75492],[140.34851,36.75342],[140.34831,36.75235],[140.3488,36.75152],[140.34864,36.75055],[140.34899,36.74984],[140.3488,36.74703],[140.3489,36.74661],[140.34967,36.74532],[140.35,36.74509],[140.3513,36.74474],[140.35121,36.74303],[140.35147,36.74277],[140.35226,36.74282],[140.35243,36.74259],[140.35262,36.74142],[140.35373,36.74052],[140.35405,36.74003],[140.35416,36.73854],[140.35462,36.738],[140.35481,36.73744],[140.35469,36.73657],[140.35482,36.73604],[140.35546,36.73522],[140.35526,36.73424],[140.35564,36.73328],[140.35539,36.73235],[140.35607,36.73237],[140.35608,36.7329],[140.35564,36.73342],[140.35606,36.73479],[140.35539,36.73636],[140.35536,36.7372],[140.35597,36.73708],[140.35629,36.73663],[140.35685,36.73661],[140.35686,36.73714],[140.35638,36.73804],[140.35534,36.73838],[140.35594,36.73896],[140.35544,36.73998],[140.35522,36.74014],[140.35565,36.74083],[140.35676,36.73888],[140.3564,36.73826],[140.35777,36.73802],[140.35787,36.73688],[140.35765,36.7364],[140.35651,36.73654],[140.35701,36.73384],[140.35746,36.73298],[140.35769,36.73205],[140.35829,36.73156],[140.36005,36.73123],[140.36045,36.73105],[140.36122,36.73033],[140.36107,36.72976],[140.35952,36.72994],[140.3594,36.7295],[140.35858,36.72942],[140.35846,36.72898],[140.36043,36.72931],[140.36094,36.72927],[140.36093,36.72859],[140.36154,36.72811],[140.36304,36.72792],[140.36356,36.72772],[140.36451,36.72784],[140.3656,36.7277],[140.36688,36.72725],[140.36782,36.72652],[140.36879,36.72507],[140.36944,36.72445],[140.37039,36.7253],[140.37062,36.72522],[140.37274,36.72734],[140.37444,36.72919],[140.3768,36.73125],[140.37607,36.73134],[140.37451,36.73181],[140.37309,36.73253],[140.37168,36.73253],[140.37128,36.73279],[140.37198,36.7333],[140.37072,36.73394],[140.37035,36.73426],[140.36986,36.73552],[140.371,36.73436],[140.37132,36.7345],[140.371,36.73606],[140.37111,36.73665],[140.37154,36.73709],[140.37101,36.7379],[140.37011,36.73809],[140.3693,36.73843],[140.36851,36.73838],[140.36775,36.73788],[140.36797,36.73722],[140.36763,36.73704],[140.36801,36.73601],[140.36831,36.73434],[140.36814,36.73415],[140.3669,36.7347],[140.36591,36.73457],[140.36474,36.73532],[140.36427,36.73545],[140.36384,36.73507],[140.36331,36.73525],[140.36242,36.73618],[140.36107,36.7363],[140.3599,36.73695],[140.35898,36.73789],[140.35888,36.73894],[140.35929,36.73897],[140.35934,36.73832],[140.35992,36.73741],[140.36045,36.73728],[140.36109,36.73658],[140.36187,36.73667],[140.36288,36.73614],[140.36348,36.73622],[140.36393,36.73744],[140.36503,36.73796],[140.36665,36.73857],[140.36656,36.73918],[140.36741,36.73888],[140.36793,36.73888],[140.3684,36.73924],[140.3695,36.73904],[140.3707,36.73919],[140.37144,36.73949],[140.37244,36.74056],[140.37205,36.74074],[140.37047,36.74097],[140.36981,36.74162],[140.36898,36.74138],[140.36911,36.7419],[140.37168,36.74351],[140.37156,36.74386],[140.37042,36.74382],[140.3685,36.74247],[140.36729,36.74263],[140.36696,36.74231],[140.36671,36.74146],[140.36634,36.74127],[140.36535,36.74144],[140.3649,36.74094],[140.36423,36.74119],[140.36454,36.74163],[140.36415,36.74194],[140.36452,36.74356],[140.36381,36.74355],[140.36334,36.74273],[140.36286,36.74322],[140.36244,36.7431],[140.36216,36.74255],[140.36139,36.74202],[140.36075,36.74189],[140.36001,36.74204],[140.36183,36.74327],[140.36226,36.74367],[140.36488,36.7443],[140.36497,36.74486],[140.36374,36.74541],[140.36334,36.74585],[140.36237,36.74618],[140.36082,36.74731],[140.36041,36.74815],[140.35975,36.74869],[140.35996,36.74927],[140.35949,36.75001],[140.35956,36.75159],[140.35925,36.75236],[140.35948,36.75326],[140.36095,36.75345],[140.36216,36.75437],[140.36282,36.75544],[140.36358,36.75542],[140.36388,36.75581],[140.3632,36.75595],[140.36471,36.75695],[140.36626,36.75772],[140.36635,36.75817],[140.36532,36.75823],[140.36506,36.75897],[140.36315,36.75881],[140.36219,36.75888],[140.36183,36.75708],[140.36201,36.75659],[140.36137,36.75595],[140.36064,36.75567],[140.36004,36.75456],[140.35968,36.75471],[140.35898,36.75583],[140.35922,36.75632],[140.3609,36.75815],[140.36171,36.7586],[140.3611,36.75877],[140.36155,36.75942],[140.3608,36.75972],[140.35994,36.75922],[140.35876,36.75925]],[[140.35851,36.74297],[140.35848,36.74252],[140.35767,36.74229],[140.35752,36.7426],[140.35851,36.74297]],[[140.37298,36.72981],[140.37266,36.73002],[140.37292,36.73126],[140.37322,36.73136],[140.37393,36.7308],[140.37345,36.7298],[140.37298,36.72981]]]},"properties":{"hoanrinKind":"保安林"}},
{"type":"Feature","geometry":{"type":"Polygon","coordinates":[[[140.48428,36.73564],[140.48441,36.73575],[140.48417,36.73563],[140.48428,36.73564]]]},"properties":{"hoanrinKind":"保安林"}},
{"type":"Feature","geometry":{"type":"Polygon","coordinates":[[[140.48132,36.73589],[140.48037,36.73593],[140.48142,36.73537],[140.48132,36.73589]]]},"properties":{"hoanrinKind":"保安林"}},
{"type":"Feature","geometry":{"type":"Polygon","coordinates":[[[140.47949,36.73654],[140.47948,36.73652],[140.47986,36.73634],[140.4798,36.73642],[140.47949,36.73654]]]},"properties":{"hoanrinKind":"保安林"}},
{"type":"Feature","geometry":{"type":"Polygon","coordinates":[[[140.45404,36.7475],[140.45433,36.7477],[140.4544,36.74822],[140.45381,36.7475],[140.45404,36.7475]]]},"properties":{"hoanrinKind":"保安林"}},
{"type":"Feature","geometry":{"type":"Polygon","coordinates":[[[140.45535,36.74945],[140.45549,36.74863],[140.45583,36.74922],[140.45535,36.74945]]]},"properties":{"hoanrinKind":"保安林"}},
{"type":"Feature","geometry":{"type":"Polygon","coordinates":[[[140.45274,36.74942],[140.45308,36.74974],[140.45281,36.74973],[140.45274,36.74942]]]},"properties":{"hoanrinKind":"保安林"}},
{"type":"Feature","geometry":{"type":"Polygon","coordinates":[[[140.46902,36.76179],[140.46905,36.76215],[140.46798,36.76201],[140.46662,36.76142],[140.46606,36.75994],[140.46568,36.75949],[140.46449,36.75875],[140.46389,36.75873],[140.46081,36.75896],[140.46083,36.75878],[140.46298,36.7577],[140.46357,36.75709],[140.46469,36.75681],[140.46528,36.75577],[140.46602,36.75553],[140.46529,36.7542],[140.46419,36.75429],[140.46233,36.75486],[140.46228,36.75426],[140.46312,36.75296],[140.4616,36.75238],[140.46098,36.75235],[140.46048,36.7528],[140.45968,36.75302],[140.4585,36.75393],[140.45822,36.75401],[140.45726,36.7523],[140.4566,36.75151],[140.45716,36.75123],[140.45726,36.75082],[140.45658,36.75023],[140.45714,36.7499],[140.45734,36.74926],[140.45775,36.74904],[140.45836,36.75035],[140.45946,36.75194],[140.45964,36.75133],[140.45856,36.74996],[140.45831,36.74902],[140.45866,36.74893],[140.4592,36.74997],[140.46032,36.75065],[140.46077,36.75141],[140.4611,36.75144],[140.46155,36.75085],[140.46053,36.75039],[140.46036,36.74977],[140.45974,36.74953],[140.45919,36.749],[140.45841,36.74798],[140.45933,36.74794],[140.4606,36.74853],[140.46123,36.74902],[140.46158,36.7485],[140.46155,36.74787],[140.46177,36.74696],[140.46267,36.74593],[140.46362,36.74531],[140.46346,36.74428],[140.46367,36.74396],[140.46337,36.74331],[140.46419,36.74262],[140.46345,36.74193],[140.46279,36.74169],[140.46236,36.74103],[140.46263,36.7409],[140.46402,36.74112],[140.46485,36.74019],[140.46421,36.73997],[140.46436,36.73907],[140.46357,36.7385],[140.4636,36.73803],[140.46447,36.73724],[140.46443,36.73671],[140.46517,36.73696],[140.4673,36.73685],[140.46711,36.73636],[140.46543,36.73523],[140.46522,36.73498],[140.46529,36.73285],[140.46489,36.73236],[140.46536,36.73146],[140.46615,36.73145],[140.46688,36.73092],[140.46682,36.73288],[140.46725,36.73302],[140.46733,36.73153],[140.46761,36.73121],[140.4684,36.73109],[140.46864,36.73028],[140.46954,36.73001],[140.4694,36.7294],[140.46871,36.72918],[140.46929,36.7287],[140.46953,36.72754],[140.46911,36.72718],[140.46938,36.72647],[140.47077,36.72715],[140.47113,36.72668],[140.47071,36.72628],[140.47043,36.72446],[140.46965,36.723],[140.46946,36.72212],[140.47069,36.72218],[140.47153,36.72243],[140.47354,36.724],[140.47453,36.72384],[140.47521,36.72292],[140.47456,36.72247],[140.47388,36.72142],[140.47383,36.72069],[140.47352,36.72023],[140.47352,36.71951],[140.47294,36.71894],[140.47303,36.7184],[140.47553,36.71816],[140.47651,36.7178],[140.47682,36.71716],[140.47558,36.71723],[140.47363,36.71701],[140.47395,36.71624],[140.4739,36.71524],[140.47374,36.71492],[140.47245,36.71447],[140.47214,36.71393],[140.47386,36.7142],[140.47479,36.7152],[140.47565,36.71587],[140.47601,36.71551],[140.47519,36.71501],[140.47465,36.71418],[140.47598,36.71418],[140.47735,36.71293],[140.4775,36.71209],[140.47806,36.71229],[140.4786,36.71209],[140.47898,36.71132],[140.47902,36.71079],[140.47867,36.71014],[140.47928,36.70989],[140.47958,36.70912],[140.48007,36.70915],[140.48106,36.70973],[140.48161,36.71058],[140.48203,36.71005],[140.48266,36.70973],[140.48141,36.70913],[140.48048,36.70886],[140.48096,36.70837],[140.48107,36.70759],[140.48191,36.70751],[140.48256,36.70702],[140.4836,36.70698],[140.48411,36.70673],[140.48423,36.70736],[140.48378,36.70747],[140.48368,36.70822],[140.48313,36.70905],[140.48352,36.70944],[140.48334,36.7106],[140.48303,36.71103],[140.48244,36.71092],[140.48223,36.71127],[140.48088,36.71152],[140.48029,36.71204],[140.47983,36.71323],[140.479,36.71342],[140.47972,36.71405],[140.4798,36.71478],[140.4794,36.71492],[140.47889,36.71613],[140.47882,36.7168],[140.47835,36.7174],[140.47825,36.71796],[140.47757,36.71932],[140.47726,36.72027],[140.47716,36.72109],[140.4775,36.72179],[140.47735,36.72254],[140.47739,36.7237],[140.47802,36.72391],[140.47942,36.72317],[140.47995,36.72346],[140.47878,36.72412],[140.47864,36.72465],[140.47775,36.72509],[140.47754,36.72535],[140.47782,36.72628],[140.4781,36.72666],[140.47958,36.72761],[140.47923,36.7283],[140.47963,36.72883],[140.47919,36.72909],[140.47846,36.72911],[140.47778,36.72945],[140.47665,36.72885],[140.47529,36.72852],[140.47495,36.72815],[140.4761,36.72758],[140.47593,36.72552],[140.47579,36.72479],[140.47461,36.72507],[140.47384,36.72624],[140.4737,36.72768],[140.47296,36.72882],[140.47302,36.72929],[140.47402,36.72944],[140.47433,36.72986],[140.4739,36.73029],[140.47387,36.73122],[140.47435,36.73198],[140.47418,36.73275],[140.47444,36.73353],[140.47401,36.73418],[140.47444,36.73472],[140.47435,36.73562],[140.4745,36.7362],[140.47573,36.73691],[140.47639,36.73802],[140.47734,36.73845],[140.47796,36.73857],[140.47836,36.73934],[140.47895,36.73953],[140.47959,36.73944],[140.47994,36.73981],[140.48099,36.7394],[140.48143,36.74011],[140.4814,36.74062],[140.48219,36.74136],[140.48303,36.74115],[140.48369,36.74024],[140.48378,36.73983],[140.48334,36.73935],[140.48368,36.73908],[140.48423,36.73917],[140.48458,36.73882],[140.4842,36.73804],[140.48368,36.73799],[140.48329,36.73766],[140.48384,36.7373],[140.48499,36.73718],[140.48558,36.73697],[140.48579,36.73628],[140.48656,36.73655],[140.48669,36.73772],[140.48623,36.73843],[140.48572,36.74006],[140.48516,36.74039],[140.48474,36.74095],[140.48484,36.7416],[140.48447,36.74203],[140.48253,36.7419],[140.48143,36.74112],[140.48053,36.74008],[140.47961,36.74017],[140.48023,36.74087],[140.48067,36.74191],[140.48188,36.7431],[140.48116,36.74336],[140.48127,36.74376],[140.48294,36.74342],[140.48339,36.74349],[140.4846,36.74337],[140.48502,36.74357],[140.48512,36.74673],[140.48446,36.74732],[140.48376,36.74747],[140.48257,36.7474],[140.48108,36.74759],[140.48066,36.74826],[140.47941,36.74795],[140.47903,36.74824],[140.47969,36.74875],[140.48041,36.749],[140.4809,36.74879],[140.48233,36.74928],[140.4836,36.74927],[140.48409,36.74955],[140.48384,36.75038],[140.48405,36.75115],[140.48397,36.75204],[140.48437,36.75262],[140.48398,36.75312],[140.48479,36.75389],[140.48465,36.75457],[140.48494,36.75515],[140.48422,36.75574],[140.48311,36.7559],[140.48352,36.75624],[140.48436,36.75617],[140.48502,36.7566],[140.48408,36.75686],[140.48364,36.75726],[140.48185,36.75722],[140.48189,36.75832],[140.48099,36.75872],[140.48034,36.75858],[140.47973,36.75887],[140.47889,36.75858],[140.4783,36.75861],[140.47704,36.75814],[140.47596,36.75848],[140.47431,36.75942],[140.47362,36.75925],[140.47222,36.75929],[140.47164,36.75949],[140.47134,36.75986],[140.47018,36.76016],[140.46977,36.75942],[140.46928,36.76068],[140.46902,36.76179]],[[140.47242,36.75421],[140.47312,36.75384],[140.47322,36.75355],[140.4729,36.75284],[140.4739,36.75255],[140.47397,36.75169],[140.47359,36.75119],[140.47199,36.74976],[140.47235,36.74902],[140.47058,36.74884],[140.46996,36.74845],[140.46994,36.7496],[140.47176,36.74908],[140.47202,36.74957],[140.47151,36.75],[140.47222,36.75091],[140.47284,36.75094],[140.47376,36.75185],[140.47354,36.75221],[140.47287,36.75233],[140.47223,36.75191],[140.47095,36.74998],[140.47066,36.74988],[140.46934,36.75026],[140.46925,36.75063],[140.47032,36.75152],[140.47131,36.75168],[140.47235,36.75252],[140.47213,36.75299],[140.47259,36.75342],[140.47242,36.75421]],[[140.47418,36.74836],[140.47396,36.74879],[140.4742,36.74952],[140.47412,36.75027],[140.47479,36.75065],[140.47519,36.74978],[140.47512,36.74896],[140.47482,36.74848],[140.47418,36.74836]],[[140.47301,36.74605],[140.47405,36.74563],[140.47455,36.74509],[140.47505,36.74424],[140.47471,36.74412],[140.47409,36.74475],[140.47303,36.74539],[140.47237,36.74559],[140.47139,36.74548],[140.47085,36.74503],[140.47053,36.74525],[140.47116,36.74577],[140.47206,36.746],[140.47301,36.74605]],[[140.47031,36.74319],[140.46972,36.74349],[140.46952,36.74514],[140.47,36.74475],[140.47031,36.74319]],[[140.46969,36.73646],[140.46903,36.73588],[140.46874,36.73608],[140.46931,36.73671],[140.46969,36.73646]],[[140.47794,36.71497],[140.47859,36.7149],[140.47819,36.71422],[140.47751,36.71436],[140.4775,36.71483],[140.47794,36.71497]]]},"properties":{"hoanrinKind":"保安林"}},
{"type":"Feature","geometry":{"type":"Polygon","coordinates":[[[140.32517,36.76394],[140.32545,36.76408],[140.32537,36.76415],[140.32517,36.76394]]]},"properties":{"hoanrinKind":"保安林"}},
{"type":"Feature","geometry":{"type":"Polygon","coordinates":[[[140.32617,36.76484],[140.32632,36.76492],[140.32637,36.76514],[140.32613,36.76495],[140.32617,36.76484]]]},"properties":{"hoanrinKind":"保安林"}},
{"type":"Feature","geometry":{"type":"Polygon","coordinates":[[[140.32692,36.76476],[140.32688,36.76498],[140.32674,36.76518],[140.32682,36.76479],[140.32692,36.76476]]]},"properties":{"hoanrinKind":"保安林"}},
{"type":"Feature","geometry":{"type":"Polygon","coordinates":[[[140.32791,36.76522],[140.32802,36.7654],[140.32793,36.76538],[140.32791,36.76522]]]},"properties":{"hoanrinKind":"保安林"}},
{"type":"Feature","geometry":{"type":"Polygon","coordinates":[[[140.30419,36.7655],[140.30414,36.76543],[140.30415,36.76514],[140.30425,36.765],[140.30419,36.7655]]]},"properties":{"hoanrinKind":"保安林"}},
{"type":"Feature","geometry":{"type":"Polygon","coordinates":[[[140.30016,36.7651],[140.30032,36.76526],[140.30017,36.76545],[140.30016,36.7651]]]},"properties":{"hoanrinKind":"保安林"}},
{"type":"Feature","geometry":{"type":"Polygon","coordinates":[[[140.29518,36.75146],[140.29679,36.75076],[140.29638,36.74987],[140.29626,36.74908],[140.29689,36.74882],[140.29712,36.74973],[140.29754,36.74982],[140.29789,36.74933],[140.29791,36.74875],[140.29745,36.7487],[140.29731,36.74821],[140.29741,36.74752],[140.29798,36.74605],[140.29757,36.74566],[140.29802,36.74472],[140.29918,36.74439],[140.30082,36.74339],[140.30173,36.74305],[140.30225,36.74344],[140.30163,36.7445],[140.30156,36.74535],[140.301,36.74624],[140.30098,36.74665],[140.30191,36.74775],[140.30259,36.74794],[140.30295,36.74868],[140.30306,36.74947],[140.30428,36.74988],[140.3048,36.75077],[140.30589,36.75183],[140.30664,36.75233],[140.3085,36.75243],[140.3091,36.75291],[140.3098,36.75268],[140.31088,36.75318],[140.3119,36.75285],[140.31372,36.75409],[140.31535,36.75441],[140.31711,36.75489],[140.3181,36.75433],[140.31886,36.75436],[140.31921,36.75591],[140.31884,36.75724],[140.31877,36.75916],[140.31882,36.75998],[140.31839,36.76145],[140.31771,36.76149],[140.31667,36.7613],[140.31686,36.76031],[140.31566,36.75918],[140.31533,36.75945],[140.31503,36.76015],[140.3137,36.7609],[140.31237,36.76218],[140.31125,36.76234],[140.31025,36.76269],[140.30806,36.76192],[140.30761,36.76281],[140.30668,36.76407],[140.3062,36.76443],[140.30534,36.7636],[140.30609,36.76372],[140.30623,36.76273],[140.30651,36.76258],[140.30653,36.76115],[140.30713,36.76091],[140.30716,36.76009],[140.30739,36.75922],[140.30727,36.7585],[140.30678,36.75858],[140.30572,36.76072],[140.30548,36.76215],[140.30482,36.76256],[140.30445,36.76358],[140.30295,36.76387],[140.30303,36.76422],[140.30262,36.76519],[140.30182,36.76554],[140.30173,36.76476],[140.30248,36.76391],[140.30158,36.76317],[140.30113,36.76214],[140.3006,36.76195],[140.30107,36.75874],[140.30062,36.75843],[140.29951,36.75882],[140.29828,36.75962],[140.29729,36.75978],[140.29659,36.76049],[140.29572,36.76179],[140.29538,36.76201],[140.29506,36.76269],[140.29381,36.76437],[140.29299,36.76509],[140.29243,36.76593],[140.29183,36.7657],[140.29123,36.76593],[140.29124,36.76498],[140.29143,36.76428],[140.29129,36.76316],[140.29161,36.76237],[140.29186,36.76098],[140.29193,36.75999],[140.29086,36.75896],[140.29029,36.75827],[140.28922,36.75763],[140.28873,36.75755],[140.28734,36.75801],[140.28623,36.75768],[140.28788,36.75627],[140.28704,36.75599],[140.28626,36.75545],[140.28486,36.75519],[140.28567,36.75397],[140.28612,36.75386],[140.28642,36.75442],[140.28693,36.75477],[140.2882,36.75511],[140.28947,36.75506],[140.29015,36.7549],[140.29113,36.75527],[140.29221,36.75454],[140.29286,36.75427],[140.29375,36.75413],[140.29511,36.75319],[140.29499,36.75237],[140.29518,36.75146]],[[140.31386,36.7577],[140.31311,36.75838],[140.31271,36.75912],[140.31265,36.75962],[140.31346,36.76012],[140.31434,36.7595],[140.31453,36.75902],[140.31449,36.75801],[140.31386,36.7577]],[[140.30954,36.76008],[140.30948,36.76091],[140.31012,36.76086],[140.31008,36.76039],[140.30954,36.76008]],[[140.29671,36.7521],[140.29657,36.75267],[140.29764,36.75304],[140.29756,36.75236],[140.29671,36.7521]],[[140.29947,36.75213],[140.29985,36.75192],[140.2992,36.75066],[140.29862,36.75059],[140.2989,36.75127],[140.29947,36.75213]],[[140.29885,36.74985],[140.2993,36.74968],[140.2994,36.74875],[140.29889,36.74878],[140.29868,36.74963],[140.29885,36.74985]]]},"properties":{"hoanrinKind":"保安林"}},
{"type":"Feature","geometry":{"type":"Polygon","coordinates":[[[140.30015,36.76594],[140.30056,36.76604],[140.3002,36.76668],[140.29969,36.7663],[140.30015,36.76594]]]},"properties":{"hoanrinKind":"保安林"}},
{"type":"Feature","geometry":{"type":"Polygon","coordinates":[[[140.304,36.76604],[140.3045,36.76658],[140.30413,36.76698],[140.30369,36.76696],[140.30351,36.76608],[140.304,36.76604]]]},"properties":{"hoanrinKind":"保安林"}},
{"type":"Feature","geometry":{"type":"Polygon","coordinates":[[[140.30141,36.76651],[140.3015,36.76651],[140.30134,36.7671],[140.30128,36.76677],[140.30141,36.76651]]]},"properties":{"hoanrinKind":"保安林"}},
{"type":"Feature","geometry":{"type":"Polygon","coordinates":[[[140.73901,36.76626],[140.73882,36.76635],[140.73889,36.76618],[140.73901,36.76626]]]},"properties":{"hoanrinKind":"保安林"}},
{"type":"Feature","geometry":{"type":"Polygon","coordinates":[[[140.74121,36.77099],[140.74055,36.77134],[140.74037,36.77084],[140.74121,36.77099]]]},"properties":{"hoanrinKind":"保安林"}},
{"type":"Feature","geometry":{"type":"Polygon","coordinates":[[[140.74154,36.77052],[140.741,36.77034],[140.74093,36.76825],[140.74154,36.77052]]]},"properties":{"hoanrinKind":"保安林"}},
{"type":"Feature","geometry":{"type":"Polygon","coordinates":[[[140.65508,36.77659],[140.65523,36.77671],[140.65546,36.77713],[140.65515,36.77693],[140.65508,36.77659]]]},"properties":{"hoanrinKind":"保安林"}},
{"type":"Feature","geometry":{"type":"Polygon","coordinates":[[[140.65567,36.77771],[140.65525,36.77804],[140.6552,36.77766],[140.65567,36.77771]]]},"properties":{"hoanrinKind":"保安林"}},
{"type":"Feature","geometry":{"type":"Polygon","coordinates":[[[140.39739,36.75454],[140.39715,36.7547],[140.39718,36.75455],[140.39739,36.75454]]]},"properties":{"hoanrinKind":"保安林"}},
{"type":"Feature","geometry":{"type":"Polygon","coordinates":[[[140.39674,36.75516],[140.39681,36.7554],[140.39738,36.75551],[140.39693,36.75568],[140.39653,36.7553],[140.39674,36.75516]]]},"properties":{"hoanrinKind":"保安林"}},
{"type":"Feature","geometry":{"type":"Polygon","coordinates":[[[140.40313,36.75621],[140.40318,36.75597],[140.40331,36.75613],[140.40313,36.75621]]]},"properties":{"hoanrinKind":"保安林"}},
{"type":"Feature","geometry":{"type":"Polygon","coordinates":[[[140.39881,36.75617],[140.39892,36.75627],[140.39905,36.75644],[140.39885,36.75624],[140.39881,36.75617]]]},"properties":{"hoanrinKind":"保安林"}},
{"type":"Feature","geometry":{"type":"Polygon","coordinates":[[[140.40169,36.75716],[140.40229,36.75646],[140.40278,36.75683],[140.40169,36.75716]]]},"properties":{"hoanrinKind":"保安林"}},
{"type":"Feature","geometry":{"type":"Polygon","coordinates":[[[140.39925,36.75803],[140.3989,36.75763],[140.39974,36.75748],[140.39925,36.75803]]]},"properties":{"hoanrinKind":"保安林"}},
{"type":"Feature","geometry":{"type":"Polygon","coordinates":[[[140.40333,36.75833],[140.40354,36.75841],[140.40378,36.75863],[140.40357,36.75861],[140.40333,36.75833]]]},"properties":{"hoanrinKind":"保安林"}},
{"type":"Feature","geometry":{"type":"Polygon","coordinates":[[[140.40791,36.76293],[140.40709,36.76396],[140.40669,36.76417],[140.40602,36.76382],[140.40597,36.76287],[140.40512,36.76272],[140.404,36.76334],[140.40345,36.76302],[140.40336,36.76244],[140.40369,36.76153],[140.40365,36.76041],[140.40417,36.75933],[140.40472,36.75902],[140.40489,36.7576],[140.40537,36.75679],[140.40473,36.75594],[140.40498,36.75578],[140.40495,36.75503],[140.40602,36.75424],[140.40572,36.75375],[140.40556,36.75287],[140.40629,36.75302],[140.40727,36.75343],[140.40769,36.75409],[140.40731,36.75451],[140.40661,36.75452],[140.40555,36.7564],[140.4054,36.7568],[140.40559,36.75778],[140.40494,36.75799],[140.40508,36.75854],[140.40502,36.75986],[140.40551,36.76084],[140.40779,36.76263],[140.40791,36.76293]]]},"properties":{"hoanrinKind":"保安林"}},
{"type":"Feature","geometry":{"type":"Polygon","coordinates":[[[140.40887,36.76304],[140.40914,36.76364],[140.40837,36.76344],[140.40887,36.76304]]]},"properties":{"hoanrinKind":"保安林"}},
{"type":"Feature","geometry":{"type":"Polygon","coordinates":[[[140.40806,36.76523],[140.40766,36.76561],[140.40649,36.7663],[140.40644,36.76612],[140.40744,36.76564],[140.40749,36.76531],[140.40806,36.76523]]]},"properties":{"hoanrinKind":"保安林"}},
{"type":"Feature","geometry":{"type":"Polygon","coordinates":[[[140.40286,36.76654],[140.40277,36.76689],[140.40228,36.76661],[140.40286,36.76654]]]},"properties":{"hoanrinKind":"保安林"}},
{"type":"Feature","geometry":{"type":"Polygon","coordinates":[[[140.39858,36.76801],[140.39848,36.76745],[140.39911,36.76767],[140.39858,36.76801]]]},"properties":{"hoanrinKind":"保安林"}},
{"type":"Feature","geometry":{"type":"Polygon","coordinates":[[[140.40425,36.76736],[140.4044,36.7674],[140.40386,36.76799],[140.40412,36.76744],[140.40425,36.76736]]]},"properties":{"hoanrinKind":"保安林"}},
{"type":"Feature","geometry":{"type":"Polygon","coordinates":[[[140.40329,36.76847],[140.40304,36.76858],[140.40298,36.76855],[140.40329,36.76847]]]},"properties":{"hoanrinKind":"保安林"}},
{"type":"Feature","geometry":{"type":"Polygon","coordinates":[[[140.40034,36.76905],[140.4,36.76916],[140.40034,36.76886],[140.40034,36.76905]]]},"properties":{"hoanrinKind":"保安林"}},
{"type":"Feature","geometry":{"type":"Polygon","coordinates":[[[140.3966,36.77104],[140.39682,36.77093],[140.3968,36.77102],[140.3966,36.77104]]]},"properties":{"hoanrinKind":"保安林"}},
{"type":"Feature","geometry":{"type":"Polygon","coordinates":[[[140.39906,36.76953],[140.39842,36.77022],[140.39798,36.77114],[140.39775,36.7707],[140.39807,36.77016],[140.39876,36.76955],[140.39906,36.76953]]]},"properties":{"hoanrinKind":"保安林"}},
{"type":"Feature","geometry":{"type":"Polygon","coordinates":[[[140.39138,36.78292],[140.39054,36.78324],[140.38968,36.7832],[140.38817,36.78202],[140.38694,36.78131],[140.38597,36.78058],[140.38462,36.78051],[140.38369,36.78103],[140.38304,36.78174],[140.38234,36.78163],[140.38143,36.78106],[140.38116,36.77998],[140.38217,36.77959],[140.38336,36.77948],[140.38465,36.77955],[140.38471,36.77925],[140.38189,36.77925],[140.3805,36.77938],[140.38012,36.77867],[140.38055,36.77633],[140.38106,36.776],[140.38028,36.77558],[140.38069,36.7752],[140.38142,36.77502],[140.38177,36.77437],[140.38166,36.77393],[140.38008,36.77427],[140.3794,36.77402],[140.37966,36.77313],[140.38008,36.77285],[140.37986,36.77177],[140.38053,36.77196],[140.38132,36.77179],[140.38191,36.77207],[140.38144,36.77322],[140.38181,36.77331],[140.38205,36.7727],[140.38313,36.77205],[140.38343,36.77166],[140.3847,36.77233],[140.38481,36.77211],[140.38363,36.77137],[140.38327,36.77097],[140.38293,36.77003],[140.38315,36.76972],[140.38397,36.76966],[140.38445,36.7693],[140.3855,36.77022],[140.38577,36.7699],[140.38477,36.7692],[140.38416,36.76816],[140.38416,36.76778],[140.38368,36.76736],[140.38335,36.76648],[140.38396,36.76647],[140.38484,36.76673],[140.38593,36.76651],[140.38659,36.76607],[140.38712,36.76494],[140.38695,36.76397],[140.38611,36.76367],[140.38579,36.76301],[140.38631,36.76295],[140.38709,36.76337],[140.38735,36.76275],[140.38857,36.76309],[140.38868,36.76367],[140.39054,36.76421],[140.39008,36.76559],[140.38978,36.76607],[140.39065,36.76654],[140.39212,36.76761],[140.39227,36.76823],[140.39289,36.76837],[140.39382,36.76983],[140.39438,36.77007],[140.39479,36.77069],[140.39581,36.77171],[140.39625,36.7715],[140.39699,36.77151],[140.39644,36.77235],[140.39626,36.77294],[140.39622,36.77428],[140.39553,36.77537],[140.39445,36.77603],[140.39366,36.77803],[140.39269,36.77937],[140.39301,36.77978],[140.39231,36.78038],[140.39274,36.78108],[140.39202,36.78188],[140.39138,36.78292]],[[140.38721,36.78112],[140.38767,36.78103],[140.38733,36.7803],[140.38701,36.78043],[140.38721,36.78112]],[[140.39042,36.78028],[140.39069,36.77985],[140.3889,36.77889],[140.3886,36.77925],[140.38953,36.77969],[140.39042,36.78028]],[[140.39005,36.77894],[140.39094,36.77951],[140.39158,36.77965],[140.39257,36.77787],[140.3913,36.77742],[140.38986,36.7765],[140.3889,36.7762],[140.38888,36.77677],[140.38999,36.77739],[140.38948,36.77857],[140.39005,36.77894]],[[140.38627,36.7764],[140.38588,36.77574],[140.38542,36.77549],[140.38441,36.77438],[140.38436,36.7749],[140.38502,36.77539],[140.38574,36.77624],[140.38556,36.7773],[140.38586,36.7774],[140.38627,36.7764]],[[140.39066,36.77512],[140.39128,36.77527],[140.39164,36.77481],[140.39072,36.77419],[140.38926,36.7741],[140.3891,36.7748],[140.39066,36.77512]],[[140.38567,36.77408],[140.38674,36.77376],[140.38744,36.77383],[140.38978,36.77383],[140.38953,36.77346],[140.3867,36.77354],[140.38529,36.77379],[140.38567,36.77408]],[[140.39359,36.77313],[140.39502,36.77303],[140.3956,36.77207],[140.39543,36.77179],[140.39414,36.77116],[140.39382,36.77077],[140.39284,36.7705],[140.39168,36.77112],[140.39039,36.7715],[140.39155,36.77242],[140.39264,36.77306],[140.39359,36.77313]],[[140.38863,36.76997],[140.38774,36.76968],[140.38752,36.77002],[140.38799,36.77052],[140.38863,36.76997]],[[140.38792,36.77081],[140.38708,36.77054],[140.38695,36.7709],[140.38774,36.77108],[140.38792,36.77081]],[[140.38824,36.7712],[140.38938,36.77147],[140.38944,36.77117],[140.38838,36.77086],[140.38824,36.7712]],[[140.38763,36.77143],[140.38744,36.77151],[140.38774,36.77263],[140.38817,36.77254],[140.38783,36.77151],[140.38763,36.77143]],[[140.38315,36.77238],[140.38297,36.77263],[140.38374,36.77326],[140.38399,36.77301],[140.38315,36.77238]],[[140.38281,36.77816],[140.38239,36.77737],[140.38207,36.77758],[140.38243,36.77853],[140.38281,36.77816]],[[140.38475,36.76776],[140.38461,36.76809],[140.38581,36.7685],[140.38584,36.76893],[140.3872,36.76932],[140.38706,36.7689],[140.38593,36.76807],[140.38475,36.76776]],[[140.38844,36.768],[140.38806,36.76888],[140.38853,36.76881],[140.38908,36.76775],[140.38923,36.76712],[140.39019,36.76754],[140.38994,36.76667],[140.38955,36.76639],[140.38866,36.76726],[140.38844,36.768]]]},"properties":{"hoanrinKind":"保安林"}},
{"type":"Feature","geometry":{"type":"Polygon","coordinates":[[[140.64971,36.7845],[140.6501,36.78487],[140.64972,36.78486],[140.64971,36.7845]]]},"properties":{"hoanrinKind":"保安林"}},
{"type":"Feature","geometry":{"type":"Polygon","coordinates":[[[140.6883,36.79973],[140.68838,36.79996],[140.6869,36.80022],[140.68582,36.79968],[140.68439,36.79978],[140.68333,36.79962],[140.68298,36.79941],[140.68196,36.79822],[140.6816,36.79796],[140.68162,36.7975],[140.6829,36.79722],[140.68354,36.79742],[140.68424,36.79736],[140.68506,36.79686],[140.68506,36.79754],[140.68646,36.79852],[140.68703,36.79933],[140.68786,36.79947],[140.6883,36.79973]]]},"properties":{"hoanrinKind":"保安林"}},
{"type":"Feature","geometry":{"type":"Polygon","coordinates":[[[140.65228,36.77862],[140.65231,36.77865],[140.65227,36.779],[140.65224,36.77894],[140.65228,36.77882],[140.65228,36.77862]]]},"properties":{"hoanrinKind":"保安林"}},
{"type":"Feature","geometry":{"type":"Polygon","coordinates":[[[140.68332,36.78601],[140.68354,36.78644],[140.68361,36.78777],[140.68333,36.78777],[140.68343,36.78715],[140.68299,36.78621],[140.68332,36.78601]]]},"properties":{"hoanrinKind":"保安林"}},
{"type":"Feature","geometry":{"type":"Polygon","coordinates":[[[140.65248,36.78843],[140.65204,36.78853],[140.65108,36.78807],[140.65087,36.78755],[140.65162,36.7876],[140.65248,36.78843]]]},"properties":{"hoanrinKind":"保安林"}},
{"type":"Feature","geometry":{"type":"Polygon","coordinates":[[[140.6605,36.79236],[140.66037,36.79342],[140.66007,36.79287],[140.66022,36.79234],[140.6605,36.79236]]]},"properties":{"hoanrinKind":"保安林"}},
{"type":"Feature","geometry":{"type":"Polygon","coordinates":[[[140.66617,36.8025],[140.66606,36.80269],[140.66475,36.80273],[140.66201,36.80202],[140.66213,36.80131],[140.66194,36.80106],[140.66126,36.80114],[140.66079,36.80056],[140.66138,36.79965],[140.6611,36.7986],[140.66052,36.79832],[140.65979,36.79848],[140.65968,36.79669],[140.65871,36.79585],[140.65886,36.79533],[140.65926,36.79528],[140.6599,36.79569],[140.66034,36.79643],[140.66114,36.79646],[140.66148,36.79675],[140.66214,36.79782],[140.66241,36.79801],[140.66312,36.79782],[140.66336,36.79719],[140.6641,36.79743],[140.66435,36.79852],[140.66562,36.79908],[140.66667,36.79821],[140.6672,36.79801],[140.66679,36.79751],[140.66432,36.79671],[140.66421,36.7964],[140.66544,36.79645],[140.66631,36.7966],[140.66685,36.79619],[140.66623,36.7957],[140.66507,36.79544],[140.66479,36.79416],[140.66393,36.79349],[140.6639,36.79307],[140.66428,36.79239],[140.66399,36.79198],[140.66336,36.79246],[140.66231,36.79302],[140.66188,36.79303],[140.66157,36.7925],[140.66189,36.79178],[140.66132,36.79114],[140.66117,36.79203],[140.66084,36.79207],[140.66063,36.79115],[140.6594,36.79105],[140.65788,36.79048],[140.65762,36.78992],[140.65659,36.7899],[140.65627,36.78949],[140.65543,36.78948],[140.65573,36.78868],[140.65602,36.78845],[140.65612,36.7877],[140.65644,36.78744],[140.65646,36.78687],[140.65747,36.78697],[140.65692,36.78628],[140.65667,36.7857],[140.65732,36.7857],[140.65822,36.78461],[140.65777,36.78433],[140.65717,36.7843],[140.65719,36.78484],[140.65687,36.785],[140.65597,36.78483],[140.65578,36.78541],[140.6542,36.78535],[140.65361,36.78567],[140.6536,36.78598],[140.65443,36.78648],[140.65576,36.78651],[140.65578,36.78731],[140.65517,36.7879],[140.65477,36.78763],[140.65411,36.78757],[140.65329,36.78701],[140.65253,36.78682],[140.65187,36.78514],[140.653,36.78499],[140.6529,36.78468],[140.65203,36.78425],[140.65127,36.78363],[140.65129,36.78269],[140.65074,36.78234],[140.65011,36.78245],[140.64935,36.78145],[140.64921,36.78071],[140.64862,36.78081],[140.64886,36.77994],[140.64919,36.77934],[140.64905,36.77636],[140.64928,36.77515],[140.65035,36.77618],[140.65098,36.77703],[140.65105,36.77743],[140.65051,36.77832],[140.65028,36.77902],[140.65041,36.77982],[140.65134,36.77954],[140.65137,36.77994],[140.65011,36.78058],[140.64973,36.7813],[140.65045,36.78216],[140.65145,36.78224],[140.65206,36.7825],[140.65303,36.78327],[140.65461,36.7828],[140.65483,36.7832],[140.65535,36.783],[140.65729,36.78387],[140.65814,36.78405],[140.65857,36.78382],[140.65929,36.78276],[140.66013,36.78219],[140.65992,36.78161],[140.66029,36.78094],[140.66088,36.78054],[140.66167,36.78038],[140.6615,36.78005],[140.66281,36.77903],[140.6635,36.77796],[140.6635,36.77506],[140.66368,36.77395],[140.66299,36.77428],[140.66206,36.77385],[140.65866,36.77187],[140.6584,36.77102],[140.65956,36.76996],[140.66045,36.76959],[140.66099,36.77012],[140.66125,36.76954],[140.66105,36.76911],[140.66116,36.7684],[140.6615,36.76806],[140.66214,36.76818],[140.66171,36.76656],[140.66285,36.76664],[140.66328,36.76736],[140.66314,36.76852],[140.66377,36.76819],[140.66454,36.76816],[140.664,36.76693],[140.66481,36.76711],[140.66502,36.7667],[140.664,36.76612],[140.66289,36.76618],[140.6624,36.76602],[140.66162,36.76623],[140.66151,36.76569],[140.6618,36.76499],[140.66211,36.76488],[140.66328,36.76523],[140.66634,36.76636],[140.66776,36.76634],[140.66819,36.76568],[140.66932,36.76484],[140.6697,36.76427],[140.67036,36.76415],[140.67093,36.76376],[140.6715,36.76267],[140.67123,36.76177],[140.67035,36.76088],[140.67124,36.76055],[140.67075,36.75984],[140.67126,36.75932],[140.67127,36.75831],[140.67142,36.75811],[140.67244,36.75807],[140.67327,36.7571],[140.67454,36.75626],[140.67452,36.75686],[140.67326,36.75811],[140.67282,36.75899],[140.67326,36.75947],[140.67382,36.75937],[140.67393,36.75981],[140.67454,36.76011],[140.67534,36.76123],[140.67571,36.76138],[140.67714,36.76132],[140.67786,36.76099],[140.67922,36.76105],[140.67906,36.76133],[140.67768,36.7616],[140.67669,36.76241],[140.67655,36.76292],[140.67697,36.76304],[140.67839,36.76215],[140.67934,36.7617],[140.68015,36.76153],[140.68147,36.76151],[140.68096,36.76208],[140.68202,36.76279],[140.682,36.76314],[140.6828,36.76406],[140.68295,36.76472],[140.68393,36.76515],[140.68292,36.7654],[140.68355,36.76588],[140.68349,36.76644],[140.68264,36.76609],[140.68237,36.7662],[140.68285,36.76732],[140.68403,36.76662],[140.68458,36.76645],[140.68445,36.76744],[140.68483,36.76783],[140.68428,36.76822],[140.68308,36.76836],[140.68273,36.76795],[140.68206,36.76803],[140.68119,36.77001],[140.68132,36.77167],[140.68183,36.77007],[140.68189,36.76943],[140.68282,36.76976],[140.68364,36.76958],[140.68354,36.7706],[140.68375,36.77121],[140.68495,36.77109],[140.68528,36.77171],[140.68458,36.77198],[140.68325,36.77195],[140.68258,36.77121],[140.68195,36.77107],[140.68187,36.77158],[140.68127,36.77188],[140.68037,36.77132],[140.67939,36.771],[140.67814,36.77156],[140.67766,36.77164],[140.67688,36.77142],[140.67652,36.7717],[140.67736,36.77195],[140.6783,36.77257],[140.6797,36.77294],[140.68296,36.77323],[140.68289,36.77374],[140.68061,36.77378],[140.67835,36.77363],[140.6774,36.77394],[140.67602,36.77394],[140.67464,36.7737],[140.67362,36.77419],[140.67608,36.77531],[140.67535,36.77577],[140.67573,36.77652],[140.67668,36.77629],[140.67812,36.77623],[140.67864,36.77591],[140.67911,36.77592],[140.6797,36.77628],[140.67979,36.77685],[140.67893,36.77738],[140.67862,36.77829],[140.67821,36.77882],[140.67699,36.77999],[140.67665,36.7806],[140.67664,36.7812],[140.67748,36.78184],[140.67724,36.78214],[140.67638,36.78226],[140.67611,36.78253],[140.6759,36.78353],[140.67451,36.78386],[140.67396,36.7844],[140.67304,36.7842],[140.67224,36.7842],[140.67114,36.78451],[140.669,36.78455],[140.66849,36.78463],[140.66772,36.78519],[140.66702,36.78537],[140.66622,36.78534],[140.66555,36.78504],[140.66414,36.784],[140.66317,36.78363],[140.66231,36.783],[140.66167,36.78275],[140.6607,36.78286],[140.66023,36.78312],[140.66003,36.78485],[140.6611,36.78533],[140.66113,36.78619],[140.66163,36.7863],[140.66178,36.78565],[140.66214,36.78545],[140.66295,36.78543],[140.66337,36.7859],[140.66332,36.78885],[140.6638,36.78818],[140.66369,36.78746],[140.66396,36.7865],[140.66386,36.78547],[140.66448,36.7852],[140.66528,36.78586],[140.66641,36.78586],[140.6675,36.78605],[140.66836,36.78553],[140.66929,36.78537],[140.67093,36.78526],[140.67247,36.78485],[140.67321,36.785],[140.67422,36.78487],[140.67457,36.78422],[140.67492,36.78409],[140.67609,36.78415],[140.67687,36.78374],[140.67698,36.78276],[140.67833,36.78241],[140.67811,36.7814],[140.67698,36.78109],[140.67694,36.78049],[140.67768,36.77971],[140.67883,36.77901],[140.68055,36.78006],[140.6806,36.78024],[140.68017,36.78285],[140.68015,36.78432],[140.68094,36.78436],[140.68247,36.78379],[140.68406,36.7837],[140.68407,36.78422],[140.68268,36.78455],[140.68122,36.78529],[140.67995,36.78538],[140.67967,36.78526],[140.67875,36.78672],[140.67794,36.7873],[140.67886,36.78744],[140.67901,36.78811],[140.67635,36.7892],[140.67636,36.78872],[140.67501,36.78913],[140.67445,36.78965],[140.67628,36.79025],[140.676,36.79105],[140.67624,36.79128],[140.67711,36.78972],[140.67848,36.78918],[140.67899,36.7894],[140.67932,36.79082],[140.67989,36.79152],[140.67959,36.79178],[140.67813,36.79175],[140.67722,36.79219],[140.67645,36.79238],[140.6753,36.79227],[140.67431,36.79229],[140.67259,36.79257],[140.67268,36.79316],[140.67255,36.79399],[140.67338,36.79422],[140.67437,36.79374],[140.67562,36.79346],[140.67661,36.79366],[140.67766,36.79357],[140.67864,36.79295],[140.68029,36.79259],[140.68119,36.79199],[140.68129,36.79158],[140.6811,36.79063],[140.68139,36.78963],[140.68208,36.78898],[140.68379,36.78894],[140.68487,36.78837],[140.68545,36.78777],[140.68624,36.78797],[140.68622,36.78851],[140.68678,36.78898],[140.68614,36.7894],[140.68465,36.78973],[140.68424,36.79005],[140.68271,36.7904],[140.68256,36.79104],[140.68331,36.79099],[140.68467,36.79023],[140.68557,36.78996],[140.68707,36.78966],[140.68733,36.78992],[140.68581,36.79118],[140.68608,36.79141],[140.68678,36.79106],[140.68762,36.79042],[140.68943,36.79042],[140.68958,36.79103],[140.68825,36.79148],[140.68637,36.79177],[140.6846,36.79186],[140.68406,36.79233],[140.68441,36.79252],[140.68583,36.79218],[140.68815,36.79193],[140.68886,36.7922],[140.68951,36.79225],[140.68916,36.79295],[140.68819,36.7934],[140.68655,36.79342],[140.68563,36.79313],[140.68619,36.79393],[140.68504,36.79396],[140.68488,36.79461],[140.68459,36.79488],[140.68376,36.79493],[140.68385,36.79561],[140.68295,36.79579],[140.68217,36.79571],[140.68142,36.79514],[140.68093,36.79542],[140.68092,36.79582],[140.67913,36.79629],[140.67805,36.79588],[140.67696,36.79595],[140.67696,36.7966],[140.67766,36.79669],[140.67905,36.79655],[140.68031,36.79661],[140.68088,36.79641],[140.68135,36.79654],[140.68135,36.7978],[140.68013,36.79767],[140.67997,36.79814],[140.68098,36.79865],[140.68058,36.79895],[140.6796,36.79891],[140.67894,36.79798],[140.67824,36.79756],[140.67622,36.79766],[140.67542,36.79698],[140.67492,36.7971],[140.67435,36.79758],[140.67354,36.79771],[140.67214,36.79742],[140.67137,36.79744],[140.67002,36.79846],[140.67039,36.79912],[140.67072,36.80013],[140.67046,36.80078],[140.66996,36.80105],[140.66872,36.80114],[140.66674,36.80139],[140.66584,36.80141],[140.66566,36.80182],[140.66617,36.8025]],[[140.65945,36.78487],[140.66009,36.78373],[140.65959,36.78343],[140.65874,36.78375],[140.6586,36.78408],[140.65881,36.78466],[140.65945,36.78487]],[[140.6639,36.77225],[140.66428,36.77326],[140.66468,36.7738],[140.66503,36.77374],[140.66567,36.77316],[140.66607,36.77137],[140.66509,36.77211],[140.66403,36.7711],[140.66399,36.77018],[140.66354,36.76996],[140.66346,36.76929],[140.66299,36.76936],[140.66253,36.77015],[140.6626,36.77091],[140.6633,36.77089],[140.66301,36.77155],[140.66301,36.77216],[140.6639,36.77225]],[[140.67978,36.7689],[140.68087,36.76831],[140.68014,36.76751],[140.67924,36.76699],[140.67844,36.76677],[140.6776,36.76712],[140.67649,36.76714],[140.6764,36.7677],[140.67706,36.76776],[140.67824,36.7676],[140.67906,36.76786],[140.67854,36.76842],[140.67934,36.76854],[140.67978,36.7689]],[[140.68237,36.79368],[140.6823,36.794],[140.68346,36.79407],[140.68319,36.79365],[140.68237,36.79368]]]},"properties":{"hoanrinKind":"保安林"}},
{"type":"Feature","geometry":{"type":"Polygon","coordinates":[[[140.58401,36.80169],[140.58364,36.80191],[140.58392,36.80165],[140.58401,36.80169]]]},"properties":{"hoanrinKind":"保安林"}},
{"type":"Feature","geometry":{"type":"Polygon","coordinates":[[[140.584,36.80446],[140.58414,36.80488],[140.58413,36.80533],[140.5837,36.80452],[140.584,36.80446]]]},"properties":{"hoanrinKind":"保安林"}},
{"type":"Feature","geometry":{"type":"Polygon","coordinates":[[[140.58831,36.80585],[140.58741,36.80571],[140.58785,36.8047],[140.58926,36.8032],[140.58945,36.80326],[140.58806,36.80459],[140.58799,36.80529],[140.58831,36.80585]]]},"properties":{"hoanrinKind":"保安林"}},
{"type":"Feature","geometry":{"type":"Polygon","coordinates":[[[140.68266,36.80187],[140.68272,36.8019],[140.68274,36.80201],[140.68255,36.80187],[140.68266,36.80187]]]},"properties":{"hoanrinKind":"保安林"}},
{"type":"Feature","geometry":{"type":"Polygon","coordinates":[[[140.68168,36.80153],[140.68125,36.80183],[140.68176,36.8024],[140.68327,36.80304],[140.68331,36.80348],[140.68185,36.80279],[140.68122,36.80234],[140.68131,36.80202],[140.68078,36.80153],[140.68109,36.80129],[140.68168,36.80153]]]},"properties":{"hoanrinKind":"保安林"}},
{"type":"Feature","geometry":{"type":"Polygon","coordinates":[[[140.68658,36.80394],[140.6869,36.80452],[140.68794,36.80521],[140.68691,36.80558],[140.68612,36.80539],[140.68591,36.80502],[140.68571,36.80382],[140.68576,36.80295],[140.68516,36.80289],[140.68504,36.8016],[140.68364,36.80147],[140.68336,36.80178],[140.68411,36.80219],[140.68386,36.80263],[140.68342,36.80251],[140.68363,36.80195],[140.68265,36.80147],[140.68269,36.80119],[140.68379,36.8008],[140.68641,36.80106],[140.68716,36.80087],[140.68805,36.80093],[140.68914,36.80054],[140.68979,36.80139],[140.68959,36.80224],[140.6885,36.8025],[140.68917,36.80332],[140.68896,36.80401],[140.68809,36.80439],[140.68736,36.80428],[140.68658,36.80394]]]},"properties":{"hoanrinKind":"保安林"}},
{"type":"Feature","geometry":{"type":"Polygon","coordinates":[[[140.68629,36.80726],[140.68674,36.80763],[140.68696,36.80806],[140.68657,36.80805],[140.68659,36.80767],[140.68629,36.80726]]]},"properties":{"hoanrinKind":"保安林"}},
{"type":"Feature","geometry":{"type":"Polygon","coordinates":[[[140.68093,36.80843],[140.68087,36.80863],[140.68214,36.80973],[140.68158,36.81004],[140.68116,36.80968],[140.68027,36.80949],[140.67929,36.80884],[140.67969,36.80794],[140.67872,36.807],[140.67757,36.80689],[140.67679,36.80648],[140.67667,36.80585],[140.67552,36.80477],[140.67597,36.80448],[140.67686,36.80445],[140.67755,36.80404],[140.67783,36.80362],[140.67788,36.80265],[140.67861,36.80214],[140.67891,36.80148],[140.67962,36.80097],[140.67998,36.80116],[140.68,36.80193],[140.67931,36.80193],[140.67879,36.80235],[140.67861,36.8032],[140.67989,36.80394],[140.68002,36.80432],[140.67905,36.80439],[140.67784,36.80411],[140.67758,36.8043],[140.67795,36.80508],[140.67765,36.80565],[140.67839,36.80615],[140.67897,36.80615],[140.67956,36.80571],[140.6805,36.80603],[140.68048,36.80681],[140.68141,36.80699],[140.68248,36.8069],[140.68285,36.80719],[140.6835,36.80728],[140.68435,36.80716],[140.68524,36.80786],[140.6844,36.8085],[140.68364,36.80842],[140.68291,36.80807],[140.68242,36.80805],[140.68242,36.80926],[140.68093,36.80843]]]},"properties":{"hoanrinKind":"保安林"}},
{"type":"Feature","geometry":{"type":"Polygon","coordinates":[[[140.4189,36.8096],[140.41922,36.80982],[140.41927,36.81008],[140.41875,36.8098],[140.4189,36.8096]]]},"properties":{"hoanrinKind":"保安林"}},
{"type":"Feature","geometry":{"type":"Polygon","coordinates":[[[140.41844,36.81011],[140.41872,36.81016],[140.41877,36.81046],[140.41848,36.81045],[140.41844,36.81011]]]},"properties":{"hoanrinKind":"保安林"}},
{"type":"Feature","geometry":{"type":"Polygon","coordinates":[[[140.29635,36.81302],[140.29692,36.81326],[140.29704,36.8138],[140.29434,36.81296],[140.29356,36.8129],[140.29329,36.81326],[140.29167,36.81311],[140.29071,36.8129],[140.29017,36.81251],[140.2887,36.8123],[140.2882,36.81178],[140.28672,36.81174],[140.28591,36.81151],[140.28582,36.81056],[140.28733,36.81079],[140.28744,36.81056],[140.28579,36.81018],[140.28652,36.80855],[140.2871,36.80665],[140.28756,36.80624],[140.28805,36.80771],[140.28837,36.80796],[140.28935,36.80767],[140.2914,36.80585],[140.29239,36.80642],[140.29305,36.80642],[140.29311,36.80564],[140.29281,36.80522],[140.29329,36.80489],[140.29422,36.8048],[140.29539,36.80438],[140.29614,36.80438],[140.29701,36.80396],[140.29716,36.80366],[140.29713,36.80276],[140.29839,36.80276],[140.29899,36.80198],[140.29996,36.80239],[140.30012,36.802],[140.29928,36.80144],[140.29776,36.80186],[140.29799,36.80075],[140.29717,36.8006],[140.2964,36.79975],[140.29634,36.79909],[140.29686,36.79813],[140.2966,36.79744],[140.29672,36.7967],[140.29776,36.79555],[140.29745,36.79692],[140.29779,36.79713],[140.29834,36.79619],[140.29813,36.7957],[140.29901,36.79522],[140.29937,36.79629],[140.29874,36.79705],[140.29886,36.79772],[140.30006,36.79818],[140.29988,36.79745],[140.30032,36.79708],[140.30124,36.79687],[140.30104,36.79622],[140.30152,36.7953],[140.30199,36.79535],[140.30235,36.79607],[140.3029,36.79558],[140.30333,36.79552],[140.30392,36.79633],[140.30404,36.7976],[140.30517,36.79879],[140.30554,36.79932],[140.30559,36.80009],[140.30519,36.80083],[140.3035,36.80092],[140.30293,36.80068],[140.30175,36.80128],[140.30172,36.80228],[140.30193,36.80312],[140.30098,36.80367],[140.30096,36.80467],[140.30139,36.80562],[140.30166,36.80582],[140.3044,36.80692],[140.30447,36.80757],[140.30326,36.80711],[140.30326,36.808],[140.3016,36.80786],[140.30016,36.80811],[140.2994,36.80874],[140.29845,36.80931],[140.29831,36.81063],[140.29805,36.81114],[140.29739,36.81121],[140.29669,36.8109],[140.2966,36.81044],[140.29596,36.81019],[140.29557,36.81045],[140.29483,36.8102],[140.29487,36.80962],[140.29548,36.80857],[140.29405,36.80848],[140.29395,36.80889],[140.29441,36.80921],[140.29435,36.81054],[140.29543,36.81076],[140.29614,36.81108],[140.29646,36.81194],[140.2979,36.81227],[140.29812,36.8126],[140.29785,36.81342],[140.29646,36.81276],[140.29635,36.81302]],[[140.29052,36.81213],[140.29019,36.81167],[140.28903,36.81084],[140.28897,36.81156],[140.28977,36.81206],[140.29052,36.81213]],[[140.30228,36.80704],[140.30291,36.80689],[140.30152,36.80627],[140.30129,36.8067],[140.30228,36.80704]],[[140.29934,36.80546],[140.29797,36.80573],[140.29825,36.80614],[140.29941,36.80614],[140.30012,36.80598],[140.30005,36.80549],[140.29934,36.80546]]]},"properties":{"hoanrinKind":"保安林"}},
{"type":"Feature","geometry":{"type":"Polygon","coordinates":[[[140.45498,36.80053],[140.45533,36.80001],[140.45586,36.79964],[140.45637,36.7982],[140.45625,36.79789],[140.45556,36.79744],[140.45569,36.79702],[140.4564,36.796],[140.45633,36.79451],[140.45487,36.79341],[140.45468,36.79304],[140.45506,36.79209],[140.45684,36.79326],[140.45714,36.79313],[140.45771,36.79151],[140.45822,36.79105],[140.45935,36.79095],[140.45932,36.7894],[140.45999,36.78953],[140.46081,36.78888],[140.46135,36.7882],[140.46203,36.78783],[140.46254,36.78654],[140.46328,36.78599],[140.46403,36.7859],[140.4647,36.78453],[140.46584,36.7841],[140.46625,36.78369],[140.46763,36.78334],[140.46968,36.78218],[140.47057,36.78329],[140.47053,36.7845],[140.47201,36.78518],[140.47157,36.78537],[140.46972,36.78537],[140.46929,36.78586],[140.4685,36.78595],[140.46644,36.78546],[140.46554,36.78562],[140.46618,36.78672],[140.46665,36.78708],[140.46824,36.7876],[140.4685,36.78846],[140.46892,36.78893],[140.47059,36.78917],[140.47227,36.79032],[140.47318,36.79115],[140.47375,36.79182],[140.47404,36.79265],[140.4741,36.79438],[140.47387,36.79467],[140.47411,36.79514],[140.47365,36.79569],[140.47302,36.79562],[140.47279,36.79527],[140.47189,36.79464],[140.47011,36.79379],[140.46763,36.79229],[140.4665,36.79185],[140.46575,36.79175],[140.46504,36.79134],[140.46384,36.79153],[140.46295,36.79224],[140.46263,36.79288],[140.46199,36.79358],[140.46198,36.79471],[140.46166,36.79505],[140.46152,36.79574],[140.46194,36.79692],[140.46148,36.79739],[140.45969,36.79784],[140.45881,36.79842],[140.45773,36.79828],[140.45715,36.79844],[140.45725,36.799],[140.45759,36.7993],[140.45738,36.79981],[140.45684,36.8002],[140.45593,36.79991],[140.45571,36.80045],[140.45498,36.80053]]]},"properties":{"hoanrinKind":"保安林"}},
{"type":"Feature","geometry":{"type":"Polygon","coordinates":[[[140.44127,36.8138],[140.44071,36.81405],[140.44049,36.81463],[140.43948,36.81391],[140.43862,36.81356],[140.43754,36.81281],[140.43774,36.81263],[140.43871,36.81279],[140.43913,36.81234],[140.43943,36.81165],[140.43999,36.81154],[140.4405,36.81114],[140.44195,36.81067],[140.44212,36.81037],[140.44188,36.80971],[140.4409,36.80832],[140.44002,36.80743],[140.44084,36.80712],[140.44279,36.80721],[140.44329,36.80699],[140.44474,36.8071],[140.44506,36.80666],[140.44429,36.80617],[140.44391,36.80571],[140.44317,36.80554],[140.44109,36.80383],[140.43982,36.8034],[140.43891,36.80338],[140.43844,36.80309],[140.43852,36.80239],[140.4397,36.80174],[140.4404,36.80149],[140.44171,36.80136],[140.44297,36.80096],[140.4438,36.80095],[140.445,36.80124],[140.44612,36.80133],[140.44687,36.80184],[140.4491,36.80258],[140.45028,36.80261],[140.4517,36.80288],[140.45147,36.80236],[140.45053,36.80195],[140.45045,36.8014],[140.45065,36.80089],[140.44934,36.79975],[140.44947,36.79953],[140.45037,36.79957],[140.45202,36.79987],[140.45333,36.8006],[140.45319,36.80087],[140.45384,36.80224],[140.45331,36.80244],[140.45299,36.80297],[140.45241,36.80329],[140.45318,36.80361],[140.45338,36.80406],[140.45287,36.80512],[140.45209,36.80541],[140.45163,36.80617],[140.45127,36.80618],[140.45082,36.80723],[140.45049,36.80748],[140.45051,36.80853],[140.44948,36.80929],[140.44889,36.80937],[140.44811,36.80904],[140.44732,36.80908],[140.44712,36.80979],[140.44662,36.80992],[140.44652,36.81045],[140.44599,36.81109],[140.44526,36.81158],[140.44488,36.81232],[140.4441,36.81271],[140.4446,36.8137],[140.44391,36.81407],[140.44283,36.81376],[140.44127,36.8138]]]},"properties":{"hoanrinKind":"保安林"}},
{"type":"Feature","geometry":{"type":"Polygon","coordinates":[[[140.68024,36.81512],[140.67994,36.81507],[140.6797,36.81477],[140.68057,36.81499],[140.68024,36.81512]]]},"properties":{"hoanrinKind":"保安林"}},
{"type":"Feature","geometry":{"type":"Polygon","coordinates":[[[140.67676,36.81543],[140.67663,36.81584],[140.67707,36.81714],[140.67699,36.81734],[140.67574,36.81671],[140.67368,36.8161],[140.6728,36.81511],[140.67244,36.81519],[140.67092,36.81494],[140.66946,36.81432],[140.6687,36.81357],[140.66783,36.81292],[140.66531,36.81289],[140.66373,36.81222],[140.66151,36.81115],[140.65961,36.81047],[140.65976,36.80942],[140.66015,36.80915],[140.6621,36.81006],[140.66304,36.80959],[140.66434,36.80921],[140.66487,36.80844],[140.66545,36.80831],[140.66613,36.80875],[140.66702,36.80905],[140.66769,36.80908],[140.66825,36.80873],[140.66903,36.80788],[140.67026,36.80799],[140.67129,36.8076],[140.67288,36.80776],[140.67284,36.80826],[140.67136,36.80804],[140.672,36.80856],[140.67293,36.80854],[140.67293,36.80909],[140.67357,36.81046],[140.67481,36.81084],[140.67615,36.81175],[140.67689,36.81208],[140.67782,36.81224],[140.67866,36.81219],[140.67986,36.81187],[140.6788,36.81294],[140.67685,36.81298],[140.67575,36.81309],[140.67525,36.81278],[140.6745,36.81312],[140.6751,36.81353],[140.6756,36.81358],[140.67709,36.81342],[140.67736,36.81375],[140.67669,36.8147],[140.67738,36.81503],[140.67831,36.81492],[140.67881,36.81515],[140.67874,36.81559],[140.67807,36.81546],[140.67676,36.81543]],[[140.6721,36.81282],[140.67267,36.81247],[140.67098,36.81178],[140.67044,36.81146],[140.66992,36.81171],[140.67161,36.81228],[140.6721,36.81282]],[[140.66861,36.81025],[140.66912,36.81057],[140.66989,36.81052],[140.6711,36.80986],[140.67113,36.80952],[140.66967,36.80859],[140.66918,36.80891],[140.67027,36.80938],[140.67034,36.8098],[140.66908,36.81005],[140.66846,36.80953],[140.66824,36.8098],[140.66861,36.81025]]]},"properties":{"hoanrinKind":"保安林"}},
{"type":"Feature","geometry":{"type":"Polygon","coordinates":[[[140.76774,36.81854],[140.76768,36.81854],[140.765,36.81411],[140.76398,36.81176],[140.76412,36.81162],[140.76586,36.81455],[140.76592,36.81498],[140.76658,36.81573],[140.76709,36.81724],[140.76774,36.81854]]]},"properties":{"hoanrinKind":"保安林"}},
{"type":"Feature","geometry":{"type":"Polygon","coordinates":[[[140.77797,36.82745],[140.7774,36.82754],[140.77602,36.82702],[140.77616,36.82633],[140.77545,36.82613],[140.77354,36.82419],[140.77271,36.82385],[140.77016,36.82138],[140.76811,36.81917],[140.76842,36.81907],[140.76942,36.82007],[140.76985,36.8207],[140.77049,36.82082],[140.771,36.82168],[140.77172,36.82226],[140.77262,36.8233],[140.77357,36.8239],[140.7749,36.82504],[140.77535,36.82557],[140.77633,36.82619],[140.77664,36.82614],[140.77743,36.82674],[140.77797,36.82745]]]},"properties":{"hoanrinKind":"保安林"}},
{"type":"Feature","geometry":{"type":"Polygon","coordinates":[[[140.25708,36.84564],[140.25658,36.84535],[140.25756,36.845],[140.2578,36.8453],[140.25708,36.84564]]]},"properties":{"hoanrinKind":"保安林"}},
{"type":"Feature","geometry":{"type":"Polygon","coordinates":[[[140.28727,36.8523],[140.28755,36.85327],[140.28774,36.85462],[140.28732,36.85472],[140.28679,36.85273],[140.28727,36.8523]]]},"properties":{"hoanrinKind":"保安林"}},
{"type":"Feature","geometry":{"type":"Polygon","coordinates":[[[140.28486,36.85854],[140.28486,36.85858],[140.28486,36.8586],[140.28485,36.85864],[140.28485,36.85869],[140.28485,36.85859],[140.28486,36.85857],[140.28486,36.85854]]]},"properties":{"hoanrinKind":"保安林"}},
{"type":"Feature","geometry":{"type":"Polygon","coordinates":[[[140.29025,36.9329],[140.28874,36.93325],[140.28786,36.93408],[140.28597,36.93539],[140.28511,36.93554],[140.28234,36.93498],[140.28113,36.93462],[140.28028,36.93424],[140.27946,36.93366],[140.27928,36.93265],[140.27816,36.93183],[140.2775,36.9312],[140.2767,36.931],[140.27394,36.93061],[140.27373,36.92929],[140.27339,36.92909],[140.27211,36.92779],[140.27192,36.92719],[140.27262,36.92662],[140.27369,36.92529],[140.27423,36.92489],[140.27441,36.92438],[140.275,36.92374],[140.2748,36.92287],[140.27603,36.92275],[140.27633,36.92205],[140.27708,36.92166],[140.27797,36.92148],[140.27876,36.92092],[140.27884,36.92136],[140.27816,36.9222],[140.27797,36.92306],[140.28073,36.92226],[140.28144,36.92228],[140.28184,36.92199],[140.28322,36.92194],[140.28375,36.92162],[140.28503,36.92134],[140.28475,36.92089],[140.28324,36.92069],[140.28431,36.91967],[140.28486,36.91941],[140.28459,36.91897],[140.28471,36.9179],[140.28493,36.91737],[140.28538,36.91694],[140.28534,36.91595],[140.28499,36.91532],[140.28532,36.91482],[140.28534,36.91411],[140.28603,36.91316],[140.28548,36.91227],[140.28565,36.91106],[140.28542,36.91082],[140.28518,36.91279],[140.28493,36.91329],[140.28536,36.91347],[140.28503,36.91408],[140.28502,36.91489],[140.2848,36.91525],[140.28511,36.91617],[140.2851,36.91686],[140.28417,36.91795],[140.28447,36.91867],[140.28357,36.91918],[140.2837,36.91996],[140.28334,36.92041],[140.2826,36.92077],[140.28201,36.92072],[140.28184,36.9212],[140.28307,36.92121],[140.28319,36.92167],[140.28174,36.92166],[140.28119,36.92203],[140.27997,36.92217],[140.27848,36.92268],[140.27821,36.92251],[140.27902,36.92171],[140.27913,36.92039],[140.27886,36.92035],[140.27829,36.92108],[140.27691,36.92152],[140.27611,36.92201],[140.2758,36.9226],[140.2747,36.9226],[140.27454,36.92288],[140.2747,36.92376],[140.27415,36.92438],[140.27408,36.92474],[140.27318,36.92547],[140.27232,36.92661],[140.27162,36.92696],[140.27132,36.9257],[140.27159,36.92453],[140.27118,36.92426],[140.27047,36.92418],[140.26995,36.9244],[140.26926,36.92534],[140.26885,36.92546],[140.26757,36.92467],[140.26637,36.9233],[140.26588,36.92381],[140.26646,36.92435],[140.26681,36.92534],[140.26715,36.9259],[140.26757,36.92612],[140.26823,36.92605],[140.26889,36.92632],[140.26921,36.9259],[140.27002,36.92541],[140.27051,36.92568],[140.27118,36.92735],[140.2713,36.92862],[140.26973,36.92975],[140.26934,36.93027],[140.26918,36.93159],[140.26734,36.93247],[140.26676,36.93256],[140.26608,36.93294],[140.26479,36.93311],[140.26424,36.93332],[140.26289,36.93295],[140.26199,36.93305],[140.26107,36.9334],[140.26044,36.93336],[140.25894,36.93287],[140.25776,36.93268],[140.25667,36.9321],[140.25464,36.93005],[140.25396,36.93],[140.25345,36.92969],[140.25241,36.9287],[140.25242,36.9279],[140.25179,36.92662],[140.25151,36.92543],[140.25059,36.92384],[140.24996,36.92338],[140.24922,36.92311],[140.24837,36.92132],[140.24873,36.91991],[140.25012,36.91718],[140.24985,36.91682],[140.25007,36.91579],[140.25001,36.91518],[140.24956,36.91466],[140.24967,36.91318],[140.24957,36.91281],[140.24889,36.91192],[140.24887,36.9113],[140.24914,36.91073],[140.24882,36.90981],[140.2487,36.90886],[140.24911,36.90765],[140.2496,36.90734],[140.2505,36.9061],[140.25061,36.90557],[140.25035,36.90443],[140.25068,36.90368],[140.25076,36.90261],[140.25044,36.90173],[140.2508,36.90043],[140.25111,36.90008],[140.25174,36.8988],[140.25193,36.89792],[140.25133,36.89704],[140.25292,36.89627],[140.25349,36.8951],[140.25305,36.89419],[140.25327,36.89375],[140.2533,36.893],[140.25353,36.89239],[140.25409,36.89203],[140.25427,36.89114],[140.25367,36.89042],[140.25375,36.88946],[140.2533,36.88804],[140.25365,36.88723],[140.25348,36.88666],[140.25291,36.88602],[140.25294,36.88577],[140.25471,36.8846],[140.25509,36.8839],[140.25511,36.88344],[140.25447,36.883],[140.25419,36.88227],[140.25377,36.88193],[140.25393,36.881],[140.25447,36.88015],[140.25418,36.87902],[140.25382,36.87837],[140.25388,36.87758],[140.25426,36.87701],[140.25539,36.87636],[140.25548,36.87518],[140.25593,36.87448],[140.25662,36.87378],[140.2567,36.8731],[140.25541,36.87133],[140.25515,36.87071],[140.25429,36.86967],[140.25416,36.86928],[140.25473,36.86733],[140.25445,36.86634],[140.25388,36.86497],[140.25404,36.86403],[140.25369,36.86348],[140.25402,36.86207],[140.2539,36.86104],[140.25428,36.86076],[140.25429,36.86008],[140.25337,36.85922],[140.25312,36.85753],[140.25287,36.8566],[140.2528,36.85536],[140.25177,36.8544],[140.25191,36.85401],[140.25157,36.85254],[140.25232,36.85144],[140.252,36.85098],[140.25257,36.84994],[140.25271,36.84942],[140.25466,36.84872],[140.2553,36.84833],[140.25558,36.84905],[140.25551,36.85031],[140.25726,36.85134],[140.25737,36.85111],[140.25668,36.84999],[140.25629,36.84885],[140.25688,36.84847],[140.25792,36.84837],[140.2594,36.84989],[140.25965,36.84996],[140.26167,36.84969],[140.26165,36.84939],[140.25984,36.84913],[140.25931,36.84877],[140.25864,36.84863],[140.25815,36.84815],[140.25795,36.84728],[140.25852,36.84677],[140.25948,36.84684],[140.25935,36.846],[140.25976,36.84543],[140.25992,36.84433],[140.26029,36.84393],[140.26153,36.84355],[140.26234,36.84368],[140.26271,36.84263],[140.26322,36.84221],[140.26574,36.84132],[140.26683,36.84138],[140.26829,36.84168],[140.26827,36.84339],[140.26798,36.8446],[140.26752,36.84534],[140.26738,36.8469],[140.26749,36.84799],[140.26937,36.84804],[140.27002,36.84834],[140.27024,36.84891],[140.27157,36.84901],[140.27192,36.84932],[140.27273,36.84785],[140.273,36.84782],[140.27317,36.84936],[140.27353,36.84939],[140.27398,36.84874],[140.27486,36.84852],[140.27598,36.84778],[140.27521,36.84704],[140.27567,36.84659],[140.27632,36.84721],[140.2768,36.84711],[140.27745,36.84659],[140.27813,36.84682],[140.27787,36.84786],[140.27679,36.84841],[140.27597,36.84916],[140.2765,36.84935],[140.27659,36.84986],[140.27753,36.84981],[140.27881,36.84929],[140.27964,36.84909],[140.28035,36.8486],[140.28065,36.8489],[140.28014,36.84951],[140.28005,36.85014],[140.27938,36.85077],[140.27888,36.8518],[140.27825,36.85213],[140.27781,36.85267],[140.27621,36.85385],[140.27498,36.85504],[140.2747,36.85591],[140.2746,36.85674],[140.27462,36.85839],[140.27545,36.85927],[140.27551,36.85959],[140.27507,36.86037],[140.27608,36.86064],[140.27697,36.86105],[140.27866,36.86099],[140.27917,36.86169],[140.28132,36.8627],[140.28169,36.86426],[140.28216,36.86389],[140.28293,36.86378],[140.2838,36.86325],[140.28431,36.8624],[140.28485,36.8621],[140.28517,36.8611],[140.28575,36.86063],[140.28585,36.85981],[140.28624,36.8583],[140.28732,36.85822],[140.28776,36.85729],[140.28847,36.85669],[140.28886,36.85601],[140.28932,36.85587],[140.29016,36.85438],[140.29023,36.85358],[140.29008,36.85314],[140.28933,36.85222],[140.28894,36.85095],[140.28909,36.84912],[140.28908,36.8475],[140.28947,36.84579],[140.28992,36.84535],[140.29052,36.84562],[140.29054,36.84685],[140.29044,36.84921],[140.29063,36.84949],[140.29139,36.84971],[140.2922,36.84955],[140.29334,36.84896],[140.294,36.8491],[140.2948,36.84976],[140.29619,36.85004],[140.29781,36.84973],[140.2987,36.84974],[140.29976,36.84955],[140.30187,36.84946],[140.30397,36.84963],[140.30598,36.84992],[140.30718,36.85031],[140.30723,36.85049],[140.3048,36.85137],[140.30293,36.85174],[140.30125,36.85181],[140.3007,36.85165],[140.29973,36.85169],[140.30016,36.8523],[140.30305,36.85403],[140.30373,36.85537],[140.30351,36.85627],[140.30098,36.85714],[140.29992,36.85803],[140.29928,36.85884],[140.29934,36.85928],[140.30105,36.8604],[140.29989,36.86062],[140.29861,36.86103],[140.2981,36.8608],[140.29771,36.86155],[140.29701,36.86129],[140.29551,36.86217],[140.29506,36.86231],[140.29509,36.86296],[140.2941,36.86326],[140.29282,36.8634],[140.29216,36.86407],[140.29258,36.86456],[140.29255,36.86537],[140.29286,36.86583],[140.29198,36.86779],[140.29059,36.86853],[140.2901,36.86903],[140.29187,36.86896],[140.29283,36.86988],[140.29293,36.87036],[140.29376,36.8711],[140.29421,36.86995],[140.29491,36.86906],[140.2958,36.86869],[140.29794,36.86843],[140.29827,36.86876],[140.30061,36.87052],[140.30053,36.87171],[140.30034,36.8722],[140.29964,36.87298],[140.29854,36.87315],[140.29787,36.87292],[140.29774,36.87334],[140.29892,36.87366],[140.29824,36.87398],[140.29613,36.87401],[140.29593,36.87444],[140.2967,36.87477],[140.29509,36.87553],[140.29377,36.87568],[140.29266,36.87479],[140.29263,36.87571],[140.29235,36.8759],[140.29138,36.87388],[140.29075,36.87302],[140.29025,36.87293],[140.28937,36.87232],[140.28911,36.87172],[140.28967,36.87124],[140.29075,36.87196],[140.29197,36.87256],[140.29279,36.8727],[140.29287,36.87217],[140.29205,36.87206],[140.29128,36.87159],[140.2901,36.87061],[140.28996,36.86932],[140.28748,36.8693],[140.28603,36.86962],[140.28551,36.87011],[140.28447,36.87027],[140.28341,36.86989],[140.28284,36.86937],[140.28163,36.86927],[140.2811,36.86887],[140.27985,36.86877],[140.27947,36.86819],[140.27888,36.86803],[140.27825,36.8675],[140.27741,36.86755],[140.2768,36.86722],[140.27642,36.86728],[140.27479,36.86685],[140.27473,36.86657],[140.2738,36.86672],[140.27251,36.8663],[140.27177,36.86681],[140.27317,36.86813],[140.27415,36.8694],[140.27446,36.87011],[140.27508,36.87074],[140.2778,36.87211],[140.27925,36.87309],[140.27997,36.87395],[140.28016,36.87438],[140.28106,36.87435],[140.28207,36.87496],[140.28323,36.87543],[140.28445,36.87632],[140.28532,36.8757],[140.28642,36.8766],[140.28597,36.87721],[140.28607,36.87759],[140.28543,36.87957],[140.28501,36.88013],[140.28453,36.88037],[140.27967,36.88186],[140.27876,36.88231],[140.27816,36.8829],[140.27513,36.88469],[140.27345,36.88592],[140.27132,36.8872],[140.26868,36.8892],[140.26776,36.89014],[140.26568,36.89246],[140.26501,36.89329],[140.26465,36.894],[140.26365,36.89539],[140.26281,36.89685],[140.26281,36.89743],[140.26364,36.89771],[140.26444,36.89831],[140.26651,36.89929],[140.26694,36.89939],[140.26671,36.90026],[140.26593,36.90003],[140.26416,36.89881],[140.26348,36.89869],[140.26232,36.89892],[140.26126,36.89972],[140.26141,36.90004],[140.26266,36.90023],[140.26383,36.90029],[140.26474,36.90092],[140.26554,36.90202],[140.26501,36.90313],[140.26431,36.90386],[140.26379,36.90518],[140.26318,36.90577],[140.26275,36.90545],[140.2619,36.90645],[140.26129,36.90671],[140.26127,36.90725],[140.25955,36.90947],[140.26023,36.90996],[140.25949,36.9106],[140.25878,36.9118],[140.25866,36.91223],[140.25924,36.91233],[140.25947,36.91357],[140.26043,36.91434],[140.26103,36.9135],[140.26139,36.9125],[140.26233,36.91211],[140.26407,36.91233],[140.26398,36.91153],[140.26425,36.91115],[140.2643,36.91036],[140.26391,36.90938],[140.26361,36.90808],[140.26364,36.90759],[140.26517,36.90744],[140.26586,36.90728],[140.26626,36.90688],[140.26629,36.90621],[140.26583,36.90533],[140.26574,36.9047],[140.2667,36.9038],[140.26798,36.9028],[140.2687,36.90271],[140.26885,36.90125],[140.26953,36.90085],[140.26947,36.90046],[140.26996,36.89953],[140.27051,36.89984],[140.27209,36.90046],[140.27285,36.90037],[140.27288,36.89912],[140.27413,36.89859],[140.27534,36.89771],[140.27571,36.89728],[140.27626,36.89624],[140.27739,36.89381],[140.27932,36.89012],[140.27996,36.88905],[140.28029,36.88828],[140.28057,36.88825],[140.28083,36.88935],[140.28083,36.88991],[140.28051,36.89094],[140.28059,36.89137],[140.28017,36.89211],[140.28035,36.89293],[140.28064,36.89341],[140.28127,36.89383],[140.2828,36.89423],[140.28343,36.89413],[140.28384,36.89327],[140.28367,36.89287],[140.2844,36.89271],[140.28387,36.89212],[140.28447,36.89193],[140.28411,36.88998],[140.28429,36.88928],[140.2842,36.88799],[140.28465,36.8864],[140.28569,36.88448],[140.28663,36.88353],[140.28867,36.88178],[140.28905,36.88242],[140.28975,36.88233],[140.28971,36.8818],[140.29077,36.88201],[140.29103,36.8815],[140.29152,36.88199],[140.29192,36.88206],[140.29237,36.88136],[140.29375,36.88163],[140.29406,36.8815],[140.29414,36.88081],[140.29445,36.88031],[140.29427,36.8799],[140.29498,36.87941],[140.29546,36.87869],[140.29488,36.87762],[140.29422,36.87715],[140.29535,36.87668],[140.29633,36.87663],[140.29695,36.87722],[140.29695,36.87786],[140.29739,36.87793],[140.29912,36.87751],[140.30039,36.87736],[140.30175,36.87675],[140.30372,36.875],[140.30407,36.8752],[140.30398,36.87624],[140.30333,36.87811],[140.30303,36.88015],[140.30291,36.88158],[140.30298,36.88254],[140.3029,36.88365],[140.3034,36.88365],[140.30577,36.88394],[140.30558,36.88442],[140.30596,36.88499],[140.3085,36.88629],[140.30881,36.88566],[140.30963,36.88479],[140.30919,36.88438],[140.30913,36.88378],[140.30833,36.8837],[140.30863,36.88314],[140.30847,36.88168],[140.30818,36.88096],[140.30865,36.88049],[140.30884,36.87946],[140.3085,36.8788],[140.3082,36.87779],[140.30766,36.8769],[140.30842,36.87646],[140.30983,36.87616],[140.31067,36.87614],[140.31276,36.87651],[140.31386,36.87731],[140.31407,36.87832],[140.31441,36.87852],[140.31635,36.8787],[140.31635,36.87784],[140.31617,36.87572],[140.31633,36.87552],[140.31862,36.87498],[140.31951,36.87469],[140.32088,36.8755],[140.32149,36.87515],[140.3227,36.87515],[140.32453,36.87535],[140.32582,36.87571],[140.32605,36.87646],[140.32512,36.87656],[140.32545,36.8773],[140.32612,36.87781],[140.32703,36.87814],[140.32714,36.87842],[140.32879,36.87911],[140.33037,36.87937],[140.33039,36.88009],[140.33071,36.88135],[140.32951,36.88221],[140.32939,36.88272],[140.32881,36.88382],[140.32878,36.88417],[140.32985,36.88576],[140.32975,36.88691],[140.32926,36.88782],[140.32861,36.88995],[140.32837,36.89107],[140.32783,36.89096],[140.32692,36.89104],[140.3261,36.89158],[140.32532,36.89273],[140.32477,36.89308],[140.32383,36.89325],[140.32365,36.89349],[140.32365,36.89487],[140.32387,36.89649],[140.32319,36.8978],[140.32286,36.89939],[140.3229,36.90085],[140.32316,36.90234],[140.3231,36.90284],[140.32197,36.90499],[140.32199,36.90682],[140.32159,36.90795],[140.32014,36.90902],[140.31942,36.90968],[140.31791,36.91074],[140.31735,36.91299],[140.31689,36.91321],[140.31573,36.9134],[140.31388,36.91482],[140.31319,36.91568],[140.31184,36.91573],[140.31081,36.91635],[140.31023,36.91784],[140.30893,36.9188],[140.30772,36.91919],[140.30741,36.91992],[140.30731,36.92157],[140.30661,36.92234],[140.30591,36.9237],[140.30483,36.92424],[140.30317,36.9252],[140.30287,36.92547],[140.30301,36.9267],[140.3027,36.92703],[140.30033,36.92802],[140.29942,36.9287],[140.29857,36.92954],[140.29732,36.92892],[140.2965,36.92934],[140.2955,36.93037],[140.2947,36.9307],[140.29432,36.93153],[140.29308,36.93251],[140.29269,36.9332],[140.29112,36.93295],[140.29025,36.9329]],[[140.28616,36.90714],[140.28741,36.90707],[140.28819,36.90682],[140.28834,36.90635],[140.28951,36.90635],[140.2899,36.9065],[140.29147,36.90622],[140.29179,36.90556],[140.29173,36.905],[140.29127,36.90469],[140.28806,36.90544],[140.28604,36.90607],[140.28576,36.90637],[140.28616,36.90714]],[[140.26949,36.90883],[140.26979,36.90833],[140.26952,36.90756],[140.26887,36.90667],[140.26878,36.90618],[140.26797,36.90631],[140.26839,36.90674],[140.26949,36.90883]],[[140.26157,36.91517],[140.26136,36.91484],[140.25992,36.91415],[140.25931,36.91372],[140.25846,36.91348],[140.25821,36.91407],[140.26036,36.91499],[140.2611,36.91523],[140.26157,36.91517]],[[140.2558,36.91791],[140.25503,36.91743],[140.25422,36.91733],[140.25375,36.91799],[140.2547,36.91847],[140.2549,36.91812],[140.2558,36.91791]],[[140.27368,36.9223],[140.27401,36.92197],[140.27398,36.92132],[140.27357,36.92112],[140.27248,36.92116],[140.27215,36.92141],[140.27224,36.92195],[140.27321,36.92229],[140.27368,36.9223]],[[140.27441,36.8821],[140.2738,36.88234],[140.27346,36.88303],[140.27366,36.88349],[140.27606,36.88283],[140.2763,36.88267],[140.27648,36.88193],[140.27694,36.88146],[140.27749,36.88124],[140.27864,36.88107],[140.27941,36.88067],[140.28014,36.87994],[140.28148,36.87973],[140.28342,36.87968],[140.28412,36.87944],[140.28452,36.87893],[140.28443,36.87852],[140.28316,36.87821],[140.28151,36.87865],[140.28075,36.87865],[140.27975,36.87911],[140.27862,36.88008],[140.27725,36.88023],[140.27619,36.88068],[140.27553,36.88109],[140.27512,36.88201],[140.27441,36.8821]],[[140.2834,36.86428],[140.28373,36.86495],[140.28489,36.86482],[140.28444,36.86432],[140.2844,36.86385],[140.28387,36.86371],[140.2834,36.86428]],[[140.29182,36.8541],[140.29337,36.85449],[140.29455,36.85491],[140.29618,36.85516],[140.29613,36.85486],[140.29409,36.85417],[140.29272,36.85389],[140.29045,36.85372],[140.29046,36.85404],[140.29182,36.8541]],[[140.2951,36.88588],[140.29496,36.88618],[140.29524,36.88709],[140.29559,36.88716],[140.29616,36.88658],[140.29609,36.88624],[140.2951,36.88588]]]},"properties":{"hoanrinKind":"保安林"}},
{"type":"Feature","geometry":{"type":"Polygon","coordinates":[[[140.57725,36.94224],[140.57603,36.94268],[140.57542,36.94251],[140.57468,36.94208],[140.57443,36.94085],[140.57484,36.93994],[140.57496,36.93919],[140.57423,36.93908],[140.57373,36.93959],[140.57282,36.93977],[140.57054,36.93914],[140.56976,36.93881],[140.56909,36.9383],[140.56743,36.93668],[140.56716,36.93548],[140.56732,36.93492],[140.56817,36.93329],[140.56856,36.93286],[140.57033,36.93197],[140.57053,36.93114],[140.56958,36.92876],[140.57029,36.92856],[140.56944,36.92673],[140.56896,36.92721],[140.56848,36.92611],[140.56787,36.92506],[140.56781,36.9243],[140.56796,36.92333],[140.56759,36.92215],[140.56827,36.9222],[140.56986,36.92255],[140.57148,36.92216],[140.57115,36.92175],[140.57125,36.92097],[140.57197,36.92044],[140.57417,36.92022],[140.57456,36.9198],[140.57544,36.91949],[140.57587,36.91879],[140.57647,36.91864],[140.57805,36.91858],[140.5786,36.91885],[140.58047,36.9184],[140.58248,36.91847],[140.5826,36.91918],[140.58223,36.91996],[140.58208,36.92088],[140.58183,36.92129],[140.58033,36.9219],[140.57979,36.92222],[140.57906,36.92313],[140.57837,36.92325],[140.57688,36.92464],[140.57687,36.9253],[140.57582,36.92519],[140.5754,36.92571],[140.57433,36.92595],[140.57435,36.92706],[140.57369,36.92829],[140.57377,36.9286],[140.57485,36.92951],[140.57403,36.93091],[140.57386,36.93179],[140.57323,36.93208],[140.57175,36.93356],[140.57209,36.9339],[140.57292,36.93416],[140.57291,36.93468],[140.57332,36.93492],[140.57526,36.93513],[140.57576,36.93492],[140.57733,36.93388],[140.5783,36.93426],[140.57853,36.93457],[140.5781,36.93502],[140.57822,36.9356],[140.57891,36.93633],[140.57864,36.93721],[140.5792,36.93807],[140.57829,36.9389],[140.57815,36.93937],[140.578,36.94163],[140.57781,36.94224],[140.57725,36.94224]],[[140.57456,36.93584],[140.57376,36.93593],[140.57321,36.93663],[140.57216,36.9369],[140.57154,36.93792],[140.57282,36.93791],[140.57357,36.93711],[140.57534,36.93603],[140.57456,36.93584]]]},"properties":{"hoanrinKind":"保安林"}},
{"type":"Feature","geometry":{"type":"Polygon","coordinates":[[[140.52998,36.67504],[140.52998,36.67514],[140.52983,36.67504],[140.52998,36.67504]]]},"properties":{"hoanrinKind":"保安林"}},
{"type":"Feature","geometry":{"type":"Polygon","coordinates":[[[140.55177,36.6999],[140.552,36.70048],[140.55301,36.70139],[140.55212,36.70098],[140.55181,36.70033],[140.55177,36.6999]]]},"properties":{"hoanrinKind":"保安林"}},
{"type":"Feature","geometry":{"type":"Polygon","coordinates":[[[140.57614,36.70992],[140.57591,36.71002],[140.57544,36.71001],[140.57561,36.70984],[140.57614,36.70992]]]},"properties":{"hoanrinKind":"保安林"}},
{"type":"Feature","geometry":{"type":"Polygon","coordinates":[[[140.6168,36.7446],[140.61693,36.74467],[140.61688,36.74509],[140.61655,36.74465],[140.6168,36.7446]]]},"properties":{"hoanrinKind":"保安林"}},
{"type":"Feature","geometry":{"type":"Polygon","coordinates":[[[140.61386,36.74645],[140.61405,36.74664],[140.61379,36.74673],[140.61386,36.74645]]]},"properties":{"hoanrinKind":"保安林"}},
{"type":"Feature","geometry":{"type":"Polygon","coordinates":[[[140.60474,36.75807],[140.60425,36.75764],[140.6046,36.757],[140.60504,36.75749],[140.60474,36.75807]]]},"properties":{"hoanrinKind":"保安林"}},
{"type":"Feature","geometry":{"type":"Polygon","coordinates":[[[140.64863,36.78187],[140.64873,36.78217],[140.64848,36.78217],[140.64863,36.78187]]]},"properties":{"hoanrinKind":"保安林"}},
{"type":"Feature","geometry":{"type":"Polygon","coordinates":[[[140.6471,36.78332],[140.64708,36.78386],[140.64662,36.78367],[140.6471,36.78332]]]},"properties":{"hoanrinKind":"保安林"}},
{"type":"Feature","geometry":{"type":"Polygon","coordinates":[[[140.52955,36.81978],[140.52951,36.82006],[140.52891,36.82057],[140.52827,36.8207],[140.52955,36.81978]]]},"properties":{"hoanrinKind":"保安林"}},
{"type":"Feature","geometry":{"type":"Polygon","coordinates":[[[140.53244,36.82142],[140.53217,36.82081],[140.53099,36.82044],[140.53119,36.82016],[140.53236,36.82048],[140.5328,36.82086],[140.53244,36.82142]]]},"properties":{"hoanrinKind":"保安林"}},
{"type":"Feature","geometry":{"type":"Polygon","coordinates":[[[140.51992,36.82644],[140.5198,36.82665],[140.51876,36.82644],[140.51792,36.8261],[140.51774,36.82574],[140.51686,36.82601],[140.51537,36.82438],[140.51454,36.82394],[140.51385,36.82326],[140.51253,36.82338],[140.51182,36.82305],[140.51173,36.82252],[140.51135,36.82211],[140.51056,36.82192],[140.50918,36.82237],[140.50813,36.82234],[140.50698,36.82271],[140.50593,36.82283],[140.50477,36.82324],[140.50382,36.82289],[140.50294,36.82124],[140.50341,36.82003],[140.50327,36.81938],[140.50291,36.81904],[140.50187,36.81859],[140.5014,36.81818],[140.5002,36.81887],[140.49941,36.81916],[140.4974,36.81927],[140.49666,36.81914],[140.49581,36.81818],[140.49416,36.81853],[140.49331,36.81845],[140.49334,36.81916],[140.49313,36.81936],[140.49197,36.81925],[140.49152,36.81941],[140.49041,36.81839],[140.48893,36.81863],[140.48845,36.8185],[140.48743,36.81771],[140.48772,36.81713],[140.48847,36.81686],[140.48847,36.81611],[140.48816,36.81536],[140.48848,36.81476],[140.48946,36.8138],[140.48958,36.81329],[140.4893,36.81281],[140.48972,36.81241],[140.48932,36.81093],[140.48936,36.80985],[140.48923,36.80943],[140.4885,36.80906],[140.48746,36.80905],[140.48562,36.80818],[140.48507,36.8068],[140.48398,36.80633],[140.48372,36.80549],[140.48278,36.80464],[140.48116,36.80395],[140.48055,36.80279],[140.48099,36.80244],[140.481,36.80183],[140.48144,36.80137],[140.4814,36.80031],[140.48157,36.79964],[140.48291,36.80014],[140.48293,36.79953],[140.48164,36.79789],[140.48153,36.79749],[140.48068,36.79645],[140.48072,36.79564],[140.48094,36.79541],[140.48189,36.79541],[140.48234,36.79522],[140.48225,36.79443],[140.48238,36.79386],[140.48327,36.79398],[140.48463,36.79526],[140.48553,36.79554],[140.48627,36.79611],[140.48829,36.79611],[140.48969,36.79666],[140.49016,36.79738],[140.49018,36.79836],[140.49052,36.79896],[140.4913,36.79949],[140.49181,36.79959],[140.49343,36.80113],[140.49395,36.80196],[140.4961,36.80378],[140.49654,36.80449],[140.49719,36.80523],[140.49778,36.80527],[140.49899,36.80643],[140.49957,36.80717],[140.49969,36.80789],[140.5,36.80829],[140.50111,36.80877],[140.50163,36.80916],[140.5018,36.80964],[140.50146,36.81128],[140.50097,36.81176],[140.50094,36.81218],[140.50174,36.81317],[140.50226,36.81297],[140.50248,36.81231],[140.50416,36.81204],[140.50446,36.81173],[140.50501,36.81172],[140.50659,36.81218],[140.50704,36.81243],[140.50689,36.81448],[140.50714,36.81469],[140.50809,36.8148],[140.50856,36.81572],[140.50977,36.81566],[140.50996,36.8161],[140.51077,36.81677],[140.51099,36.81768],[140.51183,36.81822],[140.51231,36.81878],[140.51228,36.81924],[140.51285,36.82003],[140.5131,36.82078],[140.51395,36.82066],[140.51392,36.8216],[140.51467,36.82237],[140.51461,36.82304],[140.51572,36.82392],[140.51734,36.82567],[140.51796,36.82518],[140.51822,36.82566],[140.51992,36.82644]],[[140.49117,36.80432],[140.49074,36.80469],[140.4925,36.80588],[140.49353,36.80643],[140.4946,36.8068],[140.49691,36.80723],[140.49806,36.80751],[140.49919,36.80818],[140.49923,36.80754],[140.49855,36.80627],[140.49782,36.80565],[140.49624,36.80522],[140.49542,36.80543],[140.49465,36.80487],[140.4929,36.80444],[140.49244,36.80461],[140.49161,36.80428],[140.49117,36.80432]]]},"properties":{"hoanrinKind":"保安林"}},
{"type":"Feature","geometry":{"type":"Polygon","coordinates":[[[140.52138,36.83128],[140.52017,36.83105],[140.51986,36.83077],[140.5197,36.82898],[140.51904,36.82833],[140.51944,36.82788],[140.51991,36.82847],[140.5199,36.8303],[140.52041,36.83063],[140.52128,36.83074],[140.5222,36.83063],[140.52262,36.83038],[140.52368,36.82934],[140.52404,36.82967],[140.52327,36.83008],[140.52214,36.83093],[140.52138,36.83128]]]},"properties":{"hoanrinKind":"保安林"}},
{"type":"Feature","geometry":{"type":"Polygon","coordinates":[[[140.5251,36.83157],[140.52579,36.8321],[140.52536,36.83208],[140.5251,36.83157]]]},"properties":{"hoanrinKind":"保安林"}},
{"type":"Feature","geometry":{"type":"Polygon","coordinates":[[[140.65339,36.83226],[140.65379,36.8324],[140.65325,36.83236],[140.65339,36.83226]]]},"properties":{"hoanrinKind":"保安林"}},
{"type":"Feature","geometry":{"type":"Polygon","coordinates":[[[140.52606,36.83264],[140.52664,36.83312],[140.52621,36.83323],[140.52606,36.83264]]]},"properties":{"hoanrinKind":"保安林"}},
{"type":"Feature","geometry":{"type":"Polygon","coordinates":[[[140.65527,36.83377],[140.6553,36.83389],[140.6551,36.83398],[140.65508,36.83389],[140.65527,36.83377]]]},"properties":{"hoanrinKind":"保安林"}},
{"type":"Feature","geometry":{"type":"Polygon","coordinates":[[[140.65003,36.83484],[140.64964,36.8351],[140.64919,36.83532],[140.64894,36.83532],[140.65003,36.83484]]]},"properties":{"hoanrinKind":"保安林"}},
{"type":"Feature","geometry":{"type":"Polygon","coordinates":[[[140.52722,36.83407],[140.52712,36.83459],[140.52697,36.83445],[140.52722,36.83407]]]},"properties":{"hoanrinKind":"保安林"}},
{"type":"Feature","geometry":{"type":"Polygon","coordinates":[[[140.52436,36.83645],[140.52455,36.83603],[140.52522,36.83562],[140.52633,36.83603],[140.52619,36.83642],[140.52533,36.83584],[140.52436,36.83645]]]},"properties":{"hoanrinKind":"保安林"}},
{"type":"Feature","geometry":{"type":"Polygon","coordinates":[[[140.53393,36.83781],[140.53255,36.83778],[140.53226,36.83717],[140.53,36.83628],[140.52925,36.8361],[140.52933,36.8356],[140.53002,36.83575],[140.53095,36.83619],[140.53242,36.83655],[140.53278,36.83741],[140.53454,36.83728],[140.53449,36.8378],[140.53393,36.83781]]]},"properties":{"hoanrinKind":"保安林"}},
{"type":"Feature","geometry":{"type":"Polygon","coordinates":[[[140.53877,36.83746],[140.53752,36.83737],[140.53714,36.83746],[140.53583,36.83662],[140.53494,36.83641],[140.53484,36.83604],[140.53588,36.83616],[140.53687,36.83695],[140.53831,36.83715],[140.53877,36.83746]]]},"properties":{"hoanrinKind":"保安林"}},
{"type":"Feature","geometry":{"type":"Polygon","coordinates":[[[140.54282,36.83946],[140.54289,36.83989],[140.54309,36.84018],[140.54275,36.84014],[140.54263,36.83962],[140.54282,36.83946]]]},"properties":{"hoanrinKind":"保安林"}},
{"type":"Feature","geometry":{"type":"Polygon","coordinates":[[[140.68694,36.8413],[140.68702,36.84175],[140.6867,36.84154],[140.68666,36.84128],[140.68694,36.8413]]]},"properties":{"hoanrinKind":"保安林"}},
{"type":"Feature","geometry":{"type":"Polygon","coordinates":[[[140.69157,36.84596],[140.69151,36.84603],[140.69158,36.84594],[140.69157,36.84596]]]},"properties":{"hoanrinKind":"保安林"}},
{"type":"Feature","geometry":{"type":"Polygon","coordinates":[[[140.69692,36.84625],[140.69687,36.84662],[140.69662,36.84712],[140.69624,36.84719],[140.69672,36.84669],[140.69692,36.84625]]]},"properties":{"hoanrinKind":"保安林"}},
{"type":"Feature","geometry":{"type":"Polygon","coordinates":[[[140.69411,36.84619],[140.69395,36.84707],[140.69356,36.8469],[140.69411,36.84619]]]},"properties":{"hoanrinKind":"保安林"}},
{"type":"Feature","geometry":{"type":"Polygon","coordinates":[[[140.69159,36.84803],[140.69098,36.84795],[140.68952,36.84707],[140.68997,36.84671],[140.69102,36.8474],[140.69159,36.84803]]]},"properties":{"hoanrinKind":"保安林"}},
{"type":"Feature","geometry":{"type":"Polygon","coordinates":[[[140.69329,36.84832],[140.69283,36.84885],[140.69272,36.84915],[140.69242,36.84914],[140.69329,36.84832]]]},"properties":{"hoanrinKind":"保安林"}},
{"type":"Feature","geometry":{"type":"Polygon","coordinates":[[[140.67626,36.8509],[140.67633,36.8514],[140.67575,36.85145],[140.67592,36.85097],[140.67626,36.8509]]]},"properties":{"hoanrinKind":"保安林"}},
{"type":"Feature","geometry":{"type":"Polygon","coordinates":[[[140.67502,36.85142],[140.67513,36.85162],[140.67484,36.85163],[140.67502,36.85142]]]},"properties":{"hoanrinKind":"保安林"}},
{"type":"Feature","geometry":{"type":"Polygon","coordinates":[[[140.55207,36.85872],[140.5525,36.85893],[140.55256,36.85905],[140.5518,36.85871],[140.55207,36.85872]]]},"properties":{"hoanrinKind":"保安林"}},
{"type":"Feature","geometry":{"type":"Polygon","coordinates":[[[140.55243,36.85998],[140.55211,36.86028],[140.55174,36.86023],[140.55234,36.85989],[140.55243,36.85998]]]},"properties":{"hoanrinKind":"保安林"}},
{"type":"Feature","geometry":{"type":"Polygon","coordinates":[[[140.68201,36.87669],[140.68138,36.87681],[140.68051,36.87655],[140.6819,36.8755],[140.68222,36.87442],[140.68275,36.87491],[140.68139,36.87605],[140.68201,36.87669]]]},"properties":{"hoanrinKind":"保安林"}},
{"type":"Feature","geometry":{"type":"Polygon","coordinates":[[[140.67995,36.87783],[140.67903,36.87924],[140.67892,36.88016],[140.67814,36.87982],[140.67916,36.87839],[140.67995,36.87783]]]},"properties":{"hoanrinKind":"保安林"}},
{"type":"Feature","geometry":{"type":"Polygon","coordinates":[[[140.58918,36.91585],[140.58899,36.91568],[140.59022,36.91547],[140.58967,36.91584],[140.58918,36.91585]]]},"properties":{"hoanrinKind":"保安林"}},
{"type":"Feature","geometry":{"type":"Polygon","coordinates":[[[140.58651,36.91594],[140.58657,36.91545],[140.58703,36.91541],[140.5867,36.91603],[140.58651,36.91594]]]},"properties":{"hoanrinKind":"保安林"}},
{"type":"Feature","geometry":{"type":"Polygon","coordinates":[[[140.58661,36.91701],[140.58646,36.91684],[140.58672,36.91665],[140.58693,36.91689],[140.58661,36.91701]]]},"properties":{"hoanrinKind":"保安林"}},
{"type":"Feature","geometry":{"type":"Polygon","coordinates":[[[140.58685,36.91755],[140.58681,36.91758],[140.58648,36.91754],[140.58663,36.91749],[140.58685,36.91755]]]},"properties":{"hoanrinKind":"保安林"}},
{"type":"Feature","geometry":{"type":"Polygon","coordinates":[[[140.58853,36.91862],[140.58815,36.91849],[140.58828,36.91843],[140.58853,36.91862]]]},"properties":{"hoanrinKind":"保安林"}},
{"type":"Feature","geometry":{"type":"Polygon","coordinates":[[[140.68765,36.86557],[140.68809,36.86662],[140.68863,36.86696],[140.68918,36.86801],[140.68912,36.86853],[140.68809,36.86867],[140.68747,36.86906],[140.68669,36.86858],[140.68596,36.86843],[140.68546,36.86881],[140.68533,36.86936],[140.68532,36.87091],[140.68505,36.87141],[140.68394,36.87224],[140.68499,36.87253],[140.68567,36.87245],[140.6864,36.87212],[140.68675,36.87323],[140.68565,36.87365],[140.68463,36.87364],[140.68397,36.87379],[140.68318,36.8744],[140.68262,36.87368],[140.68088,36.87343],[140.68059,36.87314],[140.67998,36.87308],[140.67963,36.87244],[140.67904,36.87256],[140.6791,36.87379],[140.68049,36.8741],[140.68041,36.87458],[140.6807,36.87485],[140.68003,36.8752],[140.6796,36.87582],[140.6791,36.87587],[140.67859,36.87665],[140.67783,36.87734],[140.67742,36.87807],[140.67746,36.87947],[140.67677,36.8799],[140.67576,36.87997],[140.6752,36.88054],[140.67573,36.88177],[140.67627,36.88262],[140.67783,36.88433],[140.67839,36.88472],[140.67908,36.88468],[140.67867,36.88627],[140.67647,36.88668],[140.67561,36.887],[140.6762,36.88828],[140.67577,36.88919],[140.67556,36.89014],[140.67565,36.89108],[140.67471,36.89147],[140.67426,36.89204],[140.67501,36.89237],[140.67671,36.89184],[140.67795,36.89187],[140.67859,36.89236],[140.67966,36.89242],[140.68047,36.89285],[140.67997,36.89336],[140.67905,36.89298],[140.67836,36.89326],[140.67714,36.89339],[140.67638,36.89378],[140.67511,36.89377],[140.67338,36.89318],[140.67241,36.89364],[140.6717,36.89346],[140.67065,36.89386],[140.67026,36.89435],[140.66806,36.89497],[140.667,36.89498],[140.66612,36.89527],[140.66459,36.89643],[140.66395,36.89662],[140.66269,36.89639],[140.66148,36.89678],[140.65985,36.89668],[140.65867,36.89713],[140.65734,36.89723],[140.65626,36.89714],[140.65585,36.89729],[140.65549,36.89815],[140.65508,36.89873],[140.65522,36.89936],[140.65503,36.90097],[140.65472,36.901],[140.65107,36.89972],[140.65069,36.89973],[140.64928,36.90037],[140.64736,36.901],[140.64669,36.90084],[140.64666,36.8997],[140.64614,36.89928],[140.64476,36.89899],[140.644,36.89897],[140.64239,36.89913],[140.63905,36.89802],[140.63726,36.89757],[140.6362,36.89758],[140.63577,36.89821],[140.63486,36.89898],[140.63359,36.8991],[140.63245,36.89958],[140.63062,36.9],[140.63047,36.9008],[140.62937,36.90119],[140.62854,36.90136],[140.62811,36.90205],[140.62797,36.90286],[140.62742,36.90271],[140.62589,36.90194],[140.62526,36.9026],[140.62412,36.90262],[140.62267,36.90323],[140.62173,36.90321],[140.62106,36.9025],[140.61992,36.90287],[140.61724,36.90345],[140.6155,36.90327],[140.61475,36.90384],[140.61469,36.90451],[140.61564,36.90664],[140.6148,36.90718],[140.61432,36.90816],[140.61436,36.90848],[140.61307,36.9095],[140.6128,36.91048],[140.61227,36.91061],[140.61141,36.91029],[140.61037,36.91068],[140.60975,36.91165],[140.60886,36.91174],[140.60807,36.9124],[140.60718,36.91277],[140.6069,36.91352],[140.60685,36.9144],[140.60549,36.916],[140.60468,36.91648],[140.60445,36.91724],[140.60394,36.91818],[140.60311,36.91868],[140.60221,36.92023],[140.60048,36.92079],[140.60035,36.92137],[140.60067,36.92271],[140.59943,36.9231],[140.59875,36.92365],[140.598,36.92473],[140.5976,36.92512],[140.59573,36.92546],[140.59295,36.92642],[140.59264,36.92717],[140.5931,36.92781],[140.59375,36.92834],[140.59344,36.92909],[140.59404,36.92985],[140.59406,36.93057],[140.59373,36.93152],[140.59423,36.93233],[140.59376,36.93315],[140.59359,36.93403],[140.59312,36.93461],[140.59231,36.93605],[140.59339,36.9373],[140.59384,36.93768],[140.59388,36.9381],[140.59343,36.93879],[140.59282,36.93926],[140.5925,36.93911],[140.59211,36.93838],[140.59164,36.93813],[140.59116,36.93821],[140.58956,36.9391],[140.58886,36.93988],[140.58827,36.94118],[140.58743,36.94361],[140.58737,36.94417],[140.58635,36.94522],[140.58602,36.94527],[140.58484,36.94449],[140.58407,36.94447],[140.58368,36.94418],[140.58319,36.9431],[140.58217,36.94272],[140.58131,36.94265],[140.58038,36.94281],[140.57926,36.94234],[140.57843,36.94222],[140.57844,36.94004],[140.57886,36.93918],[140.57992,36.93836],[140.57984,36.93787],[140.57911,36.93714],[140.57934,36.93622],[140.57846,36.93551],[140.57871,36.93479],[140.58003,36.93483],[140.5807,36.93502],[140.58117,36.93453],[140.58187,36.93416],[140.58284,36.93264],[140.58397,36.93276],[140.58381,36.93159],[140.58492,36.931],[140.58459,36.93036],[140.58371,36.93022],[140.58387,36.9297],[140.5839,36.92866],[140.58444,36.9283],[140.58425,36.92795],[140.58317,36.92796],[140.58211,36.92723],[140.58174,36.92612],[140.58137,36.92578],[140.58112,36.92448],[140.58078,36.9241],[140.58027,36.92408],[140.57955,36.92376],[140.57947,36.92345],[140.5803,36.92245],[140.5807,36.92222],[140.58251,36.9216],[140.58299,36.92102],[140.58288,36.92023],[140.58337,36.92012],[140.58397,36.92045],[140.58363,36.92195],[140.58504,36.92415],[140.58561,36.92467],[140.58636,36.92388],[140.58646,36.92255],[140.58737,36.92194],[140.58803,36.9229],[140.58847,36.92305],[140.58873,36.92222],[140.58799,36.92166],[140.58849,36.92106],[140.58876,36.91987],[140.58914,36.91893],[140.58984,36.91872],[140.59067,36.9187],[140.59189,36.91769],[140.59201,36.9169],[140.5924,36.91634],[140.59175,36.91459],[140.59125,36.9138],[140.59111,36.91321],[140.59049,36.91263],[140.58941,36.9126],[140.58894,36.91166],[140.58776,36.9114],[140.58717,36.91143],[140.58662,36.91209],[140.5859,36.91224],[140.58561,36.91207],[140.58591,36.91126],[140.58563,36.91104],[140.58299,36.91103],[140.58214,36.91171],[140.58115,36.91218],[140.58051,36.9128],[140.57964,36.91278],[140.57968,36.91206],[140.57921,36.91206],[140.57913,36.91323],[140.57867,36.91289],[140.57892,36.91167],[140.57887,36.91121],[140.57844,36.911],[140.57759,36.91129],[140.57657,36.9104],[140.57575,36.91004],[140.57473,36.91003],[140.57419,36.91024],[140.57385,36.90906],[140.57422,36.90861],[140.57579,36.90797],[140.5761,36.90766],[140.57619,36.90694],[140.57711,36.90659],[140.57875,36.90511],[140.58076,36.90441],[140.58093,36.90249],[140.58017,36.90138],[140.58008,36.90098],[140.58047,36.90013],[140.57968,36.89909],[140.57993,36.89793],[140.57936,36.89614],[140.57975,36.89538],[140.57973,36.89431],[140.58,36.89327],[140.58038,36.89299],[140.58122,36.89292],[140.58187,36.89338],[140.58234,36.89322],[140.58315,36.89187],[140.58366,36.89136],[140.58347,36.89072],[140.58363,36.89019],[140.58413,36.88986],[140.58448,36.88921],[140.58503,36.88864],[140.58615,36.88779],[140.58625,36.88754],[140.58569,36.88697],[140.58566,36.88659],[140.58619,36.88617],[140.58702,36.88626],[140.58823,36.88506],[140.58945,36.88482],[140.58988,36.88458],[140.59038,36.88366],[140.59136,36.88228],[140.59151,36.88178],[140.59243,36.88109],[140.59328,36.87984],[140.59289,36.87867],[140.59322,36.87759],[140.59321,36.87666],[140.59277,36.87556],[140.59265,36.87473],[140.59223,36.87346],[140.59166,36.87281],[140.59116,36.8728],[140.58913,36.87406],[140.58874,36.87491],[140.58771,36.87406],[140.58635,36.8733],[140.58536,36.87209],[140.58528,36.87164],[140.58483,36.87096],[140.58453,36.87004],[140.58353,36.86895],[140.58286,36.86807],[140.58141,36.86777],[140.58046,36.86689],[140.58009,36.86703],[140.57877,36.86809],[140.57763,36.86882],[140.57548,36.86911],[140.5752,36.86899],[140.57458,36.86773],[140.57421,36.86733],[140.57333,36.86689],[140.57263,36.86619],[140.57255,36.86577],[140.57279,36.865],[140.57247,36.86416],[140.57098,36.864],[140.56957,36.86409],[140.56878,36.86426],[140.56793,36.8637],[140.56754,36.86323],[140.56538,36.86395],[140.56469,36.86221],[140.56423,36.86255],[140.56317,36.86255],[140.5624,36.86306],[140.56104,36.8635],[140.56035,36.86336],[140.55947,36.86184],[140.56003,36.86136],[140.56152,36.861],[140.5627,36.86152],[140.56311,36.86059],[140.56187,36.85942],[140.56089,36.85888],[140.56079,36.85843],[140.56155,36.85801],[140.56265,36.8569],[140.5623,36.85654],[140.56281,36.85591],[140.56356,36.85553],[140.56379,36.85429],[140.56447,36.85336],[140.56445,36.85315],[140.56358,36.85232],[140.56308,36.85153],[140.5612,36.85131],[140.56072,36.85134],[140.55926,36.85214],[140.55817,36.85213],[140.55766,36.85146],[140.55633,36.85094],[140.55594,36.85067],[140.5558,36.85016],[140.55524,36.84965],[140.55375,36.84925],[140.55262,36.84876],[140.55206,36.84811],[140.55126,36.84752],[140.54918,36.8466],[140.54764,36.8455],[140.54751,36.84574],[140.54813,36.84673],[140.54903,36.84696],[140.54966,36.84754],[140.5507,36.84763],[140.55098,36.8481],[140.5513,36.84939],[140.55242,36.85009],[140.55375,36.85014],[140.55432,36.85029],[140.55564,36.85168],[140.55743,36.85277],[140.55781,36.85351],[140.55707,36.85475],[140.55494,36.85487],[140.55424,36.85576],[140.55396,36.85669],[140.553,36.8568],[140.55212,36.85709],[140.55195,36.85826],[140.55154,36.85835],[140.55105,36.85966],[140.55023,36.8595],[140.54982,36.85915],[140.5485,36.85915],[140.54708,36.85828],[140.5457,36.85808],[140.54462,36.85837],[140.5442,36.85867],[140.54311,36.85867],[140.54111,36.8595],[140.54061,36.85953],[140.54037,36.85894],[140.53958,36.85896],[140.53895,36.85851],[140.53889,36.85756],[140.53795,36.85671],[140.53794,36.85564],[140.53771,36.85485],[140.53861,36.85272],[140.53876,36.85159],[140.53826,36.85058],[140.53839,36.84824],[140.53855,36.84771],[140.53815,36.84679],[140.53923,36.84558],[140.53912,36.84493],[140.54006,36.84406],[140.54019,36.84359],[140.5399,36.84301],[140.53897,36.84295],[140.53751,36.84305],[140.53693,36.84278],[140.53729,36.84215],[140.53797,36.84162],[140.53889,36.84117],[140.53963,36.84139],[140.54005,36.84173],[140.54143,36.84182],[140.54157,36.84241],[140.54221,36.84232],[140.54246,36.84278],[140.54342,36.84322],[140.54342,36.84241],[140.54273,36.84136],[140.54421,36.84254],[140.54448,36.84178],[140.54356,36.83928],[140.5436,36.8388],[140.54325,36.83806],[140.54287,36.83775],[140.54051,36.83632],[140.53899,36.83562],[140.53388,36.83393],[140.53132,36.83288],[140.53037,36.83242],[140.52862,36.83138],[140.52776,36.83058],[140.52839,36.83016],[140.52852,36.82968],[140.52807,36.82937],[140.52671,36.83057],[140.5262,36.83064],[140.52557,36.8301],[140.5263,36.82973],[140.526,36.82839],[140.5256,36.82814],[140.52587,36.82715],[140.52563,36.82685],[140.52476,36.82695],[140.52327,36.82764],[140.52263,36.82638],[140.52293,36.82604],[140.52405,36.82617],[140.52476,36.82566],[140.52649,36.82574],[140.52767,36.82547],[140.52984,36.82625],[140.53218,36.82648],[140.53294,36.82681],[140.53349,36.82725],[140.5348,36.8274],[140.53643,36.82775],[140.53734,36.82695],[140.53786,36.82693],[140.53938,36.82715],[140.54093,36.82756],[140.54213,36.82734],[140.54351,36.82804],[140.54121,36.82971],[140.54118,36.83029],[140.54158,36.83051],[140.54354,36.83088],[140.54394,36.83085],[140.54488,36.83035],[140.54538,36.83036],[140.54585,36.83104],[140.5459,36.8315],[140.54559,36.83224],[140.5448,36.8335],[140.54492,36.83408],[140.54552,36.83493],[140.54619,36.83509],[140.54668,36.83442],[140.54672,36.83376],[140.54631,36.83292],[140.54642,36.83246],[140.54758,36.83171],[140.54827,36.83176],[140.54928,36.83212],[140.54929,36.83278],[140.54976,36.83286],[140.55089,36.8321],[140.55195,36.83217],[140.55297,36.83173],[140.55375,36.83162],[140.5542,36.83112],[140.55412,36.83066],[140.55256,36.83003],[140.55242,36.8295],[140.55345,36.82956],[140.55526,36.82991],[140.55626,36.82989],[140.55625,36.8293],[140.55557,36.82921],[140.55526,36.8284],[140.55477,36.82855],[140.55411,36.82917],[140.55299,36.82921],[140.5524,36.82882],[140.55081,36.82732],[140.55042,36.8271],[140.54956,36.82709],[140.54905,36.82725],[140.54831,36.82667],[140.5489,36.82626],[140.54978,36.82619],[140.5506,36.8251],[140.55057,36.82465],[140.55007,36.82433],[140.54927,36.82415],[140.54934,36.82343],[140.54873,36.82236],[140.54824,36.82193],[140.54728,36.82185],[140.54811,36.82097],[140.5495,36.82087],[140.54983,36.82061],[140.54912,36.8194],[140.5491,36.81825],[140.54876,36.81745],[140.5479,36.81634],[140.54758,36.8156],[140.54697,36.81524],[140.54545,36.81353],[140.54491,36.81307],[140.54458,36.81245],[140.54491,36.81183],[140.54583,36.81211],[140.5468,36.81098],[140.54648,36.80953],[140.54685,36.80893],[140.5468,36.80853],[140.54538,36.80799],[140.54535,36.80751],[140.54455,36.80722],[140.54426,36.80611],[140.54386,36.80565],[140.543,36.80572],[140.54147,36.80545],[140.54006,36.80404],[140.54024,36.80306],[140.53984,36.80236],[140.53988,36.80192],[140.54026,36.80141],[140.54015,36.79967],[140.5399,36.79888],[140.5395,36.79901],[140.53933,36.7983],[140.5389,36.79818],[140.53747,36.79818],[140.53709,36.79795],[140.53669,36.79726],[140.53667,36.79669],[140.53696,36.79599],[140.53679,36.79562],[140.53616,36.79527],[140.53504,36.79404],[140.53489,36.79332],[140.53408,36.7928],[140.53306,36.79296],[140.53217,36.79289],[140.53174,36.79304],[140.53091,36.79422],[140.52726,36.79489],[140.52667,36.79519],[140.52591,36.79517],[140.52538,36.79495],[140.52388,36.79507],[140.52296,36.79503],[140.52244,36.79414],[140.52191,36.79367],[140.52094,36.79249],[140.52041,36.79231],[140.51942,36.79228],[140.51881,36.79176],[140.51829,36.79159],[140.51774,36.79178],[140.51561,36.79306],[140.51463,36.79371],[140.5131,36.79287],[140.51195,36.79265],[140.51106,36.79228],[140.5102,36.79268],[140.50987,36.79342],[140.50951,36.79481],[140.50951,36.79572],[140.51034,36.79704],[140.51083,36.79759],[140.51165,36.79816],[140.5128,36.79855],[140.51295,36.79897],[140.51262,36.79947],[140.51319,36.80057],[140.51304,36.80185],[140.51336,36.80338],[140.51255,36.80452],[140.51228,36.80556],[140.5123,36.8064],[140.51339,36.807],[140.51378,36.80749],[140.51456,36.80774],[140.51575,36.80865],[140.51643,36.80889],[140.51803,36.80731],[140.51925,36.80721],[140.51999,36.80694],[140.52078,36.80718],[140.52113,36.80763],[140.52181,36.80801],[140.52382,36.80834],[140.52524,36.80832],[140.52618,36.80784],[140.52675,36.80783],[140.52724,36.80818],[140.52913,36.80842],[140.53037,36.80844],[140.53134,36.80915],[140.53234,36.80919],[140.53214,36.81],[140.53214,36.8124],[140.53251,36.81279],[140.53237,36.81329],[140.53154,36.81401],[140.53152,36.81473],[140.53176,36.8152],[140.5304,36.81637],[140.53093,36.81755],[140.5307,36.81788],[140.52973,36.81829],[140.52927,36.81736],[140.52784,36.81915],[140.52657,36.82034],[140.52342,36.81892],[140.52192,36.81808],[140.52145,36.81791],[140.52034,36.81659],[140.52027,36.81582],[140.52078,36.81575],[140.52125,36.81604],[140.52151,36.81673],[140.52216,36.81698],[140.52271,36.8159],[140.52315,36.81557],[140.52484,36.81614],[140.52634,36.81506],[140.52731,36.81549],[140.52774,36.81503],[140.52864,36.81532],[140.52874,36.81444],[140.52854,36.81422],[140.52731,36.81362],[140.52668,36.81312],[140.52681,36.8127],[140.52739,36.81241],[140.52756,36.81182],[140.52668,36.81167],[140.52611,36.81118],[140.52521,36.81132],[140.52547,36.81194],[140.52602,36.81215],[140.5256,36.81262],[140.52461,36.81263],[140.524,36.81227],[140.52452,36.81108],[140.52401,36.81078],[140.52336,36.81226],[140.52251,36.81255],[140.52151,36.81221],[140.52023,36.81147],[140.52009,36.81114],[140.5214,36.81031],[140.52156,36.80995],[140.52101,36.80967],[140.52055,36.80981],[140.51986,36.81063],[140.51909,36.81083],[140.51961,36.81143],[140.51965,36.81195],[140.51841,36.81297],[140.51794,36.81295],[140.51635,36.812],[140.51475,36.81089],[140.51415,36.81099],[140.51387,36.8115],[140.51317,36.81365],[140.51281,36.81389],[140.51091,36.81332],[140.51033,36.81264],[140.50846,36.81183],[140.50788,36.81191],[140.50729,36.81162],[140.50697,36.81117],[140.50614,36.81108],[140.50581,36.81012],[140.5053,36.80967],[140.50436,36.80961],[140.50318,36.80802],[140.50144,36.8072],[140.50086,36.80673],[140.50006,36.8064],[140.49948,36.8057],[140.49816,36.80463],[140.49769,36.80404],[140.49753,36.80349],[140.49599,36.80177],[140.49521,36.80127],[140.49509,36.80087],[140.49462,36.80059],[140.49347,36.80032],[140.49283,36.79974],[140.49112,36.79878],[140.49034,36.79665],[140.49002,36.79639],[140.48864,36.79596],[140.48759,36.79522],[140.48802,36.7951],[140.48802,36.79338],[140.48821,36.79195],[140.4869,36.79197],[140.48633,36.79171],[140.48618,36.79103],[140.48661,36.79071],[140.48821,36.7905],[140.48813,36.78984],[140.48715,36.78905],[140.48688,36.78811],[140.48687,36.78723],[140.48715,36.78686],[140.48816,36.78694],[140.48861,36.78729],[140.48925,36.78719],[140.48901,36.78613],[140.48863,36.78531],[140.48896,36.78498],[140.48979,36.7848],[140.48981,36.78383],[140.49071,36.7832],[140.49097,36.78276],[140.49049,36.77995],[140.48854,36.77927],[140.48787,36.77916],[140.48737,36.77855],[140.48746,36.7774],[140.48686,36.77704],[140.48619,36.77588],[140.48624,36.7754],[140.48585,36.77487],[140.48609,36.77352],[140.48703,36.77366],[140.48732,36.77295],[140.4878,36.77251],[140.48775,36.77205],[140.488,36.77136],[140.4897,36.77123],[140.49056,36.77165],[140.49167,36.77178],[140.49164,36.77221],[140.49234,36.77259],[140.49253,36.77316],[140.49296,36.77335],[140.49296,36.7724],[140.49356,36.77263],[140.49398,36.77359],[140.49458,36.77326],[140.49524,36.77323],[140.49542,36.77275],[140.49591,36.77224],[140.49663,36.77274],[140.49706,36.77333],[140.49757,36.7745],[140.498,36.77588],[140.4986,36.77566],[140.49839,36.77459],[140.49849,36.7727],[140.49824,36.77212],[140.49817,36.77091],[140.49731,36.76939],[140.49668,36.7685],[140.49903,36.76867],[140.49927,36.76839],[140.49925,36.76771],[140.50024,36.76751],[140.50117,36.76671],[140.50128,36.7662],[140.50061,36.76524],[140.49961,36.76486],[140.49964,36.76465],[140.50062,36.7643],[140.50011,36.76394],[140.4999,36.76283],[140.50192,36.76479],[140.50245,36.76493],[140.50283,36.76463],[140.50275,36.763],[140.50292,36.76282],[140.50408,36.76298],[140.50361,36.7624],[140.50406,36.76175],[140.50361,36.76133],[140.50373,36.7608],[140.50477,36.76057],[140.50555,36.76061],[140.50564,36.76022],[140.50484,36.75991],[140.5064,36.75936],[140.50684,36.75872],[140.50618,36.75868],[140.50512,36.75903],[140.50407,36.75908],[140.50304,36.75899],[140.50294,36.75869],[140.50394,36.7581],[140.50543,36.75763],[140.50581,36.75741],[140.50619,36.75648],[140.50661,36.7563],[140.50701,36.7573],[140.50773,36.75772],[140.50815,36.75762],[140.50852,36.75682],[140.50973,36.75599],[140.51053,36.75574],[140.51009,36.75653],[140.50972,36.75757],[140.51,36.75813],[140.51109,36.7584],[140.51103,36.75893],[140.51062,36.75953],[140.51086,36.76014],[140.51153,36.76013],[140.5131,36.75954],[140.51355,36.75888],[140.51354,36.75828],[140.51315,36.75767],[140.5138,36.75772],[140.5147,36.75935],[140.51526,36.75915],[140.51467,36.75834],[140.51433,36.75747],[140.51349,36.75712],[140.51334,36.75662],[140.51361,36.75593],[140.51356,36.7551],[140.51427,36.75476],[140.51483,36.75484],[140.51524,36.75529],[140.51524,36.75695],[140.51544,36.75731],[140.51623,36.75803],[140.51656,36.75898],[140.51872,36.75841],[140.51986,36.75752],[140.52097,36.75766],[140.52172,36.75806],[140.52211,36.76008],[140.52278,36.76084],[140.52287,36.76228],[140.52302,36.76288],[140.52364,36.76316],[140.52447,36.76329],[140.52531,36.76311],[140.52581,36.76265],[140.52624,36.76169],[140.52658,36.76134],[140.52772,36.76073],[140.5294,36.7595],[140.52972,36.75839],[140.53002,36.75787],[140.53066,36.75748],[140.53282,36.7572],[140.532,36.7569],[140.53095,36.75621],[140.52955,36.75656],[140.52923,36.75603],[140.52793,36.75608],[140.52596,36.75641],[140.52492,36.75755],[140.52418,36.75779],[140.52271,36.75763],[140.52113,36.75702],[140.52007,36.75694],[140.52046,36.75577],[140.5211,36.75444],[140.52105,36.75369],[140.52041,36.75296],[140.51933,36.75275],[140.51871,36.75378],[140.51749,36.75445],[140.51652,36.75517],[140.51563,36.75522],[140.51507,36.75453],[140.51493,36.75321],[140.5144,36.75271],[140.51488,36.75237],[140.51515,36.75156],[140.51448,36.7513],[140.51327,36.75215],[140.51257,36.75207],[140.51247,36.75122],[140.51272,36.75061],[140.51273,36.75],[140.51198,36.75028],[140.51125,36.75034],[140.51119,36.7499],[140.51189,36.7488],[140.51356,36.74876],[140.51414,36.7477],[140.51553,36.74722],[140.51581,36.74692],[140.51567,36.74622],[140.51484,36.74568],[140.51509,36.74426],[140.51494,36.74374],[140.51391,36.74299],[140.51232,36.7413],[140.51154,36.74024],[140.51073,36.73969],[140.50925,36.73958],[140.50806,36.73895],[140.50727,36.73889],[140.5063,36.73833],[140.50644,36.73716],[140.50734,36.73683],[140.50819,36.73634],[140.50881,36.73619],[140.50994,36.73673],[140.51108,36.73704],[140.5133,36.73843],[140.51466,36.73941],[140.51534,36.74006],[140.51656,36.74097],[140.51715,36.74158],[140.51776,36.74192],[140.51955,36.74075],[140.52037,36.74033],[140.52098,36.74025],[140.52147,36.74088],[140.52156,36.74177],[140.52201,36.74243],[140.52274,36.74296],[140.52328,36.74313],[140.52504,36.74406],[140.52553,36.74446],[140.52644,36.74352],[140.52749,36.7426],[140.52878,36.74195],[140.5305,36.74145],[140.53103,36.74071],[140.53135,36.74],[140.53215,36.73868],[140.53276,36.738],[140.5335,36.73801],[140.53431,36.73845],[140.53549,36.73888],[140.53796,36.73918],[140.53884,36.73967],[140.53976,36.73947],[140.54033,36.73886],[140.54089,36.73789],[140.54077,36.73686],[140.54036,36.73708],[140.54023,36.738],[140.53987,36.73845],[140.53928,36.73866],[140.53812,36.7386],[140.53662,36.73823],[140.53492,36.73809],[140.53441,36.73792],[140.53339,36.73696],[140.53168,36.73661],[140.53155,36.73643],[140.53216,36.7354],[140.53245,36.73424],[140.53338,36.7334],[140.53376,36.73248],[140.53293,36.73215],[140.5318,36.73112],[140.5307,36.73069],[140.53054,36.73009],[140.52975,36.7298],[140.52925,36.72932],[140.52888,36.72862],[140.52841,36.72813],[140.52731,36.72807],[140.52575,36.7289],[140.52523,36.72879],[140.52508,36.72965],[140.52411,36.73002],[140.52373,36.72945],[140.52288,36.72898],[140.52198,36.72894],[140.52102,36.7285],[140.5196,36.72866],[140.51912,36.72916],[140.51792,36.72922],[140.51696,36.72897],[140.51619,36.7282],[140.51559,36.72738],[140.51557,36.72687],[140.51523,36.72632],[140.51451,36.72623],[140.51423,36.72429],[140.51294,36.72225],[140.51265,36.7216],[140.51243,36.72007],[140.51335,36.71962],[140.51376,36.71913],[140.51369,36.71787],[140.51421,36.71744],[140.51454,36.71637],[140.51454,36.71563],[140.51488,36.71522],[140.5141,36.71492],[140.51243,36.71512],[140.51281,36.71428],[140.51169,36.71371],[140.51199,36.71322],[140.51153,36.71277],[140.50966,36.71302],[140.50787,36.71179],[140.5073,36.71168],[140.5063,36.71091],[140.50697,36.70997],[140.50778,36.7102],[140.50791,36.71118],[140.50836,36.71129],[140.5093,36.71185],[140.50952,36.71078],[140.50933,36.71028],[140.50873,36.70977],[140.50804,36.70875],[140.50856,36.70815],[140.50934,36.70808],[140.50971,36.70784],[140.50983,36.70725],[140.51073,36.70726],[140.51126,36.7075],[140.51211,36.70691],[140.512,36.70761],[140.51163,36.70798],[140.5117,36.70859],[140.5145,36.71018],[140.51539,36.70966],[140.51521,36.71036],[140.51668,36.70967],[140.51727,36.70986],[140.51743,36.71037],[140.51706,36.71091],[140.51759,36.71134],[140.51759,36.71171],[140.51826,36.71185],[140.51851,36.7123],[140.51874,36.71372],[140.51899,36.71419],[140.52006,36.71516],[140.52053,36.71504],[140.52018,36.71415],[140.52098,36.71391],[140.52266,36.71504],[140.5226,36.71459],[140.52132,36.71381],[140.52117,36.71331],[140.52157,36.71286],[140.52247,36.71275],[140.52436,36.71354],[140.52628,36.71372],[140.52702,36.71421],[140.52818,36.71454],[140.52868,36.71516],[140.52917,36.71502],[140.52851,36.71388],[140.52789,36.71346],[140.52731,36.71336],[140.52741,36.71296],[140.52883,36.71269],[140.52843,36.71203],[140.52844,36.71157],[140.52929,36.711],[140.52865,36.71071],[140.52817,36.70924],[140.52685,36.709],[140.52622,36.70848],[140.525,36.70851],[140.52388,36.70803],[140.52275,36.70777],[140.5216,36.70775],[140.52063,36.70757],[140.51937,36.7082],[140.51861,36.70812],[140.51779,36.7077],[140.51677,36.70755],[140.5169,36.70686],[140.51545,36.70658],[140.51458,36.70558],[140.51395,36.70549],[140.51283,36.70432],[140.51297,36.70389],[140.51376,36.70406],[140.51418,36.70394],[140.51426,36.7033],[140.51363,36.70293],[140.51369,36.7022],[140.51441,36.70092],[140.51508,36.7006],[140.51629,36.70062],[140.5174,36.70008],[140.5187,36.70019],[140.51902,36.69923],[140.51937,36.69912],[140.51983,36.69852],[140.52065,36.69865],[140.52121,36.69919],[140.52243,36.69945],[140.52301,36.69982],[140.52349,36.69982],[140.52418,36.69928],[140.52589,36.69923],[140.52646,36.69956],[140.52728,36.69977],[140.52767,36.70081],[140.52804,36.70101],[140.53014,36.70125],[140.53129,36.70114],[140.5333,36.70051],[140.53389,36.6991],[140.53343,36.69925],[140.53291,36.69993],[140.53183,36.70032],[140.53114,36.70025],[140.53177,36.69936],[140.53027,36.69856],[140.5295,36.69839],[140.52869,36.69782],[140.52867,36.69716],[140.528,36.69672],[140.52766,36.69705],[140.52663,36.69687],[140.52731,36.69617],[140.52814,36.69558],[140.5286,36.69557],[140.5295,36.69624],[140.53029,36.69629],[140.52915,36.69541],[140.52744,36.695],[140.52752,36.69447],[140.52811,36.69409],[140.52801,36.6932],[140.52898,36.69313],[140.53001,36.69398],[140.5305,36.69351],[140.53055,36.69309],[140.52987,36.69314],[140.52958,36.69271],[140.53155,36.69142],[140.53252,36.69057],[140.53447,36.69095],[140.53446,36.69065],[140.53389,36.69019],[140.5337,36.68954],[140.53306,36.69003],[140.53252,36.68943],[140.53136,36.69065],[140.53101,36.69087],[140.5304,36.69173],[140.52972,36.69219],[140.52896,36.69234],[140.52809,36.69279],[140.52715,36.69279],[140.52592,36.69185],[140.52501,36.69195],[140.52467,36.69181],[140.52452,36.69099],[140.52342,36.69031],[140.5236,36.68962],[140.52502,36.68945],[140.52549,36.68908],[140.52692,36.68951],[140.52832,36.68923],[140.52915,36.68894],[140.53021,36.68916],[140.53044,36.68959],[140.53103,36.68957],[140.53077,36.68899],[140.5315,36.68885],[140.53197,36.68832],[140.53178,36.68789],[140.53098,36.6885],[140.53026,36.68876],[140.5293,36.68876],[140.52894,36.68822],[140.52754,36.68899],[140.52708,36.68903],[140.52591,36.68879],[140.52508,36.68896],[140.5244,36.68927],[140.52409,36.68801],[140.52477,36.68795],[140.52537,36.68725],[140.52657,36.68794],[140.52764,36.68785],[140.52803,36.68737],[140.52852,36.6872],[140.52857,36.68679],[140.52827,36.68548],[140.52836,36.68392],[140.52776,36.68239],[140.52735,36.68222],[140.5269,36.68133],[140.52641,36.6816],[140.52585,36.68148],[140.52486,36.68162],[140.52442,36.68121],[140.52424,36.68014],[140.52325,36.68026],[140.52284,36.68011],[140.52266,36.67951],[140.52345,36.67865],[140.52368,36.67823],[140.52415,36.67801],[140.52429,36.67741],[140.52336,36.67704],[140.52347,36.67587],[140.52532,36.67623],[140.52659,36.67672],[140.52704,36.67721],[140.52751,36.67823],[140.52805,36.67815],[140.52814,36.67704],[140.52796,36.67502],[140.52816,36.67464],[140.52917,36.6747],[140.52922,36.67637],[140.52942,36.67735],[140.52899,36.67792],[140.52868,36.67876],[140.52912,36.67908],[140.52956,36.67842],[140.5307,36.67807],[140.53131,36.67744],[140.53273,36.67675],[140.53367,36.67563],[140.53372,36.67494],[140.53532,36.67421],[140.5362,36.67435],[140.53646,36.67578],[140.53635,36.67614],[140.53572,36.67643],[140.53529,36.67728],[140.53404,36.67757],[140.53353,36.67838],[140.53267,36.67862],[140.53251,36.67908],[140.53205,36.67934],[140.53129,36.67927],[140.53137,36.6801],[140.53062,36.68098],[140.5305,36.68266],[140.53065,36.68297],[140.5316,36.68311],[140.53299,36.6831],[140.53359,36.68271],[140.5341,36.68277],[140.53512,36.68376],[140.53512,36.68485],[140.53537,36.68591],[140.53547,36.68714],[140.53648,36.6877],[140.53741,36.68765],[140.53708,36.68686],[140.53778,36.68674],[140.53924,36.68808],[140.53905,36.68873],[140.53971,36.68904],[140.53942,36.68976],[140.53938,36.69044],[140.53904,36.6928],[140.53933,36.69411],[140.53976,36.69427],[140.54122,36.69434],[140.54266,36.69495],[140.54329,36.69504],[140.54409,36.69458],[140.54495,36.69452],[140.54651,36.69481],[140.54651,36.6955],[140.54577,36.69565],[140.54572,36.69658],[140.54414,36.69733],[140.54288,36.69704],[140.54265,36.69735],[140.54456,36.69832],[140.54467,36.69887],[140.54423,36.69909],[140.54451,36.69951],[140.54503,36.69947],[140.54538,36.69986],[140.5466,36.69987],[140.54714,36.69947],[140.54809,36.69847],[140.54828,36.69889],[140.54706,36.70008],[140.54677,36.70066],[140.54686,36.70189],[140.54726,36.70224],[140.54826,36.70251],[140.54864,36.70283],[140.54735,36.70464],[140.5476,36.70493],[140.54846,36.70431],[140.54931,36.70473],[140.55212,36.70474],[140.55245,36.70464],[140.55261,36.70381],[140.55219,36.70272],[140.55261,36.70264],[140.55385,36.70198],[140.55488,36.70191],[140.55607,36.70152],[140.556,36.70085],[140.5569,36.69985],[140.55796,36.699],[140.55844,36.69845],[140.55917,36.69891],[140.55963,36.69969],[140.55927,36.69997],[140.55828,36.70128],[140.55753,36.70173],[140.55718,36.7025],[140.558,36.70259],[140.55853,36.70288],[140.55947,36.70272],[140.56058,36.70222],[140.56113,36.70165],[140.56199,36.70177],[140.56224,36.70217],[140.56124,36.70305],[140.56004,36.70352],[140.55982,36.70374],[140.55982,36.70459],[140.55955,36.70513],[140.5585,36.70574],[140.55716,36.70577],[140.55503,36.7071],[140.55346,36.70788],[140.55283,36.70839],[140.55373,36.70881],[140.55407,36.70913],[140.55622,36.70883],[140.55679,36.70853],[140.55723,36.70786],[140.55806,36.70729],[140.55937,36.70566],[140.55998,36.70524],[140.56058,36.70516],[140.5608,36.70452],[140.56056,36.70401],[140.5619,36.70316],[140.56188,36.70484],[140.56231,36.70484],[140.56237,36.70407],[140.56266,36.70407],[140.56219,36.70297],[140.56302,36.70278],[140.56435,36.70347],[140.56497,36.70319],[140.56591,36.70316],[140.56564,36.70366],[140.56668,36.70447],[140.56797,36.70607],[140.56895,36.70676],[140.57006,36.70707],[140.57077,36.70711],[140.57079,36.70762],[140.57368,36.708],[140.57403,36.70851],[140.57345,36.70918],[140.57317,36.71017],[140.57404,36.71022],[140.57384,36.71092],[140.57408,36.71105],[140.57498,36.7103],[140.57574,36.7103],[140.57642,36.7112],[140.57717,36.71141],[140.57689,36.71186],[140.57567,36.71335],[140.57531,36.71393],[140.57553,36.71459],[140.57537,36.7149],[140.5741,36.71467],[140.5744,36.71396],[140.5741,36.71359],[140.57342,36.71377],[140.5735,36.71302],[140.57279,36.71259],[140.57288,36.71234],[140.57165,36.71175],[140.57134,36.71214],[140.57075,36.71214],[140.57032,36.71179],[140.56955,36.71171],[140.56925,36.71133],[140.56728,36.71174],[140.56702,36.71198],[140.56706,36.71265],[140.56661,36.71277],[140.56399,36.71459],[140.56339,36.71489],[140.56256,36.71504],[140.56082,36.71509],[140.56024,36.71526],[140.55992,36.71562],[140.55992,36.71639],[140.56029,36.71701],[140.56137,36.71818],[140.56301,36.71936],[140.56425,36.71985],[140.56489,36.72044],[140.56565,36.7205],[140.56544,36.72119],[140.56492,36.72124],[140.56468,36.72163],[140.56486,36.72292],[140.56505,36.72307],[140.56497,36.72447],[140.5652,36.7246],[140.56656,36.72372],[140.56751,36.72344],[140.56964,36.72338],[140.57072,36.72319],[140.57318,36.72322],[140.57491,36.72276],[140.57623,36.7222],[140.57683,36.72217],[140.57751,36.72183],[140.57914,36.72195],[140.57972,36.72148],[140.5799,36.72072],[140.58122,36.71912],[140.58166,36.71891],[140.58159,36.71816],[140.58041,36.71794],[140.58106,36.71689],[140.58095,36.71611],[140.58192,36.71531],[140.5827,36.71521],[140.58396,36.71551],[140.58526,36.71552],[140.58541,36.71508],[140.58597,36.71533],[140.58596,36.71677],[140.58647,36.7169],[140.5865,36.71763],[140.58602,36.71803],[140.58524,36.71799],[140.58482,36.7191],[140.58415,36.72026],[140.58473,36.72056],[140.58488,36.72117],[140.58556,36.72036],[140.58577,36.71989],[140.58662,36.71964],[140.58788,36.71957],[140.58839,36.72054],[140.58841,36.72147],[140.58751,36.72204],[140.58739,36.72233],[140.58924,36.72273],[140.58925,36.7236],[140.58983,36.72413],[140.59008,36.72533],[140.59147,36.72646],[140.5926,36.72664],[140.5944,36.72622],[140.59457,36.72682],[140.59374,36.72734],[140.59291,36.72813],[140.59242,36.72905],[140.59204,36.72918],[140.59105,36.72906],[140.59042,36.72935],[140.58982,36.72913],[140.58938,36.7278],[140.58872,36.72763],[140.58716,36.7276],[140.58643,36.72788],[140.58593,36.7284],[140.58549,36.72916],[140.58429,36.72898],[140.58421,36.73037],[140.58441,36.73141],[140.58394,36.73122],[140.58363,36.73034],[140.58261,36.73023],[140.58128,36.72885],[140.58079,36.72871],[140.57913,36.72861],[140.57835,36.72826],[140.57751,36.72823],[140.57726,36.72874],[140.5774,36.73019],[140.57772,36.73056],[140.5778,36.73118],[140.5776,36.73218],[140.57768,36.73359],[140.57683,36.73347],[140.57585,36.73301],[140.57345,36.73287],[140.57172,36.73355],[140.57117,36.73389],[140.57046,36.73471],[140.56932,36.73531],[140.56884,36.73576],[140.56849,36.73694],[140.56786,36.73783],[140.56772,36.73838],[140.56821,36.739],[140.56746,36.7393],[140.56757,36.74013],[140.56831,36.74034],[140.56815,36.74071],[140.56906,36.74105],[140.57101,36.74115],[140.56989,36.74309],[140.5697,36.7443],[140.56988,36.74616],[140.56923,36.74724],[140.56808,36.74752],[140.56791,36.74777],[140.56799,36.74905],[140.56815,36.74925],[140.56911,36.74946],[140.56922,36.75071],[140.56976,36.75154],[140.56987,36.75236],[140.57063,36.75299],[140.57157,36.75263],[140.57204,36.75219],[140.57209,36.75119],[140.57254,36.75082],[140.5732,36.75114],[140.57366,36.75169],[140.57316,36.75261],[140.57389,36.75284],[140.57412,36.75192],[140.57355,36.7511],[140.5744,36.74898],[140.5741,36.74894],[140.57339,36.75088],[140.57304,36.75086],[140.57301,36.75019],[140.57349,36.74894],[140.57372,36.74761],[140.57425,36.74676],[140.57515,36.74746],[140.57656,36.74763],[140.57707,36.74793],[140.5778,36.74866],[140.57788,36.74991],[140.57822,36.75033],[140.57893,36.75057],[140.58033,36.75066],[140.58038,36.75097],[140.57968,36.75116],[140.57968,36.75154],[140.57895,36.75216],[140.57842,36.75218],[140.5778,36.75251],[140.57736,36.75236],[140.57644,36.75256],[140.57611,36.75333],[140.57694,36.75355],[140.57721,36.75396],[140.57686,36.75492],[140.57649,36.75539],[140.57649,36.75622],[140.57605,36.757],[140.57554,36.75751],[140.57382,36.75875],[140.57389,36.75917],[140.57362,36.75972],[140.57315,36.76008],[140.57242,36.76022],[140.57221,36.76066],[140.5727,36.76095],[140.57273,36.76139],[140.57232,36.76185],[140.57089,36.76258],[140.5702,36.76275],[140.56991,36.76255],[140.56889,36.76308],[140.56932,36.7639],[140.56894,36.76437],[140.56788,36.76435],[140.56637,36.76407],[140.56605,36.76428],[140.56646,36.76507],[140.56683,36.76539],[140.56695,36.76629],[140.56589,36.76747],[140.56563,36.76941],[140.56584,36.77039],[140.56623,36.77069],[140.56626,36.77131],[140.56571,36.77266],[140.56537,36.77396],[140.56483,36.77519],[140.56474,36.7759],[140.56537,36.77599],[140.56617,36.77486],[140.56675,36.77502],[140.56657,36.77554],[140.56735,36.77554],[140.56744,36.77513],[140.56851,36.77435],[140.56917,36.77361],[140.56966,36.77328],[140.57071,36.77288],[140.57091,36.7722],[140.57011,36.77179],[140.57019,36.7711],[140.57088,36.76932],[140.57134,36.76865],[140.57174,36.76857],[140.57373,36.76857],[140.57515,36.7683],[140.57565,36.76804],[140.57625,36.7672],[140.57646,36.76537],[140.57508,36.76533],[140.57401,36.76491],[140.57323,36.76337],[140.5734,36.76222],[140.57335,36.76141],[140.57379,36.76129],[140.57386,36.76209],[140.57425,36.76207],[140.57426,36.76136],[140.57474,36.76061],[140.5741,36.76014],[140.57409,36.75989],[140.57498,36.75955],[140.57503,36.75883],[140.57602,36.75791],[140.57729,36.75785],[140.5777,36.75724],[140.57784,36.75625],[140.57836,36.75522],[140.57889,36.75487],[140.57903,36.75714],[140.57981,36.75909],[140.58091,36.75904],[140.58212,36.76026],[140.58268,36.76028],[140.58365,36.75985],[140.58586,36.76056],[140.58582,36.7608],[140.58466,36.76178],[140.58496,36.76296],[140.5873,36.76401],[140.5879,36.7644],[140.58972,36.76432],[140.59026,36.76399],[140.59125,36.76372],[140.59319,36.76364],[140.5938,36.76273],[140.596,36.76159],[140.59694,36.76127],[140.59913,36.76102],[140.60001,36.76055],[140.60196,36.75981],[140.60286,36.75915],[140.60384,36.75804],[140.60525,36.75838],[140.60541,36.75723],[140.60539,36.75597],[140.60449,36.75647],[140.60454,36.75508],[140.60495,36.75341],[140.60515,36.7531],[140.60756,36.75327],[140.60845,36.75327],[140.60883,36.7531],[140.60878,36.75207],[140.60919,36.75097],[140.6078,36.75064],[140.60722,36.75087],[140.60643,36.75147],[140.6054,36.75163],[140.60389,36.75153],[140.60413,36.75127],[140.60415,36.75063],[140.60258,36.74945],[140.6021,36.74861],[140.60261,36.74864],[140.60497,36.74945],[140.60642,36.74965],[140.60767,36.74944],[140.60827,36.74869],[140.60791,36.74808],[140.60806,36.74777],[140.608,36.74674],[140.60748,36.7456],[140.6077,36.74508],[140.60864,36.74493],[140.60881,36.74459],[140.60853,36.74405],[140.60744,36.74285],[140.6071,36.74188],[140.60663,36.74169],[140.60697,36.74117],[140.60864,36.74039],[140.60914,36.74001],[140.60965,36.74014],[140.60968,36.73957],[140.61164,36.73945],[140.61222,36.73985],[140.61261,36.73952],[140.61133,36.73832],[140.61107,36.73887],[140.61034,36.73873],[140.61096,36.73824],[140.61344,36.73753],[140.61419,36.73695],[140.61534,36.73673],[140.61596,36.73647],[140.61608,36.73758],[140.6163,36.7379],[140.61719,36.73709],[140.61834,36.73565],[140.61983,36.73407],[140.61949,36.73354],[140.6186,36.73273],[140.61811,36.73334],[140.61618,36.73527],[140.61567,36.7357],[140.61524,36.73512],[140.61474,36.73501],[140.61375,36.73525],[140.61309,36.73522],[140.61231,36.73557],[140.61174,36.73518],[140.61096,36.73492],[140.60901,36.73376],[140.60828,36.73366],[140.60769,36.73264],[140.60766,36.73386],[140.60834,36.73519],[140.60948,36.73631],[140.60975,36.7367],[140.60963,36.73718],[140.60827,36.73873],[140.6068,36.73825],[140.60599,36.7373],[140.60519,36.73696],[140.60507,36.73616],[140.60394,36.73575],[140.60287,36.73562],[140.60249,36.73543],[140.60146,36.73577],[140.60075,36.73562],[140.60029,36.73576],[140.59971,36.73508],[140.59864,36.73443],[140.59796,36.7343],[140.5983,36.73291],[140.5979,36.73224],[140.59896,36.73124],[140.59959,36.73111],[140.60122,36.73154],[140.60156,36.7313],[140.60246,36.73118],[140.60307,36.73076],[140.6029,36.72984],[140.60299,36.72926],[140.60221,36.72605],[140.60242,36.72577],[140.60335,36.72537],[140.60343,36.72495],[140.60226,36.72499],[140.60241,36.7244],[140.60172,36.724],[140.60146,36.72281],[140.60182,36.72162],[140.60359,36.72059],[140.60536,36.71895],[140.60648,36.72006],[140.60771,36.72099],[140.60877,36.72153],[140.60947,36.72175],[140.61084,36.72196],[140.61215,36.72196],[140.61413,36.7233],[140.61553,36.7239],[140.61577,36.72486],[140.61379,36.72546],[140.61308,36.72627],[140.61437,36.72614],[140.61523,36.72563],[140.61708,36.72536],[140.61891,36.72586],[140.62007,36.72592],[140.62115,36.72627],[140.62109,36.72661],[140.62037,36.72711],[140.61964,36.72812],[140.61901,36.72826],[140.61816,36.72887],[140.61774,36.7299],[140.61782,36.7302],[140.61866,36.73101],[140.61906,36.73234],[140.6205,36.73437],[140.62034,36.73475],[140.61948,36.73537],[140.61881,36.73604],[140.61835,36.73609],[140.61801,36.73682],[140.61704,36.73774],[140.61727,36.73879],[140.61683,36.73997],[140.61684,36.74058],[140.61816,36.73997],[140.61953,36.73951],[140.62046,36.73945],[140.62165,36.73851],[140.62248,36.73766],[140.62297,36.73765],[140.62332,36.73727],[140.62303,36.73602],[140.623,36.73459],[140.62339,36.73446],[140.62453,36.73527],[140.62435,36.7362],[140.62515,36.73586],[140.62523,36.73538],[140.62392,36.7343],[140.62433,36.7338],[140.62534,36.73433],[140.62587,36.73421],[140.62704,36.73351],[140.62749,36.73285],[140.62814,36.73278],[140.62861,36.73193],[140.62891,36.73181],[140.6297,36.7325],[140.62954,36.73315],[140.63026,36.73398],[140.63091,36.73365],[140.63155,36.73367],[140.6322,36.73315],[140.63323,36.73347],[140.63472,36.73342],[140.63494,36.7339],[140.63535,36.73399],[140.63593,36.73357],[140.63624,36.73393],[140.63573,36.73469],[140.6363,36.7352],[140.63692,36.73505],[140.63661,36.7344],[140.63705,36.73428],[140.63812,36.73487],[140.63817,36.73549],[140.63736,36.73564],[140.63706,36.73607],[140.63877,36.73682],[140.63858,36.73701],[140.63857,36.7388],[140.6398,36.73891],[140.6414,36.73925],[140.64185,36.73951],[140.64263,36.73932],[140.64431,36.73833],[140.64531,36.73902],[140.64486,36.73993],[140.64509,36.74067],[140.64494,36.74091],[140.64293,36.74115],[140.64294,36.74131],[140.64527,36.74205],[140.64538,36.74096],[140.64649,36.7403],[140.64787,36.74064],[140.64835,36.74092],[140.64973,36.74114],[140.65,36.74144],[140.64963,36.74203],[140.64955,36.74296],[140.64871,36.74333],[140.64863,36.74406],[140.64723,36.74392],[140.6466,36.74399],[140.64605,36.74446],[140.6457,36.74517],[140.64435,36.74543],[140.64336,36.7448],[140.64289,36.74495],[140.64263,36.74577],[140.64362,36.74633],[140.64365,36.74669],[140.64235,36.74672],[140.64119,36.74632],[140.64198,36.7472],[140.6418,36.74786],[140.64259,36.74763],[140.64376,36.74708],[140.64499,36.74699],[140.64493,36.74737],[140.64383,36.74819],[140.64383,36.74939],[140.64421,36.74923],[140.64459,36.74805],[140.64615,36.74725],[140.6476,36.7471],[140.64887,36.74663],[140.65047,36.74669],[140.65219,36.74664],[140.65199,36.74761],[140.65111,36.74769],[140.65083,36.74811],[140.65163,36.74827],[140.65206,36.74814],[140.65233,36.74754],[140.65287,36.74708],[140.65332,36.74712],[140.65399,36.7476],[140.65435,36.74843],[140.65457,36.74959],[140.65486,36.74984],[140.65516,36.7507],[140.65495,36.75149],[140.65443,36.75106],[140.65349,36.75126],[140.65177,36.75098],[140.65116,36.75026],[140.64968,36.74973],[140.64851,36.74962],[140.64756,36.7501],[140.6478,36.7504],[140.64876,36.74996],[140.65077,36.75044],[140.65036,36.75108],[140.65107,36.75111],[140.65147,36.75151],[140.65282,36.75137],[140.65323,36.75181],[140.65368,36.75148],[140.65462,36.75159],[140.65472,36.75201],[140.65428,36.75236],[140.65371,36.75231],[140.65322,36.75262],[140.65257,36.75259],[140.65195,36.75233],[140.65023,36.75265],[140.65329,36.75289],[140.65327,36.75323],[140.65247,36.75362],[140.65244,36.75403],[140.65105,36.75493],[140.65038,36.75477],[140.64938,36.75387],[140.6481,36.75389],[140.6477,36.7531],[140.64549,36.75164],[140.64517,36.75212],[140.64654,36.75281],[140.64702,36.75349],[140.64801,36.75431],[140.64725,36.75439],[140.64609,36.75303],[140.6457,36.75325],[140.64639,36.75397],[140.64672,36.75467],[140.64555,36.75567],[140.64581,36.75585],[140.64671,36.75529],[140.64675,36.75636],[140.64639,36.75648],[140.64481,36.75642],[140.64583,36.75708],[140.64547,36.7579],[140.64473,36.75799],[140.64445,36.75751],[140.6437,36.75812],[140.64348,36.75911],[140.64303,36.75951],[140.64236,36.75977],[140.64262,36.76013],[140.6433,36.7601],[140.64413,36.75906],[140.64483,36.75881],[140.64559,36.75874],[140.64616,36.75835],[140.64612,36.75755],[140.64691,36.75742],[140.64718,36.75638],[140.64725,36.75529],[140.64874,36.75592],[140.64994,36.75594],[140.65017,36.75628],[140.64981,36.75693],[140.64942,36.75725],[140.64958,36.75776],[140.65027,36.75728],[140.65116,36.75614],[140.65162,36.75518],[140.65216,36.75473],[140.6532,36.75449],[140.65397,36.75332],[140.65451,36.75275],[140.65576,36.75167],[140.65609,36.75112],[140.65749,36.75134],[140.6582,36.75164],[140.65895,36.75244],[140.6597,36.75157],[140.6589,36.75149],[140.658,36.75111],[140.65711,36.75107],[140.65665,36.75084],[140.65717,36.7503],[140.65698,36.74884],[140.65588,36.74795],[140.65648,36.74713],[140.65605,36.74643],[140.65539,36.74499],[140.65572,36.74463],[140.65622,36.74471],[140.65725,36.74535],[140.65799,36.74554],[140.65847,36.74539],[140.65937,36.74579],[140.65994,36.74629],[140.66091,36.74616],[140.66187,36.7463],[140.66292,36.74673],[140.66322,36.74642],[140.66188,36.74572],[140.66193,36.74434],[140.66241,36.74354],[140.66309,36.74402],[140.66303,36.74317],[140.66424,36.74263],[140.66492,36.74181],[140.6659,36.74204],[140.66525,36.74265],[140.66588,36.74311],[140.66711,36.74315],[140.66718,36.74388],[140.6666,36.744],[140.66618,36.74344],[140.6657,36.74366],[140.66516,36.74454],[140.66552,36.74476],[140.66623,36.74422],[140.66672,36.74446],[140.66638,36.74494],[140.66528,36.74516],[140.66505,36.74559],[140.66648,36.74518],[140.66729,36.74473],[140.66736,36.74515],[140.669,36.74523],[140.66998,36.74516],[140.67017,36.74549],[140.66942,36.74591],[140.66829,36.74596],[140.66721,36.74614],[140.66608,36.74653],[140.66491,36.74724],[140.66478,36.74765],[140.66423,36.7479],[140.66337,36.74793],[140.66275,36.74818],[140.66255,36.74905],[140.66171,36.74968],[140.66201,36.74983],[140.6627,36.74923],[140.66311,36.74935],[140.6626,36.75027],[140.66189,36.75061],[140.66161,36.75101],[140.66248,36.75109],[140.66165,36.75193],[140.66199,36.75352],[140.66244,36.75343],[140.66239,36.75169],[140.6628,36.75131],[140.663,36.75045],[140.66349,36.74946],[140.66356,36.74868],[140.66504,36.748],[140.66649,36.74681],[140.66809,36.74615],[140.66868,36.74628],[140.67003,36.74631],[140.66926,36.74679],[140.66842,36.74679],[140.66762,36.74704],[140.66588,36.74856],[140.66578,36.74922],[140.66547,36.74948],[140.66459,36.74961],[140.66341,36.75075],[140.66397,36.75113],[140.66484,36.75103],[140.66479,36.75036],[140.66528,36.74975],[140.66614,36.75027],[140.66677,36.75164],[140.66625,36.75221],[140.66365,36.75213],[140.66322,36.75224],[140.66249,36.75281],[140.66304,36.75325],[140.66524,36.75324],[140.66456,36.75367],[140.66442,36.75458],[140.66652,36.75438],[140.66777,36.75441],[140.66975,36.75383],[140.66979,36.75428],[140.6694,36.75457],[140.66833,36.75463],[140.66838,36.75539],[140.667,36.75521],[140.66535,36.75533],[140.66538,36.75565],[140.66696,36.75561],[140.6676,36.75588],[140.6677,36.7563],[140.66694,36.75685],[140.66572,36.75651],[140.66545,36.75675],[140.66452,36.75656],[140.6647,36.75713],[140.66393,36.75718],[140.66427,36.75796],[140.66413,36.75836],[140.66498,36.7587],[140.66699,36.75924],[140.66765,36.75963],[140.66764,36.76072],[140.66678,36.76051],[140.66594,36.75999],[140.66572,36.76039],[140.66745,36.76121],[140.66543,36.76159],[140.66454,36.76187],[140.66445,36.76055],[140.66422,36.76019],[140.66361,36.76012],[140.66281,36.76074],[140.66185,36.76112],[140.66133,36.76083],[140.66064,36.75986],[140.66011,36.7598],[140.65981,36.76018],[140.66001,36.76066],[140.65987,36.7611],[140.65921,36.76096],[140.65901,36.76046],[140.65799,36.76088],[140.65902,36.76106],[140.65988,36.76155],[140.65993,36.76191],[140.66071,36.76221],[140.66179,36.76308],[140.66153,36.76368],[140.66095,36.76424],[140.65937,36.7642],[140.65792,36.76365],[140.65755,36.76326],[140.65745,36.7621],[140.65698,36.76224],[140.657,36.76302],[140.65661,36.76336],[140.65732,36.76414],[140.65616,36.7646],[140.65545,36.76449],[140.6547,36.76462],[140.654,36.76532],[140.65263,36.76558],[140.6521,36.7661],[140.65108,36.76542],[140.64997,36.76561],[140.64859,36.76491],[140.64814,36.76439],[140.6485,36.76345],[140.64745,36.76351],[140.64782,36.76471],[140.64827,36.76519],[140.64934,36.76588],[140.64802,36.76623],[140.64751,36.76567],[140.64698,36.76565],[140.64631,36.76534],[140.64631,36.76399],[140.64585,36.76399],[140.6459,36.76538],[140.64406,36.76636],[140.64338,36.7659],[140.6432,36.76518],[140.6428,36.76524],[140.6428,36.76607],[140.64338,36.76648],[140.6416,36.76642],[140.64085,36.76684],[140.639,36.76682],[140.63792,36.76708],[140.63632,36.7671],[140.63538,36.76726],[140.63302,36.76725],[140.63223,36.76673],[140.63181,36.7656],[140.63067,36.76516],[140.62916,36.76445],[140.62746,36.76445],[140.62701,36.76432],[140.62599,36.76603],[140.62413,36.76739],[140.62236,36.76821],[140.62191,36.76901],[140.62029,36.76925],[140.61969,36.7687],[140.61895,36.76871],[140.6187,36.77009],[140.61776,36.77028],[140.61614,36.77105],[140.61591,36.77203],[140.61434,36.77295],[140.61491,36.7734],[140.61497,36.77456],[140.61466,36.77492],[140.61426,36.77613],[140.61352,36.77666],[140.61345,36.7772],[140.61516,36.77845],[140.61533,36.77914],[140.61669,36.77937],[140.61754,36.77995],[140.6183,36.77994],[140.6192,36.78015],[140.62048,36.78002],[140.62112,36.78078],[140.62184,36.78086],[140.62204,36.77999],[140.62292,36.77956],[140.62327,36.77972],[140.62322,36.78043],[140.62338,36.78111],[140.62388,36.78207],[140.62361,36.78272],[140.62261,36.78265],[140.62205,36.78287],[140.62157,36.78366],[140.62027,36.78484],[140.62142,36.78489],[140.62202,36.78479],[140.62278,36.78419],[140.62357,36.78399],[140.62476,36.78335],[140.62549,36.78318],[140.62576,36.78263],[140.62557,36.78226],[140.62454,36.78147],[140.62449,36.78128],[140.62549,36.78076],[140.6261,36.7807],[140.6265,36.78109],[140.62626,36.78143],[140.62642,36.78226],[140.62634,36.78295],[140.62698,36.78303],[140.62769,36.78348],[140.62787,36.78386],[140.63004,36.78527],[140.63281,36.78612],[140.63372,36.78699],[140.6346,36.78755],[140.63492,36.78755],[140.6361,36.78689],[140.63722,36.78655],[140.63838,36.78671],[140.63918,36.78619],[140.64012,36.786],[140.64036,36.78569],[140.6412,36.78543],[140.64199,36.78547],[140.64412,36.78462],[140.6451,36.78446],[140.64346,36.78563],[140.64345,36.78601],[140.64506,36.78634],[140.64545,36.78704],[140.64474,36.78753],[140.64473,36.78867],[140.64409,36.78949],[140.64179,36.79015],[140.64086,36.79015],[140.64046,36.78985],[140.6399,36.79018],[140.63883,36.79025],[140.63853,36.79059],[140.64056,36.79146],[140.64147,36.79147],[140.64146,36.79213],[140.6403,36.79224],[140.63942,36.79256],[140.63881,36.79297],[140.63817,36.79294],[140.63716,36.79211],[140.63687,36.79147],[140.63721,36.79085],[140.63647,36.79058],[140.63591,36.79094],[140.63492,36.79125],[140.6347,36.79233],[140.63354,36.79372],[140.63295,36.79485],[140.63269,36.79635],[140.63272,36.79779],[140.63233,36.799],[140.63236,36.79941],[140.63299,36.80102],[140.63297,36.80144],[140.63232,36.8022],[140.63118,36.80176],[140.63011,36.80147],[140.62887,36.80177],[140.62846,36.8022],[140.62782,36.80247],[140.62677,36.80346],[140.6266,36.80403],[140.62593,36.80399],[140.62561,36.80373],[140.6241,36.80369],[140.62325,36.80322],[140.62142,36.80279],[140.61988,36.80255],[140.61805,36.80237],[140.61543,36.80226],[140.61455,36.80303],[140.61424,36.80273],[140.61373,36.80304],[140.61303,36.80246],[140.6133,36.80197],[140.61423,36.80175],[140.61448,36.80097],[140.61432,36.8007],[140.61305,36.80004],[140.61172,36.79955],[140.61066,36.79836],[140.60885,36.79693],[140.60706,36.79593],[140.60769,36.79511],[140.60823,36.79377],[140.60955,36.79361],[140.6129,36.7948],[140.61292,36.79589],[140.61279,36.79629],[140.61385,36.79679],[140.61437,36.79747],[140.61409,36.79846],[140.61543,36.79857],[140.61597,36.79893],[140.6166,36.79798],[140.61716,36.79772],[140.61845,36.79775],[140.61871,36.797],[140.61922,36.79627],[140.61912,36.79539],[140.61875,36.79472],[140.61724,36.79347],[140.61612,36.79294],[140.61542,36.79205],[140.61486,36.79093],[140.61498,36.79031],[140.61562,36.79053],[140.61566,36.78938],[140.61624,36.78867],[140.61749,36.78824],[140.61698,36.78784],[140.61744,36.78609],[140.61778,36.78568],[140.61884,36.78495],[140.61795,36.78451],[140.61785,36.784],[140.61671,36.78268],[140.61577,36.7835],[140.61544,36.78346],[140.61456,36.78247],[140.6145,36.78215],[140.61498,36.78182],[140.615,36.78146],[140.61431,36.78059],[140.61378,36.77957],[140.61323,36.77917],[140.61241,36.77946],[140.61281,36.7802],[140.61279,36.78194],[140.61258,36.78225],[140.61132,36.78242],[140.61044,36.78272],[140.60994,36.78313],[140.60956,36.78375],[140.60947,36.78449],[140.61027,36.78627],[140.61027,36.78662],[140.60939,36.78714],[140.60925,36.7852],[140.60858,36.78447],[140.60793,36.78424],[140.60674,36.78433],[140.6056,36.78496],[140.60484,36.785],[140.60402,36.78483],[140.60246,36.78412],[140.60262,36.78292],[140.60192,36.78254],[140.60114,36.78254],[140.60068,36.78176],[140.59973,36.78128],[140.5985,36.78022],[140.59844,36.77987],[140.5979,36.77949],[140.59721,36.77947],[140.59717,36.77909],[140.59755,36.77845],[140.5984,36.77749],[140.59818,36.77699],[140.59835,36.77651],[140.59716,36.77687],[140.59679,36.7778],[140.59648,36.77947],[140.59485,36.77931],[140.59409,36.7775],[140.59373,36.77643],[140.59317,36.77567],[140.59296,36.77284],[140.59125,36.77193],[140.5907,36.77155],[140.59008,36.77077],[140.58965,36.77001],[140.58784,36.76981],[140.5878,36.76941],[140.58715,36.76921],[140.58491,36.76941],[140.58226,36.76937],[140.58158,36.76925],[140.58088,36.76869],[140.58002,36.76854],[140.57992,36.76913],[140.57955,36.7695],[140.57876,36.76944],[140.57832,36.76896],[140.57764,36.7687],[140.5771,36.76873],[140.57735,36.77002],[140.57849,36.77146],[140.57879,36.77145],[140.57973,36.77273],[140.57941,36.77339],[140.57826,36.7736],[140.57806,36.77466],[140.57778,36.77515],[140.57716,36.77565],[140.5768,36.77619],[140.57664,36.77719],[140.57484,36.7767],[140.57449,36.77639],[140.57335,36.77733],[140.5728,36.77727],[140.57249,36.77667],[140.57208,36.77675],[140.57052,36.77839],[140.5702,36.77845],[140.56949,36.77788],[140.56888,36.77776],[140.56846,36.77721],[140.56759,36.77664],[140.5671,36.77676],[140.56647,36.77731],[140.56672,36.77941],[140.5664,36.78042],[140.56592,36.78068],[140.56496,36.78051],[140.56439,36.78003],[140.56379,36.77896],[140.56318,36.77906],[140.56283,36.77948],[140.56075,36.7785],[140.55978,36.77751],[140.55904,36.77642],[140.55899,36.77555],[140.55814,36.77489],[140.5579,36.77399],[140.55714,36.77349],[140.55633,36.77441],[140.55587,36.77596],[140.55599,36.77686],[140.55659,36.77911],[140.55703,36.77994],[140.55798,36.78096],[140.55876,36.78151],[140.56057,36.78232],[140.56112,36.78244],[140.56186,36.78285],[140.56242,36.78338],[140.56313,36.78343],[140.56459,36.7832],[140.56533,36.78371],[140.56542,36.7841],[140.56496,36.78449],[140.56406,36.7847],[140.56237,36.7854],[140.56207,36.78574],[140.56138,36.78556],[140.56071,36.78565],[140.55978,36.78604],[140.55832,36.78595],[140.55673,36.78507],[140.55578,36.78523],[140.55553,36.78614],[140.5554,36.78723],[140.555,36.78786],[140.55442,36.78821],[140.55369,36.78841],[140.55287,36.78882],[140.5526,36.78921],[140.55267,36.7901],[140.55256,36.79069],[140.5509,36.79273],[140.55063,36.79456],[140.5514,36.79525],[140.55189,36.79528],[140.55322,36.79501],[140.55471,36.79619],[140.55541,36.7964],[140.55646,36.79634],[140.55645,36.79544],[140.55664,36.79456],[140.55755,36.79485],[140.55855,36.79576],[140.55997,36.80016],[140.56085,36.80084],[140.56167,36.80069],[140.56247,36.80085],[140.56245,36.80126],[140.5635,36.80149],[140.56334,36.80006],[140.56288,36.79996],[140.56245,36.7995],[140.56221,36.79849],[140.56223,36.79707],[140.56134,36.79645],[140.56136,36.79592],[140.56213,36.79546],[140.56259,36.79455],[140.56376,36.79407],[140.56536,36.79322],[140.56691,36.79277],[140.56742,36.79191],[140.56788,36.79171],[140.56812,36.79229],[140.56794,36.79318],[140.56867,36.79312],[140.56919,36.79253],[140.56954,36.79243],[140.57115,36.79271],[140.5722,36.79306],[140.57261,36.79356],[140.57277,36.79477],[140.57301,36.7975],[140.57293,36.798],[140.57178,36.79946],[140.57178,36.79992],[140.57224,36.80049],[140.57269,36.80071],[140.57251,36.80143],[140.5716,36.8021],[140.56952,36.80101],[140.5655,36.80258],[140.56322,36.80315],[140.56239,36.80374],[140.56229,36.8043],[140.56251,36.80481],[140.56314,36.80537],[140.56368,36.80531],[140.56326,36.80446],[140.56415,36.80444],[140.56494,36.80507],[140.56516,36.80573],[140.56508,36.80634],[140.56467,36.80718],[140.56504,36.8075],[140.56594,36.80673],[140.5669,36.80631],[140.56837,36.80624],[140.56837,36.80666],[140.56796,36.80757],[140.5681,36.80864],[140.56873,36.80985],[140.56911,36.81015],[140.56921,36.81066],[140.56887,36.81149],[140.56948,36.81137],[140.56986,36.81033],[140.57023,36.80982],[140.57203,36.80976],[140.57232,36.81006],[140.57166,36.81168],[140.57098,36.81392],[140.57136,36.81441],[140.57218,36.81371],[140.57311,36.81369],[140.57323,36.81345],[140.57245,36.81304],[140.57219,36.81267],[140.57241,36.81157],[140.57295,36.81027],[140.57418,36.8107],[140.57526,36.81047],[140.57711,36.81048],[140.57724,36.81066],[140.57693,36.81201],[140.57727,36.81222],[140.57838,36.81107],[140.57889,36.81134],[140.57908,36.81194],[140.57824,36.81233],[140.57849,36.81258],[140.57925,36.81218],[140.57934,36.81257],[140.57847,36.81379],[140.5775,36.81391],[140.57667,36.8156],[140.57561,36.81567],[140.57547,36.81589],[140.57568,36.81692],[140.57617,36.81704],[140.57704,36.81677],[140.5775,36.81692],[140.57759,36.81749],[140.57497,36.81873],[140.57332,36.81869],[140.57198,36.81915],[140.57126,36.81882],[140.57071,36.81911],[140.57049,36.82028],[140.57023,36.82047],[140.56871,36.82045],[140.56922,36.82094],[140.57024,36.8209],[140.57065,36.82127],[140.57058,36.82202],[140.57032,36.82239],[140.56966,36.82259],[140.56894,36.82221],[140.56771,36.82221],[140.56695,36.8226],[140.56594,36.82268],[140.56364,36.82138],[140.56226,36.82073],[140.56158,36.82056],[140.56162,36.82107],[140.56245,36.82157],[140.56307,36.8222],[140.56278,36.82312],[140.56206,36.82358],[140.56106,36.82374],[140.56081,36.82332],[140.55966,36.82293],[140.55924,36.82312],[140.55908,36.82375],[140.55834,36.82438],[140.55859,36.82489],[140.55923,36.82487],[140.56068,36.82414],[140.56108,36.82413],[140.56112,36.82483],[140.56086,36.82727],[140.5604,36.82829],[140.5605,36.82859],[140.56151,36.82904],[140.56158,36.82958],[140.56119,36.83053],[140.56147,36.83094],[140.56116,36.83164],[140.56135,36.83195],[140.56414,36.83284],[140.56488,36.83279],[140.56524,36.83248],[140.56544,36.83165],[140.56702,36.83117],[140.56743,36.83124],[140.56862,36.83204],[140.56976,36.83235],[140.57064,36.83219],[140.57176,36.83169],[140.57208,36.83234],[140.5734,36.8334],[140.57218,36.83398],[140.57163,36.83327],[140.5715,36.83265],[140.57076,36.83289],[140.57009,36.83351],[140.57009,36.83384],[140.57118,36.83409],[140.5708,36.83487],[140.57174,36.83465],[140.57205,36.8343],[140.57335,36.83391],[140.57394,36.83443],[140.57429,36.83507],[140.57551,36.8352],[140.5757,36.83475],[140.5751,36.83433],[140.57511,36.83392],[140.57342,36.83169],[140.57319,36.83111],[140.57323,36.8306],[140.57383,36.83029],[140.57451,36.8302],[140.57618,36.8303],[140.57729,36.82995],[140.57763,36.82997],[140.57916,36.83053],[140.58086,36.83131],[140.58203,36.83145],[140.58253,36.83177],[140.58261,36.83262],[140.582,36.83294],[140.58066,36.83305],[140.58004,36.83349],[140.58039,36.8341],[140.58125,36.83461],[140.58234,36.83446],[140.58261,36.83391],[140.58386,36.83251],[140.58419,36.83184],[140.58456,36.83167],[140.58455,36.83037],[140.58429,36.82998],[140.58338,36.82976],[140.58319,36.82941],[140.58402,36.82767],[140.58384,36.82591],[140.58354,36.82552],[140.58378,36.82413],[140.58342,36.82379],[140.58192,36.82343],[140.58191,36.82261],[140.58257,36.8223],[140.58361,36.82203],[140.58477,36.82135],[140.58493,36.82065],[140.58529,36.82048],[140.58727,36.8206],[140.58715,36.82153],[140.58744,36.82243],[140.58806,36.82281],[140.58867,36.82351],[140.58947,36.82397],[140.59097,36.82431],[140.59191,36.82434],[140.59355,36.824],[140.59317,36.82364],[140.59324,36.82244],[140.59352,36.82134],[140.59422,36.82032],[140.59438,36.81962],[140.59435,36.81868],[140.59394,36.81858],[140.59344,36.81891],[140.59256,36.81865],[140.59107,36.81787],[140.5913,36.81675],[140.59123,36.81517],[140.59153,36.81445],[140.59227,36.81536],[140.59258,36.81538],[140.59414,36.81393],[140.59461,36.81399],[140.59571,36.81517],[140.59715,36.81531],[140.59749,36.81545],[140.59765,36.81458],[140.59848,36.81455],[140.5988,36.81385],[140.59819,36.81323],[140.59895,36.81296],[140.59889,36.81151],[140.59828,36.81095],[140.5979,36.81024],[140.59688,36.81009],[140.59646,36.80983],[140.59639,36.80926],[140.59755,36.80871],[140.59798,36.80827],[140.59843,36.80899],[140.59912,36.80913],[140.59957,36.80847],[140.59997,36.80822],[140.60031,36.80894],[140.60101,36.80935],[140.60109,36.80994],[140.60172,36.81101],[140.60219,36.81073],[140.60173,36.81034],[140.60139,36.80922],[140.60197,36.80831],[140.60275,36.80847],[140.60356,36.80772],[140.60418,36.80743],[140.60406,36.80672],[140.60457,36.80623],[140.60508,36.80636],[140.60594,36.80711],[140.6068,36.80706],[140.60665,36.80597],[140.60622,36.8051],[140.60715,36.80447],[140.60778,36.80453],[140.60827,36.80423],[140.60965,36.80304],[140.61067,36.80238],[140.61148,36.80222],[140.61308,36.80356],[140.61403,36.80551],[140.61255,36.80665],[140.61041,36.8069],[140.61051,36.80751],[140.61025,36.80794],[140.60864,36.80843],[140.60897,36.80866],[140.61041,36.8089],[140.61147,36.80922],[140.6122,36.80981],[140.61369,36.81032],[140.61632,36.81034],[140.617,36.81028],[140.61793,36.80983],[140.61899,36.80851],[140.61998,36.80795],[140.61913,36.80761],[140.61744,36.80755],[140.61767,36.80686],[140.61839,36.80672],[140.61882,36.80586],[140.61961,36.80517],[140.61978,36.80433],[140.62042,36.80443],[140.62126,36.80486],[140.6215,36.80555],[140.62189,36.80599],[140.62238,36.80614],[140.62246,36.80677],[140.62193,36.80729],[140.62212,36.80823],[140.6213,36.80936],[140.6216,36.80973],[140.62237,36.80957],[140.62315,36.809],[140.62466,36.80893],[140.62446,36.80972],[140.62342,36.81261],[140.62267,36.81375],[140.62191,36.81442],[140.6209,36.81495],[140.61953,36.81619],[140.61872,36.81661],[140.61723,36.8178],[140.61645,36.81775],[140.61599,36.81844],[140.61547,36.81852],[140.61415,36.81941],[140.61293,36.81896],[140.61158,36.8196],[140.61026,36.81905],[140.60949,36.81816],[140.60881,36.81809],[140.60864,36.81762],[140.60801,36.81679],[140.60744,36.81687],[140.60693,36.81659],[140.60668,36.81616],[140.60571,36.81667],[140.60474,36.81778],[140.60395,36.81846],[140.60349,36.81862],[140.60228,36.81868],[140.60089,36.81906],[140.60084,36.8197],[140.60267,36.81983],[140.60357,36.81965],[140.60388,36.81988],[140.60303,36.82051],[140.60325,36.82074],[140.60429,36.82],[140.60474,36.8203],[140.60365,36.82101],[140.60347,36.82133],[140.60409,36.82162],[140.60482,36.82164],[140.60657,36.82215],[140.60638,36.82291],[140.60767,36.82306],[140.60681,36.82364],[140.60521,36.82439],[140.60263,36.82505],[140.60131,36.82547],[140.60149,36.82588],[140.60311,36.82672],[140.60333,36.82708],[140.60252,36.82751],[140.60279,36.82794],[140.60406,36.82738],[140.60479,36.82734],[140.6054,36.82786],[140.60586,36.82796],[140.6066,36.82774],[140.60792,36.82787],[140.60824,36.8269],[140.60889,36.826],[140.60965,36.82529],[140.60996,36.82475],[140.61002,36.82406],[140.6116,36.82307],[140.61237,36.82296],[140.61293,36.82309],[140.61351,36.82361],[140.6145,36.82356],[140.61475,36.82334],[140.61467,36.82256],[140.61567,36.8224],[140.61668,36.82355],[140.61689,36.82429],[140.61747,36.8255],[140.61744,36.82607],[140.61646,36.82645],[140.61635,36.82671],[140.6169,36.82777],[140.6187,36.82767],[140.61937,36.82702],[140.62012,36.82715],[140.61956,36.82842],[140.61914,36.82991],[140.61853,36.82998],[140.61804,36.83028],[140.61803,36.83082],[140.61762,36.83134],[140.6165,36.83171],[140.61483,36.8311],[140.61393,36.83064],[140.61264,36.83025],[140.61279,36.83084],[140.61274,36.83164],[140.61166,36.8326],[140.60972,36.83278],[140.60913,36.83275],[140.60913,36.83373],[140.60961,36.83392],[140.61053,36.83391],[140.61135,36.83469],[140.61268,36.8349],[140.61292,36.83554],[140.614,36.83637],[140.61292,36.83686],[140.61306,36.83764],[140.61213,36.83783],[140.61195,36.83822],[140.61225,36.83856],[140.61325,36.83853],[140.61413,36.83964],[140.61498,36.8396],[140.6159,36.83906],[140.61712,36.83862],[140.61767,36.83871],[140.61762,36.83927],[140.61789,36.84006],[140.61778,36.84067],[140.61823,36.84067],[140.61906,36.84024],[140.6199,36.84058],[140.62046,36.84008],[140.62337,36.83943],[140.62361,36.83894],[140.62278,36.8374],[140.62287,36.83707],[140.62517,36.83544],[140.62739,36.8352],[140.62796,36.83465],[140.62784,36.83398],[140.62867,36.83317],[140.62907,36.8322],[140.62908,36.83125],[140.62843,36.83051],[140.62819,36.82923],[140.62934,36.82855],[140.63001,36.82879],[140.63145,36.82885],[140.63186,36.82901],[140.63179,36.82756],[140.63194,36.82718],[140.63247,36.82706],[140.63139,36.82585],[140.63173,36.82538],[140.63201,36.82425],[140.63231,36.8236],[140.63261,36.82363],[140.633,36.82434],[140.63357,36.82468],[140.63433,36.82485],[140.63494,36.82456],[140.63567,36.82472],[140.63619,36.82531],[140.63694,36.82657],[140.63728,36.82773],[140.63818,36.82842],[140.63841,36.82783],[140.63842,36.82616],[140.63884,36.82419],[140.63963,36.82284],[140.64025,36.8225],[140.64023,36.82212],[140.63924,36.82189],[140.63892,36.8209],[140.63924,36.82052],[140.64074,36.82053],[140.64107,36.81964],[140.64142,36.81945],[140.64272,36.81988],[140.64357,36.81934],[140.64409,36.81858],[140.64457,36.81855],[140.64616,36.81933],[140.64699,36.81942],[140.64704,36.81903],[140.6453,36.81797],[140.64476,36.8179],[140.64397,36.81807],[140.64334,36.8179],[140.64327,36.81703],[140.64298,36.81658],[140.64163,36.81588],[140.6415,36.81553],[140.64257,36.81473],[140.64285,36.81405],[140.64403,36.81329],[140.64429,36.81226],[140.64503,36.81229],[140.64489,36.8133],[140.64496,36.81418],[140.6452,36.81451],[140.64633,36.81521],[140.64632,36.81538],[140.64532,36.81584],[140.64482,36.81586],[140.64405,36.81544],[140.64333,36.81572],[140.6442,36.81611],[140.64448,36.81669],[140.64569,36.81761],[140.64629,36.81782],[140.64736,36.81772],[140.64763,36.81697],[140.64698,36.8162],[140.64697,36.81557],[140.64741,36.81487],[140.64807,36.81444],[140.64834,36.8138],[140.65026,36.81225],[140.65115,36.81235],[140.65205,36.81333],[140.65303,36.81416],[140.65336,36.81476],[140.65319,36.81558],[140.65388,36.81562],[140.65451,36.81503],[140.65461,36.81402],[140.65511,36.81307],[140.65527,36.81223],[140.65591,36.81093],[140.6563,36.81084],[140.65682,36.81231],[140.65744,36.81146],[140.65795,36.81121],[140.6589,36.81113],[140.65941,36.81087],[140.66053,36.81152],[140.66174,36.81157],[140.66393,36.81267],[140.66592,36.81385],[140.66707,36.81314],[140.66873,36.8141],[140.67011,36.81514],[140.67258,36.81581],[140.67376,36.81653],[140.67324,36.81673],[140.67186,36.81607],[140.67162,36.8162],[140.67296,36.81698],[140.67315,36.81736],[140.67265,36.81765],[140.67429,36.81876],[140.67483,36.81899],[140.67491,36.81958],[140.67637,36.82033],[140.67679,36.82112],[140.6766,36.82151],[140.67529,36.82245],[140.67371,36.82195],[140.67314,36.82148],[140.67204,36.81994],[140.6703,36.81839],[140.66965,36.81796],[140.66728,36.81702],[140.66633,36.81694],[140.66598,36.81712],[140.66596,36.81799],[140.6647,36.81867],[140.66364,36.81859],[140.66275,36.81817],[140.66184,36.8181],[140.6615,36.81763],[140.65872,36.81744],[140.65856,36.81803],[140.65983,36.8186],[140.66056,36.81927],[140.66093,36.81936],[140.66257,36.81911],[140.66347,36.82019],[140.6642,36.82084],[140.66493,36.82114],[140.66666,36.82156],[140.66712,36.82237],[140.6681,36.82332],[140.66925,36.82353],[140.67019,36.8242],[140.6711,36.82445],[140.67396,36.82415],[140.67435,36.82382],[140.675,36.82372],[140.67562,36.82299],[140.67633,36.8229],[140.67607,36.8241],[140.67617,36.82449],[140.67724,36.82468],[140.67739,36.82565],[140.67687,36.82602],[140.67683,36.82742],[140.67749,36.8278],[140.67766,36.82676],[140.67838,36.8265],[140.6785,36.82596],[140.67796,36.82505],[140.67772,36.82373],[140.67839,36.82345],[140.67838,36.82503],[140.67902,36.82573],[140.67854,36.82672],[140.67799,36.82726],[140.67796,36.82788],[140.67749,36.82873],[140.67704,36.82854],[140.67646,36.82864],[140.67559,36.82949],[140.67553,36.83009],[140.67621,36.83141],[140.67724,36.83162],[140.67723,36.83237],[140.67669,36.83301],[140.67516,36.83426],[140.6744,36.83445],[140.67358,36.83403],[140.67349,36.83312],[140.67325,36.83236],[140.67274,36.8319],[140.67127,36.83132],[140.6704,36.8303],[140.67026,36.83058],[140.67066,36.83142],[140.67097,36.83169],[140.67246,36.83235],[140.67305,36.83348],[140.67262,36.8339],[140.67203,36.83346],[140.67043,36.83399],[140.67154,36.83412],[140.67191,36.83477],[140.6728,36.83438],[140.67329,36.83494],[140.67217,36.83523],[140.67177,36.8358],[140.67181,36.83638],[140.67158,36.83729],[140.6729,36.83666],[140.67436,36.83675],[140.67538,36.83652],[140.67724,36.83539],[140.67737,36.83462],[140.67683,36.83368],[140.67769,36.8328],[140.67788,36.83238],[140.67853,36.83188],[140.68029,36.83118],[140.6807,36.83051],[140.68131,36.83034],[140.68108,36.83133],[140.68139,36.83168],[140.6803,36.83219],[140.6796,36.83335],[140.67907,36.83479],[140.68109,36.83537],[140.68157,36.83591],[140.68259,36.83633],[140.68235,36.83658],[140.68136,36.83641],[140.68022,36.83569],[140.67929,36.83533],[140.67798,36.83549],[140.67801,36.83608],[140.67851,36.83669],[140.67908,36.83702],[140.68058,36.83741],[140.68053,36.8382],[140.6799,36.83844],[140.67918,36.83808],[140.67736,36.83747],[140.67554,36.83729],[140.67555,36.83787],[140.67497,36.838],[140.67392,36.83785],[140.67394,36.83752],[140.6733,36.83725],[140.67258,36.83746],[140.67254,36.83858],[140.67224,36.8393],[140.67227,36.84],[140.67135,36.8399],[140.67125,36.84029],[140.67202,36.84121],[140.67123,36.84152],[140.67083,36.84276],[140.67164,36.84382],[140.671,36.84409],[140.67035,36.84395],[140.66905,36.84336],[140.66876,36.84306],[140.66825,36.84194],[140.66778,36.84138],[140.66917,36.84039],[140.6692,36.84021],[140.668,36.83974],[140.66762,36.83982],[140.6675,36.8408],[140.66711,36.84089],[140.66684,36.8403],[140.66557,36.83933],[140.66379,36.83867],[140.66228,36.83797],[140.65873,36.8371],[140.65802,36.83688],[140.65854,36.83594],[140.65908,36.83562],[140.66027,36.8357],[140.66054,36.83551],[140.66176,36.83556],[140.66205,36.83463],[140.6619,36.83425],[140.66198,36.83303],[140.6625,36.83164],[140.66195,36.8315],[140.66059,36.83199],[140.66068,36.83274],[140.6601,36.83301],[140.6593,36.83308],[140.65936,36.83233],[140.65966,36.83191],[140.65964,36.8311],[140.65908,36.83101],[140.65859,36.83155],[140.65742,36.83126],[140.65637,36.83146],[140.65577,36.8302],[140.6548,36.82895],[140.65407,36.82942],[140.6536,36.82952],[140.65276,36.83187],[140.65162,36.832],[140.65143,36.83242],[140.65036,36.83294],[140.64955,36.83252],[140.64857,36.83342],[140.64915,36.83365],[140.64801,36.83415],[140.64743,36.83454],[140.64669,36.83536],[140.64567,36.83551],[140.64502,36.83513],[140.64407,36.83436],[140.64339,36.83473],[140.64333,36.8359],[140.64314,36.83639],[140.64332,36.83697],[140.64316,36.83765],[140.64247,36.83869],[140.64174,36.83945],[140.64078,36.83938],[140.63911,36.83994],[140.6384,36.83979],[140.63784,36.84002],[140.63733,36.84062],[140.63708,36.84202],[140.63702,36.84312],[140.63728,36.84341],[140.63676,36.84377],[140.63642,36.84441],[140.63628,36.8454],[140.63572,36.84618],[140.63558,36.84692],[140.63617,36.84743],[140.637,36.84746],[140.63853,36.84796],[140.63891,36.84752],[140.63887,36.84697],[140.63972,36.84568],[140.64178,36.84627],[140.64221,36.84646],[140.64257,36.84735],[140.64298,36.84758],[140.64327,36.84822],[140.64424,36.84842],[140.64569,36.84812],[140.64584,36.84752],[140.64521,36.84732],[140.64565,36.84603],[140.64627,36.84553],[140.64779,36.84537],[140.64848,36.84547],[140.64907,36.84597],[140.65149,36.84609],[140.65276,36.84678],[140.65326,36.84617],[140.65457,36.84556],[140.65479,36.84487],[140.65454,36.84316],[140.65491,36.8418],[140.65545,36.84101],[140.65651,36.84029],[140.65698,36.83982],[140.65708,36.8393],[140.65687,36.83841],[140.65698,36.83807],[140.65841,36.83746],[140.65912,36.83744],[140.66087,36.83777],[140.66162,36.83801],[140.66365,36.83911],[140.66507,36.8396],[140.66578,36.84008],[140.66599,36.84056],[140.66741,36.84193],[140.66706,36.84207],[140.66606,36.84161],[140.66515,36.84172],[140.66462,36.84239],[140.66529,36.84288],[140.66582,36.84299],[140.66726,36.84299],[140.66722,36.84332],[140.6661,36.8433],[140.66473,36.84366],[140.66471,36.84447],[140.66539,36.84471],[140.66631,36.84443],[140.6672,36.84443],[140.66771,36.84506],[140.66913,36.84461],[140.66924,36.84529],[140.67088,36.84517],[140.6716,36.84523],[140.67269,36.84578],[140.67211,36.84654],[140.67188,36.84715],[140.67113,36.84642],[140.6702,36.84624],[140.66973,36.84645],[140.66809,36.84591],[140.66746,36.8459],[140.66731,36.84647],[140.6684,36.84731],[140.66886,36.84745],[140.66965,36.84726],[140.67086,36.84666],[140.67141,36.84724],[140.67117,36.84753],[140.67044,36.84937],[140.66967,36.8506],[140.66855,36.85197],[140.66789,36.85312],[140.66693,36.85449],[140.6659,36.85551],[140.66439,36.85584],[140.66375,36.85586],[140.66338,36.85708],[140.66295,36.8574],[140.66261,36.85703],[140.66219,36.85748],[140.66282,36.85767],[140.66306,36.85824],[140.66278,36.85862],[140.66078,36.85896],[140.6597,36.8583],[140.65885,36.85852],[140.65858,36.85895],[140.65773,36.85924],[140.65593,36.85901],[140.65554,36.85953],[140.65437,36.8605],[140.65408,36.86101],[140.65433,36.86241],[140.65429,36.86291],[140.65387,36.86328],[140.65352,36.86304],[140.65303,36.86209],[140.65311,36.86172],[140.65222,36.86183],[140.65218,36.86238],[140.65188,36.86266],[140.65097,36.86268],[140.65039,36.86233],[140.64969,36.8628],[140.64902,36.86272],[140.64795,36.8622],[140.64776,36.86192],[140.64838,36.86159],[140.64864,36.86086],[140.64787,36.86107],[140.64711,36.86186],[140.64572,36.86188],[140.64555,36.86224],[140.64655,36.86278],[140.64643,36.86319],[140.6451,36.86298],[140.64451,36.863],[140.6414,36.86256],[140.64034,36.86202],[140.63809,36.86049],[140.63768,36.8607],[140.63746,36.86149],[140.63749,36.86296],[140.63678,36.86421],[140.63655,36.86514],[140.63675,36.86637],[140.63674,36.86811],[140.636,36.8692],[140.63447,36.87045],[140.63544,36.87113],[140.63667,36.87064],[140.63718,36.86997],[140.63829,36.86967],[140.63835,36.86916],[140.63803,36.86881],[140.63776,36.86762],[140.6381,36.86654],[140.63851,36.86623],[140.6395,36.86605],[140.64,36.86642],[140.6407,36.86661],[140.64097,36.86745],[140.64194,36.86792],[140.64364,36.86798],[140.64527,36.8701],[140.64539,36.87097],[140.64484,36.87173],[140.64518,36.87206],[140.64586,36.87133],[140.64567,36.87018],[140.64588,36.86997],[140.6468,36.86993],[140.64697,36.86958],[140.64822,36.86898],[140.65002,36.86849],[140.65032,36.86829],[140.65043,36.8676],[140.6502,36.86677],[140.64987,36.86622],[140.64942,36.86601],[140.64808,36.86609],[140.64713,36.86567],[140.64997,36.865],[140.65057,36.86401],[140.65058,36.86348],[140.65131,36.86343],[140.65158,36.86378],[140.65094,36.86462],[140.65092,36.86565],[140.65067,36.86609],[140.65217,36.86626],[140.65309,36.86687],[140.65313,36.86768],[140.65266,36.86841],[140.65379,36.86846],[140.65428,36.86835],[140.65466,36.8678],[140.65479,36.8671],[140.65558,36.86679],[140.65551,36.86609],[140.65506,36.86534],[140.65563,36.86518],[140.6567,36.86515],[140.65675,36.8669],[140.65601,36.86723],[140.65524,36.86835],[140.65531,36.86884],[140.65584,36.86912],[140.65416,36.86982],[140.65359,36.87021],[140.65351,36.87082],[140.65174,36.87152],[140.64997,36.87264],[140.64894,36.87308],[140.64873,36.87357],[140.6492,36.87402],[140.64926,36.87469],[140.65003,36.87474],[140.65026,36.87512],[140.65033,36.87585],[140.64985,36.87609],[140.64952,36.87667],[140.64959,36.87744],[140.64824,36.87701],[140.6475,36.87584],[140.64693,36.87568],[140.64607,36.87691],[140.64509,36.87764],[140.64451,36.87791],[140.64414,36.87842],[140.644,36.8791],[140.64427,36.87989],[140.64584,36.88041],[140.64623,36.88112],[140.64493,36.88238],[140.64437,36.88308],[140.64455,36.88346],[140.64509,36.88377],[140.64675,36.88404],[140.64785,36.88464],[140.64859,36.88462],[140.64923,36.8836],[140.65014,36.88383],[140.65008,36.88444],[140.64909,36.88499],[140.6485,36.88548],[140.64712,36.88542],[140.64619,36.88636],[140.64639,36.8869],[140.64618,36.88827],[140.64704,36.88819],[140.64751,36.88843],[140.64828,36.88835],[140.64927,36.88721],[140.65014,36.8873],[140.65034,36.88798],[140.65035,36.88877],[140.65078,36.88935],[140.65064,36.89003],[140.65113,36.8904],[140.65122,36.89149],[140.65195,36.89211],[140.65312,36.89095],[140.65412,36.89094],[140.65457,36.892],[140.65493,36.89248],[140.65489,36.89378],[140.65608,36.89344],[140.65685,36.89233],[140.65685,36.89191],[140.65531,36.89074],[140.6544,36.89027],[140.65314,36.88926],[140.65202,36.8887],[140.65272,36.88854],[140.65264,36.88767],[140.65305,36.88768],[140.65331,36.88873],[140.65427,36.88959],[140.65477,36.88964],[140.65558,36.88942],[140.65594,36.88959],[140.65655,36.8904],[140.65767,36.8903],[140.65847,36.88974],[140.65852,36.88898],[140.65918,36.88844],[140.6597,36.88856],[140.66012,36.88984],[140.66072,36.89062],[140.66142,36.89073],[140.66171,36.89046],[140.66134,36.88893],[140.66052,36.88812],[140.65978,36.88707],[140.66048,36.88677],[140.66089,36.88756],[140.6624,36.88889],[140.66276,36.89003],[140.66324,36.89084],[140.66373,36.89126],[140.66419,36.89101],[140.66434,36.88907],[140.66418,36.88846],[140.66438,36.88786],[140.66338,36.88708],[140.66301,36.88617],[140.66199,36.88537],[140.66202,36.88488],[140.66324,36.88501],[140.66381,36.886],[140.66481,36.88683],[140.66521,36.88648],[140.66481,36.88534],[140.66419,36.88472],[140.66402,36.88409],[140.66337,36.88354],[140.66329,36.88257],[140.663,36.88223],[140.66126,36.88091],[140.6611,36.8799],[140.66013,36.87842],[140.66154,36.87839],[140.66173,36.87853],[140.66165,36.87993],[140.66194,36.8799],[140.66212,36.87866],[140.66351,36.8787],[140.66387,36.87965],[140.66455,36.88024],[140.66486,36.88002],[140.66413,36.8794],[140.66402,36.87857],[140.66364,36.87838],[140.66505,36.87707],[140.66441,36.87693],[140.66318,36.87808],[140.66216,36.87768],[140.66179,36.87722],[140.662,36.8758],[140.6618,36.87541],[140.66053,36.87522],[140.6603,36.87496],[140.65897,36.87509],[140.65855,36.8748],[140.65924,36.87345],[140.65965,36.87133],[140.65868,36.87162],[140.65801,36.87154],[140.658,36.8708],[140.65853,36.8709],[140.65942,36.8705],[140.66025,36.87071],[140.66081,36.87037],[140.66078,36.86987],[140.65975,36.86969],[140.65857,36.86931],[140.65817,36.86889],[140.65835,36.86855],[140.6591,36.86814],[140.65976,36.868],[140.66086,36.86806],[140.66216,36.86861],[140.66378,36.86894],[140.66532,36.86897],[140.66629,36.86872],[140.66341,36.86769],[140.66261,36.86734],[140.66222,36.86697],[140.66256,36.86654],[140.66449,36.86759],[140.66495,36.86744],[140.66487,36.86642],[140.66524,36.86591],[140.66592,36.86545],[140.66655,36.86569],[140.66646,36.86642],[140.66715,36.86631],[140.66727,36.86539],[140.66843,36.86574],[140.67001,36.86696],[140.6709,36.86742],[140.6714,36.86714],[140.67076,36.8656],[140.67029,36.86515],[140.66927,36.86469],[140.6664,36.86468],[140.66569,36.8644],[140.66424,36.86343],[140.66435,36.86333],[140.66666,36.86418],[140.66716,36.86406],[140.6674,36.86343],[140.66715,36.86184],[140.66683,36.86167],[140.66531,36.86136],[140.6658,36.86084],[140.66618,36.86006],[140.66668,36.85993],[140.66827,36.86205],[140.66902,36.86217],[140.66933,36.86186],[140.66972,36.85954],[140.66973,36.85885],[140.6687,36.8583],[140.6682,36.8577],[140.66801,36.85655],[140.66774,36.85584],[140.66801,36.8556],[140.66901,36.85627],[140.66943,36.85567],[140.66938,36.85529],[140.66887,36.85473],[140.66893,36.854],[140.66997,36.85241],[140.67058,36.85176],[140.6716,36.8503],[140.67436,36.85154],[140.67444,36.85181],[140.67348,36.85219],[140.6723,36.85206],[140.67196,36.85302],[140.67148,36.85511],[140.67148,36.85735],[140.67246,36.85821],[140.67257,36.85754],[140.673,36.85682],[140.67365,36.8568],[140.6746,36.85655],[140.67474,36.85537],[140.6756,36.85482],[140.6763,36.85363],[140.67573,36.85352],[140.6754,36.85288],[140.67549,36.85231],[140.67732,36.85227],[140.67678,36.85119],[140.67786,36.85007],[140.6778,36.84971],[140.6763,36.84938],[140.67576,36.84872],[140.67574,36.84776],[140.6759,36.84692],[140.67718,36.84631],[140.67792,36.84688],[140.67816,36.8473],[140.68042,36.84751],[140.68186,36.8463],[140.68223,36.84541],[140.68241,36.84447],[140.68327,36.8439],[140.6825,36.84323],[140.68236,36.84286],[140.68269,36.8416],[140.6829,36.8413],[140.68354,36.84137],[140.68572,36.83969],[140.68652,36.84011],[140.68617,36.84087],[140.68535,36.84102],[140.68514,36.84185],[140.68547,36.84225],[140.68503,36.84278],[140.68399,36.8433],[140.68346,36.84308],[140.68326,36.84349],[140.68439,36.84438],[140.68537,36.84385],[140.6859,36.84377],[140.68664,36.84286],[140.68744,36.8427],[140.68796,36.84224],[140.68788,36.84148],[140.68984,36.84062],[140.69055,36.84073],[140.69203,36.84009],[140.69282,36.83994],[140.69346,36.83923],[140.69405,36.83908],[140.69504,36.83917],[140.69563,36.83872],[140.69386,36.83846],[140.69393,36.83783],[140.69565,36.83762],[140.69574,36.83732],[140.69862,36.83706],[140.69962,36.83727],[140.69928,36.83879],[140.699,36.83899],[140.69758,36.83926],[140.69742,36.83962],[140.69719,36.84127],[140.69646,36.84153],[140.6962,36.8421],[140.69575,36.84186],[140.69576,36.84139],[140.69455,36.84116],[140.69408,36.84173],[140.69442,36.84225],[140.69433,36.84276],[140.69327,36.84332],[140.69293,36.84364],[140.69164,36.84421],[140.69046,36.84422],[140.69073,36.845],[140.69156,36.84553],[140.69081,36.84598],[140.68976,36.84598],[140.68923,36.84628],[140.68909,36.84675],[140.68944,36.84761],[140.68944,36.84852],[140.68906,36.84925],[140.68907,36.84964],[140.68971,36.85098],[140.69037,36.85179],[140.68903,36.85305],[140.68902,36.85359],[140.69003,36.85281],[140.69258,36.85308],[140.69275,36.85325],[140.69387,36.85333],[140.69412,36.85291],[140.69244,36.8526],[140.69106,36.85224],[140.69123,36.85175],[140.69325,36.85087],[140.69368,36.85024],[140.69346,36.84983],[140.69372,36.84917],[140.69473,36.85047],[140.69459,36.85089],[140.69389,36.85101],[140.69357,36.8514],[140.69367,36.85215],[140.69421,36.85193],[140.69464,36.85137],[140.69529,36.85158],[140.69664,36.85152],[140.69754,36.8512],[140.69821,36.85121],[140.69981,36.85099],[140.70057,36.85062],[140.70135,36.85115],[140.70193,36.85115],[140.70218,36.85062],[140.70263,36.84903],[140.70262,36.84844],[140.70218,36.84783],[140.70175,36.84829],[140.70156,36.84903],[140.70087,36.84934],[140.70044,36.84898],[140.69999,36.84932],[140.69982,36.85011],[140.69912,36.85025],[140.69887,36.8498],[140.69935,36.84943],[140.69957,36.84856],[140.69915,36.84834],[140.69923,36.84773],[140.69976,36.8475],[140.70022,36.84698],[140.70107,36.8471],[140.70128,36.84675],[140.70003,36.8466],[140.69993,36.84592],[140.69929,36.84612],[140.69873,36.84579],[140.69882,36.84514],[140.6996,36.84491],[140.7002,36.84504],[140.70076,36.84588],[140.70241,36.84384],[140.70296,36.84378],[140.70336,36.84431],[140.70408,36.8448],[140.70489,36.84504],[140.70504,36.84561],[140.70676,36.84434],[140.70828,36.84383],[140.70875,36.84421],[140.70892,36.84477],[140.70979,36.84477],[140.71035,36.84379],[140.71066,36.8436],[140.71149,36.84362],[140.71086,36.84454],[140.71103,36.84508],[140.71198,36.84406],[140.71241,36.84447],[140.71338,36.84474],[140.7126,36.84516],[140.71279,36.84537],[140.71417,36.84614],[140.71509,36.84597],[140.71565,36.84634],[140.71569,36.84671],[140.71465,36.84771],[140.71354,36.84907],[140.71349,36.84947],[140.71368,36.85093],[140.71352,36.85204],[140.71321,36.85217],[140.71194,36.85221],[140.71115,36.85251],[140.71022,36.85319],[140.70986,36.85412],[140.71155,36.8541],[140.71302,36.85418],[140.7138,36.85403],[140.7146,36.8536],[140.71566,36.85358],[140.71544,36.85403],[140.71452,36.85411],[140.71456,36.85464],[140.7135,36.85474],[140.7128,36.855],[140.71252,36.85544],[140.71192,36.85567],[140.71138,36.85622],[140.7109,36.85642],[140.70988,36.85643],[140.70852,36.85665],[140.70765,36.8573],[140.70721,36.85789],[140.70678,36.85808],[140.70649,36.85884],[140.70703,36.85905],[140.70815,36.86007],[140.7096,36.86118],[140.70986,36.8616],[140.70996,36.86235],[140.7087,36.86236],[140.7074,36.86258],[140.70687,36.86239],[140.70611,36.86132],[140.70549,36.86113],[140.70566,36.86048],[140.70571,36.85934],[140.70508,36.85897],[140.70362,36.85903],[140.70201,36.85862],[140.70147,36.85868],[140.70096,36.85782],[140.70042,36.85775],[140.70051,36.85677],[140.70016,36.85648],[140.69925,36.85742],[140.69929,36.85828],[140.69783,36.85846],[140.69794,36.85944],[140.69869,36.85904],[140.69967,36.859],[140.69997,36.85936],[140.6986,36.85949],[140.69783,36.85981],[140.69752,36.86046],[140.69755,36.86125],[140.69688,36.86104],[140.69638,36.86041],[140.69545,36.85866],[140.69501,36.85889],[140.69446,36.85979],[140.6925,36.86087],[140.6918,36.86055],[140.69122,36.8607],[140.6904,36.86033],[140.68952,36.86033],[140.68863,36.86007],[140.68819,36.85966],[140.68699,36.85908],[140.68667,36.85845],[140.68616,36.85808],[140.6854,36.85801],[140.68447,36.85821],[140.68304,36.85791],[140.68245,36.85805],[140.68192,36.85857],[140.68325,36.85948],[140.68436,36.86048],[140.6852,36.86087],[140.68716,36.86141],[140.68806,36.8621],[140.68889,36.86304],[140.68889,36.86362],[140.68855,36.86436],[140.68765,36.86557]],[[140.68765,36.86557],[140.68713,36.86507],[140.68649,36.86566],[140.68544,36.86548],[140.68404,36.86536],[140.68337,36.86593],[140.68315,36.86574],[140.68231,36.86583],[140.68196,36.86538],[140.68219,36.86495],[140.68287,36.86509],[140.68321,36.86466],[140.68192,36.86436],[140.68121,36.86388],[140.6807,36.86389],[140.67984,36.86453],[140.68062,36.86527],[140.68102,36.86605],[140.68192,36.86671],[140.6824,36.86725],[140.68084,36.86711],[140.67978,36.86687],[140.67868,36.86573],[140.6764,36.86617],[140.67715,36.86655],[140.67827,36.86744],[140.67877,36.86874],[140.68039,36.86819],[140.6804,36.8689],[140.68213,36.8684],[140.68466,36.86822],[140.68532,36.86739],[140.6859,36.86705],[140.68606,36.86645],[140.68696,36.86626],[140.68734,36.86561],[140.68765,36.86557]],[[140.67715,36.87118],[140.67741,36.87089],[140.6778,36.86944],[140.67773,36.86831],[140.67714,36.86822],[140.67625,36.86899],[140.67551,36.86938],[140.67481,36.87016],[140.67426,36.8702],[140.67382,36.87052],[140.67357,36.87113],[140.67259,36.87157],[140.67168,36.87138],[140.67179,36.87191],[140.67182,36.8733],[140.67356,36.87279],[140.67457,36.87272],[140.67478,36.87223],[140.67544,36.87159],[140.67617,36.87121],[140.67715,36.87118]],[[140.59484,36.9205],[140.59457,36.91967],[140.59365,36.91981],[140.59287,36.92052],[140.59382,36.92103],[140.59443,36.9205],[140.59484,36.9205]],[[140.59074,36.92419],[140.59135,36.92343],[140.59114,36.92289],[140.5904,36.92291],[140.58971,36.92347],[140.58973,36.92394],[140.59038,36.92434],[140.59074,36.92419]],[[140.62349,36.88664],[140.62343,36.88791],[140.62371,36.88791],[140.62391,36.88648],[140.62349,36.88664]],[[140.64085,36.88716],[140.64127,36.8876],[140.64233,36.88751],[140.64321,36.88718],[140.64377,36.8868],[140.64414,36.88618],[140.6443,36.88527],[140.64461,36.88504],[140.64545,36.88504],[140.64602,36.88473],[140.64495,36.88405],[140.6442,36.88382],[140.64278,36.88362],[140.64105,36.88366],[140.64067,36.8842],[140.64143,36.88462],[140.64225,36.88489],[140.64342,36.88506],[140.64362,36.88532],[140.64229,36.88639],[140.64085,36.88716]],[[140.63323,36.86387],[140.63365,36.86329],[140.63286,36.86229],[140.63081,36.86193],[140.63047,36.86074],[140.62983,36.86146],[140.62979,36.86204],[140.63027,36.86234],[140.63018,36.86296],[140.63109,36.8632],[140.63141,36.86374],[140.63229,36.86386],[140.63288,36.86368],[140.63323,36.86387]],[[140.58582,36.86139],[140.58639,36.8613],[140.58646,36.86091],[140.58509,36.85993],[140.58464,36.85864],[140.58386,36.85769],[140.58417,36.85664],[140.58402,36.85583],[140.58333,36.85462],[140.58367,36.85377],[140.58367,36.85262],[140.5835,36.85154],[140.58275,36.85183],[140.58234,36.85259],[140.58273,36.85376],[140.58237,36.85495],[140.58235,36.85543],[140.58313,36.85691],[140.58267,36.85785],[140.58163,36.85788],[140.58115,36.8582],[140.58119,36.8588],[140.58042,36.85884],[140.58057,36.86011],[140.58165,36.86024],[140.5829,36.85965],[140.58365,36.85972],[140.58362,36.86008],[140.58451,36.86126],[140.58582,36.86139]],[[140.66161,36.85453],[140.66124,36.85533],[140.66194,36.85575],[140.66265,36.85571],[140.66223,36.85478],[140.66161,36.85453]],[[140.56805,36.85849],[140.56683,36.85819],[140.56619,36.85844],[140.56638,36.85873],[140.56726,36.85899],[140.56765,36.85962],[140.56895,36.85975],[140.56894,36.859],[140.56805,36.85849]],[[140.57912,36.84515],[140.58021,36.84522],[140.58053,36.84507],[140.58059,36.84422],[140.58044,36.84373],[140.57904,36.84234],[140.57891,36.8417],[140.57914,36.8413],[140.57985,36.84084],[140.58033,36.83992],[140.58134,36.83899],[140.58139,36.83825],[140.58183,36.83723],[140.58247,36.83676],[140.58254,36.83598],[140.58223,36.83544],[140.58125,36.83517],[140.58102,36.83556],[140.58032,36.83605],[140.58031,36.83704],[140.58009,36.83764],[140.57992,36.83882],[140.579,36.83917],[140.57878,36.83944],[140.57715,36.84221],[140.57725,36.84251],[140.57833,36.84338],[140.5786,36.8445],[140.57912,36.84515]],[[140.57001,36.83574],[140.57044,36.83534],[140.56984,36.83447],[140.56885,36.83425],[140.56822,36.83371],[140.56737,36.8337],[140.56691,36.83404],[140.56666,36.83469],[140.56674,36.83578],[140.56747,36.8356],[140.56756,36.83487],[140.56826,36.83461],[140.56964,36.83576],[140.57001,36.83574]],[[140.5593,36.8356],[140.55936,36.83477],[140.55913,36.83449],[140.55766,36.83377],[140.55651,36.83281],[140.55561,36.83272],[140.55475,36.83389],[140.55372,36.83503],[140.5539,36.83531],[140.55483,36.83551],[140.55529,36.83493],[140.55564,36.83496],[140.55676,36.83603],[140.5568,36.83625],[140.55605,36.83696],[140.55617,36.83756],[140.55661,36.83779],[140.55789,36.83779],[140.55812,36.83758],[140.55837,36.83667],[140.5593,36.8356]],[[140.55153,36.8271],[140.5521,36.82696],[140.55284,36.82613],[140.55159,36.82588],[140.55093,36.82682],[140.55153,36.8271]],[[140.50727,36.80795],[140.50738,36.80714],[140.50644,36.80722],[140.50688,36.80809],[140.50727,36.80795]],[[140.5096,36.80883],[140.50948,36.80844],[140.50874,36.80863],[140.50826,36.80898],[140.50814,36.80963],[140.50918,36.80958],[140.50997,36.809],[140.5096,36.80883]],[[140.50924,36.81064],[140.50981,36.81017],[140.50968,36.80985],[140.50877,36.8101],[140.50864,36.81056],[140.50924,36.81064]],[[140.51389,36.78178],[140.51349,36.7826],[140.514,36.78284],[140.51537,36.78233],[140.51599,36.78174],[140.5161,36.78121],[140.51598,36.77957],[140.51687,36.78002],[140.51761,36.78124],[140.51913,36.78138],[140.51989,36.78038],[140.51942,36.78029],[140.51888,36.7811],[140.51807,36.78098],[140.51658,36.77932],[140.51685,36.77904],[140.51715,36.77781],[140.51635,36.77789],[140.51637,36.77913],[140.51498,36.7791],[140.51444,36.77931],[140.51405,36.77859],[140.51316,36.77843],[140.5129,36.77757],[140.51251,36.77706],[140.51198,36.77791],[140.51099,36.77799],[140.51018,36.77877],[140.50973,36.77834],[140.50968,36.77647],[140.50992,36.77613],[140.51006,36.77512],[140.51064,36.77493],[140.51281,36.77473],[140.51317,36.77437],[140.51382,36.77281],[140.51427,36.77276],[140.5162,36.77298],[140.51709,36.77276],[140.51845,36.77203],[140.51847,36.77085],[140.51743,36.77],[140.51538,36.76944],[140.51488,36.76887],[140.51784,36.76794],[140.51742,36.76725],[140.51666,36.76668],[140.51539,36.76628],[140.5149,36.76639],[140.51387,36.76699],[140.51322,36.76692],[140.5132,36.76762],[140.51293,36.76814],[140.51252,36.76814],[140.51129,36.76766],[140.50908,36.76787],[140.50811,36.76823],[140.50748,36.76784],[140.50754,36.76703],[140.50733,36.76625],[140.50786,36.76612],[140.5094,36.76607],[140.51015,36.7655],[140.51058,36.76543],[140.51113,36.76573],[140.51277,36.76593],[140.51279,36.76552],[140.51182,36.76401],[140.51084,36.76364],[140.50964,36.76349],[140.50884,36.76455],[140.50843,36.76486],[140.50717,36.76507],[140.50559,36.76507],[140.50527,36.76494],[140.50426,36.76528],[140.50387,36.76577],[140.50458,36.76772],[140.50535,36.76842],[140.50528,36.76918],[140.50593,36.76925],[140.50627,36.76879],[140.50737,36.76959],[140.50766,36.77012],[140.50723,36.7732],[140.50619,36.77305],[140.50497,36.77245],[140.50504,36.77358],[140.50529,36.7743],[140.50744,36.77553],[140.50867,36.77714],[140.50909,36.77843],[140.50871,36.77884],[140.50864,36.77948],[140.50907,36.78065],[140.5097,36.78139],[140.51065,36.78161],[140.51132,36.78116],[140.51194,36.78107],[140.51376,36.78159],[140.51389,36.78178]],[[140.52115,36.78196],[140.52215,36.78233],[140.52258,36.78219],[140.52324,36.78113],[140.52279,36.78095],[140.52249,36.78155],[140.52181,36.78176],[140.52084,36.78121],[140.52056,36.78158],[140.52115,36.78196]],[[140.51973,36.76411],[140.52041,36.76423],[140.52072,36.76352],[140.52017,36.76282],[140.51917,36.76191],[140.51898,36.76148],[140.51823,36.76076],[140.51664,36.76043],[140.51654,36.76079],[140.51664,36.76197],[140.51725,36.7628],[140.51789,36.7639],[140.51876,36.76411],[140.51973,36.76411]],[[140.52437,36.7503],[140.52599,36.75045],[140.52682,36.75102],[140.52765,36.75039],[140.52791,36.75065],[140.52851,36.75045],[140.52934,36.75043],[140.52935,36.74969],[140.52828,36.74906],[140.52875,36.74861],[140.52773,36.74819],[140.52695,36.74813],[140.52616,36.74829],[140.52581,36.74906],[140.52509,36.74917],[140.5245,36.74962],[140.52437,36.7503]],[[140.55065,36.74996],[140.5509,36.75012],[140.55147,36.74916],[140.5514,36.7488],[140.55024,36.7485],[140.55107,36.74751],[140.55066,36.74719],[140.54933,36.74791],[140.54764,36.74781],[140.54629,36.74847],[140.54635,36.74891],[140.54792,36.74911],[140.54831,36.74891],[140.54807,36.74832],[140.54862,36.7483],[140.54893,36.74889],[140.54938,36.74917],[140.55026,36.74909],[140.5508,36.74921],[140.55065,36.74996]],[[140.56333,36.74114],[140.56373,36.74125],[140.5662,36.74132],[140.56659,36.74123],[140.56698,36.74064],[140.5656,36.74103],[140.56496,36.74084],[140.56353,36.74065],[140.56209,36.74084],[140.56126,36.74054],[140.55976,36.7389],[140.55924,36.73942],[140.55973,36.74025],[140.56161,36.7411],[140.56307,36.741],[140.56333,36.74114]],[[140.54967,36.73998],[140.55065,36.73858],[140.5505,36.7382],[140.54922,36.73832],[140.54776,36.73801],[140.5471,36.73764],[140.5469,36.73693],[140.54633,36.73644],[140.54543,36.73638],[140.54525,36.73662],[140.54578,36.73726],[140.54576,36.73814],[140.54627,36.73889],[140.54753,36.73922],[140.54904,36.74024],[140.54967,36.73998]],[[140.51616,36.71501],[140.51754,36.71574],[140.51767,36.71546],[140.51594,36.71458],[140.51496,36.71382],[140.51425,36.71286],[140.5127,36.71159],[140.51361,36.71302],[140.51424,36.71342],[140.5143,36.71451],[140.51487,36.71431],[140.51616,36.71501]],[[140.55924,36.71094],[140.55973,36.71139],[140.55962,36.71245],[140.56028,36.7124],[140.56067,36.71137],[140.56124,36.71099],[140.56071,36.71049],[140.55995,36.71109],[140.55924,36.71094]],[[140.53484,36.69926],[140.53634,36.69902],[140.53736,36.69841],[140.53788,36.69829],[140.53819,36.69767],[140.53739,36.6976],[140.53621,36.69858],[140.53518,36.69872],[140.53484,36.69926]],[[140.53184,36.68451],[140.53183,36.68407],[140.53136,36.68331],[140.52916,36.68326],[140.52854,36.68312],[140.52874,36.68384],[140.52928,36.68412],[140.53055,36.68411],[140.53184,36.68451]],[[140.5276,36.68166],[140.52778,36.68186],[140.52861,36.68182],[140.5292,36.68111],[140.52894,36.68048],[140.52845,36.67988],[140.52745,36.67993],[140.5269,36.68085],[140.52738,36.68105],[140.5276,36.68166]],[[140.59499,36.76769],[140.59483,36.76821],[140.59545,36.76894],[140.59667,36.76945],[140.59659,36.76866],[140.59551,36.76831],[140.59499,36.76769]],[[140.59775,36.76539],[140.59836,36.76588],[140.59889,36.76655],[140.59908,36.76719],[140.59962,36.76701],[140.59952,36.76552],[140.6014,36.76366],[140.60191,36.76297],[140.60154,36.76274],[140.60024,36.76353],[140.59947,36.76428],[140.59802,36.76394],[140.59719,36.76426],[140.59702,36.76487],[140.59775,36.76539]],[[140.60461,36.7643],[140.60468,36.76505],[140.60517,36.76502],[140.60551,36.76347],[140.60653,36.76131],[140.60686,36.76085],[140.60732,36.7609],[140.60754,36.76134],[140.60751,36.76235],[140.60771,36.76312],[140.60813,36.76306],[140.60846,36.76206],[140.60918,36.76175],[140.60857,36.76135],[140.60837,36.76079],[140.60723,36.75987],[140.60607,36.75965],[140.60569,36.76042],[140.60571,36.76094],[140.60525,36.76171],[140.60468,36.76215],[140.60446,36.76259],[140.60461,36.7643]],[[140.63771,36.76401],[140.63848,36.76457],[140.63852,36.76399],[140.63802,36.76387],[140.6375,36.76289],[140.63672,36.76301],[140.63596,36.76271],[140.63422,36.76229],[140.63344,36.76201],[140.6328,36.76307],[140.63204,36.76343],[140.6311,36.76353],[140.6308,36.76331],[140.62828,36.76327],[140.62842,36.76367],[140.63016,36.76363],[140.6306,36.76389],[140.63164,36.76399],[140.63264,36.76371],[140.6338,36.76259],[140.63434,36.76271],[140.63542,36.76321],[140.63678,36.76333],[140.63771,36.76401]],[[140.65335,36.76325],[140.65389,36.76337],[140.65405,36.76285],[140.65229,36.76273],[140.65231,36.76317],[140.65335,36.76325]],[[140.6375,36.76201],[140.63854,36.76241],[140.63736,36.76125],[140.63706,36.76061],[140.63635,36.75993],[140.6356,36.75959],[140.63675,36.761],[140.63674,36.76159],[140.6375,36.76201]],[[140.65261,36.76069],[140.65221,36.75989],[140.65329,36.75941],[140.65499,36.75759],[140.65555,36.75673],[140.65597,36.75665],[140.65687,36.75741],[140.65737,36.75819],[140.65791,36.75833],[140.65873,36.75805],[140.65741,36.75777],[140.65691,36.75703],[140.65547,36.75561],[140.65513,36.75607],[140.65403,36.75709],[140.65347,36.75783],[140.65347,36.75869],[140.65323,36.75903],[140.65225,36.75941],[140.65131,36.75937],[140.65071,36.75963],[140.65027,36.76027],[140.65101,36.76023],[140.65171,36.75975],[140.65237,36.76075],[140.65261,36.76069]],[[140.66119,36.75649],[140.66167,36.75639],[140.66111,36.75529],[140.66173,36.75459],[140.66135,36.75443],[140.66093,36.75501],[140.65967,36.75473],[140.65869,36.75427],[140.65875,36.75351],[140.65817,36.75375],[140.65823,36.75419],[140.65739,36.75419],[140.65701,36.75341],[140.65759,36.75265],[140.65609,36.75249],[140.65653,36.75295],[140.65641,36.75393],[140.65701,36.75451],[140.65745,36.75451],[140.65777,36.75499],[140.65877,36.75475],[140.65915,36.75483],[140.66051,36.75555],[140.66119,36.75649]],[[140.65407,36.75551],[140.65313,36.75659],[140.65223,36.75681],[140.65157,36.75731],[140.65237,36.75747],[140.65273,36.75699],[140.65397,36.75653],[140.65407,36.75551]],[[140.63576,36.76173],[140.63506,36.76079],[140.63426,36.76035],[140.63438,36.75919],[140.63428,36.75799],[140.63388,36.75813],[140.63384,36.75973],[140.63362,36.76021],[140.63396,36.76085],[140.63472,36.76145],[140.63576,36.76173]],[[140.63628,36.75797],[140.63621,36.75824],[140.63723,36.75882],[140.63772,36.75928],[140.63812,36.75924],[140.63895,36.7586],[140.64053,36.75687],[140.64145,36.75579],[140.64293,36.75432],[140.64382,36.75393],[140.64436,36.75386],[140.64505,36.75409],[140.64515,36.75485],[140.64595,36.75425],[140.64424,36.75282],[140.64389,36.75335],[140.6435,36.75343],[140.64267,36.75294],[140.64191,36.75291],[140.63979,36.75185],[140.63955,36.75202],[140.64073,36.7527],[140.64108,36.75338],[140.64074,36.75375],[140.64018,36.75366],[140.63969,36.75322],[140.63889,36.75216],[140.6382,36.75187],[140.63776,36.75219],[140.6371,36.75226],[140.63632,36.75189],[140.63487,36.75226],[140.63464,36.75255],[140.63438,36.75375],[140.63446,36.75444],[140.63389,36.75537],[140.63317,36.75602],[140.63251,36.75635],[140.63141,36.75659],[140.63149,36.75683],[140.63238,36.7568],[140.63328,36.75641],[140.63412,36.75564],[140.63467,36.75541],[140.63515,36.75609],[140.63563,36.756],[140.63605,36.75524],[140.63673,36.75496],[140.63765,36.75402],[140.63864,36.75324],[140.63951,36.75339],[140.63972,36.75373],[140.63894,36.75405],[140.63854,36.75475],[140.63732,36.75505],[140.63776,36.75562],[140.63875,36.75573],[140.63891,36.75641],[140.63969,36.75604],[140.64014,36.75477],[140.64111,36.75401],[140.64182,36.75322],[140.64296,36.75377],[140.64095,36.75464],[140.64068,36.75494],[140.64017,36.75609],[140.63961,36.75684],[140.63886,36.75733],[140.63628,36.75797]],[[140.61982,36.75682],[140.61916,36.75669],[140.61921,36.75606],[140.61875,36.75549],[140.61778,36.75639],[140.6179,36.75779],[140.61786,36.75891],[140.61757,36.76091],[140.61759,36.76201],[140.61833,36.76205],[140.61854,36.76086],[140.61861,36.75757],[140.61979,36.75714],[140.61982,36.75682]],[[140.61818,36.74805],[140.61866,36.74861],[140.61959,36.7489],[140.62016,36.74861],[140.61868,36.74768],[140.61842,36.74725],[140.61846,36.74672],[140.61903,36.74442],[140.61912,36.74282],[140.61885,36.74234],[140.6179,36.74212],[140.61714,36.74342],[140.61607,36.743],[140.61596,36.74258],[140.61543,36.74214],[140.61609,36.74162],[140.61602,36.74126],[140.61455,36.74036],[140.61306,36.74118],[140.61109,36.74342],[140.61084,36.7442],[140.61094,36.7447],[140.6118,36.74587],[140.6125,36.74706],[140.6123,36.74744],[140.61402,36.74741],[140.6144,36.74719],[140.61563,36.74714],[140.61647,36.74728],[140.61706,36.74764],[140.61786,36.7464],[140.61788,36.74751],[140.61818,36.74805]],[[140.64745,36.74883],[140.64773,36.74883],[140.64813,36.74787],[140.64783,36.74745],[140.64713,36.74829],[140.64745,36.74883]],[[140.65887,36.74712],[140.65883,36.74801],[140.65937,36.74773],[140.65955,36.74694],[140.65887,36.74712]],[[140.66057,36.74702],[140.66097,36.74712],[140.66051,36.74777],[140.66113,36.74789],[140.66173,36.74722],[140.66079,36.74668],[140.66057,36.74702]],[[140.65825,36.74668],[140.65817,36.74618],[140.65745,36.74668],[140.65777,36.74696],[140.65825,36.74668]],[[140.66073,36.76345],[140.65995,36.76271],[140.65891,36.76211],[140.65881,36.76239],[140.65961,36.76301],[140.65845,36.76297],[140.65843,36.76331],[140.66073,36.76345]],[[140.59117,36.8245],[140.59105,36.82461],[140.59171,36.82625],[140.59201,36.82577],[140.59255,36.82559],[140.59117,36.8245]],[[140.66381,36.82536],[140.66418,36.82641],[140.66497,36.8265],[140.66598,36.82686],[140.66598,36.82627],[140.66561,36.82613],[140.6652,36.82531],[140.66522,36.82363],[140.66404,36.82384],[140.66297,36.82279],[140.66174,36.82325],[140.66275,36.82493],[140.66347,36.82502],[140.66381,36.82536]],[[140.67027,36.82649],[140.67025,36.8259],[140.67073,36.82538],[140.67029,36.8249],[140.66991,36.82484],[140.66861,36.82554],[140.6687,36.82584],[140.66959,36.82643],[140.67027,36.82649]],[[140.65767,36.82095],[140.65792,36.8214],[140.65881,36.82184],[140.65956,36.82129],[140.66017,36.82133],[140.66095,36.82172],[140.66184,36.82092],[140.66143,36.82056],[140.66068,36.82095],[140.66027,36.82036],[140.65961,36.82033],[140.6595,36.82086],[140.65913,36.82106],[140.65809,36.82068],[140.65767,36.82095]],[[140.66147,36.8169],[140.66158,36.8172],[140.6629,36.81726],[140.66345,36.8174],[140.66456,36.81738],[140.66461,36.81608],[140.66436,36.81583],[140.66313,36.81579],[140.66256,36.81637],[140.66154,36.81654],[140.66147,36.8169]],[[140.66674,36.82997],[140.66601,36.8298],[140.66539,36.83014],[140.66556,36.83053],[140.66626,36.83056],[140.66674,36.82997]],[[140.67033,36.8371],[140.67042,36.83636],[140.66953,36.83589],[140.6683,36.83674],[140.66824,36.83698],[140.66885,36.83751],[140.67,36.83752],[140.67033,36.8371]],[[140.66502,36.83676],[140.66459,36.83594],[140.66424,36.83595],[140.66412,36.83665],[140.66443,36.83784],[140.66506,36.83838],[140.66551,36.83832],[140.6656,36.83772],[140.66502,36.83676]],[[140.68162,36.86255],[140.68088,36.86271],[140.68179,36.86332],[140.68317,36.86378],[140.68196,36.86243],[140.68162,36.86255]],[[140.67792,36.86062],[140.67789,36.86133],[140.67838,36.86148],[140.6792,36.8606],[140.67926,36.85934],[140.67855,36.85769],[140.67854,36.85672],[140.67905,36.85606],[140.68005,36.85626],[140.68179,36.85638],[140.68319,36.85674],[140.68394,36.85651],[140.68355,36.85568],[140.68297,36.85537],[140.68229,36.85534],[140.6815,36.85492],[140.68018,36.85511],[140.6797,36.85558],[140.67935,36.85545],[140.67901,36.8547],[140.67945,36.85329],[140.67857,36.85324],[140.67811,36.85353],[140.67799,36.85463],[140.67854,36.85637],[140.6783,36.85675],[140.67742,36.85727],[140.67698,36.85791],[140.6758,36.85871],[140.67604,36.85907],[140.6766,36.85904],[140.6761,36.86033],[140.67653,36.86056],[140.67703,36.86032],[140.67792,36.86062]],[[140.68906,36.85678],[140.68946,36.8569],[140.6912,36.85686],[140.69169,36.85671],[140.69234,36.85618],[140.69284,36.85489],[140.69252,36.85488],[140.69162,36.85564],[140.6903,36.85557],[140.68899,36.85657],[140.68906,36.85678]],[[140.69507,36.85481],[140.69541,36.85544],[140.69595,36.85498],[140.69587,36.8542],[140.69387,36.85418],[140.6942,36.85459],[140.69507,36.85481]],[[140.68525,36.85271],[140.68584,36.85271],[140.68581,36.85208],[140.68668,36.85152],[140.68707,36.85063],[140.6864,36.85032],[140.68575,36.85072],[140.68511,36.85134],[140.68429,36.85185],[140.6847,36.85203],[140.68467,36.85254],[140.68525,36.85271]],[[140.69522,36.85353],[140.69564,36.85348],[140.69561,36.85294],[140.69685,36.85283],[140.69637,36.85217],[140.69569,36.85235],[140.69423,36.85241],[140.69522,36.85353]],[[140.69894,36.85221],[140.6989,36.85282],[140.70015,36.85316],[140.70111,36.85331],[140.70119,36.853],[140.69999,36.85228],[140.69894,36.85221]],[[140.70236,36.85245],[140.70337,36.85234],[140.7028,36.85165],[140.70273,36.85117],[140.70337,36.84984],[140.70386,36.84927],[140.70333,36.84917],[140.70281,36.84983],[140.70231,36.85134],[140.70236,36.85245]],[[140.70365,36.84793],[140.70364,36.84884],[140.70401,36.84879],[140.70401,36.84775],[140.70451,36.84659],[140.70415,36.84637],[140.70443,36.84578],[140.70391,36.84526],[140.70347,36.84604],[140.70325,36.84695],[140.70367,36.847],[140.70365,36.84793]]]},"properties":{"hoanrinKind":"保安林"}},
{"type":"Feature","geometry":{"type":"Polygon","coordinates":[[[140.58049,36.82085],[140.58059,36.82115],[140.58013,36.82089],[140.58049,36.82085]]]},"properties":{"hoanrinKind":"保安林"}},
{"type":"Feature","geometry":{"type":"Polygon","coordinates":[[[140.57922,36.82154],[140.57918,36.82178],[140.57911,36.82182],[140.57922,36.82154]]]},"properties":{"hoanrinKind":"保安林"}},
{"type":"Feature","geometry":{"type":"Polygon","coordinates":[[[140.58136,36.82123],[140.58198,36.82153],[140.58183,36.82162],[140.58132,36.82146],[140.58136,36.82123]]]},"properties":{"hoanrinKind":"保安林"}},
{"type":"Feature","geometry":{"type":"Polygon","coordinates":[[[140.57788,36.82242],[140.57767,36.82241],[140.57751,36.82235],[140.57754,36.82229],[140.57788,36.82242]]]},"properties":{"hoanrinKind":"保安林"}},
{"type":"Feature","geometry":{"type":"Polygon","coordinates":[[[140.58138,36.82305],[140.58143,36.82315],[140.5814,36.82314],[140.58137,36.82308],[140.58138,36.82305]]]},"properties":{"hoanrinKind":"保安林"}},
{"type":"Feature","geometry":{"type":"Polygon","coordinates":[[[140.58249,36.82389],[140.58231,36.82424],[140.58107,36.82464],[140.58068,36.82549],[140.58085,36.82584],[140.58147,36.82597],[140.58197,36.82651],[140.5816,36.8268],[140.58103,36.82602],[140.58051,36.82587],[140.5807,36.82487],[140.581,36.82449],[140.5823,36.82417],[140.58249,36.82389]]]},"properties":{"hoanrinKind":"保安林"}},
{"type":"Feature","geometry":{"type":"Polygon","coordinates":[[[140.58932,36.32394],[140.58936,36.32406],[140.58931,36.32425],[140.58918,36.32421],[140.58917,36.32408],[140.58932,36.32394]]]},"properties":{"hoanrinKind":"保安林"}},
{"type":"Feature","geometry":{"type":"Polygon","coordinates":[[[140.58936,36.32492],[140.58969,36.32532],[140.5898,36.32564],[140.58933,36.32512],[140.58936,36.32492]]]},"properties":{"hoanrinKind":"保安林"}},
{"type":"Feature","geometry":{"type":"Polygon","coordinates":[[[140.59046,36.32598],[140.58997,36.3265],[140.58993,36.32612],[140.59027,36.32565],[140.59046,36.32598]]]},"properties":{"hoanrinKind":"保安林"}},
{"type":"Feature","geometry":{"type":"Polygon","coordinates":[[[140.59073,36.32656],[140.59072,36.32668],[140.59029,36.32707],[140.59,36.32715],[140.59047,36.32667],[140.59073,36.32656]]]},"properties":{"hoanrinKind":"保安林"}}
]}