{"type":"FeatureCollection", "features": [
{"type":"Feature","geometry":{"type":"MultiPolygon","coordinates":[[[[140.15352,35.21746],[140.1529,35.21769],[140.15288,35.21754],[140.15352,35.21746]]],[[[140.15247,35.21842],[140.15224,35.21867],[140.15197,35.21844],[140.15178,35.21842],[140.15172,35.21804],[140.15214,35.2183],[140.15247,35.21842]]],[[[140.14926,35.21964],[140.1494,35.21979],[140.1492,35.22],[140.14899,35.22001],[140.14817,35.21962],[140.1476,35.21963],[140.14733,35.21945],[140.14688,35.21963],[140.14657,35.21961],[140.14613,35.21943],[140.14631,35.21931],[140.14662,35.21935],[140.14718,35.21907],[140.14738,35.21907],[140.14798,35.21948],[140.14843,35.21928],[140.14856,35.21873],[140.1463,35.21789],[140.14623,35.21777],[140.1468,35.21512],[140.14691,35.21504],[140.14973,35.21486],[140.15066,35.21528],[140.15148,35.21555],[140.15253,35.21599],[140.15269,35.21628],[140.15128,35.21706],[140.15137,35.21752],[140.15108,35.21735],[140.15041,35.2166],[140.14988,35.21624],[140.14931,35.2161],[140.14925,35.21633],[140.14998,35.21689],[140.15031,35.21703],[140.15075,35.21745],[140.15108,35.21804],[140.15102,35.21951],[140.15084,35.21959],[140.15021,35.21901],[140.14977,35.21881],[140.14942,35.21878],[140.14912,35.21921],[140.14926,35.21964]]],[[[140.15223,35.22108],[140.15201,35.22113],[140.15159,35.22095],[140.15157,35.22068],[140.15203,35.22077],[140.15223,35.22108]]]]},"properties":{"hoanrinKind":"保安林"}},
{"type":"Feature","geometry":{"type":"Polygon","coordinates":[[[139.83415,35.03314],[139.8341,35.03342],[139.83403,35.03325],[139.83405,35.03313],[139.83415,35.03314]]]},"properties":{"hoanrinKind":"保安林"}},
{"type":"Feature","geometry":{"type":"Polygon","coordinates":[[[139.86695,34.90797],[139.86636,34.90793],[139.86513,34.90797],[139.86478,34.90779],[139.86291,34.90758],[139.8627,34.90775],[139.86189,34.90755],[139.86196,34.90712],[139.8624,34.90715],[139.86356,34.90738],[139.86387,34.90735],[139.86439,34.90747],[139.86489,34.90752],[139.86548,34.90788],[139.8665,34.90785],[139.86774,34.90759],[139.86779,34.90724],[139.86824,34.90701],[139.86842,34.90706],[139.86873,34.90741],[139.86851,34.9077],[139.86819,34.90749],[139.86787,34.9074],[139.86775,34.90763],[139.86751,34.90784],[139.86695,34.90797]]]},"properties":{"hoanrinKind":"保安林"}},
{"type":"Feature","geometry":{"type":"Polygon","coordinates":[[[139.83422,34.9231],[139.83386,34.92287],[139.83349,34.9229],[139.83314,34.92307],[139.83199,34.92291],[139.83181,34.92278],[139.83117,34.92285],[139.83049,34.92262],[139.83145,34.92263],[139.83174,34.92222],[139.83224,34.9219],[139.83245,34.92135],[139.83254,34.92077],[139.83241,34.92018],[139.83217,34.91991],[139.83173,34.91959],[139.83131,34.91938],[139.83126,34.91907],[139.83136,34.91818],[139.83166,34.9179],[139.8322,34.91789],[139.83249,34.91813],[139.83278,34.91815],[139.83372,34.91874],[139.83353,34.91901],[139.83387,34.91926],[139.8345,34.91953],[139.83499,34.91962],[139.83518,34.91955],[139.83541,34.91981],[139.83559,34.91985],[139.83599,34.9197],[139.83709,34.91993],[139.83657,34.92043],[139.83619,34.92095],[139.83586,34.92125],[139.83554,34.92138],[139.83514,34.92183],[139.83507,34.92213],[139.83448,34.92254],[139.83422,34.9231]]]},"properties":{"hoanrinKind":"保安林"}},
{"type":"Feature","geometry":{"type":"Polygon","coordinates":[[[139.82735,34.93264],[139.82707,34.93296],[139.82648,34.93283],[139.82598,34.93264],[139.8256,34.93266],[139.82671,34.93076],[139.8268,34.9305],[139.82773,34.92887],[139.82826,34.92814],[139.82964,34.92894],[139.82735,34.93264]]]},"properties":{"hoanrinKind":"保安林"}},
{"type":"Feature","geometry":{"type":"Polygon","coordinates":[[[139.83124,34.92978],[139.83107,34.93108],[139.83108,34.93184],[139.83125,34.9327],[139.8315,34.93333],[139.83157,34.93392],[139.83145,34.93395],[139.82994,34.93364],[139.82911,34.93344],[139.82868,34.93319],[139.82862,34.93281],[139.82897,34.93226],[139.83029,34.93076],[139.83115,34.92984],[139.83124,34.92978]]]},"properties":{"hoanrinKind":"保安林"}},
{"type":"Feature","geometry":{"type":"Polygon","coordinates":[[[139.8283,34.93369],[139.82826,34.9338],[139.82786,34.93428],[139.8276,34.93448],[139.8283,34.93369]]]},"properties":{"hoanrinKind":"保安林"}},
{"type":"Feature","geometry":{"type":"Polygon","coordinates":[[[139.81315,34.94629],[139.81277,34.94598],[139.81203,34.94569],[139.81072,34.94456],[139.81081,34.94424],[139.81277,34.94325],[139.81434,34.9425],[139.8158,34.94166],[139.81709,34.94111],[139.81714,34.94091],[139.81681,34.94056],[139.81725,34.94025],[139.81835,34.9397],[139.81914,34.93882],[139.82094,34.93709],[139.82246,34.93578],[139.82434,34.93373],[139.82508,34.93306],[139.82599,34.9339],[139.82642,34.93411],[139.82705,34.93461],[139.82713,34.93502],[139.82732,34.93531],[139.82789,34.93585],[139.82811,34.93564],[139.8284,34.93579],[139.82841,34.93605],[139.82863,34.93607],[139.82888,34.93626],[139.82859,34.93667],[139.82733,34.93772],[139.82785,34.93808],[139.82797,34.93809],[139.82923,34.93712],[139.82948,34.9373],[139.83009,34.93801],[139.83012,34.93827],[139.83066,34.93872],[139.82987,34.93965],[139.82959,34.93939],[139.82889,34.93929],[139.82677,34.93796],[139.82633,34.93777],[139.82339,34.94082],[139.82331,34.94123],[139.82342,34.94136],[139.82602,34.94224],[139.82622,34.94236],[139.82605,34.94264],[139.82534,34.94221],[139.82453,34.94195],[139.82388,34.94164],[139.82338,34.94151],[139.82305,34.94166],[139.82268,34.94216],[139.82178,34.94296],[139.82118,34.94278],[139.82062,34.94254],[139.82037,34.94232],[139.8218,34.94087],[139.82393,34.93853],[139.82461,34.93791],[139.82461,34.93779],[139.82585,34.93649],[139.82705,34.93518],[139.82675,34.93489],[139.82674,34.93467],[139.82596,34.93405],[139.82565,34.93406],[139.8256,34.9344],[139.82451,34.93548],[139.82395,34.93614],[139.82201,34.93815],[139.81912,34.94126],[139.81748,34.943],[139.81617,34.94416],[139.81502,34.94507],[139.81418,34.94566],[139.81315,34.94629]]]},"properties":{"hoanrinKind":"保安林"}},
{"type":"Feature","geometry":{"type":"Polygon","coordinates":[[[139.82191,34.9463],[139.82219,34.94647],[139.82209,34.94663],[139.82136,34.94629],[139.82081,34.94634],[139.82023,34.94616],[139.81999,34.94598],[139.81903,34.94568],[139.81819,34.94532],[139.81741,34.94486],[139.81734,34.94475],[139.81752,34.94438],[139.8183,34.94484],[139.81865,34.94485],[139.81926,34.94524],[139.81958,34.94535],[139.81997,34.94565],[139.8202,34.94568],[139.82052,34.94539],[139.82166,34.94604],[139.82191,34.9463]]]},"properties":{"hoanrinKind":"保安林"}},
{"type":"Feature","geometry":{"type":"Polygon","coordinates":[[[139.79028,34.95366],[139.79012,34.95343],[139.79043,34.95333],[139.79319,34.95279],[139.79712,34.95188],[139.79954,34.9513],[139.80204,34.95067],[139.80357,34.95027],[139.80416,34.95022],[139.80328,34.95065],[139.8011,34.9516],[139.79985,34.95211],[139.79888,34.95255],[139.79783,34.95294],[139.79727,34.9531],[139.79697,34.95302],[139.79644,34.95316],[139.7954,34.9532],[139.79375,34.95293],[139.79127,34.95344],[139.79028,34.95366]]]},"properties":{"hoanrinKind":"保安林"}},
{"type":"Feature","geometry":{"type":"Polygon","coordinates":[[[139.90805,34.95479],[139.90802,34.95495],[139.90755,34.95504],[139.90704,34.95452],[139.90658,34.95448],[139.90632,34.95437],[139.90589,34.95405],[139.90528,34.95396],[139.9053,34.9535],[139.9055,34.95315],[139.9058,34.95277],[139.90664,34.95246],[139.90727,34.95246],[139.90739,34.95311],[139.90734,34.95356],[139.90745,34.954],[139.90766,34.95439],[139.90797,34.95452],[139.90805,34.95479]]]},"properties":{"hoanrinKind":"保安林"}},
{"type":"Feature","geometry":{"type":"Polygon","coordinates":[[[139.81578,34.9531],[139.81563,34.95349],[139.8157,34.9537],[139.81599,34.95407],[139.81561,34.95402],[139.81474,34.95321],[139.81429,34.953],[139.81337,34.95269],[139.81306,34.95253],[139.81222,34.9517],[139.81194,34.95132],[139.81179,34.95071],[139.81153,34.95032],[139.81091,34.94974],[139.81037,34.9492],[139.81003,34.94923],[139.80945,34.94878],[139.80888,34.94818],[139.80837,34.94817],[139.80585,34.94898],[139.80224,34.95013],[139.79891,34.95112],[139.79526,34.952],[139.7912,34.95295],[139.79005,34.95313],[139.79012,34.95298],[139.79172,34.95249],[139.79376,34.95173],[139.79443,34.95154],[139.79614,34.9509],[139.79653,34.95066],[139.79817,34.94994],[139.79997,34.94917],[139.80132,34.94862],[139.80262,34.94803],[139.80509,34.94699],[139.80744,34.94595],[139.80852,34.94542],[139.80925,34.9453],[139.80973,34.94532],[139.81104,34.94598],[139.81199,34.9468],[139.81202,34.9469],[139.81097,34.94744],[139.81098,34.94778],[139.81316,34.95011],[139.81326,34.95074],[139.81315,34.9509],[139.81343,34.95118],[139.81354,34.95142],[139.81467,34.95252],[139.81546,34.95309],[139.81578,34.9531]]]},"properties":{"hoanrinKind":"保安林"}},
{"type":"Feature","geometry":{"type":"Polygon","coordinates":[[[139.92656,34.95939],[139.92653,34.95969],[139.92636,34.96024],[139.92606,34.96088],[139.92591,34.96164],[139.92592,34.9632],[139.92549,34.96344],[139.92522,34.96344],[139.92499,34.96327],[139.92451,34.96259],[139.92431,34.9619],[139.924,34.96131],[139.92396,34.96093],[139.92409,34.96017],[139.92402,34.95994],[139.92379,34.95973],[139.92341,34.95963],[139.92273,34.95925],[139.92267,34.95897],[139.92287,34.95863],[139.92314,34.95786],[139.92319,34.95755],[139.92348,34.95723],[139.92409,34.95721],[139.92454,34.95748],[139.92486,34.95787],[139.92536,34.95816],[139.92591,34.9586],[139.92568,34.95877],[139.92577,34.95902],[139.92648,34.95923],[139.92656,34.95939]]]},"properties":{"hoanrinKind":"保安林"}},
{"type":"Feature","geometry":{"type":"Polygon","coordinates":[[[139.93777,34.96503],[139.9379,34.96517],[139.93746,34.96595],[139.93739,34.96619],[139.9369,34.96658],[139.93677,34.96699],[139.93581,34.9674],[139.93557,34.96762],[139.93503,34.9676],[139.93494,34.96699],[139.93497,34.96648],[139.93554,34.96567],[139.93618,34.96513],[139.93663,34.96494],[139.93721,34.96491],[139.93777,34.96503]]]},"properties":{"hoanrinKind":"保安林"}},
{"type":"Feature","geometry":{"type":"Polygon","coordinates":[[[139.92395,34.96687],[139.92389,34.96722],[139.92373,34.96746],[139.92333,34.96749],[139.92301,34.96721],[139.92285,34.9668],[139.92282,34.9654],[139.92264,34.9651],[139.92234,34.96489],[139.92176,34.96501],[139.92166,34.96536],[139.92155,34.96681],[139.9207,34.96697],[139.92042,34.9669],[139.92024,34.96668],[139.92004,34.96573],[139.91906,34.96516],[139.91929,34.9648],[139.91935,34.96426],[139.91957,34.96358],[139.91989,34.96325],[139.92025,34.96277],[139.9202,34.96242],[139.91895,34.96086],[139.91783,34.96021],[139.91757,34.95989],[139.91745,34.95938],[139.91765,34.95919],[139.91794,34.95942],[139.91871,34.95987],[139.91952,34.96025],[139.92096,34.96065],[139.92157,34.96119],[139.92178,34.96163],[139.92177,34.96186],[139.92199,34.96223],[139.92269,34.96247],[139.9237,34.96292],[139.92408,34.9634],[139.92425,34.96392],[139.92454,34.96432],[139.92523,34.96493],[139.92384,34.96509],[139.92375,34.96543],[139.92384,34.96584],[139.92368,34.96607],[139.92365,34.96631],[139.924,34.96636],[139.92395,34.96687]]]},"properties":{"hoanrinKind":"保安林"}},
{"type":"Feature","geometry":{"type":"Polygon","coordinates":[[[139.93795,34.97474],[139.93776,34.97503],[139.93796,34.97528],[139.93771,34.97558],[139.93739,34.9758],[139.93699,34.97563],[139.937,34.97543],[139.93675,34.97516],[139.93672,34.97484],[139.93648,34.97421],[139.93647,34.97377],[139.93659,34.9733],[139.93695,34.97264],[139.93745,34.97205],[139.93775,34.97178],[139.93821,34.97155],[139.93852,34.97168],[139.93874,34.97145],[139.93831,34.97122],[139.93844,34.97097],[139.93823,34.97085],[139.93792,34.97095],[139.93738,34.97135],[139.93715,34.97126],[139.93677,34.9709],[139.93655,34.97097],[139.9363,34.97125],[139.93614,34.97157],[139.93612,34.97201],[139.936,34.97237],[139.93572,34.97245],[139.93544,34.97241],[139.93525,34.97184],[139.93542,34.9713],[139.93528,34.97069],[139.93544,34.97038],[139.93534,34.97004],[139.93535,34.96974],[139.93553,34.96962],[139.93555,34.96913],[139.93526,34.96898],[139.93515,34.9684],[139.93529,34.96824],[139.93598,34.96811],[139.93646,34.96822],[139.93712,34.96848],[139.93754,34.96847],[139.93814,34.96855],[139.93968,34.96892],[139.93993,34.96887],[139.94102,34.96849],[139.94096,34.96829],[139.9406,34.96825],[139.93975,34.96827],[139.93935,34.96812],[139.93941,34.96774],[139.93932,34.96742],[139.93952,34.96695],[139.94012,34.96634],[139.94061,34.96603],[139.94126,34.96601],[139.94207,34.96677],[139.94247,34.967],[139.94321,34.9671],[139.94308,34.96746],[139.94269,34.96805],[139.94204,34.96859],[139.94136,34.96894],[139.94098,34.96937],[139.94064,34.96983],[139.94045,34.97045],[139.93975,34.97106],[139.93957,34.97159],[139.93951,34.97233],[139.9394,34.97258],[139.93883,34.97331],[139.93886,34.97347],[139.93852,34.97395],[139.93837,34.97455],[139.93813,34.97481],[139.93795,34.97474]]]},"properties":{"hoanrinKind":"保安林"}},
{"type":"Feature","geometry":{"type":"Polygon","coordinates":[[[139.96055,34.96895],[139.96081,34.96966],[139.9612,34.97045],[139.96154,34.97129],[139.96179,34.9718],[139.96239,34.97275],[139.96271,34.97335],[139.96403,34.97489],[139.96469,34.97563],[139.96542,34.97638],[139.96627,34.9771],[139.96674,34.97765],[139.96674,34.9779],[139.9664,34.97804],[139.966,34.9775],[139.96565,34.97715],[139.96505,34.97677],[139.96411,34.97563],[139.96354,34.97501],[139.96253,34.97319],[139.96165,34.97214],[139.96099,34.97085],[139.96063,34.96974],[139.96055,34.96895]]]},"properties":{"hoanrinKind":"保安林"}},
{"type":"Feature","geometry":{"type":"Polygon","coordinates":[[[139.96167,34.97472],[139.96146,34.9749],[139.96164,34.97527],[139.9628,34.97653],[139.96314,34.97709],[139.96383,34.97759],[139.96435,34.97813],[139.96358,34.97783],[139.96341,34.97782],[139.96287,34.97754],[139.96264,34.9773],[139.96153,34.97573],[139.96111,34.97516],[139.9609,34.97469],[139.95956,34.9721],[139.95942,34.97172],[139.95889,34.97046],[139.95883,34.97004],[139.95901,34.97001],[139.95904,34.97039],[139.95939,34.9711],[139.95953,34.97121],[139.95981,34.97112],[139.96,34.97146],[139.95967,34.97166],[139.96006,34.97242],[139.9605,34.97237],[139.9609,34.97321],[139.96079,34.97342],[139.96102,34.97394],[139.96129,34.974],[139.96167,34.97472]]]},"properties":{"hoanrinKind":"保安林"}},
{"type":"Feature","geometry":{"type":"Polygon","coordinates":[[[139.97377,35.00494],[139.97354,35.00539],[139.97336,35.00497],[139.97344,35.00465],[139.97266,35.0045],[139.97323,35.0041],[139.97317,35.00386],[139.97272,35.0039],[139.97262,35.00369],[139.97304,35.00349],[139.97309,35.00331],[139.97274,35.00305],[139.97236,35.00305],[139.97226,35.00284],[139.97248,35.00263],[139.9724,35.00222],[139.97241,35.00165],[139.97223,35.00129],[139.97196,35.00109],[139.97171,35.00054],[139.97159,35.00008],[139.97165,34.9998],[139.97152,34.99959],[139.97157,34.99921],[139.97132,34.99907],[139.97119,34.99847],[139.97136,34.99844],[139.97158,34.99864],[139.97173,34.99894],[139.97197,34.999],[139.97245,34.99889],[139.97275,34.99871],[139.97275,34.99858],[139.97214,34.99723],[139.97229,34.99711],[139.97294,34.99835],[139.97304,34.99833],[139.97332,34.99892],[139.9738,35.00021],[139.97452,35.00192],[139.9755,35.00376],[139.97614,35.00484],[139.97574,35.0052],[139.9751,35.00461],[139.97497,35.00427],[139.97516,35.00418],[139.97511,35.00374],[139.97495,35.00368],[139.97397,35.00415],[139.97359,35.00429],[139.97377,35.00494]]]},"properties":{"hoanrinKind":"保安林"}},
{"type":"Feature","geometry":{"type":"Polygon","coordinates":[[[139.97631,35.00748],[139.97644,35.00798],[139.97673,35.0087],[139.97662,35.00872],[139.97634,35.0083],[139.97627,35.00778],[139.97603,35.00737],[139.97577,35.00718],[139.976,35.00708],[139.97631,35.00748]]]},"properties":{"hoanrinKind":"保安林"}},
{"type":"Feature","geometry":{"type":"Polygon","coordinates":[[[139.97787,35.00962],[139.97767,35.00984],[139.97752,35.0096],[139.9769,35.00817],[139.97645,35.00693],[139.97687,35.00679],[139.97732,35.0075],[139.97853,35.00915],[139.97855,35.00956],[139.97835,35.00965],[139.97787,35.00962]]]},"properties":{"hoanrinKind":"保安林"}},
{"type":"Feature","geometry":{"type":"Polygon","coordinates":[[[139.97692,35.01028],[139.97707,35.01049],[139.97684,35.01072],[139.97629,35.01018],[139.97517,35.01004],[139.97474,35.00965],[139.97513,35.00907],[139.97564,35.00856],[139.97618,35.0091],[139.97647,35.00924],[139.97611,35.00941],[139.97558,35.00936],[139.97547,35.00966],[139.97603,35.00991],[139.97611,35.00986],[139.97662,35.01025],[139.97692,35.01028]]]},"properties":{"hoanrinKind":"保安林"}},
{"type":"Feature","geometry":{"type":"Polygon","coordinates":[[[139.99246,35.02459],[139.99221,35.02477],[139.99187,35.02442],[139.9912,35.02425],[139.99093,35.02428],[139.99037,35.02379],[139.99027,35.0236],[139.98989,35.0234],[139.99004,35.02305],[139.98982,35.02285],[139.9899,35.02247],[139.98921,35.02181],[139.98817,35.02065],[139.98733,35.01988],[139.98643,35.01912],[139.98623,35.01909],[139.98575,35.0193],[139.98489,35.01839],[139.9845,35.01827],[139.9844,35.01806],[139.98405,35.01796],[139.98355,35.01746],[139.98327,35.01697],[139.98316,35.01666],[139.98281,35.01641],[139.98298,35.01624],[139.98269,35.01603],[139.98237,35.01615],[139.98137,35.01541],[139.981,35.0151],[139.98018,35.01427],[139.97937,35.0133],[139.97914,35.01279],[139.97847,35.01219],[139.97792,35.0116],[139.9781,35.01137],[139.97848,35.01117],[139.97894,35.01151],[139.9791,35.01148],[139.97957,35.0111],[139.9798,35.01114],[139.98067,35.01193],[139.98097,35.01226],[139.98114,35.01227],[139.98203,35.01321],[139.98367,35.01516],[139.98517,35.0166],[139.9858,35.01711],[139.98809,35.0189],[139.98933,35.02017],[139.99028,35.02133],[139.99033,35.0217],[139.99203,35.02363],[139.99255,35.02437],[139.99246,35.02459]]]},"properties":{"hoanrinKind":"保安林"}},
{"type":"Feature","geometry":{"type":"Polygon","coordinates":[[[139.85757,35.02691],[139.85696,35.027],[139.85675,35.0273],[139.85653,35.02741],[139.85629,35.02732],[139.85633,35.02705],[139.85653,35.02679],[139.8565,35.02661],[139.85608,35.02644],[139.85583,35.02654],[139.85576,35.02683],[139.8552,35.0269],[139.85519,35.02673],[139.85576,35.02637],[139.85599,35.02611],[139.85716,35.02562],[139.85746,35.02553],[139.8577,35.02587],[139.8581,35.0258],[139.85835,35.02566],[139.85907,35.02538],[139.85985,35.02543],[139.86015,35.02528],[139.86059,35.02531],[139.86134,35.02559],[139.86194,35.02598],[139.862,35.02631],[139.86149,35.02633],[139.86123,35.02641],[139.86075,35.02632],[139.86056,35.02609],[139.86038,35.02606],[139.86014,35.02624],[139.86001,35.02653],[139.85983,35.02658],[139.85912,35.02704],[139.85878,35.02699],[139.85848,35.02682],[139.85813,35.02703],[139.85789,35.02706],[139.85757,35.02691]]]},"properties":{"hoanrinKind":"保安林"}},
{"type":"Feature","geometry":{"type":"Polygon","coordinates":[[[139.99478,35.03101],[139.99503,35.03156],[139.99452,35.03159],[139.99428,35.03151],[139.99417,35.03113],[139.99434,35.03081],[139.99457,35.0308],[139.99478,35.03101]]]},"properties":{"hoanrinKind":"保安林"}},
{"type":"Feature","geometry":{"type":"Polygon","coordinates":[[[140.00023,35.0325],[139.99997,35.03296],[139.99941,35.03289],[139.99946,35.03231],[139.99972,35.03231],[140.00023,35.0325]]]},"properties":{"hoanrinKind":"保安林"}},
{"type":"Feature","geometry":{"type":"Polygon","coordinates":[[[139.99932,35.03298],[139.99953,35.03313],[139.99916,35.03338],[139.99883,35.03346],[139.99836,35.03344],[139.99771,35.03321],[139.99747,35.03305],[139.99595,35.03254],[139.99779,35.03285],[139.9984,35.03288],[139.99871,35.03266],[139.99932,35.03298]]]},"properties":{"hoanrinKind":"保安林"}},
{"type":"Feature","geometry":{"type":"Polygon","coordinates":[[[140.02042,35.0399],[140.02095,35.04064],[140.02194,35.04192],[140.02183,35.04215],[140.02144,35.04167],[140.02046,35.04089],[140.01979,35.03989],[140.02042,35.0399]]]},"properties":{"hoanrinKind":"保安林"}},
{"type":"Feature","geometry":{"type":"Polygon","coordinates":[[[139.87764,35.0413],[139.87817,35.04141],[139.87871,35.04164],[139.87873,35.04181],[139.87824,35.04205],[139.87787,35.04261],[139.87748,35.04258],[139.87739,35.04204],[139.87683,35.0416],[139.87695,35.04131],[139.87764,35.0413]]]},"properties":{"hoanrinKind":"保安林"}},
{"type":"Feature","geometry":{"type":"Polygon","coordinates":[[[139.88476,35.04206],[139.88478,35.04214],[139.88399,35.04245],[139.88384,35.04259],[139.88403,35.04277],[139.88511,35.04282],[139.88531,35.04298],[139.88529,35.04329],[139.8849,35.04359],[139.88385,35.04387],[139.8837,35.04377],[139.88187,35.04344],[139.8816,35.04342],[139.88154,35.04236],[139.88178,35.04201],[139.88197,35.04205],[139.8821,35.04177],[139.88231,35.04174],[139.88296,35.04114],[139.88421,35.04095],[139.88534,35.04087],[139.88549,35.04116],[139.88542,35.04152],[139.8851,35.04191],[139.88476,35.04206]]]},"properties":{"hoanrinKind":"保安林"}},
{"type":"Feature","geometry":{"type":"Polygon","coordinates":[[[140.02509,35.04477],[140.02717,35.04628],[140.02742,35.04654],[140.02744,35.04676],[140.02718,35.0469],[140.02694,35.04679],[140.02684,35.04657],[140.02638,35.04631],[140.02604,35.0459],[140.02553,35.04548],[140.02533,35.04543],[140.02461,35.04483],[140.0248,35.04468],[140.02509,35.04477]]]},"properties":{"hoanrinKind":"保安林"}},
{"type":"Feature","geometry":{"type":"Polygon","coordinates":[[[139.87321,35.04345],[139.8737,35.04369],[139.87409,35.04381],[139.87433,35.04404],[139.87485,35.04425],[139.87509,35.04445],[139.8751,35.04497],[139.87479,35.04587],[139.8743,35.04649],[139.87392,35.04644],[139.87332,35.04611],[139.87311,35.04586],[139.87278,35.04567],[139.87089,35.04496],[139.87052,35.04473],[139.87101,35.0442],[139.87136,35.04402],[139.87182,35.0439],[139.87218,35.04352],[139.87234,35.04321],[139.87321,35.04345]]]},"properties":{"hoanrinKind":"保安林"}},
{"type":"Feature","geometry":{"type":"Polygon","coordinates":[[[140.02778,35.04823],[140.02769,35.04821],[140.02764,35.04809],[140.02782,35.04822],[140.02778,35.04823]]]},"properties":{"hoanrinKind":"保安林"}},
{"type":"Feature","geometry":{"type":"Polygon","coordinates":[[[139.98636,35.04945],[139.98606,35.04935],[139.98549,35.04954],[139.98523,35.04917],[139.98528,35.04762],[139.985,35.04762],[139.98477,35.04823],[139.98446,35.04834],[139.98452,35.0486],[139.98472,35.04864],[139.98467,35.04903],[139.98449,35.04936],[139.98423,35.04941],[139.98301,35.04947],[139.98279,35.04941],[139.98237,35.04895],[139.98251,35.04881],[139.98339,35.04824],[139.98361,35.04778],[139.98364,35.04706],[139.98376,35.04684],[139.98435,35.04661],[139.9851,35.04655],[139.9856,35.04707],[139.98585,35.04746],[139.986,35.04793],[139.9862,35.04812],[139.9869,35.0482],[139.98692,35.04853],[139.98677,35.04884],[139.98654,35.04901],[139.98636,35.04945]]]},"properties":{"hoanrinKind":"保安林"}},
{"type":"Feature","geometry":{"type":"Polygon","coordinates":[[[140.02851,35.04723],[140.02866,35.04729],[140.03055,35.04837],[140.0317,35.04898],[140.03193,35.04908],[140.03264,35.04944],[140.03382,35.05023],[140.03449,35.05054],[140.03555,35.05113],[140.03678,35.05177],[140.03654,35.05211],[140.03578,35.0518],[140.03505,35.05141],[140.03468,35.05099],[140.03321,35.04983],[140.03227,35.04926],[140.0319,35.04917],[140.03094,35.04869],[140.02848,35.04771],[140.02806,35.04735],[140.0282,35.04718],[140.02851,35.04723]]]},"properties":{"hoanrinKind":"保安林"}},
{"type":"Feature","geometry":{"type":"Polygon","coordinates":[[[140.01355,35.0574],[140.01321,35.05784],[140.01277,35.05826],[140.01214,35.05874],[140.01143,35.05912],[140.0115,35.05864],[140.01142,35.05741],[140.01121,35.05717],[140.01076,35.05702],[140.01023,35.05712],[140.00941,35.05714],[140.00908,35.05719],[140.00879,35.05686],[140.00903,35.05626],[140.00927,35.05582],[140.00988,35.05532],[140.0105,35.05508],[140.01101,35.05501],[140.0114,35.05503],[140.01225,35.0554],[140.01266,35.05533],[140.01294,35.05539],[140.01328,35.05572],[140.01356,35.05618],[140.01371,35.05658],[140.0137,35.057],[140.01355,35.0574]]]},"properties":{"hoanrinKind":"保安林"}},
{"type":"Feature","geometry":{"type":"Polygon","coordinates":[[[140.00988,35.05794],[140.01055,35.05815],[140.01075,35.05853],[140.01097,35.05938],[140.01133,35.06005],[140.01032,35.05992],[140.0103,35.05963],[140.01006,35.05901],[140.00948,35.05843],[140.00904,35.05819],[140.00911,35.058],[140.00988,35.05794]]]},"properties":{"hoanrinKind":"保安林"}},
{"type":"Feature","geometry":{"type":"Polygon","coordinates":[[[139.98725,35.05952],[139.9867,35.0598],[139.98613,35.0599],[139.98607,35.05958],[139.98535,35.05943],[139.98483,35.05909],[139.98507,35.0589],[139.98548,35.05882],[139.98588,35.05865],[139.98597,35.05847],[139.98584,35.05806],[139.98612,35.05786],[139.98656,35.05774],[139.98676,35.05797],[139.98723,35.05812],[139.98786,35.05822],[139.98853,35.05826],[139.98916,35.05836],[139.98882,35.05854],[139.98844,35.05861],[139.98809,35.05876],[139.98799,35.05857],[139.98761,35.0585],[139.98737,35.05866],[139.98687,35.05836],[139.98646,35.05857],[139.98647,35.05887],[139.98617,35.05878],[139.98614,35.05911],[139.98695,35.05949],[139.98725,35.05952]]]},"properties":{"hoanrinKind":"保安林"}},
{"type":"Feature","geometry":{"type":"Polygon","coordinates":[[[139.92667,35.0587],[139.92821,35.0593],[139.92834,35.05965],[139.92821,35.05993],[139.92766,35.06042],[139.9268,35.06074],[139.9264,35.06086],[139.92593,35.06085],[139.92545,35.06076],[139.92463,35.06033],[139.92438,35.06006],[139.92312,35.05939],[139.92248,35.05927],[139.92187,35.05905],[139.92128,35.05877],[139.91959,35.05803],[139.91896,35.0578],[139.91766,35.05745],[139.91712,35.05734],[139.91601,35.05694],[139.91499,35.0563],[139.91481,35.05613],[139.91392,35.05551],[139.9131,35.05499],[139.91233,35.05456],[139.91232,35.0544],[139.91325,35.05375],[139.91421,35.05326],[139.91428,35.0534],[139.91472,35.05362],[139.91529,35.05367],[139.9161,35.05403],[139.91717,35.05512],[139.91761,35.05528],[139.91904,35.05544],[139.92016,35.05598],[139.92103,35.05631],[139.92166,35.05666],[139.92183,35.05712],[139.92191,35.05787],[139.92207,35.05831],[139.92242,35.05843],[139.92334,35.05843],[139.92415,35.05819],[139.92564,35.05758],[139.92631,35.05725],[139.92631,35.05808],[139.92667,35.0587]]]},"properties":{"hoanrinKind":"保安林"}},
{"type":"Feature","geometry":{"type":"Polygon","coordinates":[[[139.96734,35.06287],[139.96706,35.06343],[139.9668,35.06355],[139.96616,35.06354],[139.96492,35.06324],[139.96422,35.06302],[139.9642,35.06272],[139.96482,35.06234],[139.96534,35.06227],[139.9656,35.06249],[139.96636,35.06282],[139.96661,35.06273],[139.96667,35.06229],[139.96709,35.06203],[139.96762,35.06189],[139.9683,35.06225],[139.96848,35.06215],[139.96858,35.0619],[139.96835,35.06172],[139.9683,35.06149],[139.969,35.06108],[139.96943,35.061],[139.96938,35.06189],[139.96924,35.06202],[139.96774,35.06247],[139.96743,35.06264],[139.96734,35.06287]]]},"properties":{"hoanrinKind":"保安林"}},
{"type":"Feature","geometry":{"type":"Polygon","coordinates":[[[139.97687,35.0592],[139.9768,35.05963],[139.97683,35.05989],[139.97644,35.06007],[139.9764,35.0606],[139.9765,35.06085],[139.97678,35.06117],[139.97699,35.06123],[139.9767,35.06155],[139.97666,35.06173],[139.97679,35.06196],[139.97677,35.06221],[139.97697,35.06309],[139.97703,35.0637],[139.97698,35.06385],[139.97615,35.06417],[139.97511,35.06469],[139.97462,35.06423],[139.97401,35.06339],[139.97393,35.06315],[139.97402,35.06273],[139.97434,35.06199],[139.97432,35.06156],[139.97401,35.06056],[139.97397,35.06014],[139.97408,35.05973],[139.97451,35.05897],[139.97473,35.05872],[139.97507,35.05907],[139.97577,35.05885],[139.97606,35.05889],[139.97634,35.0587],[139.97617,35.05849],[139.97613,35.05809],[139.97585,35.05788],[139.97523,35.05791],[139.97567,35.05745],[139.97541,35.0572],[139.975,35.05752],[139.97478,35.05731],[139.97454,35.05727],[139.97413,35.05695],[139.97394,35.05662],[139.97464,35.05616],[139.97505,35.05618],[139.97702,35.05774],[139.97719,35.05798],[139.97712,35.05849],[139.97695,35.05858],[139.97687,35.0592]]]},"properties":{"hoanrinKind":"保安林"}},
{"type":"Feature","geometry":{"type":"Polygon","coordinates":[[[139.91271,35.0649],[139.91247,35.06562],[139.91189,35.06556],[139.91173,35.0653],[139.9122,35.06495],[139.91271,35.0649]]]},"properties":{"hoanrinKind":"保安林"}},
{"type":"Feature","geometry":{"type":"Polygon","coordinates":[[[139.91374,35.06526],[139.91389,35.06536],[139.91383,35.06578],[139.91339,35.06599],[139.91307,35.06584],[139.91293,35.06545],[139.913,35.06521],[139.91374,35.06526]]]},"properties":{"hoanrinKind":"保安林"}},
{"type":"Feature","geometry":{"type":"Polygon","coordinates":[[[139.91297,35.06711],[139.91263,35.0672],[139.91242,35.06711],[139.9127,35.06649],[139.91289,35.06627],[139.9131,35.06629],[139.91331,35.06653],[139.91331,35.06703],[139.91297,35.06711]]]},"properties":{"hoanrinKind":"保安林"}},
{"type":"Feature","geometry":{"type":"Polygon","coordinates":[[[140.02119,35.06643],[140.02109,35.06684],[140.02092,35.06721],[140.02028,35.06799],[140.01946,35.06874],[140.01898,35.06929],[140.01883,35.06933],[140.01862,35.06894],[140.01798,35.06805],[140.01691,35.06689],[140.0165,35.06601],[140.01612,35.06497],[140.01607,35.06341],[140.01582,35.06242],[140.01587,35.06161],[140.01598,35.06143],[140.01677,35.06108],[140.01866,35.06092],[140.01915,35.06068],[140.01947,35.0608],[140.01962,35.06109],[140.01971,35.0616],[140.01998,35.06226],[140.02049,35.06417],[140.02097,35.06507],[140.02102,35.06541],[140.02088,35.06602],[140.02092,35.06623],[140.02119,35.06621],[140.02119,35.06643]],[[140.01761,35.0649],[140.01739,35.06525],[140.01742,35.06561],[140.01754,35.06572],[140.01798,35.06545],[140.01828,35.06474],[140.01838,35.06463],[140.01882,35.06466],[140.01926,35.0652],[140.01972,35.06511],[140.01978,35.06493],[140.01961,35.06437],[140.01965,35.06383],[140.0196,35.06365],[140.01932,35.06337],[140.01913,35.0633],[140.01871,35.06355],[140.01847,35.06356],[140.01786,35.06347],[140.01723,35.06395],[140.01675,35.06407],[140.01663,35.06421],[140.0167,35.06479],[140.01696,35.06476],[140.0173,35.06453],[140.01758,35.0645],[140.01761,35.0649]],[[140.01664,35.06208],[140.01644,35.06229],[140.01642,35.06252],[140.01666,35.06277],[140.01713,35.06278],[140.01849,35.06238],[140.01846,35.06202],[140.01796,35.06206],[140.01675,35.06202],[140.01664,35.06208]]]},"properties":{"hoanrinKind":"保安林"}},
{"type":"Feature","geometry":{"type":"Polygon","coordinates":[[[139.9872,35.0676],[139.98586,35.06814],[139.98537,35.06826],[139.98497,35.06854],[139.98466,35.06916],[139.98449,35.06932],[139.98382,35.06906],[139.98294,35.0684],[139.98215,35.06731],[139.9819,35.06674],[139.98183,35.06626],[139.98225,35.06506],[139.98226,35.06406],[139.98277,35.06339],[139.98337,35.06283],[139.98381,35.06221],[139.98368,35.06174],[139.98334,35.06134],[139.98291,35.06092],[139.9828,35.06065],[139.98279,35.06014],[139.98301,35.06005],[139.98359,35.06007],[139.98399,35.06021],[139.98467,35.06072],[139.98492,35.06082],[139.98534,35.06081],[139.98551,35.06107],[139.98578,35.06106],[139.98653,35.06084],[139.98688,35.06059],[139.98733,35.06018],[139.98765,35.06],[139.98747,35.05978],[139.98803,35.05914],[139.98834,35.05914],[139.98887,35.05884],[139.98933,35.0589],[139.98963,35.05875],[139.98985,35.05894],[139.9899,35.05938],[139.9907,35.06019],[139.99132,35.06066],[139.99205,35.06072],[139.99238,35.0604],[139.99309,35.06065],[139.99307,35.06101],[139.99328,35.06111],[139.99362,35.06091],[139.99397,35.06089],[139.99415,35.06067],[139.99455,35.06079],[139.99534,35.06079],[139.9956,35.06091],[139.99603,35.06071],[139.99604,35.06183],[139.99542,35.06161],[139.9947,35.06158],[139.99443,35.06183],[139.99491,35.0621],[139.99534,35.06243],[139.99543,35.06265],[139.99523,35.06301],[139.99453,35.06365],[139.9938,35.06458],[139.99363,35.06522],[139.99368,35.06628],[139.99361,35.06679],[139.9934,35.06684],[139.9926,35.06681],[139.9923,35.06652],[139.99218,35.066],[139.99217,35.06542],[139.9921,35.06488],[139.99186,35.0647],[139.9905,35.06476],[139.98977,35.06421],[139.98955,35.06428],[139.98933,35.06459],[139.98924,35.0653],[139.98906,35.06608],[139.98869,35.06673],[139.98845,35.06678],[139.98813,35.06716],[139.98807,35.06737],[139.98783,35.06736],[139.9872,35.0676]],[[139.98758,35.06153],[139.98778,35.06155],[139.9879,35.06119],[139.98787,35.06077],[139.98774,35.06061],[139.98747,35.06069],[139.98704,35.06054],[139.98686,35.06062],[139.98674,35.06103],[139.98686,35.0614],[139.98704,35.0615],[139.98758,35.06153]]]},"properties":{"hoanrinKind":"保安林"}},
{"type":"Feature","geometry":{"type":"Polygon","coordinates":[[[139.92353,35.0701],[139.92323,35.07029],[139.92237,35.06965],[139.92258,35.06934],[139.92257,35.069],[139.92243,35.06859],[139.92226,35.06846],[139.92197,35.06848],[139.92188,35.06868],[139.92114,35.06813],[139.92165,35.06775],[139.92247,35.06739],[139.92248,35.06697],[139.92289,35.0669],[139.92358,35.06709],[139.92418,35.06731],[139.92486,35.06801],[139.92518,35.06869],[139.92521,35.0689],[139.92549,35.06896],[139.92626,35.06884],[139.92591,35.06939],[139.92515,35.07001],[139.92465,35.07006],[139.92395,35.06997],[139.92353,35.0701]],[[139.92328,35.06867],[139.92331,35.06897],[139.92371,35.06901],[139.92406,35.06855],[139.92402,35.06822],[139.9235,35.06788],[139.92319,35.06792],[139.92328,35.06867]]]},"properties":{"hoanrinKind":"保安林"}},
{"type":"Feature","geometry":{"type":"Polygon","coordinates":[[[140.00121,35.07001],[140.00145,35.07021],[140.00225,35.07068],[140.00273,35.07089],[140.00274,35.07131],[140.00229,35.0715],[140.00221,35.07235],[140.00171,35.0724],[140.00168,35.07193],[140.00159,35.0718],[140.00151,35.0712],[140.00131,35.0709],[140.00084,35.07079],[140.00056,35.07039],[140.00052,35.07018],[140.00065,35.06983],[140.00094,35.06977],[140.00121,35.07001]]]},"properties":{"hoanrinKind":"保安林"}},
{"type":"Feature","geometry":{"type":"Polygon","coordinates":[[[139.98503,35.07431],[139.985,35.07478],[139.98458,35.07611],[139.98421,35.07681],[139.98383,35.07712],[139.98336,35.07722],[139.983,35.07753],[139.98279,35.07798],[139.98235,35.07859],[139.98211,35.07913],[139.98183,35.07955],[139.98062,35.08048],[139.98023,35.08045],[139.97962,35.07965],[139.97896,35.07896],[139.97848,35.0786],[139.97814,35.07789],[139.97747,35.07739],[139.97639,35.07693],[139.97623,35.07648],[139.97605,35.07548],[139.97553,35.07434],[139.97551,35.07408],[139.97572,35.07383],[139.97624,35.07374],[139.978,35.07384],[139.97897,35.07391],[139.97993,35.07381],[139.98046,35.07355],[139.98098,35.07299],[139.98184,35.07282],[139.98306,35.07284],[139.98385,35.0727],[139.98414,35.07317],[139.9845,35.07338],[139.98488,35.07388],[139.98503,35.07431]]]},"properties":{"hoanrinKind":"保安林"}},
{"type":"Feature","geometry":{"type":"Polygon","coordinates":[[[139.87889,35.07692],[139.87901,35.07712],[139.87912,35.07779],[139.87896,35.07849],[139.87893,35.07935],[139.8788,35.07962],[139.87811,35.08024],[139.87804,35.08055],[139.87761,35.08124],[139.87714,35.08141],[139.87689,35.08074],[139.87657,35.08035],[139.87611,35.07997],[139.8761,35.07967],[139.87633,35.07831],[139.8761,35.07768],[139.87576,35.07686],[139.87548,35.07653],[139.87522,35.07571],[139.87536,35.07562],[139.87525,35.07516],[139.87613,35.07493],[139.87641,35.07507],[139.87688,35.07572],[139.87733,35.0762],[139.87744,35.07684],[139.8777,35.0767],[139.87779,35.07623],[139.87812,35.07606],[139.87859,35.07592],[139.8788,35.07595],[139.87889,35.07692]]]},"properties":{"hoanrinKind":"保安林"}},
{"type":"Feature","geometry":{"type":"Polygon","coordinates":[[[139.85841,35.07921],[139.85796,35.07997],[139.85767,35.08083],[139.85737,35.08111],[139.85677,35.08131],[139.85659,35.08094],[139.85611,35.0803],[139.85561,35.0793],[139.85564,35.079],[139.85607,35.07888],[139.85664,35.07901],[139.85705,35.07868],[139.85776,35.07774],[139.85805,35.07746],[139.85841,35.07756],[139.85856,35.07782],[139.85808,35.07844],[139.85831,35.07882],[139.85841,35.07921]]]},"properties":{"hoanrinKind":"保安林"}},
{"type":"Feature","geometry":{"type":"Polygon","coordinates":[[[140.01579,35.0831],[140.01542,35.08329],[140.01456,35.0834],[140.01378,35.08329],[140.01332,35.08306],[140.01289,35.08329],[140.0124,35.08339],[140.01215,35.08333],[140.0119,35.08301],[140.01142,35.08276],[140.01095,35.08283],[140.01067,35.08213],[140.01078,35.08145],[140.01108,35.08092],[140.01137,35.08056],[140.012,35.07999],[140.01237,35.07974],[140.0129,35.07955],[140.01343,35.07946],[140.01395,35.07921],[140.01508,35.07845],[140.01543,35.07846],[140.01558,35.07874],[140.01581,35.07971],[140.01592,35.07994],[140.01628,35.08023],[140.01658,35.08034],[140.01719,35.0804],[140.01947,35.08048],[140.02066,35.08048],[140.02098,35.08057],[140.02125,35.08077],[140.02136,35.08106],[140.02137,35.08139],[140.02077,35.08194],[140.02041,35.0821],[140.02012,35.08234],[140.01988,35.08222],[140.01948,35.0824],[140.01941,35.08269],[140.01922,35.0827],[140.01897,35.08249],[140.01875,35.08281],[140.0184,35.08289],[140.018,35.0831],[140.01759,35.08308],[140.01734,35.08286],[140.01686,35.08282],[140.01631,35.083],[140.01579,35.0831]]]},"properties":{"hoanrinKind":"保安林"}},
{"type":"Feature","geometry":{"type":"Polygon","coordinates":[[[140.00689,35.08586],[140.00703,35.08624],[140.007,35.08657],[140.00685,35.08698],[140.00666,35.08709],[140.00621,35.08703],[140.00577,35.08666],[140.00464,35.08555],[140.00431,35.08543],[140.00391,35.08551],[140.00345,35.08584],[140.00331,35.08605],[140.00277,35.0861],[140.00245,35.08596],[140.00221,35.08573],[140.00203,35.08535],[140.0019,35.08453],[140.00203,35.08317],[140.00217,35.08258],[140.00206,35.08201],[140.00171,35.0817],[140.0012,35.08166],[140.00024,35.08187],[139.99963,35.08195],[139.99901,35.08196],[139.99852,35.08186],[139.99812,35.08127],[139.99801,35.081],[139.998,35.08054],[139.99862,35.08008],[139.9999,35.08001],[140.00063,35.07988],[140.00163,35.07963],[140.00264,35.07918],[140.0036,35.07905],[140.00393,35.07906],[140.00416,35.07969],[140.00454,35.07994],[140.00445,35.08026],[140.00423,35.08049],[140.00424,35.08079],[140.00463,35.08113],[140.00508,35.08112],[140.00507,35.08166],[140.00491,35.08192],[140.00422,35.08277],[140.00404,35.08313],[140.00402,35.08399],[140.0042,35.08418],[140.00472,35.08444],[140.0053,35.08465],[140.00545,35.08489],[140.00578,35.08497],[140.00593,35.08513],[140.00637,35.08535],[140.00689,35.08586]]]},"properties":{"hoanrinKind":"保安林"}},
{"type":"Feature","geometry":{"type":"Polygon","coordinates":[[[140.09734,35.09033],[140.09686,35.09028],[140.09678,35.08972],[140.097,35.08955],[140.09715,35.08975],[140.09749,35.08982],[140.09762,35.09],[140.09754,35.09027],[140.09734,35.09033]]]},"properties":{"hoanrinKind":"保安林"}},
{"type":"Feature","geometry":{"type":"Polygon","coordinates":[[[139.93072,35.08809],[139.93044,35.08837],[139.93069,35.08901],[139.93046,35.08904],[139.92976,35.08894],[139.92846,35.08861],[139.92814,35.08856],[139.92679,35.08816],[139.92658,35.0878],[139.92667,35.08749],[139.92748,35.0863],[139.92776,35.08579],[139.92775,35.08516],[139.92768,35.08454],[139.92783,35.08365],[139.92796,35.08341],[139.92795,35.08245],[139.92784,35.08226],[139.92755,35.08223],[139.92723,35.08233],[139.92689,35.08234],[139.92598,35.08259],[139.92552,35.08267],[139.92517,35.08254],[139.92487,35.08231],[139.92482,35.08212],[139.9245,35.08174],[139.92404,35.08135],[139.92349,35.08109],[139.92308,35.08054],[139.92275,35.08036],[139.92236,35.0803],[139.9217,35.08037],[139.92129,35.08032],[139.9206,35.0801],[139.92051,35.07997],[139.92036,35.07933],[139.92003,35.07863],[139.91949,35.07779],[139.91939,35.0772],[139.91979,35.07669],[139.92042,35.07644],[139.92112,35.0763],[139.92161,35.07579],[139.92213,35.07565],[139.92274,35.07564],[139.92372,35.07573],[139.92432,35.07547],[139.92524,35.0746],[139.92615,35.07421],[139.92657,35.0741],[139.92757,35.074],[139.92777,35.07476],[139.92795,35.07494],[139.92857,35.07527],[139.92874,35.07599],[139.92888,35.07622],[139.9292,35.07634],[139.92943,35.07628],[139.92941,35.07594],[139.92916,35.07513],[139.92885,35.07467],[139.92951,35.07415],[139.93016,35.07397],[139.93057,35.07398],[139.93122,35.07457],[139.93112,35.07533],[139.93123,35.0755],[139.93225,35.07605],[139.9328,35.07646],[139.93297,35.07645],[139.93277,35.07533],[139.93288,35.07491],[139.9332,35.07428],[139.93339,35.07334],[139.93541,35.07377],[139.93625,35.07388],[139.93707,35.07357],[139.93779,35.07311],[139.93873,35.07293],[139.93883,35.07305],[139.93906,35.07364],[139.93914,35.07418],[139.93817,35.07456],[139.93775,35.07482],[139.93744,35.07511],[139.9374,35.07539],[139.93753,35.07564],[139.9377,35.07625],[139.93767,35.07657],[139.93709,35.07772],[139.93743,35.07768],[139.93829,35.07714],[139.93869,35.07703],[139.9396,35.07736],[139.94016,35.07769],[139.94035,35.07868],[139.94077,35.0791],[139.94137,35.07941],[139.94195,35.07978],[139.94234,35.08022],[139.94319,35.08139],[139.9433,35.08187],[139.94321,35.08233],[139.94274,35.08296],[139.94229,35.08344],[139.94208,35.08398],[139.94207,35.08444],[139.94217,35.08475],[139.94232,35.08593],[139.94219,35.08638],[139.94195,35.08672],[139.94138,35.08675],[139.93862,35.08675],[139.93691,35.08671],[139.9363,35.08672],[139.93574,35.08696],[139.9354,35.08754],[139.93518,35.0883],[139.93499,35.08879],[139.93476,35.0885],[139.93445,35.08835],[139.9342,35.08836],[139.93325,35.08884],[139.9327,35.08868],[139.93228,35.08871],[139.932,35.08895],[139.93084,35.0881],[139.93072,35.08809]],[[139.92389,35.07719],[139.92355,35.07733],[139.92301,35.07769],[139.92279,35.07799],[139.92268,35.07842],[139.92276,35.0787],[139.92317,35.07909],[139.92352,35.0792],[139.92397,35.07924],[139.92501,35.07892],[139.92603,35.07851],[139.92666,35.07836],[139.92683,35.07827],[139.92641,35.07789],[139.92531,35.07724],[139.92481,35.07711],[139.92439,35.0771],[139.92389,35.07719]]]},"properties":{"hoanrinKind":"保安林"}},
{"type":"Feature","geometry":{"type":"Polygon","coordinates":[[[140.10171,35.09148],[140.10161,35.09155],[140.10098,35.0916],[140.10058,35.0914],[140.10036,35.09106],[140.09974,35.09054],[140.0993,35.08984],[140.09933,35.08966],[140.0998,35.08976],[140.10059,35.09073],[140.10099,35.09094],[140.10143,35.0914],[140.10171,35.09148]]]},"properties":{"hoanrinKind":"保安林"}},
{"type":"Feature","geometry":{"type":"Polygon","coordinates":[[[140.0124,35.09248],[140.01262,35.09282],[140.01255,35.09302],[140.01202,35.09369],[140.01175,35.09331],[140.01179,35.09294],[140.01221,35.09246],[140.01197,35.09235],[140.01102,35.09256],[140.01054,35.09256],[140.01024,35.09226],[140.01,35.09182],[140.01002,35.09166],[140.00976,35.0912],[140.01052,35.09066],[140.01086,35.09037],[140.01101,35.09011],[140.01114,35.0896],[140.01156,35.08904],[140.0119,35.08884],[140.01246,35.0887],[140.0129,35.08869],[140.01308,35.08881],[140.01317,35.08947],[140.0134,35.09004],[140.01367,35.09029],[140.01389,35.09031],[140.01427,35.09001],[140.01424,35.08888],[140.01428,35.08835],[140.01382,35.08708],[140.01377,35.08663],[140.01386,35.08636],[140.01437,35.08604],[140.01514,35.08593],[140.01572,35.0858],[140.01674,35.08564],[140.01704,35.08567],[140.01733,35.08598],[140.01724,35.08646],[140.01689,35.08707],[140.01674,35.08755],[140.01671,35.08814],[140.01688,35.08899],[140.01703,35.08941],[140.01675,35.08998],[140.01648,35.09021],[140.01539,35.09138],[140.01482,35.09211],[140.01441,35.0923],[140.01322,35.09254],[140.01276,35.09218],[140.01236,35.09223],[140.0124,35.09248]]]},"properties":{"hoanrinKind":"保安林"}},
{"type":"Feature","geometry":{"type":"Polygon","coordinates":[[[140.10048,35.09432],[140.09967,35.0944],[140.09756,35.09319],[140.09708,35.09305],[140.0967,35.09305],[140.09645,35.09295],[140.09623,35.09272],[140.09621,35.09246],[140.09669,35.09248],[140.09682,35.0923],[140.09665,35.0918],[140.09648,35.09153],[140.0966,35.0913],[140.09683,35.09123],[140.09711,35.09131],[140.09732,35.09152],[140.09849,35.09131],[140.0988,35.0911],[140.09923,35.09095],[140.0994,35.09119],[140.09918,35.09137],[140.09884,35.09129],[140.09828,35.09163],[140.09852,35.09219],[140.09883,35.09231],[140.09933,35.09227],[140.09899,35.09255],[140.09924,35.09275],[140.10019,35.09246],[140.10042,35.09217],[140.10066,35.09217],[140.10076,35.09239],[140.10109,35.09252],[140.10149,35.09243],[140.10174,35.09246],[140.10195,35.09278],[140.10208,35.09335],[140.10152,35.09407],[140.10125,35.09424],[140.10094,35.09413],[140.10048,35.09432]]]},"properties":{"hoanrinKind":"保安林"}},
{"type":"Feature","geometry":{"type":"Polygon","coordinates":[[[140.0189,35.09232],[140.01774,35.09294],[140.01762,35.09338],[140.01793,35.09378],[140.0174,35.09373],[140.01707,35.09355],[140.01653,35.09298],[140.01648,35.0926],[140.01654,35.09211],[140.0167,35.09159],[140.01717,35.09108],[140.01763,35.09068],[140.01846,35.09031],[140.01899,35.09026],[140.01932,35.09031],[140.01957,35.09083],[140.01959,35.092],[140.01956,35.09229],[140.0189,35.09232]]]},"properties":{"hoanrinKind":"保安林"}},
{"type":"Feature","geometry":{"type":"MultiPolygon","coordinates":[[[[139.98962,35.09224],[139.98891,35.09229],[139.98847,35.09201],[139.98827,35.09173],[139.98801,35.09165],[139.9881,35.09136],[139.98797,35.09114],[139.9874,35.09096],[139.98759,35.09054],[139.98746,35.09028],[139.98706,35.09007],[139.98678,35.09013],[139.98666,35.08996],[139.98735,35.08969],[139.98752,35.08973],[139.98778,35.08954],[139.98822,35.08935],[139.98852,35.08942],[139.9889,35.08935],[139.98905,35.08918],[139.98926,35.0894],[139.98988,35.08967],[139.99039,35.08969],[139.99066,35.0899],[139.99054,35.0902],[139.98977,35.09034],[139.98875,35.09081],[139.98854,35.09105],[139.9884,35.0914],[139.98857,35.09167],[139.9891,35.09191],[139.98929,35.09187],[139.98958,35.09158],[139.98973,35.09213],[139.98962,35.09224]]],[[[139.99114,35.09305],[139.99093,35.09284],[139.99094,35.09262],[139.99144,35.09237],[139.99175,35.09238],[139.99191,35.09257],[139.99174,35.0929],[139.99147,35.09286],[139.99114,35.09305]]]]},"properties":{"hoanrinKind":"保安林"}},
{"type":"Feature","geometry":{"type":"Polygon","coordinates":[[[140.09073,35.09696],[140.0905,35.0971],[140.09007,35.09682],[140.08977,35.09693],[140.08935,35.09689],[140.08915,35.09653],[140.08925,35.09608],[140.08951,35.0959],[140.08977,35.09536],[140.08995,35.09521],[140.09071,35.09526],[140.09083,35.09563],[140.09067,35.09591],[140.09073,35.09696]]]},"properties":{"hoanrinKind":"保安林"}},
{"type":"Feature","geometry":{"type":"Polygon","coordinates":[[[139.95007,35.09711],[139.94967,35.09702],[139.94983,35.09672],[139.94958,35.09618],[139.94928,35.09599],[139.94899,35.09569],[139.94897,35.09533],[139.94914,35.09478],[139.94893,35.09466],[139.94868,35.09471],[139.94853,35.09491],[139.94865,35.09514],[139.9486,35.09536],[139.94826,35.0954],[139.94846,35.0945],[139.94882,35.09383],[139.94886,35.09356],[139.94853,35.0931],[139.94801,35.0925],[139.94778,35.09236],[139.94781,35.09178],[139.9479,35.09171],[139.94911,35.092],[139.94958,35.092],[139.95015,35.09213],[139.95082,35.09264],[139.9509,35.09283],[139.95063,35.09361],[139.95064,35.09391],[139.95147,35.0948],[139.95136,35.09592],[139.95123,35.09681],[139.95086,35.09659],[139.95062,35.09663],[139.95007,35.09711]]]},"properties":{"hoanrinKind":"保安林"}},
{"type":"Feature","geometry":{"type":"Polygon","coordinates":[[[139.98166,35.09811],[139.98148,35.09807],[139.98101,35.09734],[139.98144,35.09696],[139.98156,35.09707],[139.9816,35.09761],[139.98206,35.09754],[139.9822,35.09784],[139.98166,35.09811]]]},"properties":{"hoanrinKind":"保安林"}},
{"type":"Feature","geometry":{"type":"Polygon","coordinates":[[[139.83966,35.09689],[139.83947,35.0969],[139.83938,35.09653],[139.84009,35.09528],[139.84056,35.09451],[139.84138,35.09308],[139.84177,35.09293],[139.84191,35.09257],[139.84212,35.09271],[139.8417,35.09325],[139.84142,35.09387],[139.84096,35.0947],[139.8407,35.09507],[139.84061,35.09532],[139.8403,35.09582],[139.84014,35.09619],[139.8402,35.09633],[139.84053,35.09649],[139.84047,35.09677],[139.84015,35.09705],[139.83966,35.09689]]]},"properties":{"hoanrinKind":"保安林"}},
{"type":"Feature","geometry":{"type":"Polygon","coordinates":[[[139.83783,35.09883],[139.83735,35.09942],[139.83727,35.09917],[139.83737,35.099],[139.83783,35.09883]]]},"properties":{"hoanrinKind":"保安林"}},
{"type":"Feature","geometry":{"type":"Polygon","coordinates":[[[139.98641,35.10066],[139.98606,35.10075],[139.98572,35.10066],[139.98538,35.10073],[139.98488,35.10068],[139.98469,35.10007],[139.98484,35.09986],[139.98507,35.09982],[139.98509,35.09955],[139.98476,35.0993],[139.98425,35.09921],[139.98405,35.09932],[139.98387,35.09963],[139.98311,35.09952],[139.9822,35.0995],[139.98176,35.09943],[139.98162,35.09969],[139.98139,35.09986],[139.98108,35.09962],[139.98079,35.09967],[139.98075,35.09991],[139.98041,35.09983],[139.98063,35.09962],[139.98045,35.09937],[139.97993,35.09933],[139.97967,35.09918],[139.97903,35.09923],[139.97878,35.09915],[139.97839,35.09876],[139.97815,35.09882],[139.97818,35.09912],[139.97782,35.09929],[139.97744,35.09915],[139.9775,35.09839],[139.97771,35.09796],[139.97804,35.09782],[139.97852,35.09806],[139.97878,35.09804],[139.97893,35.09784],[139.97955,35.09763],[139.97971,35.0979],[139.97982,35.09833],[139.98015,35.09857],[139.98055,35.09857],[139.9814,35.09896],[139.98184,35.0992],[139.98217,35.09919],[139.98248,35.09935],[139.98288,35.09941],[139.9832,35.09925],[139.98335,35.09885],[139.98392,35.09893],[139.98443,35.09894],[139.98474,35.09886],[139.98506,35.09899],[139.98536,35.09886],[139.98553,35.09893],[139.98627,35.09943],[139.98663,35.09962],[139.98717,35.09952],[139.98717,35.10037],[139.98709,35.10054],[139.98652,35.10042],[139.98641,35.10066]]]},"properties":{"hoanrinKind":"保安林"}},
{"type":"Feature","geometry":{"type":"Polygon","coordinates":[[[139.83261,35.10134],[139.83203,35.10181],[139.83158,35.10201],[139.8312,35.10194],[139.83075,35.10167],[139.83021,35.10156],[139.83018,35.1014],[139.83033,35.10103],[139.83015,35.10086],[139.82971,35.10123],[139.82895,35.10098],[139.82889,35.10066],[139.82958,35.10064],[139.8317,35.10094],[139.83279,35.10092],[139.83261,35.10134]]]},"properties":{"hoanrinKind":"保安林"}},
{"type":"Feature","geometry":{"type":"Polygon","coordinates":[[[139.99952,35.10186],[140.00045,35.10217],[140.00075,35.10246],[140.00095,35.10323],[140.00125,35.10426],[140.00179,35.1056],[140.00173,35.10626],[140.00135,35.10534],[140.00094,35.10491],[140.00067,35.10477],[139.99925,35.1042],[139.99899,35.10405],[139.99865,35.10351],[139.99897,35.1032],[139.99979,35.10297],[139.99978,35.10253],[139.99924,35.10218],[139.99918,35.10188],[139.99952,35.10186]]]},"properties":{"hoanrinKind":"保安林"}},
{"type":"Feature","geometry":{"type":"Polygon","coordinates":[[[139.82962,35.10431],[139.82988,35.10484],[139.82948,35.10459],[139.82904,35.10447],[139.82895,35.10391],[139.82863,35.10393],[139.82857,35.10412],[139.8282,35.1041],[139.82798,35.1042],[139.82748,35.10374],[139.82706,35.10352],[139.82668,35.10341],[139.82633,35.10308],[139.82651,35.10266],[139.82635,35.10237],[139.82595,35.10219],[139.82544,35.10211],[139.82529,35.10178],[139.82554,35.10163],[139.826,35.10163],[139.82657,35.10182],[139.82735,35.10234],[139.82778,35.10293],[139.8282,35.1034],[139.82899,35.10374],[139.82962,35.10431]]]},"properties":{"hoanrinKind":"保安林"}},
{"type":"Feature","geometry":{"type":"Polygon","coordinates":[[[139.94433,35.10671],[139.94393,35.10681],[139.94324,35.10708],[139.94247,35.10636],[139.94201,35.10613],[139.94162,35.10608],[139.94091,35.10622],[139.94025,35.10657],[139.93997,35.10662],[139.93973,35.10634],[139.93934,35.10616],[139.93915,35.10595],[139.9391,35.10569],[139.93985,35.1057],[139.94037,35.10561],[139.94088,35.10541],[139.94138,35.10492],[139.94186,35.10488],[139.9427,35.10502],[139.94349,35.10491],[139.94382,35.10509],[139.94413,35.10494],[139.94411,35.10465],[139.94423,35.10448],[139.9447,35.10469],[139.94483,35.10496],[139.94526,35.10505],[139.94557,35.10495],[139.94571,35.10456],[139.94621,35.10387],[139.94686,35.10348],[139.94781,35.10404],[139.94785,35.10431],[139.9477,35.10457],[139.94732,35.10539],[139.94711,35.10563],[139.94635,35.10581],[139.94588,35.10606],[139.94535,35.10662],[139.94513,35.10676],[139.94485,35.1067],[139.94433,35.10671]]]},"properties":{"hoanrinKind":"保安林"}},
{"type":"Feature","geometry":{"type":"Polygon","coordinates":[[[139.98261,35.10523],[139.98219,35.10551],[139.98198,35.10586],[139.98052,35.10682],[139.97933,35.10785],[139.97902,35.10817],[139.97872,35.10837],[139.97822,35.10848],[139.97807,35.10837],[139.97717,35.10718],[139.97842,35.1064],[139.97887,35.10603],[139.97982,35.10533],[139.98078,35.10457],[139.98182,35.10384],[139.98252,35.10339],[139.98288,35.10325],[139.98372,35.10322],[139.98483,35.10325],[139.98606,35.10348],[139.98673,35.10394],[139.98659,35.10414],[139.98672,35.10474],[139.98693,35.10538],[139.98577,35.1053],[139.98456,35.10534],[139.98436,35.1054],[139.98359,35.10518],[139.98314,35.10515],[139.98261,35.10523]]]},"properties":{"hoanrinKind":"保安林"}},
{"type":"Feature","geometry":{"type":"Polygon","coordinates":[[[140.11033,35.10999],[140.11062,35.11036],[140.11036,35.11049],[140.11007,35.10997],[140.10968,35.11006],[140.10929,35.10928],[140.10908,35.10921],[140.10914,35.10889],[140.1091,35.10846],[140.11013,35.10929],[140.11024,35.10946],[140.11006,35.10968],[140.11033,35.10999]]]},"properties":{"hoanrinKind":"保安林"}},
{"type":"Feature","geometry":{"type":"Polygon","coordinates":[[[139.91584,35.10741],[139.9159,35.10761],[139.91538,35.10852],[139.91533,35.1092],[139.9152,35.10958],[139.91397,35.10907],[139.91351,35.10877],[139.91348,35.10826],[139.9136,35.10792],[139.91399,35.10733],[139.91441,35.10678],[139.91468,35.10652],[139.91584,35.10741]]]},"properties":{"hoanrinKind":"保安林"}},
{"type":"Feature","geometry":{"type":"Polygon","coordinates":[[[139.88398,35.10765],[139.88371,35.108],[139.88379,35.10826],[139.88359,35.10874],[139.8836,35.10917],[139.88388,35.10963],[139.88398,35.11008],[139.88264,35.11026],[139.88214,35.11028],[139.88132,35.11016],[139.88061,35.11001],[139.88008,35.10939],[139.88,35.10877],[139.88017,35.10846],[139.88052,35.10801],[139.88114,35.10732],[139.88155,35.10761],[139.88214,35.10759],[139.88215,35.10687],[139.88233,35.10676],[139.88245,35.10642],[139.88288,35.10609],[139.88283,35.10575],[139.88315,35.10566],[139.88378,35.10563],[139.88411,35.10574],[139.8842,35.10589],[139.88387,35.10616],[139.88386,35.10644],[139.88364,35.10671],[139.88366,35.1069],[139.88405,35.10693],[139.88406,35.10754],[139.88398,35.10765]]]},"properties":{"hoanrinKind":"保安林"}},
{"type":"Feature","geometry":{"type":"Polygon","coordinates":[[[139.91727,35.11074],[139.9167,35.11066],[139.9165,35.11036],[139.91611,35.11036],[139.91596,35.11025],[139.91597,35.10979],[139.91634,35.10955],[139.91689,35.10897],[139.91734,35.10878],[139.91781,35.10881],[139.91838,35.10877],[139.92019,35.10909],[139.91952,35.10981],[139.9192,35.1102],[139.91851,35.11067],[139.91769,35.1106],[139.91727,35.11074]]]},"properties":{"hoanrinKind":"保安林"}},
{"type":"Feature","geometry":{"type":"Polygon","coordinates":[[[140.00965,35.11094],[140.00948,35.11135],[140.00911,35.1115],[140.00865,35.11153],[140.00794,35.11145],[140.00737,35.11144],[140.00726,35.1112],[140.00692,35.11086],[140.00656,35.11095],[140.00621,35.11067],[140.00625,35.11026],[140.00675,35.10998],[140.00669,35.10979],[140.00637,35.10981],[140.0059,35.10956],[140.00526,35.10961],[140.00496,35.10956],[140.00497,35.10878],[140.00548,35.10826],[140.0064,35.10767],[140.00672,35.10813],[140.00705,35.10841],[140.00698,35.10867],[140.00724,35.10892],[140.00796,35.1085],[140.00843,35.1084],[140.00854,35.10813],[140.00825,35.10789],[140.00811,35.10813],[140.0079,35.1081],[140.00774,35.10782],[140.00728,35.10746],[140.00769,35.10732],[140.00857,35.10731],[140.00882,35.10778],[140.00872,35.1082],[140.00873,35.10868],[140.00881,35.10924],[140.00898,35.10973],[140.00958,35.11064],[140.00965,35.11094]]]},"properties":{"hoanrinKind":"保安林"}},
{"type":"Feature","geometry":{"type":"Polygon","coordinates":[[[139.83024,35.1092],[139.82985,35.10962],[139.82967,35.10954],[139.82973,35.10924],[139.82955,35.10847],[139.82934,35.10839],[139.82895,35.10861],[139.829,35.10911],[139.82855,35.10915],[139.82819,35.10901],[139.82791,35.10914],[139.82713,35.10899],[139.82613,35.10911],[139.82593,35.10938],[139.82577,35.1092],[139.82597,35.10908],[139.8263,35.10851],[139.82619,35.10814],[139.82631,35.10782],[139.82606,35.10761],[139.82547,35.10749],[139.82523,35.10737],[139.82465,35.10737],[139.82424,35.10774],[139.82416,35.10746],[139.82432,35.10731],[139.82429,35.10699],[139.82444,35.10675],[139.82493,35.10683],[139.8254,35.10661],[139.82543,35.10639],[139.82581,35.10617],[139.82647,35.10633],[139.82697,35.1067],[139.82733,35.10731],[139.82759,35.10729],[139.82795,35.10704],[139.82857,35.10712],[139.82885,35.10756],[139.82935,35.10822],[139.82999,35.1088],[139.83024,35.1092]]]},"properties":{"hoanrinKind":"保安林"}},
{"type":"Feature","geometry":{"type":"Polygon","coordinates":[[[140.11573,35.11289],[140.11511,35.11259],[140.11481,35.11271],[140.114,35.11208],[140.11423,35.11188],[140.11479,35.11212],[140.11573,35.11289]]]},"properties":{"hoanrinKind":"保安林"}},
{"type":"Feature","geometry":{"type":"Polygon","coordinates":[[[139.99801,35.10693],[139.9988,35.10717],[139.99957,35.10751],[140.00012,35.10769],[140.00102,35.10785],[140.00107,35.10811],[140.00051,35.10914],[139.9997,35.11048],[139.99966,35.11097],[139.99984,35.11122],[140.00034,35.11142],[140.0008,35.11179],[140.00079,35.11227],[140.00051,35.11273],[140.00035,35.11288],[139.99818,35.11209],[139.9968,35.11167],[139.99616,35.11114],[139.99701,35.10684],[139.99801,35.10693]]]},"properties":{"hoanrinKind":"保安林"}},
{"type":"Feature","geometry":{"type":"Polygon","coordinates":[[[139.81536,35.11077],[139.81524,35.11091],[139.81531,35.11125],[139.8147,35.11133],[139.81431,35.11113],[139.81398,35.11077],[139.8137,35.11035],[139.81345,35.10981],[139.81356,35.10936],[139.81379,35.10933],[139.81409,35.10954],[139.81445,35.10956],[139.81483,35.10937],[139.81488,35.10897],[139.81511,35.10884],[139.81533,35.10903],[139.81554,35.10972],[139.81537,35.11002],[139.81542,35.11035],[139.8156,35.11069],[139.81536,35.11077]]]},"properties":{"hoanrinKind":"保安林"}},
{"type":"Feature","geometry":{"type":"Polygon","coordinates":[[[140.21007,35.11435],[140.21011,35.11491],[140.2099,35.11542],[140.20937,35.11608],[140.20848,35.11577],[140.20813,35.11573],[140.20767,35.11555],[140.20724,35.11527],[140.20576,35.11424],[140.20514,35.11383],[140.2043,35.11302],[140.20336,35.11229],[140.20238,35.11205],[140.20184,35.11206],[140.2012,35.1124],[140.20092,35.11275],[140.20024,35.11386],[140.19978,35.11432],[140.19894,35.11488],[140.19904,35.11536],[140.19876,35.11555],[140.19864,35.11534],[140.1984,35.11529],[140.19822,35.11489],[140.19826,35.11446],[140.19853,35.11416],[140.19957,35.11377],[140.20019,35.11328],[140.20045,35.11283],[140.2007,35.11224],[140.20077,35.11172],[140.20074,35.11095],[140.20065,35.11064],[140.20094,35.11045],[140.20121,35.11061],[140.20157,35.1104],[140.20238,35.11036],[140.20259,35.1104],[140.20296,35.11065],[140.20353,35.11117],[140.20482,35.11253],[140.20569,35.11327],[140.2061,35.11356],[140.20621,35.11375],[140.20739,35.11426],[140.20805,35.11431],[140.20905,35.11428],[140.21007,35.11435]]]},"properties":{"hoanrinKind":"保安林"}},
{"type":"Feature","geometry":{"type":"Polygon","coordinates":[[[139.82758,35.11363],[139.82735,35.11393],[139.82699,35.11367],[139.82588,35.11366],[139.82581,35.11349],[139.82645,35.11323],[139.8267,35.11289],[139.82769,35.11251],[139.82811,35.1125],[139.8284,35.11276],[139.82896,35.11299],[139.82895,35.11326],[139.82847,35.11355],[139.82826,35.11376],[139.82774,35.11351],[139.82758,35.11363]]]},"properties":{"hoanrinKind":"保安林"}},
{"type":"Feature","geometry":{"type":"MultiPolygon","coordinates":[[[[140.20028,35.11685],[140.19969,35.11681],[140.19927,35.11663],[140.19978,35.11655],[140.19999,35.11659],[140.20028,35.11685]]],[[[140.20033,35.1169],[140.20055,35.11727],[140.2003,35.11725],[140.20033,35.1169]]]]},"properties":{"hoanrinKind":"保安林"}},
{"type":"Feature","geometry":{"type":"Polygon","coordinates":[[[140.05043,35.11614],[140.05026,35.11651],[140.05041,35.11711],[140.04991,35.11669],[140.04922,35.11588],[140.04863,35.11502],[140.04808,35.11435],[140.04761,35.11351],[140.04746,35.11305],[140.04743,35.11269],[140.0483,35.11289],[140.04853,35.11354],[140.04911,35.11428],[140.04938,35.11491],[140.04988,35.11523],[140.05032,35.11532],[140.05052,35.11562],[140.05058,35.11592],[140.05043,35.11614]]]},"properties":{"hoanrinKind":"保安林"}},
{"type":"Feature","geometry":{"type":"Polygon","coordinates":[[[140.12287,35.11732],[140.12335,35.11763],[140.1232,35.11793],[140.12168,35.11713],[140.12176,35.11702],[140.12244,35.1173],[140.12287,35.11732]]]},"properties":{"hoanrinKind":"保安林"}},
{"type":"Feature","geometry":{"type":"Polygon","coordinates":[[[140.03107,35.11751],[140.03064,35.11726],[140.03042,35.11736],[140.02996,35.11707],[140.02823,35.11634],[140.02789,35.11594],[140.02738,35.11551],[140.02747,35.11479],[140.02771,35.11447],[140.0279,35.11406],[140.02788,35.11366],[140.02742,35.1132],[140.02564,35.11169],[140.02528,35.11142],[140.02491,35.11106],[140.02497,35.11056],[140.0253,35.11027],[140.02575,35.11007],[140.02634,35.11006],[140.02806,35.11039],[140.02909,35.11062],[140.02949,35.11078],[140.02905,35.11093],[140.02842,35.1109],[140.02823,35.11116],[140.02826,35.11133],[140.02858,35.11176],[140.02919,35.11239],[140.02946,35.11279],[140.02938,35.113],[140.02943,35.11345],[140.02972,35.11357],[140.02999,35.11383],[140.03037,35.11389],[140.03054,35.11407],[140.03066,35.11445],[140.03101,35.1146],[140.0308,35.11519],[140.03047,35.11538],[140.02987,35.11555],[140.02986,35.11596],[140.02973,35.11609],[140.02935,35.116],[140.02904,35.11608],[140.02914,35.11634],[140.02997,35.11651],[140.03045,35.11646],[140.03077,35.11681],[140.03035,35.11683],[140.03015,35.11706],[140.03025,35.11718],[140.03082,35.11701],[140.03112,35.11741],[140.03107,35.11751]]]},"properties":{"hoanrinKind":"保安林"}},
{"type":"Feature","geometry":{"type":"Polygon","coordinates":[[[139.86657,35.11662],[139.86601,35.11649],[139.86571,35.1163],[139.86481,35.1151],[139.8648,35.11466],[139.86544,35.11454],[139.86558,35.11464],[139.86615,35.11552],[139.86618,35.11586],[139.86671,35.11657],[139.86657,35.11662]]]},"properties":{"hoanrinKind":"保安林"}},
{"type":"Feature","geometry":{"type":"Polygon","coordinates":[[[140.15148,35.1184],[140.15122,35.11886],[140.15116,35.11925],[140.15076,35.11925],[140.1503,35.1189],[140.15021,35.11844],[140.14978,35.11836],[140.14965,35.11871],[140.14929,35.11883],[140.14897,35.11845],[140.14901,35.11825],[140.14931,35.11801],[140.14971,35.11753],[140.14955,35.1172],[140.14967,35.11694],[140.14989,35.11695],[140.15002,35.11736],[140.15024,35.11743],[140.15043,35.11768],[140.1513,35.11809],[140.15148,35.1184]]]},"properties":{"hoanrinKind":"保安林"}},
{"type":"Feature","geometry":{"type":"MultiPolygon","coordinates":[[[[140.12055,35.1169],[140.1208,35.11759],[140.12078,35.11784],[140.12042,35.11768],[140.12048,35.11733],[140.11895,35.1167],[140.11857,35.11648],[140.1183,35.11658],[140.11806,35.11646],[140.11785,35.11605],[140.11802,35.11568],[140.11751,35.11541],[140.11728,35.11546],[140.11687,35.11584],[140.11661,35.11569],[140.11681,35.11532],[140.11645,35.11493],[140.11627,35.11484],[140.11577,35.11513],[140.11538,35.11486],[140.11546,35.11451],[140.1151,35.11418],[140.11457,35.11395],[140.11423,35.1139],[140.11389,35.11369],[140.11378,35.11344],[140.11332,35.11317],[140.11304,35.11308],[140.11292,35.11273],[140.11249,35.11246],[140.11229,35.11211],[140.11277,35.11232],[140.11365,35.11302],[140.11558,35.1142],[140.11609,35.11444],[140.11646,35.11448],[140.11733,35.11496],[140.11907,35.11603],[140.12055,35.1169]]],[[[140.12277,35.11839],[140.12162,35.11812],[140.12167,35.11786],[140.12277,35.11839]]],[[[140.12419,35.11907],[140.12441,35.11922],[140.12412,35.1194],[140.12359,35.11909],[140.12355,35.11883],[140.12419,35.11907]]]]},"properties":{"hoanrinKind":"保安林"}},
{"type":"Feature","geometry":{"type":"Polygon","coordinates":[[[140.18244,35.12035],[140.18192,35.12124],[140.18152,35.12132],[140.18112,35.12106],[140.18047,35.12047],[140.18022,35.12009],[140.18075,35.12004],[140.18115,35.11993],[140.18162,35.11929],[140.18207,35.11895],[140.1826,35.11885],[140.18274,35.12008],[140.18271,35.12041],[140.18244,35.12035]]]},"properties":{"hoanrinKind":"保安林"}},
{"type":"Feature","geometry":{"type":"Polygon","coordinates":[[[140.12716,35.11943],[140.12985,35.12054],[140.12975,35.12071],[140.12905,35.1204],[140.12702,35.11959],[140.12716,35.11943]]]},"properties":{"hoanrinKind":"保安林"}},
{"type":"Feature","geometry":{"type":"Polygon","coordinates":[[[140.2002,35.12115],[140.20054,35.12118],[140.20051,35.12162],[140.20011,35.12129],[140.2002,35.12115]]]},"properties":{"hoanrinKind":"保安林"}},
{"type":"Feature","geometry":{"type":"Polygon","coordinates":[[[139.99061,35.12073],[139.99024,35.12085],[139.9892,35.12083],[139.98864,35.12074],[139.98741,35.12066],[139.98627,35.12066],[139.98573,35.12056],[139.98569,35.12002],[139.98616,35.11975],[139.98693,35.11947],[139.9876,35.11902],[139.9877,35.11849],[139.98744,35.11828],[139.98684,35.1181],[139.98618,35.11803],[139.98584,35.11793],[139.98571,35.11759],[139.98691,35.11724],[139.98762,35.11699],[139.98848,35.11674],[139.98885,35.11672],[139.98918,35.11636],[139.98936,35.11583],[139.98966,35.11575],[139.99073,35.11592],[139.99143,35.11598],[139.99198,35.11584],[139.99269,35.11532],[139.99304,35.11513],[139.99403,35.11493],[139.99452,35.11526],[139.99502,35.1158],[139.9951,35.11676],[139.99522,35.11709],[139.99524,35.11744],[139.99518,35.11815],[139.99503,35.11866],[139.99503,35.11927],[139.99495,35.11977],[139.99471,35.12009],[139.99434,35.12001],[139.99369,35.11996],[139.99306,35.12007],[139.99177,35.12045],[139.99061,35.12073]]]},"properties":{"hoanrinKind":"保安林"}},
{"type":"Feature","geometry":{"type":"Polygon","coordinates":[[[140.00781,35.12055],[140.00821,35.12085],[140.00858,35.12167],[140.00841,35.12179],[140.00774,35.12141],[140.0074,35.12133],[140.00723,35.12095],[140.00734,35.12062],[140.0071,35.12045],[140.00681,35.12049],[140.00656,35.12075],[140.00652,35.12098],[140.00666,35.12144],[140.00628,35.12148],[140.00555,35.12131],[140.00473,35.12137],[140.00504,35.12103],[140.00491,35.12089],[140.0045,35.12089],[140.00463,35.12068],[140.00485,35.12059],[140.00504,35.12019],[140.00466,35.12006],[140.00435,35.12006],[140.00405,35.12019],[140.00384,35.12043],[140.0034,35.11993],[140.00232,35.11894],[140.00176,35.11884],[140.00129,35.11868],[140.00035,35.11797],[140.00001,35.11746],[139.99999,35.117],[140.00017,35.11663],[140.00064,35.11631],[140.00108,35.11629],[140.00106,35.11602],[140.00117,35.11557],[140.00132,35.1154],[140.00182,35.11507],[140.0026,35.11467],[140.00426,35.114],[140.0049,35.11399],[140.00548,35.1145],[140.00585,35.11442],[140.00594,35.11463],[140.00662,35.11542],[140.00686,35.11579],[140.00713,35.11634],[140.00717,35.11693],[140.00653,35.11769],[140.00579,35.11845],[140.00554,35.11888],[140.00552,35.11915],[140.0057,35.11939],[140.00609,35.11968],[140.00781,35.12055]]]},"properties":{"hoanrinKind":"保安林"}},
{"type":"Feature","geometry":{"type":"Polygon","coordinates":[[[140.1568,35.12384],[140.15708,35.12393],[140.15717,35.12409],[140.15703,35.12452],[140.15681,35.12466],[140.1562,35.1248],[140.1559,35.12525],[140.15549,35.12516],[140.1553,35.12472],[140.15539,35.12428],[140.15573,35.12401],[140.15617,35.12381],[140.1568,35.12384]]]},"properties":{"hoanrinKind":"保安林"}},
{"type":"Feature","geometry":{"type":"Polygon","coordinates":[[[140.19766,35.12404],[140.19809,35.12415],[140.19821,35.12439],[140.19801,35.12469],[140.19709,35.1248],[140.19582,35.12566],[140.19568,35.12533],[140.19575,35.1247],[140.19607,35.12433],[140.1964,35.12407],[140.19699,35.12394],[140.19766,35.12404]]]},"properties":{"hoanrinKind":"保安林"}},
{"type":"Feature","geometry":{"type":"Polygon","coordinates":[[[139.83336,35.12275],[139.83306,35.12302],[139.83253,35.12339],[139.83225,35.12327],[139.83224,35.12309],[139.83254,35.12286],[139.83267,35.12265],[139.83265,35.12197],[139.83272,35.12174],[139.83327,35.12162],[139.83346,35.12176],[139.83342,35.12215],[139.8337,35.12264],[139.83367,35.1229],[139.83336,35.12275]]]},"properties":{"hoanrinKind":"保安林"}},
{"type":"Feature","geometry":{"type":"Polygon","coordinates":[[[140.15843,35.12425],[140.15926,35.12483],[140.1597,35.12535],[140.15975,35.12577],[140.15936,35.12609],[140.15913,35.12614],[140.15882,35.12581],[140.15889,35.12518],[140.15778,35.12482],[140.15768,35.12432],[140.15785,35.12396],[140.15843,35.12425]]]},"properties":{"hoanrinKind":"保安林"}},
{"type":"Feature","geometry":{"type":"Polygon","coordinates":[[[140.01047,35.12551],[140.01062,35.12602],[140.01039,35.12616],[140.00949,35.12614],[140.00904,35.12609],[140.00918,35.12589],[140.00913,35.12556],[140.00896,35.12547],[140.00826,35.12547],[140.00815,35.12536],[140.00857,35.12509],[140.00862,35.12494],[140.00847,35.1246],[140.00867,35.12459],[140.00886,35.12481],[140.00899,35.12512],[140.00968,35.12539],[140.01016,35.12497],[140.01047,35.12551]]]},"properties":{"hoanrinKind":"保安林"}},
{"type":"Feature","geometry":{"type":"Polygon","coordinates":[[[140.15682,35.12865],[140.15662,35.1293],[140.15571,35.12957],[140.15563,35.12932],[140.15565,35.12895],[140.15583,35.12859],[140.15616,35.1284],[140.15665,35.12837],[140.15682,35.12865]]]},"properties":{"hoanrinKind":"保安林"}},
{"type":"Feature","geometry":{"type":"Polygon","coordinates":[[[140.00659,35.12724],[140.0064,35.12731],[140.00635,35.12765],[140.00656,35.12781],[140.00639,35.12864],[140.00617,35.1287],[140.0061,35.12841],[140.00609,35.12715],[140.00632,35.12694],[140.00672,35.12713],[140.00709,35.12684],[140.00712,35.12719],[140.0077,35.12741],[140.00788,35.12707],[140.00812,35.12719],[140.0082,35.12753],[140.00789,35.12756],[140.00705,35.12736],[140.00685,35.12743],[140.00659,35.12724]]]},"properties":{"hoanrinKind":"保安林"}},
{"type":"Feature","geometry":{"type":"Polygon","coordinates":[[[140.15952,35.13069],[140.1597,35.13124],[140.1597,35.13149],[140.15915,35.13145],[140.15889,35.13121],[140.15872,35.13091],[140.15874,35.13051],[140.159,35.13025],[140.15952,35.13069]]]},"properties":{"hoanrinKind":"保安林"}},
{"type":"Feature","geometry":{"type":"MultiPolygon","coordinates":[[[[140.00565,35.12942],[140.0055,35.12967],[140.00526,35.12943],[140.00565,35.12942]]],[[[140.00472,35.12963],[140.00495,35.13005],[140.00443,35.13038],[140.00443,35.13002],[140.00472,35.12963]]]]},"properties":{"hoanrinKind":"保安林"}},
{"type":"Feature","geometry":{"type":"Polygon","coordinates":[[[140.24663,35.1307],[140.24642,35.13099],[140.24634,35.13199],[140.24627,35.13229],[140.24587,35.1324],[140.24571,35.13227],[140.24556,35.13179],[140.24573,35.13159],[140.24572,35.13131],[140.24553,35.13116],[140.24548,35.1305],[140.24509,35.12977],[140.24554,35.12946],[140.24571,35.12907],[140.24559,35.12882],[140.24522,35.12835],[140.24438,35.12739],[140.24405,35.12687],[140.24373,35.12658],[140.2431,35.12626],[140.24201,35.12639],[140.24134,35.12637],[140.23982,35.12596],[140.23875,35.12556],[140.23824,35.12528],[140.23782,35.12515],[140.23766,35.12502],[140.23747,35.12465],[140.23655,35.12461],[140.23537,35.12448],[140.2352,35.12458],[140.23484,35.12501],[140.23455,35.12503],[140.23418,35.12486],[140.23381,35.12486],[140.23315,35.12511],[140.23191,35.12504],[140.23141,35.12496],[140.23146,35.12402],[140.23169,35.12357],[140.23212,35.12348],[140.23244,35.12369],[140.23289,35.12354],[140.23303,35.12335],[140.23326,35.12335],[140.23321,35.12372],[140.23334,35.1239],[140.23364,35.12378],[140.23378,35.12403],[140.23395,35.12401],[140.23419,35.12328],[140.2345,35.12325],[140.23463,35.12282],[140.23502,35.12267],[140.23528,35.12337],[140.23541,35.12353],[140.23574,35.12358],[140.23611,35.12327],[140.23636,35.12354],[140.23615,35.12402],[140.23618,35.12423],[140.23654,35.12422],[140.2368,35.12406],[140.23678,35.12318],[140.23652,35.12296],[140.23689,35.12283],[140.23685,35.12366],[140.2373,35.12394],[140.23712,35.12428],[140.2374,35.12447],[140.23796,35.12389],[140.23796,35.12358],[140.23832,35.12361],[140.23869,35.12454],[140.2391,35.12511],[140.23929,35.12525],[140.24006,35.12557],[140.24055,35.12566],[140.24117,35.12559],[140.2415,35.12573],[140.24215,35.12573],[140.24276,35.12543],[140.243,35.12497],[140.24401,35.12538],[140.2444,35.12532],[140.24487,35.12547],[140.24502,35.12583],[140.24519,35.12652],[140.24545,35.12707],[140.24569,35.12747],[140.2457,35.12777],[140.24652,35.12845],[140.247,35.12839],[140.2469,35.12823],[140.24725,35.12814],[140.24781,35.12823],[140.24843,35.12853],[140.24892,35.12867],[140.24894,35.12916],[140.24869,35.12915],[140.24843,35.12929],[140.24795,35.12941],[140.24759,35.12971],[140.24719,35.12981],[140.24713,35.13002],[140.24663,35.1307]],[[140.24732,35.12879],[140.24724,35.12914],[140.24752,35.12923],[140.24783,35.12901],[140.24756,35.12869],[140.24732,35.12879]]]},"properties":{"hoanrinKind":"保安林"}},
{"type":"Feature","geometry":{"type":"Polygon","coordinates":[[[139.93828,35.1299],[139.9387,35.13023],[139.93858,35.13059],[139.93834,35.13078],[139.93803,35.13041],[139.93736,35.1299],[139.93784,35.12974],[139.93828,35.1299]]]},"properties":{"hoanrinKind":"保安林"}},
{"type":"Feature","geometry":{"type":"Polygon","coordinates":[[[140.00838,35.13109],[140.00841,35.13134],[140.00785,35.13148],[140.00764,35.1312],[140.00744,35.13109],[140.00713,35.13068],[140.00687,35.13083],[140.00673,35.13058],[140.00682,35.13004],[140.00722,35.12998],[140.00729,35.12972],[140.00705,35.12937],[140.00657,35.12947],[140.00659,35.12909],[140.00696,35.12913],[140.00715,35.12895],[140.00758,35.12966],[140.0079,35.13012],[140.00814,35.13035],[140.0087,35.1307],[140.00878,35.1309],[140.00838,35.13109]]]},"properties":{"hoanrinKind":"保安林"}},
{"type":"Feature","geometry":{"type":"Polygon","coordinates":[[[140.14965,35.13337],[140.14949,35.13349],[140.14901,35.13346],[140.1489,35.13327],[140.14884,35.13262],[140.14859,35.13218],[140.14871,35.13204],[140.14917,35.13185],[140.14968,35.13214],[140.14989,35.13237],[140.15003,35.13276],[140.14997,35.13326],[140.14965,35.13337]]]},"properties":{"hoanrinKind":"保安林"}},
{"type":"Feature","geometry":{"type":"Polygon","coordinates":[[[139.9351,35.13118],[139.93524,35.13128],[139.93515,35.13186],[139.93476,35.13195],[139.93463,35.13222],[139.93379,35.1319],[139.93362,35.13173],[139.93367,35.13134],[139.93345,35.13114],[139.93363,35.13095],[139.9351,35.13118]]]},"properties":{"hoanrinKind":"保安林"}},
{"type":"Feature","geometry":{"type":"Polygon","coordinates":[[[139.94381,35.13248],[139.94414,35.1327],[139.94423,35.13294],[139.9436,35.13294],[139.94322,35.13305],[139.94272,35.13292],[139.94261,35.13269],[139.94275,35.13249],[139.94328,35.1324],[139.94381,35.13248]]]},"properties":{"hoanrinKind":"保安林"}},
{"type":"Feature","geometry":{"type":"Polygon","coordinates":[[[140.16195,35.13368],[140.16218,35.13442],[140.16189,35.13475],[140.16126,35.13479],[140.16088,35.13455],[140.16085,35.13413],[140.16096,35.13398],[140.1618,35.13354],[140.16195,35.13368]]]},"properties":{"hoanrinKind":"保安林"}},
{"type":"Feature","geometry":{"type":"Polygon","coordinates":[[[139.94608,35.13346],[139.94634,35.13365],[139.94635,35.1338],[139.94608,35.13396],[139.94519,35.13401],[139.94515,35.13369],[139.9453,35.13329],[139.94608,35.13346]]]},"properties":{"hoanrinKind":"保安林"}},
{"type":"Feature","geometry":{"type":"Polygon","coordinates":[[[140.14548,35.13633],[140.14609,35.13653],[140.14631,35.13688],[140.14628,35.13724],[140.14589,35.13736],[140.14531,35.13714],[140.14503,35.1367],[140.14506,35.13634],[140.14548,35.13633]]]},"properties":{"hoanrinKind":"保安林"}},
{"type":"Feature","geometry":{"type":"Polygon","coordinates":[[[139.94208,35.13619],[139.9422,35.13633],[139.94212,35.13664],[139.94179,35.13676],[139.94162,35.13669],[139.94154,35.13634],[139.94168,35.13613],[139.94208,35.13619]]]},"properties":{"hoanrinKind":"保安林"}},
{"type":"Feature","geometry":{"type":"Polygon","coordinates":[[[140.28143,35.14074],[140.2815,35.14101],[140.28117,35.14114],[140.28043,35.14117],[140.27985,35.14091],[140.27966,35.14069],[140.27914,35.1406],[140.27934,35.14045],[140.27923,35.14022],[140.27851,35.14006],[140.27805,35.13967],[140.27712,35.13896],[140.27705,35.13858],[140.2767,35.13803],[140.27648,35.13788],[140.27613,35.13738],[140.2763,35.13734],[140.27674,35.13767],[140.277,35.1376],[140.27785,35.13838],[140.27831,35.13871],[140.27875,35.13915],[140.27945,35.13917],[140.27977,35.13968],[140.2805,35.14048],[140.28079,35.14043],[140.28069,35.1402],[140.28053,35.13941],[140.28044,35.13926],[140.28013,35.1391],[140.27991,35.13861],[140.27959,35.1386],[140.27926,35.13846],[140.27909,35.13828],[140.27874,35.13768],[140.27841,35.13757],[140.27829,35.13733],[140.27802,35.13714],[140.27812,35.13697],[140.27807,35.13663],[140.27793,35.13649],[140.27778,35.13608],[140.27744,35.13577],[140.27732,35.1355],[140.27707,35.13526],[140.27728,35.13507],[140.2773,35.13476],[140.27704,35.13458],[140.27665,35.13394],[140.27629,35.1335],[140.27624,35.13315],[140.27568,35.13288],[140.27567,35.13225],[140.27528,35.13208],[140.27488,35.132],[140.27497,35.13175],[140.27435,35.13158],[140.27447,35.13133],[140.27485,35.13134],[140.27536,35.13187],[140.27597,35.13187],[140.27614,35.13196],[140.27638,35.13232],[140.27666,35.13238],[140.27702,35.13229],[140.27749,35.13204],[140.2778,35.13219],[140.27781,35.13262],[140.27721,35.13323],[140.27715,35.13353],[140.27757,35.13368],[140.27791,35.13395],[140.27799,35.13466],[140.27783,35.13479],[140.27787,35.13516],[140.2781,35.13529],[140.27863,35.13622],[140.27899,35.13706],[140.2791,35.13741],[140.27955,35.1379],[140.27988,35.13782],[140.28064,35.138],[140.28089,35.139],[140.28113,35.13956],[140.28122,35.14017],[140.28137,35.1404],[140.28143,35.14074]]]},"properties":{"hoanrinKind":"保安林"}},
{"type":"Feature","geometry":{"type":"Polygon","coordinates":[[[140.28548,35.14092],[140.28523,35.14127],[140.28483,35.1416],[140.28424,35.14201],[140.28368,35.1422],[140.28351,35.14211],[140.28338,35.14174],[140.28329,35.1406],[140.28333,35.14023],[140.2837,35.13908],[140.28304,35.13794],[140.28337,35.13755],[140.28348,35.13718],[140.284,35.13694],[140.28455,35.1365],[140.28472,35.13577],[140.28501,35.13589],[140.28525,35.13636],[140.28558,35.13632],[140.28548,35.13603],[140.28595,35.136],[140.28591,35.1357],[140.28553,35.13574],[140.28519,35.13558],[140.28511,35.13522],[140.28557,35.13431],[140.28592,35.13468],[140.28617,35.13484],[140.28658,35.13574],[140.28665,35.13628],[140.28644,35.13657],[140.28545,35.13692],[140.28505,35.13718],[140.28498,35.1374],[140.28516,35.13774],[140.28518,35.13811],[140.28474,35.13866],[140.28473,35.13905],[140.28415,35.13929],[140.28405,35.1394],[140.2837,35.14037],[140.28369,35.14071],[140.28401,35.14081],[140.28403,35.14019],[140.28411,35.13993],[140.28443,35.13972],[140.28458,35.1398],[140.28454,35.14068],[140.28492,35.14072],[140.28497,35.13981],[140.28508,35.13963],[140.28551,35.13966],[140.28553,35.14002],[140.2858,35.14001],[140.28579,35.13923],[140.28583,35.13896],[140.28606,35.13845],[140.28637,35.13901],[140.28654,35.13902],[140.28677,35.13879],[140.28681,35.13848],[140.28737,35.13865],[140.28749,35.13882],[140.28773,35.13876],[140.28786,35.1384],[140.28774,35.13811],[140.28792,35.13759],[140.28831,35.13759],[140.2886,35.1375],[140.28934,35.13713],[140.28956,35.13689],[140.29012,35.13664],[140.29026,35.13671],[140.29028,35.13703],[140.29054,35.13715],[140.29059,35.13741],[140.29089,35.13772],[140.29129,35.13776],[140.29169,35.13809],[140.29142,35.1382],[140.29117,35.13797],[140.29068,35.13804],[140.29048,35.13789],[140.29016,35.13802],[140.28979,35.13803],[140.28977,35.13777],[140.28952,35.13769],[140.28871,35.13833],[140.28862,35.13852],[140.28895,35.13868],[140.28946,35.13861],[140.28965,35.13878],[140.28963,35.13919],[140.28929,35.1393],[140.28915,35.13946],[140.28855,35.13947],[140.28835,35.13934],[140.28743,35.13917],[140.28722,35.13922],[140.28676,35.13968],[140.28601,35.14055],[140.28548,35.14092]]]},"properties":{"hoanrinKind":"保安林"}},
{"type":"Feature","geometry":{"type":"Polygon","coordinates":[[[140.27566,35.14121],[140.27645,35.14158],[140.27656,35.14201],[140.27609,35.14191],[140.27589,35.14168],[140.27556,35.14157],[140.27534,35.14111],[140.27566,35.14121]]]},"properties":{"hoanrinKind":"保安林"}},
{"type":"Feature","geometry":{"type":"Polygon","coordinates":[[[140.00479,35.13958],[140.00465,35.13976],[140.0047,35.14004],[140.00495,35.14035],[140.00458,35.14039],[140.00455,35.13997],[140.00424,35.13953],[140.00374,35.13913],[140.00389,35.13879],[140.00435,35.13867],[140.0048,35.13908],[140.00509,35.13913],[140.005,35.13955],[140.00479,35.13958]]]},"properties":{"hoanrinKind":"保安林"}},
{"type":"Feature","geometry":{"type":"Polygon","coordinates":[[[140.00427,35.14143],[140.00482,35.14164],[140.0048,35.14194],[140.00446,35.14201],[140.00427,35.14143]]]},"properties":{"hoanrinKind":"保安林"}},
{"type":"Feature","geometry":{"type":"Polygon","coordinates":[[[140.21081,35.14344],[140.21,35.14399],[140.20951,35.14404],[140.20888,35.14403],[140.20818,35.14396],[140.20749,35.14381],[140.2068,35.14355],[140.20572,35.14298],[140.20505,35.14292],[140.20355,35.14231],[140.20281,35.14191],[140.20223,35.14143],[140.20197,35.14085],[140.2017,35.1401],[140.20163,35.13968],[140.20168,35.13935],[140.20248,35.13779],[140.20259,35.13744],[140.20348,35.13792],[140.20455,35.13807],[140.20525,35.13821],[140.20575,35.13837],[140.20686,35.13908],[140.20714,35.13903],[140.20716,35.13885],[140.20765,35.13898],[140.20821,35.13923],[140.20871,35.13959],[140.20907,35.13957],[140.20982,35.14044],[140.21028,35.14084],[140.21068,35.1411],[140.21089,35.14144],[140.21161,35.14192],[140.21198,35.14227],[140.21168,35.14276],[140.21081,35.14344]]]},"properties":{"hoanrinKind":"保安林"}},
{"type":"Feature","geometry":{"type":"Polygon","coordinates":[[[139.92242,35.14258],[139.92209,35.14253],[139.92203,35.14227],[139.92165,35.14198],[139.92143,35.1419],[139.92082,35.14221],[139.92052,35.14217],[139.92019,35.14189],[139.92015,35.14152],[139.92001,35.14146],[139.91927,35.14141],[139.91894,35.14152],[139.91887,35.14178],[139.91868,35.14198],[139.91831,35.14213],[139.91804,35.14173],[139.91771,35.14165],[139.91736,35.14179],[139.91717,35.14136],[139.91774,35.14139],[139.91979,35.14098],[139.92256,35.1408],[139.92316,35.14082],[139.92353,35.14117],[139.92348,35.14196],[139.92342,35.14221],[139.923,35.14217],[139.92269,35.14244],[139.92242,35.14258]]]},"properties":{"hoanrinKind":"保安林"}},
{"type":"Feature","geometry":{"type":"MultiPolygon","coordinates":[[[[140.00596,35.14293],[140.00628,35.14301],[140.00658,35.14328],[140.00646,35.1435],[140.00658,35.14387],[140.00596,35.1438],[140.00578,35.14348],[140.00586,35.14301],[140.00596,35.14293]]],[[[140.00897,35.1437],[140.00869,35.14419],[140.00762,35.14398],[140.00741,35.14369],[140.00758,35.14347],[140.00773,35.14288],[140.00788,35.14253],[140.0082,35.14232],[140.00852,35.14235],[140.00887,35.14283],[140.00885,35.14323],[140.00906,35.1435],[140.00897,35.1437]]]]},"properties":{"hoanrinKind":"保安林"}},
{"type":"Feature","geometry":{"type":"Polygon","coordinates":[[[140.1777,35.14555],[140.1787,35.14633],[140.1781,35.14653],[140.17773,35.14643],[140.17751,35.14625],[140.17741,35.14591],[140.17741,35.14553],[140.1777,35.14555]]]},"properties":{"hoanrinKind":"保安林"}},
{"type":"Feature","geometry":{"type":"Polygon","coordinates":[[[140.09883,35.14811],[140.09812,35.1482],[140.0977,35.14814],[140.09717,35.14796],[140.09686,35.14799],[140.09554,35.14801],[140.09509,35.14805],[140.09386,35.1478],[140.09345,35.14766],[140.09336,35.14727],[140.09349,35.14678],[140.0939,35.1465],[140.09433,35.1463],[140.09492,35.14615],[140.09659,35.14578],[140.09779,35.14555],[140.09826,35.14558],[140.09868,35.14576],[140.09902,35.14602],[140.0995,35.1466],[140.09871,35.14665],[140.09851,35.14658],[140.09773,35.14657],[140.09715,35.14661],[140.09656,35.14675],[140.0966,35.14701],[140.09745,35.14728],[140.10036,35.14714],[140.10061,35.14721],[140.1009,35.14765],[140.0995,35.14804],[140.09883,35.14811]]]},"properties":{"hoanrinKind":"保安林"}},
{"type":"Feature","geometry":{"type":"Polygon","coordinates":[[[139.91149,35.14261],[139.91223,35.14305],[139.91267,35.1432],[139.91346,35.1436],[139.91388,35.14406],[139.9139,35.14429],[139.91376,35.1447],[139.91329,35.14554],[139.91283,35.14608],[139.91226,35.14636],[139.91157,35.14659],[139.91057,35.14676],[139.91009,35.14675],[139.90982,35.14663],[139.90962,35.14634],[139.9094,35.14568],[139.90952,35.1445],[139.91023,35.143],[139.91091,35.14246],[139.91149,35.14261]]]},"properties":{"hoanrinKind":"保安林"}},
{"type":"Feature","geometry":{"type":"Polygon","coordinates":[[[140.08336,35.14383],[140.08375,35.14435],[140.08398,35.14492],[140.08406,35.14538],[140.08404,35.14582],[140.08413,35.14641],[140.08456,35.1475],[140.08472,35.14771],[140.08435,35.14789],[140.08299,35.14794],[140.08215,35.14803],[140.08111,35.14823],[140.07995,35.14857],[140.07792,35.1493],[140.07702,35.1496],[140.07671,35.14951],[140.07587,35.149],[140.07536,35.14857],[140.07504,35.14819],[140.07446,35.14719],[140.07444,35.14656],[140.07557,35.14568],[140.07683,35.14476],[140.07776,35.14437],[140.07868,35.14411],[140.07938,35.144],[140.08017,35.14377],[140.08086,35.14368],[140.08183,35.14361],[140.08295,35.14346],[140.08336,35.14383]]]},"properties":{"hoanrinKind":"保安林"}},
{"type":"Feature","geometry":{"type":"Polygon","coordinates":[[[139.93101,35.14847],[139.93064,35.14879],[139.92894,35.14932],[139.92757,35.14955],[139.92682,35.14944],[139.92658,35.14926],[139.92629,35.14871],[139.92603,35.14851],[139.92566,35.14846],[139.92408,35.14864],[139.92393,35.1485],[139.92438,35.1483],[139.92573,35.14782],[139.92623,35.14751],[139.92667,35.14734],[139.92722,35.14721],[139.92871,35.14656],[139.92906,35.14649],[139.92964,35.14656],[139.93031,35.14673],[139.93035,35.14696],[139.93055,35.14724],[139.9309,35.14752],[139.9311,35.14789],[139.93101,35.14847]]]},"properties":{"hoanrinKind":"保安林"}},
{"type":"Feature","geometry":{"type":"Polygon","coordinates":[[[140.10452,35.15065],[140.10465,35.1508],[140.10402,35.15105],[140.10345,35.15109],[140.10263,35.15069],[140.10238,35.1504],[140.10179,35.15047],[140.1009,35.15081],[140.10056,35.15073],[140.10009,35.15034],[140.09989,35.15008],[140.09977,35.14963],[140.09986,35.14917],[140.10007,35.1488],[140.10065,35.14827],[140.10123,35.14806],[140.1018,35.14819],[140.10213,35.14837],[140.1024,35.14838],[140.10285,35.14825],[140.10315,35.14855],[140.10339,35.14948],[140.10355,35.14975],[140.10452,35.15065]]]},"properties":{"hoanrinKind":"保安林"}},
{"type":"Feature","geometry":{"type":"Polygon","coordinates":[[[139.95153,35.14968],[139.94998,35.15012],[139.94929,35.15025],[139.95011,35.14961],[139.95056,35.14916],[139.95083,35.14874],[139.95086,35.14841],[139.9508,35.14814],[139.95167,35.14785],[139.95225,35.14776],[139.95285,35.14794],[139.95378,35.14855],[139.95343,35.14874],[139.95316,35.14898],[139.95282,35.14886],[139.95249,35.14899],[139.95254,35.14927],[139.95215,35.14941],[139.952,35.14963],[139.95153,35.14968]]]},"properties":{"hoanrinKind":"保安林"}},
{"type":"Feature","geometry":{"type":"Polygon","coordinates":[[[140.02434,35.15149],[140.02365,35.1518],[140.02347,35.15183],[140.02306,35.15155],[140.02266,35.15108],[140.02212,35.15034],[140.02155,35.14972],[140.02107,35.1488],[140.02072,35.14787],[140.02068,35.14673],[140.02095,35.14689],[140.02129,35.14684],[140.02145,35.14645],[140.0217,35.14619],[140.02179,35.1458],[140.02171,35.1457],[140.02119,35.14558],[140.02085,35.14514],[140.02103,35.14477],[140.02128,35.1449],[140.02182,35.14559],[140.02208,35.14624],[140.02233,35.1477],[140.02255,35.14843],[140.02288,35.14868],[140.02342,35.1486],[140.02391,35.14842],[140.02408,35.14872],[140.02444,35.14897],[140.02508,35.14955],[140.02551,35.14964],[140.02642,35.15032],[140.02653,35.15072],[140.02566,35.15162],[140.02544,35.15177],[140.02459,35.15144],[140.02434,35.15149]]]},"properties":{"hoanrinKind":"保安林"}},
{"type":"Feature","geometry":{"type":"Polygon","coordinates":[[[139.85898,35.14885],[139.85956,35.14901],[139.86083,35.14957],[139.86126,35.14997],[139.86139,35.15035],[139.8614,35.15074],[139.86088,35.15112],[139.86095,35.1516],[139.86031,35.1517],[139.85922,35.15159],[139.85834,35.15141],[139.85783,35.15124],[139.85772,35.15076],[139.85783,35.15029],[139.85784,35.14964],[139.85796,35.14933],[139.85839,35.14874],[139.85898,35.14885]]]},"properties":{"hoanrinKind":"保安林"}},
{"type":"Feature","geometry":{"type":"Polygon","coordinates":[[[140.16729,35.14633],[140.16658,35.14697],[140.16575,35.14761],[140.1648,35.14819],[140.16442,35.14848],[140.16429,35.14884],[140.16427,35.1507],[140.16411,35.15152],[140.16379,35.15251],[140.16337,35.1534],[140.1629,35.15405],[140.16208,35.15476],[140.161,35.1545],[140.161,35.15395],[140.16108,35.15341],[140.16084,35.15276],[140.15985,35.15148],[140.15959,35.15085],[140.15958,35.15035],[140.15967,35.14974],[140.15998,35.1491],[140.16052,35.14818],[140.1612,35.14717],[140.16143,35.14654],[140.16145,35.1463],[140.16133,35.14582],[140.16227,35.14574],[140.1627,35.14558],[140.16306,35.14533],[140.1633,35.1449],[140.16374,35.14296],[140.16387,35.14278],[140.16462,35.14263],[140.16514,35.14265],[140.16639,35.14284],[140.16772,35.14311],[140.16922,35.14352],[140.16968,35.14361],[140.16899,35.14395],[140.16879,35.14433],[140.16882,35.14518],[140.16913,35.14502],[140.16925,35.14469],[140.1698,35.14484],[140.16966,35.14627],[140.16964,35.14781],[140.1697,35.14817],[140.17006,35.14902],[140.17036,35.1501],[140.17036,35.15046],[140.17013,35.15083],[140.16961,35.1509],[140.16891,35.15094],[140.1686,35.15064],[140.16828,35.15003],[140.16814,35.14926],[140.16797,35.14816],[140.16756,35.14613],[140.16729,35.14633]]]},"properties":{"hoanrinKind":"保安林"}},
{"type":"Feature","geometry":{"type":"Polygon","coordinates":[[[139.9923,35.15199],[139.99233,35.15293],[139.99224,35.15336],[139.99203,35.15369],[139.99167,35.154],[139.99148,35.15387],[139.99096,35.153],[139.99069,35.15243],[139.99042,35.15158],[139.99047,35.15145],[139.9909,35.15162],[139.99111,35.15149],[139.99132,35.15118],[139.99162,35.15054],[139.99164,35.15029],[139.99146,35.14978],[139.99167,35.14957],[139.99175,35.14923],[139.99175,35.14882],[139.99188,35.1487],[139.99227,35.149],[139.99232,35.14989],[139.9926,35.15006],[139.99279,35.14994],[139.99283,35.1497],[139.99283,35.14874],[139.99312,35.1486],[139.99297,35.14843],[139.99304,35.14801],[139.9932,35.14799],[139.99398,35.14828],[139.99398,35.14851],[139.99358,35.14955],[139.99327,35.15021],[139.99236,35.15159],[139.9923,35.15199]]]},"properties":{"hoanrinKind":"保安林"}},
{"type":"Feature","geometry":{"type":"Polygon","coordinates":[[[139.91687,35.15382],[139.91648,35.15391],[139.91623,35.15386],[139.91635,35.15339],[139.91612,35.1531],[139.91603,35.15222],[139.91618,35.15165],[139.91667,35.15107],[139.91667,35.15068],[139.91622,35.15059],[139.91618,35.15042],[139.91631,35.1499],[139.91713,35.15036],[139.9175,35.15052],[139.91797,35.15048],[139.91793,35.15005],[139.91823,35.14996],[139.91851,35.15035],[139.91825,35.15101],[139.91827,35.15118],[139.91866,35.15166],[139.91868,35.1521],[139.91855,35.1523],[139.91778,35.15313],[139.91725,35.15361],[139.91687,35.15382]]]},"properties":{"hoanrinKind":"保安林"}},
{"type":"Feature","geometry":{"type":"Polygon","coordinates":[[[140.1956,35.15869],[140.19447,35.15883],[140.19424,35.15866],[140.19427,35.15803],[140.19497,35.15755],[140.19542,35.15717],[140.19606,35.15644],[140.19626,35.15627],[140.19706,35.15632],[140.19734,35.15645],[140.19759,35.15675],[140.1977,35.1571],[140.19766,35.15789],[140.19728,35.15823],[140.19708,35.15818],[140.19704,35.15733],[140.19664,35.1571],[140.19633,35.15711],[140.19622,35.15727],[140.19629,35.15783],[140.19664,35.15822],[140.19658,35.15844],[140.19634,35.15868],[140.1956,35.15869]]]},"properties":{"hoanrinKind":"保安林"}},
{"type":"Feature","geometry":{"type":"Polygon","coordinates":[[[139.90436,35.15891],[139.90479,35.1594],[139.90471,35.15959],[139.90347,35.16095],[139.90333,35.16099],[139.90223,35.15976],[139.90091,35.15849],[139.90092,35.1583],[139.90152,35.15836],[139.90181,35.15851],[139.90236,35.15826],[139.9027,35.15821],[139.90316,35.15824],[139.90374,35.15845],[139.90436,35.15891]]]},"properties":{"hoanrinKind":"保安林"}},
{"type":"Feature","geometry":{"type":"Polygon","coordinates":[[[139.87564,35.16093],[139.87627,35.16132],[139.87704,35.16196],[139.87734,35.16242],[139.8773,35.16261],[139.87671,35.1631],[139.87554,35.16373],[139.87395,35.1644],[139.87296,35.16459],[139.87172,35.16467],[139.87035,35.16415],[139.87012,35.16404],[139.86997,35.16363],[139.87026,35.1622],[139.87047,35.16158],[139.87081,35.16121],[139.87132,35.16107],[139.87307,35.16099],[139.87515,35.16079],[139.87564,35.16093]]]},"properties":{"hoanrinKind":"保安林"}},
{"type":"Feature","geometry":{"type":"Polygon","coordinates":[[[139.92728,35.1639],[139.92726,35.16419],[139.9279,35.16473],[139.92774,35.16505],[139.92753,35.16524],[139.92701,35.16515],[139.92671,35.16483],[139.92634,35.16396],[139.92623,35.1629],[139.92601,35.1625],[139.92653,35.16273],[139.92682,35.1626],[139.9266,35.16206],[139.92677,35.16189],[139.92695,35.16215],[139.92736,35.16236],[139.92743,35.16264],[139.92739,35.16297],[139.92722,35.16322],[139.92699,35.16331],[139.92676,35.16302],[139.92645,35.16319],[139.92656,35.16372],[139.92687,35.16388],[139.92728,35.1639]]]},"properties":{"hoanrinKind":"保安林"}},
{"type":"Feature","geometry":{"type":"MultiPolygon","coordinates":[[[[139.92048,35.16665],[139.92042,35.16644],[139.92193,35.16515],[139.92208,35.16517],[139.92244,35.16598],[139.92205,35.1661],[139.92151,35.16609],[139.92081,35.16663],[139.92048,35.16665]]],[[[139.92135,35.16866],[139.92109,35.16869],[139.92027,35.16858],[139.92007,35.16868],[139.91979,35.1685],[139.91934,35.16738],[139.91939,35.16714],[139.92012,35.16719],[139.92029,35.16765],[139.92053,35.1679],[139.92102,35.16801],[139.92138,35.16795],[139.92269,35.1679],[139.92277,35.16806],[139.92249,35.16825],[139.92189,35.16855],[139.92135,35.16866]]]]},"properties":{"hoanrinKind":"保安林"}},
{"type":"Feature","geometry":{"type":"Polygon","coordinates":[[[139.94264,35.16985],[139.943,35.17016],[139.94316,35.17047],[139.94312,35.17088],[139.94334,35.17258],[139.94271,35.17289],[139.94154,35.17224],[139.94133,35.17201],[139.94134,35.17173],[139.94146,35.17143],[139.9418,35.17122],[139.94192,35.17102],[139.94178,35.17078],[139.94185,35.1703],[139.94239,35.16983],[139.94127,35.16987],[139.94058,35.17032],[139.93967,35.17098],[139.93927,35.1712],[139.93878,35.17065],[139.93863,35.1706],[139.93836,35.17078],[139.93773,35.17066],[139.93767,35.17051],[139.93795,35.16994],[139.93917,35.16977],[139.93929,35.16946],[139.93916,35.16929],[139.93864,35.16887],[139.93837,35.16847],[139.93833,35.16782],[139.93872,35.16766],[139.93867,35.16724],[139.93824,35.16695],[139.93755,35.1666],[139.93658,35.16647],[139.93474,35.16642],[139.93517,35.16574],[139.93538,35.16503],[139.93531,35.16386],[139.93513,35.16357],[139.93451,35.1628],[139.93431,35.16238],[139.93401,35.16203],[139.93343,35.16164],[139.93324,35.16127],[139.93351,35.16059],[139.93345,35.16029],[139.93318,35.15959],[139.93291,35.15906],[139.93265,35.15835],[139.93219,35.15681],[139.93153,35.15593],[139.93135,35.15553],[139.93121,35.15484],[139.93119,35.1541],[139.93155,35.15381],[139.93172,35.15359],[139.93174,35.15336],[139.93198,35.15321],[139.93284,35.15305],[139.9338,35.15319],[139.93425,35.15333],[139.93474,35.15339],[139.93498,35.15377],[139.93542,35.15427],[139.93584,35.15452],[139.93717,35.15458],[139.93794,35.15484],[139.93806,35.15508],[139.93881,35.15532],[139.93899,35.15545],[139.93868,35.15595],[139.93897,35.15611],[139.93944,35.15605],[139.93982,35.1559],[139.94045,35.15538],[139.94057,35.15481],[139.94072,35.15438],[139.94103,35.15374],[139.94135,35.15337],[139.94196,35.15398],[139.94303,35.15422],[139.94325,35.15381],[139.94322,35.1536],[139.94354,35.1534],[139.9442,35.15374],[139.94464,35.15429],[139.9448,35.15475],[139.94486,35.15514],[139.94504,35.1555],[139.94578,35.15604],[139.94591,35.15632],[139.94594,35.15678],[139.9462,35.15691],[139.94682,35.15697],[139.94733,35.15684],[139.94751,35.15663],[139.94797,35.15663],[139.94831,35.1571],[139.94858,35.15713],[139.94868,35.15728],[139.94861,35.15778],[139.94813,35.15773],[139.94734,35.15776],[139.9466,35.15811],[139.94636,35.15854],[139.94623,35.15916],[139.94635,35.16044],[139.94621,35.16068],[139.94528,35.16072],[139.94507,35.16096],[139.9451,35.1612],[139.94553,35.1617],[139.9457,35.16201],[139.9461,35.16238],[139.94601,35.16264],[139.94564,35.16285],[139.94534,35.16257],[139.94483,35.16235],[139.94449,35.1624],[139.9438,35.16302],[139.94346,35.16356],[139.94363,35.16384],[139.94364,35.16424],[139.94348,35.16428],[139.94353,35.16532],[139.94372,35.16572],[139.94419,35.16624],[139.94436,35.16673],[139.94418,35.16713],[139.94353,35.16811],[139.94356,35.16889],[139.94351,35.169],[139.94282,35.16959],[139.94264,35.16985]],[[139.9444,35.16003],[139.94368,35.16017],[139.94356,35.1603],[139.94338,35.16114],[139.94351,35.16149],[139.94385,35.16151],[139.94422,35.16101],[139.94436,35.16096],[139.94466,35.16114],[139.94491,35.16094],[139.94478,35.16017],[139.9444,35.16003]]]},"properties":{"hoanrinKind":"保安林"}},
{"type":"Feature","geometry":{"type":"Polygon","coordinates":[[[139.94754,35.17191],[139.94774,35.17204],[139.94849,35.17268],[139.9491,35.17291],[139.94977,35.17299],[139.95016,35.17316],[139.94986,35.17378],[139.9496,35.17403],[139.94874,35.17424],[139.94841,35.17422],[139.94727,35.17385],[139.94565,35.1731],[139.94563,35.17294],[139.94588,35.1726],[139.94724,35.17181],[139.94754,35.17191]]]},"properties":{"hoanrinKind":"保安林"}},
{"type":"Feature","geometry":{"type":"Polygon","coordinates":[[[139.96208,35.17637],[139.96143,35.17654],[139.96119,35.17654],[139.9609,35.1764],[139.96168,35.176],[139.96201,35.17574],[139.96212,35.17583],[139.96265,35.17583],[139.96294,35.17566],[139.96324,35.17531],[139.96333,35.17499],[139.96321,35.17469],[139.96375,35.1748],[139.96397,35.17453],[139.9645,35.17462],[139.96493,35.17484],[139.96539,35.17486],[139.96572,35.17477],[139.96584,35.17508],[139.96514,35.17599],[139.96482,35.17625],[139.96426,35.17637],[139.96298,35.1763],[139.96208,35.17637]]]},"properties":{"hoanrinKind":"保安林"}},
{"type":"Feature","geometry":{"type":"Polygon","coordinates":[[[139.95182,35.17752],[139.95153,35.17758],[139.95098,35.17744],[139.94995,35.17743],[139.94931,35.17756],[139.94901,35.17646],[139.9491,35.17622],[139.94933,35.17621],[139.95025,35.17636],[139.95121,35.17664],[139.95157,35.17721],[139.95182,35.17752]]]},"properties":{"hoanrinKind":"保安林"}},
{"type":"Feature","geometry":{"type":"Polygon","coordinates":[[[139.94239,35.17498],[139.94278,35.17525],[139.94312,35.17531],[139.94394,35.17556],[139.94459,35.17586],[139.94542,35.17639],[139.94439,35.17747],[139.94422,35.17757],[139.944,35.17736],[139.94354,35.17724],[139.94266,35.17713],[139.94237,35.17692],[139.94189,35.17635],[139.94167,35.17597],[139.94169,35.17533],[139.94188,35.17483],[139.94239,35.17498]]]},"properties":{"hoanrinKind":"保安林"}},
{"type":"Feature","geometry":{"type":"Polygon","coordinates":[[[139.90971,35.17811],[139.90983,35.17897],[139.90944,35.17903],[139.90869,35.17895],[139.90768,35.17875],[139.9065,35.17859],[139.90558,35.17829],[139.90476,35.17788],[139.90443,35.17778],[139.90367,35.17789],[139.90341,35.17779],[139.90329,35.17755],[139.90266,35.17756],[139.9025,35.1777],[139.90177,35.17725],[139.90155,35.17698],[139.90194,35.17682],[139.90207,35.17658],[139.90263,35.17621],[139.90284,35.17584],[139.90303,35.1757],[139.90361,35.17564],[139.90445,35.17593],[139.90481,35.17651],[139.9052,35.17674],[139.90727,35.17729],[139.90784,35.17729],[139.90813,35.17711],[139.9087,35.17632],[139.90896,35.17618],[139.90905,35.17644],[139.90904,35.17698],[139.90971,35.17811]]]},"properties":{"hoanrinKind":"保安林"}},
{"type":"Feature","geometry":{"type":"Polygon","coordinates":[[[139.89636,35.17804],[139.89633,35.17846],[139.8961,35.17888],[139.8959,35.17905],[139.89558,35.17868],[139.89594,35.17795],[139.89636,35.17804]]]},"properties":{"hoanrinKind":"保安林"}},
{"type":"Feature","geometry":{"type":"Polygon","coordinates":[[[139.92672,35.17739],[139.92742,35.17781],[139.928,35.17833],[139.92827,35.17873],[139.92835,35.1793],[139.92827,35.17962],[139.92785,35.18007],[139.9276,35.18008],[139.92728,35.17996],[139.92696,35.17974],[139.92589,35.17887],[139.92527,35.17848],[139.92431,35.17798],[139.9248,35.17766],[139.92478,35.17718],[139.92539,35.17721],[139.92575,35.17729],[139.92607,35.17714],[139.92672,35.17739]]]},"properties":{"hoanrinKind":"保安林"}},
{"type":"Feature","geometry":{"type":"Polygon","coordinates":[[[139.9484,35.18051],[139.94815,35.18067],[139.94806,35.18096],[139.94771,35.18166],[139.94679,35.18138],[139.94685,35.18099],[139.94709,35.18019],[139.9473,35.17966],[139.9477,35.17909],[139.94799,35.17889],[139.94842,35.1789],[139.94906,35.17908],[139.94943,35.1793],[139.94924,35.18006],[139.94908,35.18045],[139.9484,35.18051]]]},"properties":{"hoanrinKind":"保安林"}},
{"type":"Feature","geometry":{"type":"Polygon","coordinates":[[[139.82325,35.18244],[139.82237,35.18276],[139.82169,35.18288],[139.82122,35.18291],[139.82061,35.18269],[139.82035,35.18246],[139.82022,35.18191],[139.82035,35.18175],[139.82071,35.18182],[139.82107,35.18217],[139.82138,35.18229],[139.82237,35.18208],[139.82248,35.1818],[139.82174,35.18136],[139.82136,35.18101],[139.82083,35.18081],[139.82048,35.18084],[139.82028,35.18103],[139.81976,35.18101],[139.81969,35.18072],[139.8192,35.18072],[139.81907,35.18093],[139.81841,35.18096],[139.81817,35.18078],[139.8184,35.18044],[139.8186,35.18049],[139.81891,35.18032],[139.81923,35.18055],[139.81959,35.18041],[139.82051,35.18036],[139.82079,35.1801],[139.82112,35.17996],[139.8217,35.18055],[139.82218,35.18082],[139.82281,35.18149],[139.82325,35.18244]]]},"properties":{"hoanrinKind":"保安林"}},
{"type":"Feature","geometry":{"type":"Polygon","coordinates":[[[139.90634,35.18457],[139.90642,35.18475],[139.90634,35.18536],[139.90613,35.18569],[139.90579,35.1856],[139.90573,35.18536],[139.90583,35.18493],[139.90613,35.18452],[139.90634,35.18457]]]},"properties":{"hoanrinKind":"保安林"}},
{"type":"Feature","geometry":{"type":"Polygon","coordinates":[[[139.97046,35.18444],[139.96946,35.18554],[139.96877,35.18646],[139.96826,35.18674],[139.9678,35.18594],[139.96746,35.18479],[139.96743,35.18435],[139.96783,35.18389],[139.9684,35.18358],[139.97016,35.18298],[139.97094,35.18236],[139.97176,35.18134],[139.97244,35.18062],[139.97287,35.18051],[139.97299,35.18095],[139.97295,35.18193],[139.97296,35.18357],[139.97303,35.18398],[139.97353,35.18439],[139.97462,35.18457],[139.97514,35.18481],[139.97531,35.1853],[139.97516,35.18571],[139.97465,35.18572],[139.974,35.1856],[139.97327,35.18554],[139.97295,35.1857],[139.97224,35.1864],[139.97201,35.18622],[139.97173,35.18622],[139.97144,35.18638],[139.97099,35.18635],[139.97058,35.18663],[139.97041,35.1864],[139.97044,35.18581],[139.97109,35.18416],[139.97046,35.18444]]]},"properties":{"hoanrinKind":"保安林"}},
{"type":"Feature","geometry":{"type":"Polygon","coordinates":[[[140.06687,35.18862],[140.06713,35.1887],[140.0675,35.18926],[140.06759,35.18953],[140.06752,35.18982],[140.06716,35.19008],[140.06651,35.19009],[140.06635,35.18986],[140.06648,35.18934],[140.06657,35.18861],[140.06687,35.18862]]]},"properties":{"hoanrinKind":"保安林"}},
{"type":"Feature","geometry":{"type":"Polygon","coordinates":[[[139.93899,35.18629],[139.93901,35.18716],[139.93912,35.18742],[139.93942,35.18765],[139.93985,35.18822],[139.93974,35.18896],[139.93919,35.18945],[139.93886,35.18964],[139.9374,35.1896],[139.93712,35.18957],[139.93656,35.18848],[139.93726,35.18815],[139.93773,35.18777],[139.93811,35.18725],[139.93811,35.18675],[139.9384,35.18632],[139.93871,35.18601],[139.93899,35.18595],[139.93899,35.18629]]]},"properties":{"hoanrinKind":"保安林"}},
{"type":"Feature","geometry":{"type":"Polygon","coordinates":[[[140.06802,35.19041],[140.06827,35.19069],[140.0684,35.19129],[140.06832,35.19171],[140.06794,35.19196],[140.06752,35.19195],[140.06727,35.19186],[140.0672,35.19143],[140.06733,35.19092],[140.06768,35.1904],[140.06802,35.19041]]]},"properties":{"hoanrinKind":"保安林"}},
{"type":"Feature","geometry":{"type":"Polygon","coordinates":[[[140.0671,35.19193],[140.06733,35.19212],[140.06692,35.19243],[140.06613,35.19246],[140.06609,35.19215],[140.06642,35.19192],[140.0671,35.19193]]]},"properties":{"hoanrinKind":"保安林"}},
{"type":"Feature","geometry":{"type":"Polygon","coordinates":[[[139.85133,35.1941],[139.85098,35.19436],[139.85067,35.19408],[139.85049,35.19379],[139.85048,35.19327],[139.85068,35.19289],[139.85123,35.19234],[139.85176,35.19215],[139.85172,35.19165],[139.8518,35.19136],[139.8516,35.19075],[139.85156,35.19033],[139.85115,35.18983],[139.85123,35.18961],[139.85187,35.18916],[139.85215,35.1889],[139.85225,35.18985],[139.85253,35.19082],[139.85288,35.19084],[139.85364,35.19108],[139.85377,35.19121],[139.85398,35.19173],[139.85417,35.19248],[139.85432,35.19278],[139.854,35.19288],[139.85371,35.1927],[139.8532,35.19258],[139.85274,35.1924],[139.85264,35.19247],[139.85278,35.19293],[139.85289,35.1936],[139.85246,35.19327],[139.85235,35.19294],[139.85211,35.19284],[139.85177,35.19329],[139.85168,35.19378],[139.85187,35.19423],[139.85133,35.1941]]]},"properties":{"hoanrinKind":"保安林"}},
{"type":"Feature","geometry":{"type":"Polygon","coordinates":[[[140.21395,35.20184],[140.21369,35.20182],[140.21373,35.20117],[140.21385,35.20083],[140.21467,35.20079],[140.2148,35.20089],[140.21482,35.20143],[140.21474,35.20178],[140.21395,35.20184]]]},"properties":{"hoanrinKind":"保安林"}},
{"type":"Feature","geometry":{"type":"Polygon","coordinates":[[[140.03553,35.20215],[140.03591,35.20284],[140.03517,35.20331],[140.03369,35.20366],[140.03357,35.20306],[140.03346,35.20286],[140.03236,35.20253],[140.03105,35.20179],[140.03047,35.20184],[140.02941,35.20236],[140.02942,35.2021],[140.02961,35.20169],[140.03003,35.20145],[140.03061,35.20122],[140.03075,35.20107],[140.03091,35.20042],[140.03132,35.19917],[140.03196,35.19855],[140.0326,35.1981],[140.03292,35.19759],[140.03306,35.19716],[140.03304,35.19675],[140.03317,35.19653],[140.033,35.1956],[140.03316,35.19515],[140.03395,35.19554],[140.03481,35.19603],[140.03502,35.19627],[140.035,35.19763],[140.0348,35.1989],[140.03487,35.19948],[140.03505,35.19996],[140.03531,35.20024],[140.03544,35.20081],[140.03553,35.20215]]]},"properties":{"hoanrinKind":"保安林"}},
{"type":"Feature","geometry":{"type":"Polygon","coordinates":[[[140.22815,35.20634],[140.22772,35.20626],[140.22717,35.20629],[140.22703,35.20636],[140.22632,35.20596],[140.22643,35.20574],[140.22681,35.20572],[140.22723,35.20588],[140.22765,35.20584],[140.22789,35.20567],[140.22801,35.20596],[140.22831,35.2062],[140.22815,35.20634]]]},"properties":{"hoanrinKind":"保安林"}},
{"type":"Feature","geometry":{"type":"MultiPolygon","coordinates":[[[[140.30327,35.20542],[140.30328,35.2058],[140.30207,35.20537],[140.30207,35.20516],[140.30151,35.20518],[140.30104,35.20501],[140.30077,35.20431],[140.30088,35.20363],[140.30123,35.20285],[140.30165,35.20203],[140.30201,35.2017],[140.30219,35.20218],[140.30327,35.20542]]],[[[140.3004,35.20498],[140.30022,35.20553],[140.29978,35.20586],[140.29902,35.20603],[140.29883,35.20603],[140.29798,35.20486],[140.29812,35.20466],[140.29736,35.20402],[140.29701,35.2035],[140.29701,35.2028],[140.29752,35.20303],[140.29834,35.20313],[140.29885,35.20351],[140.2992,35.20438],[140.29959,35.20497],[140.29976,35.20456],[140.29961,35.20391],[140.29913,35.20312],[140.2983,35.20252],[140.29746,35.20228],[140.29701,35.20224],[140.29701,35.20124],[140.29751,35.20094],[140.2986,35.20056],[140.29998,35.2004],[140.3,35.20059],[140.30152,35.20142],[140.30105,35.20195],[140.30075,35.2021],[140.30047,35.20203],[140.29948,35.20138],[140.29876,35.20137],[140.29872,35.20149],[140.29975,35.20208],[140.30008,35.2026],[140.30048,35.20434],[140.3004,35.20498]]]]},"properties":{"hoanrinKind":"保安林"}},
{"type":"Feature","geometry":{"type":"Polygon","coordinates":[[[140.22484,35.20641],[140.2257,35.20652],[140.22682,35.20682],[140.22584,35.20708],[140.22459,35.20682],[140.22427,35.20663],[140.22443,35.20627],[140.22484,35.20641]]]},"properties":{"hoanrinKind":"保安林"}},
{"type":"Feature","geometry":{"type":"Polygon","coordinates":[[[140.07792,35.20409],[140.07837,35.20424],[140.07895,35.20457],[140.08022,35.20536],[140.08174,35.20613],[140.0821,35.20626],[140.0821,35.20669],[140.08186,35.20697],[140.08082,35.20726],[140.08059,35.20741],[140.07995,35.20809],[140.07922,35.20859],[140.07891,35.20875],[140.07836,35.20873],[140.07765,35.20767],[140.07777,35.20751],[140.07833,35.20709],[140.07848,35.20681],[140.07848,35.20609],[140.07813,35.20584],[140.07771,35.20567],[140.077,35.20487],[140.0767,35.20459],[140.07711,35.20429],[140.07763,35.20407],[140.07792,35.20409]]]},"properties":{"hoanrinKind":"保安林"}},
{"type":"Feature","geometry":{"type":"Polygon","coordinates":[[[139.95434,35.20866],[139.95285,35.20861],[139.95078,35.20861],[139.95011,35.20855],[139.94952,35.20834],[139.94922,35.20802],[139.9507,35.20799],[139.9508,35.20778],[139.94991,35.20744],[139.95001,35.20733],[139.95053,35.20732],[139.95113,35.2072],[139.95181,35.20675],[139.95213,35.20627],[139.95231,35.20562],[139.95257,35.20554],[139.9534,35.20554],[139.95414,35.20564],[139.95466,35.20585],[139.95473,35.20615],[139.95475,35.20682],[139.95503,35.2073],[139.95509,35.2076],[139.95475,35.20812],[139.95471,35.20847],[139.95434,35.20866]]]},"properties":{"hoanrinKind":"保安林"}},
{"type":"Feature","geometry":{"type":"Polygon","coordinates":[[[139.84224,35.20775],[139.84224,35.20812],[139.84189,35.20786],[139.84138,35.20771],[139.84081,35.20762],[139.83959,35.20673],[139.8391,35.20681],[139.83843,35.20672],[139.83788,35.20653],[139.83736,35.20625],[139.83689,35.20574],[139.83658,35.20553],[139.83704,35.20539],[139.83735,35.20475],[139.83802,35.20468],[139.83865,35.20472],[139.83895,35.20455],[139.83926,35.20424],[139.83965,35.20367],[139.8402,35.20304],[139.8414,35.20212],[139.84163,35.2021],[139.84204,35.20237],[139.84211,35.20274],[139.84195,35.20281],[139.8419,35.20321],[139.84114,35.20304],[139.84097,35.20338],[139.84104,35.20355],[139.8409,35.20387],[139.84094,35.20445],[139.84116,35.20457],[139.84142,35.2049],[139.84164,35.20535],[139.84163,35.20631],[139.84173,35.20683],[139.84194,35.20701],[139.84221,35.20754],[139.84224,35.20775]]]},"properties":{"hoanrinKind":"保安林"}},
{"type":"Feature","geometry":{"type":"Polygon","coordinates":[[[140.20999,35.2119],[140.20971,35.21212],[140.20946,35.21218],[140.20888,35.21213],[140.20866,35.21193],[140.20867,35.21126],[140.20983,35.21152],[140.21065,35.21149],[140.21101,35.21152],[140.21146,35.21165],[140.21096,35.21188],[140.20999,35.2119]]]},"properties":{"hoanrinKind":"保安林"}},
{"type":"Feature","geometry":{"type":"Polygon","coordinates":[[[140.12701,35.2133],[140.12689,35.21348],[140.1264,35.21373],[140.12622,35.21327],[140.1256,35.21323],[140.12552,35.21297],[140.12579,35.21268],[140.1261,35.21254],[140.12669,35.21248],[140.12698,35.21279],[140.12701,35.2133]]]},"properties":{"hoanrinKind":"保安林"}},
{"type":"Feature","geometry":{"type":"Polygon","coordinates":[[[140.24214,35.21337],[140.24252,35.21342],[140.24376,35.21411],[140.24375,35.21429],[140.24341,35.21467],[140.24275,35.21527],[140.24231,35.2159],[140.2415,35.21675],[140.24067,35.2178],[140.24012,35.21799],[140.23893,35.21757],[140.2392,35.21719],[140.24019,35.21597],[140.24044,35.21518],[140.24094,35.21434],[140.24122,35.21374],[140.24141,35.21349],[140.24178,35.21332],[140.24214,35.21337]]]},"properties":{"hoanrinKind":"保安林"}},
{"type":"Feature","geometry":{"type":"Polygon","coordinates":[[[140.09797,35.21657],[140.09729,35.21698],[140.09667,35.21708],[140.09593,35.21702],[140.09448,35.21654],[140.09469,35.2163],[140.09548,35.21627],[140.09588,35.21638],[140.09624,35.21638],[140.09632,35.21619],[140.09599,35.21586],[140.09512,35.21575],[140.09498,35.21533],[140.09579,35.21501],[140.09586,35.21449],[140.09531,35.21431],[140.09504,35.21348],[140.09479,35.2136],[140.09449,35.21401],[140.09431,35.21474],[140.09422,35.21559],[140.09316,35.2157],[140.09317,35.21447],[140.09352,35.21361],[140.09427,35.21249],[140.09513,35.21146],[140.09566,35.21099],[140.09632,35.21056],[140.09683,35.21031],[140.09666,35.2107],[140.09665,35.21143],[140.09698,35.21211],[140.09744,35.21272],[140.09769,35.21334],[140.09764,35.21359],[140.09827,35.21428],[140.09837,35.2146],[140.09827,35.21605],[140.09797,35.21657]]]},"properties":{"hoanrinKind":"保安林"}},
{"type":"Feature","geometry":{"type":"Polygon","coordinates":[[[140.03788,35.2166],[140.03755,35.21674],[140.03708,35.21657],[140.03556,35.21658],[140.03379,35.21645],[140.03352,35.21564],[140.03315,35.21497],[140.03328,35.21482],[140.03366,35.21473],[140.03365,35.21446],[140.03337,35.21435],[140.03303,35.21409],[140.03317,35.21376],[140.03348,35.21367],[140.03418,35.21419],[140.03481,35.21457],[140.03562,35.21495],[140.03629,35.2152],[140.03737,35.21543],[140.03782,35.21562],[140.03827,35.21624],[140.03825,35.21636],[140.03788,35.2166]]]},"properties":{"hoanrinKind":"保安林"}},
{"type":"Feature","geometry":{"type":"Polygon","coordinates":[[[140.12934,35.22019],[140.12848,35.22064],[140.12818,35.22053],[140.12815,35.22034],[140.12864,35.2202],[140.12934,35.22019]]]},"properties":{"hoanrinKind":"保安林"}},
{"type":"Feature","geometry":{"type":"Polygon","coordinates":[[[140.01272,35.21747],[140.01321,35.21759],[140.01385,35.21787],[140.01366,35.21846],[140.013,35.21935],[140.01207,35.21987],[140.01145,35.2204],[140.01093,35.2207],[140.01092,35.22036],[140.01072,35.21985],[140.01035,35.21958],[140.00988,35.21953],[140.00995,35.2188],[140.01082,35.21835],[140.01115,35.21808],[140.01145,35.21764],[140.01182,35.21748],[140.01222,35.21742],[140.01272,35.21747]]]},"properties":{"hoanrinKind":"保安林"}},
{"type":"Feature","geometry":{"type":"Polygon","coordinates":[[[140.21642,35.22154],[140.21606,35.22242],[140.21564,35.22268],[140.21517,35.22259],[140.21389,35.22229],[140.21302,35.2219],[140.21326,35.22151],[140.21341,35.22104],[140.21361,35.22087],[140.21413,35.22082],[140.21448,35.22087],[140.21483,35.22105],[140.21543,35.22121],[140.21559,35.22092],[140.21527,35.22062],[140.21505,35.22025],[140.21524,35.21999],[140.21595,35.2199],[140.21662,35.21989],[140.21659,35.21953],[140.2167,35.21899],[140.21763,35.21874],[140.2179,35.21875],[140.21849,35.21902],[140.21831,35.21951],[140.21755,35.22035],[140.21709,35.22063],[140.21668,35.22107],[140.21642,35.22154]]]},"properties":{"hoanrinKind":"保安林"}},
{"type":"Feature","geometry":{"type":"MultiPolygon","coordinates":[[[[140.02098,35.21358],[140.02163,35.21412],[140.02182,35.21505],[140.02211,35.21569],[140.02256,35.21634],[140.02256,35.2172],[140.02215,35.21735],[140.02193,35.21661],[140.02191,35.21637],[140.02166,35.21535],[140.0215,35.21493],[140.02102,35.21396],[140.02098,35.21358]]],[[[140.01498,35.21943],[140.01473,35.21956],[140.01385,35.22031],[140.01357,35.22076],[140.0133,35.2214],[140.01325,35.22169],[140.01307,35.22182],[140.01279,35.22106],[140.01279,35.22081],[140.01347,35.21981],[140.01399,35.21934],[140.01477,35.21882],[140.01531,35.21864],[140.01601,35.21863],[140.01603,35.21794],[140.01686,35.21704],[140.01727,35.21615],[140.01756,35.2157],[140.01775,35.21556],[140.01812,35.21557],[140.01837,35.21572],[140.01907,35.2157],[140.0191,35.21557],[140.01911,35.21437],[140.01936,35.21439],[140.01928,35.21488],[140.01948,35.21555],[140.01953,35.21593],[140.01943,35.21653],[140.01953,35.21664],[140.01929,35.21717],[140.01886,35.21783],[140.0183,35.21929],[140.01808,35.22015],[140.01777,35.22019],[140.01773,35.22037],[140.01735,35.22048],[140.01687,35.22017],[140.01694,35.22115],[140.01677,35.22124],[140.01657,35.22074],[140.01631,35.22039],[140.01563,35.22018],[140.0156,35.2199],[140.01542,35.21958],[140.01498,35.21943]]]]},"properties":{"hoanrinKind":"保安林"}},
{"type":"Feature","geometry":{"type":"Polygon","coordinates":[[[140.12394,35.22137],[140.12363,35.22191],[140.1233,35.22269],[140.12304,35.22275],[140.12262,35.22251],[140.12255,35.2221],[140.12254,35.22149],[140.12248,35.22135],[140.12212,35.22139],[140.12166,35.22154],[140.12095,35.22156],[140.12048,35.22129],[140.12031,35.22104],[140.12016,35.22051],[140.12017,35.22003],[140.12062,35.21955],[140.12028,35.21918],[140.12053,35.21899],[140.1211,35.21902],[140.12175,35.21916],[140.12278,35.21916],[140.12309,35.21922],[140.12351,35.21983],[140.12373,35.22036],[140.12389,35.2209],[140.12394,35.22137]]]},"properties":{"hoanrinKind":"保安林"}},
{"type":"Feature","geometry":{"type":"MultiPolygon","coordinates":[[[[140.30924,35.21423],[140.30908,35.21441],[140.30873,35.21431],[140.30882,35.21414],[140.3092,35.21398],[140.30924,35.21423]]],[[[140.3083,35.215],[140.30808,35.21524],[140.30783,35.215],[140.30791,35.21478],[140.3083,35.21462],[140.3083,35.215]]],[[[140.27945,35.22451],[140.27876,35.22499],[140.27863,35.22495],[140.27808,35.22453],[140.27777,35.22411],[140.27743,35.22398],[140.27739,35.22309],[140.2773,35.22238],[140.27746,35.22207],[140.27831,35.22191],[140.27885,35.22168],[140.27942,35.22104],[140.27983,35.22039],[140.28051,35.22001],[140.28072,35.21981],[140.28077,35.21939],[140.28069,35.21898],[140.28108,35.21806],[140.28142,35.21762],[140.2815,35.21722],[140.28133,35.21705],[140.28084,35.21713],[140.28002,35.21647],[140.28017,35.21558],[140.28004,35.21538],[140.27975,35.21537],[140.27846,35.21579],[140.27795,35.21581],[140.27671,35.21534],[140.27624,35.21502],[140.27628,35.21478],[140.27751,35.21456],[140.27805,35.21416],[140.27801,35.21367],[140.2773,35.21413],[140.277,35.21396],[140.27721,35.21348],[140.27759,35.21307],[140.27798,35.21249],[140.27836,35.21204],[140.27871,35.21193],[140.27976,35.21216],[140.28016,35.21213],[140.28096,35.21164],[140.28109,35.21134],[140.28087,35.21097],[140.2809,35.2108],[140.28142,35.2108],[140.28192,35.21048],[140.28266,35.21058],[140.28287,35.21048],[140.28245,35.20991],[140.2824,35.20966],[140.28256,35.20942],[140.28305,35.20919],[140.28344,35.2092],[140.28459,35.20983],[140.28504,35.21064],[140.28528,35.21064],[140.28588,35.2104],[140.28635,35.21031],[140.28703,35.21001],[140.28752,35.20952],[140.2888,35.20878],[140.28934,35.20832],[140.28968,35.20821],[140.29097,35.20827],[140.29165,35.20825],[140.2926,35.2079],[140.29345,35.20789],[140.29445,35.20797],[140.2957,35.20791],[140.29631,35.20792],[140.29667,35.20811],[140.29698,35.20863],[140.29727,35.20878],[140.29758,35.20878],[140.29806,35.20864],[140.29847,35.20812],[140.29842,35.20706],[140.29872,35.20694],[140.29923,35.2071],[140.29933,35.20732],[140.29953,35.20817],[140.29992,35.20885],[140.29999,35.20929],[140.29985,35.20966],[140.29926,35.21009],[140.29859,35.21032],[140.29827,35.21053],[140.29822,35.21111],[140.29838,35.21113],[140.29956,35.21075],[140.30183,35.21164],[140.30205,35.21154],[140.302,35.21121],[140.3014,35.20843],[140.30119,35.20829],[140.30081,35.20871],[140.30022,35.20804],[140.29984,35.20721],[140.29957,35.20686],[140.29953,35.2066],[140.30001,35.2061],[140.30046,35.2059],[140.30068,35.20594],[140.30128,35.20796],[140.30142,35.20812],[140.30213,35.20857],[140.30208,35.2088],[140.30245,35.20877],[140.30325,35.20927],[140.30282,35.20986],[140.30274,35.21025],[140.30291,35.21033],[140.30376,35.20964],[140.30404,35.20979],[140.3058,35.21303],[140.30537,35.21352],[140.305,35.21365],[140.30488,35.214],[140.30465,35.21403],[140.30437,35.21384],[140.30409,35.2133],[140.3038,35.21337],[140.30377,35.21369],[140.30441,35.21454],[140.30432,35.21464],[140.30419,35.2152],[140.30375,35.21499],[140.30313,35.21488],[140.30272,35.21468],[140.30256,35.21442],[140.30248,35.21395],[140.30308,35.21306],[140.30294,35.21289],[140.30232,35.21274],[140.30186,35.21238],[140.30162,35.21188],[140.3014,35.2118],[140.30045,35.21174],[140.30009,35.21163],[140.2995,35.21116],[140.29933,35.2112],[140.29921,35.21153],[140.29943,35.21206],[140.30028,35.21251],[140.30138,35.21306],[140.30168,35.21343],[140.30211,35.21447],[140.30218,35.21507],[140.30197,35.21527],[140.30136,35.21509],[140.29919,35.21411],[140.29752,35.21317],[140.29669,35.21291],[140.29608,35.21289],[140.29584,35.2131],[140.29637,35.21351],[140.29976,35.2152],[140.30006,35.21537],[140.30015,35.2157],[140.29979,35.21632],[140.29951,35.21642],[140.29901,35.21603],[140.2988,35.21628],[140.29891,35.21734],[140.29874,35.21802],[140.29844,35.21818],[140.29819,35.21803],[140.29795,35.21758],[140.29811,35.21665],[140.2982,35.2164],[140.29798,35.21565],[140.29754,35.21553],[140.29697,35.21512],[140.29673,35.21507],[140.29644,35.21539],[140.29646,35.21603],[140.29702,35.21711],[140.29684,35.21745],[140.29575,35.2172],[140.29525,35.21713],[140.29498,35.21699],[140.29505,35.21646],[140.29545,35.21563],[140.29543,35.21539],[140.29518,35.21528],[140.29487,35.21538],[140.29441,35.21582],[140.29393,35.21599],[140.2932,35.21586],[140.29285,35.21553],[140.29349,35.21478],[140.29361,35.21427],[140.29345,35.21347],[140.29333,35.21334],[140.29293,35.2134],[140.29244,35.21288],[140.29181,35.21258],[140.29185,35.21231],[140.2924,35.2121],[140.29229,35.21194],[140.29161,35.2119],[140.29086,35.21213],[140.29014,35.21215],[140.28969,35.21226],[140.28932,35.21256],[140.2887,35.21374],[140.28827,35.21401],[140.28813,35.21393],[140.2881,35.21338],[140.28779,35.21304],[140.28705,35.21276],[140.2865,35.2127],[140.28624,35.213],[140.28634,35.21325],[140.28723,35.21394],[140.28743,35.21446],[140.28686,35.21537],[140.2864,35.21582],[140.28598,35.21603],[140.28489,35.2163],[140.28446,35.21658],[140.28406,35.21696],[140.28395,35.21728],[140.284,35.21827],[140.28344,35.21898],[140.28338,35.21928],[140.28391,35.21996],[140.28404,35.22044],[140.28389,35.22141],[140.28345,35.22212],[140.28292,35.22265],[140.28256,35.22289],[140.28263,35.22314],[140.28337,35.22376],[140.28346,35.22428],[140.28312,35.22439],[140.28242,35.22432],[140.28182,35.22416],[140.28081,35.22437],[140.28007,35.22433],[140.27945,35.22451]],[[140.29442,35.20955],[140.29416,35.2098],[140.29477,35.21001],[140.29548,35.20997],[140.29589,35.20989],[140.29595,35.20973],[140.29564,35.20956],[140.29467,35.20951],[140.29442,35.20955]]]]},"properties":{"hoanrinKind":"保安林"}},
{"type":"Feature","geometry":{"type":"Polygon","coordinates":[[[139.99155,35.22026],[139.99362,35.22058],[139.99404,35.22074],[139.99435,35.22113],[139.99471,35.22137],[139.99417,35.22171],[139.99281,35.22267],[139.99189,35.22324],[139.99145,35.22344],[139.99101,35.22326],[139.99092,35.22283],[139.99114,35.22247],[139.99117,35.22221],[139.99091,35.22175],[139.99081,35.22132],[139.99087,35.22102],[139.99142,35.22024],[139.99155,35.22026]]]},"properties":{"hoanrinKind":"保安林"}},
{"type":"Feature","geometry":{"type":"Polygon","coordinates":[[[140.0185,35.22449],[140.01862,35.22461],[140.01893,35.22518],[140.01684,35.22531],[140.01689,35.22454],[140.01711,35.22422],[140.01728,35.22422],[140.01762,35.22443],[140.01787,35.22445],[140.01809,35.22394],[140.01789,35.22325],[140.01795,35.22293],[140.01792,35.22257],[140.01755,35.22257],[140.01742,35.22301],[140.01726,35.22323],[140.01672,35.22309],[140.01668,35.22289],[140.01677,35.22251],[140.01668,35.22236],[140.01632,35.22232],[140.01599,35.22256],[140.01569,35.22301],[140.01566,35.2239],[140.01496,35.22333],[140.01504,35.22305],[140.01465,35.22196],[140.01476,35.22183],[140.01509,35.22232],[140.01556,35.22228],[140.01614,35.22214],[140.01669,35.22216],[140.0171,35.22189],[140.01777,35.22193],[140.0181,35.22187],[140.01919,35.2219],[140.01896,35.22207],[140.0189,35.22229],[140.019,35.22268],[140.01892,35.22299],[140.0184,35.22342],[140.01828,35.22374],[140.01831,35.22405],[140.0185,35.22449]]]},"properties":{"hoanrinKind":"保安林"}},
{"type":"Feature","geometry":{"type":"Polygon","coordinates":[[[140.12215,35.22475],[140.12252,35.225],[140.12313,35.22556],[140.12342,35.22601],[140.12341,35.22631],[140.12314,35.22644],[140.12264,35.22642],[140.12219,35.22612],[140.12193,35.22563],[140.12192,35.22503],[140.12215,35.22475]]]},"properties":{"hoanrinKind":"保安林"}},
{"type":"Feature","geometry":{"type":"Polygon","coordinates":[[[139.91555,35.22451],[139.91538,35.22439],[139.9151,35.22439],[139.91538,35.22409],[139.91554,35.22413],[139.91555,35.22451]]]},"properties":{"hoanrinKind":"保安林"}},
{"type":"Feature","geometry":{"type":"Polygon","coordinates":[[[140.12042,35.22573],[140.12081,35.22584],[140.12138,35.22616],[140.12064,35.22676],[140.12019,35.22706],[140.11958,35.22734],[140.119,35.2273],[140.11886,35.22724],[140.11903,35.22669],[140.11881,35.22641],[140.11894,35.22623],[140.11963,35.22577],[140.11984,35.22569],[140.12042,35.22573]]]},"properties":{"hoanrinKind":"保安林"}},
{"type":"Feature","geometry":{"type":"Polygon","coordinates":[[[139.96036,35.22677],[139.95926,35.2272],[139.95922,35.22749],[139.95906,35.22763],[139.95858,35.227],[139.95801,35.2266],[139.9578,35.2266],[139.95758,35.22678],[139.9576,35.22698],[139.95736,35.22706],[139.95642,35.22689],[139.95498,35.22609],[139.9546,35.22539],[139.95415,35.22514],[139.954,35.22494],[139.95395,35.22462],[139.95414,35.22453],[139.9542,35.22426],[139.95388,35.22416],[139.95373,35.22399],[139.95378,35.22351],[139.95351,35.22325],[139.95326,35.22335],[139.9531,35.22316],[139.95283,35.22313],[139.9526,35.22325],[139.95226,35.22365],[139.95209,35.22365],[139.95149,35.2232],[139.95218,35.22233],[139.95265,35.22147],[139.9532,35.22089],[139.95356,35.22071],[139.95405,35.22069],[139.95462,35.22084],[139.9554,35.22123],[139.95639,35.22214],[139.9568,35.22237],[139.95747,35.22232],[139.95818,35.22217],[139.9593,35.22184],[139.95989,35.22174],[139.96057,35.2217],[139.96118,35.22186],[139.96147,35.22236],[139.96169,35.22256],[139.96128,35.22291],[139.96068,35.22362],[139.9608,35.22414],[139.96137,35.22539],[139.96138,35.22561],[139.96036,35.22677]]]},"properties":{"hoanrinKind":"保安林"}},
{"type":"Feature","geometry":{"type":"Polygon","coordinates":[[[140.2519,35.22983],[140.25104,35.22981],[140.25077,35.2297],[140.25017,35.22931],[140.25017,35.22894],[140.25033,35.22847],[140.25053,35.22821],[140.25108,35.22826],[140.25106,35.2288],[140.25131,35.22938],[140.25167,35.22948],[140.25258,35.22917],[140.25268,35.22882],[140.25245,35.22872],[140.25158,35.22883],[140.25144,35.22853],[140.25165,35.22825],[140.25213,35.22829],[140.25266,35.22772],[140.25311,35.22702],[140.25362,35.22669],[140.25379,35.22627],[140.25397,35.22616],[140.25424,35.22645],[140.25474,35.22621],[140.25528,35.22645],[140.2554,35.22706],[140.25565,35.22752],[140.25584,35.22764],[140.25503,35.22802],[140.25482,35.22822],[140.25434,35.22825],[140.25389,35.22817],[140.25373,35.22838],[140.2539,35.22877],[140.25336,35.22911],[140.25278,35.22965],[140.2524,35.22978],[140.2519,35.22983]]]},"properties":{"hoanrinKind":"保安林"}},
{"type":"Feature","geometry":{"type":"Polygon","coordinates":[[[140.01741,35.22799],[140.01754,35.22876],[140.01714,35.22918],[140.01681,35.22927],[140.01611,35.22926],[140.01639,35.22892],[140.01674,35.22867],[140.01645,35.22793],[140.0163,35.22787],[140.01581,35.22808],[140.01541,35.22857],[140.01511,35.22886],[140.01537,35.22923],[140.01496,35.22914],[140.01486,35.22873],[140.01443,35.22838],[140.01404,35.22826],[140.01441,35.2281],[140.01486,35.22765],[140.01521,35.22674],[140.01515,35.22636],[140.01501,35.22618],[140.01452,35.22594],[140.01416,35.22516],[140.0147,35.2251],[140.01543,35.2253],[140.01564,35.2254],[140.01564,35.22567],[140.01591,35.22607],[140.01617,35.22624],[140.01652,35.22622],[140.01714,35.22635],[140.01706,35.2269],[140.01691,35.22714],[140.01711,35.22735],[140.01722,35.22772],[140.01741,35.22799]]]},"properties":{"hoanrinKind":"保安林"}},
{"type":"Feature","geometry":{"type":"MultiPolygon","coordinates":[[[[140.03833,35.15932],[140.03807,35.15895],[140.03869,35.15923],[140.03833,35.15932]]],[[[140.04909,35.16826],[140.04837,35.16878],[140.04829,35.16938],[140.04833,35.16978],[140.04826,35.17013],[140.04786,35.1698],[140.04772,35.16933],[140.04756,35.1691],[140.04728,35.1689],[140.04741,35.16868],[140.04819,35.16832],[140.04854,35.16803],[140.04886,35.16796],[140.0491,35.16776],[140.04958,35.16754],[140.04945,35.16728],[140.04903,35.1674],[140.04898,35.16728],[140.0493,35.16702],[140.04951,35.1672],[140.04989,35.1673],[140.04997,35.16764],[140.04991,35.16789],[140.04909,35.16826]]],[[[139.98685,35.17024],[139.98707,35.17052],[139.98688,35.17109],[139.98658,35.17041],[139.98685,35.17024]]],[[[139.96868,35.16986],[139.96848,35.16988],[139.96796,35.17028],[139.96691,35.17091],[139.96616,35.1713],[139.96589,35.17136],[139.96517,35.17101],[139.96557,35.17032],[139.96603,35.16985],[139.96489,35.16983],[139.96445,35.16961],[139.96365,35.16902],[139.96338,35.16874],[139.96336,35.16855],[139.9639,35.16811],[139.96467,35.16734],[139.9651,35.16685],[139.96554,35.16656],[139.9661,35.16612],[139.96675,35.16575],[139.96749,35.16542],[139.96837,35.16516],[139.96872,35.16553],[139.96876,35.16582],[139.96895,35.16629],[139.96943,35.16696],[139.9693,35.16706],[139.96874,35.16806],[139.96852,35.16857],[139.96832,35.16924],[139.96877,35.16958],[139.96868,35.16986]]],[[[140.0596,35.18737],[140.05982,35.18791],[140.06012,35.18844],[140.05999,35.18886],[140.05937,35.1883],[140.05927,35.188],[140.05919,35.18741],[140.05922,35.18716],[140.05947,35.18705],[140.0596,35.18737]]],[[[139.97738,35.19756],[139.97632,35.19823],[139.97564,35.19724],[139.97514,35.19698],[139.97466,35.19694],[139.97332,35.19722],[139.97245,35.19642],[139.97178,35.19624],[139.97064,35.19623],[139.97027,35.19605],[139.97026,35.19577],[139.96988,35.19523],[139.96947,35.19499],[139.96896,35.19456],[139.96871,35.1937],[139.96824,35.19289],[139.96791,35.1927],[139.96754,35.19275],[139.9671,35.19304],[139.96667,35.19394],[139.96595,35.19431],[139.96532,35.19436],[139.9647,35.19421],[139.96409,35.19394],[139.96375,35.19411],[139.9633,35.19398],[139.9631,35.19383],[139.96308,35.19196],[139.96325,35.19124],[139.96328,35.19056],[139.96312,35.19028],[139.96367,35.19042],[139.96495,35.19067],[139.96542,35.19051],[139.96572,35.19015],[139.96593,35.19002],[139.96656,35.19003],[139.96706,35.19011],[139.96752,35.19035],[139.96763,35.19073],[139.96795,35.19116],[139.96851,35.19157],[139.96874,35.1916],[139.96902,35.19125],[139.96903,35.19073],[139.96851,35.18972],[139.96853,35.18943],[139.96899,35.18903],[139.9692,35.18933],[139.96976,35.18923],[139.96975,35.18897],[139.97001,35.18894],[139.97053,35.18912],[139.9718,35.18947],[139.97179,35.18985],[139.97161,35.19029],[139.97086,35.19083],[139.97052,35.19123],[139.97042,35.19184],[139.97035,35.19266],[139.97042,35.19331],[139.97053,35.19351],[139.97153,35.19372],[139.97252,35.19386],[139.97281,35.19377],[139.97293,35.19343],[139.97291,35.19305],[139.97202,35.19162],[139.97199,35.19107],[139.97245,35.19094],[139.9739,35.19098],[139.97421,35.19109],[139.97451,35.19133],[139.97519,35.19172],[139.97578,35.19186],[139.97738,35.19172],[139.97862,35.19171],[139.97928,35.19192],[139.97982,35.19224],[139.98042,35.19297],[139.98114,35.19391],[139.98149,35.19451],[139.98135,35.19463],[139.98116,35.1951],[139.98066,35.1956],[139.98074,35.19588],[139.97865,35.19679],[139.97738,35.19756]]],[[[140.06432,35.20053],[140.06462,35.20088],[140.06474,35.20148],[140.06469,35.20226],[140.06443,35.20222],[140.06441,35.20157],[140.06456,35.20127],[140.0645,35.20094],[140.06425,35.2007],[140.06432,35.20053]]],[[[139.97535,35.20367],[139.97505,35.20348],[139.9777,35.20302],[139.97764,35.2031],[139.97683,35.20342],[139.97632,35.20355],[139.97589,35.20342],[139.97558,35.20347],[139.97535,35.20367]]],[[[139.97418,35.20426],[139.97343,35.20425],[139.97318,35.204],[139.97394,35.20416],[139.97418,35.20426]]],[[[140.06483,35.2048],[140.06403,35.20477],[140.06372,35.20448],[140.06358,35.20413],[140.06359,35.20365],[140.06405,35.20324],[140.06469,35.20335],[140.06501,35.20356],[140.06511,35.20376],[140.06512,35.20433],[140.06499,35.20479],[140.06483,35.2048]]],[[[139.97715,35.20424],[139.97766,35.20457],[139.97776,35.20473],[139.97735,35.20482],[139.97701,35.20445],[139.97715,35.20424]]],[[[140.05127,35.21445],[140.05086,35.2144],[140.05086,35.21424],[140.05111,35.214],[140.05136,35.21398],[140.05153,35.2142],[140.05127,35.21445]]],[[[140.05652,35.22371],[140.05688,35.22391],[140.05667,35.22424],[140.05635,35.22398],[140.05652,35.22371]]],[[[140.02958,35.22448],[140.03008,35.22505],[140.03026,35.22538],[140.03044,35.22611],[140.03075,35.22646],[140.0311,35.22709],[140.03148,35.22747],[140.03141,35.2278],[140.03101,35.22706],[140.0303,35.22605],[140.02974,35.22496],[140.02958,35.22448]]],[[[140.03008,35.22964],[140.03034,35.23007],[140.03004,35.23007],[140.03008,35.22964]]],[[[140.03683,35.23033],[140.03667,35.23085],[140.03283,35.23115],[140.03268,35.23107],[140.03182,35.22865],[140.03172,35.22681],[140.03165,35.22663],[140.03037,35.22416],[140.03089,35.22434],[140.0319,35.2245],[140.03275,35.22458],[140.0331,35.2245],[140.03354,35.22455],[140.03679,35.22445],[140.03697,35.22429],[140.03779,35.22203],[140.03906,35.21916],[140.03923,35.21897],[140.04127,35.21759],[140.04184,35.21758],[140.04269,35.21709],[140.04437,35.21755],[140.0448,35.2176],[140.04713,35.21601],[140.048,35.21584],[140.04848,35.21554],[140.05166,35.21546],[140.05182,35.21533],[140.052,35.21305],[140.05213,35.21279],[140.05282,35.21242],[140.05312,35.21192],[140.05244,35.21207],[140.05226,35.21194],[140.0519,35.21221],[140.05099,35.21257],[140.05021,35.21344],[140.04974,35.21389],[140.04898,35.21437],[140.04821,35.2148],[140.04693,35.21532],[140.04661,35.21539],[140.04636,35.21496],[140.04612,35.21359],[140.04616,35.21306],[140.04627,35.21278],[140.04665,35.21233],[140.04674,35.2121],[140.04608,35.21173],[140.04581,35.21079],[140.04535,35.21051],[140.04473,35.21048],[140.04455,35.21032],[140.0444,35.20964],[140.04428,35.20886],[140.04518,35.20852],[140.0452,35.20831],[140.04494,35.2075],[140.04496,35.20692],[140.04554,35.20636],[140.04568,35.20598],[140.04591,35.2056],[140.04638,35.20548],[140.04702,35.20547],[140.04742,35.20532],[140.04772,35.20506],[140.04797,35.20427],[140.04831,35.20382],[140.04923,35.2029],[140.04994,35.20248],[140.05055,35.2023],[140.05115,35.20225],[140.05094,35.20246],[140.05117,35.20289],[140.05118,35.20332],[140.05139,35.20347],[140.0515,35.20379],[140.05131,35.2042],[140.05124,35.20472],[140.05158,35.20519],[140.05127,35.20555],[140.05145,35.20587],[140.05143,35.20628],[140.05191,35.20659],[140.05209,35.20688],[140.0524,35.20709],[140.05277,35.20776],[140.05305,35.20793],[140.05363,35.20798],[140.05377,35.20837],[140.05406,35.20877],[140.05452,35.20901],[140.05459,35.20915],[140.05451,35.20954],[140.05422,35.20979],[140.054,35.21014],[140.0537,35.20999],[140.05405,35.20979],[140.05411,35.20951],[140.05389,35.20928],[140.05339,35.20961],[140.05311,35.2102],[140.05306,35.21076],[140.05277,35.21135],[140.05253,35.21169],[140.05279,35.21192],[140.05383,35.21055],[140.05574,35.20973],[140.05571,35.20947],[140.05369,35.20773],[140.05178,35.20601],[140.05171,35.20581],[140.05162,35.20336],[140.05288,35.20042],[140.05287,35.20031],[140.04975,35.19709],[140.04972,35.197],[140.05,35.19344],[140.05005,35.19332],[140.05201,35.19107],[140.05197,35.19089],[140.05026,35.19012],[140.05009,35.18997],[140.04931,35.18735],[140.04882,35.18383],[140.04868,35.1837],[140.04669,35.18293],[140.04512,35.18145],[140.04511,35.18172],[140.04542,35.18205],[140.04575,35.1822],[140.046,35.18248],[140.0462,35.18284],[140.04664,35.18298],[140.04677,35.18327],[140.04743,35.18344],[140.04775,35.18343],[140.04796,35.18354],[140.04833,35.18407],[140.04825,35.18445],[140.04835,35.18514],[140.04877,35.18559],[140.04897,35.1859],[140.04908,35.18644],[140.04923,35.1868],[140.04899,35.18769],[140.04904,35.188],[140.04928,35.18833],[140.04948,35.18878],[140.04952,35.18941],[140.04945,35.18984],[140.04952,35.19003],[140.05002,35.19029],[140.05025,35.19077],[140.05078,35.19117],[140.05091,35.19151],[140.05038,35.19179],[140.05042,35.19211],[140.05033,35.1924],[140.05015,35.19254],[140.04977,35.19248],[140.04965,35.19285],[140.04938,35.19324],[140.04955,35.19372],[140.04949,35.19398],[140.04962,35.19446],[140.04944,35.19468],[140.04958,35.1952],[140.04959,35.19552],[140.04979,35.19583],[140.04944,35.19631],[140.0496,35.19681],[140.04959,35.19758],[140.0494,35.19793],[140.04973,35.19839],[140.04987,35.19887],[140.05003,35.19904],[140.05018,35.19952],[140.05042,35.19973],[140.05112,35.19997],[140.05132,35.20018],[140.05121,35.20039],[140.05092,35.20012],[140.05029,35.19998],[140.04991,35.20005],[140.04965,35.2002],[140.04933,35.20025],[140.04847,35.20096],[140.04819,35.20092],[140.0475,35.20193],[140.0473,35.20216],[140.04683,35.20241],[140.04626,35.2028],[140.04568,35.20257],[140.04539,35.2026],[140.04454,35.20283],[140.04334,35.20329],[140.042,35.20372],[140.04148,35.20371],[140.04125,35.20296],[140.04133,35.20201],[140.0415,35.20178],[140.04197,35.20154],[140.04265,35.20143],[140.04339,35.20114],[140.04378,35.20094],[140.04414,35.20067],[140.04435,35.20034],[140.0444,35.19954],[140.04455,35.1985],[140.04446,35.19799],[140.04429,35.19771],[140.04383,35.19738],[140.04307,35.19695],[140.04244,35.19639],[140.04208,35.19583],[140.04161,35.19548],[140.04092,35.19568],[140.04019,35.19561],[140.03947,35.19521],[140.03942,35.195],[140.03981,35.19425],[140.03974,35.19389],[140.0398,35.1935],[140.04004,35.19299],[140.04011,35.19226],[140.03995,35.19199],[140.03961,35.19166],[140.03957,35.1911],[140.03934,35.19035],[140.03902,35.19011],[140.03875,35.19015],[140.03873,35.19044],[140.03849,35.19083],[140.03844,35.19118],[140.03827,35.19135],[140.03792,35.1912],[140.03785,35.19076],[140.03786,35.19023],[140.03804,35.1898],[140.03829,35.18949],[140.03967,35.18929],[140.04021,35.18913],[140.04033,35.18901],[140.04094,35.18873],[140.04075,35.18856],[140.04023,35.18827],[140.03981,35.18811],[140.03945,35.18787],[140.03892,35.18739],[140.03871,35.18713],[140.0387,35.18654],[140.03887,35.18622],[140.0392,35.18594],[140.03977,35.18528],[140.03962,35.18447],[140.03933,35.18333],[140.039,35.18295],[140.03817,35.18332],[140.03741,35.18377],[140.03704,35.18435],[140.03709,35.1848],[140.03767,35.18511],[140.03799,35.18537],[140.03811,35.18558],[140.03785,35.18585],[140.03731,35.18591],[140.03633,35.18564],[140.03594,35.18542],[140.03584,35.18526],[140.03609,35.18455],[140.0364,35.18406],[140.03621,35.18393],[140.03565,35.18412],[140.03541,35.18412],[140.03483,35.18381],[140.03449,35.18354],[140.03409,35.18341],[140.03391,35.1835],[140.03393,35.18402],[140.03428,35.18466],[140.03435,35.185],[140.03433,35.18584],[140.03368,35.18655],[140.03292,35.18728],[140.03326,35.18815],[140.03366,35.1888],[140.03382,35.18925],[140.03391,35.18989],[140.03382,35.19016],[140.0335,35.19053],[140.03313,35.19081],[140.03252,35.19106],[140.03157,35.19125],[140.03127,35.19151],[140.03126,35.19186],[140.03153,35.19199],[140.03234,35.19204],[140.03332,35.19205],[140.03384,35.19191],[140.03414,35.1917],[140.03467,35.19146],[140.03492,35.19142],[140.03543,35.19156],[140.03585,35.19228],[140.03541,35.19302],[140.03479,35.19354],[140.03415,35.19373],[140.03337,35.1939],[140.03244,35.19398],[140.03174,35.19372],[140.0308,35.19325],[140.03081,35.19293],[140.03068,35.19241],[140.03005,35.19229],[140.0297,35.1921],[140.02964,35.19191],[140.02961,35.19122],[140.02943,35.19111],[140.02862,35.19136],[140.02831,35.19164],[140.02732,35.19276],[140.02696,35.19296],[140.02614,35.19309],[140.02582,35.19302],[140.02517,35.19277],[140.02472,35.19253],[140.02421,35.19237],[140.02403,35.19212],[140.02383,35.19217],[140.02373,35.19193],[140.02323,35.19169],[140.02295,35.19208],[140.02273,35.19219],[140.02241,35.19201],[140.02256,35.19131],[140.02288,35.19084],[140.02302,35.19044],[140.02306,35.18986],[140.02316,35.18946],[140.02336,35.18929],[140.02323,35.18839],[140.02291,35.18793],[140.02248,35.18799],[140.02228,35.18794],[140.02212,35.18747],[140.02203,35.18668],[140.02214,35.18597],[140.02236,35.18514],[140.02284,35.1843],[140.02329,35.18384],[140.02376,35.18346],[140.02392,35.18306],[140.02358,35.18279],[140.02299,35.18249],[140.02251,35.18215],[140.02167,35.18114],[140.02145,35.18113],[140.02111,35.18146],[140.02065,35.18139],[140.01965,35.1811],[140.01921,35.18103],[140.01853,35.18113],[140.01786,35.18148],[140.0174,35.18166],[140.01714,35.18166],[140.01602,35.1815],[140.01534,35.18169],[140.01476,35.1817],[140.01446,35.18164],[140.01408,35.18145],[140.01341,35.18138],[140.01333,35.18156],[140.01341,35.18257],[140.01396,35.18319],[140.01447,35.18364],[140.01514,35.18401],[140.01572,35.18486],[140.01567,35.18507],[140.01536,35.1851],[140.01508,35.18526],[140.01515,35.18551],[140.01545,35.18586],[140.01465,35.18597],[140.01378,35.18591],[140.01363,35.18556],[140.01382,35.1849],[140.01379,35.1846],[140.0136,35.1841],[140.01326,35.18369],[140.01265,35.18316],[140.01155,35.18314],[140.01099,35.18293],[140.01068,35.18291],[140.00989,35.18317],[140.00924,35.18374],[140.00889,35.18366],[140.00876,35.18347],[140.00872,35.18289],[140.00885,35.18259],[140.00904,35.18242],[140.00983,35.18205],[140.01042,35.18192],[140.01104,35.18168],[140.01178,35.1815],[140.01263,35.18114],[140.01303,35.1808],[140.01304,35.18049],[140.01291,35.18012],[140.01287,35.17957],[140.0131,35.17886],[140.01323,35.17825],[140.0132,35.17771],[140.01303,35.1773],[140.01271,35.17686],[140.01233,35.1768],[140.01188,35.17685],[140.01141,35.1772],[140.01117,35.17762],[140.01027,35.17862],[140.01014,35.17903],[140.01005,35.17971],[140.00994,35.18014],[140.00976,35.18012],[140.00932,35.18035],[140.0089,35.18013],[140.00908,35.17925],[140.00919,35.17852],[140.00911,35.17817],[140.0086,35.17744],[140.00813,35.17688],[140.00764,35.17683],[140.00748,35.17697],[140.00731,35.17739],[140.00725,35.17793],[140.00703,35.178],[140.00681,35.17822],[140.00626,35.17851],[140.00609,35.17892],[140.00677,35.17951],[140.00718,35.17999],[140.00737,35.1803],[140.00811,35.18034],[140.00834,35.18044],[140.0086,35.18098],[140.00822,35.18115],[140.00776,35.18148],[140.00657,35.18132],[140.00609,35.18134],[140.00586,35.18161],[140.00582,35.18195],[140.0056,35.18224],[140.00443,35.18311],[140.00398,35.18335],[140.00549,35.18372],[140.00686,35.18419],[140.00691,35.18431],[140.00637,35.18479],[140.00578,35.18522],[140.005,35.18569],[140.00439,35.18589],[140.00373,35.18616],[140.00347,35.1867],[140.00369,35.18718],[140.00411,35.18747],[140.0045,35.18792],[140.00438,35.1883],[140.00438,35.18901],[140.00458,35.18933],[140.00501,35.19042],[140.00521,35.1913],[140.0054,35.19233],[140.00539,35.19268],[140.0045,35.19351],[140.00356,35.19349],[140.00317,35.19344],[140.00281,35.19508],[140.00291,35.19556],[140.00354,35.1961],[140.00389,35.19662],[140.00386,35.19691],[140.00364,35.1974],[140.00351,35.19793],[140.00365,35.19839],[140.00395,35.19888],[140.00418,35.19954],[140.00431,35.20052],[140.00507,35.20089],[140.00577,35.20118],[140.00698,35.20096],[140.00742,35.20092],[140.00773,35.20196],[140.00834,35.20235],[140.00917,35.20265],[140.01,35.20201],[140.0108,35.20183],[140.01193,35.20175],[140.01229,35.20183],[140.01267,35.20251],[140.01295,35.20269],[140.01266,35.20313],[140.01251,35.20353],[140.01253,35.20382],[140.01233,35.20408],[140.01182,35.20436],[140.0114,35.20452],[140.01112,35.20473],[140.01144,35.2053],[140.01143,35.20569],[140.0113,35.20675],[140.01134,35.20689],[140.01187,35.20716],[140.01194,35.20728],[140.01172,35.2076],[140.01081,35.20833],[140.01036,35.20866],[140.00992,35.20878],[140.00951,35.20879],[140.00876,35.20869],[140.00828,35.20891],[140.00733,35.20903],[140.00547,35.20881],[140.00509,35.20884],[140.00485,35.20908],[140.00429,35.20938],[140.00385,35.20951],[140.00335,35.20979],[140.00309,35.21036],[140.0027,35.21059],[140.00222,35.211],[140.00135,35.21103],[140.00097,35.2112],[140.00056,35.21182],[140.00021,35.21208],[139.99982,35.21221],[139.99962,35.21245],[139.99908,35.21343],[139.99821,35.21385],[139.99771,35.21386],[139.99713,35.21356],[139.9961,35.21465],[139.99555,35.21549],[139.99518,35.21615],[139.99452,35.21739],[139.9941,35.21791],[139.99279,35.21883],[139.99246,35.21915],[139.99226,35.21953],[139.99172,35.22005],[139.99154,35.21987],[139.9915,35.2195],[139.99157,35.21791],[139.99151,35.21709],[139.99131,35.21693],[139.99097,35.21688],[139.98975,35.21698],[139.99004,35.21665],[139.99068,35.21621],[139.99132,35.21594],[139.99172,35.21586],[139.99194,35.21546],[139.99079,35.21545],[139.98894,35.21631],[139.98832,35.2167],[139.98829,35.2173],[139.98791,35.21768],[139.98727,35.21782],[139.98668,35.21781],[139.98627,35.21753],[139.986,35.21708],[139.98562,35.21664],[139.98528,35.21637],[139.98417,35.21676],[139.98352,35.21706],[139.98403,35.21763],[139.98415,35.21799],[139.98449,35.21834],[139.98535,35.21958],[139.98554,35.22017],[139.98551,35.22058],[139.98619,35.22142],[139.98646,35.222],[139.98646,35.2227],[139.98635,35.22313],[139.98617,35.2235],[139.98504,35.22383],[139.98498,35.22414],[139.98505,35.2247],[139.98565,35.22503],[139.98576,35.2252],[139.98566,35.2256],[139.98519,35.22594],[139.98517,35.22629],[139.98548,35.22724],[139.9856,35.22788],[139.98591,35.22791],[139.98604,35.22761],[139.98646,35.2275],[139.98656,35.22793],[139.98697,35.22814],[139.98748,35.22818],[139.98793,35.22832],[139.98862,35.22879],[139.98936,35.23009],[139.98912,35.23022],[139.98875,35.23014],[139.98803,35.2298],[139.98728,35.22967],[139.98665,35.22969],[139.98568,35.22952],[139.98488,35.22928],[139.98409,35.22913],[139.98321,35.22888],[139.98182,35.22839],[139.98133,35.22787],[139.98094,35.22774],[139.98025,35.22792],[139.9799,35.22775],[139.97994,35.22731],[139.97934,35.22685],[139.97877,35.22653],[139.97834,35.22615],[139.97783,35.22538],[139.97763,35.22479],[139.97783,35.22452],[139.97765,35.22381],[139.97766,35.22324],[139.97808,35.22319],[139.97843,35.22325],[139.97899,35.22322],[139.97938,35.22312],[139.97966,35.22292],[139.98071,35.22287],[139.98104,35.22275],[139.98151,35.2223],[139.98156,35.22187],[139.98079,35.22117],[139.97991,35.22044],[139.97932,35.22016],[139.97924,35.2198],[139.97921,35.21858],[139.97943,35.21715],[139.97956,35.21689],[139.98072,35.21638],[139.98259,35.21551],[139.98287,35.21533],[139.98335,35.21513],[139.98382,35.21483],[139.98409,35.21405],[139.98383,35.21311],[139.98366,35.21273],[139.98323,35.21207],[139.9827,35.21058],[139.98262,35.21027],[139.98269,35.20998],[139.98291,35.2098],[139.9837,35.20888],[139.98413,35.20886],[139.98465,35.20834],[139.98472,35.20806],[139.98495,35.20764],[139.98465,35.20764],[139.9845,35.20803],[139.98372,35.20753],[139.98314,35.20728],[139.983,35.20696],[139.98252,35.20669],[139.9818,35.20644],[139.9809,35.20617],[139.98002,35.20587],[139.97847,35.20487],[139.97779,35.2044],[139.97783,35.20423],[139.97959,35.20239],[139.97997,35.20225],[139.98088,35.20146],[139.98108,35.201],[139.98158,35.19901],[139.98158,35.1984],[139.981,35.19749],[139.98119,35.19731],[139.98092,35.19625],[139.98169,35.19461],[139.98217,35.19446],[139.983,35.19447],[139.98331,35.19453],[139.98393,35.19444],[139.98447,35.19407],[139.98505,35.19304],[139.98495,35.1936],[139.98659,35.19218],[139.98724,35.19208],[139.988,35.19209],[139.98864,35.1922],[139.98959,35.19223],[139.9902,35.19215],[139.99068,35.19196],[139.99091,35.19167],[139.99094,35.19127],[139.99072,35.19093],[139.98888,35.18945],[139.98838,35.18895],[139.98817,35.18854],[139.98819,35.18813],[139.98893,35.18765],[139.98931,35.18687],[139.98931,35.18504],[139.98943,35.18573],[139.99166,35.18282],[139.99158,35.18263],[139.99083,35.18193],[139.99085,35.18223],[139.99118,35.18261],[139.9915,35.18279],[139.99101,35.18305],[139.99078,35.18337],[139.99062,35.18336],[139.99063,35.18173],[139.99014,35.18113],[139.9898,35.17986],[139.98892,35.18002],[139.988,35.18047],[139.9878,35.18073],[139.98629,35.18129],[139.98584,35.1813],[139.98494,35.1815],[139.98292,35.18174],[139.98276,35.1817],[139.98244,35.18138],[139.98239,35.18193],[139.98245,35.18242],[139.9821,35.18221],[139.98189,35.18192],[139.98188,35.18114],[139.98089,35.18018],[139.98052,35.17941],[139.97979,35.17873],[139.97986,35.17861],[139.98294,35.17782],[139.98263,35.17771],[139.9845,35.17754],[139.98516,35.17725],[139.98617,35.17673],[139.9869,35.17627],[139.98719,35.17561],[139.9872,35.17478],[139.98683,35.17397],[139.98668,35.17278],[139.98702,35.1718],[139.98732,35.17168],[139.98758,35.17195],[139.98706,35.17246],[139.98697,35.17293],[139.98699,35.17324],[139.98727,35.17359],[139.98719,35.17408],[139.98741,35.17473],[139.98818,35.17342],[139.98818,35.17325],[139.98713,35.1706],[139.98675,35.16996],[139.9868,35.16984],[139.98671,35.16888],[139.9866,35.16863],[139.98565,35.16811],[139.98546,35.16731],[139.98506,35.16718],[139.98439,35.16609],[139.98435,35.16549],[139.98454,35.16533],[139.9851,35.1652],[139.98549,35.16503],[139.9853,35.16479],[139.9847,35.16469],[139.98438,35.16446],[139.98457,35.16407],[139.9843,35.16394],[139.98379,35.16424],[139.98307,35.16537],[139.98281,35.16557],[139.98235,35.16574],[139.98181,35.16573],[139.98031,35.16525],[139.97866,35.16444],[139.97909,35.16443],[139.97779,35.16339],[139.97749,35.16344],[139.97677,35.16459],[139.97631,35.16493],[139.97576,35.16567],[139.97544,35.16636],[139.9755,35.1668],[139.97507,35.16739],[139.9745,35.16796],[139.97419,35.16806],[139.97298,35.16779],[139.97178,35.16787],[139.97136,35.16798],[139.97128,35.16783],[139.96877,35.16541],[139.96878,35.16525],[139.97056,35.16263],[139.97082,35.16181],[139.97073,35.16124],[139.97019,35.16049],[139.96973,35.16003],[139.97013,35.15998],[139.97027,35.16011],[139.97055,35.1606],[139.97052,35.15937],[139.97032,35.1592],[139.96885,35.15959],[139.96792,35.15909],[139.96739,35.15886],[139.96658,35.15872],[139.96486,35.157],[139.965,35.15679],[139.96511,35.15623],[139.96448,35.15596],[139.96398,35.15428],[139.96361,35.15434],[139.96418,35.15386],[139.9645,35.15338],[139.96499,35.15315],[139.96555,35.15313],[139.96615,35.15324],[139.96708,35.15333],[139.96777,35.15298],[139.9682,35.15288],[139.96981,35.15224],[139.9701,35.15207],[139.97144,35.15173],[139.97119,35.15207],[139.97195,35.15325],[139.97218,35.15335],[139.97268,35.15319],[139.97292,35.15329],[139.97367,35.15342],[139.9748,35.15353],[139.97527,35.15398],[139.97566,35.15454],[139.97607,35.15497],[139.97644,35.15515],[139.97682,35.15522],[139.97797,35.1551],[139.97986,35.15447],[139.98091,35.1543],[139.98169,35.15436],[139.98239,35.15479],[139.98318,35.15506],[139.98417,35.15508],[139.98527,35.15527],[139.98594,35.15554],[139.98714,35.1556],[139.98888,35.15543],[139.99094,35.15551],[139.99198,35.15546],[139.99239,35.15554],[139.99303,35.15548],[139.99409,35.15554],[139.99456,35.15542],[139.99513,35.15517],[139.99545,35.15513],[139.9958,35.15522],[139.99633,35.15561],[139.99711,35.15552],[139.99795,35.15518],[139.99845,35.15519],[139.9988,35.15527],[139.99973,35.15568],[140.00035,35.15584],[140.00092,35.15574],[140.0011,35.1555],[140.00119,35.15618],[140.00133,35.15751],[140.00129,35.15796],[140.00139,35.15862],[140.00153,35.15904],[140.0017,35.15978],[140.00223,35.16102],[140.00243,35.16116],[140.00473,35.16162],[140.00608,35.16181],[140.00673,35.16183],[140.00732,35.16132],[140.00787,35.16129],[140.00888,35.16145],[140.00945,35.16151],[140.00941,35.16082],[140.00955,35.16022],[140.00948,35.16003],[140.00911,35.15969],[140.00877,35.1591],[140.00868,35.15877],[140.00924,35.1576],[140.00924,35.15673],[140.00929,35.15641],[140.00912,35.15616],[140.00978,35.15533],[140.01025,35.15513],[140.01116,35.15507],[140.01164,35.1556],[140.01197,35.15559],[140.01195,35.15492],[140.01263,35.1548],[140.01369,35.15439],[140.01403,35.15415],[140.01479,35.15383],[140.01523,35.15383],[140.01554,35.1541],[140.01589,35.15476],[140.01643,35.15478],[140.01695,35.15471],[140.01722,35.15476],[140.01845,35.15521],[140.01879,35.15553],[140.01892,35.156],[140.01941,35.15624],[140.01991,35.15662],[140.02023,35.15715],[140.02015,35.15748],[140.02032,35.15769],[140.02053,35.15753],[140.02118,35.15863],[140.02171,35.15915],[140.02182,35.15948],[140.02223,35.15991],[140.02274,35.1601],[140.02351,35.1606],[140.02353,35.16076],[140.02431,35.16102],[140.02606,35.16202],[140.02646,35.16215],[140.02695,35.16223],[140.02771,35.16254],[140.02826,35.16281],[140.02852,35.16301],[140.02866,35.16368],[140.02884,35.16391],[140.02921,35.16416],[140.02957,35.16417],[140.02958,35.16385],[140.02937,35.16349],[140.02884,35.16286],[140.02815,35.16232],[140.02724,35.1619],[140.02608,35.16152],[140.02519,35.16113],[140.02419,35.16048],[140.023,35.15958],[140.02214,35.15886],[140.0216,35.15807],[140.02121,35.15727],[140.02085,35.15681],[140.02078,35.15642],[140.02124,35.15569],[140.02202,35.15483],[140.0224,35.15455],[140.02282,35.15468],[140.02377,35.15483],[140.02435,35.15477],[140.02473,35.15464],[140.02518,35.15425],[140.02617,35.1532],[140.02657,35.15291],[140.02697,35.15291],[140.02709,35.15314],[140.02719,35.15384],[140.02745,35.15445],[140.02794,35.15459],[140.02835,35.15429],[140.02952,35.15361],[140.03048,35.15321],[140.03098,35.15313],[140.03172,35.15312],[140.03255,35.15318],[140.03322,35.15329],[140.03345,35.15341],[140.03264,35.1543],[140.03257,35.1546],[140.03259,35.15505],[140.0328,35.15547],[140.03311,35.15589],[140.03397,35.15627],[140.03457,35.15659],[140.0348,35.15688],[140.03497,35.15724],[140.03501,35.15786],[140.03489,35.15876],[140.03395,35.15898],[140.03372,35.15917],[140.03337,35.15926],[140.0328,35.15906],[140.03239,35.15925],[140.03236,35.15952],[140.0326,35.1599],[140.03277,35.16034],[140.03279,35.1606],[140.03263,35.16092],[140.03242,35.16108],[140.03197,35.16121],[140.03174,35.16148],[140.03147,35.16165],[140.03135,35.16213],[140.03107,35.16249],[140.03087,35.1629],[140.03094,35.16371],[140.03089,35.16423],[140.03111,35.16437],[140.03172,35.16419],[140.03223,35.16423],[140.03103,35.163],[140.03106,35.16274],[140.03132,35.16248],[140.03156,35.16181],[140.03178,35.16154],[140.03267,35.16103],[140.03292,35.16076],[140.03327,35.1599],[140.03335,35.15942],[140.03428,35.1592],[140.03471,35.15899],[140.0357,35.15916],[140.03629,35.15919],[140.03696,35.15913],[140.03756,35.15888],[140.03792,35.15889],[140.03822,35.1593],[140.0384,35.15937],[140.03919,35.15942],[140.03995,35.15976],[140.04027,35.15973],[140.0408,35.15985],[140.04184,35.16074],[140.04273,35.16165],[140.04329,35.16186],[140.04411,35.16186],[140.04485,35.16161],[140.04559,35.16142],[140.04607,35.16141],[140.0463,35.16132],[140.04666,35.16096],[140.04679,35.16064],[140.04759,35.16057],[140.04843,35.16034],[140.04864,35.16035],[140.04944,35.16063],[140.05039,35.1608],[140.05099,35.16133],[140.05126,35.16149],[140.05212,35.16145],[140.05258,35.16174],[140.05331,35.16201],[140.0535,35.16223],[140.05378,35.1628],[140.05422,35.16326],[140.05425,35.16382],[140.05417,35.16414],[140.05419,35.16443],[140.05276,35.16566],[140.05292,35.16562],[140.05348,35.16582],[140.05378,35.16568],[140.05436,35.16521],[140.0546,35.1654],[140.0543,35.16575],[140.05354,35.16604],[140.05322,35.16595],[140.05265,35.16628],[140.05242,35.16668],[140.05197,35.16697],[140.05169,35.16702],[140.05166,35.16656],[140.05067,35.1666],[140.0501,35.1659],[140.04933,35.16596],[140.0489,35.1657],[140.04885,35.16529],[140.04871,35.16496],[140.04831,35.16488],[140.0481,35.16502],[140.04771,35.16556],[140.04721,35.16586],[140.04685,35.16592],[140.04631,35.16624],[140.04578,35.16627],[140.04516,35.16689],[140.04509,35.1673],[140.04543,35.16769],[140.0456,35.16769],[140.04596,35.16738],[140.04649,35.16729],[140.04685,35.16738],[140.04654,35.16802],[140.04657,35.16814],[140.04944,35.17234],[140.04949,35.17252],[140.04923,35.17323],[140.04904,35.17345],[140.04851,35.17386],[140.04759,35.17426],[140.04737,35.17448],[140.04754,35.17536],[140.04782,35.17577],[140.04808,35.17599],[140.04916,35.17594],[140.04987,35.17606],[140.05045,35.17641],[140.05113,35.17725],[140.05154,35.17791],[140.05177,35.17904],[140.05211,35.17921],[140.05277,35.17941],[140.05194,35.18218],[140.05198,35.18228],[140.05373,35.18316],[140.05412,35.18349],[140.0546,35.18372],[140.05566,35.18433],[140.05621,35.18476],[140.0566,35.18546],[140.05667,35.18588],[140.05653,35.18664],[140.05665,35.18675],[140.05711,35.18688],[140.05778,35.18718],[140.05801,35.18739],[140.05885,35.18872],[140.05896,35.18852],[140.05922,35.1888],[140.05947,35.18956],[140.05983,35.18973],[140.05984,35.18997],[140.05968,35.19017],[140.05926,35.19041],[140.05807,35.19062],[140.05735,35.19079],[140.05687,35.19096],[140.0566,35.19147],[140.05665,35.19192],[140.05692,35.19266],[140.05708,35.19339],[140.05709,35.19367],[140.05691,35.19384],[140.05652,35.19397],[140.05595,35.19405],[140.05576,35.19426],[140.05571,35.19469],[140.05586,35.19513],[140.05614,35.19522],[140.05749,35.19536],[140.05946,35.19537],[140.06081,35.19549],[140.06138,35.1958],[140.06152,35.19639],[140.06182,35.19631],[140.06206,35.19658],[140.06188,35.19687],[140.06149,35.19685],[140.06258,35.19776],[140.06256,35.19834],[140.06161,35.1998],[140.06166,35.20001],[140.0643,35.2011],[140.06434,35.20125],[140.06338,35.20255],[140.06309,35.20212],[140.06281,35.20219],[140.06271,35.20241],[140.06299,35.2032],[140.06313,35.20411],[140.06301,35.20422],[140.06209,35.20374],[140.06181,35.20374],[140.06129,35.20385],[140.06083,35.20413],[140.06046,35.20461],[140.06005,35.20547],[140.05984,35.20561],[140.05941,35.20561],[140.05902,35.20512],[140.05863,35.20476],[140.0583,35.20467],[140.05782,35.20471],[140.05716,35.20509],[140.05688,35.2054],[140.05633,35.20573],[140.05592,35.20607],[140.05572,35.20653],[140.05577,35.20676],[140.05607,35.20687],[140.05653,35.2069],[140.05698,35.20703],[140.05714,35.20749],[140.05742,35.20793],[140.05791,35.20803],[140.05815,35.20796],[140.0589,35.2076],[140.05937,35.20733],[140.06001,35.20704],[140.06047,35.20689],[140.06103,35.20688],[140.06136,35.20708],[140.06192,35.20771],[140.06195,35.20814],[140.06179,35.20843],[140.06102,35.2095],[140.06083,35.20988],[140.06086,35.21063],[140.06113,35.21096],[140.06153,35.21125],[140.06221,35.21143],[140.06304,35.21151],[140.06333,35.21188],[140.06356,35.21319],[140.06381,35.21424],[140.064,35.21469],[140.06447,35.21498],[140.06546,35.21476],[140.06708,35.21424],[140.06827,35.21434],[140.06871,35.21475],[140.06988,35.21718],[140.06985,35.21728],[140.06829,35.2179],[140.06867,35.2179],[140.0693,35.21762],[140.06961,35.2176],[140.07004,35.21718],[140.07036,35.21713],[140.07039,35.21681],[140.07062,35.21641],[140.07088,35.21663],[140.07118,35.21754],[140.07108,35.21766],[140.07027,35.21769],[140.06976,35.2178],[140.0693,35.21798],[140.06821,35.21807],[140.06764,35.21824],[140.06732,35.21845],[140.06635,35.21929],[140.06536,35.21996],[140.06477,35.2202],[140.06426,35.2203],[140.06339,35.22041],[140.06291,35.22053],[140.06256,35.22072],[140.0623,35.22101],[140.06209,35.22173],[140.0617,35.22228],[140.06149,35.22227],[140.06094,35.22168],[140.06051,35.22135],[140.05984,35.22101],[140.05876,35.22066],[140.05814,35.22059],[140.05762,35.22062],[140.05721,35.22073],[140.05686,35.22101],[140.05673,35.22132],[140.05717,35.222],[140.05761,35.22237],[140.05759,35.22262],[140.05703,35.22268],[140.05721,35.22236],[140.05695,35.22218],[140.05614,35.22378],[140.05599,35.22374],[140.0548,35.22262],[140.05449,35.22264],[140.05382,35.22365],[140.05429,35.22358],[140.05468,35.22342],[140.05504,35.22397],[140.05566,35.22438],[140.05602,35.22449],[140.05652,35.22442],[140.05617,35.22487],[140.05571,35.22487],[140.05473,35.22407],[140.05444,35.22402],[140.05393,35.22409],[140.05312,35.22472],[140.05281,35.22488],[140.05227,35.2249],[140.04875,35.22361],[140.04709,35.22345],[140.04625,35.22334],[140.04489,35.22332],[140.04422,35.22342],[140.04398,35.2236],[140.04361,35.22488],[140.04327,35.22546],[140.04282,35.22581],[140.04234,35.22611],[140.04105,35.22678],[140.0406,35.22731],[140.04021,35.22832],[140.03992,35.22861],[140.03902,35.22826],[140.0387,35.22822],[140.03827,35.22846],[140.03788,35.229],[140.03711,35.22931],[140.0371,35.22972],[140.03694,35.22977],[140.03683,35.23033]],[[140.04431,35.22239],[140.04521,35.22265],[140.04625,35.22282],[140.04747,35.2228],[140.04482,35.22118],[140.04453,35.22136],[140.04425,35.22239],[140.04431,35.22239]],[[140.06275,35.21871],[140.06259,35.21887],[140.06146,35.22088],[140.06136,35.22095],[140.06067,35.22093],[140.06161,35.22174],[140.06189,35.22161],[140.06177,35.22136],[140.06191,35.22088],[140.0623,35.22027],[140.06259,35.22008],[140.06286,35.22009],[140.06323,35.22026],[140.06344,35.22022],[140.06397,35.21989],[140.06454,35.21972],[140.06485,35.21949],[140.0629,35.21872],[140.06275,35.21871]],[[140.04488,35.18103],[140.04421,35.17946],[140.04348,35.17847],[140.04328,35.17918],[140.04325,35.17994],[140.04391,35.18028],[140.0445,35.18088],[140.04488,35.18103]],[[140.01995,35.179],[140.02024,35.17882],[140.02051,35.17838],[140.02064,35.17805],[140.0206,35.17766],[140.02028,35.17733],[140.02025,35.17711],[140.02051,35.17691],[140.02056,35.17662],[140.02022,35.17635],[140.01994,35.17645],[140.01979,35.17665],[140.01977,35.17716],[140.01983,35.17731],[140.01973,35.1777],[140.01953,35.17801],[140.01896,35.17868],[140.01904,35.17879],[140.01995,35.179]],[[139.99058,35.21238],[139.99097,35.21191],[139.99154,35.21157],[139.99169,35.21141],[139.99118,35.21119],[139.99074,35.2113],[139.99052,35.21166],[139.9903,35.21165],[139.98998,35.21126],[139.98951,35.21127],[139.98946,35.21172],[139.98954,35.21201],[139.98993,35.21234],[139.99045,35.21248],[139.99058,35.21238]],[[139.98877,35.2139],[139.98846,35.21384],[139.98834,35.21401],[139.98829,35.21463],[139.98852,35.21512],[139.98891,35.21522],[139.98916,35.21541],[139.98984,35.21509],[139.98996,35.21493],[139.98985,35.21449],[139.98968,35.21436],[139.98943,35.21444],[139.98935,35.21407],[139.98922,35.21392],[139.98877,35.2139]],[[140.00804,35.17505],[140.0084,35.17521],[140.00926,35.17478],[140.00951,35.17431],[140.00948,35.17349],[140.00936,35.17284],[140.00906,35.17217],[140.00882,35.1719],[140.00911,35.17129],[140.00982,35.17066],[140.00966,35.17027],[140.00903,35.17005],[140.00902,35.16958],[140.00955,35.1691],[140.00949,35.16898],[140.00876,35.16865],[140.00873,35.1681],[140.00877,35.16777],[140.00827,35.16775],[140.00807,35.16749],[140.00759,35.16719],[140.00719,35.16681],[140.00686,35.16695],[140.00628,35.16699],[140.0061,35.16716],[140.00585,35.16758],[140.00575,35.16838],[140.00567,35.16872],[140.006,35.16889],[140.00651,35.1686],[140.00727,35.16825],[140.00763,35.16825],[140.00794,35.16841],[140.0082,35.16881],[140.00782,35.16945],[140.00753,35.17016],[140.0073,35.17042],[140.00679,35.17069],[140.0065,35.17097],[140.00651,35.17119],[140.00681,35.17125],[140.00784,35.17106],[140.008,35.17117],[140.00813,35.17243],[140.00877,35.17319],[140.00839,35.17343],[140.0081,35.17342],[140.00737,35.17291],[140.00713,35.17291],[140.00711,35.17323],[140.00724,35.17351],[140.00785,35.17437],[140.00804,35.17505]],[[140.03905,35.17129],[140.03948,35.17157],[140.03957,35.17181],[140.03987,35.17198],[140.0401,35.17261],[140.04006,35.17287],[140.04012,35.17329],[140.04041,35.17373],[140.04041,35.17442],[140.0407,35.17457],[140.04059,35.17412],[140.04012,35.1714],[140.04004,35.17131],[140.03743,35.16966],[140.03555,35.16811],[140.0353,35.16822],[140.03584,35.16912],[140.0361,35.16928],[140.03663,35.16974],[140.03673,35.17006],[140.0373,35.17072],[140.03772,35.17077],[140.03835,35.17124],[140.03905,35.17129]],[[140.00887,35.16442],[140.00873,35.16461],[140.00861,35.16546],[140.00823,35.16585],[140.0083,35.16608],[140.0086,35.16618],[140.00911,35.16614],[140.00921,35.16583],[140.009,35.1657],[140.00907,35.16541],[140.00938,35.16529],[140.00956,35.16469],[140.00952,35.16457],[140.00917,35.16443],[140.00887,35.16442]],[[140.00998,35.159],[140.00986,35.15907],[140.00964,35.15949],[140.00961,35.15973],[140.00981,35.16016],[140.00986,35.16097],[140.01017,35.16104],[140.01019,35.16021],[140.0104,35.15984],[140.01049,35.1595],[140.01039,35.15922],[140.00998,35.159]]],[[[140.03117,35.2313],[140.03094,35.23138],[140.03023,35.23139],[140.0299,35.23128],[140.02995,35.23101],[140.0302,35.23059],[140.03036,35.23093],[140.03113,35.23096],[140.03117,35.2313]]],[[[140.03556,35.23198],[140.03526,35.23205],[140.03431,35.23193],[140.03335,35.23195],[140.03289,35.23191],[140.03286,35.23167],[140.0334,35.23174],[140.03474,35.23169],[140.03522,35.23186],[140.0356,35.23163],[140.03593,35.23117],[140.03615,35.23118],[140.03635,35.23097],[140.03707,35.23103],[140.0373,35.23118],[140.03684,35.2316],[140.03642,35.23139],[140.03613,35.23136],[140.03593,35.2315],[140.03581,35.23178],[140.03556,35.23198]]]]},"properties":{"hoanrinKind":"保安林"}},
{"type":"Feature","geometry":{"type":"Polygon","coordinates":[[[139.95893,35.22871],[139.95935,35.22923],[139.95981,35.22928],[139.96028,35.22948],[139.96018,35.22965],[139.95946,35.23021],[139.95853,35.23061],[139.95814,35.23103],[139.95755,35.23191],[139.95732,35.232],[139.95655,35.23124],[139.95605,35.23063],[139.95549,35.22983],[139.95498,35.22915],[139.95433,35.22884],[139.95379,35.22869],[139.95333,35.2287],[139.95231,35.22753],[139.95195,35.22731],[139.95175,35.22696],[139.95189,35.22679],[139.95246,35.22655],[139.95304,35.22649],[139.95376,35.2263],[139.95416,35.22626],[139.95432,35.22644],[139.9548,35.22678],[139.95545,35.2269],[139.95764,35.22806],[139.95893,35.22871]]]},"properties":{"hoanrinKind":"保安林"}},
{"type":"Feature","geometry":{"type":"Polygon","coordinates":[[[140.01662,35.23175],[140.01692,35.23185],[140.01775,35.23199],[140.01781,35.23211],[140.01731,35.23236],[140.01665,35.23251],[140.01569,35.23251],[140.01561,35.23241],[140.01577,35.23199],[140.01596,35.23172],[140.01662,35.23175]]]},"properties":{"hoanrinKind":"保安林"}},
{"type":"Feature","geometry":{"type":"Polygon","coordinates":[[[140.07635,35.23263],[140.07627,35.23304],[140.07562,35.23273],[140.07564,35.23246],[140.07472,35.23232],[140.07459,35.23199],[140.0748,35.23178],[140.07556,35.23192],[140.07618,35.23199],[140.07636,35.23224],[140.07635,35.23263]]]},"properties":{"hoanrinKind":"保安林"}},
{"type":"Feature","geometry":{"type":"Polygon","coordinates":[[[140.01555,35.2337],[140.01523,35.23374],[140.01486,35.23351],[140.01418,35.23361],[140.01399,35.23325],[140.01434,35.23325],[140.01471,35.23314],[140.01523,35.23288],[140.01636,35.23312],[140.01608,35.23345],[140.01555,35.2337]]]},"properties":{"hoanrinKind":"保安林"}},
{"type":"Feature","geometry":{"type":"MultiPolygon","coordinates":[[[[139.97337,35.22825],[139.97407,35.22896],[139.97368,35.22882],[139.97348,35.22856],[139.97337,35.22825]]],[[[139.96718,35.22928],[139.96814,35.22951],[139.968,35.22965],[139.96781,35.2302],[139.96725,35.23077],[139.96685,35.2309],[139.9671,35.22934],[139.96718,35.22928]]],[[[139.96638,35.23073],[139.96614,35.23092],[139.96566,35.2307],[139.96503,35.23072],[139.9652,35.23051],[139.96504,35.23025],[139.96445,35.23009],[139.96375,35.22967],[139.96314,35.22969],[139.96306,35.22932],[139.96292,35.22917],[139.96244,35.22894],[139.9633,35.22846],[139.96401,35.22767],[139.965,35.22642],[139.96575,35.22455],[139.96631,35.22456],[139.96696,35.22467],[139.96753,35.22494],[139.9685,35.22554],[139.96894,35.22586],[139.96989,35.22603],[139.96973,35.2267],[139.96958,35.22683],[139.96907,35.22696],[139.96876,35.22712],[139.96863,35.22735],[139.96898,35.22838],[139.96892,35.22853],[139.96828,35.22856],[139.9681,35.22865],[139.96762,35.2291],[139.96718,35.22909],[139.96657,35.22952],[139.96651,35.22966],[139.96655,35.23034],[139.96638,35.23073]]],[[[139.96755,35.23272],[139.96794,35.23303],[139.96798,35.23357],[139.96777,35.23353],[139.96728,35.23279],[139.96755,35.23272]]],[[[139.97157,35.23408],[139.97084,35.23423],[139.96858,35.23348],[139.96845,35.23337],[139.96697,35.23136],[139.96722,35.2312],[139.96795,35.23097],[139.96869,35.23084],[139.96998,35.23071],[139.97102,35.23046],[139.97148,35.23028],[139.97154,35.23001],[139.97138,35.22956],[139.97116,35.22936],[139.97082,35.22959],[139.9705,35.22963],[139.97028,35.22955],[139.97014,35.22933],[139.96988,35.22928],[139.96951,35.22992],[139.96926,35.23022],[139.96876,35.23033],[139.96847,35.23008],[139.96838,35.22957],[139.96932,35.2298],[139.96953,35.2296],[139.96961,35.22736],[139.96988,35.22723],[139.97001,35.22759],[139.97016,35.22769],[139.97056,35.22747],[139.9712,35.22644],[139.97152,35.22644],[139.97171,35.22678],[139.97127,35.22713],[139.97217,35.22706],[139.97248,35.22758],[139.97273,35.22777],[139.9749,35.23153],[139.9748,35.23164],[139.97355,35.23259],[139.97394,35.23251],[139.9741,35.23288],[139.97368,35.23287],[139.97305,35.23322],[139.97212,35.2339],[139.97157,35.23408]]]]},"properties":{"hoanrinKind":"保安林"}},
{"type":"Feature","geometry":{"type":"MultiPolygon","coordinates":[[[[140.07214,35.23348],[140.07204,35.23378],[140.0717,35.23357],[140.07214,35.23348]]],[[[140.07212,35.23427],[140.07274,35.23476],[140.07275,35.2352],[140.07216,35.23513],[140.07186,35.23482],[140.07193,35.23436],[140.07212,35.23427]]]]},"properties":{"hoanrinKind":"保安林"}},
{"type":"Feature","geometry":{"type":"Polygon","coordinates":[[[139.87389,35.23472],[139.87312,35.23503],[139.87245,35.23517],[139.87189,35.23514],[139.87152,35.23492],[139.87142,35.23467],[139.8711,35.23478],[139.87111,35.235],[139.87059,35.23485],[139.87025,35.23459],[139.87004,35.23431],[139.87039,35.23406],[139.87015,35.23352],[139.87046,35.23337],[139.87066,35.23419],[139.87127,35.23424],[139.87173,35.23453],[139.87183,35.23431],[139.87157,35.23389],[139.87179,35.23365],[139.87244,35.2337],[139.87276,35.23391],[139.87345,35.23382],[139.87392,35.23408],[139.87404,35.23383],[139.87472,35.234],[139.87496,35.23397],[139.87502,35.23426],[139.87473,35.23444],[139.87389,35.23472]]]},"properties":{"hoanrinKind":"保安林"}},
{"type":"Feature","geometry":{"type":"Polygon","coordinates":[[[140.03061,35.23521],[140.03088,35.23535],[140.03135,35.23629],[140.03177,35.23686],[140.03271,35.2376],[140.0319,35.23834],[140.03165,35.23849],[140.0312,35.23856],[140.03046,35.23805],[140.02991,35.23745],[140.02964,35.23701],[140.02945,35.23629],[140.02945,35.23598],[140.02984,35.23549],[140.03041,35.2352],[140.03061,35.23521]]]},"properties":{"hoanrinKind":"保安林"}},
{"type":"Feature","geometry":{"type":"MultiPolygon","coordinates":[[[[140.22042,35.1502],[140.21981,35.15011],[140.21943,35.14995],[140.21988,35.14972],[140.22029,35.14974],[140.22064,35.14993],[140.22069,35.15017],[140.22042,35.1502]]],[[[140.2446,35.16421],[140.24473,35.16466],[140.24437,35.16448],[140.2446,35.16421]]],[[[140.05626,35.16862],[140.05652,35.16898],[140.05675,35.16981],[140.05653,35.17005],[140.05618,35.16914],[140.05626,35.16862]]],[[[140.05995,35.17077],[140.06017,35.17045],[140.06044,35.17057],[140.05995,35.17077]]],[[[140.23854,35.16977],[140.23848,35.17012],[140.23813,35.1706],[140.23796,35.17132],[140.23779,35.1713],[140.2377,35.17079],[140.23788,35.17061],[140.23823,35.16998],[140.23854,35.16977]]],[[[140.24114,35.17255],[140.24063,35.17233],[140.24042,35.17179],[140.24089,35.17202],[140.24142,35.17214],[140.24163,35.17229],[140.24146,35.17248],[140.24114,35.17255]]],[[[140.16696,35.17366],[140.16727,35.17327],[140.16731,35.17362],[140.16696,35.17366]]],[[[140.06462,35.17584],[140.06485,35.17614],[140.06496,35.17653],[140.06475,35.1765],[140.06462,35.17584]]],[[[140.22822,35.18049],[140.22803,35.1804],[140.22791,35.18015],[140.2284,35.18027],[140.22822,35.18049]]],[[[140.06556,35.18163],[140.06581,35.18202],[140.06559,35.18229],[140.06556,35.18163]]],[[[140.25594,35.18197],[140.25597,35.18238],[140.25592,35.18319],[140.25541,35.18343],[140.25472,35.18317],[140.25425,35.18214],[140.25397,35.18187],[140.25373,35.18199],[140.25378,35.18242],[140.25398,35.18313],[140.25373,35.18325],[140.25354,35.18313],[140.25303,35.1823],[140.25272,35.18201],[140.25186,35.18177],[140.25112,35.18161],[140.25105,35.18132],[140.25087,35.18131],[140.25056,35.18105],[140.25078,35.18043],[140.25096,35.17948],[140.2512,35.1787],[140.25259,35.17743],[140.25329,35.17672],[140.25489,35.17591],[140.25517,35.17593],[140.25478,35.1766],[140.25475,35.17698],[140.25482,35.1773],[140.25513,35.17768],[140.25661,35.17836],[140.25683,35.17889],[140.2568,35.17964],[140.25702,35.17994],[140.25686,35.18066],[140.25665,35.18048],[140.25612,35.18025],[140.25569,35.18018],[140.25529,35.18003],[140.25465,35.17959],[140.25417,35.17912],[140.25386,35.17906],[140.25375,35.17929],[140.25385,35.17963],[140.25334,35.17983],[140.25328,35.18015],[140.25408,35.18015],[140.25462,35.18024],[140.25513,35.18079],[140.25545,35.18127],[140.25621,35.18169],[140.25594,35.18197]]],[[[140.22501,35.18365],[140.22493,35.18339],[140.22498,35.18315],[140.22534,35.18309],[140.22573,35.18288],[140.2258,35.18271],[140.22543,35.18187],[140.22577,35.18099],[140.22508,35.18071],[140.22506,35.18038],[140.22538,35.18018],[140.22572,35.18014],[140.22593,35.17982],[140.22759,35.18078],[140.22767,35.18088],[140.22732,35.18126],[140.22501,35.18365]]],[[[140.22574,35.18692],[140.226,35.187],[140.22551,35.18724],[140.22548,35.18708],[140.22574,35.18692]]],[[[140.2524,35.18743],[140.25223,35.18784],[140.25171,35.18756],[140.25177,35.18689],[140.25115,35.1864],[140.25059,35.18569],[140.25003,35.18494],[140.24932,35.18433],[140.24954,35.18347],[140.2497,35.18412],[140.25026,35.18493],[140.25221,35.18692],[140.2524,35.18743]]],[[[140.22533,35.1875],[140.2248,35.18808],[140.22418,35.18828],[140.22391,35.1885],[140.22397,35.1893],[140.22379,35.18988],[140.22336,35.18961],[140.22273,35.18895],[140.22238,35.1887],[140.22144,35.18831],[140.221,35.18803],[140.22089,35.18746],[140.22103,35.18686],[140.22134,35.18627],[140.22177,35.18676],[140.22201,35.18682],[140.22244,35.18671],[140.22297,35.18648],[140.22329,35.18659],[140.22346,35.18695],[140.2237,35.18726],[140.22415,35.18727],[140.22452,35.18749],[140.22483,35.1875],[140.22518,35.18736],[140.22533,35.1875]]],[[[140.08996,35.1943],[140.08985,35.19473],[140.08965,35.195],[140.08926,35.19529],[140.0893,35.19494],[140.08967,35.19446],[140.08996,35.1943]]],[[[140.14143,35.19629],[140.14122,35.1965],[140.14064,35.19665],[140.14087,35.19604],[140.14092,35.19559],[140.14147,35.19605],[140.14164,35.19609],[140.14199,35.19594],[140.14215,35.19602],[140.14209,35.19628],[140.1417,35.19638],[140.14143,35.19629]]],[[[140.0862,35.19723],[140.08729,35.19725],[140.08676,35.1974],[140.08579,35.19741],[140.0849,35.19736],[140.0849,35.19717],[140.08527,35.19722],[140.0862,35.19723]]],[[[140.21075,35.20627],[140.21132,35.20668],[140.21234,35.20736],[140.21321,35.20783],[140.21325,35.208],[140.21372,35.20835],[140.21396,35.20869],[140.21376,35.20895],[140.21314,35.20892],[140.2126,35.20883],[140.21194,35.20865],[140.21138,35.20837],[140.21119,35.20805],[140.21068,35.20757],[140.20994,35.207],[140.20967,35.20691],[140.20982,35.20662],[140.21023,35.20619],[140.21028,35.20596],[140.21075,35.20627]]],[[[140.18135,35.21002],[140.18075,35.21003],[140.18072,35.20988],[140.18135,35.21002]]],[[[140.25979,35.2089],[140.25956,35.20928],[140.25929,35.20946],[140.25887,35.2099],[140.2587,35.20958],[140.25892,35.20934],[140.25929,35.20912],[140.2596,35.20879],[140.25979,35.2089]]],[[[140.15314,35.20926],[140.15343,35.2096],[140.15348,35.20979],[140.15316,35.20995],[140.15291,35.21039],[140.15243,35.21023],[140.15232,35.21006],[140.15267,35.20996],[140.15278,35.20982],[140.1527,35.20947],[140.15278,35.20926],[140.15314,35.20926]]],[[[140.20789,35.20832],[140.20705,35.20842],[140.20643,35.20858],[140.20603,35.20881],[140.2056,35.20932],[140.20541,35.21058],[140.20524,35.21072],[140.20495,35.21064],[140.20523,35.21042],[140.20531,35.21021],[140.20533,35.2095],[140.20523,35.20914],[140.20534,35.20834],[140.20564,35.20822],[140.20633,35.20828],[140.20683,35.20812],[140.2073,35.20808],[140.20791,35.2078],[140.20921,35.20737],[140.20895,35.20776],[140.20832,35.20814],[140.20789,35.20832]]],[[[140.25781,35.21081],[140.25746,35.21098],[140.25719,35.21086],[140.25778,35.21054],[140.2581,35.21046],[140.25868,35.21055],[140.25843,35.21091],[140.25806,35.2108],[140.25781,35.21081]]],[[[140.19505,35.21225],[140.1952,35.21245],[140.19558,35.21269],[140.19453,35.21244],[140.19442,35.21223],[140.19465,35.21208],[140.19505,35.21225]]],[[[140.19666,35.21258],[140.19644,35.21285],[140.19613,35.21282],[140.19625,35.21258],[140.19666,35.21258]]],[[[140.1482,35.21337],[140.14798,35.21327],[140.14842,35.21255],[140.1486,35.21234],[140.14905,35.21222],[140.149,35.2115],[140.1488,35.21136],[140.14894,35.21097],[140.1488,35.21059],[140.14926,35.21015],[140.14929,35.2106],[140.14975,35.21094],[140.14983,35.21144],[140.14962,35.21181],[140.1494,35.21198],[140.14919,35.21262],[140.14882,35.21264],[140.14851,35.21282],[140.14824,35.21314],[140.1482,35.21337]]],[[[140.15171,35.21339],[140.15155,35.21374],[140.15137,35.21348],[140.15111,35.21332],[140.15058,35.2132],[140.15062,35.21303],[140.15093,35.21309],[140.15113,35.213],[140.15141,35.2127],[140.15237,35.21263],[140.15252,35.2129],[140.1525,35.21312],[140.15181,35.21282],[140.15171,35.21299],[140.15171,35.21339]]],[[[140.16061,35.21732],[140.16012,35.2173],[140.16018,35.21697],[140.16064,35.21691],[140.16093,35.21703],[140.16061,35.21732]]],[[[140.19817,35.21593],[140.19736,35.21661],[140.19651,35.21717],[140.19555,35.21748],[140.19511,35.21752],[140.19422,35.21784],[140.19431,35.2174],[140.19559,35.21685],[140.19684,35.21634],[140.19726,35.21587],[140.19745,35.21549],[140.19766,35.21566],[140.19799,35.21556],[140.19825,35.2153],[140.19882,35.2153],[140.19817,35.21593]]],[[[140.16303,35.21675],[140.16298,35.21705],[140.16258,35.21721],[140.1624,35.21747],[140.1623,35.21804],[140.1621,35.21769],[140.1623,35.21724],[140.16221,35.21701],[140.16192,35.21687],[140.16197,35.21673],[140.16234,35.21649],[140.16259,35.21671],[140.16303,35.21675]]],[[[140.25199,35.21792],[140.25162,35.21839],[140.25144,35.21847],[140.25088,35.21767],[140.25086,35.21738],[140.25047,35.21684],[140.2504,35.21634],[140.24954,35.21566],[140.24914,35.21544],[140.24845,35.21482],[140.24808,35.21434],[140.24683,35.21472],[140.24667,35.21458],[140.246,35.21435],[140.2459,35.21425],[140.24578,35.21353],[140.24596,35.2128],[140.24581,35.21184],[140.24579,35.21144],[140.24591,35.21117],[140.24589,35.21076],[140.24579,35.21048],[140.24554,35.21032],[140.24536,35.20996],[140.245,35.20969],[140.24455,35.20961],[140.24443,35.20949],[140.2446,35.20894],[140.24449,35.20797],[140.24448,35.2074],[140.24442,35.20701],[140.24444,35.2066],[140.24462,35.20622],[140.24496,35.20576],[140.24489,35.20555],[140.24453,35.20528],[140.24425,35.20487],[140.24423,35.20462],[140.24453,35.20374],[140.24467,35.20357],[140.24527,35.20329],[140.24528,35.2021],[140.24494,35.20145],[140.24455,35.20101],[140.24459,35.20069],[140.24474,35.20052],[140.24476,35.19978],[140.24504,35.19904],[140.24571,35.19833],[140.24578,35.19806],[140.24574,35.19736],[140.24586,35.19688],[140.24544,35.19665],[140.24484,35.19656],[140.24478,35.19642],[140.24493,35.19606],[140.24511,35.19545],[140.24543,35.19505],[140.24552,35.19453],[140.24557,35.19374],[140.24554,35.19341],[140.24579,35.19275],[140.24588,35.19237],[140.24586,35.19189],[140.24547,35.19062],[140.24502,35.19057],[140.24477,35.19094],[140.2444,35.19122],[140.24417,35.19163],[140.24353,35.19171],[140.24403,35.19194],[140.24421,35.19193],[140.24478,35.19158],[140.24531,35.19143],[140.24544,35.19151],[140.24568,35.19193],[140.24573,35.19217],[140.2457,35.19277],[140.24545,35.19339],[140.24531,35.19472],[140.24496,35.19568],[140.24492,35.19601],[140.24474,35.19651],[140.24463,35.19657],[140.24368,35.19657],[140.24328,35.19651],[140.24324,35.19638],[140.24347,35.19589],[140.24382,35.19529],[140.2439,35.19486],[140.24382,35.19436],[140.2434,35.19419],[140.24288,35.19414],[140.24282,35.19372],[140.24296,35.19328],[140.24285,35.19278],[140.24271,35.19253],[140.2422,35.19267],[140.24145,35.19348],[140.2412,35.19403],[140.24084,35.19496],[140.24052,35.19517],[140.24018,35.19507],[140.23965,35.19482],[140.23937,35.19486],[140.23913,35.19466],[140.23927,35.19445],[140.23988,35.19405],[140.24001,35.19381],[140.23995,35.19328],[140.23983,35.19298],[140.2395,35.19261],[140.23963,35.19231],[140.23996,35.19194],[140.2404,35.19164],[140.24137,35.19121],[140.24127,35.191],[140.24028,35.19108],[140.24006,35.19101],[140.23999,35.19081],[140.24041,35.19043],[140.24102,35.19004],[140.24127,35.18959],[140.24192,35.18939],[140.24197,35.18925],[140.2416,35.18882],[140.24164,35.18833],[140.24191,35.18786],[140.24161,35.18768],[140.24112,35.18841],[140.24059,35.18947],[140.24034,35.18977],[140.23986,35.18993],[140.23939,35.18968],[140.23977,35.1891],[140.24038,35.18781],[140.24057,35.18755],[140.24102,35.18712],[140.24127,35.1865],[140.2416,35.186],[140.24127,35.18567],[140.24105,35.18537],[140.24077,35.18451],[140.24052,35.18403],[140.2401,35.18357],[140.23966,35.18335],[140.239,35.18294],[140.23838,35.18323],[140.23791,35.18351],[140.23761,35.18391],[140.23744,35.18427],[140.23707,35.18472],[140.23689,35.18503],[140.23685,35.18546],[140.23692,35.18658],[140.23716,35.18679],[140.23761,35.18689],[140.23776,35.18709],[140.23786,35.18766],[140.23779,35.18817],[140.23765,35.18862],[140.23732,35.18926],[140.23666,35.19004],[140.23636,35.19045],[140.23627,35.19128],[140.23617,35.1916],[140.23501,35.19372],[140.23484,35.19468],[140.23486,35.19523],[140.23497,35.19649],[140.23493,35.19692],[140.23482,35.19717],[140.2346,35.19727],[140.2342,35.19721],[140.23326,35.19641],[140.23375,35.19484],[140.23381,35.19452],[140.23382,35.19365],[140.23414,35.19348],[140.23429,35.19309],[140.23471,35.19253],[140.23479,35.19228],[140.23532,35.19196],[140.2353,35.19178],[140.23495,35.19175],[140.23501,35.19127],[140.23497,35.19076],[140.23502,35.19029],[140.23531,35.18955],[140.2356,35.18909],[140.2368,35.18794],[140.23731,35.18749],[140.23709,35.18738],[140.2359,35.18791],[140.23553,35.18783],[140.23552,35.18759],[140.23572,35.18714],[140.23627,35.18633],[140.23631,35.1861],[140.23629,35.18527],[140.23671,35.18452],[140.23666,35.18397],[140.23678,35.18366],[140.23707,35.18328],[140.23777,35.18275],[140.23776,35.18262],[140.23736,35.18244],[140.23719,35.18212],[140.23725,35.18185],[140.2376,35.18098],[140.23755,35.18053],[140.23725,35.18021],[140.23685,35.18059],[140.2368,35.18112],[140.23658,35.18177],[140.23641,35.1819],[140.23604,35.18195],[140.23563,35.18187],[140.23497,35.18138],[140.23462,35.18116],[140.23436,35.18136],[140.2349,35.18183],[140.23559,35.18233],[140.23636,35.1828],[140.23657,35.18314],[140.23657,35.18341],[140.23635,35.18369],[140.23612,35.18377],[140.23514,35.18361],[140.23507,35.18392],[140.23531,35.18415],[140.23563,35.18464],[140.23571,35.18511],[140.23562,35.18561],[140.23514,35.18663],[140.23485,35.18746],[140.23483,35.18803],[140.23412,35.18805],[140.23346,35.18823],[140.23299,35.1883],[140.23253,35.18826],[140.2316,35.18766],[140.23094,35.18686],[140.23052,35.18657],[140.22985,35.18645],[140.22949,35.18646],[140.22918,35.18661],[140.22878,35.18702],[140.22827,35.18767],[140.22778,35.18816],[140.22704,35.18864],[140.22623,35.18898],[140.22534,35.18906],[140.22472,35.18893],[140.225,35.1885],[140.2256,35.18798],[140.22579,35.18794],[140.22608,35.18765],[140.22637,35.18747],[140.22751,35.18695],[140.22786,35.18662],[140.2286,35.18572],[140.22904,35.18543],[140.23042,35.18482],[140.23031,35.18462],[140.23001,35.18466],[140.22927,35.18489],[140.22872,35.18522],[140.2283,35.1856],[140.22797,35.18597],[140.22763,35.18622],[140.2276,35.18593],[140.22786,35.18569],[140.22847,35.18472],[140.22908,35.18411],[140.22965,35.18379],[140.22977,35.18354],[140.22984,35.18292],[140.2303,35.1828],[140.2312,35.18234],[140.23129,35.18211],[140.23097,35.18151],[140.231,35.18107],[140.23118,35.18099],[140.23018,35.18011],[140.22968,35.18009],[140.22941,35.17987],[140.22978,35.1798],[140.22988,35.17959],[140.22989,35.17919],[140.22979,35.17837],[140.22959,35.17788],[140.22929,35.17736],[140.22909,35.17656],[140.22918,35.17569],[140.22954,35.175],[140.22991,35.17467],[140.23036,35.17529],[140.23158,35.17561],[140.23133,35.17594],[140.23094,35.17669],[140.23114,35.1768],[140.23172,35.17645],[140.23227,35.17578],[140.23321,35.17602],[140.23332,35.17601],[140.23403,35.1749],[140.23419,35.17476],[140.2346,35.17415],[140.23458,35.17373],[140.23438,35.17348],[140.2341,35.17347],[140.23389,35.17335],[140.23405,35.17297],[140.23468,35.17173],[140.23512,35.17068],[140.23525,35.17069],[140.23568,35.17103],[140.23582,35.17061],[140.23626,35.17008],[140.23621,35.16996],[140.23575,35.16985],[140.23606,35.16932],[140.23614,35.16876],[140.23566,35.16863],[140.23535,35.16846],[140.23526,35.16819],[140.23527,35.16644],[140.23507,35.16652],[140.23481,35.1669],[140.23475,35.16795],[140.23454,35.16824],[140.23436,35.1682],[140.23423,35.16791],[140.23419,35.16736],[140.23406,35.16694],[140.23368,35.16658],[140.23358,35.16605],[140.23367,35.16546],[140.23353,35.16505],[140.23352,35.16475],[140.23399,35.16418],[140.2334,35.16403],[140.23356,35.16338],[140.23348,35.163],[140.23295,35.16226],[140.23298,35.16186],[140.23276,35.1614],[140.23298,35.16115],[140.23322,35.16115],[140.23376,35.16143],[140.23391,35.1613],[140.23363,35.16084],[140.23361,35.16058],[140.23394,35.16069],[140.23499,35.16063],[140.23651,35.16024],[140.23692,35.16008],[140.23767,35.15933],[140.23848,35.15837],[140.2391,35.15801],[140.23953,35.15801],[140.23992,35.1581],[140.24007,35.15844],[140.23999,35.15894],[140.23983,35.15928],[140.23859,35.16017],[140.23861,35.1603],[140.23901,35.1603],[140.23976,35.16209],[140.23928,35.16239],[140.23926,35.16258],[140.23949,35.16279],[140.24003,35.16273],[140.24018,35.16308],[140.24036,35.16321],[140.24089,35.1634],[140.24194,35.16345],[140.24181,35.16375],[140.24332,35.16431],[140.24305,35.16482],[140.24241,35.16512],[140.24124,35.16456],[140.24075,35.16452],[140.24085,35.165],[140.24179,35.16549],[140.24129,35.16579],[140.24148,35.16611],[140.2418,35.16617],[140.24234,35.16584],[140.24275,35.16571],[140.24292,35.16594],[140.24281,35.16611],[140.24204,35.16623],[140.24176,35.16648],[140.2415,35.16646],[140.24123,35.16601],[140.24108,35.16561],[140.24082,35.16553],[140.24059,35.1657],[140.24048,35.16658],[140.24031,35.16731],[140.23955,35.16728],[140.23934,35.16769],[140.23936,35.16821],[140.23902,35.16836],[140.23905,35.16871],[140.23922,35.16934],[140.23863,35.1695],[140.23855,35.16974],[140.23697,35.17027],[140.23727,35.17129],[140.2368,35.17143],[140.23712,35.17176],[140.23742,35.17184],[140.23771,35.1724],[140.23742,35.1726],[140.23703,35.17275],[140.23692,35.17306],[140.23694,35.17358],[140.23637,35.17398],[140.23564,35.17384],[140.23543,35.17399],[140.23583,35.17448],[140.23565,35.17474],[140.23407,35.17598],[140.23329,35.17649],[140.23247,35.17692],[140.23147,35.17763],[140.2312,35.17806],[140.2313,35.17815],[140.23247,35.17757],[140.23281,35.17746],[140.23283,35.17816],[140.23264,35.17849],[140.23223,35.17886],[140.23131,35.17935],[140.23135,35.17958],[140.23204,35.17927],[140.23215,35.17976],[140.23236,35.17973],[140.23287,35.18005],[140.23299,35.17988],[140.23298,35.17917],[140.23319,35.17855],[140.23346,35.17797],[140.23378,35.17761],[140.23425,35.17672],[140.2345,35.17634],[140.23582,35.17585],[140.23605,35.17593],[140.23615,35.17644],[140.2355,35.17706],[140.23593,35.17732],[140.23604,35.17759],[140.23601,35.17791],[140.23608,35.17835],[140.23595,35.1785],[140.23526,35.179],[140.23533,35.17921],[140.23582,35.17896],[140.2361,35.17898],[140.23628,35.17915],[140.23669,35.17924],[140.23654,35.1785],[140.23662,35.1781],[140.2366,35.17764],[140.23637,35.17732],[140.23651,35.17701],[140.23638,35.17657],[140.23641,35.17606],[140.23657,35.17564],[140.23743,35.17386],[140.23813,35.1734],[140.23854,35.17338],[140.23866,35.17374],[140.23853,35.1746],[140.23863,35.17509],[140.2385,35.17525],[140.23808,35.17553],[140.23828,35.17597],[140.23862,35.17601],[140.2388,35.17614],[140.23869,35.17645],[140.2382,35.17658],[140.23825,35.17683],[140.23858,35.1773],[140.23894,35.17738],[140.23899,35.17753],[140.23872,35.17837],[140.23903,35.17837],[140.23919,35.17776],[140.23945,35.17722],[140.23966,35.17696],[140.23997,35.17684],[140.2401,35.17661],[140.23993,35.17491],[140.24061,35.17451],[140.2405,35.17438],[140.23994,35.17413],[140.23979,35.17392],[140.23978,35.17367],[140.24073,35.17412],[140.24091,35.17414],[140.24236,35.17396],[140.2428,35.17419],[140.24327,35.17414],[140.24374,35.17379],[140.24413,35.17373],[140.24589,35.17338],[140.24589,35.17356],[140.24548,35.17354],[140.24446,35.17427],[140.24449,35.17451],[140.24505,35.17451],[140.24525,35.17471],[140.24474,35.17561],[140.24419,35.17605],[140.24411,35.17657],[140.24395,35.17686],[140.243,35.17796],[140.24263,35.17886],[140.24237,35.17915],[140.2419,35.1795],[140.24121,35.17967],[140.23988,35.17987],[140.23969,35.18014],[140.23969,35.18033],[140.24028,35.18042],[140.24064,35.18069],[140.24055,35.1816],[140.24004,35.18181],[140.23988,35.18201],[140.24,35.18279],[140.24015,35.18296],[140.24041,35.18286],[140.24072,35.18259],[140.24109,35.18171],[140.2416,35.18127],[140.24227,35.18087],[140.24276,35.18071],[140.24293,35.1798],[140.24316,35.17962],[140.24424,35.17958],[140.24496,35.17929],[140.24501,35.17944],[140.24487,35.17984],[140.24539,35.17993],[140.24546,35.18001],[140.24487,35.18055],[140.24368,35.1817],[140.24378,35.18189],[140.24404,35.18187],[140.2445,35.18164],[140.24517,35.18108],[140.24592,35.18039],[140.24622,35.18023],[140.24666,35.18072],[140.24663,35.18105],[140.24675,35.18155],[140.24752,35.18175],[140.2478,35.18202],[140.2478,35.18225],[140.24759,35.18265],[140.24687,35.18277],[140.24557,35.18268],[140.24446,35.18278],[140.24356,35.18303],[140.24304,35.18353],[140.24322,35.18381],[140.24348,35.18384],[140.24397,35.18374],[140.24469,35.18341],[140.24579,35.18331],[140.24599,35.18344],[140.24576,35.1839],[140.24522,35.18432],[140.2445,35.1848],[140.24357,35.18521],[140.24333,35.18565],[140.24372,35.18578],[140.24429,35.18526],[140.24488,35.18499],[140.24557,35.18482],[140.24645,35.18372],[140.24679,35.18376],[140.24668,35.18429],[140.24665,35.18477],[140.24703,35.18471],[140.24727,35.18441],[140.24766,35.18377],[140.24801,35.18356],[140.24783,35.1846],[140.24793,35.18476],[140.24986,35.18656],[140.24976,35.1867],[140.24974,35.18745],[140.24947,35.18768],[140.24906,35.18774],[140.24863,35.18763],[140.24718,35.18706],[140.24687,35.18706],[140.24658,35.18748],[140.24615,35.18749],[140.24581,35.1874],[140.24504,35.18739],[140.24433,35.18743],[140.24421,35.18761],[140.24478,35.18818],[140.24464,35.18836],[140.24422,35.18852],[140.24414,35.18867],[140.24452,35.18908],[140.24445,35.18967],[140.24497,35.18982],[140.2453,35.18874],[140.24591,35.1885],[140.24606,35.1883],[140.24637,35.1885],[140.246,35.18915],[140.2461,35.18932],[140.24642,35.18935],[140.24703,35.18866],[140.24749,35.18876],[140.24739,35.18913],[140.24773,35.18926],[140.24799,35.18899],[140.24868,35.18862],[140.24973,35.1885],[140.2505,35.18833],[140.25098,35.18835],[140.25107,35.18846],[140.25027,35.18874],[140.25012,35.18896],[140.25025,35.18932],[140.2506,35.18996],[140.25009,35.18996],[140.24944,35.1907],[140.24919,35.19069],[140.24869,35.19048],[140.2478,35.1905],[140.24763,35.19083],[140.24823,35.19145],[140.24879,35.19169],[140.24919,35.19149],[140.24999,35.19124],[140.25039,35.1912],[140.25153,35.19073],[140.252,35.19032],[140.25233,35.19042],[140.25253,35.19027],[140.2526,35.18987],[140.25285,35.18967],[140.25307,35.18989],[140.25336,35.18987],[140.25362,35.18954],[140.25401,35.18982],[140.25431,35.18984],[140.25451,35.18948],[140.2553,35.1895],[140.25559,35.18931],[140.25603,35.18927],[140.25644,35.18943],[140.25714,35.18952],[140.25731,35.18962],[140.25782,35.18955],[140.25864,35.18967],[140.2592,35.19023],[140.25926,35.19054],[140.25923,35.19094],[140.25911,35.19099],[140.25868,35.19085],[140.25811,35.19094],[140.25777,35.19119],[140.25744,35.19113],[140.25629,35.19067],[140.25592,35.19057],[140.25562,35.19077],[140.25652,35.1914],[140.25675,35.19183],[140.25663,35.19208],[140.25714,35.1922],[140.2564,35.19496],[140.256,35.19474],[140.25565,35.19471],[140.25478,35.19526],[140.25435,35.1959],[140.25449,35.19612],[140.25602,35.19688],[140.25758,35.19743],[140.25849,35.19755],[140.25948,35.19741],[140.26071,35.19781],[140.26138,35.19782],[140.26183,35.19733],[140.26218,35.19611],[140.26244,35.19556],[140.26283,35.19543],[140.26245,35.19599],[140.2639,35.1953],[140.26416,35.19563],[140.26486,35.19533],[140.26516,35.19497],[140.26513,35.19465],[140.26609,35.19435],[140.26632,35.19418],[140.26664,35.19425],[140.26712,35.19402],[140.26843,35.19361],[140.26858,35.19367],[140.26832,35.19459],[140.26815,35.19472],[140.26786,35.19524],[140.26795,35.19571],[140.26816,35.19586],[140.26833,35.1963],[140.26806,35.19694],[140.26769,35.19724],[140.26704,35.19742],[140.26662,35.19763],[140.2665,35.19825],[140.26721,35.19921],[140.26724,35.19938],[140.26464,35.20031],[140.26541,35.20018],[140.26446,35.20059],[140.26362,35.20053],[140.26306,35.20038],[140.2622,35.20058],[140.26166,35.20084],[140.26146,35.20109],[140.25805,35.2024],[140.25793,35.20254],[140.25816,35.20538],[140.25796,35.2058],[140.25795,35.20657],[140.25819,35.20679],[140.25854,35.20738],[140.25899,35.20913],[140.25889,35.20925],[140.25742,35.20919],[140.25785,35.20895],[140.25787,35.20877],[140.2576,35.20871],[140.25654,35.20892],[140.25624,35.20906],[140.25584,35.20908],[140.25558,35.20889],[140.25547,35.20821],[140.25429,35.20749],[140.25418,35.20759],[140.25422,35.2079],[140.25454,35.20845],[140.25445,35.20904],[140.25469,35.20943],[140.25435,35.20971],[140.25431,35.21006],[140.25395,35.21043],[140.25407,35.21084],[140.25485,35.21068],[140.25523,35.21137],[140.25544,35.21227],[140.25516,35.21244],[140.255,35.213],[140.25476,35.21358],[140.2548,35.21376],[140.25515,35.21375],[140.25571,35.21348],[140.25563,35.21615],[140.25555,35.21687],[140.25346,35.21752],[140.25321,35.21762],[140.25273,35.21766],[140.25199,35.21792]],[[140.25011,35.20175],[140.25092,35.2026],[140.25258,35.20408],[140.25297,35.20432],[140.25357,35.20448],[140.25417,35.20474],[140.25456,35.20556],[140.25494,35.20607],[140.25513,35.20621],[140.25546,35.20617],[140.25593,35.20589],[140.25573,35.20534],[140.25589,35.20474],[140.25581,35.20462],[140.25485,35.20473],[140.2546,35.20459],[140.25455,35.20437],[140.25478,35.20347],[140.25457,35.20342],[140.25404,35.20377],[140.25384,35.20374],[140.25323,35.2032],[140.25293,35.20301],[140.25242,35.20298],[140.252,35.20275],[140.25109,35.20157],[140.25109,35.20113],[140.25144,35.2006],[140.25128,35.20037],[140.25028,35.20056],[140.24979,35.20085],[140.24949,35.20093],[140.24816,35.20102],[140.24738,35.20098],[140.24682,35.20101],[140.24684,35.2013],[140.24735,35.20131],[140.24764,35.20147],[140.24822,35.2016],[140.24925,35.20152],[140.24987,35.20156],[140.25011,35.20175]],[[140.25245,35.20057],[140.25238,35.20121],[140.25294,35.20147],[140.25345,35.20192],[140.25433,35.2023],[140.25486,35.20236],[140.25537,35.20233],[140.25624,35.20207],[140.25625,35.20172],[140.25545,35.20076],[140.2553,35.20046],[140.25518,35.19955],[140.25495,35.19937],[140.25456,35.19942],[140.25391,35.19986],[140.25364,35.19992],[140.25302,35.19961],[140.25261,35.19971],[140.25246,35.20001],[140.25245,35.20057]]],[[[140.16226,35.21859],[140.16195,35.21864],[140.16128,35.21837],[140.16118,35.21819],[140.16123,35.21794],[140.16152,35.21777],[140.16181,35.21794],[140.16192,35.21822],[140.16216,35.21825],[140.16226,35.21859]]],[[[140.17259,35.22347],[140.1728,35.22336],[140.17326,35.22295],[140.17328,35.22276],[140.17309,35.22232],[140.17314,35.22204],[140.17362,35.22179],[140.17388,35.22178],[140.17445,35.22191],[140.17515,35.22182],[140.17567,35.22205],[140.17555,35.22226],[140.17526,35.22234],[140.17423,35.22232],[140.17393,35.22243],[140.17354,35.22277],[140.17317,35.22319],[140.17259,35.22347]]],[[[140.18554,35.22386],[140.18582,35.22402],[140.18553,35.22445],[140.18554,35.22386]]],[[[140.17092,35.22473],[140.16996,35.2244],[140.16898,35.22446],[140.16802,35.22408],[140.16732,35.22407],[140.16695,35.22431],[140.16655,35.22471],[140.16619,35.22464],[140.1664,35.22441],[140.1664,35.22416],[140.16654,35.22387],[140.16617,35.22386],[140.16601,35.22375],[140.16365,35.22139],[140.16375,35.22108],[140.16331,35.2198],[140.16357,35.21872],[140.16326,35.21786],[140.16328,35.21708],[140.16247,35.21537],[140.16259,35.21524],[140.16286,35.21461],[140.16314,35.21431],[140.16369,35.21413],[140.16377,35.21392],[140.1636,35.21339],[140.16339,35.21317],[140.16297,35.21322],[140.16282,35.2134],[140.16263,35.21387],[140.16249,35.2139],[140.16192,35.21331],[140.16167,35.2133],[140.16165,35.21374],[140.16155,35.21381],[140.16111,35.21358],[140.16067,35.21368],[140.16035,35.21417],[140.16018,35.21456],[140.16056,35.21468],[140.16154,35.21442],[140.16206,35.21456],[140.16214,35.21485],[140.16207,35.21517],[140.16147,35.21547],[140.16117,35.21519],[140.16088,35.2152],[140.16052,35.21547],[140.16052,35.21564],[140.16079,35.21624],[140.16057,35.21667],[140.16013,35.21655],[140.15991,35.21622],[140.15932,35.21642],[140.1592,35.2169],[140.15856,35.21742],[140.15784,35.21734],[140.15754,35.2174],[140.15686,35.21768],[140.15596,35.21813],[140.15545,35.2183],[140.15512,35.21824],[140.15451,35.21792],[140.15422,35.21767],[140.1547,35.21765],[140.15494,35.21786],[140.15529,35.21794],[140.15571,35.21773],[140.15658,35.21755],[140.15713,35.21717],[140.15732,35.21691],[140.15636,35.21698],[140.15635,35.21669],[140.15622,35.21655],[140.15519,35.21639],[140.15467,35.21626],[140.15422,35.21657],[140.15392,35.21654],[140.15356,35.21673],[140.15324,35.21583],[140.1539,35.2152],[140.15444,35.21528],[140.15492,35.21526],[140.1553,35.21503],[140.15558,35.21468],[140.15592,35.21456],[140.15655,35.21465],[140.15679,35.2145],[140.15678,35.21414],[140.15622,35.21393],[140.15602,35.21347],[140.15607,35.213],[140.15595,35.21266],[140.15536,35.21221],[140.15559,35.21183],[140.1571,35.21198],[140.15776,35.21188],[140.15814,35.21176],[140.1588,35.21172],[140.15975,35.21174],[140.16044,35.21167],[140.16096,35.21153],[140.16161,35.21107],[140.16219,35.2107],[140.16225,35.21051],[140.16209,35.21033],[140.16177,35.21038],[140.16125,35.21066],[140.15985,35.21109],[140.15911,35.21117],[140.15793,35.21113],[140.15652,35.21096],[140.15646,35.21006],[140.15721,35.20978],[140.15736,35.20961],[140.15753,35.20919],[140.15734,35.20886],[140.15676,35.20896],[140.15635,35.20913],[140.1555,35.20938],[140.15536,35.20963],[140.15442,35.20925],[140.15335,35.20828],[140.15267,35.20823],[140.15229,35.20806],[140.15185,35.20767],[140.15181,35.20739],[140.1521,35.20712],[140.15193,35.2068],[140.15165,35.20685],[140.15143,35.20706],[140.1511,35.20713],[140.15069,35.20708],[140.15036,35.20714],[140.15006,35.20702],[140.14977,35.20711],[140.1498,35.20754],[140.14952,35.20748],[140.1489,35.20795],[140.14881,35.20829],[140.14886,35.20919],[140.14862,35.20932],[140.14853,35.20965],[140.14829,35.2101],[140.14839,35.2108],[140.1482,35.21157],[140.14835,35.21185],[140.14829,35.2121],[140.14804,35.21224],[140.14768,35.21266],[140.1474,35.21326],[140.14705,35.21315],[140.14647,35.2137],[140.14621,35.21406],[140.14615,35.21436],[140.14598,35.2144],[140.14559,35.21425],[140.14539,35.21458],[140.14479,35.21398],[140.14313,35.21189],[140.14274,35.21177],[140.14222,35.21231],[140.1417,35.21263],[140.14093,35.21285],[140.13998,35.21293],[140.13911,35.21286],[140.13775,35.21237],[140.13663,35.21212],[140.13651,35.21212],[140.13583,35.21178],[140.13549,35.21144],[140.13525,35.21074],[140.13526,35.21054],[140.13514,35.20973],[140.13471,35.20885],[140.13436,35.20868],[140.13303,35.20836],[140.13259,35.20807],[140.13086,35.20724],[140.13093,35.20854],[140.13095,35.20925],[140.13082,35.20985],[140.13064,35.20997],[140.13014,35.21],[140.12954,35.2101],[140.12927,35.21024],[140.12877,35.2109],[140.12808,35.21148],[140.12752,35.21162],[140.12688,35.21114],[140.12734,35.21049],[140.12715,35.21035],[140.12467,35.21056],[140.12447,35.21072],[140.1245,35.21143],[140.12435,35.21158],[140.12396,35.21157],[140.12341,35.21104],[140.12303,35.21074],[140.12264,35.21063],[140.1221,35.21067],[140.12137,35.21106],[140.12056,35.2112],[140.12026,35.21135],[140.1199,35.21172],[140.11984,35.21202],[140.11989,35.21291],[140.11986,35.21321],[140.11936,35.21411],[140.1192,35.21473],[140.11879,35.21514],[140.11859,35.21522],[140.11809,35.21524],[140.11657,35.21512],[140.11705,35.2144],[140.11703,35.2139],[140.11713,35.21372],[140.11746,35.21354],[140.11756,35.21325],[140.11773,35.21202],[140.11776,35.21087],[140.11771,35.21023],[140.11707,35.21017],[140.11611,35.20982],[140.1153,35.20944],[140.11447,35.20926],[140.11296,35.20911],[140.11237,35.20886],[140.11201,35.2086],[140.11112,35.20841],[140.11002,35.20848],[140.10913,35.20866],[140.10785,35.20916],[140.10646,35.20979],[140.10561,35.2101],[140.10469,35.21028],[140.10392,35.21022],[140.10325,35.20996],[140.10211,35.20893],[140.10148,35.20865],[140.10073,35.2084],[140.09998,35.20822],[140.09905,35.20821],[140.09832,35.2083],[140.0977,35.20844],[140.09731,35.20838],[140.09566,35.20837],[140.09516,35.20851],[140.09414,35.20869],[140.09321,35.2089],[140.09251,35.20901],[140.0912,35.20906],[140.09026,35.20912],[140.08957,35.20921],[140.08913,35.2094],[140.08863,35.20974],[140.08814,35.2103],[140.08776,35.21039],[140.08711,35.21038],[140.08646,35.21023],[140.0863,35.20995],[140.08661,35.20933],[140.0867,35.20901],[140.08651,35.20889],[140.08591,35.209],[140.08525,35.20902],[140.08502,35.20895],[140.08441,35.20834],[140.08417,35.20828],[140.08331,35.20827],[140.08287,35.2079],[140.08262,35.2075],[140.08249,35.20658],[140.08214,35.20561],[140.0822,35.2052],[140.08236,35.20504],[140.08264,35.205],[140.08313,35.20515],[140.08367,35.20561],[140.08439,35.20575],[140.08481,35.20559],[140.08524,35.20559],[140.08573,35.20585],[140.08652,35.20592],[140.08745,35.20611],[140.08801,35.20612],[140.08807,35.20561],[140.08791,35.2051],[140.08805,35.20464],[140.08822,35.20453],[140.08892,35.20454],[140.08953,35.20474],[140.09053,35.20526],[140.09085,35.20606],[140.09108,35.20651],[140.09152,35.20676],[140.09202,35.20682],[140.09283,35.20683],[140.09329,35.20584],[140.09428,35.20539],[140.0956,35.20513],[140.09627,35.2047],[140.09697,35.20395],[140.0971,35.20347],[140.09708,35.2028],[140.097,35.20207],[140.09713,35.20168],[140.09761,35.20111],[140.09758,35.20014],[140.09772,35.19969],[140.09821,35.19928],[140.09917,35.19882],[140.09965,35.19852],[140.10022,35.19762],[140.10031,35.19738],[140.10034,35.19681],[140.10025,35.19596],[140.09999,35.19533],[140.09979,35.19424],[140.09929,35.1937],[140.09882,35.1934],[140.09765,35.19299],[140.09822,35.19304],[140.09892,35.19332],[140.09919,35.19307],[140.09885,35.19233],[140.09859,35.19192],[140.09856,35.19158],[140.09817,35.1911],[140.09812,35.19272],[140.09796,35.19282],[140.09573,35.19228],[140.09487,35.1914],[140.09434,35.19068],[140.09376,35.19],[140.09339,35.18967],[140.09295,35.18947],[140.09251,35.18938],[140.0921,35.18922],[140.09134,35.1894],[140.0907,35.18975],[140.09012,35.19034],[140.08968,35.19093],[140.08941,35.19154],[140.08929,35.19197],[140.08938,35.19255],[140.08964,35.19314],[140.08935,35.19297],[140.08845,35.19586],[140.08834,35.19595],[140.08519,35.19615],[140.08504,35.19625],[140.08396,35.19769],[140.08384,35.19779],[140.08137,35.19888],[140.08125,35.19884],[140.08106,35.19789],[140.08148,35.19728],[140.08175,35.19632],[140.08208,35.19477],[140.08256,35.19348],[140.08309,35.19269],[140.08345,35.19205],[140.08453,35.19078],[140.08485,35.19018],[140.08492,35.1898],[140.08474,35.18956],[140.08448,35.1894],[140.08331,35.18939],[140.08293,35.1892],[140.08264,35.1889],[140.08163,35.18767],[140.08157,35.18753],[140.08071,35.18615],[140.08077,35.18582],[140.08103,35.1859],[140.0823,35.18675],[140.08265,35.18682],[140.08272,35.18652],[140.08133,35.18564],[140.08105,35.18539],[140.08115,35.18512],[140.08168,35.18492],[140.08168,35.18431],[140.08271,35.18389],[140.08291,35.18372],[140.08296,35.18302],[140.08277,35.18267],[140.0816,35.18175],[140.08095,35.1811],[140.08064,35.18111],[140.08047,35.1814],[140.08033,35.18185],[140.08014,35.18194],[140.07984,35.18154],[140.07958,35.18138],[140.07898,35.18136],[140.07846,35.18154],[140.07806,35.18186],[140.07782,35.18243],[140.07738,35.1827],[140.07711,35.18338],[140.07723,35.18449],[140.07718,35.18468],[140.07652,35.18471],[140.0763,35.185],[140.07638,35.18586],[140.07689,35.18716],[140.07655,35.18769],[140.07651,35.18788],[140.07675,35.18812],[140.07905,35.18977],[140.07969,35.19037],[140.07989,35.19069],[140.07997,35.1914],[140.07994,35.19167],[140.07959,35.19168],[140.07924,35.19142],[140.07849,35.19111],[140.07815,35.19125],[140.07782,35.1911],[140.07731,35.19006],[140.07676,35.18956],[140.07649,35.18951],[140.07635,35.18977],[140.07633,35.19015],[140.07706,35.19154],[140.07701,35.19183],[140.07697,35.1931],[140.0768,35.19348],[140.07662,35.19354],[140.07611,35.19255],[140.07603,35.19222],[140.07576,35.19169],[140.07555,35.19154],[140.07507,35.19139],[140.07469,35.19139],[140.0743,35.19153],[140.07405,35.1918],[140.07391,35.19248],[140.07369,35.19249],[140.07354,35.19217],[140.0738,35.19191],[140.07189,35.18974],[140.07153,35.1898],[140.07053,35.19119],[140.07033,35.19125],[140.06866,35.18911],[140.06857,35.18884],[140.06829,35.18931],[140.06845,35.19002],[140.06885,35.19033],[140.06928,35.19036],[140.06972,35.19074],[140.06975,35.19113],[140.06962,35.19143],[140.06891,35.19068],[140.06844,35.19005],[140.06823,35.1896],[140.06822,35.18911],[140.06846,35.18836],[140.06852,35.18745],[140.06796,35.1857],[140.06772,35.18519],[140.06823,35.1856],[140.06846,35.18624],[140.06867,35.18641],[140.06884,35.18686],[140.06861,35.18725],[140.06893,35.18794],[140.06968,35.18532],[140.06962,35.18521],[140.06729,35.18407],[140.06752,35.1846],[140.06691,35.18413],[140.06628,35.18387],[140.06658,35.18373],[140.06621,35.18347],[140.06611,35.18106],[140.0665,35.18057],[140.0665,35.18001],[140.06629,35.17924],[140.0659,35.1786],[140.06519,35.17774],[140.06511,35.17743],[140.06474,35.17413],[140.06463,35.17394],[140.06421,35.17382],[140.06433,35.17464],[140.06432,35.17486],[140.06367,35.17415],[140.06288,35.17357],[140.06197,35.17321],[140.061,35.17298],[140.06043,35.17277],[140.06047,35.17188],[140.06073,35.17175],[140.06113,35.17169],[140.06249,35.17178],[140.06286,35.17171],[140.06296,35.17147],[140.06279,35.17122],[140.06243,35.17098],[140.06155,35.17066],[140.0606,35.17057],[140.05989,35.1696],[140.05959,35.16969],[140.05903,35.17123],[140.05865,35.17141],[140.05693,35.17045],[140.0567,35.16607],[140.05782,35.1661],[140.05812,35.16599],[140.05932,35.16596],[140.05997,35.16583],[140.06045,35.16565],[140.06098,35.1658],[140.06214,35.16599],[140.06252,35.16622],[140.06279,35.16658],[140.063,35.16711],[140.06327,35.16755],[140.06359,35.16774],[140.06391,35.16782],[140.06485,35.16789],[140.06517,35.16807],[140.06547,35.16871],[140.06563,35.1696],[140.06564,35.17002],[140.06626,35.17026],[140.0671,35.17072],[140.0677,35.17095],[140.06808,35.17135],[140.06828,35.17187],[140.06868,35.17212],[140.06924,35.17259],[140.06984,35.17336],[140.06992,35.17373],[140.07009,35.17401],[140.0703,35.1741],[140.0707,35.17409],[140.0713,35.17376],[140.07169,35.1736],[140.07201,35.17366],[140.07267,35.17405],[140.07294,35.17427],[140.07344,35.17447],[140.07414,35.17434],[140.07471,35.17446],[140.07499,35.17473],[140.07508,35.17528],[140.07525,35.17539],[140.0756,35.17537],[140.07585,35.17517],[140.07651,35.17484],[140.07699,35.17468],[140.07776,35.17426],[140.07818,35.17397],[140.07811,35.17333],[140.07846,35.17301],[140.07898,35.17301],[140.07956,35.17277],[140.07995,35.17239],[140.08018,35.1723],[140.08124,35.1725],[140.0818,35.17198],[140.08265,35.17187],[140.08302,35.17176],[140.08378,35.17176],[140.08421,35.17191],[140.08465,35.17188],[140.08528,35.17131],[140.08531,35.17105],[140.08554,35.17094],[140.08634,35.17101],[140.08699,35.17073],[140.08785,35.16983],[140.08908,35.16946],[140.09031,35.16875],[140.09062,35.16847],[140.09085,35.16838],[140.09117,35.16847],[140.09249,35.16946],[140.09418,35.16968],[140.09442,35.16991],[140.09539,35.1703],[140.09575,35.17052],[140.0993,35.16818],[140.10082,35.16698],[140.1026,35.1658],[140.1033,35.16524],[140.1044,35.16454],[140.10512,35.16403],[140.10544,35.16341],[140.10577,35.16199],[140.10622,35.16064],[140.10713,35.1601],[140.10734,35.15973],[140.10749,35.15901],[140.1074,35.15887],[140.10684,35.15846],[140.10635,35.1579],[140.10615,35.15742],[140.10623,35.15722],[140.10667,35.15699],[140.10663,35.15735],[140.10686,35.15796],[140.10698,35.15808],[140.10742,35.15816],[140.108,35.15798],[140.10787,35.15769],[140.10755,35.15777],[140.10729,35.15772],[140.10709,35.15742],[140.10713,35.15721],[140.10744,35.15688],[140.10788,35.15695],[140.1082,35.15707],[140.10847,35.15734],[140.10897,35.15834],[140.10915,35.15858],[140.10949,35.15928],[140.10963,35.15991],[140.10971,35.16082],[140.10997,35.16119],[140.11065,35.16202],[140.1111,35.16273],[140.11123,35.16314],[140.11115,35.1632],[140.10961,35.1633],[140.10924,35.16299],[140.10902,35.16315],[140.1088,35.16366],[140.10872,35.16436],[140.10853,35.16504],[140.10828,35.16553],[140.10846,35.16573],[140.10916,35.16609],[140.10894,35.1664],[140.10841,35.16678],[140.10822,35.16707],[140.10809,35.16762],[140.10816,35.16771],[140.10898,35.16786],[140.10926,35.16838],[140.10929,35.16873],[140.10911,35.16898],[140.10876,35.16907],[140.10769,35.16918],[140.10739,35.16933],[140.10708,35.1696],[140.10701,35.16991],[140.10733,35.1703],[140.10763,35.17106],[140.10762,35.17139],[140.10715,35.1718],[140.10715,35.17212],[140.10793,35.17224],[140.10849,35.17267],[140.10853,35.17301],[140.10812,35.17387],[140.10776,35.17443],[140.10727,35.17457],[140.10685,35.17451],[140.10653,35.1743],[140.1062,35.1742],[140.10558,35.17454],[140.10535,35.17482],[140.10517,35.17528],[140.1044,35.17576],[140.10408,35.17614],[140.10386,35.17659],[140.10365,35.17731],[140.10361,35.17882],[140.10392,35.17963],[140.1042,35.18002],[140.10463,35.18039],[140.10487,35.18033],[140.10603,35.1803],[140.10638,35.1801],[140.10672,35.18005],[140.1071,35.18035],[140.10772,35.18034],[140.10846,35.18066],[140.10927,35.18072],[140.10964,35.18037],[140.10992,35.17972],[140.11029,35.17957],[140.11105,35.17999],[140.11126,35.18018],[140.11218,35.18047],[140.11255,35.18048],[140.11329,35.18021],[140.11349,35.18018],[140.1142,35.18043],[140.11419,35.18069],[140.11464,35.1807],[140.11481,35.18085],[140.1155,35.18012],[140.11547,35.17993],[140.11607,35.17967],[140.11625,35.17931],[140.1165,35.17909],[140.11688,35.17901],[140.11711,35.17877],[140.11738,35.17864],[140.11768,35.17836],[140.11773,35.17798],[140.11813,35.17775],[140.11916,35.17674],[140.11985,35.17559],[140.12049,35.17516],[140.12074,35.17467],[140.12117,35.17409],[140.12199,35.17355],[140.1223,35.1731],[140.12244,35.17201],[140.12274,35.1712],[140.12277,35.17062],[140.12297,35.17027],[140.12289,35.17003],[140.12262,35.16974],[140.12147,35.16831],[140.12085,35.16794],[140.1204,35.16754],[140.11968,35.16678],[140.11915,35.16616],[140.11763,35.16533],[140.11693,35.16473],[140.11615,35.16393],[140.11534,35.16275],[140.1144,35.16114],[140.11388,35.16049],[140.1135,35.16023],[140.11208,35.1596],[140.11173,35.15932],[140.11121,35.15871],[140.11052,35.15775],[140.10994,35.15669],[140.10924,35.15614],[140.10857,35.15575],[140.10774,35.15534],[140.10717,35.15489],[140.10679,35.15444],[140.10636,35.15365],[140.10639,35.15349],[140.1071,35.15333],[140.10705,35.15377],[140.10736,35.15432],[140.10773,35.1545],[140.10782,35.15493],[140.10806,35.15512],[140.10867,35.15515],[140.10873,35.15494],[140.1084,35.1548],[140.10823,35.15438],[140.10766,35.15392],[140.10782,35.15375],[140.10845,35.15364],[140.10862,35.15341],[140.10835,35.15296],[140.10919,35.15268],[140.11127,35.15209],[140.11167,35.15189],[140.11206,35.15139],[140.11202,35.15117],[140.11176,35.15086],[140.11112,35.15042],[140.10808,35.14846],[140.10742,35.14812],[140.10675,35.14729],[140.10649,35.14683],[140.10631,35.14635],[140.1065,35.14622],[140.1075,35.1458],[140.10823,35.14542],[140.10841,35.14509],[140.10844,35.14466],[140.10854,35.14441],[140.10883,35.14437],[140.10998,35.14437],[140.11164,35.14394],[140.1117,35.14384],[140.11163,35.14337],[140.11165,35.1421],[140.11173,35.14173],[140.11191,35.14139],[140.1125,35.14109],[140.11329,35.14078],[140.11396,35.14065],[140.11438,35.14071],[140.11484,35.14099],[140.11545,35.14144],[140.11597,35.14168],[140.11649,35.14166],[140.11757,35.14155],[140.11826,35.14153],[140.11827,35.14322],[140.11871,35.14358],[140.11917,35.1443],[140.11923,35.14449],[140.11957,35.1447],[140.11963,35.14487],[140.11919,35.14554],[140.11904,35.14655],[140.11897,35.14677],[140.1185,35.14768],[140.11846,35.14814],[140.11856,35.14865],[140.11878,35.14923],[140.1191,35.14971],[140.11946,35.15008],[140.11968,35.1502],[140.11997,35.1511],[140.12015,35.15145],[140.12034,35.15159],[140.12138,35.15164],[140.12337,35.15157],[140.12374,35.1512],[140.12406,35.15103],[140.1249,35.15084],[140.12522,35.15068],[140.12531,35.15048],[140.12535,35.14992],[140.12582,35.14983],[140.12613,35.1492],[140.12634,35.14911],[140.12641,35.14876],[140.12622,35.14854],[140.12638,35.14826],[140.1266,35.14817],[140.12689,35.14834],[140.12697,35.149],[140.12752,35.14966],[140.12772,35.1501],[140.12805,35.15016],[140.12837,35.14975],[140.12823,35.14939],[140.1279,35.14905],[140.12757,35.1485],[140.12838,35.14848],[140.12885,35.14842],[140.12944,35.14789],[140.12962,35.14764],[140.1299,35.14694],[140.13017,35.14651],[140.13056,35.14677],[140.13109,35.14684],[140.13157,35.14651],[140.13166,35.1463],[140.13158,35.14592],[140.13124,35.14568],[140.13063,35.14557],[140.13059,35.14505],[140.13094,35.14452],[140.13143,35.1445],[140.13152,35.14441],[140.13138,35.14399],[140.13136,35.14349],[140.1309,35.14247],[140.13127,35.14222],[140.13159,35.1423],[140.13196,35.14214],[140.13236,35.14141],[140.13292,35.14109],[140.13318,35.14101],[140.13345,35.14076],[140.13337,35.14053],[140.13304,35.14013],[140.13229,35.13939],[140.13178,35.13897],[140.13153,35.1386],[140.13159,35.13827],[140.13175,35.13803],[140.13284,35.13732],[140.13276,35.1372],[140.13161,35.13676],[140.13153,35.13639],[140.13187,35.13602],[140.13265,35.13555],[140.13259,35.13478],[140.13278,35.13449],[140.13313,35.13422],[140.13357,35.13408],[140.13436,35.13414],[140.13468,35.13384],[140.13483,35.13311],[140.13495,35.13294],[140.13567,35.13284],[140.13593,35.13257],[140.13591,35.13226],[140.13572,35.1318],[140.13531,35.13121],[140.13506,35.13076],[140.13501,35.13015],[140.13504,35.12924],[140.135,35.12888],[140.13547,35.12869],[140.1355,35.12855],[140.13664,35.12854],[140.13689,35.12873],[140.13765,35.12917],[140.13751,35.13004],[140.13768,35.13045],[140.13834,35.13041],[140.13908,35.13023],[140.14011,35.13142],[140.14037,35.13176],[140.14054,35.13239],[140.14055,35.13302],[140.14029,35.13329],[140.14004,35.13337],[140.13921,35.13336],[140.1389,35.13358],[140.13876,35.13387],[140.13897,35.13416],[140.13983,35.13419],[140.14032,35.1347],[140.14039,35.1352],[140.14022,35.13634],[140.14034,35.13651],[140.14033,35.13704],[140.13971,35.13787],[140.13939,35.13837],[140.13951,35.13853],[140.14,35.13829],[140.14048,35.13783],[140.1408,35.13741],[140.14102,35.13695],[140.14089,35.13638],[140.1407,35.13583],[140.14078,35.13502],[140.1406,35.13412],[140.14085,35.1338],[140.14102,35.13342],[140.141,35.13259],[140.14072,35.13139],[140.14013,35.13036],[140.14092,35.13013],[140.14152,35.1304],[140.142,35.13074],[140.14358,35.13159],[140.14357,35.1319],[140.14333,35.13256],[140.14341,35.13352],[140.14366,35.13428],[140.14354,35.13457],[140.14351,35.13533],[140.14366,35.13574],[140.14352,35.13631],[140.14354,35.13685],[140.14332,35.13717],[140.1434,35.13768],[140.14422,35.13864],[140.14413,35.13883],[140.14452,35.13905],[140.14601,35.13947],[140.14581,35.13972],[140.14523,35.14022],[140.14514,35.14059],[140.14436,35.14145],[140.14385,35.1425],[140.14368,35.14371],[140.1438,35.14473],[140.14446,35.14642],[140.1451,35.14824],[140.14563,35.15004],[140.14573,35.1505],[140.14451,35.15012],[140.14385,35.15035],[140.14343,35.15058],[140.14297,35.15092],[140.14258,35.1515],[140.14227,35.15169],[140.14058,35.15317],[140.1402,35.15362],[140.13987,35.15435],[140.13973,35.15489],[140.13897,35.15467],[140.13805,35.15427],[140.13752,35.15408],[140.13611,35.15406],[140.13551,35.15437],[140.13526,35.15457],[140.13503,35.1546],[140.13449,35.15411],[140.1342,35.15371],[140.13358,35.15369],[140.13335,35.15385],[140.13331,35.15403],[140.13287,35.1541],[140.1318,35.15368],[140.13208,35.15409],[140.133,35.15568],[140.13381,35.15688],[140.13502,35.15878],[140.13563,35.15981],[140.13632,35.16127],[140.13655,35.16155],[140.13712,35.16069],[140.13755,35.16012],[140.13802,35.15936],[140.13841,35.15903],[140.13947,35.15871],[140.14037,35.1582],[140.14083,35.15817],[140.14122,35.15827],[140.1415,35.1586],[140.14164,35.15937],[140.14173,35.16022],[140.14185,35.16094],[140.14189,35.16335],[140.14233,35.16349],[140.14307,35.16359],[140.14393,35.16352],[140.14478,35.16371],[140.14499,35.16412],[140.1451,35.16459],[140.14525,35.16479],[140.14551,35.16486],[140.14593,35.16479],[140.14648,35.16438],[140.14677,35.16374],[140.14698,35.16279],[140.14698,35.16234],[140.14824,35.1618],[140.14863,35.16172],[140.14909,35.16185],[140.14924,35.16163],[140.1502,35.16164],[140.15103,35.16234],[140.15174,35.1626],[140.15209,35.16293],[140.15246,35.16299],[140.15279,35.16278],[140.15306,35.16275],[140.1532,35.1626],[140.15449,35.16234],[140.15537,35.16222],[140.15571,35.16258],[140.15571,35.16287],[140.15584,35.16339],[140.1562,35.1638],[140.15688,35.16411],[140.1579,35.16443],[140.15812,35.16457],[140.15834,35.16491],[140.15776,35.1655],[140.15763,35.16588],[140.15788,35.1662],[140.15871,35.1666],[140.15978,35.16706],[140.16076,35.16764],[140.16133,35.16813],[140.16176,35.16865],[140.16272,35.16943],[140.16317,35.1695],[140.1635,35.1694],[140.16381,35.16913],[140.16423,35.16892],[140.16454,35.16887],[140.1656,35.16903],[140.1658,35.16918],[140.16664,35.16938],[140.16687,35.16922],[140.16747,35.16939],[140.1675,35.16918],[140.16726,35.16844],[140.16725,35.16796],[140.167,35.16704],[140.16639,35.16616],[140.16624,35.16574],[140.16601,35.16479],[140.16569,35.16393],[140.16522,35.16306],[140.1649,35.16214],[140.16473,35.16104],[140.16472,35.16019],[140.16504,35.15849],[140.16552,35.15734],[140.16585,35.15668],[140.16611,35.1564],[140.1668,35.15604],[140.16776,35.15564],[140.16805,35.15539],[140.16836,35.15481],[140.16844,35.15412],[140.16853,35.15383],[140.16894,35.15355],[140.16958,35.15339],[140.17039,35.15388],[140.17141,35.15391],[140.17233,35.1542],[140.17438,35.15508],[140.17508,35.15524],[140.17589,35.15536],[140.17628,35.15536],[140.17669,35.15608],[140.17662,35.15646],[140.17576,35.15669],[140.17499,35.15699],[140.17413,35.15724],[140.17339,35.15752],[140.17289,35.15776],[140.1726,35.15805],[140.17209,35.159],[140.17194,35.16006],[140.17184,35.16054],[140.17123,35.16142],[140.17099,35.16196],[140.17093,35.16238],[140.17048,35.16289],[140.16974,35.16352],[140.16965,35.16372],[140.16955,35.16448],[140.16992,35.16446],[140.17015,35.16431],[140.17032,35.16378],[140.17049,35.16354],[140.17126,35.16269],[140.17163,35.16218],[140.172,35.16141],[140.17221,35.16077],[140.17248,35.16043],[140.17245,35.16009],[140.17253,35.15907],[140.17293,35.15851],[140.17383,35.15831],[140.17414,35.15811],[140.17455,35.15773],[140.17502,35.15736],[140.176,35.15701],[140.17675,35.15684],[140.17697,35.15669],[140.17716,35.15627],[140.17706,35.15571],[140.17682,35.15534],[140.17689,35.15516],[140.17718,35.15497],[140.17769,35.15415],[140.17853,35.15416],[140.17855,35.15373],[140.17841,35.15325],[140.17797,35.15262],[140.17788,35.15235],[140.17861,35.15217],[140.17882,35.15185],[140.17881,35.15111],[140.17852,35.15087],[140.17794,35.15053],[140.1775,35.15037],[140.17724,35.14995],[140.17788,35.1494],[140.17771,35.14861],[140.17767,35.14801],[140.17746,35.14744],[140.17727,35.14729],[140.17674,35.14734],[140.17619,35.14746],[140.17579,35.14773],[140.17536,35.14775],[140.17492,35.14735],[140.17482,35.14709],[140.17523,35.14695],[140.17546,35.14661],[140.17678,35.14598],[140.1771,35.14602],[140.17732,35.14628],[140.17745,35.14663],[140.17766,35.14683],[140.17819,35.14687],[140.17948,35.14648],[140.18003,35.14657],[140.18086,35.14697],[140.18116,35.14681],[140.18148,35.14631],[140.18167,35.1463],[140.18195,35.14657],[140.18233,35.14677],[140.18283,35.14643],[140.18331,35.14656],[140.18394,35.14703],[140.18492,35.14794],[140.1857,35.14878],[140.1863,35.14949],[140.18663,35.15003],[140.18661,35.1506],[140.18681,35.15212],[140.18672,35.15259],[140.18636,35.1534],[140.18563,35.15432],[140.18534,35.15457],[140.18433,35.15505],[140.18408,35.15552],[140.1841,35.15593],[140.1837,35.15629],[140.18328,35.15708],[140.18316,35.15766],[140.18283,35.15804],[140.1825,35.15854],[140.18124,35.15932],[140.18034,35.16009],[140.1801,35.16023],[140.1794,35.16026],[140.17872,35.16022],[140.17821,35.16025],[140.17885,35.16069],[140.17956,35.16103],[140.18024,35.16111],[140.1807,35.16111],[140.18154,35.1609],[140.18272,35.16037],[140.18329,35.15993],[140.18395,35.15968],[140.1847,35.15995],[140.18485,35.1599],[140.18518,35.15922],[140.18543,35.15903],[140.18578,35.15899],[140.18627,35.15917],[140.18677,35.15918],[140.18737,35.15906],[140.18807,35.1586],[140.18852,35.15847],[140.1887,35.15815],[140.18911,35.15808],[140.18953,35.15847],[140.19022,35.15838],[140.19036,35.15865],[140.19095,35.15905],[140.19101,35.15916],[140.19094,35.15969],[140.19113,35.16008],[140.19147,35.16019],[140.19175,35.16039],[140.19187,35.16091],[140.1922,35.16116],[140.19258,35.16102],[140.19333,35.16128],[140.19474,35.16118],[140.19518,35.16121],[140.19593,35.16144],[140.19644,35.1614],[140.19699,35.16219],[140.19735,35.16206],[140.19766,35.16207],[140.19788,35.16194],[140.19808,35.16149],[140.19795,35.16082],[140.19786,35.16063],[140.19803,35.16037],[140.19811,35.15984],[140.19853,35.16006],[140.19901,35.16005],[140.19947,35.15945],[140.19936,35.1589],[140.20021,35.15867],[140.2004,35.15837],[140.20008,35.15752],[140.19992,35.1568],[140.19968,35.15666],[140.19918,35.15653],[140.19873,35.15652],[140.19848,35.15636],[140.19892,35.15619],[140.19945,35.15565],[140.19962,35.1554],[140.19959,35.15488],[140.19878,35.15422],[140.19792,35.15377],[140.19721,35.15352],[140.19719,35.15312],[140.19748,35.15306],[140.19782,35.15311],[140.19825,35.15328],[140.19958,35.15411],[140.20051,35.15498],[140.20112,35.15551],[140.2019,35.15597],[140.2026,35.15602],[140.20324,35.15562],[140.20369,35.15517],[140.20432,35.15498],[140.20521,35.15462],[140.20593,35.15455],[140.20647,35.15456],[140.20677,35.15465],[140.20759,35.15468],[140.20845,35.15383],[140.20859,35.1538],[140.20915,35.15421],[140.20969,35.15452],[140.21015,35.15454],[140.21131,35.15433],[140.21169,35.15408],[140.21185,35.15377],[140.21174,35.15288],[140.21205,35.15231],[140.21229,35.15149],[140.21255,35.15115],[140.21329,35.15064],[140.21341,35.15048],[140.21337,35.15006],[140.213,35.14935],[140.21253,35.14895],[140.21252,35.14765],[140.21285,35.14763],[140.21332,35.14711],[140.21412,35.1461],[140.21444,35.14587],[140.21451,35.14611],[140.21477,35.14627],[140.21517,35.14807],[140.21528,35.14787],[140.21557,35.14774],[140.21558,35.1481],[140.21532,35.14864],[140.21524,35.14896],[140.21531,35.15004],[140.21558,35.15023],[140.21483,35.15058],[140.21463,35.15078],[140.21492,35.15091],[140.21652,35.15048],[140.21959,35.15132],[140.21964,35.1515],[140.21936,35.15211],[140.21945,35.15241],[140.2202,35.15258],[140.22123,35.15258],[140.22181,35.15232],[140.22185,35.1525],[140.22246,35.15283],[140.22242,35.15309],[140.22203,35.15316],[140.2218,35.15336],[140.22173,35.15392],[140.2219,35.15435],[140.22204,35.15452],[140.22282,35.15489],[140.22268,35.15523],[140.2224,35.1548],[140.22196,35.15478],[140.22181,35.15457],[140.22134,35.15569],[140.22071,35.15569],[140.21905,35.1555],[140.2184,35.15532],[140.21769,35.15483],[140.21725,35.15464],[140.21662,35.15461],[140.21633,35.15469],[140.2161,35.15521],[140.21594,35.15535],[140.21539,35.15548],[140.21468,35.15533],[140.21418,35.15547],[140.21396,35.15585],[140.21374,35.15656],[140.21363,35.15675],[140.21309,35.157],[140.21287,35.15753],[140.21261,35.15795],[140.21243,35.15855],[140.21224,35.1589],[140.21161,35.15922],[140.21122,35.15916],[140.21109,35.15904],[140.21098,35.15864],[140.21071,35.15825],[140.20984,35.15805],[140.20936,35.15782],[140.20923,35.15805],[140.20966,35.15847],[140.21034,35.15928],[140.21065,35.1598],[140.21042,35.16138],[140.21081,35.16311],[140.21066,35.16411],[140.21035,35.16524],[140.20792,35.16645],[140.20776,35.16667],[140.20814,35.16759],[140.20801,35.16789],[140.2081,35.16846],[140.20646,35.16952],[140.20637,35.16954],[140.20281,35.16925],[140.20266,35.16972],[140.2025,35.16989],[140.20181,35.1702],[140.20148,35.16997],[140.20124,35.16995],[140.20096,35.16954],[140.20092,35.16855],[140.20059,35.16801],[140.20008,35.16759],[140.19929,35.16732],[140.19889,35.16708],[140.19842,35.16656],[140.19795,35.16557],[140.19785,35.16488],[140.1977,35.16431],[140.19738,35.16404],[140.19669,35.16373],[140.19667,35.16324],[140.19655,35.163],[140.19603,35.16274],[140.19516,35.16267],[140.19515,35.16282],[140.19545,35.16373],[140.19545,35.16393],[140.19501,35.16456],[140.19467,35.16498],[140.19443,35.1655],[140.19428,35.16623],[140.1941,35.16808],[140.19374,35.16913],[140.19363,35.17024],[140.19339,35.171],[140.19362,35.1712],[140.19452,35.17132],[140.19559,35.17125],[140.19663,35.17154],[140.19665,35.17167],[140.19989,35.17281],[140.2017,35.17369],[140.20173,35.17385],[140.20034,35.17532],[140.20049,35.17557],[140.20246,35.17633],[140.20292,35.1765],[140.20305,35.17643],[140.20408,35.17375],[140.20447,35.1738],[140.20403,35.17446],[140.20411,35.17506],[140.20442,35.17543],[140.20322,35.17639],[140.20325,35.17659],[140.20435,35.17683],[140.20429,35.1773],[140.20352,35.17764],[140.20332,35.17823],[140.20339,35.17893],[140.20282,35.17983],[140.20286,35.17991],[140.20343,35.17989],[140.20367,35.1798],[140.20398,35.17931],[140.20407,35.17885],[140.20422,35.17851],[140.20463,35.17823],[140.20527,35.17814],[140.20554,35.17804],[140.20583,35.17767],[140.20596,35.17717],[140.20666,35.17732],[140.20691,35.17707],[140.20754,35.17706],[140.20783,35.17689],[140.20849,35.17637],[140.2085,35.17604],[140.20821,35.17568],[140.20749,35.17533],[140.20757,35.17508],[140.20794,35.17504],[140.20795,35.17482],[140.20771,35.17467],[140.20786,35.17429],[140.20923,35.17272],[140.20996,35.17355],[140.21129,35.1753],[140.21152,35.17571],[140.21185,35.17615],[140.21216,35.17694],[140.21246,35.17692],[140.21246,35.17648],[140.21224,35.17573],[140.21188,35.17489],[140.21154,35.17419],[140.21124,35.17378],[140.21053,35.17312],[140.20992,35.17272],[140.20955,35.17234],[140.20973,35.17211],[140.21048,35.16993],[140.21087,35.17026],[140.21121,35.17074],[140.21129,35.1711],[140.21126,35.17175],[140.21153,35.17184],[140.21171,35.17141],[140.21195,35.17145],[140.21234,35.1722],[140.21289,35.17284],[140.21332,35.17286],[140.21332,35.1726],[140.21258,35.1716],[140.21194,35.17052],[140.21211,35.17009],[140.21206,35.16984],[140.21175,35.16972],[140.21103,35.16953],[140.21117,35.16913],[140.21134,35.16896],[140.21167,35.16889],[140.21226,35.16914],[140.21366,35.17058],[140.21378,35.17085],[140.21407,35.17106],[140.21436,35.17099],[140.21449,35.17055],[140.21421,35.16963],[140.21368,35.16846],[140.21339,35.16798],[140.2134,35.1675],[140.2133,35.16614],[140.21348,35.1657],[140.21402,35.1655],[140.21435,35.16574],[140.21445,35.16685],[140.21452,35.16696],[140.21501,35.16684],[140.21528,35.16686],[140.21627,35.16734],[140.21686,35.16785],[140.21717,35.16841],[140.21749,35.1684],[140.21772,35.16783],[140.21797,35.16773],[140.21841,35.16769],[140.21836,35.16754],[140.21786,35.16731],[140.21754,35.16674],[140.21733,35.16678],[140.2171,35.16699],[140.21657,35.16699],[140.21554,35.16649],[140.21512,35.16633],[140.21493,35.16612],[140.21489,35.16548],[140.21525,35.16534],[140.21471,35.1649],[140.21488,35.16473],[140.21528,35.16505],[140.21633,35.16506],[140.21701,35.16543],[140.21798,35.16626],[140.21845,35.16645],[140.21974,35.16669],[140.22017,35.1669],[140.22025,35.16716],[140.22008,35.16786],[140.21985,35.16822],[140.21983,35.1693],[140.21967,35.1696],[140.21923,35.17017],[140.21879,35.17063],[140.21829,35.17103],[140.2183,35.17134],[140.21865,35.17138],[140.21994,35.17118],[140.22041,35.17114],[140.22101,35.17119],[140.22124,35.17129],[140.22107,35.17152],[140.22069,35.17154],[140.21968,35.17168],[140.21935,35.17178],[140.21903,35.17207],[140.21873,35.1725],[140.21814,35.1739],[140.21814,35.17424],[140.21837,35.17423],[140.21855,35.17392],[140.21894,35.17292],[140.21921,35.17237],[140.21957,35.17206],[140.21996,35.1721],[140.21944,35.17331],[140.21972,35.17344],[140.22012,35.17256],[140.22064,35.17213],[140.22098,35.17205],[140.22119,35.17213],[140.22123,35.17239],[140.22108,35.1727],[140.22133,35.17273],[140.22173,35.1723],[140.22189,35.17257],[140.22119,35.17393],[140.2209,35.17434],[140.22044,35.17469],[140.21914,35.17523],[140.21869,35.17554],[140.21849,35.17578],[140.21859,35.1761],[140.21885,35.17621],[140.21945,35.17614],[140.2205,35.17567],[140.22094,35.17554],[140.22139,35.17554],[140.2221,35.17571],[140.22246,35.1757],[140.22298,35.17544],[140.22302,35.17505],[140.22294,35.17459],[140.22299,35.17428],[140.22362,35.17399],[140.22375,35.17406],[140.22439,35.17636],[140.22427,35.17693],[140.22473,35.17701],[140.22441,35.17724],[140.22339,35.17736],[140.22317,35.1775],[140.22293,35.17785],[140.22281,35.17834],[140.22244,35.17862],[140.22213,35.17874],[140.22134,35.17885],[140.22091,35.17886],[140.22012,35.17897],[140.2191,35.17919],[140.21888,35.17931],[140.21881,35.17955],[140.21966,35.17978],[140.21958,35.18047],[140.21968,35.18069],[140.21999,35.18067],[140.22048,35.18038],[140.22058,35.18182],[140.22081,35.18202],[140.22107,35.1818],[140.22267,35.1802],[140.22262,35.18],[140.22177,35.17975],[140.22215,35.17939],[140.22257,35.17932],[140.22284,35.17938],[140.22284,35.1801],[140.22347,35.1813],[140.22314,35.18146],[140.22284,35.18135],[140.22236,35.18136],[140.2221,35.18153],[140.22209,35.1818],[140.22277,35.18204],[140.22305,35.18231],[140.22311,35.1826],[140.22298,35.18285],[140.22252,35.18291],[140.22171,35.18279],[140.22123,35.18286],[140.22114,35.18359],[140.22134,35.18387],[140.22224,35.18367],[140.22297,35.18371],[140.22337,35.18378],[140.22359,35.18392],[140.2236,35.18424],[140.22295,35.18437],[140.22284,35.18454],[140.22314,35.18499],[140.22313,35.1851],[140.22235,35.18568],[140.22156,35.18622],[140.22104,35.18551],[140.22088,35.18387],[140.2204,35.18337],[140.22036,35.18305],[140.22013,35.18269],[140.21966,35.18269],[140.21909,35.18285],[140.21889,35.18284],[140.21826,35.1826],[140.21806,35.18266],[140.217,35.18328],[140.21674,35.18323],[140.21611,35.18346],[140.21557,35.18391],[140.21507,35.18451],[140.21512,35.18411],[140.21575,35.1835],[140.21607,35.18299],[140.21595,35.18281],[140.21384,35.18483],[140.21375,35.18502],[140.21469,35.18699],[140.21482,35.18561],[140.21499,35.1864],[140.21509,35.18719],[140.21513,35.18891],[140.21505,35.18961],[140.21492,35.19024],[140.21473,35.19061],[140.21439,35.19098],[140.21391,35.19129],[140.21372,35.19159],[140.21333,35.19335],[140.21218,35.19474],[140.21224,35.19501],[140.21354,35.19532],[140.21406,35.19602],[140.21415,35.19638],[140.21421,35.19789],[140.2138,35.19866],[140.21438,35.1987],[140.21458,35.1986],[140.21468,35.1979],[140.21498,35.19779],[140.21501,35.19821],[140.21474,35.19869],[140.21449,35.19895],[140.21381,35.19901],[140.2136,35.19919],[140.21345,35.19986],[140.21329,35.20004],[140.21274,35.20041],[140.21272,35.20111],[140.21238,35.20171],[140.21211,35.20184],[140.21129,35.20206],[140.21081,35.20242],[140.21039,35.20287],[140.21014,35.20339],[140.21002,35.20395],[140.21002,35.20442],[140.20991,35.20475],[140.20991,35.20629],[140.20983,35.2064],[140.20763,35.20779],[140.20714,35.20804],[140.20521,35.20759],[140.20497,35.20773],[140.20423,35.21128],[140.20414,35.2114],[140.20361,35.21175],[140.20392,35.21186],[140.20342,35.21214],[140.20335,35.21254],[140.20356,35.21283],[140.20355,35.21317],[140.20292,35.2137],[140.20226,35.21392],[140.20148,35.21402],[140.20019,35.2143],[140.19923,35.21487],[140.19901,35.21445],[140.19897,35.21411],[140.19943,35.21372],[140.20002,35.2139],[140.20025,35.21381],[140.20069,35.21342],[140.19885,35.21322],[140.19893,35.21356],[140.19827,35.21402],[140.19832,35.21342],[140.19848,35.21318],[140.19817,35.21309],[140.19785,35.21264],[140.19776,35.21239],[140.19698,35.21174],[140.1964,35.21143],[140.19596,35.2114],[140.19571,35.21155],[140.19571,35.21174],[140.19624,35.21217],[140.19565,35.2121],[140.19548,35.21199],[140.19541,35.21141],[140.19552,35.21124],[140.19611,35.21105],[140.19632,35.21115],[140.19734,35.21191],[140.19638,35.21055],[140.19615,35.21051],[140.19447,35.21113],[140.19415,35.21089],[140.19437,35.21039],[140.19428,35.21017],[140.19374,35.21009],[140.1937,35.20989],[140.19415,35.20951],[140.19546,35.20931],[140.19531,35.20906],[140.19475,35.20892],[140.19411,35.20889],[140.19292,35.20901],[140.19267,35.20896],[140.19256,35.20875],[140.19263,35.20788],[140.19213,35.20758],[140.19122,35.20737],[140.19084,35.20734],[140.19004,35.20762],[140.18921,35.20725],[140.18671,35.20677],[140.18654,35.20679],[140.1856,35.20721],[140.18583,35.20725],[140.18614,35.20753],[140.18649,35.20772],[140.18693,35.20771],[140.1871,35.2074],[140.18743,35.20746],[140.18705,35.20783],[140.18659,35.20796],[140.18614,35.2079],[140.18547,35.2075],[140.18524,35.20725],[140.18501,35.20718],[140.18471,35.20728],[140.18386,35.20766],[140.18304,35.20769],[140.1826,35.20786],[140.18183,35.20801],[140.18097,35.20789],[140.18087,35.20767],[140.18095,35.20658],[140.18079,35.20648],[140.18031,35.20652],[140.17988,35.20611],[140.17963,35.20625],[140.17947,35.20677],[140.17953,35.20698],[140.17999,35.20723],[140.18025,35.20758],[140.18033,35.20808],[140.1805,35.20825],[140.18206,35.2088],[140.17995,35.20972],[140.17947,35.20964],[140.17868,35.20972],[140.17834,35.20988],[140.17828,35.21019],[140.1784,35.21107],[140.17814,35.21111],[140.17785,35.21083],[140.17749,35.21078],[140.1768,35.21116],[140.17565,35.21161],[140.17432,35.21205],[140.1739,35.21262],[140.17391,35.21312],[140.1741,35.2139],[140.17444,35.2155],[140.17421,35.21514],[140.17392,35.21489],[140.17393,35.2146],[140.17372,35.21374],[140.17372,35.21585],[140.17381,35.21819],[140.17416,35.21893],[140.17359,35.21882],[140.1734,35.21898],[140.1738,35.21927],[140.17402,35.21986],[140.17405,35.22027],[140.17421,35.22052],[140.17489,35.22063],[140.17525,35.22083],[140.17555,35.22133],[140.17549,35.22146],[140.1725,35.22168],[140.17234,35.22204],[140.17196,35.22179],[140.17129,35.2216],[140.17109,35.22163],[140.17095,35.22185],[140.17058,35.22268],[140.17045,35.22348],[140.17023,35.22338],[140.17004,35.22309],[140.17002,35.22279],[140.16834,35.22388],[140.16871,35.22422],[140.16934,35.22415],[140.16948,35.22389],[140.16978,35.2238],[140.17,35.22404],[140.17058,35.22441],[140.17074,35.22436],[140.17111,35.22395],[140.17186,35.22427],[140.17194,35.22448],[140.17169,35.22471],[140.17092,35.22473]],[[140.1746,35.21131],[140.17496,35.21168],[140.17534,35.2117],[140.17565,35.21147],[140.17568,35.21131],[140.17603,35.21094],[140.17655,35.21073],[140.17673,35.21046],[140.17492,35.21064],[140.17477,35.21075],[140.1746,35.21131]],[[140.13806,35.20473],[140.13843,35.20495],[140.13917,35.20555],[140.13993,35.20579],[140.14035,35.20566],[140.14033,35.20512],[140.13992,35.20465],[140.13914,35.20396],[140.13914,35.2038],[140.13855,35.20337],[140.13825,35.20308],[140.13821,35.20258],[140.13869,35.20263],[140.13928,35.20314],[140.1397,35.20322],[140.14009,35.20291],[140.14041,35.2023],[140.1401,35.20205],[140.13969,35.20194],[140.13954,35.20153],[140.13976,35.20146],[140.1407,35.20164],[140.14134,35.20162],[140.14174,35.20128],[140.14172,35.20061],[140.14186,35.20011],[140.14271,35.19994],[140.14278,35.19976],[140.14254,35.19965],[140.1425,35.19938],[140.14279,35.19915],[140.14218,35.19877],[140.1424,35.1987],[140.14336,35.19876],[140.1433,35.19856],[140.14253,35.1982],[140.14232,35.19802],[140.1426,35.19782],[140.14265,35.19759],[140.14245,35.19731],[140.14225,35.19721],[140.14246,35.1968],[140.14303,35.1969],[140.14409,35.1975],[140.14523,35.19787],[140.14663,35.19793],[140.14733,35.19784],[140.14778,35.19744],[140.14863,35.19695],[140.14835,35.19672],[140.14785,35.19668],[140.14738,35.19694],[140.14659,35.19697],[140.1462,35.19733],[140.14521,35.19727],[140.1444,35.19705],[140.14353,35.1967],[140.14334,35.19639],[140.14345,35.19627],[140.1442,35.19606],[140.14475,35.19574],[140.14492,35.19547],[140.14533,35.19427],[140.14568,35.194],[140.14615,35.19378],[140.1477,35.19355],[140.14801,35.19348],[140.14812,35.19334],[140.14797,35.19312],[140.14725,35.19308],[140.14646,35.19322],[140.14573,35.19347],[140.14522,35.19376],[140.14478,35.19417],[140.14462,35.19443],[140.14453,35.19481],[140.14399,35.19532],[140.14326,35.19586],[140.14274,35.19607],[140.14283,35.1956],[140.14302,35.19562],[140.1432,35.19498],[140.14301,35.19471],[140.14312,35.19428],[140.14287,35.19411],[140.1426,35.19422],[140.14268,35.1948],[140.14239,35.19492],[140.14184,35.1946],[140.14155,35.19456],[140.14127,35.19429],[140.14095,35.19428],[140.14066,35.19465],[140.14043,35.19429],[140.14048,35.19366],[140.14076,35.19343],[140.14108,35.19302],[140.14113,35.19248],[140.14155,35.19198],[140.1417,35.19164],[140.14152,35.19073],[140.14135,35.19049],[140.14148,35.19006],[140.1417,35.18981],[140.14175,35.18956],[140.14162,35.18921],[140.14114,35.1887],[140.14119,35.18856],[140.14194,35.1879],[140.14248,35.18715],[140.1425,35.18684],[140.1424,35.18643],[140.14201,35.18574],[140.14157,35.18527],[140.14127,35.18477],[140.14117,35.18425],[140.1412,35.18383],[140.14142,35.18346],[140.14228,35.18316],[140.1428,35.18315],[140.14335,35.18297],[140.14458,35.18282],[140.14526,35.18261],[140.14557,35.18209],[140.14595,35.182],[140.14737,35.18201],[140.14785,35.18196],[140.1482,35.18164],[140.14862,35.18177],[140.14932,35.1819],[140.14941,35.18179],[140.15035,35.18153],[140.15068,35.1813],[140.15137,35.17983],[140.15138,35.17955],[140.15105,35.17915],[140.15095,35.17868],[140.15097,35.17838],[140.15065,35.17818],[140.15013,35.178],[140.1499,35.1784],[140.14944,35.17874],[140.14883,35.17883],[140.14781,35.17936],[140.14738,35.17918],[140.14652,35.17765],[140.14632,35.17739],[140.14597,35.1773],[140.14569,35.17742],[140.14546,35.17765],[140.1452,35.17816],[140.1448,35.17858],[140.14427,35.1786],[140.14437,35.17814],[140.14464,35.17734],[140.14471,35.17692],[140.14464,35.17651],[140.14428,35.17581],[140.14402,35.17544],[140.14323,35.17522],[140.14304,35.1747],[140.14254,35.17432],[140.14255,35.17409],[140.14323,35.17397],[140.14336,35.17368],[140.14358,35.17356],[140.14411,35.17345],[140.1442,35.17273],[140.14447,35.17232],[140.14429,35.17214],[140.14379,35.17192],[140.1433,35.17142],[140.14296,35.17036],[140.14259,35.17017],[140.14171,35.1702],[140.14129,35.17015],[140.14079,35.17017],[140.13991,35.17011],[140.13936,35.16984],[140.13919,35.16946],[140.13893,35.16919],[140.13869,35.16912],[140.13624,35.16928],[140.13574,35.16913],[140.13513,35.16859],[140.13445,35.1683],[140.13424,35.1681],[140.1336,35.16786],[140.13297,35.16779],[140.13225,35.16785],[140.13163,35.16803],[140.13132,35.16822],[140.13139,35.16853],[140.13269,35.16947],[140.13299,35.16978],[140.13318,35.17025],[140.13315,35.17109],[140.13297,35.17168],[140.13269,35.17287],[140.13262,35.17391],[140.13235,35.17426],[140.13198,35.17417],[140.13102,35.17443],[140.12992,35.17503],[140.12829,35.1752],[140.12785,35.17607],[140.12728,35.17632],[140.12712,35.1765],[140.12723,35.17695],[140.1277,35.17757],[140.12783,35.17796],[140.12778,35.17814],[140.12727,35.1784],[140.12639,35.17862],[140.12582,35.17883],[140.12579,35.1793],[140.12585,35.17995],[140.12596,35.18034],[140.12574,35.18041],[140.12506,35.18039],[140.1249,35.18057],[140.12495,35.18077],[140.12542,35.18124],[140.12546,35.18178],[140.12687,35.1826],[140.12698,35.18278],[140.127,35.18312],[140.12682,35.18338],[140.12673,35.18372],[140.12723,35.18384],[140.1289,35.18379],[140.12927,35.18382],[140.1294,35.18462],[140.12926,35.18472],[140.12863,35.18474],[140.12841,35.18518],[140.12881,35.18532],[140.12959,35.18503],[140.13001,35.18526],[140.13068,35.18535],[140.13042,35.18575],[140.13072,35.18608],[140.13104,35.18667],[140.13097,35.18745],[140.13149,35.18773],[140.13129,35.18818],[140.13129,35.18836],[140.13161,35.18851],[140.13163,35.18871],[140.13143,35.18899],[140.13161,35.18928],[140.13235,35.18958],[140.13226,35.18985],[140.13186,35.18975],[140.13155,35.1902],[140.13144,35.19054],[140.13146,35.19104],[140.13156,35.19162],[140.13173,35.19221],[140.13214,35.19301],[140.13343,35.1951],[140.1337,35.19562],[140.13378,35.19682],[140.13446,35.19721],[140.13481,35.19735],[140.13495,35.19784],[140.13525,35.19821],[140.13613,35.19865],[140.13733,35.199],[140.13837,35.19917],[140.13903,35.19936],[140.13925,35.19962],[140.13889,35.19987],[140.13806,35.20001],[140.13716,35.19999],[140.13655,35.20009],[140.13624,35.20073],[140.13591,35.20062],[140.13559,35.20003],[140.13524,35.19962],[140.13478,35.19949],[140.1343,35.19943],[140.13386,35.19951],[140.13357,35.19978],[140.13335,35.20053],[140.13312,35.20082],[140.13299,35.20118],[140.13314,35.20179],[140.13349,35.20218],[140.13447,35.20291],[140.13508,35.20331],[140.13507,35.20361],[140.13522,35.20379],[140.13618,35.20407],[140.13657,35.20465],[140.13716,35.20467],[140.13762,35.20462],[140.13806,35.20473]],[[140.20269,35.20479],[140.20323,35.20486],[140.20386,35.20467],[140.20423,35.20432],[140.20422,35.20409],[140.20403,35.20404],[140.2032,35.20401],[140.20256,35.2038],[140.20208,35.20348],[140.20177,35.20338],[140.20113,35.203],[140.20075,35.20252],[140.20065,35.2022],[140.20045,35.20122],[140.20034,35.20086],[140.20012,35.20047],[140.19977,35.20018],[140.19919,35.19996],[140.19855,35.19948],[140.19793,35.19909],[140.19748,35.19838],[140.19744,35.19765],[140.1976,35.19718],[140.19791,35.19654],[140.19785,35.19632],[140.19752,35.19625],[140.19882,35.19434],[140.20004,35.19437],[140.20037,35.19428],[140.20072,35.19374],[140.20072,35.1929],[140.20035,35.19264],[140.19979,35.19232],[140.20019,35.19113],[140.20051,35.19082],[140.20055,35.19058],[140.20034,35.19021],[140.19989,35.18996],[140.19942,35.1891],[140.19948,35.18898],[140.1994,35.1884],[140.19899,35.18786],[140.1995,35.186],[140.20008,35.18585],[140.20025,35.18564],[140.20018,35.18531],[140.19933,35.18428],[140.19907,35.18348],[140.19893,35.18266],[140.19841,35.18194],[140.19749,35.18119],[140.19731,35.18098],[140.19702,35.17919],[140.19567,35.17801],[140.19543,35.17773],[140.19466,35.17718],[140.19371,35.1767],[140.19244,35.17664],[140.19091,35.17614],[140.19017,35.17585],[140.18938,35.17585],[140.18816,35.17611],[140.18748,35.17618],[140.18719,35.17613],[140.18651,35.17547],[140.18591,35.17538],[140.18526,35.17479],[140.18495,35.17484],[140.1836,35.17635],[140.18358,35.17653],[140.18392,35.17694],[140.18383,35.17757],[140.18392,35.17793],[140.18428,35.17819],[140.18578,35.17841],[140.18623,35.17836],[140.18663,35.17818],[140.18695,35.1776],[140.18725,35.1773],[140.18765,35.17715],[140.1881,35.17711],[140.18862,35.17688],[140.18911,35.17679],[140.18936,35.17687],[140.18951,35.17927],[140.18964,35.17944],[140.19053,35.18005],[140.19063,35.18028],[140.19122,35.1806],[140.19151,35.18067],[140.19315,35.18086],[140.19339,35.18116],[140.19336,35.18178],[140.19306,35.1826],[140.19308,35.18294],[140.19324,35.18319],[140.19375,35.18351],[140.19463,35.18393],[140.19515,35.18429],[140.19537,35.18456],[140.1957,35.18526],[140.19619,35.18571],[140.19647,35.18627],[140.19647,35.18641],[140.196,35.18706],[140.19483,35.18752],[140.19468,35.18767],[140.19467,35.18809],[140.19484,35.18865],[140.19423,35.18948],[140.1943,35.18971],[140.19649,35.19035],[140.19649,35.19131],[140.19673,35.19236],[140.19633,35.19329],[140.1972,35.19618],[140.19671,35.19596],[140.19642,35.19606],[140.19619,35.19635],[140.19515,35.19616],[140.19413,35.19555],[140.19387,35.19545],[140.19337,35.19545],[140.19319,35.19566],[140.19106,35.19512],[140.19082,35.19533],[140.19308,35.19742],[140.19358,35.19768],[140.19469,35.19872],[140.19508,35.19937],[140.19529,35.19951],[140.19611,35.19972],[140.19629,35.19986],[140.19671,35.20067],[140.19768,35.20072],[140.19811,35.20082],[140.19859,35.2013],[140.19887,35.20184],[140.19947,35.20341],[140.19983,35.20449],[140.19995,35.20463],[140.20026,35.20468],[140.20093,35.20457],[140.20171,35.20453],[140.20269,35.20479]],[[140.16899,35.17463],[140.16859,35.17424],[140.168,35.17412],[140.16748,35.17422],[140.16713,35.17456],[140.16671,35.17482],[140.16628,35.17492],[140.1682,35.17317],[140.16927,35.17141],[140.16894,35.17166],[140.16853,35.17178],[140.16824,35.17178],[140.16796,35.17195],[140.16737,35.17214],[140.16701,35.17215],[140.16596,35.17245],[140.16465,35.17323],[140.16407,35.17353],[140.16377,35.17383],[140.16405,35.17411],[140.16533,35.17425],[140.16606,35.17408],[140.16601,35.17423],[140.16561,35.17447],[140.16541,35.17477],[140.16559,35.17508],[140.1651,35.17527],[140.16486,35.17555],[140.16484,35.17608],[140.16471,35.1767],[140.16502,35.17682],[140.16463,35.17729],[140.16391,35.17713],[140.16313,35.17755],[140.16269,35.17802],[140.16285,35.17806],[140.16598,35.17834],[140.1662,35.17819],[140.16608,35.17696],[140.16671,35.17683],[140.16731,35.17644],[140.16861,35.17624],[140.16895,35.17611],[140.16981,35.17549],[140.16983,35.1752],[140.16899,35.17463]],[[140.16609,35.19256],[140.16633,35.19233],[140.16631,35.19195],[140.16641,35.19157],[140.16669,35.19139],[140.16721,35.19129],[140.16739,35.19106],[140.16725,35.19064],[140.16717,35.18983],[140.16667,35.18973],[140.16605,35.18972],[140.16533,35.18998],[140.16439,35.19],[140.16241,35.19152],[140.16214,35.19186],[140.16186,35.19313],[140.16193,35.19345],[140.16174,35.19362],[140.16181,35.19384],[140.16229,35.19426],[140.1619,35.19497],[140.16144,35.19557],[140.16103,35.19512],[140.16055,35.19494],[140.16018,35.19499],[140.16009,35.19514],[140.16006,35.19578],[140.1599,35.19612],[140.1596,35.19622],[140.15914,35.19624],[140.15893,35.19635],[140.15864,35.19673],[140.15844,35.1972],[140.15855,35.1981],[140.1588,35.19874],[140.15907,35.19911],[140.15938,35.19925],[140.16064,35.19938],[140.16126,35.19956],[140.16157,35.2001],[140.16205,35.20035],[140.16258,35.20093],[140.16349,35.20098],[140.16418,35.20105],[140.16517,35.20079],[140.16595,35.20088],[140.16629,35.20072],[140.16635,35.20024],[140.16623,35.19959],[140.16594,35.19918],[140.16544,35.199],[140.16465,35.19915],[140.16381,35.19886],[140.16358,35.19874],[140.16343,35.19847],[140.16317,35.19746],[140.16342,35.19727],[140.16394,35.19703],[140.16452,35.19684],[140.16541,35.19688],[140.16565,35.19683],[140.16579,35.1964],[140.16598,35.19632],[140.166,35.19606],[140.16566,35.19531],[140.16585,35.1952],[140.16606,35.19452],[140.16629,35.19401],[140.16636,35.19336],[140.16598,35.19302],[140.16495,35.19289],[140.16481,35.19247],[140.1646,35.19219],[140.16468,35.192],[140.16501,35.19207],[140.16574,35.19256],[140.16609,35.19256]],[[140.16146,35.19483],[140.16164,35.19464],[140.1617,35.19377],[140.16165,35.1934],[140.16149,35.19299],[140.16102,35.19311],[140.16073,35.19368],[140.16074,35.19414],[140.16098,35.19422],[140.16104,35.1948],[140.16146,35.19483]],[[140.14369,35.20101],[140.14417,35.20088],[140.1443,35.20056],[140.14454,35.20042],[140.14443,35.20019],[140.14397,35.20003],[140.14367,35.19982],[140.14314,35.19981],[140.14303,35.2],[140.14338,35.20034],[140.14307,35.20046],[140.14304,35.20066],[140.14334,35.20098],[140.14369,35.20101]],[[140.16982,35.17018],[140.1696,35.17037],[140.1695,35.1707],[140.16959,35.17088],[140.1699,35.17038],[140.17022,35.17026],[140.17115,35.17017],[140.17127,35.16998],[140.17146,35.16941],[140.17173,35.16911],[140.17211,35.16898],[140.1723,35.16881],[140.17259,35.16795],[140.17283,35.16778],[140.17301,35.16793],[140.17331,35.16777],[140.17345,35.16749],[140.17367,35.16682],[140.17377,35.16672],[140.17395,35.16615],[140.17398,35.16556],[140.1746,35.16561],[140.17479,35.16574],[140.17478,35.16601],[140.17498,35.16669],[140.17584,35.16681],[140.17664,35.16698],[140.17695,35.16663],[140.17748,35.16623],[140.17762,35.16585],[140.17795,35.16585],[140.17849,35.16655],[140.179,35.16678],[140.1787,35.16756],[140.17895,35.16782],[140.17947,35.16782],[140.17966,35.16796],[140.18018,35.16867],[140.18068,35.16893],[140.18132,35.16872],[140.18179,35.1688],[140.18205,35.16923],[140.18219,35.16962],[140.18239,35.16978],[140.18283,35.16982],[140.18231,35.1694],[140.18217,35.16875],[140.18181,35.1685],[140.18155,35.16849],[140.18082,35.16875],[140.18063,35.16871],[140.18018,35.16833],[140.17989,35.16783],[140.17969,35.16768],[140.17924,35.16769],[140.17913,35.16735],[140.17929,35.16689],[140.17917,35.16666],[140.17872,35.16638],[140.17818,35.16581],[140.17766,35.16576],[140.17709,35.16611],[140.17657,35.16672],[140.17625,35.16678],[140.17583,35.16659],[140.17537,35.16648],[140.17515,35.1662],[140.17509,35.16571],[140.17492,35.16551],[140.17462,35.16534],[140.17419,35.16528],[140.1734,35.16551],[140.17319,35.16513],[140.17304,35.16457],[140.17305,35.16372],[140.17283,35.1632],[140.17219,35.16218],[140.17188,35.1626],[140.17167,35.16334],[140.17157,35.16445],[140.17148,35.16474],[140.17151,35.16591],[140.17168,35.1665],[140.17203,35.16701],[140.17262,35.1676],[140.17227,35.16779],[140.17201,35.16807],[140.17193,35.1686],[140.17183,35.16873],[140.17134,35.16899],[140.17122,35.16913],[140.17112,35.16961],[140.17095,35.16974],[140.17049,35.16978],[140.1701,35.16989],[140.16982,35.17018]],[[140.19018,35.16242],[140.19021,35.16284],[140.19042,35.163],[140.19074,35.16285],[140.19115,35.1629],[140.19168,35.16276],[140.19183,35.16247],[140.19152,35.16217],[140.19127,35.16231],[140.19065,35.16241],[140.19034,35.16224],[140.19005,35.16195],[140.18962,35.1621],[140.18963,35.16235],[140.19018,35.16242]],[[140.09894,35.18863],[140.09988,35.18817],[140.09976,35.18727],[140.09976,35.18674],[140.09946,35.18652],[140.09945,35.18631],[140.09854,35.1887],[140.09894,35.18863]],[[140.10993,35.19339],[140.11016,35.19307],[140.10995,35.19285],[140.10991,35.19241],[140.10959,35.19233],[140.10943,35.19208],[140.10884,35.19205],[140.10851,35.19221],[140.1084,35.19242],[140.10851,35.19304],[140.10864,35.19331],[140.10916,35.1934],[140.10993,35.19339]],[[140.10898,35.20238],[140.10949,35.20217],[140.10973,35.20191],[140.10996,35.20151],[140.11013,35.20107],[140.11009,35.20034],[140.10979,35.19995],[140.10943,35.19999],[140.10924,35.20042],[140.10896,35.20081],[140.10865,35.20096],[140.1083,35.20097],[140.10766,35.20112],[140.10737,35.20142],[140.10748,35.20184],[140.10771,35.20206],[140.10836,35.2024],[140.10898,35.20238]],[[140.15508,35.16636],[140.1569,35.16657],[140.15712,35.16652],[140.15703,35.16614],[140.15658,35.16587],[140.15583,35.16574],[140.15528,35.16577],[140.15504,35.16588],[140.15508,35.16636]],[[140.15427,35.16614],[140.15443,35.16571],[140.15424,35.16534],[140.15383,35.16492],[140.15298,35.16441],[140.15252,35.16421],[140.15191,35.16413],[140.15134,35.16418],[140.15103,35.16481],[140.1505,35.16506],[140.15058,35.16542],[140.15329,35.16599],[140.1539,35.16616],[140.15427,35.16614]],[[140.15548,35.16418],[140.15556,35.16457],[140.1558,35.16488],[140.15619,35.16497],[140.15637,35.16485],[140.15637,35.16443],[140.15622,35.16409],[140.15603,35.16397],[140.15554,35.16392],[140.15548,35.16418]],[[140.15075,35.16398],[140.15071,35.16357],[140.15026,35.1631],[140.14991,35.16308],[140.1498,35.16329],[140.1499,35.16394],[140.15027,35.1643],[140.15068,35.16422],[140.15075,35.16398]],[[140.13979,35.14711],[140.14036,35.14755],[140.14064,35.14764],[140.14141,35.14757],[140.14218,35.14738],[140.14264,35.1472],[140.14249,35.14678],[140.14196,35.1457],[140.14136,35.14414],[140.14059,35.14428],[140.13973,35.14438],[140.13827,35.14446],[140.13868,35.14497],[140.13898,35.14551],[140.13928,35.14625],[140.13979,35.14711]],[[140.20167,35.21345],[140.20238,35.21329],[140.20318,35.213],[140.20334,35.21278],[140.20322,35.21218],[140.20331,35.21195],[140.20112,35.21338],[140.20167,35.21345]]],[[[140.19312,35.22504],[140.19328,35.22562],[140.19294,35.22544],[140.19283,35.22505],[140.19305,35.22423],[140.19312,35.22504]]],[[[140.1972,35.23527],[140.19714,35.2362],[140.19718,35.23711],[140.19684,35.23674],[140.19692,35.23632],[140.19684,35.23612],[140.19692,35.23508],[140.19689,35.23477],[140.19713,35.23458],[140.1972,35.23527]]],[[[140.19699,35.23893],[140.19582,35.23962],[140.19546,35.23996],[140.19486,35.24096],[140.19461,35.24099],[140.19451,35.24069],[140.19451,35.24036],[140.19489,35.23952],[140.19513,35.23913],[140.19559,35.23872],[140.19563,35.2384],[140.19517,35.23777],[140.19512,35.23745],[140.19639,35.23681],[140.19652,35.23686],[140.19657,35.23875],[140.19699,35.23849],[140.19721,35.23868],[140.19699,35.23893]]],[[[140.19329,35.23641],[140.1935,35.23675],[140.19415,35.23718],[140.19429,35.23769],[140.19384,35.23819],[140.19382,35.23842],[140.19407,35.23879],[140.19403,35.23904],[140.19359,35.23943],[140.1936,35.23998],[140.19342,35.24031],[140.19355,35.24157],[140.1935,35.24174],[140.19309,35.24175],[140.19291,35.2414],[140.19267,35.23998],[140.19232,35.23874],[140.1919,35.23833],[140.19185,35.238],[140.19189,35.23712],[140.19184,35.2363],[140.19172,35.23572],[140.19134,35.23468],[140.19072,35.23405],[140.19047,35.23358],[140.19035,35.23265],[140.19015,35.23244],[140.18936,35.23204],[140.18849,35.2318],[140.18782,35.2317],[140.1877,35.23142],[140.18717,35.23085],[140.18658,35.23067],[140.18642,35.23029],[140.18634,35.22981],[140.18641,35.22909],[140.18621,35.22855],[140.18579,35.22829],[140.18537,35.22823],[140.1845,35.22823],[140.18444,35.22799],[140.18507,35.22688],[140.18522,35.22697],[140.18539,35.22625],[140.18559,35.22585],[140.18632,35.22517],[140.18672,35.22469],[140.1872,35.22384],[140.18757,35.22347],[140.18823,35.22301],[140.18825,35.2226],[140.18802,35.22257],[140.18693,35.22365],[140.18644,35.22433],[140.18632,35.22432],[140.18663,35.22271],[140.18726,35.22234],[140.18763,35.22197],[140.18758,35.22141],[140.18767,35.22109],[140.18926,35.21999],[140.18931,35.21966],[140.1892,35.21943],[140.18885,35.21931],[140.18854,35.21932],[140.18797,35.21957],[140.18735,35.21943],[140.18696,35.21901],[140.18747,35.21856],[140.18761,35.21818],[140.18744,35.218],[140.18704,35.2178],[140.18685,35.21759],[140.18663,35.21718],[140.18692,35.21687],[140.18768,35.21635],[140.18797,35.216],[140.18817,35.21542],[140.1882,35.21511],[140.1885,35.21494],[140.18862,35.21468],[140.18885,35.21463],[140.18983,35.21469],[140.18994,35.21493],[140.18909,35.21511],[140.18898,35.21527],[140.18902,35.21574],[140.18922,35.21621],[140.18937,35.2164],[140.19059,35.21639],[140.19126,35.21609],[140.19196,35.21613],[140.19222,35.21641],[140.19221,35.2169],[140.19191,35.21723],[140.1923,35.21744],[140.19259,35.21732],[140.19298,35.21758],[140.1903,35.2193],[140.19019,35.21941],[140.18972,35.2206],[140.19025,35.22026],[140.19043,35.21971],[140.19076,35.2194],[140.19092,35.21908],[140.19135,35.21885],[140.19226,35.21882],[140.19269,35.21823],[140.19306,35.218],[140.19304,35.21756],[140.19351,35.21735],[140.19339,35.21797],[140.19374,35.21813],[140.19271,35.2188],[140.19137,35.21927],[140.19086,35.2196],[140.1904,35.22014],[140.19012,35.22119],[140.19009,35.22176],[140.19022,35.22215],[140.19098,35.22329],[140.19059,35.22301],[140.19011,35.22212],[140.18978,35.22181],[140.18978,35.22149],[140.18959,35.22091],[140.18886,35.22275],[140.18896,35.22295],[140.19102,35.22426],[140.19243,35.22501],[140.19252,35.22509],[140.19329,35.22719],[140.19349,35.22685],[140.19367,35.22729],[140.19451,35.22803],[140.19488,35.22817],[140.19452,35.22924],[140.19405,35.23051],[140.19317,35.23062],[140.1929,35.23081],[140.19247,35.23144],[140.19208,35.23133],[140.19176,35.23224],[140.19186,35.23237],[140.19385,35.23274],[140.19398,35.23287],[140.19427,35.23341],[140.19429,35.2336],[140.19455,35.23426],[140.1942,35.2343],[140.19391,35.23411],[140.19312,35.234],[140.19297,35.23422],[140.19336,35.23442],[140.19427,35.23523],[140.19455,35.2358],[140.19462,35.23609],[140.19455,35.23643],[140.19429,35.23653],[140.19329,35.23641]],[[140.1881,35.22733],[140.18823,35.2274],[140.18885,35.22714],[140.18865,35.22677],[140.18831,35.22639],[140.18811,35.22643],[140.18806,35.22677],[140.1881,35.22733]],[[140.19076,35.22654],[140.19116,35.22642],[140.19102,35.22553],[140.19092,35.22522],[140.1905,35.22557],[140.19076,35.22654]],[[140.18702,35.22718],[140.18688,35.22699],[140.18594,35.22677],[140.18586,35.2271],[140.18606,35.22723],[140.18669,35.22726],[140.18702,35.22718]]]]},"properties":{"hoanrinKind":"保安林"}},
{"type":"Feature","geometry":{"type":"Polygon","coordinates":[[[140.01143,35.24013],[140.00983,35.24064],[140.00969,35.24009],[140.00919,35.23984],[140.00846,35.24014],[140.00815,35.24042],[140.00729,35.24049],[140.00712,35.23938],[140.00694,35.23856],[140.00687,35.23745],[140.00689,35.2371],[140.00713,35.23673],[140.00796,35.2357],[140.00846,35.23542],[140.00903,35.2354],[140.01001,35.2354],[140.01137,35.2365],[140.01267,35.23729],[140.01269,35.23781],[140.01199,35.23914],[140.01143,35.24013]]]},"properties":{"hoanrinKind":"保安林"}},
{"type":"Feature","geometry":{"type":"Polygon","coordinates":[[[140.17434,35.24502],[140.1743,35.24521],[140.17383,35.24545],[140.17323,35.2456],[140.17278,35.24564],[140.17265,35.24542],[140.1727,35.24521],[140.17332,35.24493],[140.17434,35.24502]]]},"properties":{"hoanrinKind":"保安林"}},
{"type":"Feature","geometry":{"type":"Polygon","coordinates":[[[140.22262,35.24564],[140.22206,35.24591],[140.2217,35.24618],[140.22148,35.24607],[140.22089,35.24535],[140.22058,35.2452],[140.22031,35.2452],[140.21968,35.24499],[140.21919,35.24366],[140.21918,35.24321],[140.2203,35.24317],[140.221,35.24336],[140.22186,35.24371],[140.22249,35.2437],[140.2231,35.24435],[140.22327,35.24464],[140.22293,35.2452],[140.22294,35.24554],[140.22262,35.24564]]]},"properties":{"hoanrinKind":"保安林"}},
{"type":"Feature","geometry":{"type":"Polygon","coordinates":[[[139.94306,35.24288],[139.94308,35.24319],[139.94232,35.24351],[139.9412,35.24408],[139.94029,35.24446],[139.93849,35.2436],[139.9374,35.24312],[139.93735,35.24291],[139.93751,35.24225],[139.93757,35.24104],[139.93788,35.24118],[139.93812,35.24145],[139.93836,35.242],[139.93851,35.24274],[139.93922,35.24256],[139.94012,35.24229],[139.94143,35.24163],[139.94209,35.24147],[139.94263,35.24144],[139.94255,35.2405],[139.94268,35.23913],[139.94289,35.23793],[139.94311,35.23751],[139.94349,35.23737],[139.94403,35.23739],[139.94628,35.2387],[139.94662,35.23888],[139.94765,35.23884],[139.94802,35.23889],[139.9476,35.24002],[139.94866,35.24041],[139.94821,35.24063],[139.94818,35.24079],[139.9484,35.24136],[139.94799,35.24135],[139.94745,35.24077],[139.94704,35.24062],[139.94657,35.24078],[139.94605,35.24122],[139.94579,35.2418],[139.94461,35.24224],[139.94363,35.24227],[139.94298,35.24241],[139.94306,35.24288]]]},"properties":{"hoanrinKind":"保安林"}},
{"type":"Feature","geometry":{"type":"Polygon","coordinates":[[[140.17472,35.24574],[140.17467,35.24619],[140.17449,35.24641],[140.17416,35.24662],[140.17372,35.24667],[140.17331,35.24661],[140.17324,35.24616],[140.17399,35.24593],[140.17433,35.24567],[140.17472,35.24574]]]},"properties":{"hoanrinKind":"保安林"}},
{"type":"Feature","geometry":{"type":"Polygon","coordinates":[[[139.87001,35.24266],[139.8699,35.24277],[139.86987,35.24326],[139.86967,35.24343],[139.86975,35.24383],[139.86943,35.24405],[139.86928,35.24389],[139.86944,35.24341],[139.86973,35.24221],[139.86978,35.2413],[139.86989,35.2408],[139.87016,35.24005],[139.87027,35.2396],[139.8703,35.23894],[139.8705,35.23765],[139.87089,35.23728],[139.87115,35.23723],[139.87125,35.23747],[139.8708,35.23821],[139.871,35.23936],[139.87139,35.23985],[139.87174,35.2398],[139.87191,35.23929],[139.87231,35.23926],[139.8724,35.23967],[139.87276,35.23983],[139.87295,35.23941],[139.87317,35.23947],[139.87338,35.23928],[139.87374,35.23963],[139.87371,35.24002],[139.87396,35.24022],[139.87388,35.24068],[139.87363,35.24103],[139.87314,35.24124],[139.873,35.24109],[139.87256,35.24113],[139.87227,35.24098],[139.87174,35.24103],[139.87139,35.24117],[139.87082,35.24108],[139.87052,35.24126],[139.87035,35.2417],[139.87071,35.24193],[139.87133,35.24167],[139.87213,35.24165],[139.87229,35.24169],[139.87251,35.24212],[139.87249,35.24232],[139.87219,35.24287],[139.87184,35.24256],[139.87163,35.24268],[139.87171,35.24299],[139.87092,35.24306],[139.87059,35.24314],[139.87046,35.24348],[139.87023,35.24278],[139.87001,35.24266]]]},"properties":{"hoanrinKind":"保安林"}},
{"type":"Feature","geometry":{"type":"Polygon","coordinates":[[[140.14966,35.24626],[140.14887,35.24632],[140.14782,35.24633],[140.14733,35.24638],[140.14693,35.24667],[140.1465,35.24688],[140.14605,35.24701],[140.14575,35.24656],[140.1454,35.24588],[140.14528,35.24517],[140.14478,35.24468],[140.14473,35.24422],[140.14457,35.24374],[140.14389,35.24348],[140.14437,35.24312],[140.14442,35.24289],[140.1446,35.24281],[140.146,35.24271],[140.14749,35.24273],[140.14797,35.24287],[140.14794,35.24356],[140.14802,35.24381],[140.14841,35.24375],[140.14943,35.24296],[140.14981,35.24301],[140.15013,35.24373],[140.15037,35.24415],[140.15082,35.24473],[140.15058,35.24481],[140.15053,35.24536],[140.15081,35.24608],[140.15105,35.24625],[140.14966,35.24626]]]},"properties":{"hoanrinKind":"保安林"}},
{"type":"Feature","geometry":{"type":"Polygon","coordinates":[[[139.98202,35.24601],[139.9822,35.24639],[139.98092,35.24578],[139.98023,35.24555],[139.97948,35.24548],[139.97845,35.24506],[139.97835,35.24468],[139.97853,35.24456],[139.97935,35.24453],[139.97957,35.24439],[139.97932,35.24419],[139.97872,35.24422],[139.97856,35.24404],[139.97869,35.24388],[139.97976,35.24385],[139.98038,35.24443],[139.98087,35.24432],[139.98111,35.24441],[139.98128,35.24484],[139.98212,35.24485],[139.98224,35.24521],[139.98211,35.24559],[139.98177,35.24552],[139.98143,35.24568],[139.98202,35.24601]]]},"properties":{"hoanrinKind":"保安林"}},
{"type":"Feature","geometry":{"type":"Polygon","coordinates":[[[140.01555,35.24426],[140.01486,35.24473],[140.01361,35.24543],[140.01224,35.24646],[140.01201,35.24667],[140.01198,35.24697],[140.01137,35.24684],[140.01138,35.24627],[140.01137,35.24427],[140.01149,35.24305],[140.01169,35.24227],[140.01301,35.24251],[140.01384,35.24286],[140.01365,35.24385],[140.01431,35.2441],[140.01457,35.24411],[140.01538,35.24251],[140.01564,35.24232],[140.01615,35.24226],[140.01674,35.2423],[140.01733,35.24242],[140.01741,35.24277],[140.01706,35.2434],[140.01681,35.24375],[140.01601,35.24398],[140.01555,35.24426]]]},"properties":{"hoanrinKind":"保安林"}},
{"type":"Feature","geometry":{"type":"Polygon","coordinates":[[[139.94575,35.24484],[139.9456,35.24504],[139.94459,35.24571],[139.94426,35.24621],[139.94382,35.24705],[139.94341,35.2479],[139.9431,35.24842],[139.94268,35.24871],[139.94246,35.2485],[139.94243,35.24742],[139.94255,35.24642],[139.94308,35.24446],[139.94313,35.2434],[139.94342,35.24346],[139.94382,35.2432],[139.94454,35.24297],[139.94533,35.24277],[139.94545,35.24279],[139.94532,35.24369],[139.94538,35.24383],[139.94574,35.24404],[139.94661,35.2444],[139.94707,35.24455],[139.94679,35.2448],[139.94575,35.24484]]]},"properties":{"hoanrinKind":"保安林"}},
{"type":"Feature","geometry":{"type":"Polygon","coordinates":[[[140.2856,35.25551],[140.28457,35.2557],[140.28387,35.25571],[140.28272,35.2556],[140.28241,35.25552],[140.28288,35.25528],[140.28287,35.25497],[140.28326,35.25469],[140.28411,35.25464],[140.28454,35.25479],[140.2847,35.25498],[140.28506,35.25488],[140.28546,35.2545],[140.28578,35.25489],[140.28583,35.25538],[140.2856,35.25551]]]},"properties":{"hoanrinKind":"保安林"}},
{"type":"Feature","geometry":{"type":"Polygon","coordinates":[[[139.96268,35.25448],[139.96232,35.25456],[139.9619,35.25448],[139.96173,35.25419],[139.96171,35.25379],[139.96125,35.25369],[139.96116,35.2534],[139.9609,35.25327],[139.96078,35.25344],[139.96013,35.25209],[139.95987,35.25192],[139.95922,35.25164],[139.95909,35.25127],[139.95852,35.25045],[139.95821,35.25015],[139.95799,35.25023],[139.95792,35.2505],[139.95808,35.25117],[139.95835,35.25165],[139.95852,35.25224],[139.95814,35.2525],[139.95776,35.25286],[139.9578,35.254],[139.9576,35.25449],[139.95679,35.25409],[139.95647,35.25384],[139.95584,35.25304],[139.95542,35.25284],[139.95477,35.25274],[139.9536,35.25288],[139.95277,35.2529],[139.9518,35.25265],[139.95032,35.25216],[139.94975,35.25191],[139.94917,35.25156],[139.9488,35.25114],[139.94877,35.2508],[139.949,35.24844],[139.94916,35.24774],[139.9493,35.24609],[139.94939,35.24596],[139.95012,35.24595],[139.95056,35.24599],[139.95011,35.24529],[139.94988,35.2442],[139.94947,35.24314],[139.94909,35.24142],[139.94909,35.24075],[139.94936,35.24048],[139.95014,35.24046],[139.95095,35.24057],[139.95183,35.24063],[139.95211,35.24071],[139.95295,35.2402],[139.95335,35.24031],[139.95352,35.24054],[139.95371,35.24108],[139.95397,35.24136],[139.95447,35.24154],[139.95491,35.24191],[139.95546,35.24209],[139.95579,35.24228],[139.9561,35.24266],[139.95631,35.24267],[139.95659,35.24252],[139.95715,35.24255],[139.95775,35.24273],[139.95822,35.24325],[139.95864,35.24333],[139.95911,35.24333],[139.95964,35.24361],[139.95999,35.2439],[139.96057,35.24406],[139.96088,35.24398],[139.96152,35.24348],[139.96347,35.24266],[139.96423,35.24223],[139.96549,35.24141],[139.96572,35.24148],[139.96595,35.24127],[139.9659,35.24085],[139.96628,35.24032],[139.96629,35.24008],[139.9666,35.23961],[139.96757,35.23959],[139.96833,35.23983],[139.969,35.23978],[139.96924,35.23987],[139.9696,35.23986],[139.96976,35.23974],[139.96991,35.2389],[139.96999,35.23869],[139.97032,35.23831],[139.97083,35.23821],[139.97135,35.23826],[139.97163,35.23845],[139.97213,35.23925],[139.97275,35.23986],[139.97433,35.24092],[139.97505,35.24132],[139.97566,35.2416],[139.97608,35.24209],[139.97617,35.24235],[139.97612,35.24316],[139.97583,35.24339],[139.97525,35.24372],[139.97488,35.24379],[139.97445,35.24407],[139.97353,35.24424],[139.97291,35.24446],[139.97293,35.2448],[139.9732,35.24505],[139.9731,35.24532],[139.97256,35.24587],[139.97189,35.24647],[139.97132,35.24711],[139.97084,35.24787],[139.97061,35.248],[139.97056,35.24848],[139.97021,35.24931],[139.96976,35.24953],[139.96848,35.24908],[139.96712,35.24831],[139.96558,35.24749],[139.96509,35.24753],[139.96494,35.24782],[139.96492,35.24929],[139.96481,35.25049],[139.96469,35.25081],[139.96432,35.25096],[139.96345,35.25116],[139.96314,35.25137],[139.96344,35.25199],[139.96319,35.25226],[139.96308,35.25291],[139.96308,35.25332],[139.96272,35.25361],[139.96301,35.25401],[139.96266,35.25435],[139.96268,35.25448]]]},"properties":{"hoanrinKind":"保安林"}},
{"type":"Feature","geometry":{"type":"Polygon","coordinates":[[[140.13878,35.25765],[140.13765,35.25761],[140.13711,35.25752],[140.13655,35.25727],[140.13582,35.25702],[140.13505,35.25693],[140.13444,35.25699],[140.13383,35.25727],[140.13274,35.2574],[140.13205,35.25742],[140.13161,35.25755],[140.13135,35.25732],[140.13085,35.25721],[140.12946,35.25698],[140.12881,35.25694],[140.12796,35.25709],[140.12733,35.25729],[140.12685,35.25722],[140.12632,35.25672],[140.12574,35.25633],[140.12539,35.25619],[140.12467,35.25615],[140.12425,35.25606],[140.12319,35.25606],[140.12298,35.25597],[140.12181,35.25516],[140.12158,35.25494],[140.12177,35.25471],[140.12261,35.25395],[140.12302,35.25309],[140.12428,35.2537],[140.12467,35.25382],[140.12561,35.25388],[140.12604,35.25378],[140.12694,35.25343],[140.1266,35.25409],[140.12654,35.25463],[140.12659,35.25494],[140.12696,35.25532],[140.12743,35.25546],[140.12762,35.25521],[140.12914,35.25345],[140.12944,35.25282],[140.12959,35.2527],[140.13061,35.25217],[140.13144,35.25212],[140.13237,35.25231],[140.13302,35.25249],[140.13314,35.25216],[140.13339,35.25122],[140.13363,35.25011],[140.1339,35.24912],[140.13408,35.24876],[140.13369,35.24832],[140.13292,35.24741],[140.13233,35.24665],[140.13187,35.24586],[140.13175,35.24552],[140.13228,35.24522],[140.13252,35.24527],[140.13272,35.2456],[140.13336,35.24558],[140.13394,35.24599],[140.13422,35.24581],[140.13354,35.24528],[140.13313,35.24526],[140.13285,35.2449],[140.13236,35.24493],[140.13211,35.24512],[140.13178,35.24517],[140.13165,35.24501],[140.13175,35.24451],[140.13156,35.24423],[140.131,35.24419],[140.1306,35.24402],[140.13036,35.24352],[140.13035,35.24311],[140.1308,35.24273],[140.13106,35.24221],[140.1311,35.24184],[140.13208,35.24101],[140.1325,35.24084],[140.1326,35.24024],[140.13254,35.23984],[140.13206,35.23915],[140.13148,35.23856],[140.13034,35.23793],[140.12921,35.23767],[140.12899,35.23757],[140.12905,35.23738],[140.12957,35.23652],[140.13019,35.23642],[140.13036,35.23616],[140.13064,35.23598],[140.13117,35.2364],[140.13165,35.23668],[140.13266,35.23677],[140.13304,35.23669],[140.13312,35.23649],[140.13277,35.23558],[140.13247,35.23527],[140.13205,35.23497],[140.13193,35.23454],[140.132,35.23417],[140.13232,35.23371],[140.13245,35.23341],[140.13239,35.23285],[140.13258,35.23255],[140.13289,35.23181],[140.13345,35.23216],[140.1341,35.23237],[140.13425,35.23247],[140.13429,35.23323],[140.13455,35.23331],[140.13475,35.23355],[140.13497,35.23398],[140.13538,35.23464],[140.13632,35.23549],[140.13691,35.23568],[140.13714,35.23564],[140.13724,35.23546],[140.13738,35.23435],[140.13678,35.23384],[140.13631,35.23328],[140.13607,35.23271],[140.13561,35.23221],[140.13459,35.23149],[140.13504,35.23115],[140.1353,35.23083],[140.13563,35.23074],[140.13595,35.23114],[140.13634,35.23219],[140.13664,35.23284],[140.13716,35.23349],[140.13807,35.23375],[140.13866,35.23342],[140.1389,35.23313],[140.13921,35.23253],[140.13947,35.23223],[140.14028,35.23197],[140.14065,35.23197],[140.14117,35.23216],[140.14149,35.23249],[140.14185,35.23306],[140.14238,35.23414],[140.14261,35.23485],[140.14293,35.23622],[140.14298,35.23676],[140.14336,35.23679],[140.14373,35.2365],[140.1439,35.23584],[140.14451,35.23553],[140.14465,35.23571],[140.14462,35.23608],[140.1447,35.23676],[140.14481,35.23718],[140.14523,35.23743],[140.14544,35.23743],[140.14604,35.23727],[140.1467,35.23795],[140.14706,35.23818],[140.14726,35.23852],[140.1476,35.23936],[140.14751,35.2395],[140.14699,35.23956],[140.14618,35.23977],[140.14601,35.23993],[140.14544,35.24074],[140.14514,35.24092],[140.14465,35.24093],[140.14364,35.24061],[140.14248,35.2404],[140.14141,35.24046],[140.14137,35.24074],[140.14174,35.24105],[140.14247,35.24192],[140.14283,35.24247],[140.14323,35.24338],[140.1436,35.24376],[140.14416,35.24397],[140.14426,35.24409],[140.14319,35.2442],[140.14292,35.24486],[140.14285,35.24532],[140.14293,35.24569],[140.14284,35.2463],[140.14285,35.24666],[140.14336,35.24688],[140.1435,35.2471],[140.1438,35.24718],[140.14473,35.24704],[140.14509,35.24648],[140.14528,35.2467],[140.14591,35.24763],[140.14639,35.24795],[140.14697,35.24796],[140.14783,35.24817],[140.14852,35.24842],[140.14888,35.24877],[140.14914,35.24922],[140.14905,35.25049],[140.14914,35.25107],[140.14912,35.25141],[140.14956,35.25233],[140.14893,35.2526],[140.14801,35.25335],[140.14691,35.25382],[140.14619,35.25337],[140.14639,35.25261],[140.14588,35.25218],[140.14585,35.25186],[140.14556,35.25172],[140.14532,35.25183],[140.14515,35.25204],[140.14454,35.25248],[140.14443,35.25249],[140.14404,35.25207],[140.14275,35.25289],[140.14187,35.25386],[140.14135,35.25459],[140.1411,35.25508],[140.14103,35.25543],[140.14105,35.25616],[140.14131,35.25642],[140.14068,35.25651],[140.14027,35.25676],[140.13962,35.25697],[140.13933,35.25718],[140.13898,35.25755],[140.13878,35.25765]],[[140.13567,35.24423],[140.13601,35.24453],[140.13655,35.24442],[140.13724,35.24239],[140.13743,35.24149],[140.13777,35.24069],[140.13826,35.23958],[140.13839,35.2392],[140.13811,35.23888],[140.13763,35.23857],[140.13579,35.23809],[140.13535,35.23804],[140.13478,35.23825],[140.13437,35.23856],[140.13428,35.24013],[140.13471,35.24161],[140.13472,35.24212],[140.13506,35.2425],[140.13546,35.24284],[140.13556,35.2431],[140.13555,35.24393],[140.13567,35.24423]],[[140.13929,35.23831],[140.13953,35.23882],[140.13953,35.23907],[140.13967,35.23942],[140.13995,35.23938],[140.13991,35.23866],[140.1397,35.2382],[140.13933,35.23819],[140.13929,35.23831]],[[140.14262,35.23826],[140.14288,35.23835],[140.14307,35.23807],[140.14305,35.23761],[140.14249,35.23729],[140.14237,35.23694],[140.14193,35.23616],[140.1418,35.23606],[140.14153,35.2363],[140.14183,35.23672],[140.14204,35.2373],[140.142,35.2375],[140.14244,35.23783],[140.14262,35.23826]]]},"properties":{"hoanrinKind":"保安林"}},
{"type":"Feature","geometry":{"type":"MultiPolygon","coordinates":[[[[139.98275,35.25564],[139.98304,35.25581],[139.98292,35.25619],[139.98271,35.25637],[139.98239,35.25642],[139.98183,35.25633],[139.9814,35.2561],[139.98069,35.25554],[139.98016,35.25493],[139.97979,35.25472],[139.97878,35.25441],[139.97779,35.2544],[139.97628,35.25443],[139.97454,35.25444],[139.9748,35.25426],[139.97378,35.25415],[139.97366,35.2541],[139.97181,35.25241],[139.97204,35.25126],[139.97203,35.25058],[139.9719,35.25038],[139.97223,35.25021],[139.97304,35.24995],[139.97311,35.24938],[139.97303,35.24911],[139.97274,35.24893],[139.9727,35.24874],[139.97389,35.24794],[139.97453,35.24798],[139.97519,35.2479],[139.97611,35.2479],[139.97635,35.24798],[139.97668,35.24791],[139.97705,35.24797],[139.97721,35.24821],[139.97745,35.2483],[139.97806,35.24813],[139.97906,35.2486],[139.97942,35.24918],[139.9794,35.24965],[139.9796,35.24958],[139.98009,35.2492],[139.98036,35.2492],[139.98054,35.24946],[139.98133,35.25018],[139.98135,35.25032],[139.98081,35.25063],[139.98083,35.25087],[139.98135,35.25098],[139.98159,35.2509],[139.98207,35.24999],[139.98276,35.24974],[139.98316,35.24986],[139.98353,35.24985],[139.98356,35.2502],[139.98346,35.2504],[139.98365,35.25059],[139.98407,35.25046],[139.98429,35.25067],[139.98384,35.25079],[139.98376,35.25127],[139.98356,35.25146],[139.98308,35.2515],[139.98319,35.25211],[139.98298,35.25219],[139.98259,35.25213],[139.98189,35.25245],[139.98185,35.25278],[139.98209,35.25288],[139.98205,35.25313],[139.98181,35.25355],[139.98181,35.25405],[139.98222,35.25392],[139.98232,35.25358],[139.98256,35.25312],[139.98272,35.25302],[139.98363,35.25297],[139.98365,35.25264],[139.98382,35.25213],[139.98452,35.2521],[139.98499,35.25191],[139.98504,35.25158],[139.98559,35.25184],[139.9852,35.25247],[139.9851,35.25291],[139.98541,35.25277],[139.98616,35.25231],[139.9866,35.25191],[139.98717,35.25186],[139.98724,35.25212],[139.98683,35.2522],[139.98672,35.25248],[139.98651,35.2525],[139.98634,35.25279],[139.9861,35.25268],[139.98423,35.25463],[139.98396,35.2547],[139.98355,35.25502],[139.98094,35.25466],[139.98112,35.25499],[139.98144,35.25514],[139.98165,35.25544],[139.98196,35.25562],[139.98226,35.25551],[139.98275,35.25564]]],[[[139.98957,35.25537],[139.98997,35.25547],[139.99,35.25576],[139.98965,35.25598],[139.98858,35.25626],[139.98824,35.25652],[139.98801,35.25655],[139.98732,35.25563],[139.98704,35.25533],[139.98639,35.25535],[139.98572,35.25531],[139.98474,35.25493],[139.98467,35.2548],[139.98487,35.25456],[139.98513,35.25458],[139.98554,35.25448],[139.98583,35.25426],[139.98601,35.25386],[139.98672,35.25342],[139.98699,35.25298],[139.98789,35.25263],[139.98791,35.25233],[139.98935,35.25187],[139.98969,35.25189],[139.99009,35.25248],[139.99068,35.25306],[139.99053,35.25338],[139.99031,35.25339],[139.98939,35.25406],[139.989,35.25438],[139.98901,35.25479],[139.98957,35.25537]]]]},"properties":{"hoanrinKind":"保安林"}},
{"type":"Feature","geometry":{"type":"Polygon","coordinates":[[[140.15599,35.25793],[140.15573,35.25797],[140.15498,35.25842],[140.15474,35.25845],[140.15422,35.25838],[140.15387,35.25794],[140.15416,35.25771],[140.15388,35.25718],[140.15404,35.25695],[140.15478,35.25666],[140.15531,35.2567],[140.15551,35.2563],[140.15569,35.25635],[140.15593,35.25694],[140.15641,35.25752],[140.15599,35.25793]]]},"properties":{"hoanrinKind":"保安林"}},
{"type":"Feature","geometry":{"type":"Polygon","coordinates":[[[140.15203,35.258],[140.15143,35.25852],[140.15091,35.25826],[140.15067,35.25807],[140.15014,35.25793],[140.14969,35.2574],[140.14975,35.25704],[140.14953,35.25677],[140.14903,35.25666],[140.1487,35.25701],[140.14774,35.25689],[140.14784,35.25665],[140.14822,35.25607],[140.14885,35.25533],[140.14979,35.25442],[140.15062,35.25373],[140.15067,35.2536],[140.15152,35.25419],[140.15247,35.25456],[140.15292,35.25479],[140.15337,35.2551],[140.15345,35.25535],[140.153,35.25549],[140.15292,35.2558],[140.15251,35.25628],[140.15227,35.25628],[140.15204,35.25658],[140.15207,35.25699],[140.15248,35.25716],[140.15232,35.25754],[140.15203,35.258]]]},"properties":{"hoanrinKind":"保安林"}},
{"type":"Feature","geometry":{"type":"Polygon","coordinates":[[[140.24897,35.26106],[140.24928,35.2614],[140.24856,35.26179],[140.24833,35.26179],[140.24791,35.26148],[140.24709,35.26099],[140.24682,35.26098],[140.24579,35.26116],[140.24502,35.2611],[140.24453,35.26082],[140.24412,35.26049],[140.24385,35.2601],[140.24406,35.25971],[140.24433,35.25962],[140.24434,35.25926],[140.24411,35.2586],[140.24376,35.25813],[140.24362,35.2578],[140.24388,35.25776],[140.24488,35.25879],[140.24581,35.25939],[140.24631,35.25967],[140.2462,35.25998],[140.24628,35.26018],[140.24674,35.26052],[140.24717,35.26049],[140.24798,35.26066],[140.24897,35.26106]]]},"properties":{"hoanrinKind":"保安林"}},
{"type":"Feature","geometry":{"type":"Polygon","coordinates":[[[140.20192,35.265],[140.20174,35.26533],[140.2016,35.26485],[140.2012,35.26438],[140.20094,35.26452],[140.20098,35.2651],[140.20072,35.26512],[140.20054,35.26493],[140.19987,35.26463],[140.19943,35.26461],[140.19945,35.26369],[140.19944,35.26238],[140.19947,35.26209],[140.19979,35.26177],[140.20024,35.26183],[140.20085,35.26208],[140.20116,35.2623],[140.20159,35.26274],[140.20208,35.26339],[140.2027,35.26383],[140.20266,35.26402],[140.2023,35.26455],[140.20208,35.26465],[140.20192,35.265]]]},"properties":{"hoanrinKind":"保安林"}},
{"type":"Feature","geometry":{"type":"Polygon","coordinates":[[[139.86953,35.26283],[139.86936,35.26299],[139.86864,35.26303],[139.86811,35.26299],[139.86843,35.26249],[139.86869,35.26172],[139.86859,35.26131],[139.86816,35.26074],[139.86777,35.26007],[139.86752,35.25941],[139.86691,35.25857],[139.86718,35.25819],[139.86753,35.25857],[139.86764,35.25887],[139.86744,35.25891],[139.86751,35.25923],[139.86778,35.25921],[139.86808,35.25993],[139.86846,35.2607],[139.86885,35.26115],[139.86943,35.2616],[139.87021,35.26178],[139.8703,35.26236],[139.87026,35.26266],[139.86987,35.26293],[139.86953,35.26283]]]},"properties":{"hoanrinKind":"保安林"}},
{"type":"Feature","geometry":{"type":"MultiPolygon","coordinates":[[[[140.20894,35.26475],[140.20941,35.2652],[140.20948,35.26543],[140.20924,35.26551],[140.20899,35.26524],[140.20894,35.26475]]],[[[140.20588,35.26531],[140.20531,35.2657],[140.20526,35.26536],[140.20507,35.26527],[140.20454,35.26541],[140.20447,35.26497],[140.20429,35.2648],[140.20402,35.26487],[140.20366,35.26515],[140.20328,35.26511],[140.20314,35.26483],[140.20287,35.26456],[140.20307,35.26419],[140.20315,35.26342],[140.20306,35.26296],[140.2028,35.26239],[140.20279,35.26182],[140.20285,35.26114],[140.20318,35.26069],[140.20338,35.26011],[140.20339,35.2599],[140.20356,35.25971],[140.20443,35.25895],[140.20497,35.25839],[140.20524,35.25778],[140.20581,35.2575],[140.20625,35.25746],[140.20671,35.25755],[140.20764,35.25789],[140.20853,35.25806],[140.20905,35.25871],[140.20926,35.25922],[140.20931,35.25953],[140.20892,35.25978],[140.20926,35.26042],[140.20967,35.26079],[140.20975,35.26098],[140.20938,35.26118],[140.20945,35.26152],[140.2094,35.26183],[140.20897,35.26231],[140.20814,35.26213],[140.20762,35.26224],[140.20726,35.2618],[140.20682,35.26058],[140.2066,35.26034],[140.20632,35.26036],[140.20642,35.2613],[140.2063,35.26145],[140.20577,35.26149],[140.20566,35.26178],[140.20647,35.26211],[140.20674,35.26228],[140.20684,35.26265],[140.20712,35.2631],[140.20743,35.26343],[140.20742,35.26375],[140.20762,35.26394],[140.20725,35.26429],[140.20717,35.26405],[140.20681,35.26383],[140.20632,35.26394],[140.2061,35.26411],[140.20533,35.26337],[140.20496,35.26308],[140.20478,35.26275],[140.20451,35.26262],[140.2041,35.26256],[140.20389,35.26272],[140.20363,35.2625],[140.20337,35.26258],[140.20323,35.26291],[140.20331,35.26324],[140.20381,35.26352],[140.20435,35.26418],[140.20494,35.2644],[140.20573,35.26458],[140.20608,35.26484],[140.2067,35.26548],[140.20588,35.26531]]]]},"properties":{"hoanrinKind":"保安林"}},
{"type":"Feature","geometry":{"type":"Polygon","coordinates":[[[139.98945,35.26519],[139.98938,35.26525],[139.98866,35.26517],[139.98852,35.2644],[139.98845,35.26379],[139.9883,35.26336],[139.98808,35.26294],[139.98721,35.26236],[139.98715,35.26175],[139.9872,35.26146],[139.98792,35.26143],[139.98836,35.26154],[139.98875,35.2618],[139.98916,35.26218],[139.99004,35.2633],[139.99041,35.26449],[139.99024,35.26468],[139.98972,35.26465],[139.98942,35.26478],[139.98945,35.26519]]]},"properties":{"hoanrinKind":"保安林"}},
{"type":"Feature","geometry":{"type":"Polygon","coordinates":[[[140.17008,35.26768],[140.17002,35.26816],[140.17011,35.26867],[140.16972,35.26851],[140.16956,35.26818],[140.16947,35.26773],[140.16957,35.26743],[140.17047,35.26687],[140.1721,35.26603],[140.17287,35.26515],[140.17318,35.2649],[140.17375,35.26474],[140.17465,35.26475],[140.17499,35.2649],[140.17522,35.26539],[140.17525,35.26583],[140.17548,35.26655],[140.17551,35.26686],[140.17502,35.26713],[140.17454,35.26728],[140.17399,35.26685],[140.1737,35.26675],[140.17232,35.26699],[140.17184,35.26718],[140.17141,35.26758],[140.17098,35.26808],[140.17065,35.26834],[140.17052,35.26783],[140.17036,35.26761],[140.17008,35.26768]]]},"properties":{"hoanrinKind":"保安林"}},
{"type":"Feature","geometry":{"type":"Polygon","coordinates":[[[140.19401,35.26851],[140.19389,35.26876],[140.19344,35.26882],[140.19273,35.26881],[140.19255,35.26872],[140.19262,35.26837],[140.19237,35.26787],[140.19236,35.26742],[140.19265,35.26707],[140.19299,35.26694],[140.19387,35.26677],[140.19494,35.26708],[140.19576,35.26697],[140.19628,35.26673],[140.19717,35.26646],[140.19781,35.26606],[140.19813,35.26598],[140.19868,35.26597],[140.19894,35.26587],[140.19919,35.26547],[140.19967,35.26569],[140.20041,35.26615],[140.20124,35.26647],[140.20116,35.26671],[140.2009,35.26678],[140.20027,35.26673],[140.19971,35.26708],[140.19949,35.26704],[140.19909,35.26713],[140.19856,35.26697],[140.19834,35.26715],[140.19847,35.26765],[140.1984,35.26786],[140.19728,35.26858],[140.19683,35.26857],[140.19636,35.26814],[140.1959,35.26816],[140.19568,35.26833],[140.1953,35.26803],[140.19515,35.26801],[140.19493,35.26838],[140.19459,35.26834],[140.1944,35.26855],[140.19401,35.26851]]]},"properties":{"hoanrinKind":"保安林"}},
{"type":"Feature","geometry":{"type":"Polygon","coordinates":[[[140.13117,35.26687],[140.13198,35.26755],[140.13212,35.26778],[140.13205,35.26832],[140.13185,35.26878],[140.13154,35.26868],[140.13134,35.26845],[140.13115,35.26779],[140.13102,35.26714],[140.13082,35.26689],[140.13046,35.26677],[140.13017,35.26677],[140.12956,35.26688],[140.12919,35.26679],[140.129,35.26694],[140.12885,35.2673],[140.1287,35.26741],[140.12827,35.2675],[140.12791,35.26768],[140.12765,35.26794],[140.12732,35.26805],[140.12694,35.26833],[140.12636,35.26831],[140.12612,35.26856],[140.12594,35.26849],[140.12576,35.26801],[140.12577,35.26782],[140.12559,35.26738],[140.12646,35.26706],[140.12688,35.26707],[140.12697,35.26679],[140.12748,35.26654],[140.12775,35.26627],[140.12778,35.26559],[140.12816,35.26514],[140.12843,35.26438],[140.12868,35.26327],[140.12887,35.26179],[140.12945,35.26171],[140.13011,35.26175],[140.13028,35.26264],[140.13066,35.26352],[140.13095,35.26407],[140.13161,35.26483],[140.1319,35.2654],[140.13195,35.2659],[140.13151,35.26602],[140.13102,35.26645],[140.13117,35.26687]]]},"properties":{"hoanrinKind":"保安林"}},
{"type":"Feature","geometry":{"type":"Polygon","coordinates":[[[140.20655,35.26855],[140.20631,35.26869],[140.20615,35.26905],[140.20561,35.26942],[140.20525,35.2696],[140.2051,35.26945],[140.20504,35.26889],[140.20465,35.26847],[140.20388,35.26803],[140.20335,35.26807],[140.2033,35.26748],[140.20303,35.26662],[140.20319,35.26632],[140.20368,35.26624],[140.20481,35.2664],[140.20503,35.26664],[140.20544,35.26693],[140.20621,35.26693],[140.20655,35.26731],[140.20685,35.26725],[140.20783,35.26651],[140.20801,35.26657],[140.20765,35.26692],[140.20753,35.26745],[140.20737,35.26779],[140.20727,35.26826],[140.20691,35.26854],[140.20655,35.26855]]]},"properties":{"hoanrinKind":"保安林"}},
{"type":"Feature","geometry":{"type":"Polygon","coordinates":[[[140.22872,35.26769],[140.22859,35.26788],[140.22856,35.26859],[140.22871,35.26903],[140.22942,35.26993],[140.22926,35.27013],[140.22869,35.27025],[140.22809,35.27018],[140.22772,35.27007],[140.2275,35.26958],[140.22761,35.26822],[140.22794,35.26764],[140.22872,35.26769]]]},"properties":{"hoanrinKind":"保安林"}},
{"type":"Feature","geometry":{"type":"Polygon","coordinates":[[[140.14866,35.26578],[140.14905,35.26593],[140.14919,35.26673],[140.14985,35.26738],[140.15003,35.26778],[140.14984,35.26811],[140.14979,35.2695],[140.1497,35.27002],[140.14941,35.27074],[140.14916,35.27086],[140.14869,35.27059],[140.14873,35.27017],[140.14892,35.26972],[140.14886,35.26898],[140.14835,35.26759],[140.14828,35.26569],[140.14866,35.26578]]]},"properties":{"hoanrinKind":"保安林"}},
{"type":"Feature","geometry":{"type":"Polygon","coordinates":[[[140.00629,35.26767],[140.00641,35.26845],[140.00661,35.26872],[140.0073,35.26891],[140.0076,35.26893],[140.00799,35.26927],[140.00797,35.26945],[140.00674,35.26976],[140.00506,35.27048],[140.00411,35.27078],[140.00343,35.27095],[140.00289,35.27043],[140.0037,35.26989],[140.00421,35.26949],[140.00464,35.26896],[140.00488,35.26835],[140.00561,35.267],[140.00612,35.26692],[140.00629,35.26767]]]},"properties":{"hoanrinKind":"保安林"}},
{"type":"Feature","geometry":{"type":"Polygon","coordinates":[[[139.85165,35.27016],[139.85087,35.27053],[139.85062,35.26988],[139.85032,35.26942],[139.85017,35.26933],[139.85072,35.26888],[139.85109,35.2691],[139.85147,35.26919],[139.85166,35.26902],[139.85129,35.26843],[139.85159,35.26813],[139.85268,35.26726],[139.85466,35.26546],[139.85525,35.26497],[139.85604,35.26427],[139.8566,35.26385],[139.85698,35.26364],[139.85731,35.26336],[139.85768,35.26354],[139.85823,35.26309],[139.8581,35.26263],[139.8583,35.26238],[139.85884,35.26189],[139.85969,35.26081],[139.86061,35.25986],[139.86232,35.25747],[139.86282,35.25656],[139.86381,35.25528],[139.86397,35.25517],[139.86445,35.2558],[139.86495,35.25624],[139.86509,35.25659],[139.86512,35.25696],[139.86556,35.25742],[139.86581,35.25745],[139.86601,35.25784],[139.86541,35.25846],[139.86506,35.25897],[139.865,35.2596],[139.86448,35.26054],[139.86437,35.26113],[139.8642,35.26116],[139.86335,35.26206],[139.86333,35.26221],[139.86288,35.26237],[139.86297,35.26254],[139.86243,35.26295],[139.86193,35.26301],[139.86071,35.26332],[139.86013,35.26343],[139.85939,35.2632],[139.85901,35.26317],[139.85859,35.26324],[139.8583,35.26355],[139.85789,35.26436],[139.85684,35.26437],[139.85646,35.26456],[139.85598,35.26506],[139.85487,35.2659],[139.85462,35.26637],[139.85451,35.26696],[139.85472,35.26796],[139.85488,35.26856],[139.85501,35.26986],[139.85491,35.26996],[139.85433,35.27023],[139.85347,35.27033],[139.85292,35.27049],[139.85292,35.27033],[139.85328,35.26965],[139.85352,35.26944],[139.85335,35.26921],[139.85293,35.26937],[139.85248,35.26966],[139.85216,35.2698],[139.85173,35.26979],[139.85165,35.27016]]]},"properties":{"hoanrinKind":"保安林"}},
{"type":"Feature","geometry":{"type":"Polygon","coordinates":[[[139.93789,35.27502],[139.9382,35.27463],[139.93809,35.27327],[139.93815,35.27235],[139.9385,35.27237],[139.93871,35.27312],[139.93874,35.27378],[139.939,35.27471],[139.93942,35.27496],[139.93938,35.27516],[139.93866,35.27518],[139.93825,35.27546],[139.93812,35.27513],[139.93789,35.27502]]]},"properties":{"hoanrinKind":"保安林"}},
{"type":"Feature","geometry":{"type":"Polygon","coordinates":[[[140.19967,35.27646],[140.19963,35.2767],[140.19975,35.27723],[140.19975,35.2778],[140.19964,35.27796],[140.1991,35.27795],[140.19894,35.27784],[140.19844,35.27716],[140.19825,35.27702],[140.19779,35.27691],[140.19738,35.27653],[140.19659,35.27638],[140.196,35.2758],[140.19578,35.27575],[140.19474,35.27579],[140.19425,35.27606],[140.19378,35.27599],[140.19359,35.27603],[140.19347,35.27574],[140.19356,35.27526],[140.19314,35.27471],[140.19311,35.27449],[140.19341,35.27327],[140.19353,35.27297],[140.19419,35.27286],[140.19454,35.27311],[140.19486,35.27311],[140.19518,35.27228],[140.19592,35.2713],[140.19621,35.2711],[140.19676,35.2709],[140.19691,35.27091],[140.1973,35.27035],[140.19749,35.27048],[140.19743,35.271],[140.1973,35.27133],[140.19712,35.27222],[140.19713,35.27271],[140.19738,35.27263],[140.19777,35.27226],[140.19778,35.27201],[140.19815,35.27156],[140.19804,35.27079],[140.1982,35.27043],[140.19854,35.27007],[140.19863,35.26941],[140.19877,35.2691],[140.1992,35.26959],[140.1994,35.27023],[140.19939,35.27113],[140.19917,35.27202],[140.19944,35.27201],[140.19963,35.27171],[140.19998,35.27078],[140.20031,35.27037],[140.20074,35.27021],[140.2007,35.26989],[140.20017,35.26985],[140.19972,35.26949],[140.1996,35.26918],[140.1997,35.26868],[140.20009,35.26866],[140.20066,35.26889],[140.20082,35.26869],[140.20026,35.26831],[140.20011,35.26813],[140.20029,35.268],[140.20101,35.26818],[140.20117,35.26794],[140.20095,35.26778],[140.2011,35.26754],[140.20202,35.26747],[140.20238,35.26713],[140.20265,35.26711],[140.20281,35.26765],[140.20276,35.26817],[140.20283,35.2686],[140.20304,35.26872],[140.20288,35.26904],[140.20326,35.26924],[140.20375,35.2697],[140.20401,35.26978],[140.204,35.27033],[140.20377,35.27031],[140.20337,35.27064],[140.20316,35.27035],[140.20304,35.26995],[140.20279,35.26969],[140.20255,35.26993],[140.20241,35.27042],[140.20243,35.27063],[140.20313,35.27118],[140.20316,35.27133],[140.20298,35.27175],[140.20304,35.27199],[140.20297,35.27243],[140.20236,35.27258],[140.2022,35.27277],[140.2025,35.2732],[140.20227,35.27348],[140.20177,35.27356],[140.20153,35.27339],[140.2013,35.27337],[140.20085,35.27373],[140.20083,35.27397],[140.20107,35.27412],[140.20134,35.27467],[140.2013,35.27481],[140.2009,35.27473],[140.20066,35.27483],[140.20049,35.27529],[140.20023,35.27538],[140.19959,35.27513],[140.1991,35.27516],[140.1988,35.27511],[140.1978,35.27466],[140.19753,35.27465],[140.19748,35.27486],[140.19819,35.27535],[140.19943,35.27578],[140.19976,35.27613],[140.19967,35.27646]]]},"properties":{"hoanrinKind":"保安林"}},
{"type":"Feature","geometry":{"type":"MultiPolygon","coordinates":[[[[139.97467,35.25644],[139.97446,35.25683],[139.97389,35.2571],[139.97416,35.25638],[139.97416,35.25559],[139.97464,35.25566],[139.97502,35.25605],[139.97525,35.25651],[139.97528,35.2567],[139.97495,35.25673],[139.97467,35.25644]]],[[[139.97271,35.25989],[139.97243,35.25983],[139.97285,35.25941],[139.97299,35.25909],[139.97326,35.25936],[139.97301,35.25969],[139.97271,35.25989]]],[[[139.93872,35.26843],[139.93877,35.26867],[139.93867,35.26917],[139.93881,35.26936],[139.93864,35.26961],[139.93841,35.26938],[139.93839,35.26914],[139.9382,35.26853],[139.93786,35.26844],[139.93756,35.2687],[139.93717,35.26835],[139.9373,35.26808],[139.93752,35.26794],[139.93784,35.26793],[139.9384,35.26817],[139.93872,35.26843]]],[[[139.96322,35.27388],[139.96343,35.27394],[139.96344,35.27439],[139.96309,35.27462],[139.96322,35.27388]]],[[[139.96373,35.27501],[139.9639,35.27549],[139.96355,35.27562],[139.96329,35.27529],[139.9632,35.27498],[139.96373,35.27501]]],[[[139.95888,35.27142],[139.95836,35.27184],[139.95804,35.27232],[139.958,35.27277],[139.95825,35.27385],[139.95869,35.27514],[139.95884,35.27635],[139.95852,35.27669],[139.95772,35.27707],[139.95772,35.27625],[139.95731,35.27382],[139.95677,35.27226],[139.95613,35.27086],[139.95546,35.26988],[139.95477,35.2691],[139.95449,35.2685],[139.95452,35.2679],[139.9547,35.26747],[139.95537,35.26671],[139.95612,35.26615],[139.95666,35.26582],[139.95763,35.26576],[139.95926,35.26588],[139.95716,35.26508],[139.95682,35.2647],[139.9565,35.26361],[139.95627,35.26172],[139.95624,35.26127],[139.95627,35.25819],[139.95612,35.25737],[139.95581,35.25727],[139.95503,35.25723],[139.95434,35.25742],[139.95424,35.25757],[139.95436,35.25812],[139.9543,35.25858],[139.95414,35.25879],[139.95357,35.25906],[139.95304,35.2592],[139.95241,35.25957],[139.95206,35.26022],[139.95173,35.26021],[139.95074,35.26008],[139.95024,35.2596],[139.94991,35.2596],[139.94924,35.25974],[139.94854,35.26026],[139.94809,35.26029],[139.94751,35.26017],[139.94699,35.26015],[139.94652,35.26026],[139.94602,35.26063],[139.94597,35.26076],[139.94607,35.2613],[139.94594,35.26186],[139.94508,35.26324],[139.94453,35.26336],[139.94413,35.26315],[139.94398,35.26291],[139.94354,35.26255],[139.94303,35.26234],[139.94223,35.2622],[139.94211,35.26235],[139.94183,35.26217],[139.94126,35.26203],[139.94041,35.26218],[139.94021,35.2624],[139.93894,35.26432],[139.93892,35.2645],[139.93917,35.26736],[139.9389,35.26769],[139.93683,35.26661],[139.93657,35.26672],[139.93631,35.26616],[139.93583,35.26645],[139.93541,35.26643],[139.93492,35.26622],[139.93411,35.26595],[139.93248,35.26527],[139.93225,35.26538],[139.9313,35.26627],[139.93118,35.26633],[139.93074,35.2669],[139.93016,35.26684],[139.92972,35.26689],[139.92931,35.26747],[139.92871,35.26769],[139.92815,35.26799],[139.92758,35.26849],[139.9272,35.26862],[139.92643,35.26866],[139.92558,35.26846],[139.92524,35.26851],[139.92438,35.2688],[139.92409,35.26916],[139.92332,35.26905],[139.92321,35.26895],[139.92369,35.26846],[139.92331,35.26827],[139.92305,35.26826],[139.92305,35.26784],[139.92288,35.26705],[139.92236,35.26645],[139.92186,35.26603],[139.92123,35.26566],[139.92089,35.26563],[139.91967,35.26577],[139.91918,35.26585],[139.91893,35.26618],[139.91908,35.26642],[139.91841,35.26665],[139.91752,35.26673],[139.91733,35.26667],[139.91652,35.26664],[139.91607,35.26647],[139.91453,35.26574],[139.91428,35.26552],[139.91404,35.26511],[139.9135,35.26469],[139.91283,35.26474],[139.91248,35.26467],[139.91212,35.26269],[139.91132,35.26201],[139.91096,35.26203],[139.91085,35.26175],[139.91129,35.26175],[139.91133,35.26141],[139.91105,35.26134],[139.91076,35.26146],[139.91051,35.26132],[139.91023,35.26129],[139.91006,35.26115],[139.90981,35.26135],[139.91003,35.26151],[139.90922,35.26179],[139.90876,35.26225],[139.90824,35.2627],[139.90818,35.26241],[139.90901,35.26116],[139.90941,35.2612],[139.90966,35.26086],[139.90925,35.26077],[139.90979,35.26012],[139.9102,35.26037],[139.91042,35.26073],[139.91009,35.25864],[139.90981,35.25758],[139.91016,35.25762],[139.91037,35.25707],[139.91064,35.25671],[139.91044,35.25653],[139.90971,35.25722],[139.90958,35.2568],[139.91023,35.25605],[139.91,35.25578],[139.91054,35.25482],[139.91112,35.25304],[139.91197,35.25214],[139.9142,35.25225],[139.91553,35.25317],[139.9201,35.25386],[139.92361,35.25393],[139.92341,35.25192],[139.92248,35.25099],[139.92249,35.25017],[139.9235,35.24958],[139.92436,35.24939],[139.92456,35.24959],[139.92463,35.25016],[139.92504,35.2506],[139.92552,35.25082],[139.9261,35.25079],[139.92735,35.25032],[139.92813,35.2504],[139.92861,35.2503],[139.92884,35.25012],[139.92871,35.24993],[139.92685,35.24906],[139.92669,35.24888],[139.92748,35.2487],[139.92781,35.24892],[139.92858,35.2492],[139.93,35.24824],[139.93051,35.24828],[139.931,35.24782],[139.9326,35.24821],[139.93261,35.24838],[139.93286,35.24881],[139.93307,35.24896],[139.9333,35.24892],[139.93381,35.24834],[139.93432,35.24816],[139.93508,35.24825],[139.93533,35.24858],[139.93581,35.2486],[139.93667,35.25045],[139.93687,35.25052],[139.93834,35.25021],[139.93818,35.25178],[139.93844,35.25229],[139.93916,35.25299],[139.93945,35.25397],[139.93954,35.25403],[139.94103,35.25238],[139.94233,35.25194],[139.94517,35.24999],[139.94526,35.24998],[139.94777,35.25143],[139.94874,35.25192],[139.94909,35.25231],[139.9497,35.25281],[139.9508,35.25326],[139.95231,35.25372],[139.95337,35.25374],[139.95368,35.25392],[139.95386,35.25432],[139.95416,35.25476],[139.95456,35.25488],[139.95499,35.25478],[139.95537,35.25437],[139.95578,35.2543],[139.95564,35.25456],[139.9575,35.25516],[139.95795,35.25611],[139.95843,35.25675],[139.95898,35.25741],[139.95972,35.25836],[139.96019,35.2591],[139.96087,35.2603],[139.96181,35.2622],[139.96245,35.26324],[139.96302,35.26312],[139.96455,35.26255],[139.96686,35.26391],[139.96716,35.26395],[139.96723,35.26348],[139.96709,35.26316],[139.96789,35.26213],[139.96828,35.26115],[139.96858,35.26075],[139.96891,35.26048],[139.96908,35.26045],[139.96928,35.26084],[139.96945,35.26102],[139.96971,35.26105],[139.97051,35.26023],[139.97071,35.2604],[139.97042,35.26056],[139.97034,35.26078],[139.97049,35.26096],[139.97217,35.26142],[139.97238,35.26138],[139.97408,35.2595],[139.97424,35.25957],[139.97441,35.26103],[139.9736,35.261],[139.97357,35.26128],[139.97409,35.26162],[139.97453,35.26204],[139.97469,35.26333],[139.97455,35.26341],[139.97245,35.26158],[139.97217,35.26162],[139.97135,35.26262],[139.97182,35.2627],[139.97217,35.26307],[139.97285,35.26341],[139.97313,35.26381],[139.97367,35.26436],[139.97417,35.26459],[139.97445,35.26502],[139.97473,35.26519],[139.97603,35.26586],[139.97678,35.26653],[139.97772,35.26711],[139.97812,35.26729],[139.97856,35.26767],[139.97893,35.26822],[139.97863,35.26827],[139.97824,35.26803],[139.97773,35.26755],[139.97736,35.26792],[139.97737,35.26864],[139.97765,35.2695],[139.97791,35.26989],[139.97861,35.2703],[139.97943,35.27021],[139.97994,35.27032],[139.9802,35.27125],[139.98034,35.27144],[139.98212,35.27119],[139.9826,35.27151],[139.98313,35.2723],[139.98339,35.2723],[139.98408,35.27175],[139.98533,35.27235],[139.98534,35.27257],[139.98493,35.27238],[139.98477,35.27247],[139.98458,35.27343],[139.98331,35.27334],[139.98246,35.27334],[139.98063,35.27356],[139.98007,35.27361],[139.97921,35.27321],[139.97843,35.27272],[139.97773,35.2722],[139.97678,35.27173],[139.97631,35.2711],[139.976,35.2702],[139.97579,35.26982],[139.97532,35.26931],[139.97499,35.26829],[139.97487,35.2677],[139.97443,35.26716],[139.97407,35.26686],[139.97438,35.26661],[139.97459,35.26618],[139.97466,35.2656],[139.97367,35.26514],[139.97303,35.26478],[139.97262,35.26434],[139.97208,35.26353],[139.97164,35.26302],[139.97119,35.26275],[139.97088,35.26274],[139.97043,35.26293],[139.96996,35.26329],[139.96978,35.264],[139.96965,35.26426],[139.96904,35.2649],[139.96652,35.26648],[139.96641,35.26664],[139.96641,35.27],[139.96638,35.27011],[139.96434,35.27298],[139.9642,35.27293],[139.96413,35.27143],[139.96391,35.27207],[139.96358,35.27329],[139.96335,35.27338],[139.96366,35.27219],[139.96386,35.27121],[139.96385,35.27037],[139.96332,35.26969],[139.96249,35.26911],[139.96181,35.26854],[139.96187,35.26926],[139.96168,35.26985],[139.96142,35.27033],[139.96086,35.27096],[139.96026,35.27128],[139.9593,35.27127],[139.95888,35.27142]],[[139.96526,35.26589],[139.96515,35.26614],[139.96406,35.26793],[139.96369,35.26822],[139.96319,35.26829],[139.96308,35.26872],[139.96315,35.26936],[139.9634,35.2696],[139.96404,35.26902],[139.96504,35.2679],[139.96584,35.26673],[139.96654,35.26551],[139.96686,35.26472],[139.96689,35.26444],[139.96642,35.26425],[139.9662,35.26433],[139.96532,35.26574],[139.96526,35.26589]],[[139.91655,35.25948],[139.9164,35.25929],[139.91616,35.25924],[139.9159,35.25956],[139.91595,35.25998],[139.91616,35.26009],[139.91647,35.25995],[139.91655,35.25948]],[[139.9135,35.26011],[139.91314,35.26032],[139.91303,35.26064],[139.91308,35.26089],[139.91331,35.2609],[139.91349,35.26074],[139.9136,35.26034],[139.9135,35.26011]],[[139.93885,35.26614],[139.93883,35.26492],[139.93802,35.26489],[139.93797,35.26543],[139.93803,35.2662],[139.93885,35.26614]],[[139.9156,35.25653],[139.9158,35.2567],[139.91634,35.25659],[139.91647,35.25634],[139.91632,35.25607],[139.91599,35.25588],[139.91573,35.25592],[139.91552,35.25635],[139.9156,35.25653]],[[139.91286,35.25339],[139.91109,35.2544],[139.91106,35.25462],[139.91127,35.25471],[139.91227,35.25426],[139.91321,35.25397],[139.91372,35.25397],[139.91393,35.25378],[139.91371,35.25338],[139.91286,35.25339]],[[139.965,35.27069],[139.96568,35.27054],[139.96578,35.27026],[139.96555,35.27018],[139.96487,35.27022],[139.96453,35.27046],[139.96456,35.27067],[139.965,35.27069]]]]},"properties":{"hoanrinKind":"保安林"}},
{"type":"Feature","geometry":{"type":"Polygon","coordinates":[[[140.02183,35.27825],[140.02152,35.27835],[140.02108,35.27839],[140.02071,35.27781],[140.02092,35.27767],[140.02308,35.27762],[140.02373,35.27808],[140.02307,35.27806],[140.02242,35.27825],[140.02183,35.27825]]]},"properties":{"hoanrinKind":"保安林"}},
{"type":"Feature","geometry":{"type":"Polygon","coordinates":[[[140.08591,35.27757],[140.08524,35.27798],[140.08484,35.27834],[140.08403,35.27926],[140.08422,35.27854],[140.08437,35.27818],[140.08467,35.27783],[140.08473,35.27761],[140.08502,35.27736],[140.08589,35.27703],[140.08623,35.27709],[140.08655,35.27664],[140.08738,35.27696],[140.08711,35.27717],[140.08591,35.27757]]]},"properties":{"hoanrinKind":"保安林"}},
{"type":"Feature","geometry":{"type":"Polygon","coordinates":[[[140.1216,35.27694],[140.12164,35.27706],[140.12224,35.27724],[140.12253,35.27746],[140.12272,35.27783],[140.12289,35.27788],[140.12286,35.2784],[140.12277,35.27868],[140.12243,35.27903],[140.12252,35.27954],[140.12157,35.27959],[140.12099,35.27966],[140.12042,35.27981],[140.1196,35.27983],[140.11915,35.27978],[140.11893,35.2793],[140.11887,35.27896],[140.119,35.27815],[140.11896,35.27771],[140.11878,35.27743],[140.11858,35.27675],[140.11834,35.2764],[140.1183,35.27604],[140.1187,35.27542],[140.11881,35.27539],[140.11951,35.27565],[140.11979,35.2757],[140.12011,35.27551],[140.12068,35.27498],[140.12123,35.27498],[140.12183,35.27524],[140.12256,35.27535],[140.12304,35.27559],[140.1223,35.27583],[140.12218,35.27604],[140.12216,35.27636],[140.12232,35.27651],[140.12331,35.27678],[140.12318,35.27705],[140.12296,35.27709],[140.12196,35.27686],[140.1216,35.27694]]]},"properties":{"hoanrinKind":"保安林"}},
{"type":"Feature","geometry":{"type":"Polygon","coordinates":[[[140.00411,35.27917],[140.00386,35.27968],[140.00357,35.27988],[140.0029,35.28002],[140.00265,35.28021],[140.00244,35.28086],[140.00215,35.28117],[140.00164,35.28128],[140.00089,35.28198],[139.99995,35.28234],[139.9994,35.28242],[139.99919,35.28235],[139.99938,35.28103],[139.9996,35.28063],[139.99973,35.28016],[139.99995,35.27881],[140.00024,35.27848],[140.00073,35.27835],[140.00108,35.27842],[140.00158,35.27883],[140.00177,35.27859],[140.00217,35.27771],[140.00238,35.27734],[140.00273,35.27705],[140.00347,35.27663],[140.00449,35.27626],[140.00521,35.27576],[140.00579,35.27543],[140.00709,35.27541],[140.00728,35.2752],[140.00724,35.27432],[140.00745,35.27418],[140.00755,35.27384],[140.00773,35.27359],[140.00829,35.27264],[140.00865,35.27267],[140.00882,35.27295],[140.00913,35.27313],[140.00877,35.27407],[140.00887,35.2744],[140.00923,35.2748],[140.00959,35.27501],[140.01021,35.27505],[140.01174,35.27491],[140.01212,35.27506],[140.00991,35.27595],[140.00973,35.27576],[140.00915,35.27577],[140.00844,35.27589],[140.0082,35.2758],[140.00729,35.27605],[140.00627,35.27583],[140.006,35.27604],[140.00554,35.27623],[140.00538,35.27647],[140.00559,35.27681],[140.00581,35.27685],[140.0065,35.27664],[140.00714,35.27748],[140.00735,35.2776],[140.00775,35.27811],[140.00823,35.27845],[140.00878,35.27774],[140.00951,35.27776],[140.01008,35.27796],[140.01011,35.27849],[140.01054,35.27854],[140.01087,35.27837],[140.01151,35.27833],[140.012,35.27825],[140.01222,35.27916],[140.01235,35.27958],[140.01094,35.27978],[140.01012,35.27985],[140.00749,35.27959],[140.00666,35.27939],[140.00518,35.27886],[140.00465,35.27875],[140.00432,35.27878],[140.00411,35.27917]]]},"properties":{"hoanrinKind":"保安林"}},
{"type":"Feature","geometry":{"type":"Polygon","coordinates":[[[140.23819,35.28485],[140.23789,35.28492],[140.23741,35.28483],[140.23702,35.28432],[140.23661,35.28404],[140.23651,35.28371],[140.23635,35.28354],[140.23594,35.28337],[140.23598,35.28272],[140.23627,35.28234],[140.23652,35.28224],[140.23656,35.28199],[140.23723,35.2812],[140.23756,35.28132],[140.23738,35.28174],[140.23729,35.28217],[140.23741,35.2826],[140.23765,35.28311],[140.23852,35.28432],[140.2386,35.28485],[140.23819,35.28485]]]},"properties":{"hoanrinKind":"保安林"}},
{"type":"Feature","geometry":{"type":"Polygon","coordinates":[[[140.21874,35.2854],[140.21865,35.28543],[140.21798,35.28489],[140.21846,35.2844],[140.21881,35.28445],[140.21926,35.28482],[140.21901,35.28534],[140.21874,35.2854]]]},"properties":{"hoanrinKind":"保安林"}},
{"type":"Feature","geometry":{"type":"Polygon","coordinates":[[[140.23895,35.2855],[140.23809,35.28577],[140.23814,35.28548],[140.23879,35.28539],[140.23933,35.28512],[140.23966,35.28509],[140.23972,35.28529],[140.23895,35.2855]]]},"properties":{"hoanrinKind":"保安林"}},
{"type":"Feature","geometry":{"type":"MultiPolygon","coordinates":[[[[140.04169,35.28446],[140.04088,35.28464],[140.04034,35.28458],[140.04028,35.28438],[140.04085,35.28428],[140.04254,35.28416],[140.04342,35.28431],[140.0432,35.28457],[140.04238,35.2844],[140.04169,35.28446]]],[[[140.04498,35.28469],[140.04486,35.28477],[140.0442,35.28474],[140.04428,35.28454],[140.0451,35.28454],[140.04591,35.28444],[140.04586,35.28466],[140.04545,35.28475],[140.04498,35.28469]]]]},"properties":{"hoanrinKind":"保安林"}},
{"type":"Feature","geometry":{"type":"Polygon","coordinates":[[[140.21271,35.28676],[140.21144,35.28606],[140.21151,35.28553],[140.21173,35.28542],[140.21192,35.2856],[140.21231,35.2856],[140.21284,35.28546],[140.21274,35.28588],[140.21292,35.28625],[140.21292,35.28666],[140.21271,35.28676]]]},"properties":{"hoanrinKind":"保安林"}},
{"type":"Feature","geometry":{"type":"Polygon","coordinates":[[[140.21797,35.28576],[140.21834,35.286],[140.21813,35.28665],[140.21799,35.28691],[140.21766,35.2872],[140.2169,35.28777],[140.21689,35.28754],[140.21719,35.28728],[140.21749,35.28691],[140.21769,35.28649],[140.21748,35.28605],[140.21768,35.28584],[140.21797,35.28576]]]},"properties":{"hoanrinKind":"保安林"}},
{"type":"Feature","geometry":{"type":"Polygon","coordinates":[[[140.2102,35.2872],[140.21008,35.28753],[140.20974,35.28807],[140.20954,35.28818],[140.20955,35.28759],[140.20961,35.28742],[140.20993,35.28722],[140.2102,35.2872]]]},"properties":{"hoanrinKind":"保安林"}},
{"type":"Feature","geometry":{"type":"Polygon","coordinates":[[[140.19597,35.28933],[140.19578,35.28962],[140.19508,35.29024],[140.19507,35.29045],[140.1946,35.29082],[140.19426,35.29087],[140.19384,35.29079],[140.19325,35.29058],[140.19286,35.29033],[140.19265,35.2899],[140.19282,35.28963],[140.19315,35.28855],[140.1933,35.28818],[140.19363,35.28786],[140.19375,35.28813],[140.19425,35.28867],[140.19432,35.28903],[140.19499,35.28919],[140.19522,35.28898],[140.1954,35.28825],[140.19584,35.28744],[140.19587,35.28692],[140.19558,35.28706],[140.19518,35.28674],[140.19576,35.2865],[140.1965,35.28657],[140.19656,35.28688],[140.19631,35.28837],[140.19597,35.28933]]]},"properties":{"hoanrinKind":"保安林"}},
{"type":"Feature","geometry":{"type":"MultiPolygon","coordinates":[[[[140.21206,35.26393],[140.21222,35.26415],[140.21201,35.26436],[140.21176,35.26422],[140.21167,35.26388],[140.21206,35.26393]]],[[[140.21059,35.29122],[140.21035,35.29125],[140.21033,35.29151],[140.21004,35.29209],[140.20933,35.29202],[140.20892,35.2917],[140.20837,35.29034],[140.20812,35.2899],[140.20793,35.28936],[140.20793,35.28889],[140.20775,35.28823],[140.20726,35.28706],[140.20688,35.28643],[140.20641,35.28612],[140.20611,35.28609],[140.20517,35.28657],[140.20459,35.28703],[140.20359,35.28761],[140.20314,35.28781],[140.20293,35.28781],[140.20163,35.28663],[140.20082,35.28596],[140.20025,35.28569],[140.1989,35.28552],[140.1983,35.2853],[140.19757,35.28486],[140.1969,35.28421],[140.19655,35.2837],[140.1964,35.28335],[140.19612,35.28305],[140.19524,35.28293],[140.19492,35.28302],[140.19483,35.28323],[140.19482,35.28362],[140.19433,35.28452],[140.19355,35.28463],[140.19308,35.28461],[140.19149,35.28481],[140.1904,35.28535],[140.19088,35.28465],[140.19174,35.28356],[140.19196,35.28321],[140.1924,35.28272],[140.19374,35.28234],[140.19394,35.28231],[140.19391,35.28193],[140.1935,35.28098],[140.19283,35.2803],[140.1925,35.28011],[140.19244,35.2796],[140.19264,35.2791],[140.19296,35.27847],[140.19317,35.2774],[140.19309,35.27709],[140.19335,35.27672],[140.1937,35.27663],[140.19447,35.27677],[140.19492,35.27656],[140.19556,35.27679],[140.19592,35.27698],[140.19617,35.27694],[140.19637,35.27713],[140.19638,35.27733],[140.19603,35.27772],[140.19554,35.27799],[140.19465,35.2781],[140.19431,35.27849],[140.1938,35.27861],[140.19416,35.27898],[140.19493,35.27901],[140.19541,35.27858],[140.19584,35.27837],[140.19644,35.2783],[140.19664,35.2782],[140.19684,35.27786],[140.19723,35.27771],[140.19749,35.27776],[140.19795,35.27826],[140.19848,35.27839],[140.19883,35.27825],[140.19902,35.27832],[140.19911,35.2788],[140.19892,35.279],[140.19826,35.27888],[140.19784,35.27902],[140.19763,35.27897],[140.1971,35.2792],[140.19687,35.27945],[140.19636,35.2798],[140.19665,35.28003],[140.19695,35.27982],[140.19759,35.27977],[140.19819,35.27962],[140.19859,35.27973],[140.1986,35.28073],[140.19776,35.28112],[140.19777,35.28145],[140.19843,35.28139],[140.19869,35.28127],[140.1992,35.28132],[140.19955,35.28124],[140.19994,35.28054],[140.20012,35.2804],[140.20036,35.28046],[140.20064,35.28092],[140.20065,35.28182],[140.19967,35.28325],[140.19933,35.28391],[140.19936,35.28411],[140.1997,35.28435],[140.19981,35.28422],[140.20011,35.28337],[140.20034,35.28288],[140.20071,35.28259],[140.20117,35.28261],[140.20163,35.28235],[140.20182,35.28239],[140.20227,35.28279],[140.20244,35.28328],[140.20264,35.28361],[140.20284,35.28348],[140.20277,35.28278],[140.20307,35.28263],[140.20387,35.28301],[140.20433,35.28293],[140.20437,35.28264],[140.20384,35.28256],[140.2036,35.28213],[140.20324,35.28207],[140.20305,35.28183],[140.20277,35.28189],[140.20248,35.28208],[140.20196,35.28199],[140.20168,35.28184],[140.20131,35.28131],[140.20093,35.28042],[140.20061,35.27923],[140.20056,35.2786],[140.2006,35.27807],[140.20045,35.27728],[140.20057,35.27683],[140.20084,35.27682],[140.20113,35.27614],[140.20143,35.27599],[140.20158,35.27547],[140.20185,35.27526],[140.20214,35.27486],[140.20229,35.27433],[140.20275,35.27388],[140.20303,35.27353],[140.20299,35.2733],[140.20328,35.27303],[140.20378,35.27289],[140.20377,35.27223],[140.204,35.27174],[140.20413,35.271],[140.20453,35.27077],[140.20506,35.27064],[140.20543,35.27004],[140.2058,35.26982],[140.20624,35.2699],[140.20648,35.27071],[140.20649,35.27114],[140.20608,35.27169],[140.20589,35.27208],[140.20595,35.2726],[140.20585,35.27273],[140.20598,35.27298],[140.20597,35.27354],[140.20614,35.27376],[140.20624,35.27439],[140.20605,35.27463],[140.20605,35.27488],[140.20624,35.27515],[140.20657,35.27525],[140.20661,35.2758],[140.20656,35.27614],[140.20638,35.27648],[140.206,35.27675],[140.20553,35.27719],[140.20551,35.27739],[140.20591,35.27734],[140.20678,35.27684],[140.20697,35.27701],[140.2066,35.27745],[140.20614,35.27813],[140.20585,35.27871],[140.20558,35.27891],[140.20528,35.27898],[140.20475,35.27898],[140.20471,35.27929],[140.20495,35.27948],[140.20525,35.27953],[140.20584,35.2795],[140.20604,35.27939],[140.2065,35.27866],[140.20678,35.2787],[140.20691,35.2793],[140.20705,35.27951],[140.20753,35.27989],[140.20767,35.28018],[140.20779,35.28078],[140.20816,35.28012],[140.20798,35.27986],[140.20789,35.27948],[140.20737,35.27916],[140.20728,35.2785],[140.20708,35.27815],[140.20716,35.27781],[140.20773,35.27772],[140.20814,35.27756],[140.20866,35.27768],[140.20871,35.27752],[140.20835,35.27722],[140.20769,35.27711],[140.20771,35.27625],[140.20725,35.27595],[140.20722,35.27564],[140.20756,35.27535],[140.20783,35.27523],[140.20771,35.27505],[140.20723,35.27475],[140.20715,35.27446],[140.20716,35.27373],[140.20688,35.2735],[140.20676,35.27324],[140.20673,35.27236],[140.20694,35.27172],[140.20685,35.27111],[140.20686,35.27073],[140.207,35.27043],[140.20695,35.26973],[140.20708,35.26942],[140.20745,35.26944],[140.20788,35.2698],[140.20847,35.26966],[140.20852,35.26936],[140.20871,35.2692],[140.2092,35.26922],[140.20952,35.26972],[140.20993,35.26968],[140.21007,35.26947],[140.20959,35.26894],[140.20963,35.26874],[140.20989,35.26832],[140.21028,35.26834],[140.21052,35.26825],[140.21072,35.26836],[140.21088,35.26889],[140.21118,35.26946],[140.2111,35.27002],[140.2109,35.27014],[140.21099,35.27044],[140.2109,35.27069],[140.21141,35.27093],[140.21148,35.27111],[140.21072,35.27137],[140.2107,35.27179],[140.21049,35.27228],[140.21049,35.27246],[140.21081,35.27244],[140.21176,35.27159],[140.2121,35.27148],[140.21245,35.27166],[140.21261,35.27237],[140.21291,35.27272],[140.21298,35.27309],[140.21277,35.27346],[140.21205,35.27358],[140.21173,35.27372],[140.21167,35.27404],[140.21189,35.27426],[140.21208,35.27428],[140.21253,35.27411],[140.21276,35.27446],[140.21296,35.27515],[140.21316,35.27529],[140.21313,35.27556],[140.21279,35.27589],[140.21294,35.27644],[140.21258,35.27663],[140.21227,35.27648],[140.21211,35.2766],[140.21208,35.27691],[140.21148,35.27737],[140.21123,35.27769],[140.21101,35.27829],[140.21133,35.27831],[140.21218,35.27769],[140.21265,35.27723],[140.21284,35.27748],[140.21266,35.27787],[140.21227,35.27819],[140.21194,35.27856],[140.21187,35.27875],[140.21186,35.27945],[140.21164,35.27981],[140.21114,35.28038],[140.21117,35.28062],[140.212,35.2801],[140.21235,35.27958],[140.21253,35.27911],[140.21326,35.27788],[140.2135,35.27751],[140.21352,35.27697],[140.21391,35.27557],[140.21396,35.27524],[140.21362,35.27425],[140.21356,35.27382],[140.21328,35.27306],[140.2132,35.27272],[140.21324,35.27235],[140.21338,35.27207],[140.21403,35.272],[140.21396,35.27181],[140.21296,35.27157],[140.2128,35.27132],[140.21243,35.27105],[140.21223,35.27069],[140.21223,35.26988],[140.212,35.26935],[140.21199,35.26858],[140.21165,35.26796],[140.21079,35.2672],[140.21053,35.26683],[140.21036,35.26645],[140.21004,35.26601],[140.21012,35.26554],[140.21044,35.26558],[140.21049,35.2659],[140.21076,35.26617],[140.21103,35.26621],[140.21095,35.26674],[140.21124,35.26681],[140.21169,35.26655],[140.21182,35.2663],[140.21147,35.26605],[140.2112,35.26536],[140.21157,35.26532],[140.21215,35.26557],[140.21246,35.26557],[140.21241,35.26517],[140.2128,35.26505],[140.21297,35.2652],[140.21325,35.26518],[140.21345,35.26498],[140.21343,35.2641],[140.21302,35.26421],[140.21292,35.26396],[140.213,35.26377],[140.21286,35.26351],[140.21306,35.26345],[140.2141,35.26388],[140.21427,35.26389],[140.21473,35.2643],[140.21475,35.26459],[140.215,35.2648],[140.21536,35.26522],[140.21581,35.26607],[140.21639,35.26646],[140.21757,35.26683],[140.21876,35.26704],[140.21886,35.26741],[140.21952,35.26805],[140.21966,35.26827],[140.21973,35.26873],[140.2197,35.26906],[140.21943,35.26949],[140.21894,35.26992],[140.2186,35.27036],[140.21813,35.27175],[140.21792,35.27221],[140.218,35.27274],[140.2187,35.27347],[140.21919,35.27386],[140.21953,35.27433],[140.22012,35.27472],[140.22075,35.27486],[140.22174,35.27519],[140.22252,35.27519],[140.22266,35.27529],[140.22253,35.27559],[140.22219,35.2761],[140.22205,35.27644],[140.22229,35.27649],[140.22243,35.27626],[140.22312,35.2755],[140.2234,35.27504],[140.22422,35.27457],[140.22494,35.27433],[140.22543,35.27425],[140.22643,35.27424],[140.22697,35.27393],[140.22728,35.27393],[140.22729,35.27431],[140.22702,35.27476],[140.22676,35.27485],[140.22602,35.27547],[140.22557,35.276],[140.22526,35.27661],[140.22487,35.27696],[140.2251,35.27725],[140.22472,35.27819],[140.22445,35.27878],[140.2235,35.28062],[140.22325,35.2814],[140.22341,35.28164],[140.22338,35.28236],[140.2232,35.28251],[140.22285,35.28254],[140.22253,35.28277],[140.22189,35.28386],[140.22148,35.28425],[140.22068,35.28437],[140.22034,35.28414],[140.21976,35.28363],[140.21814,35.28312],[140.21784,35.28316],[140.21714,35.28344],[140.21697,35.28361],[140.21725,35.28395],[140.21723,35.28436],[140.21662,35.28509],[140.21587,35.28565],[140.21543,35.28517],[140.21487,35.28514],[140.21431,35.28572],[140.21394,35.28584],[140.21393,35.28619],[140.21423,35.28654],[140.21428,35.28679],[140.21397,35.2868],[140.21369,35.28626],[140.2135,35.28559],[140.21356,35.28497],[140.21367,35.28452],[140.21345,35.28428],[140.21275,35.28404],[140.21186,35.28402],[140.2114,35.28367],[140.211,35.28376],[140.21088,35.28368],[140.21054,35.28313],[140.21007,35.28282],[140.20992,35.28297],[140.20974,35.28367],[140.20937,35.28374],[140.20879,35.28342],[140.20838,35.28352],[140.20786,35.28373],[140.20661,35.28376],[140.20631,35.28381],[140.20619,35.28418],[140.20682,35.28441],[140.20699,35.28462],[140.2069,35.28517],[140.20705,35.28523],[140.20785,35.28474],[140.20848,35.28449],[140.20919,35.28432],[140.2094,35.28459],[140.20899,35.28541],[140.20926,35.28561],[140.21,35.28489],[140.21044,35.28459],[140.21089,35.28456],[140.21102,35.28476],[140.21093,35.28523],[140.21057,35.28564],[140.21042,35.28625],[140.20993,35.28622],[140.2101,35.2858],[140.20985,35.28574],[140.20901,35.28629],[140.20862,35.28636],[140.2085,35.28651],[140.20854,35.28676],[140.20835,35.28729],[140.20849,35.28769],[140.20925,35.28911],[140.20972,35.28953],[140.21011,35.2898],[140.21068,35.2904],[140.21097,35.29062],[140.21145,35.29068],[140.21193,35.29089],[140.21163,35.29127],[140.21128,35.29146],[140.21085,35.2912],[140.21059,35.29122]],[[140.19416,35.28399],[140.19429,35.28323],[140.19421,35.28304],[140.19391,35.28306],[140.19366,35.28354],[140.19376,35.28404],[140.19416,35.28399]],[[140.20255,35.27708],[140.20258,35.27746],[140.20285,35.27741],[140.20314,35.27689],[140.20342,35.2766],[140.20316,35.27629],[140.20305,35.27603],[140.20306,35.27575],[140.2034,35.27543],[140.20384,35.27564],[140.20417,35.27552],[140.20414,35.27532],[140.20376,35.27501],[140.2036,35.27475],[140.20351,35.27408],[140.20326,35.27421],[140.20313,35.27478],[140.20267,35.27572],[140.20273,35.27659],[140.20255,35.27708]],[[140.21899,35.27919],[140.21888,35.27943],[140.21888,35.27986],[140.21939,35.27986],[140.21959,35.27964],[140.21945,35.27927],[140.21899,35.27919]],[[140.21556,35.27207],[140.21567,35.27254],[140.21611,35.27299],[140.21628,35.27293],[140.21627,35.27187],[140.21631,35.27145],[140.21619,35.27105],[140.21594,35.27082],[140.21588,35.27046],[140.21623,35.27013],[140.21701,35.26994],[140.21803,35.26985],[140.21868,35.26966],[140.21883,35.26934],[140.21745,35.26953],[140.2171,35.26944],[140.21718,35.26903],[140.21699,35.26894],[140.21624,35.26971],[140.21583,35.26984],[140.2155,35.26983],[140.21518,35.26964],[140.21451,35.26942],[140.21413,35.26944],[140.21406,35.26959],[140.21474,35.27012],[140.21531,35.27097],[140.21552,35.2717],[140.21556,35.27207]]]]},"properties":{"hoanrinKind":"保安林"}},
{"type":"Feature","geometry":{"type":"Polygon","coordinates":[[[140.08538,35.29127],[140.08568,35.29146],[140.08586,35.2917],[140.0857,35.29201],[140.08541,35.29217],[140.08487,35.29214],[140.08474,35.29201],[140.08466,35.29152],[140.08484,35.29131],[140.08538,35.29127]]]},"properties":{"hoanrinKind":"保安林"}},
{"type":"Feature","geometry":{"type":"Polygon","coordinates":[[[140.14533,35.28935],[140.14475,35.28966],[140.14452,35.28985],[140.14419,35.29033],[140.14416,35.29067],[140.14453,35.29143],[140.1447,35.29167],[140.14519,35.29198],[140.1459,35.29211],[140.14608,35.29239],[140.14574,35.29273],[140.14508,35.29277],[140.14459,35.29266],[140.14411,35.29233],[140.14373,35.29187],[140.14356,35.29116],[140.14362,35.29056],[140.14375,35.28994],[140.14397,35.2896],[140.14437,35.28934],[140.14473,35.28928],[140.14528,35.28894],[140.14569,35.28889],[140.14609,35.28894],[140.14636,35.28908],[140.14637,35.28953],[140.14533,35.28935]]]},"properties":{"hoanrinKind":"保安林"}},
{"type":"Feature","geometry":{"type":"Polygon","coordinates":[[[140.22738,35.29324],[140.22662,35.29338],[140.22604,35.29331],[140.22537,35.29312],[140.225,35.29292],[140.22457,35.29286],[140.22402,35.29294],[140.22354,35.29273],[140.22308,35.2927],[140.22228,35.29235],[140.22158,35.29181],[140.22167,35.29143],[140.22087,35.29122],[140.22062,35.29081],[140.2204,35.29029],[140.22034,35.28978],[140.22058,35.28883],[140.22086,35.28824],[140.22241,35.28644],[140.22278,35.28576],[140.22316,35.28517],[140.22352,35.28481],[140.22373,35.28441],[140.22403,35.28358],[140.22494,35.2826],[140.22571,35.28198],[140.22592,35.28173],[140.22617,35.28031],[140.22654,35.27978],[140.22656,35.27917],[140.22701,35.27876],[140.22763,35.27848],[140.22808,35.27791],[140.22827,35.27788],[140.22926,35.27872],[140.2293,35.27907],[140.22948,35.27936],[140.22939,35.2795],[140.2289,35.27936],[140.22871,35.2796],[140.22888,35.27986],[140.22956,35.28019],[140.22981,35.28054],[140.22972,35.28083],[140.22916,35.28102],[140.22809,35.28122],[140.2278,35.28148],[140.2282,35.28174],[140.22804,35.28229],[140.22816,35.28254],[140.22849,35.28296],[140.22807,35.28372],[140.22792,35.28417],[140.22839,35.28415],[140.2289,35.28303],[140.22912,35.28288],[140.22944,35.28229],[140.22994,35.28201],[140.23014,35.28176],[140.23033,35.28121],[140.23048,35.28109],[140.23124,35.28069],[140.23156,35.27991],[140.23216,35.27965],[140.23237,35.27934],[140.2327,35.27902],[140.23331,35.27894],[140.23351,35.2787],[140.23308,35.27848],[140.23352,35.27809],[140.23434,35.27772],[140.23497,35.2777],[140.23527,35.27792],[140.23538,35.27824],[140.23572,35.27894],[140.23596,35.27919],[140.23646,35.27952],[140.23678,35.27995],[140.23675,35.28032],[140.23643,35.28029],[140.23583,35.2804],[140.23576,35.28065],[140.23604,35.28106],[140.23562,35.28105],[140.23534,35.28146],[140.23505,35.2815],[140.23456,35.282],[140.23436,35.28209],[140.23402,35.28267],[140.23342,35.28326],[140.23312,35.2837],[140.23301,35.28403],[140.23289,35.28471],[140.23294,35.28505],[140.23348,35.28544],[140.23343,35.28552],[140.23283,35.28583],[140.23269,35.28615],[140.23309,35.28636],[140.2336,35.28622],[140.23403,35.28584],[140.23401,35.28563],[140.23419,35.28545],[140.23449,35.28535],[140.23484,35.28567],[140.23551,35.28575],[140.23567,35.2859],[140.23544,35.28629],[140.23567,35.28647],[140.23628,35.28633],[140.23659,35.28638],[140.23753,35.28631],[140.23833,35.2862],[140.23909,35.28621],[140.2392,35.28641],[140.23889,35.28663],[140.23841,35.28667],[140.23784,35.28646],[140.23752,35.28653],[140.23744,35.28678],[140.23698,35.28707],[140.23628,35.2871],[140.23606,35.28723],[140.23584,35.28697],[140.23466,35.2875],[140.23406,35.28773],[140.23361,35.28774],[140.23301,35.28766],[140.23243,35.28741],[140.23136,35.28685],[140.23096,35.28718],[140.23091,35.28746],[140.23116,35.28809],[140.23106,35.28859],[140.23035,35.28927],[140.22972,35.28997],[140.22946,35.29059],[140.22924,35.29138],[140.22886,35.2922],[140.22831,35.29269],[140.22738,35.29324]]]},"properties":{"hoanrinKind":"保安林"}},
{"type":"Feature","geometry":{"type":"Polygon","coordinates":[[[140.0112,35.28886],[140.01017,35.28956],[140.00902,35.2903],[140.00814,35.29091],[140.00772,35.29181],[140.00748,35.29215],[140.00661,35.29231],[140.00521,35.29225],[140.00483,35.29217],[140.00367,35.29135],[140.00274,35.29094],[140.00172,35.29071],[139.99916,35.29052],[139.99796,35.29047],[139.9975,35.29037],[139.99698,35.2895],[139.99702,35.28886],[139.99714,35.28855],[139.99737,35.28836],[139.99766,35.28854],[139.998,35.28843],[139.99793,35.28814],[139.99872,35.28793],[139.99951,35.28791],[140.00041,35.28801],[140.00161,35.28838],[140.00219,35.28851],[140.00251,35.28841],[140.0026,35.28796],[140.00261,35.28712],[140.00233,35.28672],[140.00236,35.28652],[140.00268,35.28629],[140.00274,35.2861],[140.00264,35.28512],[140.0027,35.28483],[140.00308,35.28429],[140.00382,35.28376],[140.00432,35.28355],[140.00509,35.28282],[140.00547,35.28282],[140.00593,35.28302],[140.00645,35.28379],[140.00694,35.28426],[140.00781,35.28484],[140.00847,35.28511],[140.00923,35.28557],[140.01015,35.28639],[140.01069,35.2873],[140.01112,35.28787],[140.01138,35.28848],[140.0112,35.28886]]]},"properties":{"hoanrinKind":"保安林"}},
{"type":"Feature","geometry":{"type":"MultiPolygon","coordinates":[[[[139.9696,35.29285],[139.9697,35.29314],[139.96926,35.29302],[139.96868,35.29265],[139.96863,35.29207],[139.9685,35.29184],[139.9681,35.29167],[139.96791,35.29176],[139.96735,35.2917],[139.96708,35.29131],[139.96678,35.29051],[139.96642,35.2901],[139.96606,35.29004],[139.96573,35.28983],[139.96565,35.28965],[139.9653,35.28933],[139.96483,35.2891],[139.9652,35.28901],[139.96517,35.28847],[139.96487,35.28833],[139.96479,35.28816],[139.96528,35.28737],[139.96567,35.28698],[139.96628,35.28697],[139.96664,35.28718],[139.96755,35.28819],[139.9677,35.28904],[139.96798,35.28984],[139.96876,35.29068],[139.96881,35.2909],[139.9693,35.29128],[139.96975,35.2918],[139.96958,35.29204],[139.96946,35.29252],[139.9696,35.29285]]],[[[139.96875,35.29332],[139.96932,35.2937],[139.96968,35.29376],[139.96927,35.29405],[139.96884,35.29351],[139.96875,35.29332]]]]},"properties":{"hoanrinKind":"保安林"}},
{"type":"Feature","geometry":{"type":"Polygon","coordinates":[[[140.18229,35.29757],[140.18249,35.2979],[140.18245,35.29831],[140.18216,35.29849],[140.18178,35.2985],[140.18101,35.29803],[140.1806,35.29788],[140.1797,35.29779],[140.1792,35.29756],[140.1784,35.29781],[140.17831,35.2977],[140.17855,35.29737],[140.17833,35.29698],[140.17846,35.29631],[140.17823,35.29563],[140.17825,35.2946],[140.17805,35.29448],[140.17825,35.29411],[140.17866,35.29369],[140.17907,35.2927],[140.17948,35.29218],[140.17975,35.29235],[140.1799,35.2926],[140.18019,35.29251],[140.18046,35.29257],[140.18077,35.29229],[140.18096,35.29192],[140.18164,35.29194],[140.18187,35.29234],[140.18227,35.29247],[140.18282,35.29301],[140.18282,35.29322],[140.18313,35.2933],[140.18354,35.29411],[140.18326,35.29429],[140.18332,35.2946],[140.18312,35.2948],[140.18284,35.29476],[140.18263,35.29486],[140.18283,35.29529],[140.18331,35.29513],[140.18349,35.2953],[140.1832,35.29577],[140.18334,35.29614],[140.18368,35.2963],[140.18407,35.2963],[140.18413,35.29709],[140.18396,35.29729],[140.18382,35.29783],[140.18393,35.29803],[140.18364,35.29814],[140.18357,35.29764],[140.18326,35.29755],[140.18338,35.2973],[140.18316,35.29712],[140.18247,35.29713],[140.18225,35.29727],[140.18229,35.29757]]]},"properties":{"hoanrinKind":"保安林"}},
{"type":"Feature","geometry":{"type":"MultiPolygon","coordinates":[[[[140.09037,35.2847],[140.09014,35.28461],[140.09002,35.2844],[140.08959,35.28413],[140.08928,35.28424],[140.08905,35.28448],[140.0889,35.28409],[140.08832,35.28397],[140.08806,35.28349],[140.08785,35.28346],[140.08753,35.28374],[140.08729,35.28379],[140.08694,35.28344],[140.0867,35.28349],[140.08642,35.28382],[140.08617,35.28373],[140.086,35.28349],[140.08599,35.28243],[140.08623,35.28104],[140.08704,35.28101],[140.08767,35.2815],[140.08812,35.2821],[140.08843,35.28237],[140.08876,35.28247],[140.08916,35.2823],[140.08934,35.28201],[140.08957,35.28146],[140.08976,35.28124],[140.09032,35.2812],[140.09103,35.28138],[140.09155,35.28195],[140.09157,35.28448],[140.09131,35.28456],[140.09097,35.28427],[140.09075,35.28429],[140.09037,35.2847]]],[[[140.08966,35.2964],[140.08993,35.2965],[140.08996,35.29668],[140.08943,35.29655],[140.08966,35.2964]]],[[[140.09397,35.29712],[140.09337,35.29727],[140.09298,35.29727],[140.09223,35.29713],[140.09144,35.29703],[140.09039,35.29701],[140.09035,35.29691],[140.09136,35.29676],[140.09229,35.29712],[140.09308,35.2969],[140.09348,35.29661],[140.09285,35.2963],[140.09301,35.29603],[140.09168,35.29565],[140.09132,35.29547],[140.09135,35.29445],[140.0922,35.29445],[140.09264,35.29462],[140.09295,35.29484],[140.09329,35.29491],[140.09386,35.29487],[140.09415,35.29509],[140.09423,35.29529],[140.0946,35.2956],[140.09508,35.29561],[140.09517,35.29506],[140.0957,35.2949],[140.09612,35.2949],[140.09631,35.29463],[140.09623,35.29426],[140.09645,35.29397],[140.0961,35.29376],[140.09585,35.29372],[140.09563,35.29383],[140.09545,35.29411],[140.09507,35.29431],[140.0946,35.29426],[140.09433,35.29439],[140.09354,35.29413],[140.09348,35.29372],[140.09313,35.29368],[140.09287,35.29378],[140.09283,35.29341],[140.09309,35.29312],[140.0937,35.29281],[140.09415,35.29274],[140.09493,35.29278],[140.09533,35.29247],[140.09667,35.29225],[140.09687,35.29199],[140.09648,35.29185],[140.0962,35.29149],[140.09606,35.29144],[140.09559,35.29181],[140.09537,35.29174],[140.09526,35.2913],[140.09511,35.29109],[140.09481,35.29111],[140.0941,35.2917],[140.09345,35.29179],[140.09321,35.29207],[140.09294,35.29195],[140.09258,35.29197],[140.09237,35.29231],[140.09258,35.29266],[140.09245,35.29288],[140.09206,35.29289],[140.09172,35.29273],[140.0917,35.29224],[140.09186,35.29194],[140.09264,35.29122],[140.09364,35.29046],[140.09363,35.29003],[140.09332,35.28996],[140.09299,35.29056],[140.09263,35.29078],[140.09223,35.29075],[140.09217,35.29058],[140.09247,35.29006],[140.0929,35.2891],[140.09305,35.28843],[140.09284,35.28811],[140.09218,35.288],[140.09198,35.28817],[140.09207,35.28854],[140.09172,35.28917],[140.09172,35.28969],[140.09139,35.28991],[140.09118,35.29026],[140.09155,35.29079],[140.09147,35.29107],[140.09108,35.29118],[140.09098,35.29238],[140.09069,35.29246],[140.0905,35.29216],[140.09018,35.29184],[140.08996,35.29174],[140.08956,35.29181],[140.08946,35.29207],[140.08898,35.29254],[140.08951,35.29313],[140.08952,35.29325],[140.0886,35.29316],[140.08813,35.29341],[140.08814,35.29368],[140.08833,35.29398],[140.08788,35.2942],[140.08772,35.29438],[140.08737,35.29146],[140.08711,35.29131],[140.08647,35.292],[140.0864,35.29174],[140.08667,35.29112],[140.08712,35.29107],[140.08718,35.29083],[140.0864,35.28961],[140.08655,35.28891],[140.0865,35.28845],[140.0867,35.2881],[140.08708,35.28792],[140.08709,35.28741],[140.08721,35.28719],[140.08815,35.28728],[140.08838,35.28693],[140.08877,35.28695],[140.08927,35.28729],[140.08958,35.28739],[140.08951,35.28675],[140.08988,35.28676],[140.0902,35.2869],[140.09039,35.28687],[140.09036,35.28623],[140.09043,35.28604],[140.09098,35.28569],[140.09092,35.28545],[140.09061,35.28526],[140.09003,35.28531],[140.08843,35.28597],[140.08807,35.28574],[140.09128,35.28496],[140.09183,35.28511],[140.09202,35.28509],[140.0923,35.28533],[140.09272,35.28537],[140.09416,35.2858],[140.09433,35.28588],[140.09494,35.28673],[140.09553,35.28673],[140.09572,35.28617],[140.09567,35.28571],[140.09725,35.28429],[140.09749,35.28421],[140.09779,35.28427],[140.09842,35.28462],[140.09907,35.28519],[140.09953,35.28551],[140.10037,35.28601],[140.1006,35.28636],[140.10102,35.28646],[140.10171,35.28681],[140.10204,35.28713],[140.1023,35.28754],[140.10254,35.28808],[140.1027,35.28822],[140.10337,35.28855],[140.10312,35.28871],[140.10272,35.28934],[140.10242,35.28958],[140.10211,35.28968],[140.1014,35.29011],[140.10079,35.29006],[140.09917,35.28906],[140.09868,35.28886],[140.09857,35.28895],[140.09747,35.28835],[140.09637,35.28834],[140.09599,35.28823],[140.09529,35.28785],[140.09572,35.28838],[140.09659,35.28915],[140.0978,35.2925],[140.0974,35.29312],[140.09706,35.29374],[140.09693,35.29428],[140.09697,35.29443],[140.09742,35.29447],[140.09766,35.29427],[140.09802,35.29374],[140.09749,35.29587],[140.09781,35.29582],[140.09802,35.2955],[140.09817,35.29503],[140.09845,35.29458],[140.09874,35.29434],[140.09907,35.29383],[140.0992,35.29397],[140.0987,35.29489],[140.09806,35.29585],[140.0979,35.29644],[140.09797,35.29696],[140.09747,35.29615],[140.09736,35.29618],[140.09583,35.29691],[140.09536,35.29676],[140.09491,35.29683],[140.09444,35.29699],[140.09414,35.29698],[140.09397,35.29712]]],[[[140.09494,35.29776],[140.09504,35.29787],[140.09501,35.2983],[140.09478,35.29826],[140.09467,35.29797],[140.09494,35.29776]]],[[[140.0967,35.29883],[140.0961,35.29877],[140.0962,35.29857],[140.09654,35.29856],[140.09639,35.29826],[140.09611,35.29828],[140.0959,35.29813],[140.09586,35.29765],[140.09562,35.29732],[140.09599,35.29726],[140.09654,35.29682],[140.09675,35.29676],[140.09714,35.29695],[140.09675,35.29703],[140.09658,35.29717],[140.09641,35.29763],[140.09642,35.29792],[140.09664,35.2983],[140.0967,35.29883]]]]},"properties":{"hoanrinKind":"保安林"}},
{"type":"Feature","geometry":{"type":"Polygon","coordinates":[[[140.04572,35.29854],[140.04679,35.29885],[140.04776,35.29921],[140.04818,35.29944],[140.04829,35.29975],[140.04822,35.30037],[140.04798,35.301],[140.04731,35.30209],[140.04722,35.30268],[140.04666,35.30267],[140.04615,35.30255],[140.04555,35.30225],[140.04509,35.30194],[140.04453,35.30142],[140.0445,35.30113],[140.04466,35.30045],[140.04461,35.30016],[140.0442,35.29972],[140.04405,35.29928],[140.04416,35.29884],[140.04404,35.29859],[140.04493,35.29836],[140.04522,35.29836],[140.04572,35.29854]]]},"properties":{"hoanrinKind":"保安林"}},
{"type":"Feature","geometry":{"type":"Polygon","coordinates":[[[140.14297,35.3053],[140.14235,35.30531],[140.14219,35.30505],[140.14259,35.30484],[140.14295,35.3043],[140.14323,35.30461],[140.14405,35.30512],[140.14449,35.30533],[140.14445,35.30543],[140.14399,35.30545],[140.14359,35.30513],[140.14303,35.30514],[140.14297,35.3053]]]},"properties":{"hoanrinKind":"保安林"}},
{"type":"Feature","geometry":{"type":"Polygon","coordinates":[[[140.14193,35.30605],[140.14195,35.30634],[140.14165,35.30644],[140.14156,35.3063],[140.14173,35.30607],[140.14193,35.30605]]]},"properties":{"hoanrinKind":"保安林"}},
{"type":"Feature","geometry":{"type":"Polygon","coordinates":[[[140.14248,35.30791],[140.14174,35.30826],[140.14124,35.30808],[140.14123,35.30787],[140.14186,35.30778],[140.14212,35.30769],[140.14279,35.30758],[140.14312,35.30729],[140.14283,35.30713],[140.14233,35.30734],[140.14179,35.3073],[140.14215,35.30701],[140.14352,35.30678],[140.1437,35.30632],[140.14471,35.30632],[140.14509,35.3062],[140.14559,35.30597],[140.14609,35.30606],[140.14718,35.30615],[140.14768,35.3063],[140.14779,35.30643],[140.14834,35.30655],[140.14855,35.30672],[140.14879,35.30654],[140.14873,35.30617],[140.14888,35.30605],[140.1492,35.30609],[140.14942,35.30624],[140.14968,35.30724],[140.15019,35.30748],[140.15008,35.3076],[140.14965,35.30752],[140.14899,35.30721],[140.14798,35.30691],[140.14709,35.30682],[140.14599,35.30684],[140.14559,35.30693],[140.14508,35.30719],[140.14471,35.30748],[140.14451,35.30753],[140.1435,35.30754],[140.14318,35.30762],[140.14248,35.30791]]]},"properties":{"hoanrinKind":"保安林"}},
{"type":"Feature","geometry":{"type":"Polygon","coordinates":[[[140.11965,35.3091],[140.11946,35.30914],[140.11895,35.30903],[140.11882,35.30888],[140.11842,35.30764],[140.11881,35.30742],[140.11906,35.30694],[140.11957,35.30651],[140.12021,35.30642],[140.12056,35.30726],[140.1208,35.30749],[140.12125,35.30778],[140.12149,35.30827],[140.12144,35.30872],[140.12109,35.30886],[140.12035,35.30889],[140.11965,35.3091]]]},"properties":{"hoanrinKind":"保安林"}},
{"type":"Feature","geometry":{"type":"MultiPolygon","coordinates":[[[[140.00607,35.3077],[140.00536,35.30815],[140.00493,35.30824],[140.0048,35.30803],[140.00345,35.30731],[140.00307,35.30747],[140.00213,35.30739],[140.00167,35.30697],[140.00098,35.30683],[140.00104,35.30644],[140.00187,35.30525],[140.0021,35.30511],[140.00256,35.30576],[140.0032,35.30636],[140.00395,35.30659],[140.00439,35.30654],[140.00492,35.3064],[140.00524,35.30624],[140.00517,35.30599],[140.00562,35.30564],[140.00547,35.3054],[140.005,35.30528],[140.0046,35.30526],[140.00418,35.30549],[140.00405,35.30541],[140.00421,35.30506],[140.00471,35.30454],[140.005,35.30377],[140.00584,35.30481],[140.00598,35.30519],[140.00615,35.30596],[140.00626,35.30675],[140.00628,35.30723],[140.00607,35.3077]]],[[[140.00277,35.30778],[140.00383,35.30828],[140.00358,35.30835],[140.00317,35.30873],[140.00271,35.30929],[140.00224,35.30911],[140.00209,35.30851],[140.00234,35.30796],[140.00277,35.30778]]],[[[140.00029,35.30894],[140.00027,35.3093],[140.00004,35.30933],[139.99943,35.30923],[139.99923,35.30892],[139.99929,35.30858],[139.99953,35.3082],[139.99959,35.30765],[140.00012,35.30758],[140.00055,35.30744],[140.00089,35.30755],[140.00132,35.30746],[140.00159,35.30773],[140.00157,35.30805],[140.00118,35.30881],[140.00086,35.3091],[140.00029,35.30894]]]]},"properties":{"hoanrinKind":"保安林"}},
{"type":"Feature","geometry":{"type":"Polygon","coordinates":[[[140.0775,35.30927],[140.07725,35.30961],[140.07672,35.30976],[140.07628,35.30962],[140.07566,35.30925],[140.07536,35.3095],[140.07451,35.3093],[140.07423,35.30913],[140.07283,35.30857],[140.07227,35.30819],[140.07214,35.30802],[140.07216,35.30776],[140.07303,35.3077],[140.07305,35.30797],[140.07329,35.3082],[140.07365,35.30812],[140.074,35.30817],[140.07513,35.3082],[140.07643,35.30848],[140.07708,35.30846],[140.07739,35.30834],[140.07799,35.30825],[140.07902,35.30839],[140.07953,35.30854],[140.07936,35.30892],[140.07831,35.30897],[140.07777,35.30912],[140.0775,35.30927]]]},"properties":{"hoanrinKind":"保安林"}},
{"type":"Feature","geometry":{"type":"Polygon","coordinates":[[[140.09203,35.31033],[140.09153,35.31025],[140.09096,35.30988],[140.09026,35.30915],[140.08996,35.30808],[140.08932,35.30793],[140.08919,35.30865],[140.089,35.30853],[140.08819,35.30752],[140.08788,35.30744],[140.08764,35.3075],[140.08749,35.30728],[140.08716,35.30701],[140.08678,35.30689],[140.08646,35.30702],[140.08611,35.30729],[140.08518,35.3081],[140.08463,35.30865],[140.08392,35.30921],[140.08372,35.30892],[140.08296,35.30892],[140.0829,35.30831],[140.08292,35.30784],[140.08314,35.30716],[140.08346,35.30644],[140.08407,35.30561],[140.08432,35.30552],[140.08485,35.30549],[140.08607,35.30572],[140.08665,35.30562],[140.08694,35.30549],[140.08742,35.30541],[140.08818,35.30597],[140.08844,35.30608],[140.08903,35.30613],[140.08946,35.30623],[140.0901,35.30653],[140.09051,35.30708],[140.09113,35.30821],[140.09101,35.30867],[140.09121,35.30916],[140.09142,35.3094],[140.09209,35.30986],[140.09226,35.31025],[140.09203,35.31033]]]},"properties":{"hoanrinKind":"保安林"}},
{"type":"Feature","geometry":{"type":"Polygon","coordinates":[[[140.13075,35.31193],[140.13041,35.31231],[140.1299,35.31233],[140.1295,35.31244],[140.12883,35.31214],[140.12791,35.31192],[140.12722,35.31111],[140.12679,35.3107],[140.12637,35.31021],[140.12584,35.3099],[140.12528,35.30983],[140.12504,35.30974],[140.12423,35.30916],[140.12404,35.30911],[140.12329,35.30923],[140.12292,35.30914],[140.12219,35.30884],[140.12201,35.3081],[140.12205,35.30757],[140.12218,35.30737],[140.12169,35.30671],[140.12153,35.30663],[140.12128,35.30619],[140.12089,35.3059],[140.1206,35.3058],[140.11928,35.30567],[140.11874,35.30534],[140.11775,35.30519],[140.11746,35.30506],[140.11725,35.30478],[140.11709,35.30407],[140.11728,35.30339],[140.11718,35.30303],[140.11696,35.30286],[140.11688,35.30229],[140.11701,35.30195],[140.11713,35.30111],[140.11674,35.30071],[140.11648,35.30009],[140.11649,35.29981],[140.11691,35.29878],[140.11712,35.29858],[140.11768,35.29843],[140.11896,35.29837],[140.11974,35.29809],[140.12075,35.29757],[140.12162,35.2975],[140.12239,35.29748],[140.12333,35.29757],[140.1241,35.29776],[140.12511,35.29807],[140.12603,35.29854],[140.12656,35.29894],[140.12645,35.29957],[140.1264,35.30041],[140.12654,35.30066],[140.12671,35.3013],[140.12662,35.30209],[140.12661,35.30313],[140.12649,35.30471],[140.12599,35.30467],[140.12503,35.30434],[140.12464,35.30432],[140.1245,35.30458],[140.12548,35.30505],[140.12693,35.30633],[140.12724,35.30649],[140.1276,35.30658],[140.12876,35.30646],[140.13006,35.30669],[140.13063,35.30651],[140.13121,35.30666],[140.13139,35.3068],[140.13135,35.30771],[140.13153,35.3079],[140.13213,35.30808],[140.13225,35.30824],[140.13212,35.30869],[140.13158,35.30884],[140.13139,35.30916],[140.13134,35.30948],[140.13166,35.3105],[140.13183,35.31124],[140.1319,35.31177],[140.13163,35.31202],[140.13136,35.31199],[140.13109,35.31182],[140.13075,35.31193]]]},"properties":{"hoanrinKind":"保安林"}},
{"type":"Feature","geometry":{"type":"MultiPolygon","coordinates":[[[[139.8458,35.29526],[139.84602,35.29549],[139.84551,35.296],[139.84531,35.29557],[139.8455,35.29535],[139.84534,35.29524],[139.84504,35.29539],[139.84486,35.2957],[139.84462,35.29549],[139.84431,35.29546],[139.84376,35.29492],[139.84327,35.2952],[139.84312,35.29502],[139.84388,35.29449],[139.8444,35.29461],[139.84516,35.29521],[139.84561,35.29511],[139.8458,35.29526]]],[[[139.7982,35.31307],[139.79735,35.31322],[139.79577,35.31331],[139.79484,35.31328],[139.79389,35.31321],[139.79317,35.31301],[139.79252,35.31289],[139.78995,35.31294],[139.78746,35.31294],[139.78733,35.31289],[139.78613,35.31296],[139.78601,35.31288],[139.78601,35.31234],[139.78893,35.31183],[139.78927,35.31179],[139.79204,35.31132],[139.79449,35.31086],[139.79479,35.31083],[139.80003,35.30974],[139.8011,35.30954],[139.80487,35.30881],[139.80502,35.30901],[139.80543,35.30898],[139.80761,35.30837],[139.80776,35.30861],[139.80794,35.30862],[139.80894,35.30835],[139.80908,35.30825],[139.80904,35.30797],[139.81031,35.30765],[139.81154,35.30742],[139.81176,35.30716],[139.81355,35.3067],[139.81738,35.30533],[139.82091,35.3041],[139.82216,35.30371],[139.82376,35.30317],[139.82409,35.30304],[139.82539,35.30263],[139.82625,35.30246],[139.82649,35.30264],[139.82734,35.30239],[139.82753,35.30219],[139.82778,35.30167],[139.82811,35.30137],[139.82913,35.30102],[139.83054,35.30058],[139.83203,35.29999],[139.8337,35.29897],[139.83366,35.29919],[139.83393,35.2993],[139.83426,35.29902],[139.83437,35.29867],[139.83511,35.29881],[139.8354,35.29875],[139.83671,35.29729],[139.83715,35.29689],[139.83805,35.2964],[139.83842,35.29629],[139.83962,35.29562],[139.84182,35.29447],[139.84281,35.29383],[139.84368,35.29322],[139.8448,35.29396],[139.84452,35.29421],[139.8442,35.29423],[139.84382,35.29415],[139.84302,35.29465],[139.84272,35.29492],[139.84272,35.29523],[139.84249,35.29552],[139.84224,35.29567],[139.84187,35.29573],[139.84147,35.29563],[139.84023,35.29629],[139.84008,35.29671],[139.84038,35.29693],[139.84061,35.29755],[139.84049,35.29775],[139.84023,35.29786],[139.84026,35.29815],[139.83985,35.29795],[139.83925,35.29834],[139.8387,35.2981],[139.83823,35.29865],[139.83799,35.29859],[139.83774,35.29876],[139.83759,35.29861],[139.837,35.29893],[139.83676,35.29888],[139.83645,35.29897],[139.83616,35.29866],[139.83588,35.29864],[139.83536,35.29897],[139.83495,35.29898],[139.83471,35.29912],[139.83467,35.2993],[139.83483,35.2996],[139.83518,35.29971],[139.83536,35.29965],[139.83531,35.29934],[139.83549,35.29922],[139.83569,35.29937],[139.83601,35.29939],[139.83642,35.29916],[139.83663,35.29949],[139.83581,35.3003],[139.83548,35.30008],[139.83525,35.30008],[139.83493,35.29977],[139.83441,35.29976],[139.83419,35.29987],[139.83373,35.29983],[139.83341,35.30002],[139.83188,35.30049],[139.83164,35.3007],[139.83137,35.30079],[139.83098,35.30121],[139.83093,35.30154],[139.83131,35.30174],[139.83118,35.30186],[139.83032,35.30242],[139.82906,35.30303],[139.82744,35.30368],[139.8269,35.30382],[139.82721,35.30467],[139.82756,35.30525],[139.82786,35.30566],[139.8275,35.30599],[139.82748,35.30614],[139.82678,35.30718],[139.82659,35.30642],[139.82623,35.30561],[139.82577,35.30546],[139.82564,35.30526],[139.82582,35.30499],[139.82546,35.30471],[139.82522,35.3048],[139.82505,35.30439],[139.82452,35.30449],[139.82409,35.30481],[139.82289,35.30502],[139.82277,35.30486],[139.82225,35.30497],[139.82193,35.3047],[139.81994,35.30527],[139.81988,35.30574],[139.81763,35.30664],[139.81726,35.30659],[139.81686,35.30675],[139.81498,35.30731],[139.81306,35.3078],[139.81284,35.30796],[139.81283,35.30817],[139.81245,35.30816],[139.81223,35.30842],[139.81255,35.30849],[139.8128,35.30869],[139.81281,35.30893],[139.81338,35.30923],[139.81339,35.30995],[139.81299,35.3099],[139.81286,35.31031],[139.8128,35.31092],[139.81133,35.31103],[139.81064,35.31111],[139.81043,35.31126],[139.81021,35.31227],[139.80996,35.31247],[139.80954,35.31242],[139.8091,35.31182],[139.80955,35.31138],[139.80937,35.31116],[139.80831,35.31054],[139.80819,35.31051],[139.80665,35.31059],[139.80611,35.31072],[139.80554,35.31104],[139.80514,35.31135],[139.80486,35.31187],[139.80467,35.31242],[139.8044,35.31252],[139.80315,35.31245],[139.8012,35.31228],[139.8003,35.31237],[139.7982,35.31307]]]]},"properties":{"hoanrinKind":"保安林"}},
{"type":"Feature","geometry":{"type":"Polygon","coordinates":[[[140.13542,35.31722],[140.13518,35.31751],[140.13437,35.3179],[140.13382,35.31768],[140.1336,35.31736],[140.13363,35.31707],[140.1338,35.31663],[140.13355,35.31578],[140.13368,35.31571],[140.13403,35.3159],[140.13429,35.31626],[140.13447,35.31676],[140.1354,35.31689],[140.13574,35.31722],[140.13542,35.31722]]]},"properties":{"hoanrinKind":"保安林"}},
{"type":"Feature","geometry":{"type":"Polygon","coordinates":[[[140.15852,35.32034],[140.15784,35.32047],[140.15658,35.32082],[140.15591,35.32091],[140.1555,35.3209],[140.15501,35.32075],[140.15376,35.32062],[140.15301,35.32032],[140.15286,35.31982],[140.15346,35.31997],[140.15367,35.31996],[140.15457,35.32019],[140.15538,35.32022],[140.15578,35.32002],[140.1566,35.31985],[140.15705,35.31984],[140.15782,35.31941],[140.15796,35.31906],[140.15941,35.31908],[140.15986,35.31913],[140.15994,35.31937],[140.15989,35.31969],[140.15972,35.31994],[140.15924,35.32016],[140.15852,35.32034]]]},"properties":{"hoanrinKind":"保安林"}},
{"type":"Feature","geometry":{"type":"Polygon","coordinates":[[[139.85141,35.31726],[139.85143,35.31759],[139.85106,35.31788],[139.85113,35.31817],[139.85107,35.31865],[139.85074,35.31883],[139.85063,35.31803],[139.85059,35.31748],[139.85084,35.31716],[139.85124,35.31714],[139.85141,35.31726]]]},"properties":{"hoanrinKind":"保安林"}},
{"type":"Feature","geometry":{"type":"Polygon","coordinates":[[[140.11182,35.32023],[140.1121,35.32048],[140.11204,35.32084],[140.1119,35.32113],[140.11144,35.32253],[140.11123,35.32276],[140.11068,35.32276],[140.11032,35.32246],[140.11041,35.32195],[140.11058,35.32156],[140.11078,35.32084],[140.11106,35.32021],[140.11182,35.32023]]]},"properties":{"hoanrinKind":"保安林"}},
{"type":"Feature","geometry":{"type":"Polygon","coordinates":[[[139.83547,35.32065],[139.836,35.32104],[139.83671,35.32138],[139.83649,35.32164],[139.83596,35.32141],[139.83522,35.32092],[139.83547,35.32065]]]},"properties":{"hoanrinKind":"保安林"}},
{"type":"Feature","geometry":{"type":"Polygon","coordinates":[[[140.15253,35.3267],[140.15225,35.32691],[140.15118,35.32721],[140.15097,35.32734],[140.15044,35.32739],[140.14988,35.3276],[140.14983,35.32734],[140.15038,35.3269],[140.15052,35.32664],[140.15087,35.32653],[140.15139,35.32661],[140.15187,35.32629],[140.15213,35.32619],[140.15216,35.32579],[140.15247,35.3256],[140.15275,35.32557],[140.15307,35.32577],[140.15307,35.32625],[140.15253,35.3267]]]},"properties":{"hoanrinKind":"保安林"}},
{"type":"Feature","geometry":{"type":"Polygon","coordinates":[[[140.08283,35.33546],[140.08296,35.33585],[140.08286,35.33611],[140.08243,35.33626],[140.08226,35.3362],[140.08189,35.33546],[140.08133,35.33569],[140.08153,35.33519],[140.08152,35.33488],[140.08171,35.33423],[140.08199,35.33356],[140.0824,35.33292],[140.08261,35.33272],[140.08324,35.33264],[140.08395,35.33277],[140.08467,35.33275],[140.08523,35.33258],[140.08648,35.33189],[140.08709,35.33163],[140.0885,35.33124],[140.0892,35.3311],[140.08954,35.33112],[140.09016,35.33137],[140.09072,35.33221],[140.09079,35.33241],[140.09112,35.33257],[140.0912,35.33277],[140.09174,35.3333],[140.0919,35.33371],[140.09195,35.33447],[140.09068,35.33442],[140.09036,35.33448],[140.08971,35.33487],[140.08937,35.3352],[140.08833,35.33512],[140.08729,35.33519],[140.08625,35.33541],[140.08628,35.33512],[140.08677,35.33467],[140.08749,35.33429],[140.08868,35.3338],[140.08941,35.33345],[140.08985,35.33317],[140.09004,35.33273],[140.08966,35.33255],[140.08922,35.33273],[140.08869,35.33312],[140.08823,35.33335],[140.0875,35.33347],[140.08699,35.33372],[140.08661,35.33401],[140.08624,35.33454],[140.08607,35.3343],[140.08586,35.33439],[140.08562,35.33473],[140.08533,35.33528],[140.08509,35.33543],[140.08418,35.33566],[140.08412,35.33517],[140.08383,35.33493],[140.08386,35.33472],[140.08345,35.33457],[140.0833,35.33479],[140.08295,35.33488],[140.08307,35.33509],[140.08283,35.33546]]]},"properties":{"hoanrinKind":"保安林"}},
{"type":"Feature","geometry":{"type":"Polygon","coordinates":[[[140.15663,35.33618],[140.15621,35.3366],[140.15597,35.33614],[140.15594,35.33559],[140.15563,35.33533],[140.15561,35.33511],[140.15574,35.33474],[140.15596,35.33464],[140.15631,35.33465],[140.15679,35.33496],[140.15735,35.33592],[140.15701,35.33621],[140.15663,35.33618]]]},"properties":{"hoanrinKind":"保安林"}},
{"type":"Feature","geometry":{"type":"Polygon","coordinates":[[[139.86625,35.33692],[139.86601,35.33787],[139.86606,35.33725],[139.86625,35.33692]]]},"properties":{"hoanrinKind":"保安林"}},
{"type":"Feature","geometry":{"type":"Polygon","coordinates":[[[140.10819,35.35392],[140.10832,35.35416],[140.10886,35.35464],[140.10843,35.3551],[140.10809,35.35529],[140.10738,35.3553],[140.10691,35.35509],[140.10646,35.35449],[140.10628,35.35391],[140.10614,35.35266],[140.10606,35.35252],[140.10635,35.35209],[140.10681,35.35206],[140.10718,35.35191],[140.10749,35.35162],[140.10801,35.35159],[140.10881,35.35148],[140.10964,35.35144],[140.11017,35.35169],[140.11036,35.35216],[140.11081,35.35264],[140.11108,35.35346],[140.11096,35.35368],[140.11067,35.35392],[140.11032,35.354],[140.11,35.35307],[140.11007,35.35275],[140.10953,35.35208],[140.10951,35.35161],[140.10921,35.35164],[140.1091,35.3521],[140.10879,35.3522],[140.10858,35.35239],[140.10856,35.3526],[140.10932,35.35336],[140.10948,35.35369],[140.10938,35.35385],[140.10833,35.35351],[140.10819,35.35392]]]},"properties":{"hoanrinKind":"保安林"}},
{"type":"Feature","geometry":{"type":"Polygon","coordinates":[[[140.12271,35.35854],[140.12213,35.35919],[140.12152,35.35943],[140.12061,35.35964],[140.12032,35.35976],[140.11971,35.36025],[140.11915,35.36048],[140.11898,35.36014],[140.11856,35.35953],[140.1184,35.35915],[140.11836,35.35844],[140.11888,35.35842],[140.11977,35.35852],[140.12037,35.35812],[140.12082,35.35799],[140.12099,35.3574],[140.12094,35.35716],[140.1207,35.35707],[140.12073,35.35681],[140.12051,35.35672],[140.1202,35.35691],[140.11998,35.35731],[140.11944,35.35761],[140.11914,35.3575],[140.11914,35.35689],[140.11898,35.35655],[140.11919,35.35601],[140.11901,35.35589],[140.11903,35.35555],[140.12008,35.35471],[140.12034,35.3544],[140.12039,35.35408],[140.12105,35.35356],[140.12169,35.35313],[140.1216,35.35263],[140.12116,35.35225],[140.12043,35.35188],[140.12041,35.35151],[140.11943,35.35129],[140.11885,35.35141],[140.11875,35.35127],[140.11886,35.35076],[140.11917,35.35035],[140.11951,35.35023],[140.12004,35.35016],[140.12032,35.34984],[140.12084,35.3496],[140.12116,35.34955],[140.12171,35.34962],[140.12263,35.34984],[140.12296,35.34998],[140.12327,35.34999],[140.12339,35.34981],[140.12346,35.34904],[140.1236,35.34875],[140.12382,35.34869],[140.12468,35.34864],[140.12481,35.34854],[140.12466,35.34776],[140.12519,35.34781],[140.12547,35.34791],[140.12587,35.34791],[140.12593,35.34723],[140.12617,35.34698],[140.12679,35.34684],[140.12829,35.34685],[140.12834,35.34646],[140.12817,35.34596],[140.12841,35.34567],[140.12969,35.34584],[140.12982,35.34656],[140.12968,35.34692],[140.12957,35.34749],[140.12931,35.3478],[140.12661,35.34902],[140.12568,35.35024],[140.12536,35.35062],[140.12511,35.35067],[140.12436,35.35058],[140.12336,35.35238],[140.12326,35.35267],[140.12297,35.35313],[140.12237,35.35427],[140.12219,35.35477],[140.12216,35.35513],[140.122,35.35565],[140.12243,35.357],[140.12281,35.35804],[140.12281,35.35839],[140.12271,35.35854]]]},"properties":{"hoanrinKind":"保安林"}},
{"type":"Feature","geometry":{"type":"Polygon","coordinates":[[[140.0882,35.35996],[140.0867,35.36041],[140.08638,35.35994],[140.08667,35.35995],[140.08714,35.35982],[140.08779,35.35902],[140.0883,35.3589],[140.0882,35.3586],[140.0883,35.35826],[140.08817,35.35782],[140.08773,35.35756],[140.08762,35.3574],[140.08759,35.35694],[140.08813,35.35696],[140.08845,35.35711],[140.08868,35.35734],[140.08929,35.35781],[140.08998,35.35855],[140.08988,35.35892],[140.08947,35.35962],[140.08907,35.35964],[140.08873,35.35982],[140.0882,35.35996]]]},"properties":{"hoanrinKind":"保安林"}},
{"type":"Feature","geometry":{"type":"Polygon","coordinates":[[[140.16529,35.36838],[140.16527,35.36872],[140.16472,35.36986],[140.16462,35.36999],[140.16459,35.37039],[140.16435,35.3709],[140.16395,35.37128],[140.16361,35.37131],[140.16351,35.37086],[140.16362,35.3703],[140.16383,35.37012],[140.16376,35.3698],[140.16391,35.36924],[140.16412,35.36878],[140.16499,35.36814],[140.16529,35.36838]]]},"properties":{"hoanrinKind":"保安林"}},
{"type":"Feature","geometry":{"type":"Polygon","coordinates":[[[140.20062,35.40103],[140.20072,35.40127],[140.20095,35.40146],[140.20092,35.40186],[140.20051,35.40201],[140.20011,35.40202],[140.19975,35.40177],[140.19973,35.40151],[140.19945,35.40101],[140.19913,35.40107],[140.19903,35.40167],[140.19852,35.40171],[140.19858,35.40098],[140.19869,35.4007],[140.19839,35.40023],[140.19836,35.39969],[140.19819,35.3993],[140.19754,35.39879],[140.19735,35.39817],[140.19742,35.39787],[140.19785,35.39744],[140.19814,35.39734],[140.1994,35.39734],[140.19969,35.39742],[140.19982,35.39773],[140.19937,35.39792],[140.19906,35.39821],[140.199,35.39843],[140.19846,35.39844],[140.19865,35.39878],[140.19934,35.39873],[140.19962,35.39878],[140.19979,35.39908],[140.1994,35.3993],[140.19909,35.39918],[140.19857,35.39934],[140.19862,35.39963],[140.19911,35.39997],[140.19917,35.40012],[140.19973,35.40013],[140.20015,35.4],[140.20028,35.39985],[140.20059,35.39882],[140.20079,35.39848],[140.20134,35.39853],[140.20181,35.39897],[140.20103,35.39895],[140.20099,35.39921],[140.2013,35.39947],[140.20189,35.39961],[140.20199,35.39987],[140.20274,35.40025],[140.20196,35.40063],[140.20108,35.40038],[140.2006,35.40093],[140.20062,35.40103]]]},"properties":{"hoanrinKind":"保安林"}},
{"type":"Feature","geometry":{"type":"Polygon","coordinates":[[[140.34101,35.17283],[140.34093,35.17294],[140.34028,35.17318],[140.33999,35.17345],[140.34008,35.1737],[140.34043,35.1738],[140.34062,35.17412],[140.34031,35.17439],[140.34029,35.17462],[140.34047,35.17471],[140.34054,35.17528],[140.3405,35.17555],[140.34001,35.17577],[140.33949,35.1754],[140.3392,35.17506],[140.33918,35.17465],[140.33937,35.17368],[140.33922,35.17339],[140.33934,35.17275],[140.33962,35.17253],[140.33975,35.172],[140.34009,35.17154],[140.34051,35.17128],[140.34082,35.17129],[140.34137,35.17144],[140.34151,35.17168],[140.34139,35.17189],[140.34087,35.17224],[140.34069,35.17259],[140.34101,35.17283]]]},"properties":{"hoanrinKind":"保安林"}},
{"type":"Feature","geometry":{"type":"Polygon","coordinates":[[[140.37587,35.18463],[140.3759,35.18497],[140.37519,35.18534],[140.3751,35.18579],[140.37576,35.18583],[140.37588,35.18608],[140.37569,35.18621],[140.37533,35.18666],[140.37507,35.18675],[140.37494,35.18631],[140.37473,35.1861],[140.37446,35.18547],[140.37425,35.18439],[140.37351,35.18382],[140.37298,35.18353],[140.37277,35.1833],[140.37265,35.18297],[140.37262,35.1821],[140.37306,35.18195],[140.37341,35.18226],[140.37351,35.18273],[140.37386,35.18289],[140.37415,35.18284],[140.37443,35.18307],[140.37473,35.18354],[140.37486,35.18396],[140.37485,35.18434],[140.37503,35.18462],[140.3757,35.18453],[140.37587,35.18463]]]},"properties":{"hoanrinKind":"保安林"}},
{"type":"Feature","geometry":{"type":"MultiPolygon","coordinates":[[[[140.37586,35.18375],[140.37566,35.18401],[140.37518,35.1837],[140.3749,35.18334],[140.37469,35.18282],[140.37554,35.18234],[140.37577,35.18229],[140.37591,35.18209],[140.37624,35.18212],[140.37641,35.18195],[140.3764,35.18161],[140.37651,35.18146],[140.37679,35.18169],[140.37712,35.18241],[140.37713,35.18298],[140.37727,35.18334],[140.37769,35.18375],[140.37727,35.18398],[140.37685,35.18385],[140.37645,35.18388],[140.37586,35.18375]]],[[[140.37832,35.18685],[140.37778,35.18726],[140.37753,35.18706],[140.37782,35.18694],[140.3778,35.18669],[140.37706,35.18667],[140.37696,35.18625],[140.37724,35.1858],[140.37759,35.1858],[140.37749,35.18539],[140.37735,35.18521],[140.37762,35.18505],[140.37776,35.18458],[140.37816,35.18413],[140.37873,35.18457],[140.37906,35.18472],[140.37937,35.18575],[140.37909,35.1861],[140.37832,35.18685]]]]},"properties":{"hoanrinKind":"保安林"}},
{"type":"Feature","geometry":{"type":"Polygon","coordinates":[[[140.36505,35.18707],[140.36452,35.18815],[140.3642,35.18832],[140.36391,35.18801],[140.36386,35.18754],[140.36411,35.18711],[140.36412,35.18677],[140.36453,35.18657],[140.36492,35.18655],[140.36505,35.18707]]]},"properties":{"hoanrinKind":"保安林"}},
{"type":"Feature","geometry":{"type":"Polygon","coordinates":[[[140.36759,35.19166],[140.36727,35.19146],[140.36714,35.19181],[140.3665,35.19113],[140.36596,35.19043],[140.36616,35.19034],[140.36653,35.19037],[140.36694,35.19076],[140.36721,35.19079],[140.36737,35.19029],[140.36705,35.19019],[140.36704,35.18997],[140.3672,35.1896],[140.36673,35.18933],[140.36656,35.1891],[140.36673,35.18883],[140.36674,35.18855],[140.36651,35.18821],[140.36682,35.18809],[140.36767,35.18869],[140.36794,35.18919],[140.36799,35.18966],[140.36788,35.19029],[140.36751,35.19118],[140.36759,35.19166]]]},"properties":{"hoanrinKind":"保安林"}},
{"type":"Feature","geometry":{"type":"Polygon","coordinates":[[[140.38396,35.19],[140.38397,35.19147],[140.38406,35.19175],[140.38408,35.19214],[140.38361,35.19229],[140.38252,35.19238],[140.38209,35.19245],[140.38136,35.19221],[140.38108,35.19183],[140.3809,35.19057],[140.38112,35.19036],[140.38112,35.18939],[140.38135,35.18929],[140.38143,35.18963],[140.38173,35.18967],[140.38186,35.18956],[140.38177,35.18928],[140.38192,35.18851],[140.38185,35.18831],[140.38193,35.18783],[140.38187,35.18752],[140.38257,35.18744],[140.38288,35.18769],[140.3832,35.18763],[140.3838,35.18859],[140.38394,35.18922],[140.38396,35.19]]]},"properties":{"hoanrinKind":"保安林"}},
{"type":"Feature","geometry":{"type":"Polygon","coordinates":[[[140.36213,35.19332],[140.36243,35.19347],[140.36277,35.19422],[140.36282,35.19463],[140.3623,35.19506],[140.3621,35.1951],[140.36187,35.19467],[140.36157,35.19433],[140.36153,35.19396],[140.3618,35.1936],[140.36213,35.19332]]]},"properties":{"hoanrinKind":"保安林"}},
{"type":"Feature","geometry":{"type":"Polygon","coordinates":[[[140.40381,35.24002],[140.4042,35.2406],[140.40427,35.24079],[140.40376,35.24085],[140.4029,35.24083],[140.40218,35.24073],[140.40147,35.24054],[140.40073,35.24012],[140.40089,35.23991],[140.40087,35.23971],[140.40142,35.23973],[140.40166,35.23993],[140.40208,35.23991],[140.40254,35.24],[140.40269,35.23984],[140.40264,35.23963],[140.40284,35.23943],[140.40287,35.2389],[140.40322,35.23826],[140.40386,35.23753],[140.40379,35.23716],[140.40346,35.23714],[140.40286,35.23743],[140.40268,35.23726],[140.40232,35.23653],[140.40154,35.2358],[140.40153,35.23541],[140.40223,35.23461],[140.40232,35.23477],[140.40272,35.23506],[140.40309,35.23549],[140.40361,35.23576],[140.40367,35.23594],[140.40402,35.23629],[140.40443,35.23683],[140.40489,35.23718],[140.40488,35.23773],[140.40504,35.23836],[140.40504,35.23885],[140.40514,35.23916],[140.40548,35.23935],[140.40548,35.23976],[140.40535,35.23986],[140.40525,35.24022],[140.40486,35.24031],[140.40475,35.24012],[140.40483,35.23934],[140.40477,35.23869],[140.40448,35.23852],[140.40435,35.23887],[140.40433,35.23933],[140.40405,35.23936],[140.40375,35.23893],[140.4035,35.239],[140.40355,35.23959],[140.40381,35.24002]]]},"properties":{"hoanrinKind":"保安林"}},
{"type":"Feature","geometry":{"type":"Polygon","coordinates":[[[140.36452,35.24059],[140.36391,35.24039],[140.36376,35.24039],[140.36291,35.23964],[140.36274,35.23956],[140.36264,35.23919],[140.36237,35.23879],[140.36198,35.23856],[140.36114,35.23831],[140.36052,35.238],[140.36094,35.23751],[140.36144,35.23735],[140.36197,35.23735],[140.36192,35.23783],[140.36248,35.23827],[140.36311,35.23824],[140.36339,35.23831],[140.36351,35.23858],[140.36378,35.23892],[140.36418,35.23915],[140.36483,35.23971],[140.36497,35.24038],[140.36493,35.24054],[140.36452,35.24059]]]},"properties":{"hoanrinKind":"保安林"}},
{"type":"Feature","geometry":{"type":"Polygon","coordinates":[[[140.40003,35.28002],[140.39986,35.27989],[140.39957,35.27988],[140.39984,35.27965],[140.40003,35.28002]]]},"properties":{"hoanrinKind":"保安林"}},
{"type":"Feature","geometry":{"type":"Polygon","coordinates":[[[140.39572,35.28304],[140.39558,35.28295],[140.39519,35.28218],[140.39531,35.28206],[140.39571,35.28203],[140.39582,35.28239],[140.39613,35.2825],[140.39619,35.28274],[140.39588,35.28285],[140.39572,35.28304]]]},"properties":{"hoanrinKind":"保安林"}},
{"type":"Feature","geometry":{"type":"MultiPolygon","coordinates":[[[[140.39659,35.26125],[140.39649,35.26152],[140.39624,35.26156],[140.39541,35.26124],[140.39529,35.26105],[140.39558,35.26076],[140.39591,35.26076],[140.39612,35.26105],[140.39659,35.26125]]],[[[140.4033,35.28652],[140.40318,35.28643],[140.40315,35.28545],[140.4031,35.28518],[140.4022,35.2822],[140.40199,35.2819],[140.40132,35.27984],[140.40111,35.27883],[140.40093,35.27817],[140.4006,35.27797],[140.40041,35.2775],[140.39995,35.27602],[140.39991,35.27556],[140.39975,35.27484],[140.3995,35.27406],[140.39927,35.27317],[140.39889,35.27194],[140.39869,35.27184],[140.3985,35.27124],[140.39882,35.27089],[140.39877,35.27056],[140.39841,35.27027],[140.39817,35.26907],[140.39781,35.2676],[140.39791,35.26726],[140.39816,35.26693],[140.3982,35.26659],[140.39801,35.26648],[140.39761,35.26653],[140.39746,35.26619],[140.39735,35.26552],[140.39772,35.26542],[140.39782,35.26504],[140.39757,35.26456],[140.3975,35.26412],[140.39792,35.26395],[140.39808,35.2633],[140.39795,35.26316],[140.39792,35.26288],[140.39808,35.26256],[140.398,35.26188],[140.39779,35.26158],[140.39796,35.2605],[140.39809,35.26],[140.39815,35.25914],[140.39836,35.25916],[140.39865,35.2598],[140.39881,35.26058],[140.39873,35.26197],[140.39871,35.2638],[140.39879,35.26593],[140.39878,35.26768],[140.39887,35.26928],[140.39918,35.27062],[140.39949,35.27244],[140.39979,35.27398],[140.40078,35.27704],[140.40152,35.27904],[140.40224,35.28133],[140.40254,35.28271],[140.40341,35.2856],[140.40365,35.28648],[140.4033,35.28652]]]]},"properties":{"hoanrinKind":"保安林"}},
{"type":"Feature","geometry":{"type":"Polygon","coordinates":[[[140.39563,35.33208],[140.39534,35.3326],[140.39518,35.33269],[140.39461,35.33236],[140.3953,35.33168],[140.3958,35.33176],[140.39563,35.33208]]]},"properties":{"hoanrinKind":"保安林"}},
{"type":"Feature","geometry":{"type":"Polygon","coordinates":[[[140.39443,35.33276],[140.39495,35.33307],[140.39498,35.33319],[140.39465,35.33401],[140.39447,35.33411],[140.39361,35.3337],[140.39285,35.33343],[140.39267,35.33323],[140.39326,35.33283],[140.39393,35.33255],[140.39443,35.33276]]]},"properties":{"hoanrinKind":"保安林"}},
{"type":"Feature","geometry":{"type":"MultiPolygon","coordinates":[[[[140.39036,35.33663],[140.39039,35.33672],[140.39035,35.33778],[140.39018,35.33919],[140.38973,35.34001],[140.38964,35.33997],[140.38988,35.33917],[140.39015,35.33856],[140.39021,35.33822],[140.3902,35.33709],[140.39036,35.33663]]],[[[140.39385,35.33667],[140.39395,35.33779],[140.3935,35.33984],[140.39302,35.34124],[140.39243,35.34265],[140.39204,35.34417],[140.39201,35.34741],[140.39191,35.34756],[140.39105,35.34767],[140.39053,35.34603],[140.39035,35.34507],[140.39029,35.3439],[140.39029,35.343],[140.39034,35.34225],[140.39046,35.34148],[140.39068,35.34048],[140.39055,35.34019],[140.39097,35.33821],[140.39107,35.338],[140.39113,35.33729],[140.3911,35.33705],[140.39114,35.33564],[140.39098,35.33549],[140.39121,35.33526],[140.39114,35.33509],[140.39112,35.33442],[140.39089,35.33431],[140.39213,35.33354],[140.39239,35.33363],[140.39416,35.33446],[140.39426,35.33454],[140.39412,35.33493],[140.39385,35.33667]]]]},"properties":{"hoanrinKind":"保安林"}},
{"type":"Feature","geometry":{"type":"Polygon","coordinates":[[[140.38875,35.34991],[140.38862,35.35005],[140.38832,35.35098],[140.38816,35.35122],[140.38787,35.35131],[140.38762,35.35082],[140.38833,35.35],[140.38854,35.34993],[140.3891,35.34958],[140.3894,35.34869],[140.39055,35.34873],[140.39066,35.3489],[140.39044,35.34955],[140.3899,35.35082],[140.3896,35.35058],[140.38962,35.34994],[140.3894,35.34982],[140.38875,35.34991]]]},"properties":{"hoanrinKind":"保安林"}},
{"type":"Feature","geometry":{"type":"Polygon","coordinates":[[[140.38762,35.35252],[140.38745,35.35357],[140.38729,35.35373],[140.38716,35.35462],[140.38713,35.3552],[140.38694,35.35525],[140.38706,35.35414],[140.38755,35.3522],[140.38762,35.35252]]]},"properties":{"hoanrinKind":"保安林"}},
{"type":"Feature","geometry":{"type":"Polygon","coordinates":[[[140.38448,35.37701],[140.38444,35.37709],[140.38446,35.37683],[140.38448,35.37701]]]},"properties":{"hoanrinKind":"保安林"}},
{"type":"Feature","geometry":{"type":"Polygon","coordinates":[[[140.38478,35.37825],[140.38486,35.37665],[140.38504,35.37627],[140.38508,35.37592],[140.38537,35.37559],[140.38516,35.37488],[140.38538,35.37358],[140.38571,35.37368],[140.38577,35.37324],[140.38547,35.37306],[140.3856,35.37261],[140.38584,35.3725],[140.38597,35.37225],[140.38599,35.37176],[140.38579,35.37144],[140.38584,35.37091],[140.38601,35.36987],[140.38629,35.36966],[140.38607,35.36945],[140.38624,35.36836],[140.38625,35.36727],[140.38631,35.36656],[140.38647,35.36557],[140.38647,35.36451],[140.38656,35.3641],[140.38675,35.36397],[140.38668,35.36348],[140.38634,35.36337],[140.3863,35.36307],[140.3864,35.36268],[140.38619,35.36195],[140.38616,35.36115],[140.38629,35.36096],[140.38634,35.36064],[140.38631,35.35974],[140.3864,35.35893],[140.38661,35.35897],[140.38647,35.35974],[140.38647,35.361],[140.38636,35.36142],[140.38651,35.36162],[140.38684,35.36168],[140.38695,35.3626],[140.38687,35.36292],[140.38685,35.3636],[140.38694,35.36452],[140.38684,35.36716],[140.38661,35.3691],[140.38666,35.36933],[140.38655,35.37005],[140.38626,35.37008],[140.38606,35.37039],[140.38607,35.37087],[140.3864,35.37116],[140.3863,35.37213],[140.38608,35.37308],[140.38612,35.3732],[140.38649,35.37333],[140.3864,35.37384],[140.386,35.37498],[140.38597,35.37544],[140.38561,35.37653],[140.38512,35.37655],[140.38489,35.37681],[140.38497,35.37728],[140.38519,35.37815],[140.38478,35.37825]]]},"properties":{"hoanrinKind":"保安林"}},
{"type":"Feature","geometry":{"type":"Polygon","coordinates":[[[140.38966,35.3807],[140.38912,35.38082],[140.38899,35.38055],[140.38818,35.37862],[140.38853,35.37845],[140.38856,35.37776],[140.38856,35.37587],[140.38862,35.37095],[140.38875,35.36603],[140.38903,35.36288],[140.38917,35.36137],[140.38925,35.35949],[140.38934,35.3584],[140.38942,35.3566],[140.38971,35.35238],[140.38983,35.35195],[140.3906,35.35017],[140.39138,35.34826],[140.39188,35.34824],[140.39155,35.35203],[140.39125,35.35709],[140.39099,35.36247],[140.39081,35.36701],[140.39082,35.37028],[140.39079,35.37124],[140.39079,35.37301],[140.39072,35.37329],[140.39079,35.37361],[140.3908,35.37479],[140.39076,35.37758],[140.39042,35.37776],[140.39046,35.38055],[140.38966,35.3807]]]},"properties":{"hoanrinKind":"保安林"}},
{"type":"Feature","geometry":{"type":"Polygon","coordinates":[[[140.38651,35.38132],[140.38601,35.38089],[140.38568,35.38092],[140.38562,35.37992],[140.38513,35.37943],[140.3853,35.3789],[140.38528,35.37871],[140.38608,35.3786],[140.38613,35.37875],[140.38659,35.37869],[140.38671,35.37844],[140.38692,35.37849],[140.38695,35.37926],[140.38688,35.37947],[140.38686,35.38014],[140.386,35.38027],[140.38587,35.38054],[140.38603,35.38074],[140.38635,35.38079],[140.38645,35.38092],[140.38726,35.38071],[140.38742,35.38111],[140.38651,35.38132]]]},"properties":{"hoanrinKind":"保安林"}},
{"type":"Feature","geometry":{"type":"Polygon","coordinates":[[[140.38892,35.38139],[140.38896,35.38206],[140.38876,35.38256],[140.38856,35.38279],[140.3883,35.38252],[140.38854,35.38194],[140.38852,35.38144],[140.38892,35.38139]]]},"properties":{"hoanrinKind":"保安林"}},
{"type":"Feature","geometry":{"type":"Polygon","coordinates":[[[140.39068,35.38279],[140.39085,35.38496],[140.3905,35.38504],[140.3902,35.3848],[140.3897,35.38378],[140.38932,35.38373],[140.38908,35.38356],[140.38901,35.38328],[140.38975,35.38228],[140.39012,35.38228],[140.39017,35.38182],[140.39036,35.3817],[140.39033,35.3812],[140.39053,35.38117],[140.39068,35.38279]]]},"properties":{"hoanrinKind":"保安林"}},
{"type":"Feature","geometry":{"type":"Polygon","coordinates":[[[140.39106,35.38653],[140.39107,35.38692],[140.3908,35.38689],[140.39078,35.38625],[140.39095,35.38544],[140.39106,35.38653]]]},"properties":{"hoanrinKind":"保安林"}},
{"type":"Feature","geometry":{"type":"Polygon","coordinates":[[[140.3878,35.3936],[140.38766,35.39362],[140.38722,35.39292],[140.38715,35.39228],[140.38739,35.39182],[140.38825,35.39125],[140.38837,35.39127],[140.38841,35.39187],[140.38833,35.39224],[140.38842,35.39256],[140.38843,35.39357],[140.3878,35.3936]]]},"properties":{"hoanrinKind":"保安林"}},
{"type":"Feature","geometry":{"type":"Polygon","coordinates":[[[139.8983,35.40927],[139.89907,35.40994],[139.89968,35.41027],[139.8995,35.41083],[139.89882,35.41129],[139.89828,35.41076],[139.89805,35.41037],[139.89781,35.40971],[139.89761,35.40937],[139.89774,35.40924],[139.8983,35.40927]]]},"properties":{"hoanrinKind":"保安林"}},
{"type":"Feature","geometry":{"type":"Polygon","coordinates":[[[140.17825,35.41321],[140.17844,35.41324],[140.17832,35.41411],[140.17794,35.41442],[140.17759,35.41438],[140.17742,35.4142],[140.17744,35.41363],[140.17756,35.41337],[140.178,35.41316],[140.17825,35.41321]]]},"properties":{"hoanrinKind":"保安林"}},
{"type":"Feature","geometry":{"type":"MultiPolygon","coordinates":[[[[139.98167,35.44009],[139.98168,35.44039],[139.98246,35.44111],[139.98236,35.44123],[139.98149,35.44101],[139.98092,35.44031],[139.98073,35.43999],[139.98071,35.43974],[139.98102,35.43943],[139.98135,35.43949],[139.9815,35.43968],[139.98212,35.44008],[139.98235,35.44003],[139.98251,35.43978],[139.98288,35.43951],[139.98324,35.43962],[139.98355,35.44011],[139.9839,35.44045],[139.98388,35.44085],[139.98365,35.4409],[139.983,35.44072],[139.98294,35.44046],[139.98269,35.44029],[139.98195,35.44004],[139.98167,35.44009]]],[[[139.98224,35.44207],[139.98088,35.44209],[139.97909,35.44121],[139.97823,35.44085],[139.97819,35.44057],[139.97801,35.44043],[139.97709,35.44024],[139.9765,35.44002],[139.97602,35.43976],[139.97625,35.43941],[139.97692,35.43968],[139.97787,35.44012],[139.97809,35.44016],[139.97881,35.4405],[139.97882,35.44065],[139.97955,35.441],[139.97968,35.44113],[139.98055,35.44148],[139.98128,35.44192],[139.98187,35.44173],[139.9822,35.44182],[139.98224,35.44207]]]]},"properties":{"hoanrinKind":"保安林"}},
{"type":"Feature","geometry":{"type":"Polygon","coordinates":[[[140.06033,35.44864],[140.05994,35.44878],[140.05982,35.44847],[140.06042,35.44824],[140.06042,35.4481],[140.06009,35.44799],[140.06018,35.44767],[140.06041,35.44738],[140.06069,35.44687],[140.06125,35.446],[140.06161,35.44574],[140.06271,35.44529],[140.06329,35.44564],[140.0624,35.4467],[140.06152,35.44758],[140.06033,35.44864]]]},"properties":{"hoanrinKind":"保安林"}},
{"type":"Feature","geometry":{"type":"Polygon","coordinates":[[[140.0662,35.44673],[140.06598,35.44746],[140.06556,35.44795],[140.06533,35.44836],[140.06525,35.44867],[140.06489,35.4489],[140.06435,35.44912],[140.06417,35.44829],[140.06376,35.44811],[140.06481,35.44705],[140.06485,35.44659],[140.0645,35.44628],[140.06433,35.44667],[140.06401,35.44706],[140.06345,35.44729],[140.06301,35.44739],[140.06302,35.44805],[140.06293,35.44821],[140.06234,35.44863],[140.06196,35.44843],[140.06178,35.44818],[140.06354,35.44621],[140.06416,35.44531],[140.06448,35.44508],[140.06484,35.44515],[140.06531,35.44538],[140.0656,35.44526],[140.06587,35.44539],[140.06603,35.44565],[140.0662,35.44673]]]},"properties":{"hoanrinKind":"保安林"}},
{"type":"Feature","geometry":{"type":"Polygon","coordinates":[[[140.21553,35.4607],[140.21537,35.46083],[140.21413,35.46109],[140.21383,35.46126],[140.2134,35.4613],[140.21338,35.46092],[140.21353,35.46056],[140.21348,35.46037],[140.21356,35.4597],[140.21338,35.45946],[140.21316,35.45958],[140.21323,35.45907],[140.21312,35.45896],[140.21268,35.45931],[140.21238,35.45923],[140.21209,35.45883],[140.21198,35.45799],[140.2122,35.45692],[140.21209,35.45681],[140.21225,35.45643],[140.21204,35.45623],[140.21188,35.4565],[140.21171,35.45605],[140.21152,35.45584],[140.21121,35.45593],[140.21118,35.45625],[140.21088,35.45607],[140.21047,35.45598],[140.21032,35.45604],[140.2102,35.45634],[140.20992,35.45636],[140.20973,35.45671],[140.20928,35.45719],[140.209,35.45707],[140.20898,35.4565],[140.20883,35.45605],[140.20977,35.45537],[140.21045,35.45525],[140.21124,35.45518],[140.21205,35.45522],[140.21267,35.45542],[140.21295,35.45557],[140.21322,35.45599],[140.21324,35.45688],[140.21276,35.4569],[140.21253,35.45732],[140.2126,35.45777],[140.21329,35.45777],[140.21344,35.458],[140.2138,35.458],[140.21412,35.45847],[140.21415,35.45892],[140.21374,35.45966],[140.2136,35.46014],[140.21368,35.46032],[140.21394,35.46034],[140.21408,35.4605],[140.21509,35.46044],[140.21523,35.46032],[140.21498,35.45974],[140.2152,35.45958],[140.21566,35.45952],[140.21652,35.45932],[140.21733,35.45921],[140.21725,35.45975],[140.21676,35.45989],[140.21638,35.45989],[140.21592,35.45999],[140.21566,35.46019],[140.21553,35.4607]]]},"properties":{"hoanrinKind":"保安林"}},
{"type":"Feature","geometry":{"type":"MultiPolygon","coordinates":[[[[140.2192,35.45827],[140.21885,35.45835],[140.21861,35.45852],[140.21852,35.45883],[140.2179,35.45916],[140.21801,35.45882],[140.21775,35.45807],[140.21746,35.45796],[140.21724,35.45804],[140.21716,35.45833],[140.21642,35.45853],[140.21598,35.45841],[140.21587,35.45824],[140.21604,35.45799],[140.2158,35.45755],[140.21585,35.45735],[140.21625,35.45706],[140.21657,35.45721],[140.21729,35.4572],[140.21752,35.45735],[140.21779,35.45783],[140.21834,35.45817],[140.2187,35.45801],[140.2191,35.45801],[140.2192,35.45827]]],[[[140.21926,35.4593],[140.2192,35.46004],[140.21814,35.46091],[140.21741,35.46129],[140.21634,35.46168],[140.21488,35.46205],[140.21395,35.46253],[140.2129,35.46232],[140.21286,35.46209],[140.2135,35.46179],[140.21502,35.46126],[140.2158,35.46089],[140.21648,35.46023],[140.21709,35.46],[140.21853,35.45995],[140.21885,35.45932],[140.21926,35.4593]]]]},"properties":{"hoanrinKind":"保安林"}},
{"type":"Feature","geometry":{"type":"Polygon","coordinates":[[[140.2069,35.46689],[140.20639,35.46654],[140.20639,35.46593],[140.20665,35.46574],[140.20656,35.46547],[140.20663,35.46511],[140.20621,35.46465],[140.20652,35.46382],[140.20635,35.46359],[140.20627,35.46319],[140.20723,35.46287],[140.20772,35.46276],[140.20787,35.46254],[140.20794,35.46203],[140.20814,35.46156],[140.20824,35.46112],[140.20856,35.461],[140.20839,35.46039],[140.20933,35.46044],[140.20999,35.46161],[140.21,35.46208],[140.20956,35.46243],[140.20921,35.46313],[140.20914,35.46401],[140.20883,35.46412],[140.2088,35.46436],[140.20844,35.46443],[140.20845,35.46505],[140.2082,35.46557],[140.20828,35.46603],[140.20794,35.46644],[140.20755,35.46652],[140.20741,35.46671],[140.2069,35.46689]]]},"properties":{"hoanrinKind":"保安林"}},
{"type":"Feature","geometry":{"type":"Polygon","coordinates":[[[140.28196,35.58144],[140.27966,35.5851],[140.27956,35.58498],[140.28035,35.58387],[140.28102,35.58282],[140.28196,35.58144]]]},"properties":{"hoanrinKind":"保安林"}},
{"type":"Feature","geometry":{"type":"Polygon","coordinates":[[[140.31353,35.58768],[140.31239,35.58797],[140.31048,35.58858],[140.30966,35.58891],[140.30904,35.58926],[140.30874,35.5891],[140.30879,35.58863],[140.30915,35.58832],[140.30984,35.58803],[140.31227,35.58742],[140.31226,35.5868],[140.3126,35.5867],[140.31309,35.58646],[140.31314,35.58658],[140.31272,35.58693],[140.31281,35.58753],[140.31304,35.58764],[140.31429,35.58732],[140.31457,35.58728],[140.31431,35.58767],[140.31395,35.58759],[140.31353,35.58768]]]},"properties":{"hoanrinKind":"保安林"}},
{"type":"Feature","geometry":{"type":"Polygon","coordinates":[[[140.3063,35.5881],[140.30656,35.58827],[140.30685,35.58868],[140.30735,35.58899],[140.30643,35.58959],[140.30468,35.58858],[140.30417,35.58811],[140.3038,35.58823],[140.30321,35.58828],[140.30306,35.58822],[140.3029,35.58757],[140.30298,35.58724],[140.30289,35.58674],[140.30308,35.58662],[140.30316,35.58703],[140.30317,35.58785],[140.3034,35.58799],[140.30402,35.58782],[140.30428,35.58753],[140.3047,35.58728],[140.3057,35.58717],[140.30563,35.58669],[140.30535,35.58639],[140.30471,35.58594],[140.30464,35.58583],[140.3046,35.58527],[140.30491,35.58492],[140.30577,35.58446],[140.30646,35.58432],[140.30719,35.58477],[140.30704,35.58491],[140.30633,35.58446],[140.30613,35.58442],[140.30518,35.58501],[140.3051,35.58518],[140.3052,35.58545],[140.3051,35.58568],[140.30631,35.58687],[140.30678,35.58691],[140.3061,35.58772],[140.3063,35.5881]]]},"properties":{"hoanrinKind":"保安林"}},
{"type":"Feature","geometry":{"type":"Polygon","coordinates":[[[140.27349,35.59009],[140.27282,35.59076],[140.27245,35.5907],[140.27229,35.59027],[140.27257,35.59012],[140.27265,35.58993],[140.27328,35.58959],[140.27374,35.58945],[140.27409,35.58904],[140.27587,35.58826],[140.27625,35.58848],[140.2761,35.58793],[140.27593,35.58773],[140.27614,35.58735],[140.27594,35.58716],[140.27666,35.58659],[140.27703,35.58644],[140.27771,35.58639],[140.27843,35.58654],[140.27931,35.58702],[140.27914,35.58714],[140.27803,35.58688],[140.27736,35.58667],[140.2772,35.58672],[140.277,35.58699],[140.27662,35.58773],[140.27695,35.58814],[140.27688,35.58843],[140.27653,35.58924],[140.27665,35.58962],[140.2776,35.59044],[140.27736,35.59057],[140.27648,35.59002],[140.27597,35.5895],[140.27545,35.58889],[140.27517,35.58888],[140.27433,35.5894],[140.2746,35.5897],[140.27416,35.59031],[140.27349,35.59009]]]},"properties":{"hoanrinKind":"保安林"}},
{"type":"Feature","geometry":{"type":"Polygon","coordinates":[[[140.32245,35.59574],[140.32183,35.59586],[140.3214,35.59559],[140.32133,35.59539],[140.32081,35.59496],[140.32026,35.5943],[140.32015,35.59422],[140.32008,35.59371],[140.32065,35.59399],[140.32103,35.5941],[140.32127,35.59434],[140.32154,35.59445],[140.32159,35.59466],[140.32132,35.59484],[140.32133,35.59508],[140.32194,35.59561],[140.32212,35.59562],[140.32272,35.59513],[140.32319,35.59508],[140.32352,35.59524],[140.32296,35.59554],[140.32245,35.59574]]]},"properties":{"hoanrinKind":"保安林"}},
{"type":"Feature","geometry":{"type":"Polygon","coordinates":[[[140.27538,35.5958],[140.27536,35.59583],[140.27459,35.59543],[140.2746,35.59541],[140.27538,35.5958]]]},"properties":{"hoanrinKind":"保安林"}},
{"type":"Feature","geometry":{"type":"Polygon","coordinates":[[[140.26207,35.59991],[140.26152,35.59989],[140.2615,35.59965],[140.26197,35.59944],[140.26223,35.59917],[140.26246,35.5986],[140.26265,35.59839],[140.26375,35.59864],[140.26391,35.59847],[140.26336,35.59807],[140.2633,35.59775],[140.26345,35.5975],[140.26406,35.59678],[140.26414,35.5964],[140.26505,35.59558],[140.26537,35.59565],[140.26608,35.59607],[140.26603,35.59625],[140.26567,35.59605],[140.26546,35.59582],[140.26511,35.59573],[140.26483,35.59596],[140.26422,35.59684],[140.26351,35.59776],[140.26362,35.59798],[140.26438,35.59831],[140.26457,35.59852],[140.26454,35.59886],[140.26479,35.59905],[140.26516,35.59914],[140.26558,35.59859],[140.2657,35.59871],[140.26478,35.59991],[140.26459,35.59968],[140.26422,35.5995],[140.26419,35.59902],[140.26351,35.59885],[140.26309,35.59865],[140.26295,35.59873],[140.26251,35.59925],[140.26207,35.59991]]]},"properties":{"hoanrinKind":"保安林"}},
{"type":"Feature","geometry":{"type":"MultiPolygon","coordinates":[[[[140.3146,35.58963],[140.31467,35.59003],[140.31389,35.59021],[140.314,35.58975],[140.31413,35.58965],[140.3146,35.58963]]],[[[140.3229,35.60109],[140.3224,35.60094],[140.32091,35.6008],[140.32223,35.6007],[140.32252,35.6005],[140.32234,35.59966],[140.32237,35.59884],[140.3222,35.59789],[140.32269,35.59796],[140.3226,35.59852],[140.32256,35.59931],[140.32267,35.5999],[140.32262,35.60011],[140.323,35.6009],[140.3229,35.60109]]],[[[140.31893,35.60126],[140.31856,35.60114],[140.3183,35.60093],[140.3175,35.60076],[140.31606,35.60028],[140.31531,35.60016],[140.31411,35.60008],[140.31387,35.60011],[140.31315,35.60035],[140.31268,35.60036],[140.31261,35.60006],[140.31314,35.6001],[140.31342,35.5999],[140.31366,35.59987],[140.3156,35.60002],[140.31581,35.59996],[140.31641,35.59875],[140.3165,35.59804],[140.31602,35.59764],[140.31669,35.59762],[140.31673,35.59678],[140.31669,35.59577],[140.31609,35.59555],[140.31593,35.59539],[140.31483,35.59274],[140.31426,35.5928],[140.31413,35.59268],[140.31376,35.5927],[140.31363,35.59125],[140.31381,35.59139],[140.31407,35.59186],[140.31446,35.59245],[140.3147,35.59253],[140.31542,35.59226],[140.31666,35.59191],[140.31664,35.59208],[140.31545,35.59243],[140.31531,35.5926],[140.31565,35.59299],[140.31591,35.59317],[140.31641,35.59413],[140.31673,35.59466],[140.31691,35.59477],[140.31765,35.59575],[140.31778,35.59653],[140.31775,35.59758],[140.3179,35.59788],[140.31777,35.59814],[140.31722,35.59822],[140.31725,35.59849],[140.31765,35.59852],[140.31773,35.59886],[140.31737,35.59886],[140.31725,35.59899],[140.31662,35.60011],[140.31668,35.60036],[140.31735,35.60056],[140.31789,35.60061],[140.31927,35.601],[140.31958,35.60103],[140.32016,35.60095],[140.32006,35.60119],[140.31968,35.60125],[140.31923,35.6012],[140.31893,35.60126]]]]},"properties":{"hoanrinKind":"保安林"}},
{"type":"Feature","geometry":{"type":"Polygon","coordinates":[[[140.273,35.59465],[140.27272,35.59446],[140.27196,35.5941],[140.27151,35.59382],[140.27058,35.59337],[140.27067,35.59318],[140.27138,35.5935],[140.27163,35.59371],[140.27276,35.59428],[140.27301,35.59429],[140.27322,35.59448],[140.27398,35.59488],[140.27386,35.59502],[140.27316,35.59468],[140.273,35.59465]]]},"properties":{"hoanrinKind":"保安林"}},
{"type":"Feature","geometry":{"type":"MultiPolygon","coordinates":[[[[140.27872,35.59751],[140.27738,35.59685],[140.27698,35.59662],[140.2771,35.5965],[140.2788,35.59739],[140.27872,35.59751]]],[[[140.2843,35.60161],[140.2843,35.60193],[140.28396,35.602],[140.28358,35.60191],[140.28312,35.6017],[140.28333,35.60136],[140.28323,35.60112],[140.28332,35.60078],[140.28313,35.60041],[140.2828,35.59996],[140.28278,35.59958],[140.28284,35.59861],[140.283,35.59818],[140.28295,35.59788],[140.28251,35.59697],[140.28257,35.59649],[140.28243,35.59602],[140.28213,35.59601],[140.28188,35.59624],[140.28144,35.59614],[140.28146,35.59595],[140.28123,35.59569],[140.28176,35.59573],[140.28225,35.59556],[140.28253,35.59528],[140.28253,35.59514],[140.28178,35.59437],[140.28152,35.59436],[140.28083,35.59532],[140.28057,35.59559],[140.27957,35.59685],[140.2792,35.59739],[140.27897,35.59739],[140.27972,35.5964],[140.28122,35.59435],[140.28152,35.594],[140.28147,35.59377],[140.28097,35.59337],[140.2803,35.59312],[140.27957,35.59267],[140.27925,35.59221],[140.2798,35.59236],[140.28082,35.59287],[140.28117,35.59309],[140.28282,35.59427],[140.28309,35.59437],[140.28347,35.59407],[140.28378,35.59368],[140.28446,35.5932],[140.28494,35.59281],[140.28549,35.5921],[140.28556,35.59261],[140.28543,35.59294],[140.2851,35.59326],[140.28429,35.59366],[140.28395,35.59398],[140.28363,35.59451],[140.28341,35.59472],[140.28278,35.59494],[140.28281,35.5954],[140.28272,35.59589],[140.28284,35.59607],[140.28289,35.59655],[140.28287,35.59717],[140.28349,35.59827],[140.28348,35.59854],[140.28322,35.59881],[140.28312,35.59905],[140.28325,35.59986],[140.28347,35.60026],[140.28355,35.60071],[140.28386,35.6011],[140.28411,35.60131],[140.2843,35.60161]]]]},"properties":{"hoanrinKind":"保安林"}},
{"type":"Feature","geometry":{"type":"MultiPolygon","coordinates":[[[[140.31046,35.60198],[140.31001,35.60215],[140.30976,35.60216],[140.30922,35.60197],[140.30861,35.60146],[140.30874,35.60116],[140.30995,35.60135],[140.31059,35.60129],[140.31085,35.60108],[140.31108,35.60027],[140.3114,35.60048],[140.31173,35.60097],[140.31167,35.60111],[140.31127,35.60145],[140.31141,35.60162],[140.31167,35.60164],[140.31211,35.60141],[140.31287,35.6017],[140.31319,35.60169],[140.3133,35.60119],[140.31348,35.60101],[140.31425,35.60087],[140.31487,35.60084],[140.31588,35.60089],[140.31595,35.60105],[140.31384,35.60154],[140.31341,35.60191],[140.31282,35.60208],[140.31198,35.60203],[140.31168,35.60248],[140.3112,35.6025],[140.31093,35.60233],[140.31093,35.60205],[140.31046,35.60198]]],[[[140.30207,35.60419],[140.30199,35.60404],[140.30222,35.60331],[140.30287,35.59974],[140.30292,35.59907],[140.30287,35.59723],[140.30276,35.59708],[140.30184,35.5971],[140.30053,35.59718],[140.30053,35.59708],[140.30274,35.59694],[140.30287,35.59666],[140.30281,35.59561],[140.30284,35.59466],[140.30308,35.59467],[140.30311,35.59598],[140.30305,35.59667],[140.30328,35.59683],[140.30472,35.59677],[140.307,35.59665],[140.30706,35.59628],[140.30748,35.59625],[140.30799,35.5963],[140.30811,35.59604],[140.3084,35.59631],[140.30891,35.59742],[140.30944,35.59783],[140.31004,35.59839],[140.31067,35.59934],[140.31099,35.59994],[140.31079,35.59998],[140.3105,35.59971],[140.31013,35.59912],[140.30968,35.59812],[140.30947,35.59806],[140.308,35.5984],[140.3074,35.5985],[140.30727,35.59841],[140.30724,35.59784],[140.30842,35.59778],[140.30851,35.5977],[140.30852,35.59725],[140.30744,35.59687],[140.30686,35.59683],[140.3058,35.59692],[140.30548,35.59689],[140.30492,35.59695],[140.30407,35.59697],[140.30325,35.59703],[140.3031,35.59723],[140.30309,35.59847],[140.30315,35.59942],[140.30302,35.60043],[140.30309,35.60059],[140.30483,35.60069],[140.3062,35.60082],[140.30739,35.60103],[140.30738,35.60117],[140.30671,35.60105],[140.30537,35.60089],[140.30388,35.60081],[140.30308,35.60073],[140.30283,35.60099],[140.30269,35.60185],[140.3026,35.6028],[140.30243,35.60352],[140.30215,35.60414],[140.30207,35.60419]]],[[[140.31731,35.60243],[140.31717,35.60256],[140.31692,35.60418],[140.31656,35.60423],[140.31653,35.60408],[140.31669,35.60287],[140.31681,35.60227],[140.31719,35.60143],[140.31773,35.60177],[140.31845,35.60201],[140.31912,35.60205],[140.31962,35.60202],[140.32025,35.60184],[140.3204,35.60219],[140.32037,35.60286],[140.32015,35.60287],[140.31981,35.60265],[140.31968,35.60239],[140.31874,35.60237],[140.31779,35.60224],[140.31731,35.60243]]]]},"properties":{"hoanrinKind":"保安林"}},
{"type":"Feature","geometry":{"type":"Polygon","coordinates":[[[140.26382,35.60599],[140.26368,35.60612],[140.26299,35.60591],[140.26251,35.6059],[140.26246,35.60543],[140.26185,35.60411],[140.26158,35.60401],[140.26097,35.60327],[140.26086,35.60308],[140.26086,35.60256],[140.26103,35.60204],[140.26106,35.60164],[140.26135,35.60088],[140.26185,35.6005],[140.26186,35.60095],[140.2614,35.60155],[140.26138,35.60201],[140.26119,35.6027],[140.26131,35.60298],[140.26159,35.6032],[140.26165,35.60341],[140.26193,35.6035],[140.26241,35.60298],[140.26284,35.60227],[140.26306,35.60251],[140.26412,35.60307],[140.26529,35.60365],[140.26544,35.60378],[140.26578,35.6037],[140.26651,35.60276],[140.26662,35.60285],[140.26587,35.60383],[140.266,35.60401],[140.2683,35.60521],[140.26825,35.60527],[140.26713,35.60471],[140.26638,35.60423],[140.26606,35.60416],[140.26582,35.60435],[140.26538,35.60436],[140.26472,35.60522],[140.26445,35.60515],[140.26421,35.60552],[140.26382,35.60599]],[[140.26203,35.60352],[140.26208,35.60368],[140.26246,35.60399],[140.26244,35.60448],[140.26298,35.60474],[140.26358,35.60462],[140.26406,35.60418],[140.26454,35.60361],[140.26436,35.60338],[140.26294,35.60263],[140.26267,35.60269],[140.26203,35.60352]]]},"properties":{"hoanrinKind":"保安林"}},
{"type":"Feature","geometry":{"type":"Polygon","coordinates":[[[140.27969,35.60301],[140.28254,35.60451],[140.28297,35.6047],[140.28555,35.60606],[140.28542,35.6062],[140.28432,35.60559],[140.28364,35.6053],[140.28087,35.60382],[140.2806,35.60372],[140.27921,35.60301],[140.27898,35.603],[140.27822,35.604],[140.27806,35.60394],[140.27867,35.60315],[140.27873,35.60291],[140.27835,35.6025],[140.27843,35.60239],[140.27969,35.60301]]]},"properties":{"hoanrinKind":"保安林"}},
{"type":"Feature","geometry":{"type":"Polygon","coordinates":[[[140.27294,35.60556],[140.27279,35.60567],[140.27209,35.60658],[140.27192,35.60651],[140.27305,35.60507],[140.27394,35.60389],[140.27437,35.60339],[140.27492,35.60261],[140.27584,35.6014],[140.27591,35.60109],[140.2761,35.60106],[140.27737,35.59941],[140.27757,35.59964],[140.2774,35.59974],[140.27693,35.60029],[140.27631,35.60116],[140.27639,35.60135],[140.27696,35.60165],[140.27686,35.60177],[140.27624,35.60141],[140.27604,35.60143],[140.27571,35.60182],[140.27539,35.60232],[140.27492,35.60287],[140.27423,35.60388],[140.27294,35.60556]]]},"properties":{"hoanrinKind":"保安林"}},
{"type":"Feature","geometry":{"type":"Polygon","coordinates":[[[140.27855,35.61019],[140.27847,35.61007],[140.27932,35.60893],[140.27932,35.6088],[140.27819,35.60815],[140.27827,35.60801],[140.27906,35.60842],[140.27981,35.60873],[140.2806,35.60911],[140.28069,35.60941],[140.27963,35.60884],[140.27917,35.6094],[140.2787,35.61009],[140.27855,35.61019]]]},"properties":{"hoanrinKind":"保安林"}},
{"type":"Feature","geometry":{"type":"Polygon","coordinates":[[[140.31239,35.61152],[140.31201,35.61202],[140.31184,35.61208],[140.31137,35.61156],[140.31116,35.61155],[140.31104,35.61128],[140.31083,35.61131],[140.3106,35.61168],[140.31019,35.61147],[140.31048,35.61123],[140.3105,35.61107],[140.31009,35.61092],[140.30998,35.61054],[140.30912,35.6104],[140.30796,35.60981],[140.30796,35.60946],[140.30761,35.60924],[140.30737,35.60878],[140.30776,35.60874],[140.30826,35.60896],[140.30857,35.60916],[140.30929,35.60951],[140.30976,35.60965],[140.31036,35.60968],[140.31101,35.61049],[140.31131,35.6108],[140.31153,35.61114],[140.31165,35.61151],[140.31191,35.61144],[140.31216,35.61122],[140.31224,35.61048],[140.31217,35.61011],[140.31197,35.60983],[140.31224,35.60928],[140.31263,35.60933],[140.31317,35.60879],[140.31355,35.60816],[140.31382,35.6081],[140.31396,35.60769],[140.31314,35.60721],[140.31234,35.60681],[140.31079,35.6067],[140.3101,35.60719],[140.30914,35.60687],[140.30905,35.60652],[140.30947,35.60402],[140.30966,35.60405],[140.30929,35.60587],[140.30941,35.60604],[140.31001,35.60616],[140.31033,35.60607],[140.31101,35.60608],[140.31133,35.60591],[140.31164,35.60591],[140.31213,35.60603],[140.3127,35.60591],[140.31333,35.60594],[140.31366,35.60586],[140.31402,35.6056],[140.31471,35.60528],[140.31447,35.60584],[140.31403,35.60623],[140.31354,35.60677],[140.3135,35.60699],[140.31533,35.6076],[140.31544,35.60785],[140.31522,35.60815],[140.31483,35.60826],[140.31454,35.60825],[140.31404,35.6084],[140.31361,35.60863],[140.3133,35.60907],[140.31286,35.60941],[140.31254,35.60978],[140.31255,35.6102],[140.31265,35.61046],[140.31255,35.61124],[140.31239,35.61152]]]},"properties":{"hoanrinKind":"保安林"}},
{"type":"Feature","geometry":{"type":"Polygon","coordinates":[[[140.28746,35.61377],[140.28749,35.61481],[140.2871,35.61524],[140.28692,35.61501],[140.28722,35.61455],[140.28729,35.61429],[140.28726,35.61389],[140.28709,35.61363],[140.28678,35.61366],[140.2864,35.61318],[140.28623,35.61307],[140.28594,35.61319],[140.28585,35.61284],[140.28556,35.61253],[140.28522,35.61242],[140.28504,35.61203],[140.28464,35.6114],[140.28467,35.61119],[140.2852,35.61102],[140.28533,35.61083],[140.28517,35.61017],[140.28496,35.6101],[140.28457,35.61037],[140.28396,35.61019],[140.2837,35.61039],[140.28326,35.60992],[140.28341,35.60973],[140.28388,35.60972],[140.28408,35.60985],[140.28454,35.60986],[140.28503,35.60945],[140.28547,35.60929],[140.28565,35.60886],[140.28589,35.60886],[140.28601,35.6095],[140.28594,35.60991],[140.28565,35.61006],[140.28546,35.61037],[140.28556,35.6112],[140.28604,35.61153],[140.28647,35.61151],[140.28681,35.6116],[140.2871,35.61218],[140.28735,35.6123],[140.28707,35.61261],[140.28746,35.61377]]]},"properties":{"hoanrinKind":"保安林"}},
{"type":"Feature","geometry":{"type":"MultiPolygon","coordinates":[[[[140.27927,35.61438],[140.27882,35.61378],[140.27791,35.61306],[140.27669,35.61285],[140.27638,35.61273],[140.27599,35.61233],[140.27581,35.61199],[140.27493,35.61128],[140.2733,35.60966],[140.2728,35.60949],[140.27248,35.60912],[140.27221,35.6093],[140.27217,35.60886],[140.27193,35.60877],[140.27142,35.6088],[140.27041,35.6081],[140.26933,35.60751],[140.26929,35.60741],[140.26859,35.60697],[140.26893,35.60693],[140.26949,35.60598],[140.27003,35.60628],[140.26995,35.60654],[140.26962,35.60697],[140.26962,35.60715],[140.27043,35.60769],[140.27067,35.60781],[140.27108,35.6078],[140.27111,35.60804],[140.27157,35.6083],[140.27229,35.60844],[140.27276,35.6086],[140.27306,35.60856],[140.27412,35.60756],[140.27515,35.60692],[140.27512,35.60657],[140.27492,35.60621],[140.27538,35.60577],[140.27556,35.6057],[140.27578,35.60535],[140.27649,35.60553],[140.27624,35.60636],[140.27582,35.60636],[140.27577,35.6067],[140.27731,35.60749],[140.27723,35.60761],[140.27634,35.60727],[140.27596,35.60728],[140.27568,35.60742],[140.27501,35.60807],[140.27413,35.6087],[140.27339,35.6093],[140.27331,35.60943],[140.27355,35.60977],[140.27509,35.61123],[140.27536,35.61123],[140.27648,35.61045],[140.2767,35.61053],[140.2767,35.61075],[140.27626,35.61146],[140.27635,35.61167],[140.27674,35.61198],[140.27719,35.61218],[140.27759,35.61186],[140.27838,35.61233],[140.27825,35.61263],[140.27879,35.61307],[140.27954,35.61279],[140.2797,35.61296],[140.27986,35.61361],[140.27947,35.61399],[140.2796,35.61424],[140.27927,35.61438]]],[[[140.27998,35.61519],[140.28012,35.6156],[140.27989,35.6159],[140.28007,35.61657],[140.28023,35.61771],[140.27982,35.61668],[140.27984,35.61634],[140.2797,35.61533],[140.27998,35.61519]]],[[[140.28161,35.61933],[140.28162,35.61992],[140.28125,35.62008],[140.28099,35.62009],[140.28083,35.61962],[140.28055,35.6186],[140.28076,35.61857],[140.28098,35.61889],[140.2811,35.61925],[140.28136,35.61929],[140.28164,35.61895],[140.28202,35.61863],[140.28251,35.61833],[140.28291,35.61824],[140.28359,35.6179],[140.28379,35.61804],[140.28309,35.61838],[140.28291,35.61839],[140.28242,35.61867],[140.28228,35.61892],[140.28187,35.61905],[140.28161,35.61933]]]]},"properties":{"hoanrinKind":"保安林"}},
{"type":"Feature","geometry":{"type":"Polygon","coordinates":[[[140.30908,35.62133],[140.30906,35.62222],[140.30918,35.62236],[140.30884,35.6225],[140.3089,35.62157],[140.30871,35.62141],[140.30887,35.6211],[140.30896,35.61847],[140.3091,35.6155],[140.30903,35.61495],[140.30894,35.61476],[140.30853,35.61426],[140.30836,35.61376],[140.3083,35.61323],[140.30834,35.61283],[140.30869,35.61268],[140.30976,35.61196],[140.31006,35.61203],[140.30947,35.61241],[140.30944,35.61265],[140.30908,35.6129],[140.30884,35.61334],[140.30935,35.61399],[140.30981,35.61445],[140.31097,35.6151],[140.31147,35.61522],[140.31172,35.61545],[140.31189,35.61588],[140.31257,35.61584],[140.31331,35.61621],[140.31342,35.61637],[140.31327,35.6167],[140.31351,35.6168],[140.31461,35.6168],[140.31546,35.61694],[140.31578,35.61711],[140.31589,35.61774],[140.31545,35.618],[140.31386,35.61917],[140.31318,35.61949],[140.31289,35.61933],[140.31236,35.61934],[140.31197,35.61927],[140.30934,35.61922],[140.30914,35.61939],[140.30913,35.62091],[140.30908,35.62133]],[[140.3112,35.61907],[140.31224,35.6191],[140.31242,35.61893],[140.31297,35.61893],[140.31335,35.61848],[140.31381,35.61817],[140.31445,35.61786],[140.31455,35.61765],[140.31406,35.61738],[140.31277,35.61709],[140.31266,35.61698],[140.31246,35.61637],[140.31193,35.61629],[140.31167,35.61656],[140.3114,35.6166],[140.31105,35.61648],[140.311,35.61619],[140.31048,35.61594],[140.31037,35.61533],[140.31004,35.61503],[140.30936,35.61501],[140.30923,35.61515],[140.30923,35.61629],[140.30949,35.61646],[140.30945,35.61716],[140.30926,35.61728],[140.30916,35.61827],[140.30915,35.61883],[140.30921,35.61898],[140.30974,35.61906],[140.31065,35.61907],[140.31083,35.61893],[140.3112,35.61907]]]},"properties":{"hoanrinKind":"保安林"}},
{"type":"Feature","geometry":{"type":"MultiPolygon","coordinates":[[[[140.29756,35.6083],[140.29675,35.60825],[140.29648,35.60794],[140.29634,35.60751],[140.29597,35.60672],[140.2953,35.60568],[140.2957,35.60578],[140.29592,35.60601],[140.29606,35.6063],[140.29658,35.60709],[140.29708,35.60805],[140.29756,35.6083]]],[[[140.2951,35.60878],[140.2952,35.60896],[140.29473,35.60907],[140.29426,35.60864],[140.29319,35.6078],[140.29346,35.60769],[140.29363,35.60778],[140.29367,35.60805],[140.29403,35.60825],[140.29464,35.60874],[140.2951,35.60878]]],[[[140.30068,35.60965],[140.30052,35.60979],[140.30042,35.61019],[140.30039,35.61079],[140.30049,35.61117],[140.30092,35.61147],[140.30078,35.61157],[140.30036,35.61123],[140.29984,35.6112],[140.29982,35.60987],[140.29998,35.60905],[140.29979,35.60881],[140.29974,35.60853],[140.29996,35.60849],[140.30046,35.60874],[140.30067,35.6086],[140.30076,35.60837],[140.30086,35.60724],[140.30089,35.60633],[140.30096,35.60579],[140.30086,35.60565],[140.30025,35.60538],[140.29663,35.60344],[140.29622,35.60357],[140.29612,35.60405],[140.29592,35.60411],[140.29578,35.60389],[140.29553,35.6038],[140.29589,35.6034],[140.29707,35.60227],[140.29713,35.6023],[140.29653,35.6029],[140.29644,35.60322],[140.29767,35.60388],[140.29852,35.6043],[140.29941,35.60465],[140.29986,35.60495],[140.30078,35.60543],[140.30108,35.60532],[140.3012,35.60547],[140.3011,35.60634],[140.30108,35.60682],[140.30088,35.6092],[140.301,35.60943],[140.3015,35.60957],[140.30319,35.60966],[140.30383,35.60974],[140.3038,35.60989],[140.30292,35.6098],[140.30159,35.60974],[140.30068,35.60965]]],[[[140.30137,35.61355],[140.30189,35.61437],[140.30237,35.61497],[140.30231,35.61511],[140.30166,35.61433],[140.30137,35.61355]]],[[[140.30314,35.61811],[140.30281,35.61846],[140.30257,35.61838],[140.30262,35.61804],[140.30203,35.61775],[140.30274,35.61681],[140.30294,35.61662],[140.30311,35.6169],[140.30349,35.61689],[140.30375,35.61677],[140.30386,35.61655],[140.30373,35.61573],[140.30338,35.61518],[140.30279,35.61447],[140.30269,35.61395],[140.30233,35.6132],[140.30201,35.61273],[140.30171,35.61202],[140.30167,35.61157],[140.30172,35.61124],[140.30236,35.61119],[140.30261,35.61124],[140.30266,35.6118],[140.30281,35.61215],[140.30325,35.61265],[140.30354,35.61327],[140.30361,35.61381],[140.30399,35.61465],[140.30439,35.61507],[140.30471,35.61523],[140.30493,35.61517],[140.307,35.61473],[140.30716,35.61487],[140.30711,35.61517],[140.30599,35.6153],[140.30512,35.61563],[140.30473,35.61549],[140.30429,35.61559],[140.30413,35.61584],[140.30428,35.61651],[140.30459,35.61654],[140.30479,35.61684],[140.30475,35.61765],[140.30457,35.61778],[140.30313,35.61778],[140.30314,35.61811]]],[[[140.30607,35.62578],[140.30613,35.62599],[140.30535,35.62556],[140.30467,35.62503],[140.30386,35.62392],[140.3032,35.62272],[140.30301,35.62247],[140.30258,35.6221],[140.30255,35.62171],[140.30327,35.62108],[140.30329,35.62092],[140.30362,35.62063],[140.30368,35.62043],[140.30352,35.62008],[140.30316,35.61982],[140.30347,35.61975],[140.30379,35.6202],[140.30381,35.62067],[140.30353,35.62092],[140.30366,35.62113],[140.30465,35.62116],[140.30664,35.62129],[140.30662,35.62137],[140.30329,35.62131],[140.30309,35.62134],[140.30259,35.62184],[140.30264,35.62199],[140.30315,35.62239],[140.30334,35.62261],[140.30345,35.62296],[140.30422,35.62426],[140.30466,35.62482],[140.30536,35.6254],[140.30607,35.62578]]]]},"properties":{"hoanrinKind":"保安林"}},
{"type":"Feature","geometry":{"type":"Polygon","coordinates":[[[140.39839,35.43754],[140.39835,35.43755],[140.39819,35.43708],[140.39839,35.43754]]]},"properties":{"hoanrinKind":"保安林"}},
{"type":"Feature","geometry":{"type":"Polygon","coordinates":[[[140.40158,35.44255],[140.40185,35.44349],[140.40164,35.44352],[140.40152,35.44314],[140.40124,35.44254],[140.40091,35.44226],[140.40035,35.4424],[140.39978,35.44089],[140.4002,35.44064],[140.3998,35.43964],[140.39956,35.43961],[140.39942,35.43926],[140.39925,35.43918],[140.39828,35.43567],[140.39724,35.433],[140.39705,35.43216],[140.39585,35.42827],[140.39462,35.42468],[140.3938,35.42174],[140.39412,35.42166],[140.39376,35.42018],[140.39335,35.41946],[140.39306,35.41933],[140.39265,35.41939],[140.39265,35.41916],[140.39309,35.41896],[140.39294,35.41853],[140.39337,35.41826],[140.39349,35.41777],[140.39319,35.41698],[140.39299,35.41599],[140.3928,35.41419],[140.39308,35.41418],[140.39352,35.41763],[140.3947,35.42132],[140.39668,35.42762],[140.39702,35.42928],[140.39769,35.43195],[140.3997,35.43726],[140.40158,35.44243],[140.40158,35.44255]]]},"properties":{"hoanrinKind":"保安林"}},
{"type":"Feature","geometry":{"type":"Polygon","coordinates":[[[140.41002,35.46183],[140.41038,35.46265],[140.40973,35.46187],[140.40721,35.45858],[140.40545,35.45513],[140.40543,35.455],[140.40492,35.45408],[140.40547,35.45427],[140.40587,35.45459],[140.40639,35.45517],[140.40653,35.45562],[140.40657,35.45641],[140.40683,35.45698],[140.40719,35.45692],[140.40681,35.45542],[140.407,35.45529],[140.40725,35.45534],[140.40754,35.45607],[140.40874,35.45876],[140.40926,35.45979],[140.40921,35.46002],[140.40951,35.46063],[140.40933,35.46088],[140.40972,35.46174],[140.41002,35.46183]]]},"properties":{"hoanrinKind":"保安林"}},
{"type":"Feature","geometry":{"type":"Polygon","coordinates":[[[140.41418,35.47189],[140.41426,35.47207],[140.41367,35.47218],[140.41352,35.47208],[140.41304,35.47099],[140.41274,35.47083],[140.41245,35.47094],[140.41048,35.46673],[140.40976,35.4651],[140.40896,35.46343],[140.40877,35.46285],[140.4071,35.45927],[140.4071,35.45915],[140.41021,35.46296],[140.41102,35.46472],[140.41418,35.47189]]]},"properties":{"hoanrinKind":"保安林"}},
{"type":"Feature","geometry":{"type":"Polygon","coordinates":[[[140.41463,35.50783],[140.41438,35.50788],[140.41417,35.50743],[140.41378,35.50754],[140.41348,35.50723],[140.41399,35.50707],[140.41435,35.50736],[140.41475,35.50728],[140.41516,35.50742],[140.41518,35.50756],[140.41484,35.50765],[140.41463,35.50783]]]},"properties":{"hoanrinKind":"保安林"}},
{"type":"Feature","geometry":{"type":"Polygon","coordinates":[[[140.42454,35.50858],[140.42463,35.50882],[140.42498,35.50906],[140.42492,35.50925],[140.42424,35.50953],[140.42341,35.50867],[140.42376,35.50856],[140.42388,35.50838],[140.42365,35.50821],[140.42349,35.50784],[140.42361,35.50759],[140.42409,35.50779],[140.42404,35.50814],[140.42425,35.50843],[140.42454,35.50858]]]},"properties":{"hoanrinKind":"保安林"}},
{"type":"Feature","geometry":{"type":"Polygon","coordinates":[[[140.42448,35.51004],[140.42441,35.51008],[140.4244,35.51006],[140.42448,35.51004]]]},"properties":{"hoanrinKind":"保安林"}},
{"type":"Feature","geometry":{"type":"MultiPolygon","coordinates":[[[[140.42141,35.51168],[140.42095,35.51111],[140.4211,35.51085],[140.42099,35.51055],[140.42118,35.51047],[140.42119,35.51024],[140.42092,35.50977],[140.4212,35.50951],[140.42172,35.50947],[140.42177,35.50971],[140.422,35.50986],[140.42228,35.50966],[140.42249,35.50993],[140.4218,35.51035],[140.42175,35.51057],[140.42194,35.51076],[140.42216,35.51077],[140.42272,35.5104],[140.42274,35.51018],[140.42312,35.50996],[140.42352,35.50991],[140.42405,35.51058],[140.42353,35.5104],[140.42338,35.51045],[140.42141,35.51168]]],[[[140.42186,35.51315],[140.42167,35.5129],[140.42145,35.51286],[140.42106,35.5131],[140.42126,35.51223],[140.42119,35.51201],[140.42144,35.51187],[140.42174,35.51216],[140.42298,35.51235],[140.42253,35.51296],[140.42229,35.51313],[140.42186,35.51315]]]]},"properties":{"hoanrinKind":"保安林"}},
{"type":"Feature","geometry":{"type":"Polygon","coordinates":[[[140.41981,35.51452],[140.41959,35.51465],[140.41905,35.51528],[140.41889,35.51498],[140.41856,35.51475],[140.41825,35.51435],[140.41805,35.51429],[140.41844,35.51349],[140.41802,35.51296],[140.41847,35.51229],[140.41875,35.51251],[140.41868,35.51282],[140.4191,35.51328],[140.41903,35.51341],[140.41855,35.51366],[140.41846,35.51379],[140.41869,35.51423],[140.41906,35.51439],[140.41962,35.51425],[140.41981,35.51452]]]},"properties":{"hoanrinKind":"保安林"}},
{"type":"Feature","geometry":{"type":"Polygon","coordinates":[[[140.41212,35.51767],[140.41155,35.51785],[140.41124,35.51757],[140.41173,35.51736],[140.41132,35.51675],[140.41194,35.51633],[140.41243,35.51617],[140.41243,35.51637],[140.41224,35.51673],[140.412,35.51701],[140.41224,35.51739],[140.41212,35.51767]]]},"properties":{"hoanrinKind":"保安林"}},
{"type":"Feature","geometry":{"type":"Polygon","coordinates":[[[140.46392,35.54473],[140.46752,35.5488],[140.46752,35.54904],[140.46825,35.54985],[140.46821,35.55],[140.4687,35.55063],[140.468,35.55095],[140.46337,35.54595],[140.46267,35.54509],[140.46367,35.54445],[140.46392,35.54473]]]},"properties":{"hoanrinKind":"保安林"}},
{"type":"Feature","geometry":{"type":"Polygon","coordinates":[[[140.46975,35.55185],[140.47006,35.55187],[140.47125,35.55323],[140.47216,35.55414],[140.47275,35.55482],[140.47278,35.55494],[140.47328,35.55549],[140.47284,35.55593],[140.47022,35.55329],[140.46844,35.55142],[140.46906,35.55106],[140.46975,35.55185]]]},"properties":{"hoanrinKind":"保安林"}},
{"type":"Feature","geometry":{"type":"Polygon","coordinates":[[[140.47692,35.55932],[140.47548,35.56037],[140.4752,35.56015],[140.47463,35.55955],[140.47426,35.55924],[140.47497,35.55873],[140.47422,35.55854],[140.47406,35.55784],[140.47429,35.55763],[140.47308,35.55636],[140.47386,35.55618],[140.47473,35.55721],[140.47504,35.5575],[140.47503,35.55766],[140.47451,35.55808],[140.47486,35.55844],[140.4751,35.5584],[140.47551,35.55807],[140.47564,35.55805],[140.47606,35.55853],[140.47692,35.55932]]]},"properties":{"hoanrinKind":"保安林"}},
{"type":"Feature","geometry":{"type":"Polygon","coordinates":[[[140.48149,35.56361],[140.47996,35.56494],[140.47903,35.56413],[140.47921,35.5638],[140.47885,35.56352],[140.47857,35.56367],[140.47674,35.5617],[140.47564,35.56069],[140.4771,35.55967],[140.47729,35.5599],[140.47755,35.55984],[140.48079,35.56293],[140.48149,35.56361]]]},"properties":{"hoanrinKind":"保安林"}},
{"type":"Feature","geometry":{"type":"Polygon","coordinates":[[[140.35416,35.56438],[140.35427,35.56449],[140.3548,35.56454],[140.3555,35.56471],[140.35578,35.56483],[140.35596,35.56527],[140.35607,35.56593],[140.35567,35.56624],[140.35515,35.5664],[140.35469,35.56643],[140.35425,35.56628],[140.35366,35.56582],[140.35278,35.56572],[140.35243,35.56557],[140.3519,35.565],[140.35182,35.56465],[140.35214,35.56407],[140.35263,35.56407],[140.35293,35.56375],[140.35327,35.56393],[140.353,35.56415],[140.35301,35.56433],[140.35346,35.56435],[140.35373,35.56416],[140.35416,35.56438]]]},"properties":{"hoanrinKind":"保安林"}},
{"type":"Feature","geometry":{"type":"Polygon","coordinates":[[[140.48487,35.56702],[140.48628,35.56842],[140.48705,35.56924],[140.48794,35.57003],[140.48912,35.57129],[140.48763,35.57238],[140.48732,35.57215],[140.48627,35.57105],[140.48614,35.57099],[140.48542,35.57018],[140.48562,35.56997],[140.48533,35.56962],[140.48543,35.56942],[140.48422,35.56831],[140.48358,35.56778],[140.48245,35.56668],[140.48191,35.56653],[140.48158,35.56621],[140.48133,35.56621],[140.48103,35.56601],[140.48037,35.56533],[140.48039,35.56506],[140.48154,35.56415],[140.48191,35.56402],[140.48442,35.56654],[140.48487,35.56702]]]},"properties":{"hoanrinKind":"保安林"}},
{"type":"Feature","geometry":{"type":"Polygon","coordinates":[[[140.34815,35.58071],[140.34815,35.58121],[140.34789,35.58113],[140.34778,35.58069],[140.34747,35.58094],[140.34607,35.58097],[140.3459,35.5808],[140.34541,35.58063],[140.34517,35.58021],[140.34488,35.57999],[140.34426,35.57984],[140.34357,35.57983],[140.34324,35.57968],[140.34466,35.57933],[140.34481,35.57919],[140.34493,35.57884],[140.34491,35.5786],[140.34471,35.57849],[140.3445,35.57809],[140.34373,35.57748],[140.34412,35.57749],[140.34519,35.57781],[140.34579,35.57809],[140.3469,35.57841],[140.34704,35.57858],[140.34734,35.57866],[140.34787,35.57858],[140.34817,35.57873],[140.34824,35.57917],[140.34809,35.58043],[140.34815,35.58071]]]},"properties":{"hoanrinKind":"保安林"}},
{"type":"Feature","geometry":{"type":"MultiPolygon","coordinates":[[[[140.35099,35.58101],[140.35061,35.58054],[140.35016,35.58008],[140.35051,35.57977],[140.3507,35.57944],[140.35095,35.57957],[140.35099,35.58101]]],[[[140.34997,35.58227],[140.34927,35.58226],[140.34929,35.58211],[140.34922,35.5809],[140.34983,35.58098],[140.35002,35.58136],[140.34979,35.58152],[140.34994,35.58185],[140.34997,35.58227]]],[[[140.3501,35.58478],[140.34978,35.58467],[140.34994,35.58418],[140.35025,35.5841],[140.35056,35.58417],[140.35063,35.58432],[140.35044,35.58469],[140.3501,35.58478]]],[[[140.34897,35.58451],[140.34884,35.58463],[140.34876,35.58497],[140.34919,35.58517],[140.34939,35.5854],[140.34976,35.5855],[140.34994,35.58577],[140.3492,35.58546],[140.3487,35.58503],[140.34859,35.58466],[140.34866,35.5843],[140.34913,35.58325],[140.34916,35.58304],[140.34964,35.5831],[140.34974,35.58329],[140.34948,35.58385],[140.34963,35.58404],[140.34897,35.58451]]]]},"properties":{"hoanrinKind":"保安林"}},
{"type":"Feature","geometry":{"type":"Polygon","coordinates":[[[140.34307,35.58788],[140.34323,35.58789],[140.34327,35.58802],[140.34279,35.58789],[140.34307,35.58788]]]},"properties":{"hoanrinKind":"保安林"}},
{"type":"Feature","geometry":{"type":"Polygon","coordinates":[[[140.34009,35.58886],[140.33907,35.58876],[140.33731,35.58881],[140.33725,35.58837],[140.33772,35.58756],[140.33807,35.58718],[140.33837,35.58698],[140.33947,35.58711],[140.33953,35.58736],[140.33996,35.58773],[140.34018,35.5881],[140.34009,35.58886]]]},"properties":{"hoanrinKind":"保安林"}},
{"type":"Feature","geometry":{"type":"Polygon","coordinates":[[[140.34182,35.58782],[140.34223,35.58795],[140.34296,35.58837],[140.34249,35.58861],[140.3419,35.58854],[140.34173,35.58822],[140.34182,35.58782]]]},"properties":{"hoanrinKind":"保安林"}},
{"type":"Feature","geometry":{"type":"Polygon","coordinates":[[[140.34474,35.5902],[140.34428,35.59031],[140.34409,35.59024],[140.34365,35.5898],[140.34357,35.58953],[140.34326,35.58929],[140.34364,35.58911],[140.34383,35.5892],[140.34444,35.58978],[140.34472,35.58982],[140.34594,35.58947],[140.34627,35.58924],[140.34633,35.58898],[140.34596,35.58861],[140.34546,35.5884],[140.34509,35.58787],[140.34452,35.58731],[140.34535,35.58774],[140.34612,35.58794],[140.34673,35.58819],[140.34697,35.58835],[140.34726,35.58871],[140.34777,35.58873],[140.34868,35.58836],[140.34957,35.58823],[140.34981,35.58812],[140.34976,35.58781],[140.3495,35.58747],[140.34908,35.5871],[140.34846,35.5867],[140.34754,35.58637],[140.34692,35.58608],[140.34629,35.58592],[140.34636,35.58557],[140.3469,35.58549],[140.34739,35.58572],[140.34768,35.58595],[140.34877,35.58628],[140.34999,35.58667],[140.35068,35.58702],[140.35098,35.58705],[140.35123,35.58693],[140.35206,35.58689],[140.35222,35.58694],[140.3526,35.58752],[140.35292,35.58751],[140.35278,35.58695],[140.35282,35.58682],[140.3534,35.5864],[140.35395,35.5863],[140.35461,35.58635],[140.35521,35.58624],[140.35583,35.58637],[140.35633,35.58676],[140.35644,35.58735],[140.35624,35.58785],[140.35591,35.58801],[140.3557,35.5884],[140.35543,35.58839],[140.3551,35.58859],[140.35521,35.58887],[140.35547,35.58884],[140.35584,35.58899],[140.35495,35.58907],[140.35422,35.58929],[140.35396,35.58944],[140.35345,35.58957],[140.35312,35.58984],[140.35256,35.58997],[140.35214,35.58989],[140.3513,35.59009],[140.35087,35.58998],[140.35077,35.58982],[140.35021,35.58971],[140.34884,35.58927],[140.34855,35.58909],[140.34781,35.58884],[140.34716,35.58895],[140.34696,35.58888],[140.34557,35.58995],[140.3453,35.59018],[140.34474,35.5902]],[[140.35353,35.58849],[140.35387,35.58857],[140.35477,35.58838],[140.35494,35.58809],[140.3553,35.5879],[140.35564,35.58785],[140.35596,35.58747],[140.35586,35.58701],[140.35586,35.58669],[140.35569,35.58661],[140.35448,35.58674],[140.35413,35.58695],[140.35353,35.58741],[140.35319,35.58801],[140.35353,35.58849]]]},"properties":{"hoanrinKind":"保安林"}},
{"type":"Feature","geometry":{"type":"Polygon","coordinates":[[[140.34669,35.59513],[140.34622,35.59483],[140.34506,35.59449],[140.34448,35.59457],[140.34416,35.5945],[140.34288,35.5939],[140.34252,35.59387],[140.34219,35.59401],[140.34155,35.59459],[140.34109,35.59462],[140.34093,35.59446],[140.34096,35.59419],[140.34119,35.59398],[140.34196,35.5934],[140.34164,35.59319],[140.34101,35.59313],[140.3404,35.59334],[140.3401,35.59361],[140.33914,35.59406],[140.33897,35.59427],[140.33891,35.59496],[140.33859,35.59513],[140.33833,35.59502],[140.33818,35.59467],[140.33775,35.59463],[140.33781,35.59406],[140.33723,35.594],[140.33682,35.5939],[140.33689,35.5937],[140.33646,35.59346],[140.33666,35.59316],[140.33655,35.59303],[140.33674,35.59258],[140.33734,35.5921],[140.33719,35.59161],[140.33813,35.59141],[140.33869,35.59116],[140.33902,35.5909],[140.33935,35.59045],[140.33962,35.59023],[140.34,35.59013],[140.34038,35.59013],[140.34154,35.59044],[140.34307,35.59056],[140.34367,35.59075],[140.34425,35.59116],[140.3447,35.59134],[140.34511,35.59096],[140.34573,35.5905],[140.34656,35.59001],[140.3472,35.58976],[140.34783,35.5897],[140.35031,35.59059],[140.3505,35.59075],[140.35185,35.59085],[140.35289,35.59063],[140.35548,35.58982],[140.35629,35.58964],[140.35667,35.59036],[140.35607,35.59055],[140.35587,35.59122],[140.35562,35.59144],[140.3548,35.59141],[140.35377,35.59184],[140.35336,35.59191],[140.35274,35.59279],[140.35267,35.59317],[140.35199,35.59308],[140.35082,35.59286],[140.34976,35.59274],[140.34941,35.59281],[140.34909,35.59301],[140.34847,35.59312],[140.34743,35.59344],[140.34705,35.59379],[140.34709,35.59504],[140.34669,35.59513]],[[140.34438,35.59391],[140.34475,35.59392],[140.3447,35.59331],[140.34479,35.59289],[140.34508,35.59271],[140.34566,35.59205],[140.3452,35.59187],[140.34429,35.59225],[140.34403,35.59261],[140.34366,35.59296],[140.34371,35.59328],[140.34394,35.59358],[140.3443,35.59377],[140.34438,35.59391]]]},"properties":{"hoanrinKind":"保安林"}},
{"type":"Feature","geometry":{"type":"MultiPolygon","coordinates":[[[[140.328,35.59519],[140.32809,35.59544],[140.32736,35.59531],[140.32759,35.59512],[140.328,35.59519]]],[[[140.33122,35.5956],[140.33098,35.59539],[140.32964,35.59553],[140.32948,35.59523],[140.33004,35.59487],[140.33002,35.59469],[140.33035,35.59458],[140.33145,35.59536],[140.33122,35.5956]]],[[[140.3302,35.59686],[140.33017,35.59716],[140.33032,35.59745],[140.33025,35.59761],[140.32968,35.59777],[140.32949,35.5975],[140.32892,35.59732],[140.32793,35.59709],[140.32664,35.5962],[140.32637,35.59574],[140.32645,35.59567],[140.32697,35.59571],[140.32734,35.59582],[140.32895,35.59603],[140.32935,35.5964],[140.32945,35.59675],[140.32986,35.59686],[140.3302,35.59686]]]]},"properties":{"hoanrinKind":"保安林"}},
{"type":"Feature","geometry":{"type":"Polygon","coordinates":[[[140.34658,35.59794],[140.34651,35.59824],[140.34632,35.59845],[140.34582,35.59855],[140.34503,35.59851],[140.34501,35.59809],[140.34532,35.59783],[140.34581,35.59785],[140.34598,35.5975],[140.34571,35.59696],[140.34541,35.59667],[140.34532,35.5964],[140.34499,35.5962],[140.34474,35.59627],[140.34417,35.59664],[140.3441,35.59677],[140.34411,35.59751],[140.34398,35.59772],[140.344,35.59801],[140.34416,35.59812],[140.34323,35.59818],[140.34327,35.5973],[140.34311,35.5971],[140.34322,35.59594],[140.34362,35.59562],[140.34547,35.59585],[140.34604,35.59582],[140.34632,35.59574],[140.34654,35.59586],[140.34673,35.59619],[140.34724,35.59665],[140.34741,35.59646],[140.34768,35.5964],[140.348,35.59658],[140.34838,35.59666],[140.34854,35.59646],[140.34828,35.59605],[140.34746,35.59545],[140.34888,35.59538],[140.34929,35.59543],[140.34942,35.59504],[140.35032,35.595],[140.35159,35.59517],[140.35162,35.59556],[140.35145,35.59606],[140.35075,35.59571],[140.3505,35.5959],[140.35094,35.59612],[140.35066,35.59627],[140.34935,35.59662],[140.34852,35.59678],[140.34831,35.59698],[140.34758,35.59708],[140.34708,35.59742],[140.34689,35.59798],[140.34658,35.59794]],[[140.34568,35.5963],[140.34602,35.59675],[140.34654,35.59711],[140.34674,35.59689],[140.34631,35.5963],[140.34586,35.59616],[140.34568,35.5963]]]},"properties":{"hoanrinKind":"保安林"}},
{"type":"Feature","geometry":{"type":"Polygon","coordinates":[[[140.50369,35.58546],[140.50656,35.58785],[140.50802,35.58909],[140.51141,35.59188],[140.51329,35.59346],[140.51354,35.59364],[140.51493,35.5948],[140.51684,35.59633],[140.51774,35.59703],[140.51928,35.59831],[140.52183,35.60027],[140.52512,35.60283],[140.52585,35.60345],[140.52469,35.60441],[140.52407,35.60422],[140.5226,35.60353],[140.5216,35.60293],[140.52104,35.60257],[140.52056,35.6021],[140.5188,35.60046],[140.51809,35.59991],[140.51678,35.59878],[140.51494,35.59745],[140.5129,35.5957],[140.51137,35.59448],[140.50862,35.59234],[140.50665,35.59097],[140.50549,35.59007],[140.50364,35.58905],[140.50177,35.58701],[140.50054,35.58574],[140.49941,35.58463],[140.49861,35.58409],[140.49859,35.58381],[140.49792,35.58325],[140.49604,35.58216],[140.4954,35.58136],[140.495,35.58093],[140.49549,35.58076],[140.49544,35.58058],[140.49474,35.57977],[140.49437,35.57976],[140.49377,35.57897],[140.49349,35.57887],[140.49271,35.5782],[140.49182,35.57725],[140.49196,35.5771],[140.49233,35.57707],[140.49292,35.57667],[140.49367,35.57643],[140.49424,35.5769],[140.495,35.5776],[140.49577,35.57841],[140.4963,35.57902],[140.49656,35.57903],[140.49703,35.57956],[140.49741,35.57987],[140.49826,35.58067],[140.49972,35.58198],[140.50172,35.58374],[140.50246,35.58442],[140.50369,35.58546]],[[140.49851,35.58191],[140.4983,35.58212],[140.49874,35.5826],[140.49957,35.58324],[140.50049,35.58415],[140.50108,35.58445],[140.5013,35.58431],[140.50126,35.58413],[140.50055,35.58346],[140.50064,35.58322],[140.50008,35.5826],[140.4991,35.58162],[140.49889,35.58146],[140.49851,35.58174],[140.49851,35.58191]]]},"properties":{"hoanrinKind":"保安林"}},
{"type":"Feature","geometry":{"type":"Polygon","coordinates":[[[140.52333,35.60452],[140.52428,35.60526],[140.52433,35.60563],[140.52321,35.60468],[140.52333,35.60452]]]},"properties":{"hoanrinKind":"保安林"}},
{"type":"Feature","geometry":{"type":"Polygon","coordinates":[[[140.52613,35.60368],[140.52826,35.60547],[140.52841,35.60562],[140.53118,35.60792],[140.53012,35.60884],[140.52943,35.60847],[140.52899,35.6081],[140.52634,35.60637],[140.52524,35.60555],[140.52529,35.60504],[140.52496,35.60457],[140.52608,35.60364],[140.52613,35.60368]]]},"properties":{"hoanrinKind":"保安林"}},
{"type":"Feature","geometry":{"type":"Polygon","coordinates":[[[140.52434,35.61048],[140.52457,35.61057],[140.52521,35.61121],[140.52409,35.61074],[140.52409,35.61058],[140.52385,35.61043],[140.52345,35.61052],[140.523,35.61023],[140.52307,35.60996],[140.52271,35.60976],[140.52287,35.60927],[140.52316,35.60964],[140.52351,35.60953],[140.52392,35.61019],[140.52434,35.61048]]]},"properties":{"hoanrinKind":"保安林"}},
{"type":"Feature","geometry":{"type":"Polygon","coordinates":[[[140.52969,35.61202],[140.52977,35.61206],[140.5299,35.61218],[140.52962,35.61205],[140.52969,35.61202]]]},"properties":{"hoanrinKind":"保安林"}},
{"type":"Feature","geometry":{"type":"Polygon","coordinates":[[[140.53959,35.61456],[140.54132,35.61588],[140.54146,35.61603],[140.54062,35.61679],[140.54049,35.617],[140.54059,35.61725],[140.54033,35.61745],[140.53936,35.61689],[140.53837,35.61627],[140.5364,35.61515],[140.53551,35.61455],[140.53518,35.61452],[140.53499,35.61481],[140.53437,35.61481],[140.53435,35.61503],[140.5345,35.6152],[140.535,35.61529],[140.53523,35.61546],[140.53528,35.61576],[140.53581,35.61608],[140.53561,35.61625],[140.53478,35.61583],[140.53436,35.61552],[140.5337,35.61519],[140.53346,35.61525],[140.53323,35.61515],[140.53285,35.61475],[140.53258,35.6148],[140.53256,35.61447],[140.5329,35.61443],[140.53288,35.61424],[140.53263,35.61415],[140.53241,35.61389],[140.53273,35.61357],[140.53238,35.61329],[140.53233,35.6122],[140.53238,35.61201],[140.53338,35.61086],[140.53403,35.61032],[140.53583,35.61164],[140.53726,35.61286],[140.53959,35.61456]]]},"properties":{"hoanrinKind":"保安林"}},
{"type":"Feature","geometry":{"type":"Polygon","coordinates":[[[140.51048,35.61826],[140.51023,35.61874],[140.51,35.61872],[140.51009,35.61836],[140.5098,35.61825],[140.50923,35.61835],[140.50958,35.61776],[140.50934,35.61761],[140.50942,35.61737],[140.50971,35.6172],[140.50984,35.61728],[140.50988,35.61764],[140.51022,35.61773],[140.51048,35.61826]]]},"properties":{"hoanrinKind":"保安林"}},
{"type":"Feature","geometry":{"type":"Polygon","coordinates":[[[140.51683,35.62389],[140.51656,35.62388],[140.51608,35.62364],[140.51594,35.62343],[140.51553,35.62332],[140.5149,35.62287],[140.51501,35.62274],[140.51554,35.62291],[140.5159,35.62285],[140.51643,35.62349],[140.51683,35.62389]]]},"properties":{"hoanrinKind":"保安林"}},
{"type":"Feature","geometry":{"type":"Polygon","coordinates":[[[140.34971,35.62434],[140.34916,35.62432],[140.34891,35.62385],[140.34885,35.62352],[140.34902,35.62326],[140.34951,35.62307],[140.34954,35.62277],[140.34905,35.6228],[140.34898,35.62246],[140.34897,35.6216],[140.34881,35.62138],[140.34881,35.62114],[140.34858,35.62052],[140.3485,35.62003],[140.34934,35.6201],[140.35044,35.62043],[140.35074,35.62062],[140.35034,35.62118],[140.3499,35.62143],[140.3504,35.62265],[140.35046,35.62332],[140.35062,35.62408],[140.35047,35.62424],[140.35015,35.62406],[140.34999,35.62383],[140.34952,35.62376],[140.34971,35.62434]]]},"properties":{"hoanrinKind":"保安林"}},
{"type":"Feature","geometry":{"type":"Polygon","coordinates":[[[140.55129,35.62531],[140.5506,35.62572],[140.55045,35.62575],[140.5498,35.62524],[140.54925,35.62546],[140.54873,35.62503],[140.54905,35.62473],[140.54891,35.6246],[140.54907,35.62419],[140.548,35.62343],[140.54775,35.62352],[140.54693,35.6231],[140.54712,35.62289],[140.54649,35.62233],[140.54599,35.62201],[140.54588,35.62181],[140.54532,35.6214],[140.54455,35.62071],[140.54244,35.61899],[140.54148,35.61825],[140.54083,35.61784],[140.54068,35.61764],[140.54087,35.61741],[140.54138,35.61704],[140.54201,35.61701],[140.54235,35.61672],[140.54537,35.61877],[140.54537,35.61892],[140.54436,35.61975],[140.54437,35.62002],[140.54462,35.62004],[140.54564,35.61917],[140.54583,35.6191],[140.54841,35.62101],[140.55023,35.62232],[140.55304,35.62449],[140.55284,35.6247],[140.55248,35.6248],[140.55212,35.62466],[140.55178,35.62476],[140.55136,35.62457],[140.55062,35.62387],[140.54989,35.62322],[140.54978,35.62346],[140.55042,35.62418],[140.55132,35.62507],[140.55129,35.62531]]]},"properties":{"hoanrinKind":"保安林"}},
{"type":"Feature","geometry":{"type":"Polygon","coordinates":[[[140.55354,35.62518],[140.55394,35.62545],[140.55462,35.62611],[140.55443,35.62636],[140.55401,35.62669],[140.55371,35.62665],[140.55349,35.62649],[140.55256,35.62563],[140.5527,35.62541],[140.55354,35.62518]]]},"properties":{"hoanrinKind":"保安林"}},
{"type":"Feature","geometry":{"type":"Polygon","coordinates":[[[140.33871,35.62716],[140.33844,35.62703],[140.33827,35.62676],[140.33819,35.62637],[140.33813,35.6256],[140.3379,35.62519],[140.33762,35.62496],[140.33663,35.62449],[140.33709,35.62398],[140.33787,35.62375],[140.33876,35.62371],[140.33867,35.62333],[140.33911,35.62298],[140.33932,35.62274],[140.33919,35.62241],[140.33883,35.6224],[140.33871,35.62226],[140.33906,35.62204],[140.33913,35.6215],[140.33863,35.62127],[140.3393,35.62119],[140.33982,35.62158],[140.34002,35.62231],[140.33983,35.6225],[140.34008,35.62282],[140.33932,35.62316],[140.33916,35.62338],[140.33935,35.62363],[140.3399,35.62367],[140.34077,35.62327],[140.34107,35.62323],[140.34148,35.62332],[140.34175,35.62351],[140.34184,35.62374],[140.34252,35.62381],[140.34279,35.6242],[140.34238,35.62448],[140.34267,35.62474],[140.34261,35.62504],[140.34229,35.62502],[140.34199,35.62512],[140.34181,35.62539],[140.34191,35.62583],[140.34185,35.62596],[140.34105,35.62664],[140.34052,35.62684],[140.33951,35.62692],[140.33871,35.62716]],[[140.3395,35.62387],[140.3391,35.6243],[140.3391,35.62462],[140.33889,35.62491],[140.33915,35.62531],[140.34027,35.62556],[140.34083,35.62551],[140.34114,35.62509],[140.3414,35.62445],[140.34152,35.62431],[140.34149,35.62354],[140.34122,35.62343],[140.34022,35.6239],[140.3395,35.62387]]]},"properties":{"hoanrinKind":"保安林"}},
{"type":"Feature","geometry":{"type":"Polygon","coordinates":[[[140.55329,35.63218],[140.55202,35.63134],[140.55129,35.63076],[140.55157,35.63067],[140.55297,35.63183],[140.55317,35.63186],[140.55368,35.63147],[140.55389,35.63161],[140.55329,35.63218]]]},"properties":{"hoanrinKind":"保安林"}},
{"type":"Feature","geometry":{"type":"Polygon","coordinates":[[[140.56697,35.63415],[140.5668,35.63441],[140.56591,35.63515],[140.56444,35.63408],[140.56378,35.63375],[140.56353,35.63354],[140.56307,35.63379],[140.56251,35.63345],[140.56273,35.63307],[140.56256,35.63283],[140.56235,35.63291],[140.56204,35.6333],[140.56191,35.63332],[140.56136,35.63299],[140.56155,35.6326],[140.5615,35.63231],[140.56121,35.63214],[140.56085,35.63226],[140.56036,35.6329],[140.56008,35.63303],[140.55977,35.63297],[140.55983,35.63252],[140.5597,35.63232],[140.55931,35.63214],[140.55903,35.63222],[140.55857,35.63202],[140.55836,35.63215],[140.55838,35.63254],[140.55813,35.63245],[140.5581,35.63198],[140.558,35.6318],[140.5575,35.63132],[140.55725,35.63135],[140.55685,35.63159],[140.55641,35.63147],[140.5563,35.63166],[140.55598,35.63145],[140.5563,35.63115],[140.5562,35.63098],[140.55628,35.63072],[140.55705,35.63008],[140.55806,35.62917],[140.55889,35.62831],[140.55913,35.62848],[140.55913,35.62867],[140.5596,35.629],[140.56697,35.63415]],[[140.56034,35.63165],[140.5608,35.63127],[140.56018,35.63084],[140.55973,35.63047],[140.55915,35.63097],[140.55984,35.63147],[140.55998,35.63143],[140.56034,35.63165]]]},"properties":{"hoanrinKind":"保安林"}},
{"type":"Feature","geometry":{"type":"Polygon","coordinates":[[[140.58042,35.64354],[140.57969,35.64435],[140.57906,35.64399],[140.57895,35.64379],[140.57845,35.6435],[140.57797,35.64337],[140.57775,35.64363],[140.57753,35.64355],[140.57709,35.64385],[140.57694,35.64378],[140.57643,35.64417],[140.57609,35.64395],[140.57571,35.64399],[140.57569,35.64366],[140.57545,35.64363],[140.5753,35.64308],[140.5757,35.64261],[140.57573,35.64244],[140.57541,35.64199],[140.57499,35.64165],[140.57479,35.64168],[140.57412,35.6423],[140.57389,35.64231],[140.5737,35.64251],[140.57306,35.64213],[140.57319,35.64182],[140.57371,35.64206],[140.57389,35.64196],[140.57442,35.64133],[140.57344,35.64056],[140.57328,35.64034],[140.57451,35.63923],[140.57597,35.64021],[140.57602,35.64101],[140.5761,35.64133],[140.57685,35.64186],[140.57701,35.64191],[140.57757,35.64156],[140.5778,35.64159],[140.58042,35.64354]]]},"properties":{"hoanrinKind":"保安林"}},
{"type":"Feature","geometry":{"type":"Polygon","coordinates":[[[140.43203,35.64471],[140.43175,35.64501],[140.43139,35.64508],[140.43101,35.64497],[140.4306,35.64449],[140.43068,35.64417],[140.43031,35.64398],[140.43005,35.64406],[140.42961,35.64388],[140.42922,35.64386],[140.42886,35.6441],[140.42846,35.64423],[140.42788,35.64415],[140.42712,35.64393],[140.42663,35.64399],[140.42629,35.64387],[140.42627,35.64341],[140.42635,35.64274],[140.42656,35.64218],[140.42764,35.64271],[140.42783,35.64295],[140.42822,35.64307],[140.42923,35.64322],[140.42953,35.64313],[140.42984,35.64287],[140.43025,35.64271],[140.43098,35.64202],[140.43167,35.64179],[140.43203,35.6415],[140.4325,35.64127],[140.43273,35.64107],[140.43308,35.64107],[140.43333,35.64131],[140.43334,35.64149],[140.43303,35.64194],[140.43277,35.64204],[140.43236,35.64238],[140.43223,35.64267],[140.43221,35.64323],[140.43228,35.64364],[140.43203,35.64471]],[[140.43136,35.64446],[140.43189,35.64396],[140.43175,35.64361],[140.43199,35.64269],[140.43187,35.64252],[140.43135,35.64242],[140.4312,35.64252],[140.43079,35.64323],[140.43036,35.6434],[140.4304,35.64365],[140.43058,35.64372],[140.43136,35.64446]]]},"properties":{"hoanrinKind":"保安林"}},
{"type":"Feature","geometry":{"type":"Polygon","coordinates":[[[140.60318,35.66412],[140.60295,35.66429],[140.60243,35.66411],[140.60196,35.66418],[140.60147,35.66395],[140.60132,35.66368],[140.60099,35.66356],[140.60108,35.66327],[140.6015,35.66357],[140.60187,35.66323],[140.60205,35.66332],[140.60178,35.66358],[140.6018,35.66376],[140.60233,35.66403],[140.60318,35.66412]]]},"properties":{"hoanrinKind":"保安林"}},
{"type":"Feature","geometry":{"type":"Polygon","coordinates":[[[140.61074,35.66414],[140.61074,35.66446],[140.61007,35.66506],[140.60952,35.66511],[140.60819,35.66454],[140.6073,35.66405],[140.60697,35.66367],[140.60723,35.66334],[140.60708,35.6632],[140.60621,35.66269],[140.60608,35.66241],[140.60557,35.66228],[140.60502,35.66194],[140.60464,35.66198],[140.60433,35.66186],[140.6034,35.66133],[140.60197,35.6603],[140.60071,35.65931],[140.60014,35.65895],[140.60044,35.65857],[140.59799,35.65684],[140.59383,35.65397],[140.59426,35.65351],[140.59429,35.65333],[140.5939,35.6531],[140.59352,35.65314],[140.5928,35.65269],[140.59251,35.6527],[140.59223,35.65296],[140.59172,35.65292],[140.59155,35.65309],[140.59109,35.65285],[140.59092,35.65262],[140.59008,35.65208],[140.59029,35.65186],[140.58973,35.65143],[140.58963,35.65123],[140.58764,35.64989],[140.58721,35.64968],[140.58709,35.64978],[140.58647,35.64934],[140.58606,35.64963],[140.5857,35.64945],[140.58464,35.64938],[140.58488,35.64888],[140.5843,35.64851],[140.58447,35.64835],[140.58385,35.6479],[140.58354,35.64808],[140.58293,35.64766],[140.58313,35.64738],[140.58259,35.64677],[140.58285,35.64653],[140.58365,35.64608],[140.58386,35.64607],[140.5877,35.6485],[140.59466,35.65302],[140.5955,35.65354],[140.59659,35.65437],[140.5991,35.65619],[140.60034,35.65697],[140.60166,35.65794],[140.60199,35.65804],[140.60359,35.65902],[140.604,35.65942],[140.60649,35.66096],[140.61074,35.66414]]]},"properties":{"hoanrinKind":"保安林"}},
{"type":"Feature","geometry":{"type":"MultiPolygon","coordinates":[[[[140.60536,35.66341],[140.60534,35.66318],[140.605,35.66307],[140.60477,35.66341],[140.60425,35.66309],[140.60364,35.66265],[140.60362,35.66247],[140.60409,35.66255],[140.60529,35.66289],[140.60555,35.66301],[140.60559,35.66329],[140.60536,35.66341]]],[[[140.60629,35.66426],[140.60653,35.66434],[140.60738,35.66504],[140.60703,35.66494],[140.60629,35.66426]]],[[[140.60835,35.66522],[140.60919,35.66564],[140.6094,35.66592],[140.60983,35.66618],[140.60981,35.66632],[140.6088,35.66592],[140.60805,35.66555],[140.60835,35.66522]]]]},"properties":{"hoanrinKind":"保安林"}},
{"type":"Feature","geometry":{"type":"Polygon","coordinates":[[[140.61748,35.67309],[140.61658,35.67256],[140.61698,35.67216],[140.6178,35.67261],[140.61748,35.67309]]]},"properties":{"hoanrinKind":"保安林"}},
{"type":"Feature","geometry":{"type":"Polygon","coordinates":[[[140.61936,35.67022],[140.62112,35.6711],[140.62146,35.6714],[140.62215,35.67159],[140.62291,35.67196],[140.6217,35.67369],[140.62061,35.67288],[140.61986,35.67222],[140.61958,35.67183],[140.61904,35.67142],[140.61813,35.67102],[140.6165,35.67021],[140.61631,35.67059],[140.61577,35.67035],[140.61557,35.6705],[140.61516,35.67052],[140.61467,35.67069],[140.61418,35.67045],[140.61364,35.67025],[140.61282,35.66983],[140.61207,35.6706],[140.61183,35.67072],[140.61154,35.66994],[140.61231,35.66901],[140.61319,35.6694],[140.61398,35.6698],[140.6142,35.66959],[140.61322,35.66883],[140.61265,35.6688],[140.61446,35.66683],[140.61531,35.66736],[140.615,35.66778],[140.61644,35.66855],[140.61788,35.66945],[140.61936,35.67022]]]},"properties":{"hoanrinKind":"保安林"}},
{"type":"Feature","geometry":{"type":"Polygon","coordinates":[[[140.42519,35.67389],[140.42553,35.67435],[140.42536,35.6745],[140.4251,35.67388],[140.42473,35.67404],[140.42442,35.67342],[140.42388,35.67332],[140.42384,35.6729],[140.42345,35.67281],[140.4232,35.67319],[140.42258,35.67316],[140.42256,35.67296],[140.42235,35.67269],[140.42258,35.67256],[140.42286,35.67254],[140.42339,35.67233],[140.424,35.67223],[140.42414,35.67269],[140.42455,35.67276],[140.42483,35.67265],[140.42545,35.67325],[140.42547,35.67357],[140.42519,35.67389]]]},"properties":{"hoanrinKind":"保安林"}},
{"type":"Feature","geometry":{"type":"Polygon","coordinates":[[[140.61967,35.67471],[140.61917,35.67472],[140.61731,35.67432],[140.61725,35.67414],[140.61766,35.67371],[140.61798,35.67386],[140.6179,35.67402],[140.61845,35.67427],[140.61872,35.67418],[140.6189,35.67382],[140.61926,35.67341],[140.61989,35.67286],[140.61992,35.67275],[140.62153,35.67401],[140.62146,35.67445],[140.62126,35.6746],[140.62012,35.67409],[140.61967,35.67471]]]},"properties":{"hoanrinKind":"保安林"}},
{"type":"Feature","geometry":{"type":"Polygon","coordinates":[[[140.42647,35.67539],[140.42654,35.67565],[140.42615,35.67587],[140.42604,35.67603],[140.42599,35.67659],[140.42603,35.67679],[140.42521,35.67647],[140.42474,35.6762],[140.42398,35.67591],[140.42335,35.67552],[140.42305,35.67514],[140.42348,35.67509],[140.424,35.67481],[140.42485,35.67533],[140.42512,35.67526],[140.42539,35.67537],[140.42577,35.67538],[140.42648,35.67509],[140.42647,35.67539]]]},"properties":{"hoanrinKind":"保安林"}},
{"type":"Feature","geometry":{"type":"Polygon","coordinates":[[[140.64693,35.68581],[140.64724,35.68613],[140.64728,35.68632],[140.64707,35.68648],[140.64621,35.68598],[140.64615,35.68564],[140.64641,35.68542],[140.64665,35.6854],[140.647,35.68557],[140.64693,35.68581]]]},"properties":{"hoanrinKind":"保安林"}},
{"type":"Feature","geometry":{"type":"Polygon","coordinates":[[[140.64768,35.68509],[140.64851,35.6855],[140.64852,35.68569],[140.64828,35.68611],[140.64845,35.68647],[140.64824,35.68674],[140.64797,35.6866],[140.64834,35.68588],[140.64726,35.68527],[140.64633,35.68489],[140.64618,35.68507],[140.64545,35.68485],[140.64495,35.68503],[140.64477,35.68538],[140.64496,35.68558],[140.64472,35.68582],[140.64458,35.68555],[140.64418,35.68567],[140.64364,35.68632],[140.64339,35.68609],[140.64361,35.68589],[140.64368,35.68567],[140.64337,35.68563],[140.64312,35.68535],[140.64341,35.68501],[140.64311,35.68485],[140.6428,35.68487],[140.6428,35.68451],[140.64254,35.68432],[140.64266,35.68388],[140.64227,35.68388],[140.6421,35.6837],[140.64169,35.68374],[140.64129,35.68339],[140.64065,35.6831],[140.64004,35.68291],[140.64006,35.68263],[140.63979,35.68263],[140.63976,35.68244],[140.638,35.68176],[140.63759,35.68187],[140.63748,35.68205],[140.63723,35.68198],[140.63738,35.6816],[140.63716,35.68149],[140.63698,35.68164],[140.6366,35.68154],[140.63633,35.68167],[140.63603,35.68137],[140.63508,35.68101],[140.63503,35.68076],[140.63461,35.6805],[140.63478,35.67998],[140.63451,35.67979],[140.63402,35.68028],[140.63372,35.6801],[140.63377,35.67985],[140.6334,35.6796],[140.63364,35.67916],[140.63396,35.67878],[140.63342,35.67851],[140.63317,35.67879],[140.6324,35.67849],[140.6326,35.67792],[140.63225,35.67758],[140.63167,35.67727],[140.63147,35.67734],[140.63103,35.67775],[140.63059,35.67755],[140.62993,35.67743],[140.62993,35.67707],[140.62942,35.67711],[140.62887,35.67678],[140.62844,35.67686],[140.62777,35.67786],[140.62789,35.67797],[140.62774,35.67834],[140.62731,35.67821],[140.62768,35.6775],[140.62797,35.67747],[140.62809,35.67715],[140.62781,35.67702],[140.62776,35.67681],[140.62741,35.67681],[140.62737,35.67667],[140.62772,35.67617],[140.62757,35.67592],[140.62701,35.67664],[140.62677,35.67705],[140.62589,35.67673],[140.62583,35.67645],[140.62551,35.67635],[140.62463,35.67589],[140.62406,35.6757],[140.62335,35.67504],[140.62491,35.67295],[140.62526,35.67315],[140.62547,35.67344],[140.62799,35.67487],[140.62825,35.67494],[140.62919,35.67547],[140.63057,35.67642],[140.6304,35.67679],[140.63048,35.67695],[140.63124,35.67733],[140.63148,35.67727],[140.63177,35.67702],[140.63276,35.6775],[140.63289,35.67761],[140.63383,35.67809],[140.6368,35.67955],[140.63784,35.6801],[140.63788,35.68025],[140.63769,35.68054],[140.63771,35.68076],[140.63905,35.6815],[140.63977,35.68175],[140.64151,35.68268],[140.64211,35.68302],[140.64347,35.68367],[140.64385,35.68372],[140.64511,35.6842],[140.64546,35.68416],[140.64573,35.68425],[140.64768,35.68509]]]},"properties":{"hoanrinKind":"保安林"}},
{"type":"Feature","geometry":{"type":"Polygon","coordinates":[[[140.66429,35.69283],[140.66393,35.69311],[140.66348,35.69286],[140.6634,35.69248],[140.66154,35.6918],[140.66022,35.6914],[140.66001,35.69144],[140.65933,35.69134],[140.65943,35.69049],[140.65962,35.69032],[140.66108,35.69055],[140.66119,35.69065],[140.6646,35.69196],[140.66478,35.69196],[140.66541,35.6922],[140.66556,35.69241],[140.66551,35.69259],[140.66495,35.69253],[140.66429,35.69283]]]},"properties":{"hoanrinKind":"保安林"}},
{"type":"Feature","geometry":{"type":"Polygon","coordinates":[[[140.45783,35.69814],[140.45754,35.69792],[140.45711,35.69797],[140.45691,35.69782],[140.45709,35.69737],[140.45747,35.69752],[140.4581,35.69746],[140.4584,35.69736],[140.45943,35.69729],[140.45981,35.69711],[140.46006,35.69674],[140.46003,35.69662],[140.4601,35.6958],[140.46,35.69553],[140.45993,35.69499],[140.46044,35.69512],[140.46059,35.69554],[140.46083,35.69579],[140.46075,35.69648],[140.46041,35.69705],[140.45978,35.69747],[140.45896,35.69774],[140.45783,35.69814]]]},"properties":{"hoanrinKind":"保安林"}},
{"type":"Feature","geometry":{"type":"Polygon","coordinates":[[[140.67946,35.69998],[140.67919,35.69987],[140.678,35.69922],[140.6758,35.69816],[140.67595,35.6979],[140.67731,35.69836],[140.67951,35.69928],[140.67957,35.69939],[140.67946,35.69998]]]},"properties":{"hoanrinKind":"保安林"}},
{"type":"Feature","geometry":{"type":"Polygon","coordinates":[[[140.69138,35.69986],[140.69263,35.70031],[140.69261,35.70106],[140.69243,35.70097],[140.69166,35.70076],[140.69086,35.70036],[140.69041,35.70017],[140.6903,35.69989],[140.69008,35.6998],[140.68924,35.69972],[140.6878,35.69951],[140.68759,35.69953],[140.68745,35.69977],[140.68691,35.69977],[140.68567,35.69946],[140.68553,35.69909],[140.6853,35.69898],[140.68327,35.69852],[140.68185,35.69818],[140.67974,35.6977],[140.67934,35.698],[140.67724,35.69728],[140.67609,35.69693],[140.67599,35.69678],[140.67518,35.69633],[140.6749,35.69626],[140.67487,35.69607],[140.67456,35.6959],[140.67429,35.69597],[140.67419,35.69633],[140.67401,35.69655],[140.67264,35.69647],[140.67257,35.69583],[140.67188,35.69556],[140.67188,35.69495],[140.67153,35.69454],[140.67097,35.69402],[140.67098,35.69376],[140.67174,35.69402],[140.67244,35.69409],[140.67371,35.69454],[140.67372,35.695],[140.67402,35.69506],[140.67437,35.69478],[140.67563,35.69516],[140.682,35.69721],[140.68437,35.69787],[140.68833,35.69891],[140.68956,35.69924],[140.69138,35.69986]]]},"properties":{"hoanrinKind":"保安林"}},
{"type":"Feature","geometry":{"type":"Polygon","coordinates":[[[140.69719,35.70113],[140.69787,35.70147],[140.69774,35.70171],[140.69565,35.70145],[140.69534,35.70111],[140.69478,35.70094],[140.69437,35.70094],[140.69409,35.70079],[140.69402,35.70059],[140.69503,35.70065],[140.69589,35.70077],[140.69719,35.70113]]]},"properties":{"hoanrinKind":"保安林"}},
{"type":"Feature","geometry":{"type":"Polygon","coordinates":[[[140.68265,35.7016],[140.68268,35.70186],[140.68237,35.70206],[140.68223,35.70186],[140.68189,35.70183],[140.68181,35.70146],[140.68164,35.70123],[140.68182,35.70095],[140.68192,35.70038],[140.68222,35.70044],[140.68192,35.70088],[140.682,35.70104],[140.68228,35.70114],[140.68227,35.70156],[140.68265,35.7016]]]},"properties":{"hoanrinKind":"保安林"}},
{"type":"Feature","geometry":{"type":"Polygon","coordinates":[[[140.33758,35.70072],[140.3366,35.70067],[140.3363,35.70003],[140.33627,35.69902],[140.33604,35.69851],[140.33564,35.69833],[140.33543,35.698],[140.33525,35.69685],[140.33508,35.69654],[140.33502,35.69589],[140.3351,35.69556],[140.33529,35.69517],[140.33595,35.69449],[140.33651,35.69413],[140.33689,35.694],[140.33699,35.69432],[140.33663,35.69444],[140.33645,35.69467],[140.33607,35.69471],[140.33573,35.69488],[140.33533,35.69527],[140.3353,35.69542],[140.33562,35.69629],[140.33563,35.69726],[140.33569,35.69741],[140.33624,35.69801],[140.3366,35.69799],[140.33685,35.69836],[140.33728,35.69835],[140.33719,35.69864],[140.33728,35.69894],[140.3369,35.69914],[140.33685,35.69929],[140.33698,35.70058],[140.33758,35.70072]]]},"properties":{"hoanrinKind":"保安林"}},
{"type":"Feature","geometry":{"type":"Polygon","coordinates":[[[140.45448,35.70107],[140.45433,35.70136],[140.45363,35.70068],[140.45336,35.70058],[140.45339,35.69983],[140.45374,35.69974],[140.45416,35.69898],[140.45454,35.69901],[140.45479,35.6992],[140.45513,35.699],[140.45525,35.69858],[140.45545,35.69851],[140.45588,35.69855],[140.45627,35.69838],[140.45634,35.69856],[140.45601,35.69887],[140.45541,35.6991],[140.45524,35.69977],[140.45476,35.70014],[140.45432,35.70035],[140.45448,35.70107]]]},"properties":{"hoanrinKind":"保安林"}},
{"type":"Feature","geometry":{"type":"Polygon","coordinates":[[[140.69487,35.70528],[140.69433,35.70544],[140.69404,35.70587],[140.69373,35.70585],[140.69355,35.70564],[140.69375,35.70548],[140.69466,35.70519],[140.69487,35.70528]]]},"properties":{"hoanrinKind":"保安林"}},
{"type":"Feature","geometry":{"type":"MultiPolygon","coordinates":[[[[140.68928,35.70305],[140.68916,35.70305],[140.68921,35.70232],[140.68936,35.70214],[140.68934,35.70165],[140.68955,35.70161],[140.68957,35.70231],[140.68964,35.70245],[140.69024,35.70285],[140.69027,35.70303],[140.68928,35.70305]]],[[[140.69073,35.7056],[140.69016,35.7055],[140.6901,35.70533],[140.69031,35.70501],[140.69021,35.70477],[140.69002,35.7047],[140.68994,35.70445],[140.69066,35.70454],[140.69079,35.70451],[140.69093,35.70493],[140.69105,35.70494],[140.69115,35.70549],[140.69073,35.7056]]]]},"properties":{"hoanrinKind":"保安林"}},
{"type":"Feature","geometry":{"type":"Polygon","coordinates":[[[140.6857,35.70439],[140.68553,35.7045],[140.6852,35.70495],[140.68504,35.70489],[140.68514,35.70451],[140.68512,35.70419],[140.68498,35.704],[140.68465,35.70377],[140.68459,35.70307],[140.68489,35.70327],[140.68507,35.70363],[140.68525,35.70325],[140.68548,35.70329],[140.68558,35.70309],[140.6861,35.70318],[140.6862,35.70432],[140.6857,35.70439]]]},"properties":{"hoanrinKind":"保安林"}},
{"type":"Feature","geometry":{"type":"Polygon","coordinates":[[[140.78235,35.70669],[140.78178,35.70646],[140.78134,35.70642],[140.78095,35.70615],[140.78054,35.70554],[140.78061,35.70513],[140.78034,35.70473],[140.78,35.70461],[140.77965,35.70434],[140.77913,35.70425],[140.7789,35.70433],[140.77865,35.70419],[140.77781,35.70408],[140.77706,35.70385],[140.77675,35.70355],[140.77639,35.70331],[140.77658,35.70314],[140.77722,35.70314],[140.7801,35.70409],[140.78119,35.70463],[140.78189,35.70494],[140.78232,35.70522],[140.78255,35.70582],[140.78299,35.7063],[140.78299,35.70653],[140.78274,35.70669],[140.78235,35.70669]],[[140.78118,35.70536],[140.78121,35.70567],[140.78138,35.70594],[140.78182,35.70608],[140.78173,35.70528],[140.78141,35.70509],[140.78118,35.70536]]]},"properties":{"hoanrinKind":"保安林"}},
{"type":"Feature","geometry":{"type":"Polygon","coordinates":[[[140.45526,35.70613],[140.45529,35.70632],[140.45476,35.70629],[140.4544,35.70614],[140.45455,35.70557],[140.45449,35.70513],[140.45504,35.70533],[140.45515,35.70595],[140.45526,35.70613]]]},"properties":{"hoanrinKind":"保安林"}},
{"type":"Feature","geometry":{"type":"MultiPolygon","coordinates":[[[[140.77475,35.70506],[140.77486,35.70533],[140.77469,35.70594],[140.77494,35.70636],[140.77487,35.70673],[140.77446,35.70585],[140.77431,35.70511],[140.77418,35.70492],[140.77393,35.70491],[140.77382,35.70458],[140.77395,35.70428],[140.7743,35.70451],[140.77435,35.70476],[140.77475,35.70506]]],[[[140.77593,35.70751],[140.77542,35.70765],[140.77508,35.70747],[140.77515,35.70716],[140.77531,35.70707],[140.7756,35.70717],[140.77643,35.70698],[140.77648,35.70664],[140.77611,35.70622],[140.77583,35.70604],[140.77574,35.70559],[140.77591,35.70506],[140.77588,35.70476],[140.77532,35.70391],[140.77455,35.70387],[140.77428,35.70366],[140.77397,35.70273],[140.77382,35.70256],[140.77331,35.70264],[140.77341,35.70305],[140.7736,35.70329],[140.77366,35.70364],[140.77315,35.70415],[140.77266,35.704],[140.77318,35.70371],[140.77303,35.70333],[140.77253,35.70305],[140.77257,35.70261],[140.77221,35.70219],[140.77199,35.70207],[140.77131,35.70212],[140.77112,35.70206],[140.77091,35.7015],[140.77128,35.70141],[140.77204,35.7017],[140.77207,35.70186],[140.77244,35.70201],[140.7731,35.70196],[140.77352,35.70212],[140.77435,35.70261],[140.77476,35.70305],[140.7748,35.7033],[140.77473,35.7037],[140.77492,35.70379],[140.77527,35.70373],[140.77552,35.70382],[140.77608,35.7045],[140.77611,35.70471],[140.77589,35.70572],[140.77593,35.70586],[140.77661,35.70633],[140.77695,35.70682],[140.77684,35.70704],[140.77593,35.70751]]]]},"properties":{"hoanrinKind":"保安林"}},
{"type":"Feature","geometry":{"type":"Polygon","coordinates":[[[140.79209,35.70876],[140.79223,35.70912],[140.79184,35.70932],[140.79225,35.71001],[140.79225,35.71019],[140.79199,35.71041],[140.79225,35.71077],[140.79192,35.71076],[140.79148,35.71063],[140.79108,35.71033],[140.79096,35.71008],[140.79096,35.70933],[140.7909,35.70909],[140.79055,35.70841],[140.79012,35.70814],[140.78944,35.70787],[140.78888,35.70753],[140.78858,35.70753],[140.78846,35.70784],[140.78804,35.70805],[140.78771,35.70725],[140.7873,35.7072],[140.78685,35.70706],[140.78675,35.70695],[140.78681,35.70648],[140.78724,35.70658],[140.78952,35.70721],[140.79242,35.70817],[140.79349,35.70841],[140.79383,35.70858],[140.79403,35.70898],[140.79447,35.70942],[140.79461,35.70967],[140.79434,35.71003],[140.79394,35.70997],[140.79366,35.70954],[140.79311,35.70956],[140.79267,35.70881],[140.79243,35.70855],[140.79209,35.70876]]]},"properties":{"hoanrinKind":"保安林"}},
{"type":"Feature","geometry":{"type":"Polygon","coordinates":[[[140.81542,35.71405],[140.8148,35.71409],[140.81457,35.71396],[140.81355,35.71392],[140.813,35.71383],[140.8128,35.71365],[140.81179,35.7134],[140.81062,35.71314],[140.8097,35.71303],[140.80927,35.71293],[140.80925,35.71263],[140.80892,35.71277],[140.80824,35.71253],[140.80642,35.7121],[140.80602,35.71205],[140.80567,35.71222],[140.80515,35.71229],[140.80492,35.71202],[140.80522,35.71192],[140.8054,35.71159],[140.80597,35.7116],[140.80731,35.71188],[140.80787,35.71205],[140.80983,35.71228],[140.81066,35.71254],[140.81157,35.71259],[140.81378,35.71299],[140.81442,35.71302],[140.81581,35.71324],[140.81746,35.71337],[140.81874,35.7136],[140.81863,35.71398],[140.81841,35.71404],[140.8172,35.71379],[140.81654,35.71383],[140.8162,35.71372],[140.81581,35.71372],[140.81542,35.71405]]]},"properties":{"hoanrinKind":"保安林"}},
{"type":"Feature","geometry":{"type":"Polygon","coordinates":[[[140.83199,35.71484],[140.83178,35.71534],[140.83148,35.71576],[140.83089,35.71593],[140.83044,35.71586],[140.82982,35.7156],[140.82974,35.71538],[140.82926,35.71483],[140.82899,35.71483],[140.82858,35.71513],[140.82825,35.71514],[140.82736,35.71486],[140.82699,35.71491],[140.82676,35.71481],[140.82688,35.7145],[140.82749,35.7144],[140.82778,35.71415],[140.82829,35.71395],[140.82924,35.71383],[140.83075,35.71383],[140.83172,35.71368],[140.83267,35.71341],[140.83351,35.71358],[140.83311,35.7137],[140.83301,35.71383],[140.83318,35.71405],[140.83339,35.71406],[140.83387,35.71392],[140.83446,35.71382],[140.83508,35.71378],[140.83582,35.71335],[140.8359,35.71287],[140.83579,35.71242],[140.83555,35.71228],[140.83598,35.71211],[140.8363,35.7125],[140.83664,35.71314],[140.83704,35.71342],[140.8375,35.71358],[140.83818,35.71408],[140.83785,35.71417],[140.83652,35.714],[140.83544,35.71399],[140.83455,35.71406],[140.83343,35.7144],[140.83262,35.71446],[140.83222,35.71462],[140.83199,35.71484]]]},"properties":{"hoanrinKind":"保安林"}},
{"type":"Feature","geometry":{"type":"Polygon","coordinates":[[[140.34623,35.72878],[140.34573,35.72856],[140.3464,35.72774],[140.34666,35.72755],[140.34716,35.72773],[140.34732,35.72795],[140.34732,35.72841],[140.34664,35.72852],[140.34623,35.72878]]]},"properties":{"hoanrinKind":"保安林"}},
{"type":"Feature","geometry":{"type":"MultiPolygon","coordinates":[[[[140.49012,35.73135],[140.48993,35.7314],[140.4897,35.73105],[140.48935,35.73086],[140.48887,35.73108],[140.4885,35.73091],[140.48771,35.7312],[140.48715,35.73123],[140.48648,35.73092],[140.48638,35.73044],[140.48691,35.73076],[140.4873,35.73081],[140.48794,35.73042],[140.48841,35.73041],[140.48911,35.73065],[140.48954,35.7305],[140.49012,35.73135]]],[[[140.49016,35.73168],[140.49041,35.73183],[140.49061,35.73218],[140.49102,35.73249],[140.49021,35.73303],[140.49015,35.73274],[140.49046,35.73251],[140.4901,35.73174],[140.49016,35.73168]]],[[[140.4862,35.73205],[140.48511,35.73315],[140.48459,35.73332],[140.48433,35.73277],[140.4847,35.7323],[140.48473,35.73102],[140.48458,35.73064],[140.48448,35.7299],[140.48428,35.72903],[140.48445,35.72857],[140.48473,35.72831],[140.48524,35.72818],[140.48597,35.72821],[140.48714,35.72831],[140.48766,35.72864],[140.48763,35.72905],[140.48722,35.72939],[140.48703,35.72995],[140.48688,35.73012],[140.48665,35.73007],[140.48647,35.72983],[140.48674,35.72972],[140.48699,35.72943],[140.48736,35.72873],[140.48731,35.72855],[140.48677,35.72828],[140.48635,35.72856],[140.48631,35.72902],[140.48608,35.72931],[140.485,35.72954],[140.4849,35.72968],[140.48504,35.73009],[140.48507,35.73049],[140.48521,35.73073],[140.4852,35.73112],[140.48545,35.73151],[140.48548,35.7319],[140.48582,35.73191],[140.4862,35.73205]]]]},"properties":{"hoanrinKind":"保安林"}},
{"type":"Feature","geometry":{"type":"Polygon","coordinates":[[[140.40841,35.73308],[140.40917,35.73339],[140.40889,35.73377],[140.40867,35.73377],[140.40819,35.73337],[140.40841,35.73308]]]},"properties":{"hoanrinKind":"保安林"}},
{"type":"Feature","geometry":{"type":"Polygon","coordinates":[[[140.53069,35.73662],[140.53003,35.73667],[140.52964,35.73661],[140.52944,35.7363],[140.52929,35.73541],[140.52962,35.73528],[140.5301,35.73542],[140.53037,35.73575],[140.53053,35.73576],[140.53085,35.73556],[140.53095,35.73596],[140.53069,35.73662]]]},"properties":{"hoanrinKind":"保安林"}},
{"type":"Feature","geometry":{"type":"Polygon","coordinates":[[[140.53068,35.74205],[140.53031,35.74212],[140.52974,35.74194],[140.52983,35.74163],[140.52955,35.74152],[140.52931,35.74094],[140.52932,35.74049],[140.52897,35.74033],[140.52908,35.74006],[140.52984,35.7401],[140.53034,35.73918],[140.52997,35.73893],[140.52949,35.73896],[140.52932,35.73906],[140.52886,35.73898],[140.52884,35.73877],[140.52954,35.73841],[140.52983,35.7382],[140.52976,35.73798],[140.52931,35.73783],[140.52931,35.73772],[140.52977,35.73752],[140.53025,35.73767],[140.53065,35.73814],[140.53073,35.73834],[140.53103,35.73841],[140.53144,35.73815],[140.53214,35.73789],[140.53206,35.73821],[140.532,35.73913],[140.53184,35.73935],[140.53185,35.73987],[140.53136,35.74034],[140.53116,35.73986],[140.53097,35.73973],[140.53058,35.73984],[140.53028,35.74032],[140.53,35.74059],[140.53034,35.74103],[140.53012,35.74124],[140.53014,35.74143],[140.53058,35.7418],[140.53068,35.74205]]]},"properties":{"hoanrinKind":"保安林"}},
{"type":"Feature","geometry":{"type":"MultiPolygon","coordinates":[[[[140.35788,35.74544],[140.35823,35.74501],[140.35886,35.74472],[140.35934,35.74496],[140.35999,35.74508],[140.36035,35.74523],[140.36067,35.7455],[140.36099,35.74587],[140.36087,35.74604],[140.3603,35.74582],[140.35979,35.74623],[140.35937,35.74592],[140.35914,35.74588],[140.35898,35.74545],[140.35873,35.74533],[140.35861,35.7451],[140.35839,35.74505],[140.35788,35.74544]]],[[[140.35788,35.74544],[140.35792,35.74576],[140.35844,35.74648],[140.35837,35.74683],[140.35796,35.74722],[140.35797,35.74748],[140.35824,35.74775],[140.35809,35.74795],[140.358,35.74829],[140.35836,35.74866],[140.35871,35.74867],[140.35894,35.74847],[140.35915,35.74859],[140.35941,35.74895],[140.35974,35.74922],[140.35976,35.74944],[140.36014,35.74976],[140.36039,35.74977],[140.36083,35.7501],[140.36144,35.75046],[140.36185,35.75082],[140.36168,35.75118],[140.36124,35.75135],[140.36121,35.75155],[140.36139,35.75168],[140.36215,35.75174],[140.36247,35.75161],[140.36306,35.75163],[140.36319,35.75186],[140.36184,35.75192],[140.3613,35.75179],[140.36092,35.75157],[140.36049,35.751],[140.36045,35.75016],[140.35976,35.74985],[140.3591,35.74894],[140.35877,35.74883],[140.35836,35.74888],[140.35743,35.74831],[140.35709,35.74839],[140.35695,35.7481],[140.35711,35.74722],[140.35729,35.74681],[140.35725,35.74666],[140.35757,35.74588],[140.35788,35.74544]]]]},"properties":{"hoanrinKind":"保安林"}},
{"type":"Feature","geometry":{"type":"Polygon","coordinates":[[[140.65034,35.82942],[140.65003,35.82971],[140.64956,35.82968],[140.64939,35.82953],[140.64964,35.82937],[140.65017,35.82931],[140.65034,35.82942]]]},"properties":{"hoanrinKind":"保安林"}},
{"type":"Feature","geometry":{"type":"Polygon","coordinates":[[[140.64765,35.82976],[140.64752,35.82996],[140.64763,35.83044],[140.64734,35.83072],[140.64613,35.8305],[140.6454,35.8303],[140.64508,35.82999],[140.64501,35.8296],[140.64507,35.82936],[140.64556,35.82889],[140.64557,35.82865],[140.64628,35.82864],[140.64662,35.82859],[140.64682,35.8287],[140.64702,35.829],[140.64735,35.8291],[140.64722,35.8294],[140.64727,35.82957],[140.64804,35.82958],[140.648,35.82988],[140.64765,35.82976]]]},"properties":{"hoanrinKind":"保安林"}},
{"type":"Feature","geometry":{"type":"Polygon","coordinates":[[[140.63901,35.84606],[140.63574,35.84616],[140.63175,35.84611],[140.63099,35.84582],[140.63574,35.84572],[140.63716,35.84554],[140.63741,35.84573],[140.63849,35.8457],[140.63929,35.8457],[140.63942,35.84547],[140.64027,35.84546],[140.63997,35.84447],[140.64015,35.84358],[140.64005,35.84318],[140.63991,35.84204],[140.64044,35.84153],[140.64091,35.84133],[140.64163,35.84178],[140.64175,35.84198],[140.64165,35.84231],[140.6414,35.84241],[140.64136,35.84292],[140.64142,35.84308],[140.64183,35.84328],[140.6418,35.84356],[140.64203,35.8438],[140.64231,35.8439],[140.64233,35.84417],[140.64256,35.84441],[140.64216,35.84474],[140.64198,35.84451],[140.64159,35.84445],[140.6414,35.84432],[140.64095,35.84429],[140.64072,35.84465],[140.64066,35.84527],[140.64089,35.8456],[140.64127,35.84567],[140.64195,35.84563],[140.64236,35.84569],[140.644,35.84565],[140.64479,35.84582],[140.64473,35.84602],[140.64215,35.846],[140.63901,35.84606]]]},"properties":{"hoanrinKind":"保安林"}},
{"type":"Feature","geometry":{"type":"Polygon","coordinates":[[[140.52406,35.89734],[140.52345,35.89713],[140.52427,35.8968],[140.52429,35.89665],[140.52404,35.89618],[140.52378,35.89611],[140.52364,35.8963],[140.52343,35.89631],[140.52313,35.89615],[140.52319,35.89549],[140.52339,35.89448],[140.52368,35.89444],[140.52387,35.89486],[140.52425,35.89486],[140.52436,35.89431],[140.52479,35.89415],[140.52499,35.89447],[140.52544,35.8948],[140.52577,35.89484],[140.52603,35.89518],[140.52653,35.89563],[140.52684,35.89581],[140.52707,35.89577],[140.52755,35.8961],[140.52793,35.89612],[140.5279,35.89581],[140.52732,35.89533],[140.52673,35.89478],[140.52624,35.89412],[140.52619,35.89379],[140.5263,35.89362],[140.52684,35.89365],[140.52773,35.89382],[140.52771,35.89405],[140.5274,35.89415],[140.52734,35.89448],[140.52767,35.89491],[140.52799,35.89483],[140.52853,35.89494],[140.52906,35.89459],[140.52883,35.89504],[140.52865,35.89524],[140.5285,35.89564],[140.52815,35.89622],[140.52764,35.89684],[140.52747,35.89673],[140.52723,35.89625],[140.5268,35.89614],[140.52629,35.89609],[140.52612,35.89629],[140.52609,35.89665],[140.52551,35.89691],[140.52477,35.89705],[140.52456,35.89725],[140.52406,35.89734]],[[140.52419,35.89523],[140.52432,35.89573],[140.52473,35.89574],[140.5246,35.89517],[140.52419,35.89523]]]},"properties":{"hoanrinKind":"保安林"}},
{"type":"Feature","geometry":{"type":"Polygon","coordinates":[[[140.32541,35.14247],[140.32554,35.14261],[140.32551,35.14296],[140.3253,35.14311],[140.3254,35.14342],[140.32476,35.14343],[140.32362,35.14307],[140.32338,35.1429],[140.32327,35.14244],[140.32287,35.142],[140.32245,35.14165],[140.32169,35.14144],[140.32093,35.14133],[140.32049,35.14092],[140.32002,35.14011],[140.31979,35.13958],[140.31941,35.13921],[140.31898,35.1389],[140.31841,35.13866],[140.31788,35.13859],[140.31756,35.13871],[140.31691,35.13926],[140.31639,35.13941],[140.31516,35.13958],[140.31485,35.13955],[140.31397,35.13914],[140.31375,35.13897],[140.31365,35.1387],[140.31382,35.13858],[140.31347,35.13768],[140.31264,35.13714],[140.31231,35.13711],[140.31185,35.13741],[140.31131,35.13698],[140.3111,35.13688],[140.31118,35.13641],[140.31059,35.13576],[140.31046,35.13552],[140.31071,35.13527],[140.31134,35.13539],[140.31173,35.13562],[140.31185,35.13586],[140.31231,35.13645],[140.31257,35.13668],[140.31352,35.13727],[140.31365,35.13766],[140.31399,35.13792],[140.31431,35.13832],[140.31491,35.13847],[140.3154,35.13878],[140.31573,35.1386],[140.31634,35.13866],[140.31655,35.1386],[140.31672,35.13832],[140.31724,35.13828],[140.3177,35.13786],[140.31823,35.13777],[140.31862,35.13758],[140.3193,35.13774],[140.31974,35.13827],[140.3203,35.13859],[140.32065,35.13841],[140.32079,35.13862],[140.32057,35.13885],[140.32065,35.13907],[140.32106,35.13895],[140.32134,35.13911],[140.32128,35.1396],[140.32149,35.13971],[140.32144,35.14004],[140.32186,35.14046],[140.32187,35.14082],[140.32227,35.14091],[140.32237,35.14112],[140.32265,35.14119],[140.32274,35.14089],[140.32226,35.14043],[140.3223,35.13983],[140.32245,35.13964],[140.32275,35.1395],[140.32306,35.13909],[140.32316,35.13918],[140.32289,35.1397],[140.32295,35.14024],[140.32318,35.14026],[140.32345,35.13991],[140.32408,35.13994],[140.32437,35.13973],[140.32498,35.13981],[140.32582,35.13936],[140.32638,35.13966],[140.32659,35.13991],[140.32638,35.14009],[140.32594,35.14011],[140.32588,35.14043],[140.32612,35.1405],[140.32646,35.14087],[140.32653,35.14121],[140.32627,35.1412],[140.32582,35.14102],[140.32503,35.14091],[140.32442,35.14105],[140.3238,35.14096],[140.32343,35.14113],[140.32351,35.14146],[140.32337,35.14203],[140.3235,35.14235],[140.32377,35.14242],[140.32409,35.14207],[140.32445,35.14204],[140.32449,35.14166],[140.32488,35.14177],[140.32531,35.14155],[140.32591,35.14189],[140.32525,35.14225],[140.32541,35.14247]]]},"properties":{"hoanrinKind":"保安林"}},
{"type":"Feature","geometry":{"type":"Polygon","coordinates":[[[140.15942,35.40369],[140.15955,35.40447],[140.15909,35.40479],[140.15815,35.40495],[140.15783,35.40535],[140.15753,35.40546],[140.15706,35.40546],[140.1569,35.40526],[140.1571,35.40496],[140.15698,35.40457],[140.1566,35.40429],[140.15672,35.40394],[140.15664,35.40361],[140.15641,35.40361],[140.15648,35.4032],[140.15605,35.4031],[140.15574,35.40341],[140.15526,35.40336],[140.15546,35.4028],[140.15575,35.4025],[140.15618,35.40225],[140.15671,35.40202],[140.15673,35.4014],[140.15679,35.40108],[140.1571,35.40083],[140.15743,35.40111],[140.15756,35.40135],[140.15783,35.40147],[140.15803,35.40122],[140.15844,35.40114],[140.15866,35.40128],[140.15896,35.40205],[140.15961,35.40245],[140.15955,35.40267],[140.15984,35.40292],[140.1596,35.40317],[140.15959,35.40342],[140.15942,35.40369]]]},"properties":{"hoanrinKind":"保安林"}},
{"type":"Feature","geometry":{"type":"Polygon","coordinates":[[[140.18158,35.40532],[140.18207,35.40558],[140.18137,35.40602],[140.18085,35.40611],[140.18048,35.40592],[140.18064,35.4053],[140.1805,35.40511],[140.1801,35.40488],[140.17979,35.40504],[140.17915,35.40509],[140.17835,35.40548],[140.1783,35.4052],[140.17856,35.40414],[140.17821,35.40395],[140.17798,35.40407],[140.17791,35.40441],[140.17775,35.40468],[140.17774,35.40537],[140.1776,35.40552],[140.17724,35.4056],[140.17689,35.40554],[140.17651,35.40532],[140.17639,35.40499],[140.17621,35.40493],[140.17581,35.40502],[140.17543,35.40499],[140.17509,35.40523],[140.17465,35.40502],[140.17468,35.40476],[140.17495,35.40458],[140.17507,35.40431],[140.17515,35.40379],[140.17598,35.40339],[140.17605,35.40284],[140.1763,35.40271],[140.17653,35.4024],[140.1771,35.40262],[140.17708,35.40331],[140.17746,35.40372],[140.17764,35.40372],[140.17805,35.40339],[140.17825,35.40294],[140.17845,35.40224],[140.17868,35.40217],[140.17885,35.40266],[140.17893,35.40343],[140.17903,35.40372],[140.17957,35.40375],[140.17983,35.40405],[140.17984,35.40419],[140.18066,35.40463],[140.18115,35.40518],[140.18143,35.40511],[140.18158,35.40532]]]},"properties":{"hoanrinKind":"保安林"}},
{"type":"Feature","geometry":{"type":"Polygon","coordinates":[[[140.153,35.4074],[140.1524,35.40771],[140.15198,35.40697],[140.1519,35.40576],[140.15203,35.40513],[140.15226,35.40475],[140.1525,35.40367],[140.1525,35.40293],[140.1523,35.4021],[140.15212,35.40175],[140.15248,35.40147],[140.15209,35.40117],[140.15125,35.4009],[140.1516,35.40081],[140.15282,35.40106],[140.15419,35.40131],[140.15436,35.40142],[140.15423,35.40171],[140.15443,35.40226],[140.15411,35.40258],[140.15428,35.40321],[140.1542,35.40404],[140.15411,35.40421],[140.1537,35.40426],[140.15347,35.40454],[140.15326,35.40502],[140.15298,35.40516],[140.15288,35.40547],[140.15304,35.40569],[140.153,35.40602],[140.15333,35.40644],[140.15378,35.40682],[140.15406,35.40721],[140.15364,35.40734],[140.153,35.4074]],[[140.15297,35.40313],[140.15295,35.40334],[140.1532,35.40372],[140.15356,35.4036],[140.15315,35.40313],[140.15297,35.40313]]]},"properties":{"hoanrinKind":"保安林"}},
{"type":"Feature","geometry":{"type":"Polygon","coordinates":[[[140.40322,35.44724],[140.40302,35.44682],[140.40307,35.44583],[140.4032,35.44507],[140.40243,35.4435],[140.40122,35.44006],[140.3999,35.4369],[140.39829,35.43254],[140.39773,35.43076],[140.39726,35.42821],[140.39649,35.42568],[140.39538,35.42228],[140.39439,35.4192],[140.39382,35.41725],[140.39322,35.41313],[140.39251,35.40828],[140.39166,35.40221],[140.39137,35.39898],[140.3913,35.396],[140.39167,35.39593],[140.39172,35.3962],[140.39175,35.39747],[140.39207,35.40099],[140.39223,35.40207],[140.39237,35.40275],[140.39337,35.40785],[140.39367,35.40983],[140.39412,35.41326],[140.39478,35.41598],[140.39516,35.41767],[140.39568,35.41974],[140.39606,35.42085],[140.39684,35.42277],[140.39737,35.42473],[140.39808,35.42758],[140.39835,35.42854],[140.39948,35.43221],[140.39985,35.4336],[140.39995,35.43386],[140.40101,35.43743],[140.40154,35.43925],[140.40291,35.4433],[140.40375,35.44557],[140.40382,35.44628],[140.40367,35.44663],[140.4036,35.44713],[140.40322,35.44724]]]},"properties":{"hoanrinKind":"保安林"}}
]}