{"type":"FeatureCollection", "features": [
{"type":"Feature","geometry":{"type":"Polygon","coordinates":[[[130.47535,33.43079],[130.47477,33.43125],[130.47488,33.43168],[130.47444,33.43194],[130.47378,33.4318],[130.47208,33.42984],[130.47177,33.42961],[130.47199,33.42902],[130.47346,33.42842],[130.47415,33.42773],[130.47467,33.42774],[130.47598,33.42992],[130.47581,33.43066],[130.47535,33.43079]]]},"properties":{"hoanrinKind":"保安林"}},
{"type":"Feature","geometry":{"type":"Polygon","coordinates":[[[130.22973,33.35835],[130.22905,33.35883],[130.22847,33.35878],[130.22831,33.3582],[130.22901,33.35814],[130.22913,33.35785],[130.22961,33.35786],[130.22973,33.35835]]]},"properties":{"hoanrinKind":"保安林"}},
{"type":"Feature","geometry":{"type":"Polygon","coordinates":[[[130.32166,33.39387],[130.32171,33.39436],[130.3214,33.39485],[130.32089,33.39471],[130.32046,33.39424],[130.32069,33.39392],[130.32155,33.39374],[130.32166,33.39387]]]},"properties":{"hoanrinKind":"保安林"}},
{"type":"Feature","geometry":{"type":"Polygon","coordinates":[[[130.0094,33.20741],[130.00991,33.20761],[130.00983,33.20821],[130.00919,33.20831],[130.00855,33.208],[130.00849,33.2077],[130.0094,33.20741]]]},"properties":{"hoanrinKind":"保安林"}},
{"type":"Feature","geometry":{"type":"Polygon","coordinates":[[[129.95426,33.09876],[129.95519,33.09894],[129.95541,33.0994],[129.955,33.10007],[129.95471,33.10008],[129.95437,33.09939],[129.95426,33.09876]]]},"properties":{"hoanrinKind":"保安林"}},
{"type":"Feature","geometry":{"type":"Polygon","coordinates":[[[129.97394,33.3382],[129.974,33.33903],[129.97382,33.33936],[129.97292,33.33905],[129.97297,33.33851],[129.97344,33.33811],[129.97394,33.3382]]]},"properties":{"hoanrinKind":"保安林"}},
{"type":"Feature","geometry":{"type":"Polygon","coordinates":[[[129.95778,33.09886],[129.95742,33.09883],[129.95723,33.0983],[129.95809,33.09798],[129.95864,33.09804],[129.95893,33.09878],[129.95778,33.09886]]]},"properties":{"hoanrinKind":"保安林"}},
{"type":"Feature","geometry":{"type":"Polygon","coordinates":[[[130.04887,33.33646],[130.04844,33.33747],[130.04787,33.33737],[130.04748,33.33712],[130.04781,33.33646],[130.04846,33.33624],[130.04887,33.33646]]]},"properties":{"hoanrinKind":"保安林"}},
{"type":"Feature","geometry":{"type":"Polygon","coordinates":[[[129.86682,33.59503],[129.86707,33.59546],[129.86539,33.5959],[129.86516,33.59581],[129.86542,33.59518],[129.86618,33.595],[129.86682,33.59503]]]},"properties":{"hoanrinKind":"保安林"}},
{"type":"Feature","geometry":{"type":"Polygon","coordinates":[[[130.02366,33.21163],[130.02388,33.21169],[130.02408,33.21227],[130.02377,33.21257],[130.0228,33.2122],[130.02243,33.21185],[130.02257,33.21161],[130.02366,33.21163]]]},"properties":{"hoanrinKind":"保安林"}},
{"type":"Feature","geometry":{"type":"Polygon","coordinates":[[[130.28601,33.45543],[130.28507,33.45584],[130.28469,33.45584],[130.28423,33.4555],[130.28439,33.45524],[130.28498,33.45496],[130.28548,33.45501],[130.28601,33.45543]]]},"properties":{"hoanrinKind":"保安林"}},
{"type":"Feature","geometry":{"type":"Polygon","coordinates":[[[130.23749,33.34111],[130.23741,33.34159],[130.23706,33.34212],[130.23651,33.3419],[130.23627,33.341],[130.23748,33.3408],[130.23749,33.34111]]]},"properties":{"hoanrinKind":"保安林"}},
{"type":"Feature","geometry":{"type":"Polygon","coordinates":[[[130.3568,33.37867],[130.3571,33.37926],[130.35681,33.3796],[130.35621,33.37956],[130.3559,33.37932],[130.35575,33.37868],[130.35607,33.37841],[130.3568,33.37867]]]},"properties":{"hoanrinKind":"保安林"}},
{"type":"Feature","geometry":{"type":"Polygon","coordinates":[[[130.10273,33.35263],[130.10294,33.35331],[130.10264,33.35355],[130.10218,33.35355],[130.10174,33.35318],[130.10179,33.35251],[130.10273,33.35263]]]},"properties":{"hoanrinKind":"保安林"}},
{"type":"Feature","geometry":{"type":"Polygon","coordinates":[[[130.10706,33.40855],[130.10738,33.4091],[130.10751,33.40972],[130.10708,33.41002],[130.10662,33.40967],[130.10641,33.40909],[130.10653,33.40852],[130.10706,33.40855]]]},"properties":{"hoanrinKind":"保安林"}},
{"type":"Feature","geometry":{"type":"Polygon","coordinates":[[[130.03583,33.04665],[130.03646,33.04703],[130.0359,33.0475],[130.03531,33.04754],[130.03458,33.04744],[130.03428,33.04715],[130.03583,33.04665]]]},"properties":{"hoanrinKind":"保安林"}},
{"type":"Feature","geometry":{"type":"Polygon","coordinates":[[[130.06472,33.06718],[130.06378,33.06725],[130.06356,33.06678],[130.06389,33.0663],[130.06437,33.06603],[130.06472,33.06718]]]},"properties":{"hoanrinKind":"保安林"}},
{"type":"Feature","geometry":{"type":"Polygon","coordinates":[[[130.21516,33.36476],[130.21538,33.36522],[130.21539,33.36605],[130.21517,33.36634],[130.21458,33.36627],[130.21453,33.36554],[130.21475,33.36484],[130.21516,33.36476]]]},"properties":{"hoanrinKind":"保安林"}},
{"type":"Feature","geometry":{"type":"Polygon","coordinates":[[[130.06263,33.31621],[130.06294,33.3164],[130.0623,33.31765],[130.06176,33.31742],[130.06169,33.31661],[130.06263,33.31621]]]},"properties":{"hoanrinKind":"保安林"}},
{"type":"Feature","geometry":{"type":"Polygon","coordinates":[[[130.12594,33.23242],[130.12613,33.23319],[130.12569,33.23367],[130.12522,33.23374],[130.12495,33.23356],[130.12507,33.23298],[130.12539,33.23269],[130.12545,33.23231],[130.12594,33.23242]]]},"properties":{"hoanrinKind":"保安林"}},
{"type":"Feature","geometry":{"type":"Polygon","coordinates":[[[129.92481,33.28926],[129.92517,33.28958],[129.92472,33.29021],[129.92348,33.29008],[129.92358,33.28952],[129.92481,33.28926]]]},"properties":{"hoanrinKind":"保安林"}},
{"type":"Feature","geometry":{"type":"Polygon","coordinates":[[[130.0453,33.12801],[130.04502,33.12827],[130.04385,33.12851],[130.04364,33.1284],[130.04342,33.12758],[130.04419,33.12754],[130.0453,33.12801]]]},"properties":{"hoanrinKind":"保安林"}},
{"type":"Feature","geometry":{"type":"Polygon","coordinates":[[[130.02718,33.40119],[130.02742,33.40149],[130.02733,33.402],[130.0266,33.40217],[130.02604,33.40178],[130.02607,33.40126],[130.02655,33.40101],[130.02718,33.40119]]]},"properties":{"hoanrinKind":"保安林"}},
{"type":"Feature","geometry":{"type":"Polygon","coordinates":[[[130.04672,33.26222],[130.04556,33.26196],[130.04593,33.26127],[130.0464,33.26117],[130.04714,33.26146],[130.04721,33.26164],[130.04672,33.26222]]]},"properties":{"hoanrinKind":"保安林"}},
{"type":"Feature","geometry":{"type":"Polygon","coordinates":[[[130.01725,33.32608],[130.01738,33.32639],[130.01723,33.32696],[130.01646,33.32729],[130.01602,33.32709],[130.01622,33.32647],[130.01659,33.32609],[130.01725,33.32608]]]},"properties":{"hoanrinKind":"保安林"}},
{"type":"Feature","geometry":{"type":"Polygon","coordinates":[[[130.08123,33.23122],[130.08161,33.23158],[130.08162,33.23202],[130.08128,33.23223],[130.08039,33.23218],[130.08021,33.23205],[130.08025,33.23145],[130.08056,33.23121],[130.08123,33.23122]]]},"properties":{"hoanrinKind":"保安林"}},
{"type":"Feature","geometry":{"type":"Polygon","coordinates":[[[130.04463,33.26073],[130.04515,33.261],[130.04496,33.26155],[130.04381,33.26168],[130.04356,33.2616],[130.0437,33.2609],[130.04412,33.26063],[130.04463,33.26073]]]},"properties":{"hoanrinKind":"保安林"}},
{"type":"Feature","geometry":{"type":"Polygon","coordinates":[[[129.85984,33.43226],[129.85982,33.43317],[129.85948,33.4333],[129.8588,33.4328],[129.85881,33.43208],[129.85984,33.43226]]]},"properties":{"hoanrinKind":"保安林"}},
{"type":"Feature","geometry":{"type":"Polygon","coordinates":[[[129.95593,33.1669],[129.95565,33.16664],[129.95794,33.16609],[129.9573,33.16673],[129.95593,33.1669]]]},"properties":{"hoanrinKind":"保安林"}},
{"type":"Feature","geometry":{"type":"Polygon","coordinates":[[[130.11548,33.35878],[130.11561,33.35911],[130.1152,33.35955],[130.11473,33.35964],[130.11423,33.35947],[130.11363,33.35904],[130.1137,33.35882],[130.11515,33.3587],[130.11548,33.35878]]]},"properties":{"hoanrinKind":"保安林"}},
{"type":"Feature","geometry":{"type":"Polygon","coordinates":[[[130.06568,33.18519],[130.06578,33.18606],[130.06533,33.18644],[130.06482,33.18633],[130.06443,33.18596],[130.06451,33.18575],[130.06525,33.18503],[130.06568,33.18519]]]},"properties":{"hoanrinKind":"保安林"}},
{"type":"Feature","geometry":{"type":"Polygon","coordinates":[[[130.10052,33.31038],[130.10056,33.31076],[130.10019,33.31144],[130.0998,33.31168],[130.09895,33.3119],[130.09948,33.31079],[130.10007,33.3104],[130.10052,33.31038]]]},"properties":{"hoanrinKind":"保安林"}},
{"type":"Feature","geometry":{"type":"Polygon","coordinates":[[[130.23068,33.43497],[130.23099,33.43516],[130.23113,33.4356],[130.23082,33.43604],[130.23016,33.43603],[130.2297,33.43558],[130.22973,33.435],[130.23068,33.43497]]]},"properties":{"hoanrinKind":"保安林"}},
{"type":"Feature","geometry":{"type":"Polygon","coordinates":[[[130.0827,33.07825],[130.08266,33.07886],[130.08153,33.0786],[130.08083,33.07834],[130.08008,33.07793],[130.08053,33.07781],[130.08143,33.07817],[130.08224,33.07795],[130.0827,33.07825]]]},"properties":{"hoanrinKind":"保安林"}},
{"type":"Feature","geometry":{"type":"Polygon","coordinates":[[[130.04205,33.26028],[130.04297,33.26099],[130.04308,33.26147],[130.04276,33.26204],[130.04218,33.26141],[130.04216,33.26084],[130.04109,33.26064],[130.04145,33.26016],[130.04205,33.26028]]]},"properties":{"hoanrinKind":"保安林"}},
{"type":"Feature","geometry":{"type":"Polygon","coordinates":[[[130.02186,33.39831],[130.02272,33.39856],[130.02308,33.39886],[130.02268,33.39922],[130.02212,33.39939],[130.02124,33.39925],[130.02159,33.39829],[130.02186,33.39831]]]},"properties":{"hoanrinKind":"保安林"}},
{"type":"Feature","geometry":{"type":"Polygon","coordinates":[[[130.0914,33.41233],[130.09166,33.41252],[130.09168,33.41303],[130.09144,33.41327],[130.09076,33.41344],[130.09009,33.41316],[130.09028,33.4126],[130.0914,33.41233]]]},"properties":{"hoanrinKind":"保安林"}},
{"type":"Feature","geometry":{"type":"Polygon","coordinates":[[[129.97196,33.14256],[129.9723,33.14263],[129.97265,33.14302],[129.97253,33.14346],[129.97225,33.14363],[129.97162,33.14359],[129.97172,33.14314],[129.97112,33.1429],[129.9711,33.1427],[129.97196,33.14256]]]},"properties":{"hoanrinKind":"保安林"}},
{"type":"Feature","geometry":{"type":"Polygon","coordinates":[[[130.06522,33.34369],[130.06566,33.34423],[130.06583,33.3448],[130.06558,33.34495],[130.06418,33.34436],[130.0646,33.34353],[130.06522,33.34369]]]},"properties":{"hoanrinKind":"保安林"}},
{"type":"Feature","geometry":{"type":"Polygon","coordinates":[[[130.27753,33.3787],[130.27776,33.37908],[130.27763,33.38025],[130.2774,33.38046],[130.2767,33.38003],[130.27675,33.37935],[130.27722,33.37868],[130.27753,33.3787]]]},"properties":{"hoanrinKind":"保安林"}},
{"type":"Feature","geometry":{"type":"Polygon","coordinates":[[[130.27727,33.38514],[130.27735,33.38572],[130.27703,33.38587],[130.27601,33.38603],[130.27552,33.38557],[130.27681,33.38485],[130.27727,33.38514]]]},"properties":{"hoanrinKind":"保安林"}},
{"type":"Feature","geometry":{"type":"Polygon","coordinates":[[[129.96999,33.3796],[129.97012,33.37977],[129.96968,33.38024],[129.96929,33.38035],[129.96843,33.38008],[129.96823,33.37955],[129.96975,33.37935],[129.96999,33.3796]]]},"properties":{"hoanrinKind":"保安林"}},
{"type":"Feature","geometry":{"type":"Polygon","coordinates":[[[129.96555,33.14254],[129.96571,33.14274],[129.96572,33.14361],[129.96552,33.14397],[129.96489,33.14385],[129.96474,33.14342],[129.96471,33.14273],[129.96501,33.14235],[129.96555,33.14254]]]},"properties":{"hoanrinKind":"保安林"}},
{"type":"Feature","geometry":{"type":"Polygon","coordinates":[[[129.84465,33.26936],[129.84474,33.2697],[129.84395,33.27049],[129.84338,33.27081],[129.8431,33.27027],[129.84342,33.26983],[129.84444,33.26901],[129.84465,33.26936]]]},"properties":{"hoanrinKind":"保安林"}},
{"type":"Feature","geometry":{"type":"Polygon","coordinates":[[[130.08912,33.05163],[130.08934,33.05228],[130.08877,33.05269],[130.0881,33.05274],[130.08778,33.05207],[130.08802,33.05177],[130.08869,33.05159],[130.08912,33.05163]]]},"properties":{"hoanrinKind":"保安林"}},
{"type":"Feature","geometry":{"type":"Polygon","coordinates":[[[130.08366,33.23489],[130.0838,33.23556],[130.08376,33.23629],[130.08318,33.23649],[130.08276,33.23578],[130.08271,33.23532],[130.08288,33.23497],[130.08366,33.23489]]]},"properties":{"hoanrinKind":"保安林"}},
{"type":"Feature","geometry":{"type":"Polygon","coordinates":[[[129.97512,33.234],[129.97362,33.23408],[129.97315,33.23374],[129.97378,33.23359],[129.97442,33.2337],[129.97497,33.23351],[129.97543,33.23374],[129.97512,33.234]]]},"properties":{"hoanrinKind":"保安林"}},
{"type":"Feature","geometry":{"type":"Polygon","coordinates":[[[130.20991,33.371],[130.21024,33.37142],[130.21028,33.37199],[130.20998,33.3721],[130.20923,33.37202],[130.20861,33.37129],[130.20898,33.371],[130.20991,33.371]]]},"properties":{"hoanrinKind":"保安林"}},
{"type":"Feature","geometry":{"type":"Polygon","coordinates":[[[130.15497,33.44254],[130.15488,33.44288],[130.15416,33.44318],[130.15375,33.44315],[130.15351,33.44239],[130.1539,33.44182],[130.15424,33.44174],[130.15497,33.44254]]]},"properties":{"hoanrinKind":"保安林"}},
{"type":"Feature","geometry":{"type":"Polygon","coordinates":[[[130.47793,33.42815],[130.47723,33.42832],[130.4768,33.42784],[130.477,33.42756],[130.47661,33.4273],[130.47656,33.42692],[130.47729,33.42698],[130.47796,33.42766],[130.47793,33.42815]]]},"properties":{"hoanrinKind":"保安林"}},
{"type":"Feature","geometry":{"type":"Polygon","coordinates":[[[130.27582,33.37878],[130.27605,33.37921],[130.27609,33.37996],[130.27569,33.38011],[130.27525,33.37992],[130.27486,33.37948],[130.27483,33.37894],[130.27508,33.3786],[130.27582,33.37878]]]},"properties":{"hoanrinKind":"保安林"}},
{"type":"Feature","geometry":{"type":"Polygon","coordinates":[[[130.01431,33.20217],[130.01476,33.20272],[130.01473,33.20316],[130.01424,33.20338],[130.01384,33.20328],[130.01309,33.20263],[130.01353,33.20221],[130.01431,33.20217]]]},"properties":{"hoanrinKind":"保安林"}},
{"type":"Feature","geometry":{"type":"Polygon","coordinates":[[[130.07208,33.33667],[130.07268,33.33674],[130.07281,33.33714],[130.07227,33.33786],[130.07154,33.33787],[130.07125,33.33766],[130.07153,33.3369],[130.07208,33.33667]]]},"properties":{"hoanrinKind":"保安林"}},
{"type":"Feature","geometry":{"type":"Polygon","coordinates":[[[130.06428,33.31154],[130.06446,33.31176],[130.06431,33.31232],[130.0639,33.31286],[130.06326,33.31283],[130.06319,33.31161],[130.06353,33.31146],[130.06428,33.31154]]]},"properties":{"hoanrinKind":"保安林"}},
{"type":"Feature","geometry":{"type":"Polygon","coordinates":[[[130.26219,33.38344],[130.26247,33.38373],[130.2623,33.38412],[130.26182,33.38438],[130.2611,33.38447],[130.26068,33.38365],[130.26086,33.38339],[130.2616,33.38334],[130.26219,33.38344]]]},"properties":{"hoanrinKind":"保安林"}},
{"type":"Feature","geometry":{"type":"Polygon","coordinates":[[[130.04762,33.34016],[130.04834,33.34077],[130.04817,33.34111],[130.04755,33.34131],[130.04686,33.34085],[130.04638,33.3404],[130.04739,33.33993],[130.04762,33.34016]]]},"properties":{"hoanrinKind":"保安林"}},
{"type":"Feature","geometry":{"type":"Polygon","coordinates":[[[130.0129,33.32659],[130.0132,33.32662],[130.01382,33.32718],[130.01349,33.32758],[130.01302,33.32782],[130.01249,33.32789],[130.01223,33.3274],[130.01263,33.32647],[130.0129,33.32659]]]},"properties":{"hoanrinKind":"保安林"}},
{"type":"Feature","geometry":{"type":"Polygon","coordinates":[[[130.11353,33.2282],[130.11383,33.22889],[130.11358,33.22962],[130.1128,33.22965],[130.11263,33.22878],[130.1128,33.22828],[130.11353,33.2282]]]},"properties":{"hoanrinKind":"保安林"}},
{"type":"Feature","geometry":{"type":"Polygon","coordinates":[[[130.04417,33.25232],[130.04445,33.25303],[130.04433,33.25352],[130.04355,33.25391],[130.04346,33.2535],[130.04307,33.25301],[130.04325,33.25247],[130.04417,33.25232]]]},"properties":{"hoanrinKind":"保安林"}},
{"type":"Feature","geometry":{"type":"Polygon","coordinates":[[[130.06424,33.34529],[130.06501,33.34595],[130.06427,33.34661],[130.06377,33.34672],[130.0635,33.34656],[130.06346,33.34586],[130.06365,33.34546],[130.06424,33.34529]]]},"properties":{"hoanrinKind":"保安林"}},
{"type":"Feature","geometry":{"type":"Polygon","coordinates":[[[130.17294,33.35604],[130.17239,33.35629],[130.17237,33.3566],[130.1719,33.35662],[130.17156,33.35634],[130.17285,33.3557],[130.1736,33.35543],[130.17385,33.3557],[130.1738,33.3561],[130.17332,33.35622],[130.17294,33.35604]]]},"properties":{"hoanrinKind":"保安林"}},
{"type":"Feature","geometry":{"type":"Polygon","coordinates":[[[129.99903,33.14447],[129.99924,33.14481],[129.99919,33.14555],[129.99889,33.14586],[129.99823,33.14577],[129.99809,33.14502],[129.99844,33.14434],[129.99903,33.14447]]]},"properties":{"hoanrinKind":"保安林"}},
{"type":"Feature","geometry":{"type":"Polygon","coordinates":[[[130.08125,33.32531],[130.08168,33.32673],[130.08096,33.3269],[130.08046,33.32675],[130.0804,33.32644],[130.08063,33.32595],[130.08043,33.3254],[130.08063,33.32524],[130.08125,33.32531]]]},"properties":{"hoanrinKind":"保安林"}},
{"type":"Feature","geometry":{"type":"Polygon","coordinates":[[[130.07753,33.14669],[130.07769,33.14739],[130.07726,33.1475],[130.0761,33.14734],[130.07585,33.14703],[130.07576,33.14638],[130.07682,33.14664],[130.07712,33.14644],[130.07753,33.14669]]]},"properties":{"hoanrinKind":"保安林"}},
{"type":"Feature","geometry":{"type":"Polygon","coordinates":[[[129.89528,33.51593],[129.89536,33.51658],[129.89444,33.51653],[129.89399,33.51619],[129.89389,33.51548],[129.89441,33.51566],[129.89505,33.51543],[129.89528,33.51593]]]},"properties":{"hoanrinKind":"保安林"}},
{"type":"Feature","geometry":{"type":"Polygon","coordinates":[[[130.03951,33.25653],[130.03928,33.25702],[130.03849,33.25716],[130.03905,33.25655],[130.03878,33.25613],[130.03898,33.25496],[130.0396,33.2548],[130.03973,33.25508],[130.03951,33.25653]]]},"properties":{"hoanrinKind":"保安林"}},
{"type":"Feature","geometry":{"type":"Polygon","coordinates":[[[129.85317,33.4316],[129.85391,33.43197],[129.85403,33.43255],[129.85383,33.4329],[129.85343,33.43292],[129.85277,33.43187],[129.85317,33.4316]]]},"properties":{"hoanrinKind":"保安林"}},
{"type":"Feature","geometry":{"type":"Polygon","coordinates":[[[130.21512,33.38084],[130.21452,33.38097],[130.21414,33.38058],[130.21381,33.38053],[130.21358,33.38015],[130.21376,33.37979],[130.2142,33.3795],[130.21469,33.37984],[130.21512,33.38084]]]},"properties":{"hoanrinKind":"保安林"}},
{"type":"Feature","geometry":{"type":"Polygon","coordinates":[[[130.04571,33.25218],[130.04522,33.25198],[130.04479,33.25137],[130.04515,33.25093],[130.04606,33.25077],[130.04618,33.25178],[130.04571,33.25218]]]},"properties":{"hoanrinKind":"保安林"}},
{"type":"Feature","geometry":{"type":"Polygon","coordinates":[[[130.17906,33.35336],[130.17963,33.35384],[130.18049,33.35401],[130.18064,33.35478],[130.18036,33.35515],[130.17956,33.3543],[130.17878,33.35406],[130.17867,33.35387],[130.17906,33.35336]]]},"properties":{"hoanrinKind":"保安林"}},
{"type":"Feature","geometry":{"type":"Polygon","coordinates":[[[130.3505,33.38619],[130.35081,33.38669],[130.35088,33.38716],[130.35036,33.3875],[130.35005,33.38737],[130.34964,33.38682],[130.34964,33.38602],[130.35042,33.38584],[130.3505,33.38619]]]},"properties":{"hoanrinKind":"保安林"}},
{"type":"Feature","geometry":{"type":"Polygon","coordinates":[[[130.06829,33.04683],[130.06854,33.0472],[130.06855,33.04785],[130.06831,33.04821],[130.06798,33.04819],[130.06728,33.04768],[130.06728,33.04698],[130.06766,33.04672],[130.06829,33.04683]]]},"properties":{"hoanrinKind":"保安林"}},
{"type":"Feature","geometry":{"type":"Polygon","coordinates":[[[130.01023,33.3316],[130.01044,33.33195],[130.01008,33.33251],[130.00897,33.33283],[130.00899,33.3322],[130.0088,33.33153],[130.00988,33.33146],[130.01023,33.3316]]]},"properties":{"hoanrinKind":"保安林"}},
{"type":"Feature","geometry":{"type":"Polygon","coordinates":[[[130.07667,33.23038],[130.07686,33.23039],[130.07742,33.23102],[130.07747,33.23138],[130.07698,33.23216],[130.0765,33.23217],[130.07636,33.23169],[130.07637,33.23084],[130.07667,33.23038]]]},"properties":{"hoanrinKind":"保安林"}},
{"type":"Feature","geometry":{"type":"Polygon","coordinates":[[[130.07447,33.29294],[130.07418,33.29311],[130.07379,33.2926],[130.07401,33.29133],[130.07394,33.29071],[130.0745,33.29078],[130.07462,33.29128],[130.07421,33.29147],[130.07432,33.29197],[130.07491,33.29198],[130.07487,33.2925],[130.07447,33.29294]]]},"properties":{"hoanrinKind":"保安林"}},
{"type":"Feature","geometry":{"type":"Polygon","coordinates":[[[130.29988,33.38722],[130.29919,33.38742],[130.29771,33.38745],[130.29722,33.3872],[130.29724,33.3866],[130.29747,33.38654],[130.29884,33.38667],[130.29931,33.38707],[130.29988,33.38722]]]},"properties":{"hoanrinKind":"保安林"}},
{"type":"Feature","geometry":{"type":"Polygon","coordinates":[[[130.00983,33.27619],[130.01033,33.27781],[130.00993,33.27804],[130.00937,33.2781],[130.00894,33.27759],[130.00903,33.27712],[130.00958,33.27618],[130.00983,33.27619]]]},"properties":{"hoanrinKind":"保安林"}},
{"type":"Feature","geometry":{"type":"Polygon","coordinates":[[[129.93305,33.10091],[129.93339,33.10118],[129.93325,33.10172],[129.93187,33.102],[129.93146,33.10158],[129.93167,33.10107],[129.93224,33.10085],[129.93305,33.10091]]]},"properties":{"hoanrinKind":"保安林"}},
{"type":"Feature","geometry":{"type":"Polygon","coordinates":[[[130.13571,33.03292],[130.13521,33.03319],[130.13376,33.0326],[130.13352,33.03263],[130.13283,33.03185],[130.13316,33.03168],[130.13462,33.03253],[130.13463,33.03275],[130.13571,33.03292]]]},"properties":{"hoanrinKind":"保安林"}},
{"type":"Feature","geometry":{"type":"Polygon","coordinates":[[[130.0949,33.41177],[130.09497,33.41246],[130.09475,33.41287],[130.09423,33.41328],[130.09351,33.41334],[130.09314,33.41279],[130.09399,33.4123],[130.09443,33.41177],[130.0949,33.41177]]]},"properties":{"hoanrinKind":"保安林"}},
{"type":"Feature","geometry":{"type":"Polygon","coordinates":[[[130.09678,33.35994],[130.0961,33.3595],[130.09569,33.35981],[130.09562,33.35919],[130.0961,33.35877],[130.09675,33.35854],[130.09734,33.35891],[130.09712,33.36002],[130.09678,33.35994]]]},"properties":{"hoanrinKind":"保安林"}},
{"type":"Feature","geometry":{"type":"Polygon","coordinates":[[[130.35279,33.37773],[130.35316,33.37796],[130.353,33.37943],[130.35233,33.37929],[130.35203,33.37874],[130.352,33.37821],[130.35237,33.37731],[130.35279,33.37773]]]},"properties":{"hoanrinKind":"保安林"}},
{"type":"Feature","geometry":{"type":"Polygon","coordinates":[[[130.18519,33.4601],[130.18571,33.46079],[130.18549,33.46179],[130.18488,33.46169],[130.18441,33.46086],[130.18431,33.46027],[130.18451,33.46011],[130.18519,33.4601]]]},"properties":{"hoanrinKind":"保安林"}},
{"type":"Feature","geometry":{"type":"Polygon","coordinates":[[[130.09627,33.42503],[130.09706,33.42524],[130.09731,33.42554],[130.09661,33.42589],[130.09622,33.42591],[130.09547,33.42555],[130.09487,33.42546],[130.09485,33.42496],[130.09552,33.42488],[130.09627,33.42503]]]},"properties":{"hoanrinKind":"保安林"}},
{"type":"Feature","geometry":{"type":"Polygon","coordinates":[[[130.03032,33.08334],[130.0298,33.08337],[130.02937,33.08313],[130.02958,33.08276],[130.03019,33.08234],[130.0313,33.08271],[130.03184,33.08278],[130.03207,33.08315],[130.03154,33.08328],[130.03068,33.0832],[130.03032,33.08334]]]},"properties":{"hoanrinKind":"保安林"}},
{"type":"Feature","geometry":{"type":"Polygon","coordinates":[[[130.17355,33.4555],[130.17369,33.45693],[130.17336,33.45715],[130.17285,33.45694],[130.17217,33.45595],[130.17236,33.45559],[130.17355,33.4555]]]},"properties":{"hoanrinKind":"保安林"}},
{"type":"Feature","geometry":{"type":"Polygon","coordinates":[[[130.13168,33.3615],[130.13213,33.36227],[130.13211,33.36274],[130.13152,33.36297],[130.13091,33.36249],[130.13049,33.3617],[130.13131,33.36122],[130.13168,33.3615]]]},"properties":{"hoanrinKind":"保安林"}},
{"type":"Feature","geometry":{"type":"Polygon","coordinates":[[[130.28991,33.3416],[130.28994,33.34217],[130.28959,33.34284],[130.28929,33.3431],[130.28879,33.3432],[130.28843,33.34302],[130.2885,33.3422],[130.28949,33.34152],[130.28991,33.3416]]]},"properties":{"hoanrinKind":"保安林"}},
{"type":"Feature","geometry":{"type":"Polygon","coordinates":[[[130.10584,33.13419],[130.10544,33.1349],[130.10499,33.13634],[130.10452,33.13594],[130.10459,33.13525],[130.10502,33.13409],[130.10558,33.13369],[130.10622,33.13361],[130.10584,33.13419]]]},"properties":{"hoanrinKind":"保安林"}},
{"type":"Feature","geometry":{"type":"Polygon","coordinates":[[[129.93881,33.50607],[129.93831,33.50683],[129.93778,33.50696],[129.93724,33.50656],[129.93722,33.50617],[129.93782,33.50584],[129.93873,33.50561],[129.93881,33.50607]]]},"properties":{"hoanrinKind":"保安林"}},
{"type":"Feature","geometry":{"type":"Polygon","coordinates":[[[129.97291,33.22962],[129.97323,33.22985],[129.97323,33.23034],[129.97296,33.23126],[129.97255,33.23081],[129.97198,33.23066],[129.9722,33.22985],[129.97291,33.22962]]]},"properties":{"hoanrinKind":"保安林"}},
{"type":"Feature","geometry":{"type":"Polygon","coordinates":[[[129.97269,33.23864],[129.97271,33.23911],[129.97234,33.2394],[129.9719,33.23926],[129.97189,33.23865],[129.97221,33.23824],[129.9722,33.23783],[129.97314,33.23683],[129.97313,33.23793],[129.97303,33.23846],[129.97269,33.23864]]]},"properties":{"hoanrinKind":"保安林"}},
{"type":"Feature","geometry":{"type":"Polygon","coordinates":[[[130.20449,33.36531],[130.20526,33.36576],[130.20541,33.36621],[130.20512,33.36658],[130.204,33.36669],[130.20376,33.3664],[130.20382,33.36535],[130.20449,33.36531]]]},"properties":{"hoanrinKind":"保安林"}},
{"type":"Feature","geometry":{"type":"Polygon","coordinates":[[[130.32062,33.39487],[130.32115,33.39526],[130.32162,33.3962],[130.32138,33.39682],[130.32065,33.39682],[130.32035,33.39658],[130.32036,33.39517],[130.32062,33.39487]]]},"properties":{"hoanrinKind":"保安林"}},
{"type":"Feature","geometry":{"type":"Polygon","coordinates":[[[129.87483,33.23775],[129.87452,33.2385],[129.87509,33.23867],[129.875,33.23905],[129.87324,33.2394],[129.87295,33.23931],[129.87299,33.23878],[129.87379,33.23845],[129.87428,33.23796],[129.87483,33.23775]]]},"properties":{"hoanrinKind":"保安林"}},
{"type":"Feature","geometry":{"type":"Polygon","coordinates":[[[129.95641,33.1002],[129.95689,33.10035],[129.95704,33.10109],[129.95688,33.10136],[129.95622,33.10145],[129.95551,33.10107],[129.95521,33.10075],[129.95517,33.10025],[129.95641,33.1002]]]},"properties":{"hoanrinKind":"保安林"}},
{"type":"Feature","geometry":{"type":"Polygon","coordinates":[[[130.06111,33.11101],[130.06099,33.11201],[130.06044,33.11249],[130.05985,33.11255],[130.05971,33.11196],[130.0598,33.11128],[130.05999,33.11097],[130.06111,33.11101]]]},"properties":{"hoanrinKind":"保安林"}},
{"type":"Feature","geometry":{"type":"Polygon","coordinates":[[[130.34019,33.39288],[130.34041,33.39339],[130.34026,33.39367],[130.33976,33.39382],[130.33855,33.39392],[130.3382,33.39379],[130.33837,33.39313],[130.33908,33.39291],[130.34019,33.39288]]]},"properties":{"hoanrinKind":"保安林"}},
{"type":"Feature","geometry":{"type":"Polygon","coordinates":[[[130.21348,33.40049],[130.21388,33.40122],[130.21382,33.40192],[130.21341,33.40208],[130.21258,33.40141],[130.21246,33.40075],[130.21257,33.4004],[130.21315,33.4002],[130.21348,33.40049]]]},"properties":{"hoanrinKind":"保安林"}},
{"type":"Feature","geometry":{"type":"Polygon","coordinates":[[[130.02317,33.21374],[130.02279,33.21396],[130.02164,33.21365],[130.02073,33.21378],[130.0204,33.21329],[130.02173,33.21325],[130.02246,33.21281],[130.0232,33.21304],[130.02317,33.21374]]]},"properties":{"hoanrinKind":"保安林"}},
{"type":"Feature","geometry":{"type":"Polygon","coordinates":[[[130.16419,33.35296],[130.16368,33.35294],[130.16321,33.35198],[130.16361,33.35128],[130.16396,33.35118],[130.16437,33.35151],[130.1643,33.35192],[130.16451,33.35297],[130.16419,33.35296]]]},"properties":{"hoanrinKind":"保安林"}},
{"type":"Feature","geometry":{"type":"Polygon","coordinates":[[[130.06155,33.06909],[130.0614,33.06958],[130.06098,33.06965],[130.0605,33.06922],[130.05975,33.06887],[130.05976,33.06853],[130.0605,33.06802],[130.06108,33.06818],[130.06083,33.06865],[130.06155,33.06909]]]},"properties":{"hoanrinKind":"保安林"}},
{"type":"Feature","geometry":{"type":"Polygon","coordinates":[[[130.14901,33.40505],[130.14914,33.40523],[130.14923,33.40654],[130.14897,33.407],[130.14827,33.40722],[130.148,33.40698],[130.1481,33.40635],[130.14832,33.4059],[130.14847,33.40502],[130.14901,33.40505]]]},"properties":{"hoanrinKind":"保安林"}},
{"type":"Feature","geometry":{"type":"Polygon","coordinates":[[[130.0965,33.15961],[130.09725,33.16009],[130.09754,33.16044],[130.098,33.16067],[130.09763,33.16112],[130.09666,33.16107],[130.09558,33.16014],[130.0965,33.15961]]]},"properties":{"hoanrinKind":"保安林"}},
{"type":"Feature","geometry":{"type":"Polygon","coordinates":[[[130.03364,33.09141],[130.03388,33.09152],[130.03414,33.09215],[130.03448,33.09239],[130.03465,33.09308],[130.03455,33.09325],[130.0335,33.09302],[130.0329,33.09194],[130.03291,33.09149],[130.03364,33.09141]]]},"properties":{"hoanrinKind":"保安林"}},
{"type":"Feature","geometry":{"type":"Polygon","coordinates":[[[129.88632,33.34462],[129.88588,33.34432],[129.88604,33.34397],[129.88811,33.34361],[129.88851,33.34408],[129.88859,33.34449],[129.88785,33.34458],[129.88683,33.34454],[129.88632,33.34462]]]},"properties":{"hoanrinKind":"保安林"}},
{"type":"Feature","geometry":{"type":"Polygon","coordinates":[[[129.82279,33.47234],[129.82297,33.47301],[129.823,33.47379],[129.8223,33.47422],[129.82202,33.47279],[129.82218,33.47209],[129.82269,33.47207],[129.82279,33.47234]]]},"properties":{"hoanrinKind":"保安林"}},
{"type":"Feature","geometry":{"type":"Polygon","coordinates":[[[130.08417,33.07886],[130.08322,33.07836],[130.08287,33.07747],[130.0832,33.07711],[130.08426,33.07746],[130.08454,33.07765],[130.08441,33.07842],[130.08417,33.07886]]]},"properties":{"hoanrinKind":"保安林"}},
{"type":"Feature","geometry":{"type":"Polygon","coordinates":[[[130.47025,33.42292],[130.47032,33.4232],[130.47018,33.42424],[130.46978,33.42459],[130.46925,33.42457],[130.46871,33.424],[130.46929,33.42305],[130.47005,33.42277],[130.47025,33.42292]]]},"properties":{"hoanrinKind":"保安林"}},
{"type":"Feature","geometry":{"type":"Polygon","coordinates":[[[130.05858,33.07095],[130.05946,33.0715],[130.05909,33.07183],[130.05842,33.07185],[130.05719,33.07206],[130.05708,33.07152],[130.05716,33.07103],[130.05769,33.07091],[130.05858,33.07095]]]},"properties":{"hoanrinKind":"保安林"}},
{"type":"Feature","geometry":{"type":"Polygon","coordinates":[[[129.89377,33.52188],[129.89332,33.52169],[129.89367,33.52092],[129.89459,33.52084],[129.89526,33.52147],[129.89458,33.52148],[129.89406,33.52186],[129.89377,33.52188]]]},"properties":{"hoanrinKind":"保安林"}},
{"type":"Feature","geometry":{"type":"Polygon","coordinates":[[[130.21197,33.43388],[130.21228,33.43447],[130.21212,33.43474],[130.21166,33.4347],[130.21075,33.43429],[130.21024,33.43391],[130.21023,33.43323],[130.21075,33.43304],[130.21146,33.43367],[130.21197,33.43388]]]},"properties":{"hoanrinKind":"保安林"}},
{"type":"Feature","geometry":{"type":"Polygon","coordinates":[[[130.13123,33.03772],[130.13073,33.03802],[130.12979,33.03756],[130.12932,33.0372],[130.12897,33.03646],[130.12893,33.03601],[130.12946,33.0356],[130.12969,33.03638],[130.13046,33.03724],[130.13123,33.03772]]]},"properties":{"hoanrinKind":"保安林"}},
{"type":"Feature","geometry":{"type":"Polygon","coordinates":[[[130.04925,33.12904],[130.04978,33.12951],[130.04998,33.13073],[130.04972,33.13104],[130.04925,33.13108],[130.04845,33.12975],[130.04896,33.12905],[130.04925,33.12904]]]},"properties":{"hoanrinKind":"保安林"}},
{"type":"Feature","geometry":{"type":"Polygon","coordinates":[[[129.90251,33.19657],[129.90286,33.19672],[129.90327,33.19719],[129.90324,33.19752],[129.90272,33.19803],[129.90224,33.19808],[129.9017,33.19789],[129.90163,33.19717],[129.90202,33.19636],[129.90251,33.19657]]]},"properties":{"hoanrinKind":"保安林"}},
{"type":"Feature","geometry":{"type":"Polygon","coordinates":[[[130.18358,33.36416],[130.18338,33.36406],[130.18309,33.36322],[130.18311,33.3626],[130.18329,33.36234],[130.18408,33.36266],[130.18447,33.36337],[130.18424,33.36396],[130.18358,33.36416]]]},"properties":{"hoanrinKind":"保安林"}},
{"type":"Feature","geometry":{"type":"Polygon","coordinates":[[[130.31835,33.44326],[130.31867,33.44338],[130.31911,33.44391],[130.31889,33.44491],[130.31859,33.44534],[130.31822,33.44526],[130.31846,33.44476],[130.31839,33.44432],[130.31753,33.44419],[130.31749,33.4438],[130.31793,33.44333],[130.31835,33.44326]]]},"properties":{"hoanrinKind":"保安林"}},
{"type":"Feature","geometry":{"type":"Polygon","coordinates":[[[130.47242,33.42074],[130.47292,33.42167],[130.47296,33.42199],[130.47271,33.42255],[130.47235,33.42277],[130.47186,33.42263],[130.47141,33.42177],[130.4715,33.42148],[130.47242,33.42074]]]},"properties":{"hoanrinKind":"保安林"}},
{"type":"Feature","geometry":{"type":"Polygon","coordinates":[[[130.09178,33.39981],[130.0912,33.40032],[130.09133,33.40075],[130.09076,33.40115],[130.09047,33.40105],[130.09026,33.40036],[130.09035,33.39973],[130.09134,33.39917],[130.09161,33.39917],[130.09178,33.39981]]]},"properties":{"hoanrinKind":"保安林"}},
{"type":"Feature","geometry":{"type":"Polygon","coordinates":[[[129.98918,33.22489],[129.98869,33.22512],[129.98731,33.22511],[129.98709,33.22495],[129.98749,33.2245],[129.98856,33.2239],[129.98902,33.22386],[129.98947,33.22448],[129.98918,33.22489]]]},"properties":{"hoanrinKind":"保安林"}},
{"type":"Feature","geometry":{"type":"Polygon","coordinates":[[[129.95674,33.12052],[129.95635,33.12052],[129.95654,33.11915],[129.95805,33.11925],[129.95819,33.11981],[129.95798,33.12035],[129.95674,33.12052]]]},"properties":{"hoanrinKind":"保安林"}},
{"type":"Feature","geometry":{"type":"Polygon","coordinates":[[[129.97241,33.2361],[129.97223,33.23662],[129.97175,33.23706],[129.9718,33.23768],[129.97114,33.23839],[129.97081,33.2378],[129.97108,33.23659],[129.97143,33.23595],[129.97238,33.23584],[129.97241,33.2361]]]},"properties":{"hoanrinKind":"保安林"}},
{"type":"Feature","geometry":{"type":"Polygon","coordinates":[[[130.07074,33.02122],[130.06874,33.02126],[130.06874,33.02082],[130.06994,33.02013],[130.07053,33.02002],[130.07089,33.02014],[130.07095,33.02072],[130.07074,33.02122]]]},"properties":{"hoanrinKind":"保安林"}},
{"type":"Feature","geometry":{"type":"Polygon","coordinates":[[[129.93286,33.51717],[129.93338,33.51768],[129.93341,33.51822],[129.93303,33.51873],[129.93249,33.519],[129.93216,33.51892],[129.93213,33.51774],[129.93246,33.51684],[129.93286,33.51717]]]},"properties":{"hoanrinKind":"保安林"}},
{"type":"Feature","geometry":{"type":"Polygon","coordinates":[[[130.15231,33.44376],[130.15217,33.44421],[130.15178,33.44454],[130.15108,33.44463],[130.15043,33.44445],[130.14984,33.44389],[130.14986,33.4437],[130.15112,33.44375],[130.15151,33.44349],[130.15135,33.44297],[130.15216,33.44345],[130.15231,33.44376]]]},"properties":{"hoanrinKind":"保安林"}},
{"type":"Feature","geometry":{"type":"Polygon","coordinates":[[[130.05518,33.07196],[130.05465,33.07166],[130.05401,33.07094],[130.05495,33.07077],[130.05586,33.07095],[130.05655,33.07126],[130.05647,33.07181],[130.05613,33.07193],[130.05518,33.07196]]]},"properties":{"hoanrinKind":"保安林"}},
{"type":"Feature","geometry":{"type":"Polygon","coordinates":[[[130.09482,33.35192],[130.09542,33.3531],[130.0953,33.35359],[130.09495,33.35371],[130.09378,33.35358],[130.09407,33.353],[130.09415,33.35236],[130.09445,33.35193],[130.09482,33.35192]]]},"properties":{"hoanrinKind":"保安林"}},
{"type":"Feature","geometry":{"type":"Polygon","coordinates":[[[130.04336,33.40468],[130.04177,33.40504],[130.04104,33.4049],[130.04128,33.40428],[130.04198,33.40408],[130.0431,33.4039],[130.04334,33.40415],[130.04336,33.40468]]]},"properties":{"hoanrinKind":"保安林"}},
{"type":"Feature","geometry":{"type":"Polygon","coordinates":[[[130.32796,33.37552],[130.32771,33.37542],[130.32766,33.37404],[130.32805,33.37352],[130.32904,33.37449],[130.32913,33.37494],[130.32873,33.37547],[130.32796,33.37552]]]},"properties":{"hoanrinKind":"保安林"}},
{"type":"Feature","geometry":{"type":"Polygon","coordinates":[[[130.18817,33.46018],[130.18864,33.4603],[130.18876,33.46118],[130.18766,33.46174],[130.18705,33.46175],[130.18691,33.46156],[130.18701,33.46078],[130.18734,33.46043],[130.18817,33.46018]]]},"properties":{"hoanrinKind":"保安林"}},
{"type":"Feature","geometry":{"type":"Polygon","coordinates":[[[130.26661,33.37134],[130.26596,33.37207],[130.26551,33.37229],[130.26497,33.37217],[130.26473,33.37166],[130.26551,33.37055],[130.2661,33.37034],[130.26584,33.37103],[130.2666,33.37063],[130.26661,33.37134]]]},"properties":{"hoanrinKind":"保安林"}},
{"type":"Feature","geometry":{"type":"Polygon","coordinates":[[[130.15996,33.37879],[130.15883,33.37919],[130.15882,33.37869],[130.15914,33.3777],[130.15923,33.37705],[130.15974,33.37697],[130.16021,33.37789],[130.1604,33.3788],[130.15996,33.37879]]]},"properties":{"hoanrinKind":"保安林"}},
{"type":"Feature","geometry":{"type":"Polygon","coordinates":[[[130.04246,33.12923],[130.04216,33.12942],[130.04133,33.1295],[130.04062,33.13007],[130.04029,33.13011],[130.03955,33.12939],[130.03971,33.12916],[130.04032,33.12912],[130.04047,33.12885],[130.041,33.12874],[130.04193,33.12873],[130.04246,33.12923]]]},"properties":{"hoanrinKind":"保安林"}},
{"type":"Feature","geometry":{"type":"Polygon","coordinates":[[[129.88468,33.53987],[129.88445,33.5401],[129.8832,33.5404],[129.88322,33.5394],[129.88361,33.53986],[129.88429,33.53947],[129.88468,33.53987]]]},"properties":{"hoanrinKind":"保安林"}},
{"type":"Feature","geometry":{"type":"Polygon","coordinates":[[[130.16366,33.24405],[130.16335,33.24426],[130.16356,33.24469],[130.163,33.2451],[130.16265,33.24502],[130.16258,33.24451],[130.16272,33.2442],[130.16366,33.24405]]]},"properties":{"hoanrinKind":"保安林"}},
{"type":"Feature","geometry":{"type":"Polygon","coordinates":[[[130.24662,33.45038],[130.24705,33.45063],[130.24818,33.45197],[130.24759,33.4523],[130.2468,33.45204],[130.24652,33.45181],[130.24608,33.45096],[130.24601,33.45053],[130.24662,33.45038]]]},"properties":{"hoanrinKind":"保安林"}},
{"type":"Feature","geometry":{"type":"Polygon","coordinates":[[[130.24881,33.44954],[130.24911,33.44955],[130.25006,33.45051],[130.25002,33.45094],[130.24932,33.45109],[130.24866,33.451],[130.24804,33.45051],[130.24824,33.4496],[130.24881,33.44954]]]},"properties":{"hoanrinKind":"保安林"}},
{"type":"Feature","geometry":{"type":"Polygon","coordinates":[[[129.96007,33.09403],[129.96047,33.09438],[129.96047,33.09468],[129.95886,33.09563],[129.95798,33.09526],[129.95788,33.095],[129.95844,33.09474],[129.95962,33.09395],[129.96007,33.09403]]]},"properties":{"hoanrinKind":"保安林"}},
{"type":"Feature","geometry":{"type":"Polygon","coordinates":[[[130.1901,33.37455],[130.18967,33.37469],[130.1894,33.37547],[130.18899,33.37571],[130.18869,33.37538],[130.18847,33.37438],[130.18864,33.37405],[130.18948,33.37398],[130.18988,33.37419],[130.1901,33.37455]]]},"properties":{"hoanrinKind":"保安林"}},
{"type":"Feature","geometry":{"type":"Polygon","coordinates":[[[129.90077,33.23329],[129.90108,33.23359],[129.89876,33.23426],[129.89844,33.23413],[129.89883,33.23332],[129.89878,33.23278],[129.89918,33.23287],[129.90024,33.23277],[129.90077,33.23329]]]},"properties":{"hoanrinKind":"保安林"}},
{"type":"Feature","geometry":{"type":"Polygon","coordinates":[[[130.08738,33.41215],[130.08664,33.4125],[130.086,33.41228],[130.08584,33.41195],[130.08664,33.41136],[130.08738,33.4114],[130.08802,33.41091],[130.08835,33.4109],[130.08843,33.41173],[130.08826,33.41198],[130.08738,33.41215]]]},"properties":{"hoanrinKind":"保安林"}},
{"type":"Feature","geometry":{"type":"Polygon","coordinates":[[[129.89414,33.29945],[129.89396,33.30049],[129.89412,33.30098],[129.8937,33.30113],[129.89292,33.30057],[129.89269,33.3001],[129.89265,33.29913],[129.89319,33.29882],[129.89367,33.29936],[129.89414,33.29945]]]},"properties":{"hoanrinKind":"保安林"}},
{"type":"Feature","geometry":{"type":"Polygon","coordinates":[[[129.94669,33.4959],[129.9464,33.49655],[129.94637,33.49734],[129.94587,33.49792],[129.94542,33.49809],[129.94517,33.49771],[129.94477,33.49755],[129.94568,33.49636],[129.94596,33.49564],[129.94669,33.4959]]]},"properties":{"hoanrinKind":"保安林"}},
{"type":"Feature","geometry":{"type":"Polygon","coordinates":[[[130.21686,33.36805],[130.21708,33.36835],[130.21713,33.36912],[130.21682,33.36961],[130.21625,33.36979],[130.21542,33.36968],[130.21543,33.36928],[130.21606,33.36812],[130.21654,33.36782],[130.21686,33.36805]]]},"properties":{"hoanrinKind":"保安林"}},
{"type":"Feature","geometry":{"type":"Polygon","coordinates":[[[130.13936,33.00521],[130.14003,33.0058],[130.14015,33.00664],[130.13979,33.00708],[130.13907,33.00723],[130.13868,33.00705],[130.13886,33.00619],[130.1386,33.00576],[130.13864,33.00536],[130.13936,33.00521]]]},"properties":{"hoanrinKind":"保安林"}},
{"type":"Feature","geometry":{"type":"Polygon","coordinates":[[[130.29809,33.39238],[130.2978,33.39341],[130.29724,33.39322],[130.29689,33.3919],[130.29749,33.39204],[130.29773,33.39164],[130.29746,33.39114],[130.29818,33.39124],[130.29839,33.39197],[130.29809,33.39238]]]},"properties":{"hoanrinKind":"保安林"}},
{"type":"Feature","geometry":{"type":"Polygon","coordinates":[[[130.04287,33.08954],[130.04244,33.08906],[130.04265,33.08875],[130.04254,33.08832],[130.04291,33.08804],[130.04364,33.08855],[130.04468,33.08841],[130.04481,33.08924],[130.04434,33.08954],[130.04287,33.08954]]]},"properties":{"hoanrinKind":"保安林"}},
{"type":"Feature","geometry":{"type":"Polygon","coordinates":[[[130.18252,33.3699],[130.1828,33.37013],[130.18233,33.3707],[130.18183,33.3719],[130.18155,33.37223],[130.18108,33.37192],[130.18105,33.37117],[130.18122,33.37097],[130.18121,33.37014],[130.18157,33.36988],[130.18252,33.3699]]]},"properties":{"hoanrinKind":"保安林"}},
{"type":"Feature","geometry":{"type":"Polygon","coordinates":[[[130.26069,33.41733],[130.26041,33.41724],[130.2601,33.41665],[130.26061,33.4156],[130.26137,33.41561],[130.26156,33.41628],[130.26151,33.41707],[130.26069,33.41733]]]},"properties":{"hoanrinKind":"保安林"}},
{"type":"Feature","geometry":{"type":"Polygon","coordinates":[[[130.15121,33.32597],[130.15074,33.3262],[130.15051,33.32561],[130.15165,33.32474],[130.15241,33.32445],[130.15302,33.3246],[130.15318,33.32497],[130.15245,33.32573],[130.15121,33.32597]]]},"properties":{"hoanrinKind":"保安林"}},
{"type":"Feature","geometry":{"type":"Polygon","coordinates":[[[129.79539,33.28145],[129.79415,33.28237],[129.79318,33.2823],[129.79277,33.28123],[129.79378,33.28128],[129.7942,33.28113],[129.79425,33.28084],[129.79494,33.28089],[129.79539,33.28145]]]},"properties":{"hoanrinKind":"保安林"}},
{"type":"Feature","geometry":{"type":"Polygon","coordinates":[[[130.08047,33.1385],[130.0795,33.13859],[130.07894,33.13852],[130.079,33.13786],[130.07831,33.13762],[130.07834,33.13708],[130.07951,33.13722],[130.08027,33.13771],[130.08047,33.1385]]]},"properties":{"hoanrinKind":"保安林"}},
{"type":"Feature","geometry":{"type":"Polygon","coordinates":[[[130.21427,33.36842],[130.21442,33.3696],[130.21391,33.37029],[130.21369,33.37078],[130.2133,33.37102],[130.21276,33.37087],[130.21255,33.3701],[130.21341,33.36954],[130.2138,33.36842],[130.21427,33.36842]]]},"properties":{"hoanrinKind":"保安林"}},
{"type":"Feature","geometry":{"type":"Polygon","coordinates":[[[129.99083,33.32832],[129.99022,33.32918],[129.98965,33.32955],[129.98893,33.32943],[129.98877,33.32903],[129.9894,33.32802],[129.99022,33.32812],[129.99083,33.32832]]]},"properties":{"hoanrinKind":"保安林"}},
{"type":"Feature","geometry":{"type":"Polygon","coordinates":[[[130.15736,33.26097],[130.15684,33.26086],[130.15544,33.26088],[130.1553,33.26064],[130.15532,33.25969],[130.15573,33.25901],[130.15608,33.25924],[130.15634,33.25969],[130.15738,33.2603],[130.15736,33.26097]]]},"properties":{"hoanrinKind":"保安林"}},
{"type":"Feature","geometry":{"type":"Polygon","coordinates":[[[129.88742,33.37751],[129.88718,33.37786],[129.88716,33.37863],[129.88684,33.3788],[129.88578,33.37811],[129.88517,33.3781],[129.8845,33.37787],[129.88476,33.37715],[129.88607,33.37747],[129.88702,33.37739],[129.88742,33.37751]]]},"properties":{"hoanrinKind":"保安林"}},
{"type":"Feature","geometry":{"type":"Polygon","coordinates":[[[129.82711,33.18909],[129.82773,33.18974],[129.82791,33.19029],[129.82724,33.19053],[129.82641,33.19064],[129.82564,33.19057],[129.82562,33.19007],[129.82592,33.18958],[129.8267,33.18901],[129.82711,33.18909]]]},"properties":{"hoanrinKind":"保安林"}},
{"type":"Feature","geometry":{"type":"Polygon","coordinates":[[[129.89717,33.23724],[129.89688,33.23741],[129.89579,33.23689],[129.89502,33.23705],[129.89453,33.23679],[129.89477,33.23618],[129.89512,33.23603],[129.89596,33.23605],[129.89672,33.23594],[129.89712,33.23622],[129.89717,33.23724]]]},"properties":{"hoanrinKind":"保安林"}},
{"type":"Feature","geometry":{"type":"Polygon","coordinates":[[[129.99903,33.32628],[129.99966,33.32654],[130.00012,33.32694],[129.99968,33.32788],[129.99941,33.32809],[129.99876,33.32771],[129.99847,33.3272],[129.99768,33.32688],[129.99776,33.32629],[129.99903,33.32628]]]},"properties":{"hoanrinKind":"保安林"}},
{"type":"Feature","geometry":{"type":"Polygon","coordinates":[[[129.92712,33.17932],[129.92724,33.17942],[129.92766,33.18131],[129.92768,33.18179],[129.92736,33.18198],[129.92714,33.18138],[129.92683,33.18111],[129.92649,33.17962],[129.92645,33.17919],[129.92712,33.17932]]]},"properties":{"hoanrinKind":"保安林"}},
{"type":"Feature","geometry":{"type":"Polygon","coordinates":[[[129.93651,33.17029],[129.93701,33.17083],[129.93657,33.17097],[129.93619,33.17164],[129.93591,33.17238],[129.93528,33.17189],[129.93488,33.17114],[129.93485,33.17067],[129.9351,33.1704],[129.93605,33.1702],[129.93651,33.17029]]]},"properties":{"hoanrinKind":"保安林"}},
{"type":"Feature","geometry":{"type":"Polygon","coordinates":[[[130.14817,33.45872],[130.14776,33.45841],[130.14766,33.45733],[130.14797,33.45715],[130.14883,33.45707],[130.14958,33.45719],[130.14963,33.45771],[130.14945,33.45816],[130.14865,33.4587],[130.14817,33.45872]]]},"properties":{"hoanrinKind":"保安林"}},
{"type":"Feature","geometry":{"type":"Polygon","coordinates":[[[130.09803,33.13253],[130.09845,33.13279],[130.09836,33.13394],[130.09796,33.13416],[130.09687,33.13417],[130.09672,33.13404],[130.09664,33.13307],[130.09695,33.13264],[130.09762,33.13244],[130.09803,33.13253]]]},"properties":{"hoanrinKind":"保安林"}},
{"type":"Feature","geometry":{"type":"Polygon","coordinates":[[[130.34506,33.37775],[130.34478,33.37754],[130.34406,33.37759],[130.34371,33.37725],[130.34459,33.37649],[130.34493,33.37636],[130.34569,33.37638],[130.34608,33.37682],[130.34506,33.37775]]]},"properties":{"hoanrinKind":"保安林"}},
{"type":"Feature","geometry":{"type":"Polygon","coordinates":[[[130.49223,33.41276],[130.49315,33.41476],[130.49281,33.41487],[130.4918,33.41456],[130.49115,33.41415],[130.49111,33.41379],[130.4915,33.41289],[130.49223,33.41276]]]},"properties":{"hoanrinKind":"保安林"}},
{"type":"Feature","geometry":{"type":"Polygon","coordinates":[[[130.03486,33.23996],[130.0355,33.24038],[130.03632,33.24218],[130.03621,33.24258],[130.03571,33.24269],[130.03531,33.24241],[130.03502,33.24184],[130.03464,33.24055],[130.03429,33.24009],[130.03486,33.23996]]]},"properties":{"hoanrinKind":"保安林"}},
{"type":"Feature","geometry":{"type":"Polygon","coordinates":[[[130.05106,33.30443],[130.05048,33.30451],[130.05036,33.30408],[130.05056,33.30303],[130.05116,33.30237],[130.05192,33.30221],[130.05208,33.30281],[130.0517,33.30349],[130.05182,33.30414],[130.05106,33.30443]]]},"properties":{"hoanrinKind":"保安林"}},
{"type":"Feature","geometry":{"type":"Polygon","coordinates":[[[130.04585,33.1296],[130.04568,33.13025],[130.04465,33.13029],[130.04419,33.13096],[130.04368,33.13106],[130.04329,33.13063],[130.04317,33.12986],[130.04379,33.12953],[130.04493,33.12958],[130.04538,33.12936],[130.04585,33.1296]]]},"properties":{"hoanrinKind":"保安林"}},
{"type":"Feature","geometry":{"type":"Polygon","coordinates":[[[129.82721,33.443],[129.82723,33.44351],[129.82686,33.4436],[129.82588,33.44271],[129.82554,33.44231],[129.82556,33.44184],[129.82586,33.4416],[129.8263,33.44167],[129.82667,33.44194],[129.82697,33.44258],[129.82772,33.44267],[129.82775,33.4431],[129.82721,33.443]]]},"properties":{"hoanrinKind":"保安林"}},
{"type":"Feature","geometry":{"type":"Polygon","coordinates":[[[130.1861,33.36566],[130.18629,33.36582],[130.18587,33.36626],[130.18463,33.36725],[130.18402,33.36717],[130.18412,33.36639],[130.18394,33.36592],[130.18402,33.36528],[130.18449,33.36555],[130.18586,33.36552],[130.1861,33.36566]]]},"properties":{"hoanrinKind":"保安林"}},
{"type":"Feature","geometry":{"type":"Polygon","coordinates":[[[130.08513,33.40804],[130.08454,33.40828],[130.08268,33.40836],[130.08255,33.40782],[130.08322,33.40751],[130.08345,33.40696],[130.08406,33.40687],[130.08486,33.4074],[130.08513,33.40804]]]},"properties":{"hoanrinKind":"保安林"}},
{"type":"Feature","geometry":{"type":"Polygon","coordinates":[[[129.85129,33.43968],[129.85108,33.44012],[129.85058,33.43976],[129.85036,33.43938],[129.8497,33.43886],[129.84981,33.43843],[129.85142,33.43823],[129.85145,33.43892],[129.85108,33.43905],[129.85099,33.43951],[129.85129,33.43968]]]},"properties":{"hoanrinKind":"保安林"}},
{"type":"Feature","geometry":{"type":"Polygon","coordinates":[[[130.02828,33.31958],[130.02872,33.31992],[130.02879,33.32055],[130.02836,33.32128],[130.0275,33.32135],[130.02712,33.32108],[130.0272,33.31985],[130.02775,33.31924],[130.02828,33.31958]]]},"properties":{"hoanrinKind":"保安林"}},
{"type":"Feature","geometry":{"type":"Polygon","coordinates":[[[130.08034,33.29101],[130.08044,33.29244],[130.08038,33.29296],[130.07953,33.29255],[130.0786,33.29187],[130.07863,33.2916],[130.07914,33.29124],[130.07928,33.29085],[130.08004,33.2907],[130.08034,33.29101]]]},"properties":{"hoanrinKind":"保安林"}},
{"type":"Feature","geometry":{"type":"Polygon","coordinates":[[[130.18029,33.45356],[130.18098,33.45396],[130.18085,33.45491],[130.1804,33.45552],[130.17971,33.4557],[130.17946,33.45549],[130.17937,33.45438],[130.17947,33.4539],[130.17979,33.45354],[130.18029,33.45356]]]},"properties":{"hoanrinKind":"保安林"}},
{"type":"Feature","geometry":{"type":"Polygon","coordinates":[[[129.93568,33.40584],[129.93632,33.40665],[129.93626,33.40698],[129.93575,33.40746],[129.93552,33.40618],[129.93536,33.40577],[129.93451,33.40562],[129.93405,33.40577],[129.93403,33.40633],[129.93372,33.40667],[129.93348,33.40584],[129.93323,33.40541],[129.93332,33.40488],[129.93374,33.40475],[129.9343,33.40508],[129.93502,33.40533],[129.93568,33.40584]]]},"properties":{"hoanrinKind":"保安林"}},
{"type":"Feature","geometry":{"type":"Polygon","coordinates":[[[129.96823,33.11723],[129.96886,33.1176],[129.96892,33.11822],[129.96798,33.11836],[129.96752,33.11856],[129.96719,33.1182],[129.96598,33.118],[129.96625,33.11749],[129.96771,33.11716],[129.96823,33.11723]]]},"properties":{"hoanrinKind":"保安林"}},
{"type":"Feature","geometry":{"type":"Polygon","coordinates":[[[130.04018,33.2514],[130.04107,33.25168],[130.04175,33.25309],[130.04218,33.25362],[130.04225,33.25407],[130.04193,33.25432],[130.04094,33.25281],[130.03976,33.25218],[130.0393,33.2515],[130.03932,33.2513],[130.04018,33.2514]]]},"properties":{"hoanrinKind":"保安林"}},
{"type":"Feature","geometry":{"type":"Polygon","coordinates":[[[130.46606,33.41716],[130.46741,33.41797],[130.46821,33.41866],[130.46775,33.41884],[130.46622,33.41856],[130.46568,33.41828],[130.46499,33.41727],[130.46513,33.41711],[130.46606,33.41716]]]},"properties":{"hoanrinKind":"保安林"}},
{"type":"Feature","geometry":{"type":"Polygon","coordinates":[[[130.375,33.35899],[130.37516,33.36033],[130.37466,33.36055],[130.37396,33.36053],[130.37348,33.36037],[130.37329,33.36002],[130.37356,33.35921],[130.37383,33.35886],[130.37465,33.35879],[130.375,33.35899]]]},"properties":{"hoanrinKind":"保安林"}},
{"type":"Feature","geometry":{"type":"Polygon","coordinates":[[[130.03615,33.35911],[130.03654,33.35947],[130.03662,33.36011],[130.03616,33.36015],[130.03593,33.36053],[130.0361,33.3612],[130.03574,33.36135],[130.03516,33.36113],[130.03485,33.3607],[130.03466,33.36008],[130.03532,33.36001],[130.03541,33.35972],[130.03487,33.35922],[130.03588,33.35901],[130.03615,33.35911]]]},"properties":{"hoanrinKind":"保安林"}},
{"type":"Feature","geometry":{"type":"Polygon","coordinates":[[[130.10258,33.31019],[130.10264,33.31046],[130.10177,33.31212],[130.10155,33.31223],[130.10005,33.31251],[130.09987,33.31227],[130.09998,33.31181],[130.1015,33.31095],[130.10228,33.31019],[130.10258,33.31019]]]},"properties":{"hoanrinKind":"保安林"}},
{"type":"Feature","geometry":{"type":"Polygon","coordinates":[[[130.12521,33.30232],[130.12608,33.30322],[130.1272,33.30397],[130.12681,33.30448],[130.12584,33.30435],[130.12493,33.30366],[130.12472,33.30318],[130.12482,33.30223],[130.12521,33.30232]]]},"properties":{"hoanrinKind":"保安林"}},
{"type":"Feature","geometry":{"type":"Polygon","coordinates":[[[130.26267,33.38139],[130.26281,33.38187],[130.26259,33.38261],[130.26228,33.38292],[130.26176,33.38307],[130.26123,33.38268],[130.26125,33.38132],[130.26165,33.3813],[130.26181,33.38085],[130.26264,33.38087],[130.26267,33.38139]]]},"properties":{"hoanrinKind":"保安林"}},
{"type":"Feature","geometry":{"type":"Polygon","coordinates":[[[129.93493,33.48156],[129.93562,33.48186],[129.9359,33.48216],[129.93569,33.48264],[129.93491,33.48348],[129.93421,33.48313],[129.93443,33.4822],[129.93493,33.48156]]]},"properties":{"hoanrinKind":"保安林"}},
{"type":"Feature","geometry":{"type":"Polygon","coordinates":[[[130.23004,33.35932],[130.23152,33.35977],[130.23243,33.36025],[130.23241,33.36076],[130.23086,33.36054],[130.23028,33.36052],[130.22924,33.36018],[130.22925,33.35973],[130.23004,33.35932]]]},"properties":{"hoanrinKind":"保安林"}},
{"type":"Feature","geometry":{"type":"Polygon","coordinates":[[[130.36739,33.35915],[130.36716,33.35988],[130.36647,33.36057],[130.36613,33.36035],[130.36595,33.3589],[130.36769,33.35851],[130.36739,33.35915]]]},"properties":{"hoanrinKind":"保安林"}},
{"type":"Feature","geometry":{"type":"Polygon","coordinates":[[[130.16083,33.35608],[130.16037,33.35658],[130.16012,33.35651],[130.15872,33.35647],[130.15808,33.35613],[130.15852,33.35577],[130.1605,33.35557],[130.16082,33.3557],[130.16083,33.35608]]]},"properties":{"hoanrinKind":"保安林"}},
{"type":"Feature","geometry":{"type":"Polygon","coordinates":[[[130.31481,33.37244],[130.31492,33.37293],[130.31471,33.37331],[130.31436,33.3746],[130.31354,33.37466],[130.31332,33.37426],[130.31353,33.37259],[130.31383,33.37229],[130.31433,33.37222],[130.31481,33.37244]]]},"properties":{"hoanrinKind":"保安林"}},
{"type":"Feature","geometry":{"type":"Polygon","coordinates":[[[130.22443,33.44447],[130.22433,33.44479],[130.22381,33.44511],[130.22279,33.4451],[130.22314,33.44478],[130.22369,33.44467],[130.22347,33.44421],[130.22209,33.44425],[130.22222,33.44392],[130.22328,33.44296],[130.22367,33.44294],[130.224,33.44322],[130.22443,33.44447]]]},"properties":{"hoanrinKind":"保安林"}},
{"type":"Feature","geometry":{"type":"Polygon","coordinates":[[[130.09565,33.22572],[130.09493,33.22559],[130.09445,33.22482],[130.09397,33.22454],[130.09417,33.22386],[130.09493,33.22365],[130.09487,33.22449],[130.09529,33.22504],[130.0952,33.22539],[130.09565,33.22572]]]},"properties":{"hoanrinKind":"保安林"}},
{"type":"Feature","geometry":{"type":"Polygon","coordinates":[[[130.04819,33.3388],[130.04768,33.33896],[130.04712,33.33933],[130.04695,33.33972],[130.04647,33.33941],[130.04508,33.3389],[130.04543,33.33851],[130.04634,33.33853],[130.04685,33.33787],[130.04851,33.33826],[130.04819,33.3388]]]},"properties":{"hoanrinKind":"保安林"}},
{"type":"Feature","geometry":{"type":"Polygon","coordinates":[[[130.26377,33.38539],[130.2637,33.38592],[130.26394,33.38639],[130.26369,33.38665],[130.263,33.38679],[130.26191,33.38671],[130.26164,33.3862],[130.26168,33.38545],[130.26183,33.38534],[130.26356,33.38528],[130.26377,33.38539]]]},"properties":{"hoanrinKind":"保安林"}},
{"type":"Feature","geometry":{"type":"Polygon","coordinates":[[[129.98619,33.22948],[129.98625,33.22991],[129.98602,33.23021],[129.98491,33.23071],[129.98381,33.23036],[129.98378,33.22948],[129.98467,33.22944],[129.98531,33.2291],[129.98613,33.22909],[129.98619,33.22948]]]},"properties":{"hoanrinKind":"保安林"}},
{"type":"Feature","geometry":{"type":"Polygon","coordinates":[[[130.26965,33.38231],[130.26988,33.38241],[130.27017,33.38303],[130.27026,33.38408],[130.27011,33.38427],[130.26917,33.38437],[130.2684,33.38407],[130.26836,33.38339],[130.26889,33.38289],[130.26931,33.38225],[130.26965,33.38231]]]},"properties":{"hoanrinKind":"保安林"}},
{"type":"Feature","geometry":{"type":"Polygon","coordinates":[[[130.08713,33.03122],[130.08751,33.03152],[130.08759,33.03233],[130.08807,33.03318],[130.08804,33.03349],[130.08707,33.03328],[130.08622,33.03286],[130.08612,33.03205],[130.08637,33.03131],[130.08713,33.03122]]]},"properties":{"hoanrinKind":"保安林"}},
{"type":"Feature","geometry":{"type":"Polygon","coordinates":[[[130.1383,33.03571],[130.13853,33.03616],[130.13707,33.03558],[130.13621,33.03546],[130.13599,33.03482],[130.13645,33.03466],[130.13692,33.03472],[130.1374,33.03426],[130.13819,33.03494],[130.13781,33.03555],[130.1383,33.03571]]]},"properties":{"hoanrinKind":"保安林"}},
{"type":"Feature","geometry":{"type":"Polygon","coordinates":[[[129.99824,33.32925],[129.99904,33.32985],[130.00012,33.33005],[130.00083,33.33045],[130.00075,33.33092],[129.99768,33.33048],[129.99743,33.32994],[129.99774,33.3293],[129.99824,33.32925]]]},"properties":{"hoanrinKind":"保安林"}},
{"type":"Feature","geometry":{"type":"Polygon","coordinates":[[[129.86525,33.24955],[129.86411,33.25021],[129.86369,33.2506],[129.8633,33.25027],[129.86333,33.2495],[129.86467,33.24822],[129.86475,33.24931],[129.86525,33.24955]]]},"properties":{"hoanrinKind":"保安林"}},
{"type":"Feature","geometry":{"type":"Polygon","coordinates":[[[129.85181,33.59643],[129.85204,33.59695],[129.85124,33.59816],[129.85135,33.59859],[129.85021,33.59887],[129.84955,33.59873],[129.84968,33.59843],[129.85042,33.59752],[129.85106,33.59662],[129.85138,33.59639],[129.85181,33.59643]]]},"properties":{"hoanrinKind":"保安林"}},
{"type":"Feature","geometry":{"type":"Polygon","coordinates":[[[129.95716,33.15935],[129.95759,33.15984],[129.95739,33.1605],[129.95695,33.16079],[129.95613,33.1606],[129.95572,33.15971],[129.95531,33.15915],[129.95542,33.15877],[129.95639,33.15857],[129.95638,33.15912],[129.95716,33.15935]]]},"properties":{"hoanrinKind":"保安林"}},
{"type":"Feature","geometry":{"type":"Polygon","coordinates":[[[130.03829,33.28539],[130.03847,33.28609],[130.03846,33.28668],[130.03815,33.28727],[130.03785,33.28746],[130.03748,33.28733],[130.03685,33.28667],[130.03673,33.28591],[130.03727,33.2852],[130.03804,33.28513],[130.03829,33.28539]]]},"properties":{"hoanrinKind":"保安林"}},
{"type":"Feature","geometry":{"type":"Polygon","coordinates":[[[130.04768,33.35213],[130.04877,33.35257],[130.04906,33.35297],[130.04893,33.3536],[130.04861,33.35391],[130.0477,33.35404],[130.04759,33.35326],[130.04675,33.35291],[130.04658,33.35235],[130.04736,33.35206],[130.04768,33.35213]]]},"properties":{"hoanrinKind":"保安林"}},
{"type":"Feature","geometry":{"type":"Polygon","coordinates":[[[130.09562,33.33254],[130.09339,33.33239],[130.09292,33.33213],[130.09387,33.33087],[130.09422,33.33061],[130.09472,33.33088],[130.09498,33.33137],[130.09567,33.3323],[130.09562,33.33254]]]},"properties":{"hoanrinKind":"保安林"}},
{"type":"Feature","geometry":{"type":"Polygon","coordinates":[[[130.0141,33.19802],[130.01415,33.19837],[130.0135,33.19865],[130.01326,33.19955],[130.01263,33.19933],[130.01204,33.19875],[130.01203,33.19814],[130.01226,33.19786],[130.01295,33.19747],[130.01351,33.19794],[130.0141,33.19802]]]},"properties":{"hoanrinKind":"保安林"}},
{"type":"Feature","geometry":{"type":"Polygon","coordinates":[[[129.95908,33.14753],[129.95929,33.14768],[129.95957,33.1484],[129.96,33.1491],[129.96039,33.14994],[129.96009,33.15044],[129.95913,33.15003],[129.95859,33.14863],[129.95859,33.14759],[129.95908,33.14753]]]},"properties":{"hoanrinKind":"保安林"}},
{"type":"Feature","geometry":{"type":"Polygon","coordinates":[[[130.21989,33.43399],[130.22009,33.43411],[130.22115,33.43548],[130.22185,33.43589],[130.22265,33.43614],[130.22279,33.43637],[130.2224,33.43677],[130.22152,33.43654],[130.22058,33.436],[130.22045,33.43553],[130.2195,33.43515],[130.2195,33.43407],[130.21989,33.43399]]]},"properties":{"hoanrinKind":"保安林"}},
{"type":"Feature","geometry":{"type":"Polygon","coordinates":[[[130.09341,33.13238],[130.09326,33.13316],[130.09264,33.13391],[130.09214,33.13395],[130.09165,33.13356],[130.09139,33.13271],[130.09148,33.13169],[130.09178,33.13203],[130.09343,33.13209],[130.09341,33.13238]]]},"properties":{"hoanrinKind":"保安林"}},
{"type":"Feature","geometry":{"type":"Polygon","coordinates":[[[130.1558,33.36751],[130.15577,33.36841],[130.1562,33.36934],[130.15608,33.36963],[130.15548,33.36984],[130.15482,33.36979],[130.15459,33.36959],[130.15434,33.36832],[130.1546,33.36783],[130.15513,33.36751],[130.1558,33.36751]]]},"properties":{"hoanrinKind":"保安林"}},
{"type":"Feature","geometry":{"type":"Polygon","coordinates":[[[130.24194,33.37625],[130.24233,33.37645],[130.24199,33.37698],[130.24136,33.37768],[130.24105,33.37831],[130.24043,33.37823],[130.24015,33.37798],[130.23992,33.37711],[130.24009,33.3767],[130.2407,33.37638],[130.24139,33.37621],[130.24194,33.37625]]]},"properties":{"hoanrinKind":"保安林"}},
{"type":"Feature","geometry":{"type":"Polygon","coordinates":[[[129.93281,33.16759],[129.93183,33.16756],[129.93121,33.16688],[129.93201,33.16618],[129.93312,33.16589],[129.93376,33.16633],[129.93385,33.16672],[129.93345,33.1673],[129.93281,33.16759]]]},"properties":{"hoanrinKind":"保安林"}},
{"type":"Feature","geometry":{"type":"Polygon","coordinates":[[[130.20336,33.37078],[130.20428,33.37125],[130.20441,33.37185],[130.20371,33.37222],[130.20322,33.37223],[130.20273,33.37204],[130.20146,33.37133],[130.20151,33.37089],[130.20204,33.37072],[130.20285,33.37067],[130.20336,33.37078]]]},"properties":{"hoanrinKind":"保安林"}},
{"type":"Feature","geometry":{"type":"Polygon","coordinates":[[[130.03921,33.34266],[130.03841,33.34336],[130.03806,33.34273],[130.03775,33.34265],[130.03747,33.34159],[130.03783,33.3412],[130.03849,33.3409],[130.03895,33.34108],[130.03956,33.34188],[130.03951,33.34227],[130.03921,33.34266]]]},"properties":{"hoanrinKind":"保安林"}},
{"type":"Feature","geometry":{"type":"Polygon","coordinates":[[[130.2385,33.42815],[130.23829,33.42872],[130.23643,33.42787],[130.23627,33.42749],[130.23709,33.42677],[130.23722,33.42655],[130.23831,33.4267],[130.23852,33.42744],[130.2385,33.42815]]]},"properties":{"hoanrinKind":"保安林"}},
{"type":"Feature","geometry":{"type":"Polygon","coordinates":[[[130.16839,33.39228],[130.16889,33.39316],[130.16885,33.3934],[130.16829,33.3939],[130.1679,33.39453],[130.16741,33.39486],[130.16695,33.3948],[130.1668,33.39382],[130.16693,33.39344],[130.1676,33.39284],[130.16794,33.39236],[130.16839,33.39228]]]},"properties":{"hoanrinKind":"保安林"}},
{"type":"Feature","geometry":{"type":"Polygon","coordinates":[[[129.78226,33.30795],[129.78179,33.30873],[129.78076,33.30895],[129.78027,33.30756],[129.78162,33.30701],[129.78235,33.30718],[129.78335,33.30814],[129.78277,33.30815],[129.78226,33.30795]]]},"properties":{"hoanrinKind":"保安林"}},
{"type":"Feature","geometry":{"type":"Polygon","coordinates":[[[130.16866,33.44661],[130.1679,33.44646],[130.16724,33.4465],[130.16758,33.44588],[130.1681,33.44525],[130.169,33.44437],[130.16971,33.44487],[130.16958,33.44517],[130.16948,33.4461],[130.16866,33.44661]]]},"properties":{"hoanrinKind":"保安林"}},
{"type":"Feature","geometry":{"type":"Polygon","coordinates":[[[130.08478,33.31285],[130.08508,33.31306],[130.08576,33.31451],[130.08557,33.31489],[130.084,33.31495],[130.08367,33.3148],[130.08357,33.31411],[130.08451,33.31284],[130.08478,33.31285]]]},"properties":{"hoanrinKind":"保安林"}},
{"type":"Feature","geometry":{"type":"Polygon","coordinates":[[[130.14688,32.97814],[130.14666,32.97832],[130.14646,32.97916],[130.1461,32.97934],[130.14582,32.9789],[130.14638,32.97774],[130.1464,32.97694],[130.14674,32.97665],[130.1477,32.97681],[130.14833,32.97735],[130.14832,32.97782],[130.14799,32.97816],[130.14704,32.97802],[130.14688,32.97814]]]},"properties":{"hoanrinKind":"保安林"}},
{"type":"Feature","geometry":{"type":"Polygon","coordinates":[[[129.99391,33.30327],[129.99444,33.30437],[129.994,33.30461],[129.99305,33.3041],[129.99235,33.30362],[129.99141,33.30353],[129.99139,33.30312],[129.99189,33.3031],[129.99207,33.30272],[129.99326,33.30256],[129.9936,33.3027],[129.99391,33.30327]]]},"properties":{"hoanrinKind":"保安林"}},
{"type":"Feature","geometry":{"type":"Polygon","coordinates":[[[130.13479,33.36024],[130.13512,33.36051],[130.13491,33.36131],[130.13456,33.36185],[130.13387,33.36234],[130.13327,33.36252],[130.13279,33.36209],[130.13334,33.36118],[130.13352,33.36058],[130.1343,33.36015],[130.13479,33.36024]]]},"properties":{"hoanrinKind":"保安林"}},
{"type":"Feature","geometry":{"type":"Polygon","coordinates":[[[130.18311,33.45826],[130.18347,33.45892],[130.18334,33.4601],[130.18264,33.46046],[130.18224,33.46039],[130.1817,33.45979],[130.18151,33.45902],[130.18238,33.4583],[130.18311,33.45826]]]},"properties":{"hoanrinKind":"保安林"}},
{"type":"Feature","geometry":{"type":"Polygon","coordinates":[[[130.21686,33.43751],[130.21667,33.43811],[130.21636,33.43843],[130.21568,33.4382],[130.21519,33.4375],[130.2141,33.43739],[130.21423,33.43663],[130.21469,33.43635],[130.21515,33.43694],[130.21654,33.43697],[130.21686,33.43751]]]},"properties":{"hoanrinKind":"保安林"}},
{"type":"Feature","geometry":{"type":"Polygon","coordinates":[[[129.99948,33.32528],[129.99997,33.32551],[129.99999,33.32591],[129.99958,33.326],[129.99781,33.32551],[129.99782,33.32511],[129.99838,33.3246],[129.99843,33.32398],[129.99883,33.32371],[129.99914,33.32396],[129.99954,33.32461],[130.0003,33.32513],[129.99948,33.32528]]]},"properties":{"hoanrinKind":"保安林"}},
{"type":"Feature","geometry":{"type":"Polygon","coordinates":[[[129.94305,33.10805],[129.94235,33.10873],[129.94211,33.10916],[129.94098,33.10897],[129.9406,33.10862],[129.94101,33.10827],[129.94064,33.1076],[129.94109,33.10742],[129.94301,33.10738],[129.94305,33.10805]]]},"properties":{"hoanrinKind":"保安林"}},
{"type":"Feature","geometry":{"type":"Polygon","coordinates":[[[130.09123,33.07433],[130.0909,33.07496],[130.09051,33.07495],[130.09001,33.07442],[130.0905,33.07385],[130.09109,33.07346],[130.09168,33.07342],[130.09225,33.07313],[130.09321,33.07359],[130.09325,33.07388],[130.09227,33.07475],[130.09175,33.07435],[130.09123,33.07433]]]},"properties":{"hoanrinKind":"保安林"}},
{"type":"Feature","geometry":{"type":"Polygon","coordinates":[[[129.95857,33.242],[129.95932,33.24258],[129.95924,33.2429],[129.95823,33.2438],[129.95762,33.24489],[129.95723,33.24473],[129.95723,33.24404],[129.95745,33.24346],[129.9576,33.24224],[129.95791,33.24188],[129.95831,33.24175],[129.95857,33.242]]]},"properties":{"hoanrinKind":"保安林"}},
{"type":"Feature","geometry":{"type":"Polygon","coordinates":[[[130.08335,33.32747],[130.08408,33.32789],[130.08407,33.32845],[130.08356,33.32876],[130.0823,33.32882],[130.08157,33.32864],[130.08124,33.3284],[130.08114,33.32792],[130.08228,33.32744],[130.08335,33.32747]]]},"properties":{"hoanrinKind":"保安林"}},
{"type":"Feature","geometry":{"type":"Polygon","coordinates":[[[130.23126,33.40578],[130.23061,33.40578],[130.23014,33.40533],[130.23001,33.40382],[130.23048,33.40359],[130.23118,33.40399],[130.23186,33.40451],[130.23257,33.40461],[130.23193,33.40524],[130.23107,33.40535],[130.23126,33.40578]]]},"properties":{"hoanrinKind":"保安林"}},
{"type":"Feature","geometry":{"type":"Polygon","coordinates":[[[129.95056,33.39235],[129.95051,33.39263],[129.94987,33.39235],[129.94862,33.39224],[129.94825,33.39156],[129.94854,33.39138],[129.94925,33.3901],[129.9495,33.39011],[129.95027,33.39062],[129.95037,33.39134],[129.94992,33.39185],[129.95056,33.39235]]]},"properties":{"hoanrinKind":"保安林"}},
{"type":"Feature","geometry":{"type":"Polygon","coordinates":[[[129.96974,33.52956],[129.96845,33.52931],[129.96715,33.52953],[129.96653,33.52943],[129.96644,33.52895],[129.96739,33.52826],[129.96838,33.52839],[129.96904,33.52831],[129.9699,33.52893],[129.96974,33.52956]]]},"properties":{"hoanrinKind":"保安林"}},
{"type":"Feature","geometry":{"type":"Polygon","coordinates":[[[130.05273,33.25676],[130.05174,33.25683],[130.05073,33.2561],[130.04986,33.25589],[130.04918,33.25552],[130.04837,33.25542],[130.04822,33.25511],[130.04885,33.25483],[130.04935,33.25484],[130.05074,33.25553],[130.05193,33.25578],[130.05282,33.2563],[130.05273,33.25676]]]},"properties":{"hoanrinKind":"保安林"}},
{"type":"Feature","geometry":{"type":"Polygon","coordinates":[[[130.09323,33.24599],[130.09318,33.24661],[130.09276,33.24639],[130.09257,33.24578],[130.09261,33.24534],[130.09295,33.24479],[130.09285,33.24424],[130.09342,33.2433],[130.09385,33.24372],[130.09423,33.24441],[130.09417,33.24491],[130.09276,33.24565],[130.09274,33.24599],[130.09323,33.24599]]]},"properties":{"hoanrinKind":"保安林"}},
{"type":"Feature","geometry":{"type":"Polygon","coordinates":[[[130.01653,33.12969],[130.01638,33.13012],[130.01585,33.12967],[130.01543,33.12953],[130.01479,33.12954],[130.01435,33.12977],[130.01369,33.12976],[130.01364,33.12941],[130.01429,33.12906],[130.01504,33.12924],[130.01593,33.12922],[130.01653,33.12969]]]},"properties":{"hoanrinKind":"保安林"}},
{"type":"Feature","geometry":{"type":"Polygon","coordinates":[[[130.33416,33.34093],[130.33461,33.34242],[130.3352,33.34301],[130.33486,33.34391],[130.33448,33.34385],[130.33371,33.34274],[130.3329,33.34172],[130.33292,33.34132],[130.33321,33.34094],[130.33416,33.34093]]]},"properties":{"hoanrinKind":"保安林"}},
{"type":"Feature","geometry":{"type":"Polygon","coordinates":[[[130.0987,33.13518],[130.09883,33.1355],[130.09726,33.13664],[130.09606,33.13723],[130.09605,33.13642],[130.09623,33.13566],[130.09671,33.13515],[130.09793,33.135],[130.0987,33.13518]]]},"properties":{"hoanrinKind":"保安林"}},
{"type":"Feature","geometry":{"type":"Polygon","coordinates":[[[130.06718,33.06861],[130.06716,33.0693],[130.06664,33.06926],[130.06594,33.06865],[130.06491,33.06842],[130.06506,33.06759],[130.06581,33.06731],[130.0659,33.06669],[130.06641,33.06685],[130.06662,33.06745],[130.06716,33.06806],[130.06718,33.06861]]]},"properties":{"hoanrinKind":"保安林"}},
{"type":"Feature","geometry":{"type":"Polygon","coordinates":[[[129.91204,33.23579],[129.91258,33.23615],[129.91259,33.23687],[129.91281,33.2375],[129.91266,33.23794],[129.91224,33.23798],[129.91126,33.23756],[129.91077,33.23706],[129.91071,33.23601],[129.91161,33.2357],[129.91204,33.23579]]]},"properties":{"hoanrinKind":"保安林"}},
{"type":"Feature","geometry":{"type":"Polygon","coordinates":[[[130.15679,33.45035],[130.15755,33.45085],[130.15795,33.45182],[130.15781,33.45215],[130.1566,33.45232],[130.15611,33.45274],[130.15582,33.45264],[130.15554,33.45207],[130.15584,33.45132],[130.15641,33.45043],[130.15679,33.45035]]]},"properties":{"hoanrinKind":"保安林"}},
{"type":"Feature","geometry":{"type":"Polygon","coordinates":[[[130.35418,33.36913],[130.35381,33.36913],[130.35278,33.36952],[130.35235,33.36897],[130.35285,33.36865],[130.35331,33.36798],[130.35346,33.36742],[130.35381,33.3674],[130.35514,33.36765],[130.35496,33.36827],[130.35511,33.36918],[130.35418,33.36913]]]},"properties":{"hoanrinKind":"保安林"}},
{"type":"Feature","geometry":{"type":"Polygon","coordinates":[[[130.11156,33.45282],[130.11138,33.45341],[130.11107,33.45374],[130.10992,33.45379],[130.10954,33.45334],[130.10993,33.45211],[130.11043,33.45202],[130.11043,33.4517],[130.11175,33.45185],[130.11156,33.45282]]]},"properties":{"hoanrinKind":"保安林"}},
{"type":"Feature","geometry":{"type":"Polygon","coordinates":[[[130.16124,33.4491],[130.16174,33.45035],[130.16203,33.45073],[130.16192,33.45132],[130.16072,33.45192],[130.16031,33.45176],[130.16047,33.45137],[130.16065,33.45032],[130.1601,33.44895],[130.16104,33.44862],[130.16124,33.4491]]]},"properties":{"hoanrinKind":"保安林"}},
{"type":"Feature","geometry":{"type":"Polygon","coordinates":[[[130.32429,33.39373],[130.32488,33.39421],[130.32489,33.39467],[130.32465,33.39511],[130.3242,33.39538],[130.32351,33.39549],[130.32295,33.39535],[130.32252,33.395],[130.32242,33.39456],[130.32274,33.3938],[130.32368,33.39357],[130.32429,33.39373]]]},"properties":{"hoanrinKind":"保安林"}},
{"type":"Feature","geometry":{"type":"Polygon","coordinates":[[[130.09691,33.25481],[130.09764,33.25523],[130.09792,33.25577],[130.0978,33.2571],[130.09742,33.25731],[130.09674,33.25741],[130.09624,33.25717],[130.09634,33.25617],[130.09601,33.25522],[130.09643,33.25478],[130.09691,33.25481]]]},"properties":{"hoanrinKind":"保安林"}},
{"type":"Feature","geometry":{"type":"Polygon","coordinates":[[[129.86353,33.18571],[129.86323,33.18584],[129.86174,33.18405],[129.86304,33.18407],[129.86367,33.18429],[129.8642,33.18424],[129.86422,33.18465],[129.86456,33.1847],[129.86482,33.18514],[129.86399,33.1854],[129.86353,33.18571]]]},"properties":{"hoanrinKind":"保安林"}},
{"type":"Feature","geometry":{"type":"Polygon","coordinates":[[[130.30016,33.41509],[130.30195,33.41621],[130.30221,33.41685],[130.30196,33.41715],[130.30083,33.41722],[130.30011,33.41699],[130.29974,33.4164],[130.29953,33.41558],[130.29963,33.41526],[130.30016,33.41509]]]},"properties":{"hoanrinKind":"保安林"}},
{"type":"Feature","geometry":{"type":"Polygon","coordinates":[[[129.91708,33.2851],[129.91691,33.28535],[129.91612,33.28531],[129.91588,33.28504],[129.916,33.28423],[129.91718,33.28289],[129.91756,33.28296],[129.91815,33.28488],[129.91742,33.2852],[129.91708,33.2851]]]},"properties":{"hoanrinKind":"保安林"}},
{"type":"Feature","geometry":{"type":"Polygon","coordinates":[[[129.87834,33.22088],[129.87846,33.22158],[129.87797,33.22316],[129.87673,33.22237],[129.87617,33.22152],[129.87704,33.2213],[129.87776,33.22095],[129.87834,33.22088]]]},"properties":{"hoanrinKind":"保安林"}},
{"type":"Feature","geometry":{"type":"Polygon","coordinates":[[[130.28317,33.38955],[130.28361,33.3898],[130.28375,33.39111],[130.28352,33.39228],[130.28296,33.39259],[130.28234,33.39246],[130.28208,33.39207],[130.28204,33.39141],[130.28262,33.39025],[130.28277,33.38974],[130.28317,33.38955]]]},"properties":{"hoanrinKind":"保安林"}},
{"type":"Feature","geometry":{"type":"Polygon","coordinates":[[[129.98674,33.06345],[129.9865,33.06406],[129.98618,33.06425],[129.98557,33.06431],[129.98572,33.06375],[129.98571,33.06312],[129.98487,33.06292],[129.98445,33.06237],[129.98583,33.06185],[129.9866,33.06185],[129.98718,33.062],[129.98714,33.06264],[129.98649,33.06255],[129.98639,33.06283],[129.98683,33.06305],[129.98674,33.06345]]]},"properties":{"hoanrinKind":"保安林"}},
{"type":"Feature","geometry":{"type":"Polygon","coordinates":[[[129.93469,33.16914],[129.93492,33.16968],[129.93463,33.16986],[129.93368,33.17004],[129.93316,33.17023],[129.93272,33.17059],[129.93155,33.17183],[129.93079,33.172],[129.93062,33.17147],[129.93194,33.17059],[129.93234,33.16976],[129.93261,33.16953],[129.934,33.16896],[129.93469,33.16914]]]},"properties":{"hoanrinKind":"保安林"}},
{"type":"Feature","geometry":{"type":"Polygon","coordinates":[[[130.17969,33.45612],[130.18021,33.45656],[130.18085,33.45686],[130.18044,33.45736],[130.18023,33.45806],[130.17888,33.45842],[130.17858,33.45815],[130.1787,33.45716],[130.17863,33.45629],[130.17933,33.45598],[130.17969,33.45612]]]},"properties":{"hoanrinKind":"保安林"}},
{"type":"Feature","geometry":{"type":"Polygon","coordinates":[[[129.9397,33.406],[129.93796,33.40497],[129.9386,33.40466],[129.93885,33.40418],[129.93937,33.40441],[129.94068,33.40467],[129.94164,33.40512],[129.94172,33.40549],[129.9413,33.4058],[129.94012,33.4058],[129.9397,33.406]]]},"properties":{"hoanrinKind":"保安林"}},
{"type":"Feature","geometry":{"type":"Polygon","coordinates":[[[129.92622,33.28546],[129.92632,33.28559],[129.92649,33.28705],[129.92676,33.28784],[129.9267,33.28855],[129.92715,33.28969],[129.92641,33.28913],[129.92548,33.28892],[129.92533,33.28854],[129.92569,33.28769],[129.92542,33.28601],[129.92588,33.28545],[129.92622,33.28546]]]},"properties":{"hoanrinKind":"保安林"}},
{"type":"Feature","geometry":{"type":"Polygon","coordinates":[[[130.03733,33.10728],[130.03811,33.10781],[130.03817,33.10824],[130.0371,33.10934],[130.03646,33.10898],[130.03604,33.1085],[130.03547,33.10829],[130.0353,33.10754],[130.03688,33.10727],[130.03733,33.10728]]]},"properties":{"hoanrinKind":"保安林"}},
{"type":"Feature","geometry":{"type":"Polygon","coordinates":[[[129.89467,33.30251],[129.89419,33.30326],[129.8934,33.30375],[129.89183,33.30227],[129.89169,33.30183],[129.89195,33.30136],[129.89254,33.30152],[129.89328,33.30212],[129.89363,33.30221],[129.89373,33.30169],[129.89428,33.30163],[129.89421,33.30203],[129.89482,33.30203],[129.89467,33.30251]]]},"properties":{"hoanrinKind":"保安林"}},
{"type":"Feature","geometry":{"type":"Polygon","coordinates":[[[130.25476,33.39535],[130.25501,33.39554],[130.25508,33.39654],[130.25475,33.39856],[130.25447,33.39911],[130.25389,33.39903],[130.25386,33.39701],[130.25373,33.39592],[130.25385,33.39549],[130.25476,33.39535]]]},"properties":{"hoanrinKind":"保安林"}},
{"type":"Feature","geometry":{"type":"Polygon","coordinates":[[[130.5158,33.44098],[130.51617,33.44138],[130.51638,33.44219],[130.51628,33.44253],[130.5159,33.44283],[130.51461,33.44299],[130.51414,33.44285],[130.51362,33.44239],[130.51362,33.44195],[130.51384,33.44172],[130.5158,33.44098]]]},"properties":{"hoanrinKind":"保安林"}},
{"type":"Feature","geometry":{"type":"Polygon","coordinates":[[[130.28634,33.39922],[130.28586,33.39929],[130.28535,33.39912],[130.28453,33.39915],[130.28457,33.39857],[130.28518,33.39791],[130.28508,33.39658],[130.28543,33.39641],[130.28628,33.39653],[130.28645,33.39791],[130.28649,33.399],[130.28634,33.39922]]]},"properties":{"hoanrinKind":"保安林"}},
{"type":"Feature","geometry":{"type":"Polygon","coordinates":[[[129.94669,33.36781],[129.94624,33.36823],[129.94586,33.36776],[129.94615,33.36663],[129.94608,33.36536],[129.94629,33.36503],[129.94674,33.36504],[129.94773,33.36527],[129.94771,33.3658],[129.94747,33.36601],[129.94677,33.36609],[129.94632,33.36722],[129.94678,33.36738],[129.94669,33.36781]]]},"properties":{"hoanrinKind":"保安林"}},
{"type":"Feature","geometry":{"type":"Polygon","coordinates":[[[129.97689,33.11067],[129.97744,33.11106],[129.97737,33.11197],[129.9774,33.11404],[129.97664,33.11451],[129.97614,33.11359],[129.97629,33.11303],[129.9771,33.11241],[129.97731,33.11185],[129.977,33.11161],[129.9768,33.11099],[129.97689,33.11067]]]},"properties":{"hoanrinKind":"保安林"}},
{"type":"Feature","geometry":{"type":"Polygon","coordinates":[[[129.90389,33.17112],[129.90405,33.17166],[129.9044,33.17208],[129.90481,33.17349],[129.90308,33.17341],[129.90276,33.17332],[129.90261,33.17195],[129.90326,33.17075],[129.90389,33.17112]]]},"properties":{"hoanrinKind":"保安林"}},
{"type":"Feature","geometry":{"type":"Polygon","coordinates":[[[130.00364,33.05412],[130.00417,33.05456],[130.0042,33.05498],[130.00344,33.0557],[130.00288,33.05602],[130.00165,33.05589],[130.00169,33.05518],[130.00124,33.05454],[130.00135,33.05438],[130.0031,33.05407],[130.00364,33.05412]]]},"properties":{"hoanrinKind":"保安林"}},
{"type":"Feature","geometry":{"type":"Polygon","coordinates":[[[129.96904,33.18871],[129.96905,33.18907],[129.96855,33.1901],[129.96736,33.19148],[129.96644,33.19183],[129.96633,33.19116],[129.96668,33.19001],[129.96829,33.18891],[129.96904,33.18871]]]},"properties":{"hoanrinKind":"保安林"}},
{"type":"Feature","geometry":{"type":"Polygon","coordinates":[[[129.94979,33.49848],[129.95065,33.4994],[129.94975,33.49958],[129.94891,33.49991],[129.94756,33.4989],[129.94869,33.49751],[129.94952,33.49843],[129.94979,33.49848]]]},"properties":{"hoanrinKind":"保安林"}},
{"type":"Feature","geometry":{"type":"Polygon","coordinates":[[[130.1128,33.23568],[130.11282,33.23439],[130.11274,33.23348],[130.11293,33.23333],[130.11293,33.23267],[130.11334,33.23231],[130.11327,33.23195],[130.11399,33.23189],[130.11385,33.2329],[130.1134,33.23321],[130.11341,33.23365],[130.11379,33.23381],[130.11363,33.23454],[130.11429,33.23416],[130.11453,33.23449],[130.11416,33.23486],[130.1128,33.23568]]]},"properties":{"hoanrinKind":"保安林"}},
{"type":"Feature","geometry":{"type":"Polygon","coordinates":[[[130.3641,33.36854],[130.36367,33.36868],[130.36338,33.36905],[130.36314,33.36977],[130.36256,33.36977],[130.36184,33.36952],[130.36172,33.36849],[130.36218,33.36778],[130.36225,33.36747],[130.36354,33.36758],[130.36447,33.3682],[130.3641,33.36854]]]},"properties":{"hoanrinKind":"保安林"}},
{"type":"Feature","geometry":{"type":"Polygon","coordinates":[[[130.04543,33.35279],[130.04595,33.35344],[130.04536,33.35416],[130.04515,33.35461],[130.04406,33.35408],[130.04347,33.35401],[130.04232,33.35325],[130.04301,33.35288],[130.0453,33.35267],[130.04543,33.35279]]]},"properties":{"hoanrinKind":"保安林"}},
{"type":"Feature","geometry":{"type":"Polygon","coordinates":[[[130.2911,33.37651],[130.29149,33.37696],[130.29168,33.37749],[130.29156,33.37807],[130.29101,33.37878],[130.29035,33.37904],[130.28994,33.37894],[130.28958,33.37856],[130.28954,33.37773],[130.28993,33.3767],[130.29031,33.37637],[130.2911,33.37651]]]},"properties":{"hoanrinKind":"保安林"}},
{"type":"Feature","geometry":{"type":"Polygon","coordinates":[[[130.31093,33.37095],[130.3113,33.37163],[130.3117,33.37173],[130.31213,33.37325],[130.31206,33.3736],[130.31143,33.37361],[130.3103,33.37271],[130.30957,33.37205],[130.30944,33.37127],[130.31063,33.37114],[130.31093,33.37095]]]},"properties":{"hoanrinKind":"保安林"}},
{"type":"Feature","geometry":{"type":"Polygon","coordinates":[[[129.89225,33.17832],[129.89204,33.17913],[129.89162,33.17986],[129.89118,33.18012],[129.89033,33.17969],[129.89027,33.17921],[129.89075,33.1786],[129.89106,33.17743],[129.8918,33.17688],[129.89245,33.17679],[129.89225,33.17832]]]},"properties":{"hoanrinKind":"保安林"}},
{"type":"Feature","geometry":{"type":"Polygon","coordinates":[[[130.05871,33.20031],[130.05895,33.20064],[130.05868,33.20101],[130.05822,33.20106],[130.05786,33.20139],[130.05767,33.20206],[130.05669,33.20231],[130.05585,33.20187],[130.05575,33.20147],[130.05607,33.20121],[130.05677,33.20093],[130.05678,33.20041],[130.05726,33.20008],[130.05763,33.20005],[130.05871,33.20031]]]},"properties":{"hoanrinKind":"保安林"}},
{"type":"Feature","geometry":{"type":"Polygon","coordinates":[[[130.11265,33.35297],[130.11281,33.35352],[130.11246,33.35439],[130.11129,33.35447],[130.11079,33.35397],[130.11043,33.35392],[130.11045,33.35329],[130.1107,33.35281],[130.11142,33.35206],[130.11194,33.35259],[130.11265,33.35297]]]},"properties":{"hoanrinKind":"保安林"}},
{"type":"Feature","geometry":{"type":"Polygon","coordinates":[[[129.79739,33.28071],[129.79946,33.28091],[129.8001,33.28102],[129.80013,33.28125],[129.7989,33.28136],[129.79858,33.28159],[129.79681,33.28137],[129.79567,33.28087],[129.7946,33.28056],[129.79336,33.28035],[129.79349,33.27997],[129.79335,33.2795],[129.7943,33.27947],[129.79461,33.27967],[129.79511,33.2806],[129.79739,33.28071]]]},"properties":{"hoanrinKind":"保安林"}},
{"type":"Feature","geometry":{"type":"Polygon","coordinates":[[[130.3725,33.36599],[130.37251,33.36679],[130.37221,33.36694],[130.37156,33.3668],[130.37065,33.36593],[130.37032,33.36649],[130.36964,33.36633],[130.36903,33.36508],[130.37015,33.36482],[130.37082,33.36493],[130.37141,33.36535],[130.37189,33.36529],[130.37246,33.36565],[130.3725,33.36599]]]},"properties":{"hoanrinKind":"保安林"}},
{"type":"Feature","geometry":{"type":"Polygon","coordinates":[[[129.96604,33.34199],[129.96567,33.34217],[129.96507,33.34197],[129.96476,33.34159],[129.96438,33.34033],[129.96488,33.33984],[129.96596,33.33996],[129.96684,33.34111],[129.96698,33.34152],[129.96685,33.34194],[129.96646,33.34211],[129.96604,33.34199]]]},"properties":{"hoanrinKind":"保安林"}},
{"type":"Feature","geometry":{"type":"Polygon","coordinates":[[[130.14415,33.30544],[130.14479,33.30571],[130.14573,33.30579],[130.14581,33.30633],[130.14546,33.30668],[130.14447,33.30736],[130.14358,33.30754],[130.14317,33.30663],[130.14265,33.30627],[130.14287,33.30567],[130.14353,33.30541],[130.14415,33.30544]]]},"properties":{"hoanrinKind":"保安林"}},
{"type":"Feature","geometry":{"type":"Polygon","coordinates":[[[129.87793,33.41995],[129.87738,33.41991],[129.87683,33.41942],[129.87662,33.41891],[129.87689,33.41853],[129.87644,33.4183],[129.87728,33.41799],[129.87758,33.41817],[129.8794,33.41869],[129.87942,33.41964],[129.87894,33.41988],[129.87793,33.41995]]]},"properties":{"hoanrinKind":"保安林"}},
{"type":"Feature","geometry":{"type":"Polygon","coordinates":[[[130.01838,33.14589],[130.01737,33.14582],[130.01679,33.14591],[130.01627,33.14564],[130.01523,33.14551],[130.01517,33.1452],[130.0158,33.14467],[130.01585,33.14405],[130.01619,33.14369],[130.01656,33.14364],[130.01708,33.14415],[130.01763,33.14436],[130.01794,33.14478],[130.01796,33.14531],[130.01838,33.14589]]]},"properties":{"hoanrinKind":"保安林"}},
{"type":"Feature","geometry":{"type":"Polygon","coordinates":[[[130.00957,33.37374],[130.00886,33.37324],[130.0085,33.37344],[130.00817,33.37314],[130.00803,33.37267],[130.00843,33.37233],[130.00865,33.37169],[130.0089,33.37159],[130.00971,33.372],[130.01045,33.37169],[130.0109,33.37186],[130.01101,33.37245],[130.01036,33.37362],[130.00957,33.37374]]]},"properties":{"hoanrinKind":"保安林"}},
{"type":"Feature","geometry":{"type":"Polygon","coordinates":[[[130.33652,33.36493],[130.33601,33.36493],[130.33572,33.36445],[130.33586,33.36393],[130.33642,33.36342],[130.33792,33.36271],[130.33836,33.36276],[130.3388,33.36332],[130.33877,33.36382],[130.33783,33.3643],[130.33704,33.36395],[130.33652,33.36493]]]},"properties":{"hoanrinKind":"保安林"}},
{"type":"Feature","geometry":{"type":"Polygon","coordinates":[[[129.89996,33.2367],[129.89937,33.23704],[129.89874,33.2372],[129.89851,33.23701],[129.89857,33.23641],[129.89844,33.23576],[129.89911,33.23602],[129.89898,33.23633],[129.90004,33.2364],[129.90044,33.23621],[129.90046,33.23582],[129.90191,33.23546],[129.90243,33.2356],[129.90269,33.23601],[129.90264,33.23663],[129.90244,33.23695],[129.90185,33.23712],[129.90099,33.23671],[129.9003,33.23659],[129.89996,33.2367]]]},"properties":{"hoanrinKind":"保安林"}},
{"type":"Feature","geometry":{"type":"Polygon","coordinates":[[[129.97669,33.16376],[129.97642,33.16384],[129.97592,33.16336],[129.97488,33.16294],[129.97421,33.16248],[129.97356,33.16261],[129.9732,33.16239],[129.97354,33.16156],[129.97408,33.1611],[129.975,33.16096],[129.97557,33.16137],[129.97654,33.16307],[129.97622,33.16348],[129.97669,33.16376]]]},"properties":{"hoanrinKind":"保安林"}},
{"type":"Feature","geometry":{"type":"Polygon","coordinates":[[[130.15478,33.45523],[130.15421,33.45624],[130.15397,33.45574],[130.153,33.45553],[130.15288,33.45456],[130.15349,33.45426],[130.15373,33.45486],[130.15407,33.45505],[130.15456,33.45484],[130.1542,33.45436],[130.15373,33.45419],[130.15422,33.45352],[130.15467,33.45334],[130.15446,33.45249],[130.15474,33.45208],[130.15515,33.45197],[130.1555,33.45279],[130.15541,33.45371],[130.15478,33.45523]]]},"properties":{"hoanrinKind":"保安林"}},
{"type":"Feature","geometry":{"type":"Polygon","coordinates":[[[130.12866,33.22473],[130.12828,33.22505],[130.12755,33.22515],[130.12719,33.22602],[130.12677,33.22577],[130.12686,33.2251],[130.12727,33.2247],[130.12821,33.22453],[130.12792,33.22417],[130.12726,33.22434],[130.12682,33.2243],[130.12646,33.22466],[130.12646,33.22562],[130.12589,33.22528],[130.12562,33.22422],[130.1261,33.22383],[130.12732,33.22393],[130.12905,33.22398],[130.12866,33.22473]]]},"properties":{"hoanrinKind":"保安林"}},
{"type":"Feature","geometry":{"type":"Polygon","coordinates":[[[130.11698,33.00505],[130.11861,33.00552],[130.11902,33.00575],[130.11954,33.00663],[130.12003,33.00719],[130.12007,33.00755],[130.11946,33.00779],[130.11902,33.00776],[130.11936,33.00706],[130.11874,33.00667],[130.11689,33.00596],[130.11541,33.00548],[130.11475,33.00498],[130.11633,33.00493],[130.11698,33.00505]]]},"properties":{"hoanrinKind":"保安林"}},
{"type":"Feature","geometry":{"type":"Polygon","coordinates":[[[130.28316,33.37663],[130.28398,33.37729],[130.28455,33.37786],[130.28471,33.37826],[130.28464,33.37882],[130.28396,33.37919],[130.2832,33.37911],[130.28252,33.3786],[130.28223,33.37786],[130.28224,33.37682],[130.28275,33.37657],[130.28316,33.37663]]]},"properties":{"hoanrinKind":"保安林"}},
{"type":"Feature","geometry":{"type":"Polygon","coordinates":[[[130.03271,33.22947],[130.03337,33.23087],[130.0332,33.2315],[130.03273,33.23144],[130.03208,33.23102],[130.03192,33.23056],[130.03148,33.23009],[130.03136,33.2296],[130.03101,33.229],[130.03169,33.22894],[130.03204,33.22862],[130.03256,33.22875],[130.03271,33.22947]]]},"properties":{"hoanrinKind":"保安林"}},
{"type":"Feature","geometry":{"type":"Polygon","coordinates":[[[130.09162,33.07883],[130.09191,33.0793],[130.09163,33.07979],[130.09211,33.08028],[130.09216,33.08059],[130.09144,33.08112],[130.09147,33.08137],[130.09201,33.08159],[130.09204,33.08201],[130.09128,33.08285],[130.09065,33.08299],[130.09002,33.08282],[130.09004,33.08258],[130.09092,33.08096],[130.091,33.08005],[130.09076,33.0791],[130.09094,33.07889],[130.09162,33.07883]]]},"properties":{"hoanrinKind":"保安林"}},
{"type":"Feature","geometry":{"type":"Polygon","coordinates":[[[130.07514,33.29774],[130.07338,33.29724],[130.07327,33.29644],[130.07308,33.29606],[130.07356,33.29592],[130.07478,33.29627],[130.07547,33.29633],[130.07686,33.29619],[130.07778,33.29644],[130.0771,33.29673],[130.07705,33.29709],[130.07663,33.29723],[130.07531,33.29713],[130.07514,33.29774]]]},"properties":{"hoanrinKind":"保安林"}},
{"type":"Feature","geometry":{"type":"Polygon","coordinates":[[[129.99116,33.25038],[129.99003,33.25077],[129.98954,33.25032],[129.98945,33.24967],[129.99023,33.24931],[129.99032,33.24887],[129.99073,33.24854],[129.99145,33.24849],[129.99181,33.249],[129.99236,33.24933],[129.99296,33.24934],[129.99282,33.24986],[129.99204,33.25027],[129.99116,33.25038]]]},"properties":{"hoanrinKind":"保安林"}},
{"type":"Feature","geometry":{"type":"Polygon","coordinates":[[[129.95959,33.40792],[129.95848,33.40829],[129.95807,33.40896],[129.9572,33.409],[129.9564,33.40855],[129.95728,33.40766],[129.95706,33.40685],[129.95842,33.4064],[129.9592,33.40713],[129.95959,33.40792]]]},"properties":{"hoanrinKind":"保安林"}},
{"type":"Feature","geometry":{"type":"Polygon","coordinates":[[[130.15277,33.36989],[130.15292,33.37015],[130.1525,33.37069],[130.15141,33.37095],[130.15075,33.3709],[130.15076,33.37052],[130.15019,33.36958],[130.15002,33.36872],[130.15029,33.368],[130.15064,33.36795],[130.15088,33.36887],[130.15119,33.36932],[130.15173,33.36952],[130.15205,33.36923],[130.15277,33.36989]]]},"properties":{"hoanrinKind":"保安林"}},
{"type":"Feature","geometry":{"type":"Polygon","coordinates":[[[130.22813,33.43857],[130.22873,33.43942],[130.2292,33.44106],[130.22957,33.4418],[130.22884,33.44245],[130.22833,33.44235],[130.2281,33.442],[130.22776,33.4406],[130.22748,33.43995],[130.22737,33.43873],[130.22813,33.43857]]]},"properties":{"hoanrinKind":"保安林"}},
{"type":"Feature","geometry":{"type":"Polygon","coordinates":[[[130.2374,33.42309],[130.23814,33.4236],[130.23888,33.42369],[130.23945,33.42398],[130.2395,33.42435],[130.2392,33.42503],[130.23848,33.42538],[130.23759,33.42533],[130.23685,33.42494],[130.2367,33.42416],[130.23667,33.42336],[130.23679,33.42311],[130.2374,33.42309]]]},"properties":{"hoanrinKind":"保安林"}},
{"type":"Feature","geometry":{"type":"Polygon","coordinates":[[[130.06486,33.31302],[130.06489,33.31345],[130.06521,33.31388],[130.06466,33.3146],[130.06442,33.31548],[130.06415,33.31589],[130.0634,33.31617],[130.06299,33.31611],[130.06244,33.31543],[130.06243,33.31476],[130.06368,33.31442],[130.06388,33.31418],[130.06402,33.31324],[130.06486,33.31302]]]},"properties":{"hoanrinKind":"保安林"}},
{"type":"Feature","geometry":{"type":"Polygon","coordinates":[[[130.08889,33.33825],[130.08968,33.33856],[130.09009,33.33899],[130.09031,33.33961],[130.0903,33.34015],[130.08987,33.34132],[130.08908,33.34152],[130.08893,33.34106],[130.08851,33.34063],[130.0887,33.33994],[130.08864,33.33954],[130.08817,33.33912],[130.08789,33.33832],[130.08836,33.33817],[130.08889,33.33825]]]},"properties":{"hoanrinKind":"保安林"}},
{"type":"Feature","geometry":{"type":"Polygon","coordinates":[[[130.28661,33.38038],[130.28743,33.38086],[130.28812,33.38107],[130.28839,33.38149],[130.28797,33.3825],[130.28741,33.38266],[130.28638,33.38203],[130.28542,33.38093],[130.28498,33.38067],[130.2849,33.38035],[130.28556,33.37996],[130.28604,33.37996],[130.28661,33.38038]]]},"properties":{"hoanrinKind":"保安林"}},
{"type":"Feature","geometry":{"type":"Polygon","coordinates":[[[129.88639,33.32749],[129.88691,33.32855],[129.88682,33.32891],[129.88582,33.3284],[129.88563,33.32775],[129.88504,33.3274],[129.88439,33.3276],[129.88424,33.32709],[129.88458,33.32671],[129.88496,33.32558],[129.88548,33.32576],[129.88579,33.32648],[129.88639,33.32749]]]},"properties":{"hoanrinKind":"保安林"}},
{"type":"Feature","geometry":{"type":"Polygon","coordinates":[[[130.27199,33.40621],[130.27165,33.40688],[130.27118,33.40673],[130.2703,33.406],[130.27037,33.40519],[130.27055,33.40476],[130.27143,33.40465],[130.27274,33.40499],[130.27212,33.40539],[130.27199,33.40621]]]},"properties":{"hoanrinKind":"保安林"}},
{"type":"Feature","geometry":{"type":"Polygon","coordinates":[[[130.04231,33.36144],[130.04258,33.36182],[130.0431,33.36209],[130.04286,33.36281],[130.0424,33.36331],[130.04194,33.36354],[130.04119,33.36353],[130.04038,33.36296],[130.04055,33.36207],[130.04088,33.36137],[130.04129,33.36098],[130.0418,33.36072],[130.04231,33.36144]]]},"properties":{"hoanrinKind":"保安林"}},
{"type":"Feature","geometry":{"type":"Polygon","coordinates":[[[130.13226,33.03367],[130.13168,33.03365],[130.13095,33.03301],[130.13066,33.03258],[130.12998,33.03241],[130.12934,33.03275],[130.12889,33.03268],[130.12905,33.03218],[130.12877,33.03185],[130.12821,33.03193],[130.12842,33.03113],[130.12948,33.03133],[130.13082,33.03184],[130.132,33.03246],[130.13286,33.03324],[130.13226,33.03367]]]},"properties":{"hoanrinKind":"保安林"}},
{"type":"Feature","geometry":{"type":"Polygon","coordinates":[[[130.25288,33.37896],[130.25331,33.37912],[130.25401,33.37969],[130.25414,33.38065],[130.25388,33.38099],[130.2534,33.38118],[130.25265,33.38108],[130.25214,33.38084],[130.25129,33.38017],[130.25134,33.37889],[130.25288,33.37896]]]},"properties":{"hoanrinKind":"保安林"}},
{"type":"Feature","geometry":{"type":"Polygon","coordinates":[[[130.07882,33.14539],[130.07854,33.14563],[130.07624,33.14427],[130.07615,33.14341],[130.07635,33.14278],[130.07686,33.14249],[130.07724,33.14259],[130.07784,33.14311],[130.07809,33.14395],[130.07907,33.14481],[130.07965,33.14544],[130.07882,33.14539]]]},"properties":{"hoanrinKind":"保安林"}},
{"type":"Feature","geometry":{"type":"Polygon","coordinates":[[[130.1321,33.02952],[130.13336,33.03002],[130.13392,33.03039],[130.13488,33.0307],[130.13575,33.03088],[130.13631,33.03126],[130.13654,33.03189],[130.13613,33.03235],[130.134,33.03108],[130.1328,33.0305],[130.13214,33.03026],[130.12991,33.02962],[130.13112,33.02909],[130.1321,33.02952]]]},"properties":{"hoanrinKind":"保安林"}},
{"type":"Feature","geometry":{"type":"Polygon","coordinates":[[[130.06093,33.31167],[130.06169,33.31211],[130.06181,33.31284],[130.06156,33.31395],[130.06164,33.31473],[130.06111,33.31603],[130.06078,33.3162],[130.06035,33.31601],[130.06051,33.31527],[130.06041,33.31443],[130.06049,33.3139],[130.06027,33.31244],[130.06046,33.3115],[130.06093,33.31167]]]},"properties":{"hoanrinKind":"保安林"}},
{"type":"Feature","geometry":{"type":"Polygon","coordinates":[[[130.03832,33.23071],[130.03826,33.2311],[130.03718,33.23356],[130.03655,33.23389],[130.03541,33.23373],[130.03542,33.23339],[130.03609,33.23225],[130.03708,33.23086],[130.03773,33.23045],[130.03832,33.23071]]]},"properties":{"hoanrinKind":"保安林"}},
{"type":"Feature","geometry":{"type":"Polygon","coordinates":[[[130.13519,32.99514],[130.13467,32.9953],[130.13331,32.99499],[130.13253,32.99497],[130.13178,32.99507],[130.12989,32.99338],[130.12934,32.99334],[130.12884,32.99444],[130.12812,32.99377],[130.12892,32.99341],[130.12952,32.99263],[130.13005,32.99266],[130.13068,32.99355],[130.13273,32.9942],[130.13386,32.9943],[130.13478,32.99458],[130.13519,32.99514]]]},"properties":{"hoanrinKind":"保安林"}},
{"type":"Feature","geometry":{"type":"Polygon","coordinates":[[[130.28719,33.43571],[130.28691,33.43693],[130.28622,33.43724],[130.28572,33.4371],[130.2846,33.4364],[130.28424,33.43606],[130.28423,33.43555],[130.28496,33.43481],[130.286,33.43473],[130.28597,33.43535],[130.28693,33.43494],[130.28719,33.43571]]]},"properties":{"hoanrinKind":"保安林"}},
{"type":"Feature","geometry":{"type":"Polygon","coordinates":[[[130.08275,33.28835],[130.08206,33.28876],[130.08152,33.28888],[130.08038,33.28887],[130.07974,33.28861],[130.07861,33.28881],[130.07842,33.28798],[130.07813,33.28742],[130.07891,33.28753],[130.08044,33.28821],[130.08117,33.28768],[130.08262,33.28768],[130.08291,33.28781],[130.08328,33.28836],[130.08275,33.28835]]]},"properties":{"hoanrinKind":"保安林"}},
{"type":"Feature","geometry":{"type":"Polygon","coordinates":[[[130.30478,33.40142],[130.30509,33.40191],[130.30444,33.40305],[130.30445,33.40357],[130.30464,33.40451],[130.3043,33.40477],[130.3037,33.40441],[130.3035,33.40406],[130.30249,33.40359],[130.30224,33.40333],[130.30234,33.40275],[130.3026,33.40243],[130.30323,33.40221],[130.30384,33.40142],[130.30478,33.40142]]]},"properties":{"hoanrinKind":"保安林"}},
{"type":"Feature","geometry":{"type":"Polygon","coordinates":[[[130.09166,33.04023],[130.09146,33.04049],[130.09044,33.04004],[130.09002,33.0402],[130.08922,33.03955],[130.08916,33.03865],[130.08943,33.03812],[130.09012,33.03788],[130.09099,33.03788],[130.09137,33.03816],[130.09172,33.03917],[130.09166,33.04023]]]},"properties":{"hoanrinKind":"保安林"}},
{"type":"Feature","geometry":{"type":"Polygon","coordinates":[[[129.82861,33.18631],[129.82739,33.18672],[129.82673,33.18675],[129.82597,33.18609],[129.82667,33.18577],[129.82717,33.18488],[129.82814,33.18488],[129.82839,33.18527],[129.82915,33.18508],[129.82954,33.18527],[129.82953,33.18557],[129.82861,33.18631]]]},"properties":{"hoanrinKind":"保安林"}},
{"type":"Feature","geometry":{"type":"Polygon","coordinates":[[[129.99906,33.28211],[129.99852,33.283],[129.99903,33.28369],[129.99902,33.28392],[129.99843,33.28451],[129.99859,33.28524],[129.99795,33.28535],[129.99734,33.285],[129.99744,33.28421],[129.99803,33.28348],[129.99813,33.28295],[129.99776,33.28207],[129.99886,33.28102],[129.99935,33.28027],[129.99983,33.27916],[130.00042,33.27951],[130.00007,33.28024],[129.99939,33.28136],[129.9994,33.28209],[129.99906,33.28211]]]},"properties":{"hoanrinKind":"保安林"}},
{"type":"Feature","geometry":{"type":"Polygon","coordinates":[[[130.27255,33.4572],[130.27204,33.45874],[130.27207,33.45926],[130.2712,33.45973],[130.27016,33.46014],[130.26931,33.46032],[130.26878,33.45992],[130.269,33.45947],[130.27042,33.45854],[130.27134,33.45748],[130.27181,33.45726],[130.27252,33.4567],[130.27255,33.4572]]]},"properties":{"hoanrinKind":"保安林"}},
{"type":"Feature","geometry":{"type":"Polygon","coordinates":[[[130.03611,33.10542],[130.03623,33.10605],[130.03566,33.1065],[130.03515,33.10666],[130.03403,33.10593],[130.03407,33.10545],[130.03296,33.10535],[130.03273,33.10489],[130.03219,33.10441],[130.0323,33.10402],[130.03321,33.10419],[130.03397,33.10424],[130.03452,33.10479],[130.03546,33.105],[130.03611,33.10542]]]},"properties":{"hoanrinKind":"保安林"}},
{"type":"Feature","geometry":{"type":"Polygon","coordinates":[[[129.77266,33.31524],[129.77298,33.31553],[129.77311,33.31602],[129.77265,33.31648],[129.77152,33.3172],[129.77143,33.31788],[129.77111,33.31795],[129.76964,33.31775],[129.76994,33.3171],[129.76955,33.31638],[129.77033,33.31628],[129.77056,33.31595],[129.77153,33.3153],[129.77227,33.31514],[129.77266,33.31524]]]},"properties":{"hoanrinKind":"保安林"}},
{"type":"Feature","geometry":{"type":"Polygon","coordinates":[[[130.26386,33.3505],[130.26437,33.35067],[130.26453,33.35156],[130.26438,33.35221],[130.26452,33.35239],[130.26386,33.35274],[130.26321,33.35341],[130.26292,33.35318],[130.26276,33.35241],[130.26169,33.351],[130.26179,33.35037],[130.2624,33.35016],[130.26325,33.35044],[130.26386,33.3505]]]},"properties":{"hoanrinKind":"保安林"}},
{"type":"Feature","geometry":{"type":"Polygon","coordinates":[[[130.11211,33.36133],[130.1116,33.3618],[130.11002,33.36277],[130.10928,33.36359],[130.10859,33.36292],[130.10872,33.36192],[130.10915,33.36159],[130.11053,33.36092],[130.1111,33.3605],[130.11186,33.36032],[130.11269,33.3605],[130.11211,33.36133]]]},"properties":{"hoanrinKind":"保安林"}},
{"type":"Feature","geometry":{"type":"Polygon","coordinates":[[[130.2798,33.38757],[130.27915,33.38773],[130.27863,33.38732],[130.27867,33.38663],[130.27985,33.38541],[130.28048,33.38517],[130.28102,33.38539],[130.28102,33.38617],[130.2817,33.38691],[130.28153,33.38731],[130.28024,33.38736],[130.2798,33.38757]]]},"properties":{"hoanrinKind":"保安林"}},
{"type":"Feature","geometry":{"type":"Polygon","coordinates":[[[130.19913,33.36177],[130.1982,33.36229],[130.19796,33.36224],[130.19755,33.36154],[130.19829,33.3608],[130.19793,33.36005],[130.19842,33.35979],[130.19916,33.35963],[130.20034,33.35985],[130.20137,33.36058],[130.20131,33.36108],[130.20067,33.36097],[130.20023,33.36117],[130.19948,33.36177],[130.19913,33.36177]]]},"properties":{"hoanrinKind":"保安林"}},
{"type":"Feature","geometry":{"type":"Polygon","coordinates":[[[130.05828,33.30066],[130.0577,33.30192],[130.05719,33.30218],[130.05674,33.30183],[130.05651,33.30084],[130.05694,33.30015],[130.05778,33.29968],[130.0581,33.29917],[130.05872,33.29899],[130.05945,33.29917],[130.06034,33.29905],[130.06073,33.29949],[130.059,33.30021],[130.05828,33.30066]]]},"properties":{"hoanrinKind":"保安林"}},
{"type":"Feature","geometry":{"type":"Polygon","coordinates":[[[130.2476,33.44459],[130.2477,33.44703],[130.24749,33.44723],[130.2466,33.44672],[130.24633,33.4461],[130.246,33.44581],[130.24572,33.44487],[130.24544,33.44452],[130.24545,33.44398],[130.246,33.44368],[130.2467,33.44356],[130.24753,33.44383],[130.2476,33.44459]]]},"properties":{"hoanrinKind":"保安林"}},
{"type":"Feature","geometry":{"type":"Polygon","coordinates":[[[130.26203,33.3313],[130.2614,33.33205],[130.26041,33.33232],[130.25956,33.33187],[130.25799,33.33184],[130.25711,33.33162],[130.25766,33.33113],[130.25863,33.3312],[130.25937,33.331],[130.25971,33.33063],[130.26066,33.33044],[130.26145,33.33],[130.26221,33.33067],[130.26203,33.3313]]]},"properties":{"hoanrinKind":"保安林"}},
{"type":"Feature","geometry":{"type":"Polygon","coordinates":[[[130.27695,33.43388],[130.27743,33.43422],[130.27758,33.4347],[130.27716,33.4353],[130.27585,33.43595],[130.2754,33.43609],[130.2748,33.43605],[130.27401,33.43571],[130.27371,33.4353],[130.27386,33.43475],[130.2749,33.43427],[130.27597,33.43392],[130.27695,33.43388]]]},"properties":{"hoanrinKind":"保安林"}},
{"type":"Feature","geometry":{"type":"Polygon","coordinates":[[[130.10313,33.13416],[130.10208,33.13599],[130.10169,33.13647],[130.10059,33.13708],[130.10032,33.1371],[130.10002,33.13588],[130.09949,33.1355],[130.09969,33.13483],[130.10013,33.13451],[130.1009,33.13447],[130.10246,33.1342],[130.10313,33.13416]]]},"properties":{"hoanrinKind":"保安林"}},
{"type":"Feature","geometry":{"type":"Polygon","coordinates":[[[129.97215,33.33715],[129.97225,33.33789],[129.97192,33.33853],[129.97227,33.33934],[129.97136,33.33979],[129.97062,33.33958],[129.97035,33.33881],[129.9707,33.33835],[129.97066,33.33795],[129.96974,33.3368],[129.97004,33.33652],[129.97079,33.33669],[129.97215,33.33715]]]},"properties":{"hoanrinKind":"保安林"}},
{"type":"Feature","geometry":{"type":"Polygon","coordinates":[[[130.03402,33.35551],[130.03336,33.35558],[130.03239,33.35452],[130.03213,33.35383],[130.03282,33.35402],[130.03297,33.35374],[130.03289,33.35317],[130.03351,33.35314],[130.03474,33.35324],[130.03517,33.35362],[130.03535,33.35519],[130.03525,33.35537],[130.03402,33.35551]]]},"properties":{"hoanrinKind":"保安林"}},
{"type":"Feature","geometry":{"type":"Polygon","coordinates":[[[130.22494,33.34538],[130.22543,33.34609],[130.22599,33.34663],[130.22698,33.34809],[130.22624,33.34813],[130.22421,33.34761],[130.22336,33.34759],[130.22305,33.34681],[130.22358,33.34651],[130.22394,33.34567],[130.22447,33.34526],[130.22494,33.34538]]]},"properties":{"hoanrinKind":"保安林"}},
{"type":"Feature","geometry":{"type":"Polygon","coordinates":[[[130.03371,33.39243],[130.03486,33.39375],[130.03541,33.39419],[130.03569,33.39508],[130.03574,33.39589],[130.03548,33.39628],[130.035,33.39639],[130.03431,33.39626],[130.03398,33.39566],[130.03452,33.395],[130.03395,33.3943],[130.03296,33.39427],[130.03267,33.39384],[130.03293,33.39261],[130.03337,33.39235],[130.03371,33.39243]]]},"properties":{"hoanrinKind":"保安林"}},
{"type":"Feature","geometry":{"type":"Polygon","coordinates":[[[130.02533,33.11212],[130.02573,33.11257],[130.02587,33.11308],[130.02444,33.11362],[130.02274,33.11471],[130.02229,33.11489],[130.02143,33.11493],[130.02077,33.11458],[130.0211,33.11383],[130.02171,33.11339],[130.0235,33.11298],[130.02443,33.11258],[130.02515,33.11196],[130.02533,33.11212]]]},"properties":{"hoanrinKind":"保安林"}},
{"type":"Feature","geometry":{"type":"Polygon","coordinates":[[[129.9154,33.2808],[129.91568,33.28107],[129.91578,33.28172],[129.91522,33.28212],[129.91516,33.28304],[129.91501,33.28342],[129.91538,33.28389],[129.9148,33.28462],[129.9143,33.28439],[129.91363,33.28307],[129.91322,33.28208],[129.91288,33.28186],[129.91316,33.28158],[129.91458,33.28074],[129.9154,33.2808]]]},"properties":{"hoanrinKind":"保安林"}},
{"type":"Feature","geometry":{"type":"Polygon","coordinates":[[[130.11206,33.35698],[130.11205,33.35786],[130.11188,33.3581],[130.11188,33.35889],[130.11107,33.35903],[130.11009,33.35993],[130.10979,33.36045],[130.10904,33.36107],[130.1084,33.36195],[130.10782,33.3617],[130.10825,33.36091],[130.10925,33.3603],[130.10985,33.35911],[130.1104,33.35774],[130.11056,33.35684],[130.11136,33.35667],[130.11206,33.35698]]]},"properties":{"hoanrinKind":"保安林"}},
{"type":"Feature","geometry":{"type":"Polygon","coordinates":[[[130.14983,33.44571],[130.15064,33.44622],[130.15026,33.44684],[130.15017,33.44771],[130.15045,33.4487],[130.15027,33.44919],[130.14969,33.44948],[130.14903,33.44928],[130.14851,33.44856],[130.1486,33.44818],[130.14814,33.44785],[130.1488,33.44635],[130.14935,33.44557],[130.14983,33.44571]]]},"properties":{"hoanrinKind":"保安林"}},
{"type":"Feature","geometry":{"type":"Polygon","coordinates":[[[130.46787,33.41682],[130.46678,33.41724],[130.46642,33.41705],[130.46559,33.4162],[130.46497,33.41618],[130.46469,33.41572],[130.46473,33.41516],[130.46542,33.41487],[130.46641,33.4146],[130.46685,33.41459],[130.46736,33.41502],[130.46816,33.41602],[130.46862,33.41678],[130.46787,33.41682]]]},"properties":{"hoanrinKind":"保安林"}},
{"type":"Feature","geometry":{"type":"Polygon","coordinates":[[[129.97572,33.32378],[129.97556,33.32394],[129.97584,33.32469],[129.97645,33.32527],[129.97646,33.32582],[129.97622,33.32596],[129.97569,33.32566],[129.97547,33.32514],[129.97507,33.32494],[129.97438,33.32434],[129.9736,33.3238],[129.97399,33.32336],[129.97446,33.32315],[129.97542,33.3222],[129.97595,33.32199],[129.97653,33.32211],[129.9763,33.32371],[129.97572,33.32378]]]},"properties":{"hoanrinKind":"保安林"}},
{"type":"Feature","geometry":{"type":"Polygon","coordinates":[[[130.23639,33.38846],[130.23582,33.38855],[130.23495,33.3877],[130.23485,33.38697],[130.23558,33.38637],[130.23791,33.38595],[130.23817,33.38595],[130.23827,33.38655],[130.23811,33.38797],[130.23773,33.38802],[130.23711,33.38762],[130.2368,33.38831],[130.23639,33.38846]]]},"properties":{"hoanrinKind":"保安林"}},
{"type":"Feature","geometry":{"type":"Polygon","coordinates":[[[129.97161,33.27213],[129.97143,33.2725],[129.97167,33.27343],[129.97241,33.275],[129.97225,33.27592],[129.97195,33.27615],[129.9716,33.27598],[129.97108,33.27485],[129.97052,33.27409],[129.9699,33.27355],[129.96941,33.2728],[129.96922,33.27225],[129.96998,33.27211],[129.97055,33.27175],[129.97161,33.27213]]]},"properties":{"hoanrinKind":"保安林"}},
{"type":"Feature","geometry":{"type":"Polygon","coordinates":[[[129.96111,33.0977],[129.9605,33.09821],[129.95985,33.09828],[129.95874,33.09756],[129.95821,33.09752],[129.95714,33.09813],[129.95649,33.0973],[129.95467,33.09698],[129.95509,33.09634],[129.95628,33.09597],[129.95718,33.09627],[129.95808,33.09707],[129.95867,33.09718],[129.95985,33.09686],[129.96045,33.09696],[129.96099,33.09736],[129.96111,33.0977]]]},"properties":{"hoanrinKind":"保安林"}},
{"type":"Feature","geometry":{"type":"Polygon","coordinates":[[[130.13384,33.45185],[130.13253,33.45185],[130.13358,33.45138],[130.13357,33.45119],[130.13189,33.45117],[130.13165,33.45052],[130.13169,33.45018],[130.13201,33.44993],[130.13274,33.44986],[130.13444,33.45021],[130.13474,33.45008],[130.13609,33.45022],[130.13618,33.45074],[130.13569,33.45125],[130.1348,33.45162],[130.13384,33.45185]]]},"properties":{"hoanrinKind":"保安林"}},
{"type":"Feature","geometry":{"type":"Polygon","coordinates":[[[129.89024,33.32526],[129.88979,33.32556],[129.8892,33.32553],[129.88918,33.3251],[129.88947,33.32465],[129.88946,33.32431],[129.8899,33.32346],[129.89065,33.32316],[129.89185,33.3231],[129.89242,33.32359],[129.89258,33.3241],[129.89251,33.32489],[129.89191,33.32537],[129.89142,33.32541],[129.89071,33.32524],[129.89024,33.32526]]]},"properties":{"hoanrinKind":"保安林"}},
{"type":"Feature","geometry":{"type":"Polygon","coordinates":[[[130.0429,33.38097],[130.04328,33.38115],[130.04334,33.38165],[130.04255,33.38196],[130.0427,33.38232],[130.04328,33.38262],[130.04345,33.3829],[130.04341,33.3834],[130.04317,33.38383],[130.04203,33.38495],[130.04126,33.38524],[130.04095,33.38496],[130.04097,33.38453],[130.04123,33.38409],[130.04148,33.3833],[130.04205,33.38239],[130.04137,33.38169],[130.04141,33.38114],[130.04169,33.38094],[130.04232,33.38083],[130.0429,33.38097]]]},"properties":{"hoanrinKind":"保安林"}},
{"type":"Feature","geometry":{"type":"Polygon","coordinates":[[[129.82156,33.243],[129.82059,33.24349],[129.81982,33.2433],[129.82073,33.24223],[129.82112,33.24216],[129.8215,33.24168],[129.82202,33.24228],[129.82262,33.24201],[129.82231,33.24153],[129.82333,33.24102],[129.82453,33.24175],[129.82481,33.24247],[129.82396,33.24275],[129.82272,33.2423],[129.82156,33.243]]]},"properties":{"hoanrinKind":"保安林"}},
{"type":"Feature","geometry":{"type":"Polygon","coordinates":[[[129.97039,33.18925],[129.97121,33.19011],[129.9706,33.19057],[129.96977,33.19165],[129.96804,33.19292],[129.96727,33.19316],[129.96714,33.19284],[129.96761,33.19189],[129.96849,33.19087],[129.96949,33.18936],[129.96978,33.18913],[129.97039,33.18925]]]},"properties":{"hoanrinKind":"保安林"}},
{"type":"Feature","geometry":{"type":"Polygon","coordinates":[[[130.15297,32.99571],[130.15337,32.99593],[130.15327,32.99666],[130.15337,32.99767],[130.15244,32.99775],[130.15181,32.99735],[130.15125,32.99728],[130.15096,32.99705],[130.15077,32.99643],[130.15034,32.99595],[130.14908,32.99569],[130.14889,32.99533],[130.14938,32.9951],[130.15081,32.99555],[130.15168,32.99544],[130.15297,32.99571]]]},"properties":{"hoanrinKind":"保安林"}},
{"type":"Feature","geometry":{"type":"Polygon","coordinates":[[[129.86104,33.59418],[129.86143,33.59512],[129.86124,33.5953],[129.86057,33.594],[129.86013,33.59391],[129.85942,33.59402],[129.85938,33.59357],[129.85992,33.59309],[129.86055,33.59199],[129.86036,33.59166],[129.85937,33.59106],[129.85937,33.59026],[129.85981,33.59043],[129.86025,33.59019],[129.86142,33.59035],[129.86279,33.59012],[129.86266,33.59058],[129.86197,33.59108],[129.86134,33.59133],[129.8612,33.59169],[129.86155,33.59199],[129.861,33.5924],[129.86057,33.59308],[129.86062,33.59366],[129.86104,33.59418]]]},"properties":{"hoanrinKind":"保安林"}},
{"type":"Feature","geometry":{"type":"Polygon","coordinates":[[[130.12384,33.26207],[130.12493,33.2628],[130.12548,33.26282],[130.1258,33.26339],[130.12509,33.26402],[130.12481,33.26446],[130.12477,33.26551],[130.12342,33.26691],[130.12334,33.26575],[130.1238,33.26513],[130.12396,33.26461],[130.12391,33.26394],[130.12362,33.26364],[130.12367,33.26319],[130.12278,33.26262],[130.12324,33.26215],[130.12384,33.26207]]]},"properties":{"hoanrinKind":"保安林"}},
{"type":"Feature","geometry":{"type":"Polygon","coordinates":[[[130.20773,33.35079],[130.20684,33.35081],[130.20577,33.34995],[130.20559,33.34959],[130.2064,33.34911],[130.20752,33.34866],[130.20852,33.34863],[130.20912,33.34914],[130.20964,33.35007],[130.20963,33.35068],[130.2087,33.35045],[130.20785,33.3505],[130.20773,33.35079]]]},"properties":{"hoanrinKind":"保安林"}},
{"type":"Feature","geometry":{"type":"Polygon","coordinates":[[[130.34895,33.42379],[130.34834,33.42408],[130.34775,33.42367],[130.34759,33.42286],[130.34843,33.42182],[130.34863,33.42143],[130.34934,33.4215],[130.34993,33.42169],[130.35084,33.42229],[130.35113,33.42306],[130.35109,33.42344],[130.35067,33.42373],[130.34946,33.42366],[130.34895,33.42379]]]},"properties":{"hoanrinKind":"保安林"}},
{"type":"Feature","geometry":{"type":"Polygon","coordinates":[[[130.05815,33.33427],[130.0585,33.33482],[130.05845,33.33519],[130.05785,33.33571],[130.05665,33.33618],[130.056,33.33571],[130.05632,33.33557],[130.0559,33.33495],[130.0564,33.33486],[130.05647,33.33428],[130.05564,33.33403],[130.05513,33.33406],[130.05483,33.3346],[130.05415,33.33435],[130.05471,33.33388],[130.05616,33.33376],[130.05706,33.33327],[130.05759,33.33311],[130.05822,33.33313],[130.05839,33.33343],[130.05815,33.33427]]]},"properties":{"hoanrinKind":"保安林"}},
{"type":"Feature","geometry":{"type":"Polygon","coordinates":[[[129.88373,33.17913],[129.88304,33.17911],[129.88283,33.17893],[129.88304,33.17839],[129.88378,33.17748],[129.8842,33.17676],[129.88462,33.17549],[129.8859,33.17539],[129.88636,33.17564],[129.88617,33.17601],[129.88568,33.17642],[129.88575,33.1768],[129.88525,33.17727],[129.88507,33.17779],[129.88388,33.17911],[129.88373,33.17913]]]},"properties":{"hoanrinKind":"保安林"}},
{"type":"Feature","geometry":{"type":"Polygon","coordinates":[[[130.07088,33.30613],[130.07036,33.30736],[130.07034,33.30859],[130.06949,33.309],[130.0691,33.30898],[130.06838,33.30866],[130.06794,33.3083],[130.06824,33.30812],[130.06771,33.3074],[130.0678,33.30683],[130.06888,33.30667],[130.06924,33.30622],[130.07037,33.30601],[130.07088,33.30613]]]},"properties":{"hoanrinKind":"保安林"}},
{"type":"Feature","geometry":{"type":"Polygon","coordinates":[[[130.48929,33.4006],[130.48871,33.40067],[130.48822,33.40036],[130.48776,33.39847],[130.48723,33.3975],[130.48723,33.39681],[130.48793,33.397],[130.4889,33.39707],[130.48906,33.39743],[130.48909,33.3987],[130.48977,33.39898],[130.49045,33.39944],[130.4897,33.39964],[130.48977,33.40039],[130.48929,33.4006]]]},"properties":{"hoanrinKind":"保安林"}},
{"type":"Feature","geometry":{"type":"Polygon","coordinates":[[[130.00364,33.28856],[130.00339,33.28896],[130.00282,33.28883],[130.00215,33.2884],[130.00175,33.28838],[130.0006,33.28873],[130.00054,33.28833],[130.00093,33.28786],[130.00169,33.28763],[130.00269,33.28718],[130.00372,33.28696],[130.00417,33.287],[130.00521,33.28756],[130.00636,33.28772],[130.00632,33.28802],[130.00592,33.28826],[130.00567,33.28875],[130.00447,33.28846],[130.0037,33.28801],[130.00364,33.28856]]]},"properties":{"hoanrinKind":"保安林"}},
{"type":"Feature","geometry":{"type":"Polygon","coordinates":[[[129.78777,33.30576],[129.78772,33.30609],[129.7867,33.30737],[129.78633,33.30759],[129.78543,33.3075],[129.7844,33.30697],[129.78415,33.30652],[129.78344,33.30594],[129.78359,33.30537],[129.78398,33.30527],[129.78499,33.30555],[129.78652,33.30538],[129.78754,33.3055],[129.78777,33.30576]]]},"properties":{"hoanrinKind":"保安林"}},
{"type":"Feature","geometry":{"type":"Polygon","coordinates":[[[129.94594,33.15172],[129.94532,33.15227],[129.94484,33.15202],[129.94478,33.15168],[129.94497,33.1503],[129.94498,33.14959],[129.94542,33.14937],[129.94723,33.14869],[129.94808,33.14849],[129.94866,33.14856],[129.94898,33.14888],[129.94835,33.14943],[129.94712,33.14978],[129.94648,33.15037],[129.94662,33.15087],[129.94648,33.15175],[129.94594,33.15172]]]},"properties":{"hoanrinKind":"保安林"}},
{"type":"Feature","geometry":{"type":"Polygon","coordinates":[[[130.17598,33.32663],[130.17566,33.32703],[130.17576,33.32766],[130.1753,33.32754],[130.17521,33.32673],[130.17652,33.32589],[130.17689,33.32415],[130.17745,33.32398],[130.17745,33.32439],[130.17839,33.32533],[130.17928,33.3259],[130.17954,33.32621],[130.17966,33.32671],[130.17883,33.32664],[130.17879,33.32634],[130.17782,33.32618],[130.17707,33.32662],[130.1764,33.32652],[130.17598,33.32663]]]},"properties":{"hoanrinKind":"保安林"}},
{"type":"Feature","geometry":{"type":"Polygon","coordinates":[[[130.16034,33.34946],[130.16034,33.34997],[130.15978,33.35],[130.15982,33.34904],[130.15966,33.34866],[130.15884,33.34872],[130.15854,33.3484],[130.15858,33.34785],[130.1593,33.34662],[130.15971,33.34643],[130.16098,33.34642],[130.16122,33.34671],[130.16077,33.34726],[130.16114,33.34787],[130.16174,33.34808],[130.16161,33.34864],[130.16089,33.34902],[130.16081,33.34971],[130.16034,33.34946]]]},"properties":{"hoanrinKind":"保安林"}},
{"type":"Feature","geometry":{"type":"Polygon","coordinates":[[[130.12806,33.24991],[130.12772,33.25011],[130.12688,33.25029],[130.12623,33.25074],[130.12588,33.25054],[130.12573,33.24983],[130.1254,33.24944],[130.12493,33.24916],[130.12614,33.24803],[130.12744,33.24832],[130.12785,33.24873],[130.12835,33.24891],[130.12827,33.24963],[130.12806,33.24991]]]},"properties":{"hoanrinKind":"保安林"}},
{"type":"Feature","geometry":{"type":"Polygon","coordinates":[[[130.19302,33.47178],[130.19268,33.47218],[130.19221,33.47309],[130.19111,33.47233],[130.19067,33.47188],[130.19072,33.471],[130.19099,33.47079],[130.1922,33.47057],[130.19386,33.47065],[130.19444,33.47029],[130.19475,33.47057],[130.19466,33.47099],[130.19425,33.47128],[130.19465,33.47176],[130.19302,33.47178]]]},"properties":{"hoanrinKind":"保安林"}},
{"type":"Feature","geometry":{"type":"Polygon","coordinates":[[[130.12376,33.21918],[130.12345,33.22045],[130.12291,33.22135],[130.12236,33.22145],[130.12182,33.2213],[130.1214,33.22098],[130.12099,33.22039],[130.12095,33.21995],[130.12154,33.21893],[130.12183,33.21904],[130.12242,33.21867],[130.12225,33.2183],[130.12268,33.21736],[130.1231,33.21766],[130.12362,33.21861],[130.12376,33.21918]]]},"properties":{"hoanrinKind":"保安林"}},
{"type":"Feature","geometry":{"type":"Polygon","coordinates":[[[129.81263,33.2714],[129.81238,33.27189],[129.81181,33.27197],[129.81115,33.27181],[129.81071,33.27135],[129.81137,33.27116],[129.81175,33.27082],[129.81161,33.27022],[129.81094,33.26963],[129.8116,33.26896],[129.81162,33.26857],[129.81231,33.26867],[129.81263,33.26969],[129.81252,33.27122],[129.81263,33.2714]]]},"properties":{"hoanrinKind":"保安林"}},
{"type":"Feature","geometry":{"type":"Polygon","coordinates":[[[130.08424,33.05181],[130.08395,33.05257],[130.08255,33.0528],[130.08159,33.05344],[130.0809,33.05329],[130.08056,33.05305],[130.08027,33.05246],[130.08168,33.0514],[130.08202,33.05067],[130.08291,33.05021],[130.0834,33.05021],[130.08387,33.05045],[130.08333,33.05094],[130.08344,33.05138],[130.08421,33.05137],[130.08424,33.05181]]]},"properties":{"hoanrinKind":"保安林"}},
{"type":"Feature","geometry":{"type":"Polygon","coordinates":[[[130.1642,32.97724],[130.16284,32.97745],[130.16251,32.97694],[130.16257,32.97542],[130.16276,32.97523],[130.16473,32.97533],[130.1658,32.97553],[130.16628,32.97576],[130.16643,32.97625],[130.16573,32.97712],[130.16545,32.97724],[130.1642,32.97724]]]},"properties":{"hoanrinKind":"保安林"}},
{"type":"Feature","geometry":{"type":"Polygon","coordinates":[[[130.2698,33.35476],[130.26916,33.35571],[130.26884,33.35693],[130.26833,33.35776],[130.26767,33.35803],[130.26769,33.35755],[130.26806,33.35664],[130.26813,33.35588],[130.26766,33.35533],[130.26681,33.35511],[130.26699,33.3546],[130.26902,33.35454],[130.2696,33.35396],[130.27004,33.35386],[130.27031,33.35405],[130.27133,33.35386],[130.27197,33.35424],[130.272,33.35449],[130.27146,33.35468],[130.27172,33.35508],[130.27134,33.35553],[130.27083,33.3555],[130.27062,33.35449],[130.2698,33.35476]]]},"properties":{"hoanrinKind":"保安林"}},
{"type":"Feature","geometry":{"type":"Polygon","coordinates":[[[130.21624,33.42438],[130.21667,33.42471],[130.21688,33.4257],[130.21666,33.42622],[130.21624,33.42655],[130.21447,33.42691],[130.21383,33.42666],[130.21329,33.42618],[130.21308,33.42525],[130.21336,33.42492],[130.21402,33.42476],[130.21542,33.42459],[130.21624,33.42438]]]},"properties":{"hoanrinKind":"保安林"}},
{"type":"Feature","geometry":{"type":"Polygon","coordinates":[[[129.86616,33.25804],[129.86627,33.25839],[129.86608,33.259],[129.86546,33.25946],[129.8653,33.26035],[129.86502,33.26064],[129.86364,33.25966],[129.8635,33.25903],[129.86273,33.25846],[129.86274,33.25792],[129.86343,33.25742],[129.86494,33.25768],[129.86526,33.25799],[129.86577,33.25718],[129.86622,33.2575],[129.86616,33.25804]]]},"properties":{"hoanrinKind":"保安林"}},
{"type":"Feature","geometry":{"type":"Polygon","coordinates":[[[129.86107,33.32917],[129.86099,33.32945],[129.86048,33.32953],[129.8604,33.32912],[129.85999,33.32871],[129.85974,33.32773],[129.85977,33.32724],[129.86033,33.3266],[129.86052,33.32582],[129.8608,33.32554],[129.86133,33.32576],[129.86189,33.32542],[129.86219,33.3266],[129.86191,33.32752],[129.86193,33.32868],[129.8615,33.32858],[129.86158,33.32801],[129.86131,33.32746],[129.86107,33.32917]]]},"properties":{"hoanrinKind":"保安林"}},
{"type":"Feature","geometry":{"type":"Polygon","coordinates":[[[130.26172,33.41214],[130.2624,33.41256],[130.26337,33.41386],[130.26451,33.41571],[130.26432,33.41602],[130.26348,33.41651],[130.26274,33.41615],[130.26252,33.41573],[130.26238,33.41459],[130.26186,33.41418],[130.26113,33.41404],[130.26076,33.4137],[130.2612,33.41233],[130.26172,33.41214]]]},"properties":{"hoanrinKind":"保安林"}},
{"type":"Feature","geometry":{"type":"Polygon","coordinates":[[[130.34732,33.39221],[130.34767,33.39258],[130.34773,33.39408],[130.34745,33.39527],[130.34752,33.3975],[130.34676,33.39794],[130.34617,33.39788],[130.34607,33.3974],[130.34627,33.39652],[130.34636,33.39492],[130.34627,33.39377],[130.34636,33.3929],[130.34662,33.39192],[130.34732,33.39221]]]},"properties":{"hoanrinKind":"保安林"}},
{"type":"Feature","geometry":{"type":"Polygon","coordinates":[[[129.97496,33.16029],[129.97451,33.16054],[129.97365,33.1605],[129.97317,33.16031],[129.9716,33.16023],[129.97133,33.16009],[129.9715,33.15966],[129.9722,33.15928],[129.97342,33.15893],[129.97338,33.15786],[129.97297,33.15742],[129.97321,33.15711],[129.97368,33.1571],[129.97424,33.15785],[129.97532,33.15876],[129.97519,33.15976],[129.97496,33.16029]]]},"properties":{"hoanrinKind":"保安林"}},
{"type":"Feature","geometry":{"type":"Polygon","coordinates":[[[129.91268,33.28407],[129.91368,33.28473],[129.91367,33.28526],[129.9142,33.28595],[129.91444,33.28709],[129.91474,33.2879],[129.91447,33.28802],[129.91294,33.2872],[129.91249,33.28624],[129.91135,33.28572],[129.91094,33.2851],[129.91151,33.28443],[129.91213,33.2841],[129.91268,33.28407]]]},"properties":{"hoanrinKind":"保安林"}},
{"type":"Feature","geometry":{"type":"Polygon","coordinates":[[[129.94552,33.24526],[129.94573,33.24534],[129.94633,33.24613],[129.94733,33.24665],[129.94743,33.2473],[129.94808,33.24854],[129.94797,33.24901],[129.94753,33.24924],[129.94688,33.24915],[129.94633,33.2489],[129.94532,33.24798],[129.9451,33.24703],[129.94482,33.24654],[129.94507,33.24529],[129.94552,33.24526]]]},"properties":{"hoanrinKind":"保安林"}},
{"type":"Feature","geometry":{"type":"Polygon","coordinates":[[[130.15818,32.98935],[130.15855,32.98996],[130.15865,32.99105],[130.15923,32.99143],[130.15927,32.99195],[130.15903,32.99236],[130.15874,32.99362],[130.15835,32.99393],[130.15776,32.99395],[130.15749,32.99343],[130.15702,32.992],[130.15707,32.99137],[130.15701,32.99007],[130.15741,32.98945],[130.15818,32.98935]]]},"properties":{"hoanrinKind":"保安林"}},
{"type":"Feature","geometry":{"type":"Polygon","coordinates":[[[129.98864,33.07328],[129.98881,33.07264],[129.98939,33.07195],[129.99117,33.07075],[129.99168,33.06991],[129.9921,33.06974],[129.9931,33.06993],[129.99387,33.06994],[129.99465,33.06957],[129.9952,33.06959],[129.99551,33.06984],[129.99533,33.07017],[129.99484,33.07027],[129.99446,33.07057],[129.99295,33.07059],[129.99213,33.07093],[129.99124,33.07215],[129.99014,33.07314],[129.98975,33.07324],[129.98864,33.07328]]]},"properties":{"hoanrinKind":"保安林"}},
{"type":"Feature","geometry":{"type":"Polygon","coordinates":[[[129.95586,33.11059],[129.95686,33.11148],[129.95771,33.11214],[129.95809,33.11374],[129.95841,33.11411],[129.95924,33.11478],[129.95923,33.11582],[129.95878,33.11657],[129.95821,33.11636],[129.9577,33.11516],[129.95724,33.11439],[129.95703,33.11335],[129.9558,33.11188],[129.95546,33.11124],[129.95549,33.11058],[129.95586,33.11059]]]},"properties":{"hoanrinKind":"保安林"}},
{"type":"Feature","geometry":{"type":"Polygon","coordinates":[[[130.2653,33.34332],[130.26575,33.34403],[130.26572,33.34515],[130.26641,33.34603],[130.26681,33.3463],[130.26644,33.34682],[130.26544,33.34681],[130.26449,33.34665],[130.26403,33.34637],[130.26359,33.34542],[130.26272,33.34468],[130.26356,33.34437],[130.26457,33.34384],[130.26477,33.34356],[130.2648,33.34298],[130.2653,33.34332]]]},"properties":{"hoanrinKind":"保安林"}},
{"type":"Feature","geometry":{"type":"Polygon","coordinates":[[[130.05009,33.36006],[130.05009,33.36055],[130.05115,33.36235],[130.05087,33.36292],[130.04994,33.36326],[130.04975,33.36292],[130.04979,33.36219],[130.04964,33.36203],[130.0488,33.36188],[130.04861,33.36143],[130.04864,33.36095],[130.04844,33.3607],[130.04809,33.35945],[130.0487,33.35941],[130.04881,33.3589],[130.04911,33.35871],[130.05017,33.35882],[130.05036,33.35934],[130.05009,33.36006]]]},"properties":{"hoanrinKind":"保安林"}},
{"type":"Feature","geometry":{"type":"Polygon","coordinates":[[[129.943,33.24416],[129.94282,33.24512],[129.94252,33.24526],[129.94175,33.24475],[129.94142,33.24438],[129.94142,33.24392],[129.94167,33.24343],[129.94256,33.24289],[129.94262,33.24264],[129.94159,33.2426],[129.94148,33.242],[129.94235,33.24144],[129.94317,33.24077],[129.94371,33.24084],[129.94381,33.24137],[129.94341,33.24219],[129.94351,33.24284],[129.94408,33.24352],[129.94413,33.24419],[129.94378,33.24483],[129.94336,33.24472],[129.943,33.24416]]]},"properties":{"hoanrinKind":"保安林"}},
{"type":"Feature","geometry":{"type":"Polygon","coordinates":[[[130.34508,33.42794],[130.34556,33.42836],[130.34583,33.42924],[130.34647,33.43007],[130.3465,33.43068],[130.34625,33.4308],[130.34554,33.43076],[130.34513,33.43039],[130.34426,33.42885],[130.34341,33.42812],[130.34276,33.42716],[130.34225,33.42671],[130.34165,33.42636],[130.34273,33.42585],[130.3432,33.42613],[130.34316,33.42666],[130.34354,33.42755],[130.34441,33.42779],[130.34461,33.4276],[130.34395,33.42652],[130.34381,33.42599],[130.34384,33.42546],[130.34427,33.42569],[130.34453,33.42696],[130.34508,33.42794]]]},"properties":{"hoanrinKind":"保安林"}},
{"type":"Feature","geometry":{"type":"Polygon","coordinates":[[[130.20539,33.35725],[130.20556,33.3576],[130.20504,33.35783],[130.20533,33.35831],[130.20536,33.35917],[130.20509,33.35958],[130.20405,33.3602],[130.20348,33.36016],[130.20301,33.35958],[130.20295,33.35835],[130.20251,33.35782],[130.20187,33.35758],[130.20181,33.35738],[130.20226,33.35682],[130.20264,33.35679],[130.2035,33.35706],[130.20436,33.35717],[130.20476,33.3571],[130.20539,33.35725]]]},"properties":{"hoanrinKind":"保安林"}},
{"type":"Feature","geometry":{"type":"Polygon","coordinates":[[[130.04669,33.40079],[130.04749,33.40309],[130.04666,33.40459],[130.04624,33.40479],[130.04559,33.40481],[130.04493,33.40455],[130.04486,33.40402],[130.04502,33.4037],[130.04463,33.40311],[130.04489,33.40253],[130.04549,33.40198],[130.04582,33.4012],[130.0461,33.40081],[130.04669,33.40079]]]},"properties":{"hoanrinKind":"保安林"}},
{"type":"Feature","geometry":{"type":"Polygon","coordinates":[[[129.78115,33.2976],[129.78149,33.29791],[129.78168,33.29887],[129.78235,33.30005],[129.78208,33.30089],[129.7814,33.30157],[129.78092,33.3019],[129.78036,33.30034],[129.77976,33.29983],[129.77947,33.29897],[129.77957,33.298],[129.78002,33.29759],[129.7805,33.29746],[129.78115,33.2976]]]},"properties":{"hoanrinKind":"保安林"}},
{"type":"Feature","geometry":{"type":"Polygon","coordinates":[[[130.09655,33.04909],[130.09678,33.04947],[130.09738,33.04989],[130.0972,33.05042],[130.09683,33.05047],[130.09462,33.05044],[130.09475,33.0486],[130.095,33.0473],[130.09558,33.04655],[130.09607,33.04635],[130.09649,33.04681],[130.09689,33.04813],[130.09652,33.04832],[130.09634,33.04878],[130.09655,33.04909]]]},"properties":{"hoanrinKind":"保安林"}},
{"type":"Feature","geometry":{"type":"Polygon","coordinates":[[[130.0273,33.33576],[130.02848,33.33674],[130.02911,33.33814],[130.02913,33.33869],[130.02887,33.33941],[130.0281,33.33964],[130.02707,33.33951],[130.02652,33.33923],[130.02644,33.339],[130.02678,33.33845],[130.02687,33.33796],[130.02662,33.337],[130.0263,33.33636],[130.02656,33.33584],[130.0273,33.33576]]]},"properties":{"hoanrinKind":"保安林"}},
{"type":"Feature","geometry":{"type":"Polygon","coordinates":[[[130.27094,33.37922],[130.27182,33.37961],[130.27332,33.37994],[130.27498,33.38152],[130.27495,33.38249],[130.27436,33.38275],[130.27412,33.38247],[130.27258,33.38134],[130.27157,33.3811],[130.27061,33.3805],[130.26995,33.37991],[130.27,33.37953],[130.27038,33.37915],[130.27094,33.37922]]]},"properties":{"hoanrinKind":"保安林"}},
{"type":"Feature","geometry":{"type":"Polygon","coordinates":[[[130.14894,33.3976],[130.1491,33.39795],[130.14777,33.39857],[130.14716,33.39856],[130.14629,33.39796],[130.1463,33.39703],[130.14682,33.39668],[130.14866,33.39602],[130.14956,33.3959],[130.15014,33.39635],[130.1504,33.39706],[130.15022,33.3974],[130.15032,33.398],[130.14983,33.39806],[130.14926,33.39757],[130.14894,33.3976]]]},"properties":{"hoanrinKind":"保安林"}},
{"type":"Feature","geometry":{"type":"Polygon","coordinates":[[[130.00664,33.29184],[130.00581,33.29257],[130.00519,33.29275],[130.00439,33.29276],[130.00339,33.29262],[130.00279,33.29193],[130.00195,33.29136],[130.00214,33.29106],[130.00305,33.29155],[130.00347,33.29138],[130.00341,33.29094],[130.00253,33.29047],[130.00226,33.29004],[130.00343,33.2898],[130.00372,33.28992],[130.00389,33.29036],[130.00422,33.29065],[130.00506,33.29097],[130.00556,33.29078],[130.00638,33.29071],[130.00673,33.29137],[130.00664,33.29184]]]},"properties":{"hoanrinKind":"保安林"}},
{"type":"Feature","geometry":{"type":"Polygon","coordinates":[[[129.95018,33.46768],[129.94971,33.46759],[129.94965,33.46729],[129.94978,33.46596],[129.94914,33.46578],[129.94811,33.46596],[129.94792,33.46588],[129.94755,33.46461],[129.94807,33.46424],[129.94974,33.46385],[129.95,33.46445],[129.9503,33.4645],[129.9512,33.46581],[129.95076,33.46592],[129.95039,33.46663],[129.95018,33.46768]]]},"properties":{"hoanrinKind":"保安林"}},
{"type":"Feature","geometry":{"type":"Polygon","coordinates":[[[130.08425,33.23068],[130.0838,33.23114],[130.08359,33.23172],[130.08278,33.23211],[130.08235,33.23183],[130.08202,33.2312],[130.08202,33.23084],[130.08106,33.23063],[130.08021,33.23065],[130.07971,33.23021],[130.07952,33.22986],[130.0796,33.22945],[130.07997,33.22906],[130.08137,33.22839],[130.08189,33.22876],[130.08206,33.2293],[130.08237,33.22949],[130.08292,33.23022],[130.08425,33.23068]]]},"properties":{"hoanrinKind":"保安林"}},
{"type":"Feature","geometry":{"type":"Polygon","coordinates":[[[129.93757,33.3793],[129.9369,33.37989],[129.93636,33.37985],[129.93603,33.37856],[129.93567,33.37836],[129.935,33.3783],[129.93525,33.37696],[129.93596,33.37722],[129.93719,33.37744],[129.9377,33.37723],[129.93793,33.3774],[129.93796,33.37796],[129.93857,33.37799],[129.93866,33.37771],[129.93931,33.37778],[129.93999,33.37759],[129.93944,33.37836],[129.93948,33.37892],[129.93877,33.37933],[129.93793,33.37909],[129.93757,33.3793]]]},"properties":{"hoanrinKind":"保安林"}},
{"type":"Feature","geometry":{"type":"Polygon","coordinates":[[[130.266,33.42137],[130.26527,33.42152],[130.26452,33.42092],[130.26457,33.42038],[130.26368,33.42029],[130.26298,33.41962],[130.26325,33.41934],[130.26426,33.41931],[130.26461,33.41944],[130.26534,33.41999],[130.26573,33.41979],[130.26556,33.419],[130.26532,33.41875],[130.26413,33.41848],[130.2638,33.41799],[130.26495,33.41751],[130.26531,33.41744],[130.26558,33.41813],[130.26634,33.41907],[130.26707,33.41937],[130.26706,33.42013],[130.26665,33.42075],[130.26625,33.42089],[130.266,33.42137]]]},"properties":{"hoanrinKind":"保安林"}},
{"type":"Feature","geometry":{"type":"Polygon","coordinates":[[[130.34923,33.38752],[130.35,33.38903],[130.35,33.39042],[130.35022,33.39167],[130.34967,33.39266],[130.34889,33.39231],[130.34882,33.3915],[130.34812,33.38822],[130.34789,33.38737],[130.34797,33.38692],[130.34851,33.38644],[130.34889,33.38643],[130.34923,33.38752]]]},"properties":{"hoanrinKind":"保安林"}},
{"type":"Feature","geometry":{"type":"Polygon","coordinates":[[[130.14035,33.03983],[130.14206,33.04109],[130.14219,33.04144],[130.14284,33.04195],[130.14353,33.04273],[130.14182,33.04177],[130.14038,33.04103],[130.1403,33.04082],[130.13917,33.04017],[130.1382,33.03946],[130.13772,33.03921],[130.13727,33.03864],[130.13577,33.0376],[130.13611,33.03722],[130.13702,33.03727],[130.13733,33.03715],[130.13752,33.03759],[130.13852,33.03831],[130.14035,33.03983]]]},"properties":{"hoanrinKind":"保安林"}},
{"type":"Feature","geometry":{"type":"Polygon","coordinates":[[[130.2212,33.34731],[130.22067,33.34733],[130.22003,33.34708],[130.21879,33.34706],[130.21758,33.34644],[130.21781,33.34598],[130.21823,33.34457],[130.21876,33.34456],[130.21962,33.34502],[130.2203,33.34491],[130.2207,33.345],[130.22128,33.34548],[130.22141,33.34583],[130.22203,33.34589],[130.22232,33.3462],[130.2212,33.34731]]]},"properties":{"hoanrinKind":"保安林"}},
{"type":"Feature","geometry":{"type":"Polygon","coordinates":[[[130.1883,33.35745],[130.18835,33.35776],[130.18873,33.3582],[130.18862,33.35872],[130.18817,33.35881],[130.18771,33.35832],[130.18768,33.35609],[130.18702,33.35562],[130.18665,33.35519],[130.18598,33.35506],[130.18593,33.35462],[130.18676,33.35417],[130.18681,33.35359],[130.18804,33.35374],[130.18788,33.35402],[130.18808,33.3547],[130.18874,33.35548],[130.1892,33.35616],[130.1903,33.35641],[130.19067,33.35697],[130.19041,33.35724],[130.18937,33.35717],[130.18892,33.35743],[130.1883,33.35745]]]},"properties":{"hoanrinKind":"保安林"}},
{"type":"Feature","geometry":{"type":"Polygon","coordinates":[[[130.01598,33.3232],[130.0169,33.32378],[130.01776,33.32386],[130.01819,33.32432],[130.01816,33.32453],[130.0175,33.32504],[130.01579,33.32601],[130.01508,33.32692],[130.01443,33.32687],[130.01336,33.32638],[130.0133,33.32597],[130.0138,33.32539],[130.01518,33.32447],[130.01556,33.32394],[130.01551,33.3233],[130.01598,33.3232]]]},"properties":{"hoanrinKind":"保安林"}},
{"type":"Feature","geometry":{"type":"Polygon","coordinates":[[[130.09122,33.33053],[130.09106,33.33105],[130.09053,33.33107],[130.09045,33.33062],[130.09017,33.33039],[130.08976,33.3307],[130.08942,33.33054],[130.08958,33.33012],[130.08937,33.32968],[130.08882,33.32961],[130.08953,33.32894],[130.08915,33.32878],[130.088,33.32935],[130.08753,33.32902],[130.08724,33.32853],[130.08678,33.32824],[130.08714,33.32764],[130.08892,33.32705],[130.08965,33.32708],[130.08979,33.32749],[130.09039,33.32796],[130.09041,33.32875],[130.09099,33.32914],[130.09096,33.32947],[130.09122,33.33053]]]},"properties":{"hoanrinKind":"保安林"}},
{"type":"Feature","geometry":{"type":"Polygon","coordinates":[[[130.04829,33.24089],[130.04736,33.24066],[130.0469,33.2408],[130.04671,33.24047],[130.04567,33.24042],[130.04616,33.23899],[130.04669,33.23827],[130.0474,33.23824],[130.04767,33.23896],[130.04802,33.23864],[130.04854,33.23888],[130.04872,33.23945],[130.0494,33.23964],[130.0495,33.23869],[130.04987,33.23869],[130.05019,33.23982],[130.05018,33.24051],[130.04872,33.24067],[130.04829,33.24089]]]},"properties":{"hoanrinKind":"保安林"}},
{"type":"Feature","geometry":{"type":"Polygon","coordinates":[[[129.91484,33.23726],[129.91423,33.23731],[129.9138,33.23677],[129.91314,33.23552],[129.91303,33.23489],[129.91313,33.23461],[129.91377,33.23443],[129.91485,33.23478],[129.91721,33.23521],[129.91722,33.23603],[129.91659,33.23675],[129.91574,33.23745],[129.91522,33.23722],[129.91484,33.23726]]]},"properties":{"hoanrinKind":"保安林"}},
{"type":"Feature","geometry":{"type":"Polygon","coordinates":[[[130.16094,33.23968],[130.16038,33.23968],[130.15989,33.24003],[130.1596,33.23968],[130.15966,33.2392],[130.15927,33.23891],[130.15884,33.23779],[130.15966,33.23746],[130.16036,33.23789],[130.16074,33.23833],[130.16099,33.23895],[130.16073,33.23927],[130.16094,33.23968]]]},"properties":{"hoanrinKind":"保安林"}},
{"type":"Feature","geometry":{"type":"Polygon","coordinates":[[[130.23547,33.36943],[130.23529,33.36986],[130.23487,33.37034],[130.23431,33.37013],[130.23387,33.36957],[130.23341,33.36943],[130.23276,33.37001],[130.23217,33.37005],[130.23174,33.36959],[130.23167,33.36849],[130.23214,33.36781],[130.23329,33.36769],[130.23392,33.36753],[130.2344,33.36813],[130.23483,33.36826],[130.23578,33.36752],[130.23617,33.36743],[130.23641,33.36769],[130.23625,33.36828],[130.2357,33.36891],[130.23547,33.36943]]]},"properties":{"hoanrinKind":"保安林"}},
{"type":"Feature","geometry":{"type":"Polygon","coordinates":[[[130.13734,33.00771],[130.13704,33.00899],[130.13758,33.00972],[130.13776,33.0103],[130.13686,33.01029],[130.13589,33.00947],[130.13505,33.00915],[130.13472,33.00869],[130.13547,33.00834],[130.13544,33.0076],[130.13503,33.00732],[130.13417,33.00727],[130.13365,33.00648],[130.13302,33.00604],[130.13345,33.00584],[130.13482,33.00599],[130.13538,33.0063],[130.13568,33.0067],[130.13682,33.00681],[130.13705,33.00697],[130.13734,33.00771]]]},"properties":{"hoanrinKind":"保安林"}},
{"type":"Feature","geometry":{"type":"Polygon","coordinates":[[[129.96626,33.24286],[129.96687,33.24314],[129.96721,33.24437],[129.9666,33.24499],[129.96642,33.24534],[129.96623,33.24663],[129.96597,33.24707],[129.96606,33.24761],[129.9651,33.24755],[129.96419,33.24693],[129.96383,33.24656],[129.96473,33.24527],[129.96492,33.24512],[129.96535,33.24391],[129.9653,33.24316],[129.96494,33.24284],[129.96626,33.24286]]]},"properties":{"hoanrinKind":"保安林"}},
{"type":"Feature","geometry":{"type":"Polygon","coordinates":[[[130.1266,33.01854],[130.12613,33.01907],[130.12576,33.01908],[130.12535,33.01851],[130.12481,33.01842],[130.12159,33.01854],[130.121,33.01834],[130.12061,33.01773],[130.12078,33.01722],[130.12114,33.01694],[130.12272,33.01703],[130.12434,33.01762],[130.1263,33.0178],[130.12764,33.01773],[130.12802,33.01785],[130.12844,33.01837],[130.1284,33.01895],[130.12791,33.01898],[130.12707,33.01847],[130.1266,33.01854]]]},"properties":{"hoanrinKind":"保安林"}},
{"type":"Feature","geometry":{"type":"Polygon","coordinates":[[[129.96112,33.15531],[129.96058,33.15554],[129.95975,33.15524],[129.95858,33.15527],[129.95776,33.15519],[129.95657,33.15494],[129.95556,33.15522],[129.95441,33.15538],[129.95499,33.1549],[129.95574,33.15471],[129.95612,33.15444],[129.95713,33.15426],[129.95788,33.15387],[129.95826,33.1534],[129.9583,33.15224],[129.95882,33.15109],[129.95943,33.15076],[129.95963,33.15095],[129.95982,33.15173],[129.95963,33.15303],[129.95919,33.15319],[129.95913,33.15363],[129.95943,33.15423],[129.96112,33.15531]]]},"properties":{"hoanrinKind":"保安林"}},
{"type":"Feature","geometry":{"type":"Polygon","coordinates":[[[130.16473,33.40184],[130.16449,33.4021],[130.16345,33.40145],[130.1639,33.40073],[130.16312,33.40049],[130.16253,33.40018],[130.16201,33.39951],[130.16212,33.39887],[130.1625,33.39856],[130.16314,33.39857],[130.16357,33.39873],[130.16478,33.39884],[130.16558,33.39911],[130.16587,33.3994],[130.16608,33.39996],[130.16598,33.40032],[130.16534,33.40046],[130.16545,33.4018],[130.16473,33.40184]]]},"properties":{"hoanrinKind":"保安林"}},
{"type":"Feature","geometry":{"type":"Polygon","coordinates":[[[129.99606,33.38489],[129.99472,33.38515],[129.99418,33.38438],[129.99408,33.3838],[129.99412,33.38263],[129.99433,33.38218],[129.99479,33.38182],[129.99513,33.38109],[129.99571,33.38117],[129.9955,33.38173],[129.99575,33.38233],[129.99635,33.38236],[129.99658,33.3826],[129.9957,33.3828],[129.99585,33.38313],[129.99699,33.38325],[129.99747,33.38316],[129.9979,33.38338],[129.99742,33.38385],[129.99622,33.38377],[129.99618,33.38434],[129.9968,33.38444],[129.99606,33.38489]]]},"properties":{"hoanrinKind":"保安林"}},
{"type":"Feature","geometry":{"type":"Polygon","coordinates":[[[130.10347,33.22911],[130.1039,33.2295],[130.10371,33.22985],[130.10316,33.22989],[130.10263,33.23058],[130.10179,33.2301],[130.10181,33.22976],[130.10133,33.22939],[130.1009,33.2288],[130.10028,33.22841],[130.10031,33.22794],[130.1006,33.2278],[130.10151,33.22782],[130.10169,33.2271],[130.10241,33.22705],[130.10256,33.22627],[130.10291,33.22622],[130.10324,33.22668],[130.10375,33.22848],[130.10376,33.22888],[130.10347,33.22911]]]},"properties":{"hoanrinKind":"保安林"}},
{"type":"Feature","geometry":{"type":"Polygon","coordinates":[[[129.95687,33.16974],[129.95617,33.17028],[129.95534,33.17037],[129.95457,33.17018],[129.95342,33.16954],[129.95242,33.16954],[129.95162,33.16999],[129.9515,33.16862],[129.95152,33.16804],[129.95211,33.16771],[129.95348,33.1677],[129.95402,33.16779],[129.95483,33.16839],[129.95537,33.16918],[129.95572,33.16948],[129.95617,33.16958],[129.95648,33.16916],[129.95713,33.1688],[129.95741,33.16885],[129.95724,33.1695],[129.95687,33.16974]]]},"properties":{"hoanrinKind":"保安林"}},
{"type":"Feature","geometry":{"type":"Polygon","coordinates":[[[130.13016,33.42914],[130.1307,33.42957],[130.1305,33.43018],[130.12944,33.43081],[130.1289,33.43239],[130.12799,33.4324],[130.12773,33.43206],[130.1268,33.43159],[130.12661,33.43108],[130.12659,33.42983],[130.12698,33.42938],[130.12863,33.42933],[130.12958,33.42913],[130.13016,33.42914]]]},"properties":{"hoanrinKind":"保安林"}},
{"type":"Feature","geometry":{"type":"Polygon","coordinates":[[[130.0312,33.33135],[130.0305,33.33266],[130.02978,33.3327],[130.02922,33.33288],[130.02813,33.3338],[130.02788,33.33366],[130.02774,33.33287],[130.02706,33.33214],[130.02691,33.33163],[130.02712,33.33081],[130.02817,33.331],[130.02872,33.33123],[130.02967,33.33127],[130.03,33.3309],[130.03078,33.33112],[130.0312,33.33135]]]},"properties":{"hoanrinKind":"保安林"}},
{"type":"Feature","geometry":{"type":"Polygon","coordinates":[[[130.20047,33.45145],[130.20005,33.45191],[130.19891,33.45172],[130.19812,33.4515],[130.19778,33.45096],[130.19844,33.45108],[130.19869,33.45053],[130.19779,33.45038],[130.19724,33.44979],[130.19724,33.44937],[130.19837,33.44867],[130.19908,33.44854],[130.20001,33.44891],[130.20081,33.44887],[130.20075,33.44992],[130.20026,33.45032],[130.20026,33.4506],[130.20072,33.45096],[130.20047,33.45145]]]},"properties":{"hoanrinKind":"保安林"}},
{"type":"Feature","geometry":{"type":"Polygon","coordinates":[[[129.94541,33.48435],[129.94559,33.48477],[129.94553,33.4855],[129.94563,33.48582],[129.94612,33.4864],[129.94629,33.4868],[129.94627,33.48757],[129.94535,33.48877],[129.94502,33.48937],[129.94451,33.48868],[129.94451,33.48808],[129.94488,33.48757],[129.94468,33.48695],[129.94396,33.48604],[129.94384,33.48522],[129.94416,33.48444],[129.94439,33.48422],[129.94541,33.48435]]]},"properties":{"hoanrinKind":"保安林"}},
{"type":"Feature","geometry":{"type":"Polygon","coordinates":[[[130.22804,33.44343],[130.22809,33.44478],[130.22741,33.445],[130.22695,33.44528],[130.22663,33.44611],[130.2264,33.44636],[130.22576,33.4464],[130.22492,33.44422],[130.22484,33.44376],[130.22503,33.44265],[130.22535,33.44209],[130.22572,33.44197],[130.22608,33.44222],[130.22619,33.44311],[130.22697,33.44333],[130.22692,33.44247],[130.22784,33.44249],[130.22804,33.44343]]]},"properties":{"hoanrinKind":"保安林"}},
{"type":"Feature","geometry":{"type":"Polygon","coordinates":[[[130.26757,33.36313],[130.26681,33.36296],[130.26755,33.36262],[130.26727,33.36225],[130.26668,33.36242],[130.26625,33.36215],[130.26617,33.3605],[130.26677,33.36007],[130.26828,33.35926],[130.26864,33.3592],[130.26911,33.35945],[130.26955,33.36045],[130.2696,33.36089],[130.26893,33.36138],[130.26874,33.36172],[130.2688,33.36265],[130.26757,33.36313]]]},"properties":{"hoanrinKind":"保安林"}},
{"type":"Feature","geometry":{"type":"Polygon","coordinates":[[[130.14125,33.40894],[130.14022,33.40928],[130.13962,33.40915],[130.14002,33.40774],[130.14003,33.40717],[130.13975,33.406],[130.13976,33.40548],[130.14012,33.40497],[130.14073,33.40514],[130.14102,33.40566],[130.14197,33.40679],[130.14269,33.40718],[130.14298,33.40778],[130.14251,33.40814],[130.14271,33.40894],[130.14125,33.40894]]]},"properties":{"hoanrinKind":"保安林"}},
{"type":"Feature","geometry":{"type":"Polygon","coordinates":[[[130.01595,33.3704],[130.01535,33.37073],[130.01407,33.37017],[130.013,33.37027],[130.01275,33.37007],[130.01192,33.3688],[130.01258,33.3688],[130.01307,33.36856],[130.01319,33.36747],[130.01362,33.36717],[130.01476,33.3673],[130.01598,33.3672],[130.01599,33.36779],[130.0146,33.36853],[130.01483,33.36871],[130.01544,33.36865],[130.01632,33.36874],[130.01636,33.36906],[130.01547,33.36952],[130.01583,33.36989],[130.01595,33.3704]]]},"properties":{"hoanrinKind":"保安林"}},
{"type":"Feature","geometry":{"type":"Polygon","coordinates":[[[130.24586,33.43955],[130.24504,33.43948],[130.24456,33.43887],[130.24382,33.43821],[130.24189,33.4383],[130.24137,33.43818],[130.24081,33.43843],[130.23998,33.43831],[130.23934,33.4375],[130.23939,33.43731],[130.24101,33.43676],[130.2419,33.43665],[130.24241,33.43676],[130.24301,33.43727],[130.24345,33.43701],[130.24435,33.43697],[130.24514,33.43714],[130.24541,33.4377],[130.24519,33.4383],[130.24582,33.43892],[130.24554,33.43932],[130.24586,33.43955]]]},"properties":{"hoanrinKind":"保安林"}},
{"type":"Feature","geometry":{"type":"Polygon","coordinates":[[[130.28519,33.39393],[130.28529,33.39547],[130.28456,33.39586],[130.28408,33.39653],[130.28352,33.3963],[130.28384,33.39542],[130.2835,33.39513],[130.28304,33.39509],[130.28255,33.39482],[130.2804,33.39433],[130.28014,33.3939],[130.28003,33.39315],[130.28061,33.3927],[130.28145,33.39288],[130.28255,33.39293],[130.28312,33.39331],[130.28328,33.39372],[130.28363,33.39382],[130.28473,33.39368],[130.28519,33.39393]]]},"properties":{"hoanrinKind":"保安林"}},
{"type":"Feature","geometry":{"type":"Polygon","coordinates":[[[130.20404,33.36157],[130.20433,33.36159],[130.2047,33.3621],[130.2047,33.36243],[130.20428,33.36309],[130.20422,33.36357],[130.20374,33.364],[130.20319,33.36482],[130.20289,33.36498],[130.20192,33.36489],[130.20144,33.36453],[130.20119,33.36392],[130.2002,33.36357],[130.20032,33.36303],[130.2013,33.36258],[130.20187,33.36187],[130.2026,33.3618],[130.20358,33.36152],[130.20404,33.36157]]]},"properties":{"hoanrinKind":"保安林"}},
{"type":"Feature","geometry":{"type":"Polygon","coordinates":[[[129.97986,33.37682],[129.98041,33.37702],[129.98081,33.37786],[129.98082,33.37823],[129.98054,33.37861],[129.97874,33.37867],[129.97743,33.379],[129.97676,33.37878],[129.97596,33.37815],[129.97583,33.37741],[129.97594,33.37678],[129.97618,33.37643],[129.97693,33.37644],[129.97774,33.3766],[129.97816,33.37681],[129.97907,33.37668],[129.97986,33.37682]]]},"properties":{"hoanrinKind":"保安林"}},
{"type":"Feature","geometry":{"type":"Polygon","coordinates":[[[130.03768,33.09212],[130.03543,33.09204],[130.03507,33.09185],[130.03512,33.09106],[130.03493,33.09055],[130.03434,33.09075],[130.03409,33.0905],[130.03413,33.08987],[130.0339,33.08929],[130.03433,33.08909],[130.03516,33.08907],[130.0357,33.08936],[130.03685,33.08934],[130.03759,33.08941],[130.03819,33.09103],[130.0382,33.0919],[130.03768,33.09212]]]},"properties":{"hoanrinKind":"保安林"}},
{"type":"Feature","geometry":{"type":"Polygon","coordinates":[[[130.1887,33.42342],[130.18852,33.42382],[130.18762,33.42379],[130.18687,33.42331],[130.18538,33.42337],[130.1846,33.42303],[130.1846,33.42261],[130.18557,33.42199],[130.1863,33.42167],[130.18693,33.42118],[130.1879,33.42079],[130.18977,33.42092],[130.19011,33.42137],[130.18976,33.42192],[130.18867,33.42265],[130.1887,33.42342]]]},"properties":{"hoanrinKind":"保安林"}},
{"type":"Feature","geometry":{"type":"Polygon","coordinates":[[[130.16477,33.34906],[130.16369,33.34945],[130.16306,33.34934],[130.16285,33.34907],[130.16265,33.34835],[130.16276,33.34813],[130.16371,33.34784],[130.16415,33.34732],[130.16445,33.34645],[130.16512,33.34613],[130.16586,33.34619],[130.1658,33.34661],[130.16613,33.34686],[130.16745,33.34715],[130.16839,33.3477],[130.1687,33.34803],[130.16762,33.34825],[130.16672,33.34827],[130.1662,33.34853],[130.16579,33.34904],[130.16552,33.34914],[130.16477,33.34906]]]},"properties":{"hoanrinKind":"保安林"}},
{"type":"Feature","geometry":{"type":"Polygon","coordinates":[[[129.97449,33.23805],[129.97381,33.23813],[129.97379,33.23768],[129.97421,33.23685],[129.9742,33.23601],[129.97409,33.23561],[129.9745,33.23536],[129.97563,33.23497],[129.97649,33.23397],[129.97734,33.23384],[129.97778,33.23435],[129.97691,33.23495],[129.97694,33.23539],[129.97734,33.23618],[129.97749,33.2369],[129.97688,33.23741],[129.97475,33.23809],[129.97449,33.23805]]]},"properties":{"hoanrinKind":"保安林"}},
{"type":"Feature","geometry":{"type":"Polygon","coordinates":[[[129.82451,33.18992],[129.82296,33.19027],[129.82227,33.19024],[129.82099,33.18984],[129.81999,33.18979],[129.81873,33.19025],[129.81813,33.19004],[129.8178,33.18953],[129.81794,33.18913],[129.81843,33.18891],[129.81979,33.18857],[129.82041,33.18924],[129.82218,33.18855],[129.82242,33.18875],[129.82329,33.18895],[129.82343,33.18845],[129.82546,33.1885],[129.82561,33.18869],[129.82563,33.18941],[129.82527,33.18969],[129.82451,33.18992]]]},"properties":{"hoanrinKind":"保安林"}},
{"type":"Feature","geometry":{"type":"Polygon","coordinates":[[[130.48965,33.43325],[130.48924,33.43413],[130.48877,33.43452],[130.48789,33.43458],[130.4866,33.43336],[130.48701,33.43283],[130.48662,33.43252],[130.48745,33.43208],[130.48887,33.43195],[130.48968,33.4317],[130.49048,33.43202],[130.49132,33.432],[130.49156,33.43308],[130.49122,33.43372],[130.49069,33.43378],[130.49012,33.43329],[130.48965,33.43325]]]},"properties":{"hoanrinKind":"保安林"}},
{"type":"Feature","geometry":{"type":"Polygon","coordinates":[[[130.17089,33.3651],[130.17151,33.36591],[130.17171,33.36647],[130.1716,33.36679],[130.17089,33.36752],[130.17132,33.36857],[130.17102,33.36931],[130.16993,33.37002],[130.1693,33.37016],[130.16849,33.36973],[130.16811,33.36925],[130.16803,33.36849],[130.16821,33.3679],[130.16953,33.3676],[130.17016,33.36725],[130.16983,33.36662],[130.16953,33.36651],[130.17041,33.36525],[130.17089,33.3651]]]},"properties":{"hoanrinKind":"保安林"}},
{"type":"Feature","geometry":{"type":"Polygon","coordinates":[[[129.97836,33.34955],[129.97751,33.35106],[129.97673,33.35107],[129.97608,33.35069],[129.97586,33.34961],[129.97656,33.34905],[129.97687,33.34814],[129.97756,33.34776],[129.97786,33.34736],[129.97866,33.34697],[129.97901,33.34699],[129.98028,33.34786],[129.98019,33.34844],[129.9798,33.34916],[129.97975,33.34952],[129.97878,33.34934],[129.97836,33.34955]]]},"properties":{"hoanrinKind":"保安林"}},
{"type":"Feature","geometry":{"type":"Polygon","coordinates":[[[130.10413,33.25512],[130.1038,33.25573],[130.10362,33.25645],[130.10385,33.25667],[130.10395,33.25734],[130.10353,33.25826],[130.10256,33.25959],[130.1018,33.26018],[130.10089,33.26052],[130.10012,33.26064],[130.09998,33.2604],[130.10091,33.25893],[130.10125,33.25822],[130.10118,33.25761],[130.10221,33.25717],[130.10248,33.25599],[130.10344,33.25475],[130.10406,33.25465],[130.10413,33.25512]]]},"properties":{"hoanrinKind":"保安林"}},
{"type":"Feature","geometry":{"type":"Polygon","coordinates":[[[130.09881,33.34916],[130.09919,33.34969],[130.09927,33.35026],[130.09964,33.35035],[130.09986,33.35124],[130.10032,33.35227],[130.10024,33.35273],[130.09948,33.35295],[130.09856,33.35224],[130.09823,33.35174],[130.09807,33.35119],[130.09731,33.35056],[130.09769,33.34953],[130.09724,33.34867],[130.09761,33.34822],[130.09856,33.34803],[130.0996,33.34851],[130.10024,33.34862],[130.10134,33.34932],[130.10147,33.34967],[130.10127,33.34999],[130.10017,33.34975],[130.09897,33.3491],[130.09881,33.34916]]]},"properties":{"hoanrinKind":"保安林"}},
{"type":"Feature","geometry":{"type":"Polygon","coordinates":[[[129.92149,33.16471],[129.92196,33.16494],[129.9225,33.16597],[129.92321,33.16702],[129.92319,33.16729],[129.92251,33.16756],[129.92161,33.16728],[129.92015,33.16702],[129.91953,33.16679],[129.91837,33.16561],[129.91964,33.16504],[129.92045,33.16484],[129.92149,33.16471]]]},"properties":{"hoanrinKind":"保安林"}},
{"type":"Feature","geometry":{"type":"Polygon","coordinates":[[[129.916,33.19583],[129.91587,33.19615],[129.91528,33.1962],[129.91473,33.19581],[129.91461,33.19545],[129.91416,33.19549],[129.91326,33.19533],[129.91311,33.19489],[129.91251,33.1946],[129.91215,33.19389],[129.9124,33.19356],[129.91265,33.1928],[129.91386,33.1924],[129.91455,33.19244],[129.9151,33.19272],[129.91555,33.19402],[129.91598,33.19499],[129.916,33.19583]]]},"properties":{"hoanrinKind":"保安林"}},
{"type":"Feature","geometry":{"type":"Polygon","coordinates":[[[130.142,33.41315],[130.14116,33.41364],[130.14059,33.41356],[130.14096,33.41311],[130.14012,33.41324],[130.13981,33.41303],[130.13986,33.41213],[130.14004,33.41184],[130.14188,33.41045],[130.14266,33.41001],[130.14305,33.40992],[130.14374,33.41013],[130.14393,33.41057],[130.14405,33.41159],[130.14439,33.41242],[130.14402,33.41282],[130.14241,33.41296],[130.142,33.41315]]]},"properties":{"hoanrinKind":"保安林"}},
{"type":"Feature","geometry":{"type":"Polygon","coordinates":[[[129.88136,33.3994],[129.88113,33.39978],[129.88019,33.40075],[129.87971,33.40021],[129.87987,33.39937],[129.88187,33.39648],[129.88213,33.39627],[129.88253,33.39643],[129.88284,33.39811],[129.88222,33.39847],[129.88119,33.39888],[129.88107,33.39925],[129.8816,33.39926],[129.88281,33.39864],[129.88313,33.39895],[129.88401,33.39888],[129.88397,33.39971],[129.88237,33.4005],[129.88136,33.3994]]]},"properties":{"hoanrinKind":"保安林"}},
{"type":"Feature","geometry":{"type":"Polygon","coordinates":[[[130.2712,33.42173],[130.27087,33.42189],[130.27003,33.42276],[130.26972,33.42275],[130.26929,33.42224],[130.27014,33.42117],[130.26994,33.42098],[130.26914,33.4214],[130.26855,33.42125],[130.26824,33.42075],[130.26848,33.42046],[130.26958,33.42035],[130.27047,33.41981],[130.2717,33.41969],[130.27268,33.41909],[130.27376,33.41875],[130.27379,33.41943],[130.27408,33.41999],[130.27324,33.42034],[130.27296,33.42066],[130.27272,33.4219],[130.27236,33.42218],[130.27144,33.42172],[130.2712,33.42173]]]},"properties":{"hoanrinKind":"保安林"}},
{"type":"Feature","geometry":{"type":"Polygon","coordinates":[[[130.0819,33.04677],[130.08193,33.04768],[130.08173,33.04814],[130.08135,33.0479],[130.08117,33.0466],[130.081,33.04477],[130.08088,33.04411],[130.08108,33.04395],[130.08242,33.0438],[130.08485,33.04362],[130.08531,33.04374],[130.08595,33.04427],[130.08627,33.0451],[130.08595,33.0452],[130.08486,33.04459],[130.08415,33.04434],[130.08299,33.04562],[130.08321,33.04694],[130.08316,33.04747],[130.08258,33.04777],[130.08248,33.04711],[130.0822,33.04674],[130.0819,33.04677]]]},"properties":{"hoanrinKind":"保安林"}},
{"type":"Feature","geometry":{"type":"Polygon","coordinates":[[[130.02961,33.30085],[130.02947,33.30186],[130.02897,33.30211],[130.0283,33.30135],[130.02755,33.30079],[130.02588,33.3008],[130.02551,33.29974],[130.02554,33.29926],[130.0252,33.29881],[130.02512,33.29822],[130.0264,33.29818],[130.02619,33.29868],[130.02701,33.29909],[130.02756,33.30016],[130.02802,33.29991],[130.02752,33.29828],[130.02709,33.29815],[130.02737,33.29779],[130.02801,33.29768],[130.0287,33.29799],[130.02961,33.2988],[130.02977,33.29916],[130.02968,33.30007],[130.02904,33.30005],[130.02881,33.30027],[130.02961,33.30085]]]},"properties":{"hoanrinKind":"保安林"}},
{"type":"Feature","geometry":{"type":"Polygon","coordinates":[[[129.91384,33.29003],[129.91377,33.29028],[129.91297,33.29001],[129.91206,33.28996],[129.91098,33.28967],[129.90984,33.28982],[129.90958,33.28951],[129.9089,33.28911],[129.90861,33.28853],[129.90891,33.28737],[129.90892,33.28662],[129.9092,33.2863],[129.90964,33.28673],[129.90995,33.28656],[129.91056,33.2874],[129.91124,33.28767],[129.91161,33.28839],[129.91223,33.28869],[129.91393,33.28918],[129.91384,33.29003]]]},"properties":{"hoanrinKind":"保安林"}},
{"type":"Feature","geometry":{"type":"Polygon","coordinates":[[[130.14686,32.99743],[130.147,32.99774],[130.147,32.99891],[130.14611,32.99894],[130.14595,32.99951],[130.14456,32.99929],[130.14398,32.99912],[130.14271,32.99858],[130.142,32.99819],[130.14152,32.99768],[130.14147,32.99692],[130.14206,32.99674],[130.14261,32.99679],[130.14298,32.99701],[130.14351,32.99686],[130.14392,32.9973],[130.14437,32.99728],[130.14435,32.99689],[130.14644,32.99715],[130.14686,32.99743]]]},"properties":{"hoanrinKind":"保安林"}},
{"type":"Feature","geometry":{"type":"Polygon","coordinates":[[[130.22318,33.45498],[130.22375,33.45531],[130.22381,33.45576],[130.22417,33.45634],[130.224,33.45705],[130.22405,33.45758],[130.22435,33.45837],[130.22545,33.45961],[130.22534,33.4603],[130.2246,33.4604],[130.22397,33.46023],[130.22336,33.45978],[130.22254,33.45863],[130.22243,33.45805],[130.22183,33.45683],[130.2218,33.45625],[130.22199,33.45573],[130.22282,33.45497],[130.22318,33.45498]]]},"properties":{"hoanrinKind":"保安林"}},
{"type":"Feature","geometry":{"type":"Polygon","coordinates":[[[130.10143,33.37143],[130.10127,33.3719],[130.1006,33.37194],[130.09983,33.37212],[130.09938,33.37234],[130.09862,33.37198],[130.09827,33.37156],[130.09782,33.37139],[130.09683,33.37165],[130.0963,33.37194],[130.0958,33.37178],[130.09625,33.37105],[130.09649,33.37039],[130.09687,33.37006],[130.0976,33.37011],[130.09772,33.37044],[130.09853,33.37086],[130.09928,33.37079],[130.09938,33.37051],[130.09916,33.3697],[130.09986,33.36936],[130.10086,33.36831],[130.10124,33.36779],[130.10185,33.36813],[130.10154,33.36844],[130.10169,33.36868],[130.10122,33.36951],[130.10132,33.37022],[130.10118,33.37098],[130.10143,33.37143]]]},"properties":{"hoanrinKind":"保安林"}},
{"type":"Feature","geometry":{"type":"Polygon","coordinates":[[[130.01491,33.3303],[130.01476,33.33067],[130.01422,33.33082],[130.01277,33.33056],[130.01226,33.33024],[130.01072,33.33007],[130.01017,33.33017],[130.00947,33.33011],[130.00861,33.32951],[130.0092,33.32803],[130.0087,33.3278],[130.00868,33.32734],[130.00901,33.32674],[130.01016,33.3271],[130.01073,33.32752],[130.01114,33.32833],[130.0123,33.32915],[130.01337,33.32965],[130.01382,33.32966],[130.0147,33.32997],[130.01491,33.3303]]]},"properties":{"hoanrinKind":"保安林"}},
{"type":"Feature","geometry":{"type":"Polygon","coordinates":[[[130.02561,33.27092],[130.02454,33.27039],[130.02442,33.26984],[130.02389,33.26987],[130.02366,33.26931],[130.02211,33.26931],[130.02159,33.26918],[130.02183,33.2684],[130.02207,33.26802],[130.02178,33.26761],[130.01905,33.26732],[130.01899,33.26709],[130.01982,33.26662],[130.02018,33.26628],[130.0205,33.26546],[130.02075,33.26523],[130.02154,33.26503],[130.02256,33.264],[130.02277,33.26395],[130.02205,33.26539],[130.02182,33.26601],[130.02202,33.26681],[130.02239,33.26725],[130.02339,33.26795],[130.0251,33.26966],[130.02554,33.27053],[130.02561,33.27092]]]},"properties":{"hoanrinKind":"保安林"}},
{"type":"Feature","geometry":{"type":"Polygon","coordinates":[[[130.49013,33.36628],[130.48971,33.36649],[130.48928,33.36647],[130.48812,33.36617],[130.48682,33.36628],[130.48594,33.36592],[130.48519,33.36537],[130.48496,33.36474],[130.48534,33.36419],[130.48594,33.3642],[130.48709,33.36305],[130.48792,33.36295],[130.48847,33.36335],[130.48878,33.3638],[130.48891,33.36456],[130.48958,33.36555],[130.49001,33.36586],[130.49013,33.36628]]]},"properties":{"hoanrinKind":"保安林"}},
{"type":"Feature","geometry":{"type":"Polygon","coordinates":[[[130.10284,33.2657],[130.10213,33.26628],[130.10151,33.26589],[130.10141,33.26557],[130.10157,33.26463],[130.10204,33.26433],[130.10242,33.26333],[130.10219,33.26281],[130.10242,33.26253],[130.10321,33.26208],[130.10347,33.26158],[130.10373,33.26065],[130.10476,33.26073],[130.10484,33.2614],[130.10435,33.26258],[130.1043,33.263],[130.10398,33.26361],[130.10482,33.26389],[130.10416,33.26505],[130.10366,33.26565],[130.1031,33.26607],[130.10284,33.2657]]]},"properties":{"hoanrinKind":"保安林"}},
{"type":"Feature","geometry":{"type":"Polygon","coordinates":[[[129.91859,33.16362],[129.9184,33.16386],[129.9178,33.16379],[129.91772,33.16343],[129.91806,33.16272],[129.91811,33.16198],[129.918,33.16129],[129.91771,33.16073],[129.91721,33.16011],[129.91775,33.16004],[129.91845,33.16059],[129.91886,33.16126],[129.91986,33.16171],[129.92009,33.16201],[129.92171,33.16158],[129.92255,33.16161],[129.92293,33.162],[129.9232,33.16353],[129.92157,33.16338],[129.92048,33.16353],[129.9194,33.16377],[129.91859,33.16362]]]},"properties":{"hoanrinKind":"保安林"}},
{"type":"Feature","geometry":{"type":"Polygon","coordinates":[[[130.26941,33.37842],[130.2693,33.38001],[130.26913,33.38051],[130.2686,33.38128],[130.26844,33.3824],[130.26812,33.38299],[130.26747,33.38283],[130.26714,33.38215],[130.26747,33.3815],[130.26766,33.38064],[130.26717,33.38016],[130.26593,33.37955],[130.26491,33.37913],[130.26467,33.37881],[130.26469,33.37843],[130.26548,33.3781],[130.26676,33.37841],[130.2674,33.3784],[130.26836,33.37799],[130.26915,33.37776],[130.26943,33.37785],[130.26941,33.37842]]]},"properties":{"hoanrinKind":"保安林"}},
{"type":"Feature","geometry":{"type":"Polygon","coordinates":[[[130.23987,33.34468],[130.23919,33.34498],[130.23867,33.34288],[130.23794,33.3421],[130.23792,33.34168],[130.23818,33.34139],[130.23927,33.3408],[130.23979,33.34066],[130.24124,33.34155],[130.2424,33.34213],[130.24231,33.34267],[130.24106,33.34395],[130.24084,33.34469],[130.2402,33.34453],[130.23987,33.34468]]]},"properties":{"hoanrinKind":"保安林"}},
{"type":"Feature","geometry":{"type":"Polygon","coordinates":[[[130.16717,33.42946],[130.16775,33.43097],[130.16779,33.43198],[130.16769,33.4322],[130.1671,33.43241],[130.16657,33.43237],[130.16598,33.43194],[130.16611,33.43168],[130.1659,33.43088],[130.16615,33.42921],[130.1653,33.42934],[130.16462,33.42885],[130.16429,33.42826],[130.16358,33.4263],[130.16385,33.4254],[130.1648,33.42659],[130.1659,33.42698],[130.16618,33.42718],[130.16669,33.42848],[130.16699,33.42882],[130.16717,33.42946]]]},"properties":{"hoanrinKind":"保安林"}},
{"type":"Feature","geometry":{"type":"Polygon","coordinates":[[[129.98874,33.22044],[129.98926,33.22088],[129.98948,33.22154],[129.98946,33.22189],[129.98909,33.22252],[129.98814,33.22262],[129.98725,33.22288],[129.98633,33.22335],[129.98567,33.22355],[129.9846,33.22356],[129.98334,33.22263],[129.98374,33.22213],[129.98482,33.22158],[129.98574,33.22141],[129.98642,33.22108],[129.988,33.22048],[129.98874,33.22044]]]},"properties":{"hoanrinKind":"保安林"}},
{"type":"Feature","geometry":{"type":"Polygon","coordinates":[[[130.1614,33.44174],[130.1607,33.44204],[130.16012,33.44245],[130.15962,33.44257],[130.1591,33.44044],[130.15901,33.43976],[130.15952,33.43965],[130.16018,33.44004],[130.16055,33.44],[130.16115,33.43918],[130.16164,33.43927],[130.16168,33.43885],[130.1625,33.43926],[130.16321,33.43974],[130.16366,33.44098],[130.16444,33.44217],[130.16388,33.44234],[130.16316,33.442],[130.1622,33.44174],[130.1614,33.44174]]]},"properties":{"hoanrinKind":"保安林"}},
{"type":"Feature","geometry":{"type":"Polygon","coordinates":[[[130.01298,33.22],[130.01271,33.22047],[130.01225,33.22083],[130.01131,33.22205],[130.01077,33.22229],[130.0102,33.22214],[130.00997,33.2216],[130.01004,33.22095],[130.01094,33.21966],[130.01089,33.21937],[130.00993,33.21944],[130.00951,33.21916],[130.00967,33.2184],[130.01022,33.21804],[130.01128,33.21714],[130.01166,33.21713],[130.01288,33.21785],[130.01314,33.21816],[130.01331,33.21874],[130.01298,33.22]]]},"properties":{"hoanrinKind":"保安林"}},
{"type":"Feature","geometry":{"type":"Polygon","coordinates":[[[129.89634,33.33448],[129.89573,33.33492],[129.8938,33.33464],[129.89381,33.33441],[129.89322,33.33429],[129.89362,33.33386],[129.89364,33.33354],[129.89314,33.33315],[129.89271,33.33363],[129.89182,33.33367],[129.89161,33.33389],[129.89114,33.33357],[129.89096,33.33304],[129.89145,33.33244],[129.89236,33.33096],[129.89279,33.33089],[129.89489,33.33219],[129.89512,33.33241],[129.89505,33.33302],[129.8945,33.3331],[129.89542,33.3336],[129.89616,33.33348],[129.89648,33.33383],[129.89634,33.33448]]]},"properties":{"hoanrinKind":"保安林"}},
{"type":"Feature","geometry":{"type":"Polygon","coordinates":[[[130.24217,33.39276],[130.2415,33.39308],[130.24068,33.39316],[130.23902,33.39224],[130.23834,33.39165],[130.23719,33.39168],[130.2369,33.39137],[130.23687,33.39095],[130.23713,33.38986],[130.23754,33.38955],[130.23814,33.39014],[130.23847,33.39085],[130.23881,33.39103],[130.2393,33.3908],[130.23889,33.39008],[130.23892,33.38973],[130.23973,33.38919],[130.24055,33.38911],[130.24089,33.38939],[130.24096,33.38996],[130.2406,33.39054],[130.24069,33.39125],[130.24093,33.39146],[130.24177,33.39154],[130.24244,33.39177],[130.24309,33.39258],[130.24293,33.39278],[130.24217,33.39276]]]},"properties":{"hoanrinKind":"保安林"}},
{"type":"Feature","geometry":{"type":"Polygon","coordinates":[[[129.98908,33.27072],[129.98878,33.27102],[129.98854,33.26993],[129.98891,33.26959],[129.99042,33.26844],[129.99102,33.26728],[129.99137,33.26695],[129.99139,33.26595],[129.99183,33.26492],[129.99276,33.265],[129.99315,33.26519],[129.993,33.26589],[129.99324,33.26704],[129.9932,33.26751],[129.99287,33.26818],[129.99227,33.26872],[129.99177,33.26893],[129.99142,33.26929],[129.99125,33.26974],[129.99062,33.2704],[129.98984,33.27092],[129.98908,33.27072]]]},"properties":{"hoanrinKind":"保安林"}},
{"type":"Feature","geometry":{"type":"Polygon","coordinates":[[[129.98968,33.36804],[129.98932,33.36884],[129.98887,33.36877],[129.98888,33.36783],[129.98838,33.36789],[129.98755,33.36826],[129.98674,33.36842],[129.98617,33.36823],[129.9862,33.36768],[129.98726,33.36607],[129.98804,33.36529],[129.98902,33.36464],[129.9899,33.36422],[129.99049,33.36443],[129.99065,33.36595],[129.99055,33.36647],[129.98968,33.36804]]]},"properties":{"hoanrinKind":"保安林"}},
{"type":"Feature","geometry":{"type":"Polygon","coordinates":[[[129.8639,33.61388],[129.86364,33.61545],[129.8628,33.61585],[129.86218,33.61583],[129.86003,33.6155],[129.85878,33.61509],[129.85897,33.61427],[129.86004,33.61299],[129.86016,33.61225],[129.86058,33.6125],[129.86233,33.61293],[129.86291,33.61373],[129.8639,33.61388]]]},"properties":{"hoanrinKind":"保安林"}},
{"type":"Feature","geometry":{"type":"Polygon","coordinates":[[[130.16239,33.42879],[130.16194,33.42931],[130.16147,33.43016],[130.1606,33.43038],[130.16036,33.43014],[130.16041,33.42903],[130.16014,33.42875],[130.15955,33.42941],[130.1587,33.42918],[130.15845,33.4289],[130.15881,33.42819],[130.15892,33.42747],[130.15938,33.42688],[130.15995,33.42682],[130.16067,33.42612],[130.16076,33.42566],[130.16149,33.42524],[130.16166,33.42572],[130.16221,33.42652],[130.1625,33.42717],[130.16262,33.42811],[130.16239,33.42879]]]},"properties":{"hoanrinKind":"保安林"}},
{"type":"Feature","geometry":{"type":"Polygon","coordinates":[[[130.29288,33.38739],[130.2923,33.38657],[130.2924,33.38582],[130.29224,33.38546],[130.29126,33.38481],[130.29104,33.38374],[130.29001,33.38286],[130.28961,33.38222],[130.28956,33.38179],[130.29019,33.38155],[130.2916,33.38215],[130.29202,33.38263],[130.29229,33.38385],[130.2934,33.38454],[130.29367,33.38546],[130.29398,33.3858],[130.29465,33.38607],[130.2958,33.38629],[130.29605,33.38648],[130.29589,33.38717],[130.29518,33.38737],[130.29426,33.38733],[130.29288,33.38739]]]},"properties":{"hoanrinKind":"保安林"}},
{"type":"Feature","geometry":{"type":"Polygon","coordinates":[[[129.99018,33.19919],[129.98903,33.1994],[129.9866,33.19967],[129.98565,33.20003],[129.98537,33.1997],[129.98548,33.19894],[129.98519,33.19872],[129.98413,33.19857],[129.98415,33.19813],[129.98522,33.19832],[129.98631,33.19871],[129.98698,33.1985],[129.98884,33.1984],[129.98896,33.19809],[129.99026,33.19762],[129.99025,33.19716],[129.98966,33.19714],[129.99059,33.19624],[129.99074,33.19622],[129.99164,33.19702],[129.99191,33.19767],[129.99206,33.19919],[129.99109,33.19912],[129.99018,33.19919]]]},"properties":{"hoanrinKind":"保安林"}},
{"type":"Feature","geometry":{"type":"Polygon","coordinates":[[[129.90035,33.32269],[129.90061,33.3233],[129.90015,33.3236],[129.90076,33.325],[129.90042,33.32541],[129.90035,33.32617],[129.89979,33.3264],[129.90009,33.32696],[129.89995,33.32756],[129.89917,33.32645],[129.89905,33.32573],[129.8992,33.32484],[129.89908,33.32421],[129.89857,33.32335],[129.89813,33.32281],[129.89772,33.32267],[129.89719,33.32284],[129.89668,33.32357],[129.89619,33.32364],[129.89565,33.32313],[129.89568,33.32244],[129.89616,33.32217],[129.8991,33.32143],[129.90036,33.32252],[129.90035,33.32269]]]},"properties":{"hoanrinKind":"保安林"}},
{"type":"Feature","geometry":{"type":"Polygon","coordinates":[[[129.9518,33.07683],[129.95136,33.07704],[129.9502,33.07732],[129.94928,33.07739],[129.94839,33.07692],[129.94808,33.07659],[129.94784,33.07559],[129.94787,33.0747],[129.94836,33.0742],[129.94994,33.07435],[129.95163,33.07471],[129.95215,33.07502],[129.95288,33.07498],[129.95285,33.07688],[129.9518,33.07683]]]},"properties":{"hoanrinKind":"保安林"}},
{"type":"Feature","geometry":{"type":"Polygon","coordinates":[[[130.06189,33.20702],[130.06123,33.20722],[130.05897,33.20741],[130.05858,33.2073],[130.05826,33.20693],[130.0585,33.20662],[130.0583,33.20614],[130.05934,33.20582],[130.05966,33.20489],[130.06011,33.20415],[130.06098,33.20433],[130.0624,33.20432],[130.06328,33.2053],[130.06342,33.20592],[130.06339,33.20648],[130.06282,33.20722],[130.06189,33.20702]]]},"properties":{"hoanrinKind":"保安林"}},
{"type":"Feature","geometry":{"type":"Polygon","coordinates":[[[130.01118,33.36736],[130.01083,33.36755],[130.01022,33.36754],[130.009,33.36729],[130.00802,33.36748],[130.0077,33.36699],[130.00745,33.36626],[130.00635,33.36579],[130.00648,33.3655],[130.00752,33.36448],[130.00862,33.36424],[130.00916,33.36481],[130.00966,33.36478],[130.00987,33.36442],[130.01035,33.36439],[130.01097,33.36474],[130.01098,33.36575],[130.01069,33.36637],[130.01121,33.36671],[130.01118,33.36736]]]},"properties":{"hoanrinKind":"保安林"}},
{"type":"Feature","geometry":{"type":"Polygon","coordinates":[[[129.95164,33.1383],[129.95187,33.13868],[129.95178,33.13944],[129.9513,33.13996],[129.95057,33.13981],[129.95021,33.13889],[129.9504,33.13829],[129.95109,33.13805],[129.95165,33.13736],[129.95166,33.13656],[129.95154,33.1361],[129.95113,33.13616],[129.95081,33.1357],[129.95071,33.13519],[129.95041,33.13489],[129.94986,33.13469],[129.94962,33.13494],[129.94925,33.1357],[129.94902,33.13513],[129.94885,33.13407],[129.94913,33.13362],[129.94995,33.13325],[129.95043,33.13315],[129.95068,33.13289],[129.95188,33.13377],[129.95211,33.13423],[129.952,33.1355],[129.95209,33.13577],[129.95265,33.1362],[129.95271,33.13669],[129.95184,33.13778],[129.95164,33.1383]]]},"properties":{"hoanrinKind":"保安林"}},
{"type":"Feature","geometry":{"type":"Polygon","coordinates":[[[130.13996,33.44185],[130.13948,33.44193],[130.13931,33.4424],[130.13879,33.44279],[130.13818,33.44291],[130.13709,33.44226],[130.13682,33.44176],[130.13619,33.44143],[130.136,33.44104],[130.13609,33.43979],[130.13726,33.43948],[130.13768,33.44042],[130.13851,33.44072],[130.13878,33.44069],[130.13808,33.43922],[130.13738,33.43917],[130.13706,33.43902],[130.13853,33.43836],[130.1388,33.43883],[130.13881,33.43932],[130.13911,33.43952],[130.13997,33.43951],[130.14001,33.44004],[130.14081,33.44028],[130.14106,33.44001],[130.14141,33.44083],[130.14102,33.44108],[130.1408,33.4417],[130.13996,33.44185]]]},"properties":{"hoanrinKind":"保安林"}},
{"type":"Feature","geometry":{"type":"Polygon","coordinates":[[[130.07325,33.2923],[130.0726,33.2928],[130.07169,33.29287],[130.07013,33.29215],[130.06948,33.29207],[130.06832,33.29257],[130.06788,33.2923],[130.06747,33.29238],[130.06751,33.29153],[130.06697,33.29186],[130.06589,33.29135],[130.06433,33.29085],[130.06475,33.29027],[130.06569,33.28999],[130.0667,33.29003],[130.0682,33.29045],[130.06902,33.29062],[130.07043,33.2903],[130.0713,33.29039],[130.07046,33.29132],[130.07148,33.29159],[130.07177,33.29189],[130.07236,33.29178],[130.0727,33.29155],[130.07333,33.29151],[130.07341,33.29198],[130.07325,33.2923]]]},"properties":{"hoanrinKind":"保安林"}},
{"type":"Feature","geometry":{"type":"Polygon","coordinates":[[[130.27732,33.34421],[130.27619,33.34453],[130.27506,33.3442],[130.27426,33.34376],[130.27388,33.34319],[130.27411,33.34261],[130.27539,33.34122],[130.27624,33.3401],[130.27633,33.33965],[130.27683,33.33962],[130.27741,33.33991],[130.2771,33.34046],[130.27623,33.34072],[130.27606,33.34114],[130.27653,33.34139],[130.2772,33.34113],[130.27788,33.34191],[130.27711,33.34199],[130.27692,33.34223],[130.27718,33.34258],[130.2772,33.34308],[130.2767,33.34336],[130.27675,33.34419],[130.27732,33.34421]]]},"properties":{"hoanrinKind":"保安林"}},
{"type":"Feature","geometry":{"type":"Polygon","coordinates":[[[130.25121,33.40267],[130.25093,33.40273],[130.24953,33.40411],[130.24908,33.40372],[130.24858,33.40268],[130.24932,33.40228],[130.24951,33.40171],[130.2492,33.40161],[130.24884,33.40206],[130.2485,33.40215],[130.24815,33.40103],[130.24835,33.40058],[130.24891,33.40022],[130.24968,33.39997],[130.2505,33.40013],[130.25132,33.40112],[130.25233,33.40174],[130.25299,33.40274],[130.25354,33.40326],[130.25341,33.40361],[130.25298,33.40366],[130.25164,33.40311],[130.25181,33.40271],[130.25121,33.40267]]]},"properties":{"hoanrinKind":"保安林"}},
{"type":"Feature","geometry":{"type":"Polygon","coordinates":[[[129.92963,33.1722],[129.93068,33.1729],[129.93074,33.17356],[129.92977,33.17381],[129.92949,33.17415],[129.92929,33.17623],[129.92887,33.17729],[129.92834,33.17804],[129.92733,33.17809],[129.92698,33.17768],[129.92698,33.17653],[129.92706,33.17585],[129.92727,33.17549],[129.92814,33.17454],[129.92837,33.17391],[129.92833,33.17134],[129.92883,33.17145],[129.92877,33.17191],[129.92951,33.17191],[129.92946,33.17138],[129.92989,33.17139],[129.92963,33.1722]]]},"properties":{"hoanrinKind":"保安林"}},
{"type":"Feature","geometry":{"type":"Polygon","coordinates":[[[130.36276,33.37943],[130.36308,33.37987],[130.3642,33.38011],[130.36442,33.38035],[130.36402,33.38069],[130.36341,33.38067],[130.36205,33.38026],[130.3616,33.38002],[130.36143,33.37931],[130.36055,33.37895],[130.35974,33.37833],[130.35958,33.37787],[130.36026,33.3773],[130.3604,33.37657],[130.36082,33.37623],[130.36136,33.37638],[130.36193,33.37713],[130.36275,33.37725],[130.36362,33.37691],[130.36451,33.37775],[130.36542,33.37849],[130.36535,33.37878],[130.36383,33.37858],[130.36341,33.37887],[130.36458,33.37912],[130.36438,33.37951],[130.36291,33.3793],[130.36276,33.37943]]]},"properties":{"hoanrinKind":"保安林"}},
{"type":"Feature","geometry":{"type":"Polygon","coordinates":[[[130.10691,33.45967],[130.10653,33.46141],[130.1051,33.46136],[130.10448,33.46074],[130.10464,33.46015],[130.10514,33.45929],[130.10608,33.459],[130.10576,33.45862],[130.10655,33.45714],[130.10719,33.45667],[130.10846,33.456],[130.10926,33.45573],[130.10958,33.45633],[130.10951,33.45756],[130.10921,33.4581],[130.1086,33.45851],[130.10807,33.45913],[130.10798,33.45988],[130.10706,33.45925],[130.10691,33.45967]]]},"properties":{"hoanrinKind":"保安林"}},
{"type":"Feature","geometry":{"type":"Polygon","coordinates":[[[130.02712,33.30599],[130.02635,33.30663],[130.02565,33.30673],[130.02533,33.30631],[130.02547,33.30498],[130.02529,33.30461],[130.02457,33.30385],[130.02408,33.30356],[130.02368,33.30374],[130.02349,33.30423],[130.02303,33.30407],[130.023,33.3031],[130.02325,33.30238],[130.02391,33.30227],[130.02406,33.30185],[130.02508,33.3018],[130.02562,33.3019],[130.02667,33.30243],[130.02676,33.30329],[130.02704,33.30342],[130.02771,33.3033],[130.02757,33.30428],[130.02723,33.30433],[130.02716,33.30484],[130.02689,33.30528],[130.02688,33.30567],[130.02712,33.30599]]]},"properties":{"hoanrinKind":"保安林"}},
{"type":"Feature","geometry":{"type":"Polygon","coordinates":[[[130.21839,33.36133],[130.21777,33.36173],[130.21683,33.36258],[130.21646,33.3627],[130.21576,33.36266],[130.21509,33.36248],[130.21344,33.36182],[130.21299,33.3615],[130.21328,33.36131],[130.21443,33.36107],[130.21533,33.36042],[130.21604,33.35938],[130.21667,33.35885],[130.21745,33.35897],[130.21848,33.35986],[130.21896,33.36044],[130.21953,33.36139],[130.21908,33.36159],[130.21839,33.36133]]]},"properties":{"hoanrinKind":"保安林"}},
{"type":"Feature","geometry":{"type":"Polygon","coordinates":[[[130.14546,33.38141],[130.14429,33.38169],[130.14414,33.3812],[130.14423,33.3808],[130.14502,33.38048],[130.1458,33.37996],[130.14654,33.3799],[130.14711,33.37998],[130.14803,33.37965],[130.14971,33.37935],[130.15123,33.37842],[130.15215,33.37823],[130.15326,33.37844],[130.15379,33.37875],[130.15362,33.37899],[130.15431,33.37943],[130.15454,33.37988],[130.15379,33.38057],[130.15242,33.3802],[130.15214,33.38047],[130.15183,33.37994],[130.15098,33.37968],[130.15024,33.37976],[130.14947,33.38009],[130.14888,33.38065],[130.14744,33.38114],[130.14649,33.38112],[130.14624,33.38128],[130.14546,33.38141]]]},"properties":{"hoanrinKind":"保安林"}},
{"type":"Feature","geometry":{"type":"Polygon","coordinates":[[[129.97277,33.18998],[129.97298,33.19007],[129.97453,33.19015],[129.97509,33.19024],[129.97547,33.19047],[129.97548,33.1911],[129.9748,33.19171],[129.97344,33.19224],[129.97282,33.19275],[129.97271,33.19319],[129.97202,33.1936],[129.97212,33.19408],[129.97159,33.19454],[129.97109,33.19464],[129.97026,33.1945],[129.96991,33.19414],[129.96989,33.19377],[129.97055,33.19235],[129.97084,33.19131],[129.97241,33.18967],[129.97277,33.18998]]]},"properties":{"hoanrinKind":"保安林"}},
{"type":"Feature","geometry":{"type":"Polygon","coordinates":[[[130.06466,33.06316],[130.0646,33.06397],[130.06413,33.06552],[130.06363,33.06575],[130.06267,33.06593],[130.06266,33.06521],[130.06233,33.06492],[130.06219,33.06417],[130.06186,33.0639],[130.06153,33.06261],[130.06164,33.06148],[130.06179,33.06103],[130.06255,33.05977],[130.06374,33.05975],[130.0643,33.05996],[130.0643,33.06093],[130.06372,33.06124],[130.06371,33.0615],[130.06457,33.06194],[130.06428,33.06238],[130.06318,33.06284],[130.06339,33.06314],[130.06466,33.06316]]]},"properties":{"hoanrinKind":"保安林"}},
{"type":"Feature","geometry":{"type":"Polygon","coordinates":[[[130.31942,33.42399],[130.31807,33.42486],[130.31771,33.42491],[130.31597,33.42475],[130.315,33.42446],[130.31482,33.42392],[130.31532,33.42341],[130.31444,33.42258],[130.31445,33.42222],[130.31484,33.42194],[130.31565,33.42375],[130.31675,33.42328],[130.31694,33.42295],[130.31601,33.42167],[130.31589,33.42112],[130.31632,33.42072],[130.31702,33.42044],[130.3177,33.42],[130.31812,33.41995],[130.31904,33.42167],[130.31868,33.42186],[130.31889,33.42251],[130.31953,33.42372],[130.31942,33.42399]]]},"properties":{"hoanrinKind":"保安林"}},
{"type":"Feature","geometry":{"type":"Polygon","coordinates":[[[130.20703,33.32102],[130.20558,33.32128],[130.20464,33.32099],[130.20442,33.32055],[130.20391,33.32055],[130.2034,33.32024],[130.20352,33.31992],[130.20416,33.319],[130.20419,33.31864],[130.2038,33.3184],[130.2033,33.31869],[130.20312,33.3174],[130.20341,33.31689],[130.20411,33.31624],[130.20492,33.31576],[130.20598,33.3153],[130.20654,33.31528],[130.20617,33.31708],[130.20586,33.31761],[130.20521,33.31747],[130.20464,33.31793],[130.20463,33.31819],[130.20546,33.31854],[130.20557,33.31879],[130.20489,33.31912],[130.20468,33.31939],[130.20469,33.32029],[130.20489,33.32061],[130.20582,33.32054],[130.20648,33.3185],[130.20688,33.31768],[130.20708,33.31827],[130.20764,33.31871],[130.20787,33.31908],[130.20798,33.3197],[130.20703,33.32102]]]},"properties":{"hoanrinKind":"保安林"}},
{"type":"Feature","geometry":{"type":"Polygon","coordinates":[[[130.16772,33.45239],[130.16696,33.45268],[130.16648,33.4531],[130.16554,33.45348],[130.16532,33.45329],[130.16468,33.45217],[130.16475,33.45179],[130.16509,33.45145],[130.16625,33.45056],[130.16736,33.4502],[130.16751,33.45045],[130.16807,33.45059],[130.16844,33.4501],[130.16936,33.45039],[130.17045,33.45125],[130.17164,33.45092],[130.17163,33.4516],[130.17136,33.45193],[130.17071,33.45198],[130.17044,33.45225],[130.17022,33.45285],[130.16837,33.45237],[130.16772,33.45239]]]},"properties":{"hoanrinKind":"保安林"}},
{"type":"Feature","geometry":{"type":"Polygon","coordinates":[[[130.48137,33.40025],[130.48221,33.40091],[130.48099,33.40177],[130.4799,33.4023],[130.47871,33.40265],[130.47809,33.40141],[130.47723,33.40077],[130.47711,33.40035],[130.47779,33.39958],[130.47834,33.40024],[130.47878,33.40018],[130.47964,33.39976],[130.48118,33.39925],[130.48117,33.39985],[130.48137,33.40025]]]},"properties":{"hoanrinKind":"保安林"}},
{"type":"Feature","geometry":{"type":"Polygon","coordinates":[[[129.88707,33.18718],[129.88644,33.1874],[129.88611,33.18564],[129.88589,33.18537],[129.88482,33.18502],[129.88449,33.18466],[129.88449,33.18421],[129.8847,33.18394],[129.88566,33.18384],[129.8863,33.18312],[129.88673,33.18302],[129.88732,33.18324],[129.88724,33.18352],[129.88839,33.1835],[129.88919,33.18359],[129.88978,33.1834],[129.89016,33.18381],[129.89028,33.18471],[129.89007,33.18507],[129.88879,33.18553],[129.88858,33.18599],[129.8883,33.18716],[129.88707,33.18718]]]},"properties":{"hoanrinKind":"保安林"}},
{"type":"Feature","geometry":{"type":"Polygon","coordinates":[[[130.28606,33.36568],[130.28673,33.36576],[130.28757,33.36618],[130.28776,33.36703],[130.288,33.36751],[130.28872,33.36804],[130.28903,33.3685],[130.289,33.3689],[130.28824,33.36975],[130.2875,33.37023],[130.28692,33.37022],[130.2855,33.3695],[130.28468,33.36899],[130.28446,33.36873],[130.28439,33.36815],[130.28456,33.36688],[130.28486,33.36633],[130.2855,33.36575],[130.28606,33.36568]]]},"properties":{"hoanrinKind":"保安林"}},
{"type":"Feature","geometry":{"type":"Polygon","coordinates":[[[130.00988,33.05247],[130.00896,33.05257],[130.00849,33.05204],[130.00722,33.05215],[130.00657,33.0524],[130.00615,33.05212],[130.00545,33.05188],[130.00486,33.05195],[130.00414,33.05254],[130.00381,33.05234],[130.00387,33.05202],[130.00434,33.05156],[130.00533,33.05135],[130.00585,33.05109],[130.00602,33.0507],[130.00669,33.05025],[130.00831,33.05028],[130.00856,33.05067],[130.00889,33.05016],[130.00971,33.05014],[130.01032,33.04965],[130.0105,33.04825],[130.01124,33.04784],[130.01193,33.04731],[130.01266,33.04835],[130.01111,33.05003],[130.01027,33.05149],[130.00988,33.05247]]]},"properties":{"hoanrinKind":"保安林"}},
{"type":"Feature","geometry":{"type":"Polygon","coordinates":[[[130.06209,33.07608],[130.06171,33.07619],[130.05992,33.07702],[130.05919,33.07708],[130.05878,33.07523],[130.05798,33.07446],[130.05793,33.07425],[130.0591,33.07325],[130.05995,33.0735],[130.06055,33.0735],[130.06193,33.07333],[130.06253,33.07362],[130.06288,33.07442],[130.06362,33.07533],[130.06404,33.07644],[130.06399,33.07679],[130.06284,33.07629],[130.06209,33.07608]]]},"properties":{"hoanrinKind":"保安林"}},
{"type":"Feature","geometry":{"type":"Polygon","coordinates":[[[129.95419,33.10171],[129.95322,33.10277],[129.95297,33.10288],[129.95253,33.10261],[129.95211,33.1015],[129.95312,33.10149],[129.95355,33.10119],[129.95358,33.10076],[129.95215,33.10014],[129.95153,33.09997],[129.95076,33.10003],[129.95042,33.10032],[129.94973,33.09955],[129.94885,33.09954],[129.94865,33.09932],[129.94939,33.09876],[129.95018,33.09866],[129.95119,33.09909],[129.95155,33.09882],[129.95019,33.09805],[129.95005,33.09727],[129.94926,33.09673],[129.94857,33.09612],[129.94932,33.09583],[129.94959,33.09586],[129.95035,33.09631],[129.95123,33.0966],[129.95163,33.09725],[129.95199,33.0975],[129.9527,33.09752],[129.95305,33.09767],[129.95311,33.09818],[129.95374,33.09887],[129.95419,33.10171]]]},"properties":{"hoanrinKind":"保安林"}},
{"type":"Feature","geometry":{"type":"Polygon","coordinates":[[[129.77281,33.2814],[129.77226,33.28169],[129.77185,33.2821],[129.77117,33.28254],[129.77014,33.28296],[129.76965,33.28295],[129.77079,33.28182],[129.77247,33.28026],[129.77286,33.27899],[129.77357,33.27774],[129.77385,33.27707],[129.77547,33.27661],[129.77632,33.27668],[129.77684,33.27721],[129.77697,33.27779],[129.77681,33.27845],[129.77608,33.27865],[129.77516,33.27941],[129.77496,33.27974],[129.77393,33.2806],[129.77339,33.28122],[129.77281,33.2814]]]},"properties":{"hoanrinKind":"保安林"}},
{"type":"Feature","geometry":{"type":"Polygon","coordinates":[[[130.03494,33.25128],[130.03509,33.25174],[130.03592,33.25192],[130.0359,33.25226],[130.03478,33.25222],[130.03447,33.25195],[130.03358,33.2516],[130.03268,33.25141],[130.03218,33.25101],[130.03183,33.25027],[130.0308,33.24916],[130.03031,33.24845],[130.0307,33.24845],[130.03096,33.24918],[130.03134,33.24879],[130.03121,33.24839],[130.03076,33.24821],[130.03192,33.24774],[130.03321,33.24742],[130.03372,33.24742],[130.03352,33.24927],[130.03381,33.24966],[130.03412,33.24955],[130.03443,33.249],[130.03579,33.25015],[130.03592,33.2504],[130.03519,33.25135],[130.03494,33.25128]]]},"properties":{"hoanrinKind":"保安林"}},
{"type":"Feature","geometry":{"type":"Polygon","coordinates":[[[130.15514,33.39092],[130.15438,33.39137],[130.15372,33.39131],[130.15281,33.39021],[130.15175,33.38971],[130.15151,33.3892],[130.15111,33.38915],[130.15034,33.38846],[130.15001,33.38783],[130.15062,33.38762],[130.15132,33.38714],[130.15199,33.38716],[130.15249,33.38774],[130.15256,33.38874],[130.15284,33.38899],[130.15337,33.38908],[130.15464,33.3899],[130.15521,33.38909],[130.15549,33.38894],[130.15635,33.38909],[130.15715,33.38899],[130.15786,33.38827],[130.15816,33.38812],[130.15871,33.38823],[130.15939,33.38862],[130.15928,33.38923],[130.15855,33.38986],[130.15759,33.39018],[130.15678,33.39075],[130.15514,33.39092]]]},"properties":{"hoanrinKind":"保安林"}},
{"type":"Feature","geometry":{"type":"Polygon","coordinates":[[[130.04489,33.27713],[130.04429,33.27729],[130.04383,33.27716],[130.04348,33.27676],[130.04353,33.2759],[130.04322,33.2756],[130.04327,33.27512],[130.04249,33.27453],[130.04119,33.27415],[130.04092,33.27357],[130.04193,33.27403],[130.04356,33.27334],[130.04454,33.2728],[130.04457,33.27324],[130.04518,33.27316],[130.04484,33.27234],[130.04496,33.27176],[130.04556,33.27061],[130.04593,33.27021],[130.04622,33.27027],[130.04667,33.27093],[130.04667,33.27133],[130.04723,33.27161],[130.04743,33.27205],[130.04724,33.27274],[130.04676,33.27275],[130.04659,33.27311],[130.04613,33.2731],[130.04569,33.27362],[130.04502,33.27521],[130.04484,33.2763],[130.04505,33.27687],[130.04489,33.27713]]]},"properties":{"hoanrinKind":"保安林"}},
{"type":"Feature","geometry":{"type":"Polygon","coordinates":[[[130.17675,33.37923],[130.17694,33.37946],[130.17724,33.38052],[130.17746,33.38082],[130.17738,33.38135],[130.17643,33.3819],[130.17572,33.38203],[130.17458,33.38186],[130.17409,33.38164],[130.17315,33.3815],[130.17274,33.38107],[130.17388,33.38068],[130.1741,33.38045],[130.17401,33.37888],[130.17344,33.37859],[130.17286,33.37846],[130.17221,33.37813],[130.17181,33.37775],[130.17218,33.37723],[130.17396,33.37671],[130.17499,33.37701],[130.17494,33.37723],[130.17561,33.37836],[130.17624,33.37898],[130.17675,33.37923]]]},"properties":{"hoanrinKind":"保安林"}},
{"type":"Feature","geometry":{"type":"Polygon","coordinates":[[[130.32116,33.37192],[130.32127,33.37241],[130.32165,33.37274],[130.32176,33.37309],[130.32147,33.37332],[130.32049,33.37342],[130.31953,33.37339],[130.31908,33.37308],[130.3187,33.37196],[130.31883,33.37175],[130.31774,33.37047],[130.31778,33.36962],[130.31822,33.36928],[130.31857,33.36937],[130.31882,33.36977],[130.31927,33.36985],[130.31997,33.3692],[130.32053,33.36895],[130.32114,33.36896],[130.32207,33.36938],[130.32234,33.36966],[130.32356,33.36961],[130.32341,33.37043],[130.32369,33.37116],[130.32351,33.37136],[130.32287,33.37106],[130.32231,33.37102],[130.3217,33.37121],[130.32116,33.37192]]]},"properties":{"hoanrinKind":"保安林"}},
{"type":"Feature","geometry":{"type":"Polygon","coordinates":[[[130.09808,33.24588],[130.09771,33.24647],[130.09752,33.24573],[130.09711,33.24532],[130.09592,33.24562],[130.09513,33.24527],[130.09478,33.24494],[130.09491,33.24457],[130.09463,33.24406],[130.09552,33.24416],[130.09614,33.24397],[130.09662,33.24327],[130.09662,33.24291],[130.0961,33.2428],[130.09656,33.24231],[130.09811,33.24203],[130.09904,33.24163],[130.09938,33.2417],[130.09985,33.24247],[130.10039,33.24371],[130.10051,33.24474],[130.10026,33.24536],[130.09964,33.24573],[130.09845,33.2457],[130.09808,33.24588]]]},"properties":{"hoanrinKind":"保安林"}},
{"type":"Feature","geometry":{"type":"Polygon","coordinates":[[[129.98876,33.23724],[129.99,33.23816],[129.99039,33.23861],[129.99044,33.23955],[129.99119,33.24008],[129.99101,33.24034],[129.99013,33.2409],[129.98946,33.24089],[129.988,33.24009],[129.98745,33.23922],[129.98689,33.23877],[129.9857,33.2384],[129.98427,33.23831],[129.98386,33.23775],[129.98377,33.23725],[129.98389,33.23674],[129.98422,33.23623],[129.98477,33.2363],[129.98617,33.23674],[129.98691,33.23677],[129.98808,33.23716],[129.98876,33.23724]]]},"properties":{"hoanrinKind":"保安林"}},
{"type":"Feature","geometry":{"type":"Polygon","coordinates":[[[130.08113,33.03867],[130.08094,33.0389],[130.08156,33.03916],[130.08279,33.03925],[130.08306,33.03984],[130.08443,33.04062],[130.08489,33.04099],[130.08485,33.0413],[130.08353,33.04169],[130.08307,33.04195],[130.08222,33.04222],[130.08182,33.04219],[130.0814,33.04152],[130.08096,33.04036],[130.07998,33.03924],[130.07984,33.03841],[130.07937,33.03708],[130.07942,33.03623],[130.08025,33.03585],[130.08072,33.03584],[130.08192,33.03615],[130.08224,33.03633],[130.08232,33.03673],[130.08221,33.03742],[130.08254,33.03806],[130.08245,33.03851],[130.08208,33.03866],[130.08113,33.03867]]]},"properties":{"hoanrinKind":"保安林"}},
{"type":"Feature","geometry":{"type":"Polygon","coordinates":[[[129.76184,33.29814],[129.76157,33.29662],[129.76135,33.29615],[129.7616,33.29526],[129.76153,33.29489],[129.76117,33.29434],[129.76209,33.2938],[129.76246,33.29457],[129.76286,33.29419],[129.76271,33.29358],[129.76327,33.29384],[129.7639,33.29366],[129.76455,33.29428],[129.76326,33.29534],[129.76282,33.29601],[129.76279,33.29665],[129.76334,33.29655],[129.76378,33.29622],[129.76419,33.29652],[129.7645,33.29646],[129.76501,33.29669],[129.76537,33.29644],[129.76582,33.29646],[129.76655,33.29711],[129.76688,33.29778],[129.76613,33.29759],[129.76518,33.29763],[129.76363,33.29812],[129.76184,33.29814]]]},"properties":{"hoanrinKind":"保安林"}},
{"type":"Feature","geometry":{"type":"Polygon","coordinates":[[[130.12381,33.4077],[130.12367,33.40806],[130.12287,33.40836],[130.1226,33.40775],[130.12183,33.40764],[130.12096,33.40764],[130.12061,33.40751],[130.12104,33.40693],[130.12117,33.40648],[130.12104,33.40554],[130.12074,33.40471],[130.12043,33.40454],[130.12059,33.40414],[130.12152,33.40309],[130.1215,33.40269],[130.12085,33.40189],[130.12085,33.40173],[130.12191,33.40129],[130.12226,33.40125],[130.12273,33.40185],[130.12304,33.40206],[130.12313,33.40281],[130.12391,33.40374],[130.12388,33.40464],[130.1236,33.40562],[130.12381,33.40709],[130.12381,33.4077]]]},"properties":{"hoanrinKind":"保安林"}},
{"type":"Feature","geometry":{"type":"Polygon","coordinates":[[[130.19449,33.46958],[130.19412,33.47006],[130.19317,33.47035],[130.19275,33.47035],[130.19176,33.46996],[130.19082,33.4698],[130.19003,33.46957],[130.18821,33.46991],[130.18781,33.46983],[130.18745,33.4695],[130.1874,33.46848],[130.18785,33.46818],[130.18923,33.46791],[130.18938,33.46759],[130.18906,33.46717],[130.18922,33.46689],[130.19028,33.46656],[130.19138,33.46635],[130.19255,33.46602],[130.19326,33.46687],[130.19289,33.46771],[130.19242,33.46803],[130.19163,33.46808],[130.19083,33.4686],[130.19104,33.46874],[130.19183,33.46869],[130.19293,33.46897],[130.19402,33.46898],[130.19454,33.46931],[130.19449,33.46958]]]},"properties":{"hoanrinKind":"保安林"}},
{"type":"Feature","geometry":{"type":"Polygon","coordinates":[[[130.49799,33.43083],[130.49656,33.43139],[130.49494,33.43164],[130.49466,33.43181],[130.49407,33.43293],[130.49363,33.43318],[130.49293,33.43308],[130.4926,33.43265],[130.49265,33.43086],[130.49312,33.43082],[130.49459,33.43023],[130.49487,33.43053],[130.49537,33.43022],[130.49537,33.42968],[130.49589,33.42972],[130.49701,33.42911],[130.49692,33.42851],[130.49663,33.42816],[130.49739,33.428],[130.49817,33.42812],[130.49859,33.42858],[130.49894,33.42941],[130.49883,33.43029],[130.49799,33.43083]]]},"properties":{"hoanrinKind":"保安林"}},
{"type":"Feature","geometry":{"type":"Polygon","coordinates":[[[129.93185,33.51117],[129.93207,33.51203],[129.93212,33.51277],[129.9319,33.51376],[129.93119,33.51515],[129.92987,33.51362],[129.9302,33.51337],[129.93057,33.5128],[129.93061,33.51245],[129.93026,33.51132],[129.93047,33.51093],[129.93087,33.5108],[129.93097,33.51039],[129.93077,33.50989],[129.93088,33.50784],[129.93183,33.50739],[129.93252,33.50612],[129.93308,33.50635],[129.93402,33.50654],[129.93468,33.50734],[129.93464,33.5081],[129.93413,33.50884],[129.93334,33.50853],[129.93187,33.50853],[129.93177,33.50892],[129.93262,33.50937],[129.93193,33.51067],[129.93185,33.51117]]]},"properties":{"hoanrinKind":"保安林"}},
{"type":"Feature","geometry":{"type":"Polygon","coordinates":[[[130.26948,33.37504],[130.26916,33.376],[130.26886,33.37641],[130.26846,33.37665],[130.26801,33.37742],[130.26761,33.37766],[130.26692,33.37771],[130.26656,33.37742],[130.26717,33.37576],[130.26701,33.37515],[130.26624,33.37507],[130.26544,33.37606],[130.26496,33.37651],[130.26446,33.37675],[130.26382,33.37667],[130.26277,33.37557],[130.26296,33.37514],[130.26415,33.37473],[130.26465,33.37434],[130.26525,33.3735],[130.26609,33.37315],[130.26647,33.37321],[130.26707,33.37388],[130.26626,33.37454],[130.26685,33.37456],[130.26747,33.37411],[130.268,33.374],[130.26906,33.37336],[130.26917,33.37317],[130.26892,33.37258],[130.26986,33.37279],[130.27005,33.37368],[130.26948,33.37504]]]},"properties":{"hoanrinKind":"保安林"}},
{"type":"Feature","geometry":{"type":"Polygon","coordinates":[[[130.05951,33.4161],[130.05901,33.4163],[130.05836,33.41583],[130.05799,33.41602],[130.05737,33.41584],[130.05784,33.41478],[130.05732,33.41406],[130.0573,33.41368],[130.05767,33.41341],[130.05739,33.4128],[130.05671,33.41255],[130.05632,33.41333],[130.05581,33.41342],[130.0558,33.41246],[130.05638,33.41217],[130.05678,33.41157],[130.05784,33.41144],[130.05873,33.41154],[130.05945,33.41176],[130.05999,33.41237],[130.06122,33.41308],[130.06135,33.41398],[130.06121,33.4152],[130.0607,33.41558],[130.05951,33.4161]]]},"properties":{"hoanrinKind":"保安林"}},
{"type":"Feature","geometry":{"type":"Polygon","coordinates":[[[129.96185,33.12867],[129.96159,33.12883],[129.96088,33.12835],[129.96089,33.12753],[129.96122,33.12724],[129.96113,33.12628],[129.96044,33.12581],[129.96034,33.1254],[129.96005,33.12522],[129.96022,33.12481],[129.96029,33.12384],[129.96049,33.12269],[129.96078,33.12205],[129.96071,33.12106],[129.96132,33.11987],[129.96201,33.11943],[129.9626,33.11937],[129.96354,33.11962],[129.96365,33.12001],[129.9628,33.12107],[129.96279,33.12176],[129.96294,33.12227],[129.96242,33.1226],[129.96207,33.12339],[129.96184,33.12475],[129.96181,33.12621],[129.96185,33.12867]]]},"properties":{"hoanrinKind":"保安林"}},
{"type":"Feature","geometry":{"type":"Polygon","coordinates":[[[129.82954,33.21332],[129.82912,33.2138],[129.8282,33.21401],[129.82774,33.21439],[129.82691,33.21436],[129.82619,33.21375],[129.825,33.21321],[129.82544,33.21235],[129.82494,33.21161],[129.82448,33.21118],[129.82288,33.20991],[129.82354,33.20973],[129.824,33.21012],[129.8245,33.21012],[129.82508,33.2104],[129.82549,33.20975],[129.82612,33.20953],[129.82725,33.20862],[129.82814,33.20875],[129.82822,33.20907],[129.82864,33.20948],[129.82882,33.21073],[129.82868,33.21129],[129.82806,33.21156],[129.82679,33.21165],[129.82634,33.21181],[129.82617,33.21212],[129.82756,33.21311],[129.82793,33.21321],[129.82849,33.21309],[129.82887,33.21275],[129.82946,33.21265],[129.82954,33.21332]]]},"properties":{"hoanrinKind":"保安林"}},
{"type":"Feature","geometry":{"type":"Polygon","coordinates":[[[130.05373,33.33403],[130.05367,33.33427],[130.05297,33.33402],[130.05248,33.33403],[130.05289,33.33324],[130.05326,33.33295],[130.05348,33.33234],[130.05301,33.33192],[130.05168,33.33175],[130.05114,33.33128],[130.05077,33.33046],[130.05093,33.33011],[130.05143,33.32991],[130.05207,33.3299],[130.05266,33.33004],[130.05338,33.32991],[130.05407,33.32931],[130.05449,33.32918],[130.05532,33.32969],[130.05519,33.33019],[130.0557,33.33026],[130.0561,33.33063],[130.05696,33.33084],[130.05693,33.33129],[130.05734,33.33158],[130.05791,33.33174],[130.05831,33.33209],[130.05786,33.3326],[130.05663,33.33237],[130.05615,33.33249],[130.05528,33.33304],[130.05425,33.33343],[130.05373,33.33403]]]},"properties":{"hoanrinKind":"保安林"}},
{"type":"Feature","geometry":{"type":"Polygon","coordinates":[[[129.96259,33.08877],[129.9621,33.0893],[129.96171,33.08998],[129.96139,33.0902],[129.95985,33.09057],[129.95929,33.09112],[129.95905,33.09173],[129.95861,33.09232],[129.95806,33.09262],[129.95782,33.0923],[129.95782,33.09112],[129.95774,33.09065],[129.95809,33.08987],[129.95768,33.08942],[129.95767,33.08909],[129.95808,33.08856],[129.95817,33.08812],[129.95869,33.08703],[129.95936,33.08679],[129.96002,33.08706],[129.96061,33.08671],[129.96097,33.0869],[129.961,33.08743],[129.96084,33.08792],[129.96083,33.08854],[129.96119,33.08866],[129.96251,33.08745],[129.96358,33.08702],[129.96426,33.08658],[129.96468,33.08669],[129.96472,33.08724],[129.96429,33.08766],[129.96338,33.08818],[129.96259,33.08877]]]},"properties":{"hoanrinKind":"保安林"}},
{"type":"Feature","geometry":{"type":"Polygon","coordinates":[[[130.01919,33.22286],[130.01913,33.22323],[130.01823,33.22308],[130.01721,33.22303],[130.0159,33.22281],[130.01525,33.22282],[130.01473,33.22257],[130.01467,33.22228],[130.01505,33.22166],[130.01525,33.22105],[130.01518,33.22045],[130.0153,33.22006],[130.01562,33.21988],[130.0167,33.21971],[130.01721,33.21951],[130.01797,33.21848],[130.01827,33.21829],[130.01893,33.21832],[130.01982,33.21908],[130.01993,33.21958],[130.02076,33.22036],[130.02014,33.22119],[130.01908,33.22165],[130.01894,33.22219],[130.01919,33.22286]]]},"properties":{"hoanrinKind":"保安林"}},
{"type":"Feature","geometry":{"type":"Polygon","coordinates":[[[129.87905,33.20634],[129.8787,33.20678],[129.87858,33.20749],[129.87808,33.20741],[129.87595,33.20575],[129.87507,33.2052],[129.87492,33.20415],[129.87502,33.20395],[129.87586,33.20414],[129.87615,33.20438],[129.87637,33.20341],[129.87669,33.20312],[129.87717,33.2034],[129.87827,33.20503],[129.87821,33.20559],[129.87889,33.20516],[129.88025,33.2052],[129.88074,33.20538],[129.88146,33.20532],[129.88166,33.20516],[129.88281,33.20512],[129.88248,33.2046],[129.88207,33.20438],[129.88131,33.20419],[129.88128,33.20361],[129.88247,33.20353],[129.883,33.2037],[129.88427,33.20447],[129.88441,33.20495],[129.88399,33.20568],[129.88271,33.20605],[129.88121,33.20615],[129.87943,33.20605],[129.87905,33.20634]]]},"properties":{"hoanrinKind":"保安林"}},
{"type":"Feature","geometry":{"type":"Polygon","coordinates":[[[130.27982,33.43975],[130.27979,33.44009],[130.27891,33.44155],[130.27896,33.44305],[130.27868,33.44384],[130.27787,33.44453],[130.27687,33.44495],[130.27572,33.44505],[130.27513,33.44462],[130.27509,33.4442],[130.27543,33.44353],[130.27656,33.44278],[130.27719,33.44275],[130.27749,33.4425],[130.27791,33.44107],[130.27781,33.44079],[130.27698,33.44035],[130.27718,33.43996],[130.27841,33.43951],[130.27846,33.43914],[130.27734,33.43916],[130.27691,33.43854],[130.27645,33.43813],[130.2771,33.4376],[130.27808,33.43728],[130.27968,33.43703],[130.28009,33.43705],[130.28019,33.43752],[130.27978,33.43859],[130.27982,33.43975]]]},"properties":{"hoanrinKind":"保安林"}},
{"type":"Feature","geometry":{"type":"Polygon","coordinates":[[[129.97911,33.23959],[129.97817,33.23965],[129.97738,33.23926],[129.97659,33.239],[129.97551,33.23907],[129.9747,33.23932],[129.97384,33.23924],[129.97495,33.23868],[129.97543,33.23818],[129.97682,33.23836],[129.97761,33.23821],[129.97888,33.23734],[129.97998,33.237],[129.98016,33.23672],[129.97974,33.2357],[129.97981,33.235],[129.98005,33.23464],[129.98052,33.23447],[129.98078,33.23407],[129.98084,33.23347],[129.9816,33.234],[129.98195,33.2356],[129.9823,33.23582],[129.98334,33.23709],[129.98334,33.23779],[129.9828,33.23789],[129.982,33.23778],[129.98173,33.23795],[129.98054,33.23828],[129.98042,33.23854],[129.98089,33.23912],[129.98,33.23954],[129.97911,33.23959]]]},"properties":{"hoanrinKind":"保安林"}},
{"type":"Feature","geometry":{"type":"Polygon","coordinates":[[[130.37394,33.37],[130.37435,33.37034],[130.37473,33.37091],[130.3744,33.37124],[130.37427,33.37175],[130.37395,33.37211],[130.37404,33.3733],[130.3735,33.37392],[130.37211,33.37481],[130.37148,33.3749],[130.37042,33.37419],[130.36995,33.37415],[130.36847,33.37304],[130.36831,33.37258],[130.36842,33.37221],[130.36904,33.3717],[130.37098,33.37095],[130.37211,33.37084],[130.37342,33.36998],[130.37394,33.37]]]},"properties":{"hoanrinKind":"保安林"}},
{"type":"Feature","geometry":{"type":"Polygon","coordinates":[[[130.21832,33.42007],[130.21861,33.42021],[130.21884,33.42124],[130.22002,33.42204],[130.22105,33.42359],[130.22129,33.42414],[130.22117,33.42534],[130.22072,33.42544],[130.22006,33.42512],[130.21974,33.42482],[130.21889,33.42449],[130.2181,33.42433],[130.21698,33.42375],[130.21653,33.42284],[130.2158,33.42212],[130.21545,33.42198],[130.21493,33.42112],[130.21502,33.42027],[130.21556,33.42007],[130.21736,33.42],[130.21832,33.42007]]]},"properties":{"hoanrinKind":"保安林"}},
{"type":"Feature","geometry":{"type":"Polygon","coordinates":[[[130.07678,33.01975],[130.07653,33.02096],[130.07637,33.02126],[130.07568,33.02126],[130.07427,33.02004],[130.07325,33.01956],[130.07174,33.01945],[130.07037,33.01878],[130.07009,33.01847],[130.06999,33.01793],[130.07079,33.01779],[130.07172,33.01785],[130.0725,33.01767],[130.07306,33.01787],[130.07387,33.01847],[130.07443,33.01812],[130.0741,33.01748],[130.07272,33.01705],[130.07277,33.01678],[130.07446,33.01602],[130.0747,33.01597],[130.0753,33.01632],[130.07566,33.01671],[130.07734,33.01714],[130.07755,33.01753],[130.0767,33.01857],[130.07678,33.01975]]]},"properties":{"hoanrinKind":"保安林"}},
{"type":"Feature","geometry":{"type":"Polygon","coordinates":[[[130.23581,33.35443],[130.23581,33.35511],[130.23537,33.35493],[130.23509,33.35448],[130.23461,33.35484],[130.23404,33.35506],[130.23385,33.35435],[130.23398,33.35398],[130.23378,33.35298],[130.23341,33.35184],[130.23349,33.35117],[130.23291,33.35066],[130.23318,33.34996],[130.23371,33.35037],[130.23392,33.3503],[130.23384,33.34944],[130.23429,33.34868],[130.23435,33.34825],[130.23425,33.34717],[130.23438,33.34696],[130.23573,33.34696],[130.23629,33.34777],[130.23561,33.34786],[130.23513,33.34878],[130.2349,33.34978],[130.23398,33.35037],[130.23395,33.35226],[130.23423,33.35298],[130.23431,33.35396],[130.23511,33.35399],[130.23581,33.35443]]]},"properties":{"hoanrinKind":"保安林"}},
{"type":"Feature","geometry":{"type":"Polygon","coordinates":[[[130.04693,33.35484],[130.04766,33.35504],[130.04854,33.35542],[130.04818,33.35589],[130.04745,33.35591],[130.04681,33.35714],[130.0475,33.35782],[130.04689,33.3583],[130.04639,33.35917],[130.04641,33.3595],[130.04609,33.35983],[130.04505,33.36022],[130.04356,33.35946],[130.0421,33.35841],[130.04173,33.35828],[130.04212,33.3577],[130.04263,33.35737],[130.04334,33.35666],[130.04385,33.35634],[130.04478,33.35611],[130.04522,33.35582],[130.04581,33.35471],[130.04631,33.35462],[130.04693,33.35484]]]},"properties":{"hoanrinKind":"保安林"}},
{"type":"Feature","geometry":{"type":"Polygon","coordinates":[[[130.17988,33.44945],[130.17924,33.44971],[130.17876,33.45058],[130.17808,33.45086],[130.17744,33.451],[130.17697,33.45144],[130.17657,33.45159],[130.17622,33.45116],[130.17607,33.45061],[130.17662,33.45003],[130.17661,33.44974],[130.17609,33.44929],[130.17603,33.44894],[130.17756,33.44859],[130.17763,33.44825],[130.1772,33.44804],[130.17661,33.44804],[130.17633,33.44784],[130.17631,33.44697],[130.17678,33.44664],[130.17738,33.44598],[130.17768,33.44583],[130.17937,33.44583],[130.17982,33.44602],[130.17999,33.44674],[130.17977,33.44698],[130.179,33.44718],[130.17868,33.44751],[130.17862,33.44798],[130.17908,33.4483],[130.17962,33.44783],[130.1811,33.44825],[130.18242,33.44781],[130.18293,33.44812],[130.18295,33.44841],[130.18242,33.44858],[130.18167,33.44863],[130.1815,33.44927],[130.18231,33.44996],[130.18236,33.45048],[130.18184,33.45081],[130.1813,33.45046],[130.18088,33.44964],[130.18068,33.44947],[130.17988,33.44945]]]},"properties":{"hoanrinKind":"保安林"}},
{"type":"Feature","geometry":{"type":"Polygon","coordinates":[[[129.90153,33.19632],[129.90098,33.19706],[129.90091,33.19788],[129.89925,33.19843],[129.89826,33.1984],[129.89777,33.19814],[129.89691,33.19746],[129.89694,33.19681],[129.89668,33.19639],[129.89568,33.19539],[129.89601,33.19519],[129.89686,33.19572],[129.89771,33.19606],[129.89857,33.19597],[129.89869,33.19559],[129.8985,33.1953],[129.89774,33.19505],[129.89683,33.19502],[129.89649,33.19491],[129.89651,33.19426],[129.89562,33.19427],[129.89475,33.19407],[129.89501,33.19374],[129.89543,33.19364],[129.89617,33.19404],[129.89593,33.19295],[129.89635,33.19275],[129.89691,33.19283],[129.89777,33.19341],[129.898,33.19374],[129.89862,33.19401],[129.89989,33.19426],[129.9014,33.19535],[129.90165,33.19586],[129.90153,33.19632]]]},"properties":{"hoanrinKind":"保安林"}},
{"type":"Feature","geometry":{"type":"Polygon","coordinates":[[[130.00278,33.28227],[130.00252,33.28284],[130.0027,33.28301],[130.00239,33.28351],[130.00171,33.28376],[130.00121,33.28359],[130.0013,33.28242],[130.00084,33.28193],[130.00074,33.28157],[130.00119,33.2811],[130.00211,33.28044],[130.00246,33.2807],[130.00294,33.28075],[130.00405,33.28061],[130.00463,33.28043],[130.0064,33.28017],[130.00699,33.28014],[130.00745,33.27996],[130.00791,33.27945],[130.0087,33.27937],[130.00908,33.27959],[130.01002,33.28063],[130.01155,33.2808],[130.01176,33.28115],[130.01089,33.2817],[130.00962,33.28182],[130.00856,33.28148],[130.00796,33.28154],[130.00741,33.28209],[130.00665,33.28193],[130.00632,33.28206],[130.00465,33.28224],[130.00364,33.28209],[130.00278,33.28227]]]},"properties":{"hoanrinKind":"保安林"}},
{"type":"Feature","geometry":{"type":"Polygon","coordinates":[[[129.94495,33.4035],[129.94534,33.40463],[129.9465,33.40467],[129.94751,33.40528],[129.94693,33.40548],[129.94662,33.406],[129.94655,33.40725],[129.94569,33.40714],[129.94503,33.40677],[129.94298,33.40612],[129.94241,33.40562],[129.94256,33.40438],[129.94328,33.40363],[129.94316,33.40316],[129.94246,33.40368],[129.94206,33.40375],[129.94133,33.40352],[129.94066,33.40299],[129.94013,33.40274],[129.93975,33.40224],[129.93984,33.40185],[129.94036,33.40137],[129.94107,33.40131],[129.94134,33.40159],[129.94233,33.40153],[129.94214,33.402],[129.94247,33.40264],[129.9427,33.40223],[129.94333,33.40194],[129.94446,33.40247],[129.9448,33.40293],[129.94495,33.4035]]]},"properties":{"hoanrinKind":"保安林"}},
{"type":"Feature","geometry":{"type":"Polygon","coordinates":[[[130.03442,33.04991],[130.03412,33.05017],[130.03264,33.05077],[130.03237,33.05217],[130.03213,33.05264],[130.03137,33.0529],[130.03119,33.05248],[130.03003,33.04832],[130.02959,33.0465],[130.02924,33.04448],[130.02961,33.04385],[130.03054,33.04345],[130.03133,33.04324],[130.03216,33.04335],[130.03234,33.04362],[130.03204,33.04423],[130.03121,33.04479],[130.03047,33.04515],[130.03055,33.04575],[130.03107,33.04572],[130.03175,33.0455],[130.03245,33.04553],[130.03247,33.0459],[130.03213,33.04634],[130.03106,33.04694],[130.03069,33.04724],[130.031,33.04762],[130.03207,33.0471],[130.03246,33.04706],[130.03264,33.04742],[130.03178,33.04818],[130.03202,33.04835],[130.033,33.04841],[130.03312,33.04869],[130.03244,33.04914],[130.03181,33.04933],[130.03166,33.04971],[130.03232,33.04989],[130.033,33.04976],[130.03411,33.04931],[130.03464,33.04952],[130.03442,33.04991]]]},"properties":{"hoanrinKind":"保安林"}},
{"type":"Feature","geometry":{"type":"Polygon","coordinates":[[[130.33955,33.40912],[130.34032,33.41065],[130.34031,33.41095],[130.33954,33.41106],[130.33817,33.41143],[130.33635,33.41216],[130.33589,33.41253],[130.33548,33.41198],[130.33463,33.41062],[130.33336,33.40952],[130.33276,33.40891],[130.33277,33.40847],[130.3345,33.40819],[130.33592,33.40848],[130.33675,33.40851],[130.33791,33.40824],[130.33893,33.40788],[130.33941,33.40838],[130.33955,33.40912]]]},"properties":{"hoanrinKind":"保安林"}},
{"type":"Feature","geometry":{"type":"Polygon","coordinates":[[[130.00901,33.31513],[130.00857,33.31563],[130.00739,33.31506],[130.00631,33.31535],[130.00563,33.31534],[130.00534,33.31516],[130.00529,33.31409],[130.00475,33.31386],[130.0039,33.31402],[130.00323,33.31354],[130.00442,33.3126],[130.00524,33.31127],[130.00542,33.31065],[130.00561,33.30944],[130.00614,33.30954],[130.00709,33.31029],[130.00852,33.31013],[130.00846,33.31206],[130.00833,33.31296],[130.00902,33.31438],[130.00901,33.31513]]]},"properties":{"hoanrinKind":"保安林"}},
{"type":"Feature","geometry":{"type":"Polygon","coordinates":[[[129.99991,33.36337],[129.99952,33.36414],[129.99927,33.36578],[129.99903,33.36625],[129.99835,33.36663],[129.99717,33.36685],[129.99677,33.3667],[129.99582,33.36592],[129.99509,33.36479],[129.99471,33.36406],[129.9947,33.36361],[129.9951,33.3633],[129.99598,33.36331],[129.99626,33.36313],[129.99627,33.36272],[129.9957,33.3618],[129.99553,33.36091],[129.99589,33.36075],[129.99635,33.36091],[129.99687,33.3613],[129.99739,33.36219],[129.99815,33.3633],[129.99846,33.36327],[129.99861,33.36263],[129.99802,33.36131],[129.99787,33.36024],[129.99826,33.3601],[129.99879,33.36024],[129.99955,33.36103],[129.99982,33.36166],[129.99996,33.36248],[129.99991,33.36337]]]},"properties":{"hoanrinKind":"保安林"}},
{"type":"Feature","geometry":{"type":"Polygon","coordinates":[[[130.3717,33.3836],[130.37077,33.3836],[130.37042,33.38323],[130.3701,33.38262],[130.37072,33.38225],[130.37093,33.38175],[130.37095,33.38089],[130.37122,33.38025],[130.37213,33.37965],[130.37239,33.37915],[130.3724,33.37804],[130.37435,33.37745],[130.37471,33.37749],[130.37596,33.378],[130.37694,33.37802],[130.37739,33.37781],[130.37722,33.37715],[130.3783,33.3769],[130.3786,33.37702],[130.3787,33.37747],[130.37788,33.37878],[130.37748,33.37907],[130.37689,33.37918],[130.37578,33.37885],[130.37536,33.379],[130.37459,33.37996],[130.37428,33.38059],[130.37356,33.38146],[130.37346,33.38205],[130.37395,33.38315],[130.37377,33.38354],[130.37274,33.3835],[130.3717,33.3836]]]},"properties":{"hoanrinKind":"保安林"}},
{"type":"Feature","geometry":{"type":"Polygon","coordinates":[[[130.36321,33.35806],[130.36374,33.35903],[130.36437,33.35921],[130.36464,33.36005],[130.36544,33.3614],[130.3654,33.36239],[130.36447,33.36313],[130.36341,33.36482],[130.36307,33.36518],[130.3622,33.36549],[130.36229,33.36484],[130.36227,33.36381],[130.36214,33.36326],[130.36126,33.3625],[130.36075,33.36153],[130.36021,33.36083],[130.36036,33.35995],[130.36077,33.35937],[130.36218,33.35817],[130.36241,33.35783],[130.36281,33.35775],[130.36321,33.35806]]]},"properties":{"hoanrinKind":"保安林"}},
{"type":"Feature","geometry":{"type":"Polygon","coordinates":[[[130.25487,33.41041],[130.25368,33.41093],[130.25362,33.41215],[130.25327,33.41281],[130.25252,33.41258],[130.25194,33.41227],[130.25167,33.41157],[130.2512,33.41124],[130.2513,33.41044],[130.25097,33.41026],[130.25029,33.41065],[130.24999,33.41033],[130.24998,33.40988],[130.25038,33.40935],[130.25104,33.40944],[130.25151,33.40895],[130.25149,33.40863],[130.25112,33.40835],[130.25134,33.40784],[130.25045,33.40748],[130.25091,33.40711],[130.25224,33.40695],[130.25282,33.40669],[130.2539,33.40725],[130.25552,33.40783],[130.25604,33.40854],[130.25599,33.40888],[130.25558,33.40928],[130.25522,33.41005],[130.25487,33.41041]]]},"properties":{"hoanrinKind":"保安林"}},
{"type":"Feature","geometry":{"type":"Polygon","coordinates":[[[130.21739,33.4336],[130.21688,33.43394],[130.21587,33.43375],[130.21529,33.43336],[130.21391,33.43178],[130.21362,33.4317],[130.213,33.43198],[130.21213,33.43193],[130.21217,33.43128],[130.2113,33.43152],[130.21084,33.43079],[130.20991,33.42982],[130.20989,33.4294],[130.21047,33.42913],[130.21226,33.42904],[130.21244,33.42909],[130.2136,33.43018],[130.21407,33.43036],[130.21466,33.43022],[130.21465,33.42985],[130.21399,33.42893],[130.21377,33.4282],[130.21395,33.42792],[130.21508,33.42749],[130.21594,33.42764],[130.21566,33.42799],[130.2157,33.42886],[130.21599,33.42886],[130.21663,33.42816],[130.21698,33.42859],[130.21682,33.42974],[130.217,33.43103],[130.21663,33.43098],[130.21639,33.43176],[130.21649,33.43231],[130.21696,33.43266],[130.21701,33.43326],[130.21739,33.4336]]]},"properties":{"hoanrinKind":"保安林"}},
{"type":"Feature","geometry":{"type":"Polygon","coordinates":[[[130.08713,33.03812],[130.0875,33.03889],[130.08837,33.04122],[130.08862,33.04205],[130.08919,33.04322],[130.08941,33.04392],[130.08935,33.04565],[130.08893,33.04578],[130.08861,33.04421],[130.08826,33.04358],[130.08717,33.04281],[130.08679,33.04207],[130.08636,33.0418],[130.08555,33.04158],[130.08538,33.04094],[130.08581,33.04007],[130.08562,33.03917],[130.0849,33.03876],[130.08424,33.03804],[130.08353,33.03806],[130.08312,33.03767],[130.08285,33.03709],[130.08279,33.03645],[130.08289,33.03587],[130.08288,33.0348],[130.08317,33.03441],[130.08382,33.03424],[130.08429,33.03441],[130.08493,33.03516],[130.08623,33.03724],[130.08713,33.03812]]]},"properties":{"hoanrinKind":"保安林"}},
{"type":"Feature","geometry":{"type":"Polygon","coordinates":[[[130.35818,33.33302],[130.35829,33.33454],[130.3573,33.33475],[130.35686,33.33456],[130.35674,33.33419],[130.35613,33.3334],[130.35592,33.33278],[130.35564,33.33266],[130.35423,33.33329],[130.35155,33.33352],[130.35164,33.33247],[130.35245,33.33124],[130.35306,33.33124],[130.35336,33.33178],[130.35378,33.332],[130.35449,33.33201],[130.35488,33.33179],[130.35509,33.3309],[130.35541,33.3308],[130.35595,33.33036],[130.35644,33.33097],[130.3571,33.33138],[130.35762,33.33187],[130.35806,33.33249],[130.35818,33.33302]]]},"properties":{"hoanrinKind":"保安林"}},
{"type":"Feature","geometry":{"type":"Polygon","coordinates":[[[130.11367,33.36739],[130.11427,33.3678],[130.11463,33.3683],[130.11424,33.36883],[130.11286,33.36922],[130.11193,33.37033],[130.11138,33.37067],[130.11018,33.37067],[130.10951,33.37047],[130.10905,33.37011],[130.10904,33.36883],[130.10884,33.3677],[130.10945,33.36675],[130.10934,33.36621],[130.10935,33.3654],[130.10982,33.36468],[130.11088,33.36431],[130.1116,33.36398],[130.11267,33.36376],[130.11323,33.36391],[130.11324,33.36441],[130.11277,33.36455],[130.11232,33.36518],[130.11202,33.3661],[130.11162,33.36657],[130.1109,33.36648],[130.11081,33.36618],[130.11027,33.36629],[130.11001,33.36655],[130.11016,33.367],[130.11067,33.36701],[130.11118,33.36727],[130.11181,33.36738],[130.1125,33.36695],[130.11362,33.36692],[130.11367,33.36739]]]},"properties":{"hoanrinKind":"保安林"}},
{"type":"Feature","geometry":{"type":"Polygon","coordinates":[[[130.23768,33.43209],[130.23718,33.43249],[130.23663,33.43263],[130.23463,33.43285],[130.23302,33.43263],[130.23387,33.43114],[130.23425,33.43103],[130.23519,33.43113],[130.23581,33.43133],[130.23587,33.43063],[130.2352,33.42995],[130.23407,33.42912],[130.23375,33.42876],[130.23354,33.42809],[130.23465,33.42775],[130.23491,33.42807],[130.23565,33.42801],[130.23672,33.42856],[130.23683,33.42937],[130.23714,33.42942],[130.2379,33.42908],[130.2384,33.42915],[130.23917,33.42962],[130.23889,33.42991],[130.23763,33.43003],[130.23723,33.43035],[130.23827,33.43055],[130.23953,33.43021],[130.24057,33.43017],[130.24169,33.43053],[130.24233,33.43059],[130.2435,33.43122],[130.24396,33.43137],[130.24552,33.43156],[130.24549,33.432],[130.24433,33.43182],[130.24358,33.43187],[130.24271,33.43164],[130.24231,33.43124],[130.24184,33.43126],[130.2412,33.4309],[130.24091,33.43091],[130.24009,33.43151],[130.23993,33.43212],[130.23973,33.43233],[130.23784,33.43245],[130.23768,33.43209]]]},"properties":{"hoanrinKind":"保安林"}},
{"type":"Feature","geometry":{"type":"Polygon","coordinates":[[[130.02043,33.26392],[130.01874,33.26445],[130.01788,33.26462],[130.0171,33.26498],[130.01667,33.26489],[130.01681,33.26378],[130.01674,33.26322],[130.01574,33.26228],[130.015,33.26069],[130.01532,33.26022],[130.01641,33.25961],[130.01693,33.259],[130.01895,33.25899],[130.01932,33.25909],[130.01992,33.25975],[130.02062,33.26081],[130.02059,33.26192],[130.0207,33.26243],[130.02102,33.26305],[130.02102,33.26355],[130.02079,33.26387],[130.02043,33.26392]]]},"properties":{"hoanrinKind":"保安林"}},
{"type":"Feature","geometry":{"type":"Polygon","coordinates":[[[130.482,33.42475],[130.48241,33.42516],[130.4827,33.42614],[130.48212,33.42688],[130.48117,33.4274],[130.48012,33.42817],[130.47944,33.42824],[130.47905,33.42781],[130.47806,33.42705],[130.47668,33.42644],[130.47547,33.42607],[130.47502,33.42578],[130.47462,33.42506],[130.47451,33.42454],[130.47462,33.42417],[130.47522,33.42404],[130.47637,33.42436],[130.477,33.42425],[130.47726,33.42395],[130.47826,33.42343],[130.479,33.42295],[130.47972,33.42313],[130.48066,33.42372],[130.482,33.42475]]]},"properties":{"hoanrinKind":"保安林"}},
{"type":"Feature","geometry":{"type":"Polygon","coordinates":[[[130.27784,33.3566],[130.27813,33.35716],[130.27791,33.35862],[130.27778,33.36065],[130.27696,33.36013],[130.27629,33.35915],[130.27516,33.3585],[130.27412,33.35819],[130.27355,33.35783],[130.27351,33.35678],[130.27319,33.35671],[130.27226,33.35775],[130.27206,33.35852],[130.2716,33.35891],[130.27097,33.35901],[130.26959,33.35881],[130.26882,33.35835],[130.26869,33.35774],[130.26904,33.3572],[130.26948,33.357],[130.27066,33.35692],[130.27108,33.35681],[130.27194,33.35618],[130.27276,33.35571],[130.27306,33.35625],[130.27339,33.35636],[130.27438,33.35607],[130.27495,33.35572],[130.27491,33.35525],[130.27531,33.3553],[130.27598,33.35504],[130.27716,33.3562],[130.27784,33.3566]]]},"properties":{"hoanrinKind":"保安林"}},
{"type":"Feature","geometry":{"type":"Polygon","coordinates":[[[130.14882,32.96972],[130.14795,32.97009],[130.14627,32.97103],[130.14483,32.97172],[130.1446,32.97157],[130.14588,32.97044],[130.1472,32.96943],[130.14885,32.9677],[130.1502,32.96577],[130.15053,32.96455],[130.15062,32.96378],[130.15154,32.96428],[130.15181,32.96466],[130.15197,32.96575],[130.15172,32.9661],[130.15172,32.96674],[130.15246,32.9673],[130.15294,32.96739],[130.15445,32.96747],[130.15436,32.968],[130.15378,32.96901],[130.15312,32.9698],[130.15195,32.97083],[130.15075,32.97052],[130.15007,32.97044],[130.14939,32.96988],[130.14882,32.96972]]]},"properties":{"hoanrinKind":"保安林"}},
{"type":"Feature","geometry":{"type":"Polygon","coordinates":[[[130.18559,33.42023],[130.18496,33.421],[130.18464,33.42043],[130.18414,33.42023],[130.18356,33.42062],[130.18318,33.42067],[130.18286,33.42024],[130.18313,33.41927],[130.18294,33.41887],[130.18211,33.41889],[130.18209,33.41811],[130.18228,33.41787],[130.18317,33.41762],[130.18328,33.41671],[130.18242,33.41604],[130.18192,33.41537],[130.18201,33.41473],[130.18236,33.41417],[130.183,33.41368],[130.18351,33.41344],[130.1843,33.41256],[130.18477,33.41242],[130.18497,33.41292],[130.1854,33.41298],[130.18562,33.4134],[130.18578,33.41455],[130.18595,33.41469],[130.18686,33.41465],[130.18746,33.41516],[130.18705,33.41569],[130.18595,33.41646],[130.18476,33.41655],[130.1844,33.4168],[130.18433,33.41739],[130.18483,33.41792],[130.18546,33.4181],[130.18669,33.41797],[130.18717,33.41834],[130.18718,33.41913],[130.18572,33.42002],[130.18559,33.42023]]]},"properties":{"hoanrinKind":"保安林"}},
{"type":"Feature","geometry":{"type":"Polygon","coordinates":[[[130.01596,33.18894],[130.01557,33.18913],[130.01473,33.18923],[130.01376,33.18901],[130.01375,33.1886],[130.01412,33.1882],[130.01451,33.18687],[130.01514,33.18646],[130.01546,33.18582],[130.01616,33.18508],[130.01704,33.18442],[130.01687,33.18406],[130.01614,33.18378],[130.01607,33.18331],[130.01638,33.18322],[130.01752,33.1832],[130.01892,33.18332],[130.01931,33.18344],[130.01988,33.18396],[130.01961,33.1855],[130.02001,33.18588],[130.01996,33.18644],[130.0208,33.18662],[130.02159,33.18697],[130.02161,33.18722],[130.02104,33.18764],[130.02051,33.18745],[130.02003,33.18771],[130.01951,33.18773],[130.01792,33.18825],[130.01734,33.18857],[130.01624,33.18893],[130.01596,33.18894]]]},"properties":{"hoanrinKind":"保安林"}},
{"type":"Feature","geometry":{"type":"Polygon","coordinates":[[[129.78427,33.27699],[129.78409,33.27771],[129.78357,33.27808],[129.78189,33.27815],[129.78151,33.27827],[129.78105,33.27797],[129.78082,33.27656],[129.78049,33.27631],[129.78015,33.27642],[129.78,33.27739],[129.77963,33.27786],[129.77912,33.27803],[129.77832,33.27786],[129.7781,33.27742],[129.77951,33.27592],[129.78032,33.27528],[129.78208,33.27457],[129.78236,33.27457],[129.78363,33.27495],[129.78498,33.27484],[129.78544,33.27451],[129.7865,33.27335],[129.78769,33.2729],[129.78789,33.27266],[129.78871,33.27325],[129.78898,33.27379],[129.78858,33.27442],[129.78776,33.27491],[129.78721,33.27583],[129.7876,33.27665],[129.78557,33.27712],[129.78427,33.27699]]]},"properties":{"hoanrinKind":"保安林"}},
{"type":"Feature","geometry":{"type":"Polygon","coordinates":[[[130.27479,33.41798],[130.27419,33.41819],[130.27335,33.41808],[130.27286,33.41789],[130.27436,33.41648],[130.27491,33.41487],[130.275,33.41437],[130.27453,33.41372],[130.27355,33.41303],[130.27335,33.41308],[130.27316,33.41373],[130.27302,33.41496],[130.27201,33.41632],[130.27112,33.41673],[130.27005,33.41693],[130.26901,33.41739],[130.26849,33.41734],[130.26821,33.4169],[130.26836,33.4165],[130.26891,33.41563],[130.27013,33.41549],[130.271,33.41504],[130.27146,33.41502],[130.27121,33.41427],[130.27124,33.41379],[130.2706,33.41393],[130.27035,33.41416],[130.26974,33.41425],[130.26971,33.41383],[130.27007,33.41337],[130.27057,33.41232],[130.27108,33.41193],[130.27207,33.41146],[130.27317,33.41134],[130.27404,33.41166],[130.27438,33.41165],[130.27486,33.41196],[130.27538,33.41281],[130.27608,33.41366],[130.27666,33.41452],[130.27668,33.41489],[130.27588,33.41601],[130.27539,33.4174],[130.27479,33.41798]]]},"properties":{"hoanrinKind":"保安林"}},
{"type":"Feature","geometry":{"type":"Polygon","coordinates":[[[130.0426,33.24104],[130.04305,33.24124],[130.04262,33.24205],[130.04322,33.24214],[130.04306,33.24261],[130.0418,33.24293],[130.04103,33.24248],[130.04129,33.24202],[130.04127,33.24103],[130.04107,33.24097],[130.04075,33.24171],[130.0402,33.24199],[130.03964,33.24211],[130.03844,33.24262],[130.03785,33.24192],[130.0379,33.24142],[130.03833,33.24103],[130.03826,33.24052],[130.03779,33.24006],[130.03746,33.23945],[130.03717,33.23838],[130.03635,33.23695],[130.03614,33.23561],[130.0355,33.23447],[130.03586,33.2343],[130.03651,33.23435],[130.03706,33.23478],[130.0372,33.23568],[130.03807,33.23704],[130.03893,33.23781],[130.03944,33.23815],[130.03994,33.23794],[130.04043,33.23736],[130.04141,33.23701],[130.04201,33.23763],[130.04223,33.23814],[130.04223,33.23918],[130.04255,33.23994],[130.04236,33.24052],[130.0426,33.24104]]]},"properties":{"hoanrinKind":"保安林"}},
{"type":"Feature","geometry":{"type":"Polygon","coordinates":[[[130.08691,33.3317],[130.08749,33.33309],[130.08789,33.33344],[130.08957,33.33443],[130.09012,33.33541],[130.08999,33.33547],[130.08825,33.33554],[130.08585,33.3361],[130.08557,33.33672],[130.08468,33.33611],[130.08372,33.33572],[130.08298,33.33502],[130.08203,33.33462],[130.08237,33.33426],[130.08344,33.33382],[130.08462,33.33368],[130.08416,33.33218],[130.08423,33.33189],[130.08395,33.33156],[130.08254,33.33175],[130.08242,33.33063],[130.083,33.33004],[130.08417,33.32944],[130.08463,33.32943],[130.08592,33.33023],[130.0865,33.33091],[130.08691,33.3317]]]},"properties":{"hoanrinKind":"保安林"}},
{"type":"Feature","geometry":{"type":"Polygon","coordinates":[[[130.07209,33.17027],[130.07349,33.17158],[130.07388,33.1723],[130.07387,33.17304],[130.07356,33.1742],[130.07256,33.1739],[130.07168,33.17353],[130.07081,33.17303],[130.06935,33.17211],[130.06876,33.1719],[130.06686,33.1707],[130.06573,33.17017],[130.06573,33.16976],[130.06656,33.16987],[130.06679,33.16918],[130.06637,33.16868],[130.06772,33.1676],[130.06862,33.16722],[130.06936,33.16723],[130.06986,33.16741],[130.07032,33.16822],[130.07084,33.16889],[130.07209,33.17027]]]},"properties":{"hoanrinKind":"保安林"}},
{"type":"Feature","geometry":{"type":"Polygon","coordinates":[[[130.0689,33.17475],[130.0695,33.17489],[130.07308,33.17527],[130.07263,33.17624],[130.07213,33.17699],[130.07081,33.17818],[130.07011,33.17924],[130.06777,33.17882],[130.06558,33.17875],[130.06462,33.17858],[130.06436,33.17812],[130.06472,33.17782],[130.06538,33.17764],[130.06708,33.17756],[130.06734,33.17728],[130.06672,33.17673],[130.06565,33.17627],[130.06425,33.17588],[130.06384,33.17554],[130.06384,33.17468],[130.06441,33.17443],[130.06582,33.17469],[130.067,33.17457],[130.06735,33.1744],[130.06814,33.17448],[130.0689,33.17475]]]},"properties":{"hoanrinKind":"保安林"}},
{"type":"Feature","geometry":{"type":"Polygon","coordinates":[[[130.09071,33.02496],[130.09019,33.02484],[130.08961,33.02375],[130.0889,33.02181],[130.08817,33.02012],[130.08779,33.0195],[130.08842,33.01929],[130.08923,33.01868],[130.09008,33.01753],[130.09048,33.01729],[130.09147,33.01695],[130.09199,33.01816],[130.09209,33.01878],[130.09206,33.01974],[130.09283,33.01999],[130.09329,33.02039],[130.09344,33.02105],[130.09312,33.02203],[130.09316,33.02253],[130.09347,33.02292],[130.09419,33.02298],[130.09431,33.02335],[130.09375,33.02441],[130.09319,33.02446],[130.09319,33.02345],[130.09269,33.02346],[130.09225,33.02461],[130.09188,33.02495],[130.09117,33.02486],[130.09071,33.02496]]]},"properties":{"hoanrinKind":"保安林"}},
{"type":"Feature","geometry":{"type":"Polygon","coordinates":[[[129.9483,33.46152],[129.9481,33.46197],[129.94718,33.46224],[129.94672,33.46116],[129.94601,33.46172],[129.94598,33.46038],[129.94584,33.45982],[129.94606,33.45826],[129.94602,33.45766],[129.9451,33.45626],[129.94559,33.45605],[129.94638,33.45641],[129.94687,33.45634],[129.94722,33.45592],[129.94777,33.4561],[129.94791,33.45638],[129.9476,33.4575],[129.94777,33.45775],[129.94881,33.45775],[129.94918,33.4576],[129.94927,33.45708],[129.94997,33.45717],[129.95014,33.457],[129.95078,33.45735],[129.95181,33.45758],[129.95247,33.45764],[129.95276,33.45796],[129.95017,33.46095],[129.95004,33.4603],[129.94958,33.45978],[129.94942,33.46019],[129.94845,33.46081],[129.9483,33.46152]]]},"properties":{"hoanrinKind":"保安林"}},
{"type":"Feature","geometry":{"type":"Polygon","coordinates":[[[130.28905,33.41451],[130.2886,33.41482],[130.28784,33.41586],[130.28748,33.41584],[130.28714,33.41538],[130.28714,33.41415],[130.28754,33.414],[130.28717,33.41349],[130.28706,33.41279],[130.28812,33.41207],[130.28755,33.41105],[130.28834,33.40972],[130.2887,33.40895],[130.28887,33.40827],[130.28895,33.40725],[130.28914,33.40704],[130.28848,33.40671],[130.288,33.40767],[130.28733,33.40811],[130.2869,33.40752],[130.28776,33.40604],[130.28808,33.40597],[130.28862,33.40616],[130.28881,33.40556],[130.28916,33.40516],[130.28969,33.40488],[130.29093,33.40483],[130.2907,33.40567],[130.29018,33.406],[130.29061,33.40637],[130.29128,33.40646],[130.29166,33.40688],[130.29092,33.4091],[130.29004,33.4095],[130.29012,33.40996],[130.29111,33.41073],[130.29107,33.41135],[130.29045,33.41196],[130.29037,33.41282],[130.29011,33.41361],[130.28966,33.4141],[130.28905,33.41451]]]},"properties":{"hoanrinKind":"保安林"}},
{"type":"Feature","geometry":{"type":"Polygon","coordinates":[[[130.25731,33.33644],[130.25708,33.33672],[130.25651,33.33683],[130.25566,33.33751],[130.25509,33.33753],[130.25463,33.33718],[130.25457,33.33651],[130.25399,33.33619],[130.25348,33.33706],[130.25282,33.33694],[130.25196,33.33583],[130.25072,33.33616],[130.25034,33.33583],[130.25063,33.33536],[130.25174,33.3342],[130.25156,33.33389],[130.25075,33.33452],[130.2505,33.33442],[130.2502,33.3332],[130.25097,33.33286],[130.25279,33.33223],[130.25319,33.33193],[130.25357,33.33138],[130.25418,33.33139],[130.2548,33.33176],[130.25438,33.33216],[130.25514,33.33272],[130.25623,33.33274],[130.25707,33.33311],[130.25825,33.33352],[130.25849,33.33388],[130.25808,33.33407],[130.25791,33.33483],[130.25753,33.33529],[130.25656,33.33524],[130.25667,33.33572],[130.25729,33.33622],[130.25731,33.33644]]]},"properties":{"hoanrinKind":"保安林"}},
{"type":"Feature","geometry":{"type":"Polygon","coordinates":[[[129.91541,33.3931],[129.9154,33.39359],[129.91482,33.39437],[129.91421,33.39464],[129.91414,33.39487],[129.91491,33.39626],[129.91429,33.39679],[129.91339,33.39698],[129.9132,33.39659],[129.91206,33.39615],[129.91196,33.39591],[129.91231,33.39557],[129.91311,33.39519],[129.91192,33.39512],[129.91105,33.39481],[129.91106,33.39425],[129.91189,33.39417],[129.91263,33.39319],[129.91289,33.39273],[129.91269,33.39238],[129.91181,33.39222],[129.91127,33.39271],[129.91075,33.39179],[129.91085,33.39133],[129.91175,33.39047],[129.9117,33.39018],[129.91211,33.38911],[129.91252,33.38917],[129.91302,33.38965],[129.9137,33.38942],[129.9142,33.38865],[129.91506,33.38884],[129.91528,33.38943],[129.91523,33.39004],[129.91487,33.39086],[129.91565,33.39097],[129.91598,33.39081],[129.91613,33.38985],[129.91632,33.3898],[129.91664,33.39059],[129.91665,33.39113],[129.91624,33.39188],[129.91607,33.39249],[129.91575,33.39311],[129.91541,33.3931]]]},"properties":{"hoanrinKind":"保安林"}},
{"type":"Feature","geometry":{"type":"Polygon","coordinates":[[[130.48355,33.40972],[130.48318,33.41043],[130.48266,33.41088],[130.48191,33.41085],[130.48123,33.41032],[130.4807,33.41007],[130.47993,33.40944],[130.47911,33.40931],[130.47837,33.40972],[130.4774,33.40978],[130.47738,33.40946],[130.47795,33.40903],[130.47811,33.40857],[130.47742,33.40802],[130.47725,33.40775],[130.47741,33.40718],[130.47787,33.40682],[130.4781,33.40636],[130.47804,33.40563],[130.47818,33.40534],[130.4796,33.404],[130.48042,33.40371],[130.48172,33.40365],[130.4819,33.40376],[130.48208,33.40476],[130.48207,33.40649],[130.48244,33.40735],[130.48323,33.40786],[130.48436,33.40823],[130.48436,33.40876],[130.48397,33.40907],[130.48355,33.40972]]]},"properties":{"hoanrinKind":"保安林"}},
{"type":"Feature","geometry":{"type":"Polygon","coordinates":[[[130.48401,33.41996],[130.48078,33.42048],[130.48039,33.42062],[130.47962,33.42117],[130.47888,33.42188],[130.47869,33.4212],[130.47822,33.42018],[130.47787,33.41976],[130.47786,33.41927],[130.4785,33.4192],[130.47929,33.4197],[130.47999,33.41981],[130.4807,33.41951],[130.48075,33.41919],[130.4804,33.41821],[130.48033,33.41772],[130.48054,33.41691],[130.48136,33.41706],[130.48254,33.4182],[130.48379,33.41825],[130.48394,33.41807],[130.48385,33.4171],[130.48261,33.41654],[130.48238,33.41544],[130.48252,33.41519],[130.48438,33.41524],[130.48433,33.41445],[130.4833,33.41319],[130.4832,33.41256],[130.48335,33.41201],[130.48431,33.41219],[130.48486,33.41288],[130.48701,33.41481],[130.48701,33.41514],[130.48671,33.41671],[130.48674,33.41723],[130.48635,33.41768],[130.48582,33.41805],[130.48509,33.41836],[130.48464,33.41879],[130.48401,33.41996]]]},"properties":{"hoanrinKind":"保安林"}},
{"type":"Feature","geometry":{"type":"Polygon","coordinates":[[[130.21083,33.36593],[130.21051,33.36608],[130.20953,33.36592],[130.20818,33.3645],[130.20752,33.36496],[130.20635,33.36552],[130.20575,33.36533],[130.20546,33.36508],[130.20442,33.36503],[130.20405,33.36457],[130.20438,33.36392],[130.20527,33.36317],[130.20644,33.36272],[130.20665,33.36242],[130.20613,33.36192],[130.20551,33.36171],[130.20512,33.36109],[130.20522,33.36047],[130.2057,33.36044],[130.20707,33.36095],[130.20766,33.36106],[130.20886,33.36148],[130.20984,33.36155],[130.21118,33.3605],[130.21126,33.36094],[130.21161,33.36147],[130.21251,33.36208],[130.21287,33.36246],[130.21304,33.36312],[130.21284,33.3636],[130.21236,33.36406],[130.21142,33.36455],[130.2109,33.36459],[130.21087,33.36514],[130.21114,33.36524],[130.21083,33.36593]]]},"properties":{"hoanrinKind":"保安林"}},
{"type":"Feature","geometry":{"type":"Polygon","coordinates":[[[130.04476,33.07912],[130.04425,33.07916],[130.04298,33.07977],[130.04232,33.08021],[130.03928,33.07924],[130.03948,33.07827],[130.04037,33.07687],[130.04065,33.07608],[130.04305,33.07648],[130.04555,33.07703],[130.04605,33.07707],[130.04747,33.07741],[130.04781,33.07737],[130.04785,33.07647],[130.04753,33.07465],[130.04767,33.07368],[130.04793,33.07293],[130.04846,33.07229],[130.04892,33.07244],[130.04924,33.07319],[130.04901,33.07422],[130.04911,33.07452],[130.04968,33.07492],[130.04969,33.07521],[130.04936,33.07568],[130.04939,33.07599],[130.04982,33.0764],[130.04936,33.07709],[130.04881,33.07717],[130.04836,33.07745],[130.04832,33.07813],[130.04812,33.0787],[130.04759,33.07903],[130.0469,33.07901],[130.04476,33.07912]]]},"properties":{"hoanrinKind":"保安林"}},
{"type":"Feature","geometry":{"type":"Polygon","coordinates":[[[129.87702,33.4795],[129.87616,33.47944],[129.87578,33.47915],[129.87546,33.4786],[129.87434,33.47788],[129.87518,33.47784],[129.87443,33.47669],[129.874,33.47676],[129.8737,33.4765],[129.87305,33.47695],[129.87218,33.47719],[129.87188,33.47676],[129.87232,33.47607],[129.87308,33.47598],[129.87287,33.47534],[129.87123,33.4752],[129.87027,33.47505],[129.86851,33.47439],[129.86841,33.47463],[129.86735,33.47407],[129.86682,33.47347],[129.86701,33.47254],[129.86703,33.4719],[129.86727,33.47116],[129.86791,33.47137],[129.86824,33.4717],[129.86789,33.47206],[129.86765,33.4728],[129.86852,33.47331],[129.86914,33.47337],[129.86951,33.47283],[129.86998,33.47305],[129.87032,33.47275],[129.87147,33.47276],[129.87183,33.47332],[129.87308,33.47405],[129.8739,33.4742],[129.87552,33.47502],[129.87577,33.47554],[129.87602,33.47563],[129.87643,33.47659],[129.87705,33.4769],[129.87742,33.47763],[129.87731,33.47791],[129.8774,33.47851],[129.8772,33.47939],[129.87702,33.4795]]]},"properties":{"hoanrinKind":"保安林"}},
{"type":"Feature","geometry":{"type":"Polygon","coordinates":[[[129.74774,33.57781],[129.74572,33.57771],[129.74552,33.57743],[129.74601,33.57666],[129.74609,33.57629],[129.74536,33.57524],[129.74434,33.5746],[129.74361,33.57434],[129.74315,33.57399],[129.74311,33.57319],[129.74353,33.57265],[129.74421,33.57262],[129.74567,33.57279],[129.74628,33.57318],[129.7466,33.57387],[129.74699,33.5743],[129.74779,33.57447],[129.74957,33.57443],[129.75024,33.57428],[129.75158,33.5734],[129.75232,33.57313],[129.75348,33.57301],[129.75416,33.57318],[129.75479,33.57377],[129.75381,33.57475],[129.75308,33.57495],[129.75257,33.5753],[129.75186,33.57618],[129.75121,33.5766],[129.75033,33.5769],[129.74938,33.57776],[129.7482,33.5777],[129.74774,33.57781]]]},"properties":{"hoanrinKind":"保安林"}},
{"type":"Feature","geometry":{"type":"Polygon","coordinates":[[[129.82021,33.26418],[129.82094,33.26474],[129.82246,33.26507],[129.82237,33.26561],[129.82153,33.26586],[129.82037,33.2672],[129.81929,33.26747],[129.81798,33.26917],[129.8182,33.2694],[129.81924,33.27009],[129.81925,33.27076],[129.81908,33.27144],[129.81864,33.27234],[129.81784,33.27357],[129.81637,33.27492],[129.81604,33.2754],[129.81575,33.27699],[129.81542,33.27758],[129.81455,33.27851],[129.81338,33.27832],[129.81316,33.27801],[129.81431,33.27726],[129.8146,33.27642],[129.81467,33.27528],[129.81556,33.27442],[129.81564,33.2739],[129.81608,33.27299],[129.8166,33.27217],[129.81723,33.271],[129.81744,33.27029],[129.81708,33.26988],[129.81621,33.26975],[129.8159,33.26924],[129.81602,33.26843],[129.81627,33.26798],[129.817,33.26736],[129.81792,33.26634],[129.81898,33.26542],[129.81912,33.26517],[129.81894,33.26466],[129.81954,33.26428],[129.82021,33.26418]]]},"properties":{"hoanrinKind":"保安林"}},
{"type":"Feature","geometry":{"type":"Polygon","coordinates":[[[130.32426,33.42676],[130.32327,33.4271],[130.32342,33.42626],[130.32329,33.42581],[130.32258,33.42539],[130.32244,33.425],[130.32255,33.42447],[130.32378,33.42383],[130.32414,33.42394],[130.32447,33.42504],[130.32501,33.42496],[130.32507,33.42427],[130.32563,33.42435],[130.32631,33.42575],[130.327,33.42584],[130.32721,33.42557],[130.32705,33.42507],[130.32637,33.42442],[130.32631,33.42347],[130.32547,33.4229],[130.32512,33.42242],[130.32484,33.42236],[130.32378,33.42268],[130.32276,33.42256],[130.32203,33.42194],[130.32208,33.42136],[130.32295,33.4217],[130.32465,33.42174],[130.32596,33.42189],[130.32727,33.4225],[130.32758,33.42248],[130.32806,33.42176],[130.32843,33.42141],[130.3293,33.42114],[130.32955,33.4212],[130.32984,33.42214],[130.32946,33.42258],[130.32958,33.42277],[130.33038,33.42269],[130.33103,33.42239],[130.33179,33.4224],[130.33213,33.42277],[130.33191,33.4231],[130.33198,33.42367],[130.33136,33.42399],[130.33052,33.4241],[130.33056,33.42437],[130.33143,33.4246],[130.33183,33.42494],[130.33127,33.42524],[130.32987,33.42528],[130.32922,33.42482],[130.3289,33.42499],[130.32887,33.42582],[130.3293,33.42612],[130.32908,33.42663],[130.32655,33.42676],[130.32426,33.42676]]]},"properties":{"hoanrinKind":"保安林"}},
{"type":"Feature","geometry":{"type":"Polygon","coordinates":[[[130.26552,33.35683],[130.26521,33.35732],[130.26402,33.35847],[130.26353,33.35907],[130.26323,33.35966],[130.26245,33.36066],[130.26146,33.36148],[130.26064,33.36194],[130.25993,33.36213],[130.25943,33.36195],[130.25926,33.36159],[130.25934,33.36114],[130.26007,33.36029],[130.26051,33.36002],[130.26055,33.3591],[130.26118,33.35837],[130.26135,33.35773],[130.26083,33.3571],[130.26002,33.35679],[130.25795,33.35686],[130.25716,33.35664],[130.25711,33.35606],[130.25802,33.35582],[130.25955,33.35607],[130.26008,33.35571],[130.25998,33.35544],[130.25945,33.35521],[130.25755,33.35515],[130.25703,33.35496],[130.25706,33.35445],[130.25736,33.35423],[130.25822,33.35404],[130.25887,33.35402],[130.2598,33.35418],[130.26065,33.35462],[130.26076,33.3552],[130.26135,33.35542],[130.26204,33.35533],[130.26267,33.35476],[130.26357,33.35489],[130.26443,33.35438],[130.26524,33.35441],[130.26567,33.35495],[130.26572,33.35626],[130.26552,33.35683]]]},"properties":{"hoanrinKind":"保安林"}},
{"type":"Feature","geometry":{"type":"Polygon","coordinates":[[[130.23092,33.34616],[130.22988,33.34631],[130.2289,33.34685],[130.22874,33.34675],[130.22886,33.34568],[130.22944,33.3451],[130.22959,33.3438],[130.227,33.34341],[130.22573,33.34294],[130.22572,33.34189],[130.2261,33.34155],[130.22724,33.34156],[130.22868,33.34132],[130.22972,33.3413],[130.23043,33.34177],[130.23111,33.34194],[130.2317,33.34169],[130.23215,33.34126],[130.23252,33.34061],[130.23302,33.34057],[130.23336,33.34128],[130.23246,33.3424],[130.23239,33.34315],[130.23332,33.34307],[130.23384,33.34372],[130.23463,33.34364],[130.23521,33.34338],[130.23579,33.34333],[130.23623,33.34346],[130.23607,33.34424],[130.23473,33.34625],[130.23436,33.34661],[130.23377,33.34664],[130.23267,33.34608],[130.23149,33.34603],[130.23092,33.34616]]]},"properties":{"hoanrinKind":"保安林"}},
{"type":"Feature","geometry":{"type":"Polygon","coordinates":[[[130.06208,33.28174],[130.06132,33.28202],[130.06087,33.28193],[130.06039,33.28134],[130.05978,33.28133],[130.05881,33.28166],[130.05808,33.28151],[130.05808,33.28095],[130.0573,33.28069],[130.05737,33.28001],[130.0568,33.27897],[130.0569,33.27861],[130.05756,33.27821],[130.05857,33.27807],[130.06009,33.27693],[130.06093,33.27686],[130.06181,33.2769],[130.06213,33.27656],[130.06226,33.27596],[130.06305,33.27559],[130.06422,33.27553],[130.06459,33.27574],[130.06458,33.2767],[130.06474,33.27728],[130.06395,33.27832],[130.06397,33.27861],[130.06485,33.27867],[130.06485,33.27933],[130.06347,33.27956],[130.06353,33.28019],[130.06419,33.28055],[130.06418,33.28106],[130.0625,33.28173],[130.06208,33.28174]]]},"properties":{"hoanrinKind":"保安林"}},
{"type":"Feature","geometry":{"type":"Polygon","coordinates":[[[130.29789,33.41165],[130.29709,33.41228],[130.29651,33.41248],[130.29571,33.41252],[130.29434,33.41292],[130.29358,33.41297],[130.2926,33.41268],[130.29238,33.41233],[130.29235,33.41179],[130.29436,33.4113],[130.29593,33.41152],[130.29686,33.41136],[130.29659,33.4108],[130.296,33.41079],[130.29459,33.41096],[130.29428,33.41023],[130.29387,33.41023],[130.29303,33.41087],[130.29228,33.41066],[130.29192,33.4095],[130.29201,33.40881],[130.29235,33.40823],[130.29273,33.40806],[130.29395,33.408],[130.29467,33.40848],[130.29567,33.40844],[130.29666,33.40822],[130.29663,33.40806],[130.29581,33.40794],[130.29492,33.40751],[130.2951,33.40713],[130.29443,33.40694],[130.29393,33.40729],[130.29362,33.40708],[130.29312,33.40738],[130.29276,33.40701],[130.29384,33.40571],[130.29447,33.40571],[130.29461,33.40536],[130.29566,33.40526],[130.29709,33.40594],[130.29753,33.40732],[130.2981,33.40818],[130.29878,33.40975],[130.29929,33.4102],[130.29875,33.41085],[130.29789,33.41165]]]},"properties":{"hoanrinKind":"保安林"}},
{"type":"Feature","geometry":{"type":"Polygon","coordinates":[[[130.17137,33.41569],[130.17075,33.4157],[130.17029,33.41599],[130.17013,33.41532],[130.17045,33.41507],[130.17093,33.41412],[130.17086,33.41353],[130.17028,33.4129],[130.16951,33.41279],[130.16917,33.41253],[130.16906,33.41205],[130.16927,33.41133],[130.16927,33.40951],[130.16983,33.40824],[130.17019,33.40687],[130.17088,33.40632],[130.17141,33.40632],[130.17276,33.40679],[130.17315,33.40721],[130.17335,33.40769],[130.1734,33.40826],[130.17278,33.40887],[130.17197,33.40906],[130.1718,33.40955],[130.17268,33.40947],[130.17363,33.40925],[130.17412,33.40923],[130.17496,33.40942],[130.17515,33.41025],[130.17514,33.41076],[130.17416,33.41127],[130.1723,33.41138],[130.17209,33.41159],[130.17221,33.4122],[130.17263,33.41237],[130.17318,33.41235],[130.1737,33.4128],[130.17418,33.4134],[130.17337,33.41403],[130.17355,33.41445],[130.17391,33.41468],[130.17377,33.41527],[130.17336,33.41547],[130.17241,33.41545],[130.17137,33.41569]]]},"properties":{"hoanrinKind":"保安林"}},
{"type":"Feature","geometry":{"type":"Polygon","coordinates":[[[129.95457,33.10802],[129.95377,33.10827],[129.95265,33.1088],[129.9519,33.10931],[129.95157,33.10913],[129.95184,33.10849],[129.953,33.10752],[129.95281,33.10719],[129.95221,33.10719],[129.95185,33.107],[129.95216,33.10613],[129.95247,33.10567],[129.9536,33.10479],[129.95347,33.10422],[129.95317,33.10395],[129.95335,33.10331],[129.95368,33.10288],[129.95433,33.10256],[129.95527,33.1028],[129.95575,33.10321],[129.95661,33.10329],[129.95755,33.10241],[129.95836,33.10217],[129.95892,33.10178],[129.95935,33.1013],[129.96001,33.10139],[129.96171,33.10277],[129.96136,33.10355],[129.96144,33.10406],[129.96196,33.10474],[129.96162,33.10519],[129.96106,33.10536],[129.96089,33.10493],[129.96119,33.10392],[129.96084,33.10344],[129.96056,33.10357],[129.96046,33.10446],[129.96016,33.10471],[129.95948,33.10456],[129.95886,33.10467],[129.95759,33.10397],[129.95712,33.10415],[129.95703,33.10453],[129.95654,33.10485],[129.95575,33.10455],[129.95537,33.10415],[129.95503,33.10441],[129.95581,33.10505],[129.95541,33.10564],[129.95606,33.10594],[129.95652,33.10554],[129.95757,33.10525],[129.95783,33.10541],[129.95807,33.10621],[129.95837,33.10659],[129.95668,33.10743],[129.95662,33.10829],[129.95514,33.10815],[129.95457,33.10802]]]},"properties":{"hoanrinKind":"保安林"}},
{"type":"Feature","geometry":{"type":"Polygon","coordinates":[[[130.29378,33.4328],[130.29333,33.43335],[130.29279,33.43356],[130.29237,33.43346],[130.29189,33.43263],[130.29121,33.43232],[130.29071,33.43248],[130.29024,33.43285],[130.28943,33.43298],[130.28918,33.43233],[130.28967,33.43189],[130.29133,33.43127],[130.29198,33.43061],[130.29194,33.42963],[130.29103,33.4288],[130.28986,33.42865],[130.2891,33.42949],[130.28852,33.42964],[130.28749,33.42958],[130.28702,33.42901],[130.28615,33.42923],[130.28612,33.42948],[130.28503,33.42987],[130.28454,33.4296],[130.28376,33.42967],[130.28324,33.42904],[130.28389,33.42851],[130.28439,33.42831],[130.28555,33.42819],[130.28696,33.42751],[130.2891,33.42707],[130.28945,33.42685],[130.29044,33.4265],[130.29136,33.42632],[130.29287,33.42634],[130.2938,33.42563],[130.29441,33.42545],[130.29449,33.42596],[130.29433,33.42686],[130.29438,33.42716],[130.2951,33.42798],[130.29502,33.42911],[130.29427,33.42921],[130.29418,33.42976],[130.2947,33.43023],[130.29417,33.43116],[130.29378,33.4328]]]},"properties":{"hoanrinKind":"保安林"}},
{"type":"Feature","geometry":{"type":"Polygon","coordinates":[[[130.05741,33.08258],[130.05686,33.0828],[130.05588,33.08276],[130.05526,33.08218],[130.05462,33.08209],[130.05432,33.08242],[130.05355,33.08216],[130.05364,33.07991],[130.05343,33.0796],[130.05288,33.07943],[130.05225,33.08002],[130.05193,33.07995],[130.0516,33.07953],[130.05178,33.07907],[130.05185,33.0783],[130.0514,33.07754],[130.05133,33.07621],[130.05113,33.07456],[130.05114,33.07421],[130.05153,33.07362],[130.05262,33.07272],[130.05316,33.07247],[130.05435,33.07258],[130.05457,33.07283],[130.05591,33.07349],[130.05631,33.0742],[130.05584,33.07503],[130.0559,33.07586],[130.05606,33.07623],[130.05631,33.07757],[130.05588,33.07812],[130.05537,33.07854],[130.05503,33.07958],[130.05524,33.08012],[130.05562,33.08044],[130.0567,33.08075],[130.05697,33.08171],[130.05741,33.08258]]]},"properties":{"hoanrinKind":"保安林"}},
{"type":"Feature","geometry":{"type":"Polygon","coordinates":[[[130.15793,33.40599],[130.15627,33.40612],[130.15545,33.40593],[130.15518,33.40564],[130.15631,33.40485],[130.15631,33.40464],[130.15578,33.40324],[130.1558,33.40298],[130.15638,33.40229],[130.15569,33.40155],[130.15512,33.40066],[130.15418,33.39996],[130.15416,33.39955],[130.15476,33.39978],[130.15501,33.39957],[130.15467,33.39915],[130.15366,33.39881],[130.15293,33.39873],[130.15236,33.39773],[130.15227,33.39709],[130.15241,33.39672],[130.15297,33.39631],[130.15355,33.39619],[130.15549,33.39676],[130.15636,33.39709],[130.15727,33.39824],[130.15756,33.39876],[130.1582,33.39904],[130.15861,33.39943],[130.15978,33.40007],[130.15973,33.40045],[130.15896,33.40067],[130.15924,33.40114],[130.15983,33.40116],[130.1604,33.40135],[130.16073,33.40199],[130.16017,33.40255],[130.15944,33.40271],[130.15806,33.40285],[130.15757,33.40281],[130.15761,33.40336],[130.15821,33.40328],[130.1585,33.40355],[130.15909,33.40353],[130.15889,33.40397],[130.1585,33.40404],[130.15844,33.4048],[130.15912,33.40552],[130.15906,33.40588],[130.15859,33.40612],[130.15793,33.40599]]]},"properties":{"hoanrinKind":"保安林"}},
{"type":"Feature","geometry":{"type":"Polygon","coordinates":[[[129.77445,33.31145],[129.77415,33.31206],[129.77349,33.31176],[129.7733,33.31131],[129.77377,33.31116],[129.77382,33.31084],[129.77326,33.31045],[129.77302,33.31072],[129.77262,33.31063],[129.77247,33.30988],[129.77274,33.30985],[129.77321,33.31019],[129.77318,33.30868],[129.77272,33.30882],[129.77205,33.30954],[129.7712,33.30975],[129.77127,33.3086],[129.77142,33.30829],[129.77209,33.3077],[129.7729,33.30677],[129.7728,33.30641],[129.77165,33.3059],[129.7718,33.30497],[129.77139,33.30448],[129.77114,33.30381],[129.77078,33.30353],[129.76901,33.30293],[129.76801,33.30209],[129.76808,33.30165],[129.76875,33.30141],[129.76975,33.30161],[129.7715,33.30241],[129.77213,33.30258],[129.77325,33.30271],[129.77336,33.30291],[129.77314,33.30352],[129.77384,33.30369],[129.77406,33.30348],[129.77454,33.30257],[129.77521,33.30245],[129.77557,33.30323],[129.7755,33.30398],[129.77521,33.30438],[129.77575,33.30484],[129.77599,33.30522],[129.77687,33.3061],[129.77698,33.30591],[129.77619,33.30506],[129.77661,33.30501],[129.77735,33.30598],[129.77736,33.30631],[129.77806,33.30747],[129.77749,33.30773],[129.77644,33.30876],[129.77579,33.30901],[129.7751,33.30819],[129.77474,33.30815],[129.77404,33.30855],[129.774,33.30908],[129.77426,33.30984],[129.7738,33.30985],[129.77353,33.31008],[129.77374,33.31045],[129.77445,33.31074],[129.77445,33.31145]]]},"properties":{"hoanrinKind":"保安林"}},
{"type":"Feature","geometry":{"type":"Polygon","coordinates":[[[130.08163,33.34399],[130.08183,33.34407],[130.0834,33.34423],[130.08394,33.34445],[130.0841,33.34493],[130.08341,33.34512],[130.08123,33.34465],[130.08075,33.34463],[130.08004,33.34402],[130.08046,33.34318],[130.08043,33.34278],[130.08082,33.34242],[130.08163,33.34212],[130.08216,33.34099],[130.08299,33.34087],[130.08343,33.3403],[130.08386,33.34],[130.08394,33.33943],[130.0825,33.33846],[130.08137,33.33944],[130.08082,33.33886],[130.08058,33.33837],[130.08015,33.33798],[130.08011,33.33733],[130.08048,33.33692],[130.08139,33.3365],[130.08215,33.33648],[130.08364,33.33747],[130.08374,33.3384],[130.08444,33.33858],[130.0853,33.33823],[130.0858,33.33845],[130.08636,33.34073],[130.0868,33.3407],[130.08754,33.34106],[130.08759,33.34147],[130.08668,33.34197],[130.08576,33.34301],[130.08483,33.34298],[130.084,33.34312],[130.08364,33.34339],[130.08276,33.34347],[130.08194,33.34326],[130.08154,33.34335],[130.08163,33.34399]]]},"properties":{"hoanrinKind":"保安林"}},
{"type":"Feature","geometry":{"type":"Polygon","coordinates":[[[130.30588,33.44299],[130.30544,33.44385],[130.30524,33.44517],[130.3046,33.44596],[130.30377,33.44632],[130.303,33.44633],[130.30194,33.44568],[130.30125,33.44507],[130.30107,33.44464],[130.3026,33.44451],[130.30229,33.44326],[130.30245,33.44275],[130.30222,33.44205],[130.30172,33.44137],[130.30073,33.44108],[130.29993,33.44156],[130.29921,33.44169],[130.29884,33.4416],[130.29882,33.4411],[130.29962,33.43995],[130.29944,33.43977],[130.29854,33.43954],[130.29758,33.4386],[130.29745,33.43826],[130.29654,33.43815],[130.29532,33.43779],[130.29479,33.43731],[130.29504,33.4369],[130.2959,33.43653],[130.29657,33.4368],[130.29791,33.43764],[130.2988,33.43752],[130.2977,33.43683],[130.29715,33.43617],[130.29794,33.43624],[130.29981,33.43623],[130.30067,33.43673],[130.30085,33.43714],[130.30057,33.43794],[130.30073,33.43829],[130.30153,33.43835],[130.30173,33.43864],[130.3025,33.43876],[130.3033,33.43903],[130.30359,33.43964],[130.30436,33.4404],[130.30523,33.44166],[130.30442,33.44203],[130.30527,33.44215],[130.30595,33.44266],[130.30588,33.44299]]]},"properties":{"hoanrinKind":"保安林"}},
{"type":"Feature","geometry":{"type":"Polygon","coordinates":[[[130.48801,33.42543],[130.48826,33.426],[130.48662,33.42565],[130.48636,33.42512],[130.4848,33.42366],[130.48445,33.42317],[130.48444,33.42219],[130.48401,33.42119],[130.48408,33.42041],[130.48441,33.41994],[130.48515,33.4194],[130.48612,33.4184],[130.48719,33.41815],[130.48778,33.41824],[130.48876,33.41868],[130.48937,33.41913],[130.4906,33.41972],[130.49114,33.4205],[130.49009,33.42086],[130.4901,33.42126],[130.49107,33.42177],[130.491,33.42196],[130.49147,33.42278],[130.49136,33.42346],[130.49157,33.42383],[130.49239,33.42454],[130.49131,33.42475],[130.49129,33.42427],[130.49081,33.42423],[130.49015,33.42356],[130.48959,33.42332],[130.48911,33.42339],[130.4891,33.4239],[130.48937,33.42429],[130.4902,33.42495],[130.48947,33.42545],[130.48866,33.42518],[130.48801,33.42543]]]},"properties":{"hoanrinKind":"保安林"}},
{"type":"Feature","geometry":{"type":"Polygon","coordinates":[[[130.21869,33.35797],[130.21923,33.35864],[130.2194,33.35944],[130.21892,33.35937],[130.21839,33.35885],[130.21782,33.35769],[130.21733,33.35768],[130.21695,33.35816],[130.21657,33.35785],[130.2162,33.35704],[130.21544,33.3563],[130.21511,33.35538],[130.2152,33.35488],[130.21646,33.35306],[130.21745,33.35281],[130.21776,33.35241],[130.2179,33.35144],[130.21817,33.35091],[130.21951,33.3502],[130.22022,33.34938],[130.22141,33.34915],[130.22266,33.34959],[130.22404,33.35068],[130.22448,33.35117],[130.22513,33.35165],[130.22546,33.3523],[130.22466,33.35253],[130.22389,33.35347],[130.22283,33.35387],[130.22157,33.35413],[130.21873,33.3549],[130.21819,33.35455],[130.21761,33.35357],[130.21727,33.35394],[130.21723,33.35462],[130.21803,33.35543],[130.21823,33.35626],[130.2185,33.35668],[130.21869,33.35797]]]},"properties":{"hoanrinKind":"保安林"}},
{"type":"Feature","geometry":{"type":"Polygon","coordinates":[[[130.23848,33.38381],[130.23844,33.3843],[130.23879,33.38497],[130.2386,33.38548],[130.23569,33.3858],[130.2357,33.38509],[130.23489,33.38424],[130.23384,33.38417],[130.23315,33.38378],[130.23269,33.3837],[130.2315,33.384],[130.23144,33.38356],[130.23185,33.38292],[130.23188,33.38189],[130.23226,33.38088],[130.2313,33.38072],[130.23115,33.38004],[130.23147,33.37892],[130.23132,33.37802],[130.23063,33.37736],[130.23073,33.37711],[130.23053,33.37594],[130.23104,33.37547],[130.23154,33.37546],[130.23204,33.37584],[130.2323,33.37693],[130.23297,33.3775],[130.23383,33.37694],[130.23518,33.37657],[130.23574,33.37659],[130.23566,33.37821],[130.23579,33.37877],[130.23478,33.38019],[130.23455,33.38122],[130.23513,33.38221],[130.23623,33.38136],[130.2367,33.38125],[130.23754,33.38133],[130.23797,33.38124],[130.23828,33.38169],[130.23829,33.38214],[130.2379,33.38282],[130.23848,33.38381]]]},"properties":{"hoanrinKind":"保安林"}},
{"type":"Feature","geometry":{"type":"Polygon","coordinates":[[[130.15358,32.98732],[130.15319,32.98767],[130.15318,32.98807],[130.15352,32.98889],[130.15371,32.98966],[130.15367,32.99032],[130.15315,32.99104],[130.15262,32.99125],[130.15196,32.99133],[130.15145,32.99081],[130.15078,32.98949],[130.14881,32.98732],[130.14781,32.98646],[130.14739,32.98577],[130.14714,32.98511],[130.14722,32.98471],[130.14856,32.98439],[130.1489,32.98451],[130.1494,32.98526],[130.15004,32.98534],[130.15046,32.98491],[130.1512,32.98436],[130.15221,32.98391],[130.15252,32.98449],[130.1529,32.98466],[130.15454,32.98454],[130.15516,32.98414],[130.15518,32.98358],[130.15558,32.98291],[130.15644,32.98273],[130.15705,32.98294],[130.15756,32.98333],[130.15709,32.98429],[130.15703,32.98558],[130.15691,32.98596],[130.15639,32.98666],[130.15632,32.98744],[130.15578,32.98833],[130.15496,32.98816],[130.15394,32.98735],[130.15358,32.98732]]]},"properties":{"hoanrinKind":"保安林"}},
{"type":"Feature","geometry":{"type":"Polygon","coordinates":[[[130.09355,33.25501],[130.09342,33.25511],[130.09375,33.25588],[130.09364,33.2572],[130.09282,33.25801],[130.09248,33.25868],[130.09151,33.25851],[130.09124,33.25806],[130.0912,33.25701],[130.09209,33.25596],[130.092,33.25551],[130.09216,33.25489],[130.0929,33.25457],[130.09289,33.25387],[130.09349,33.25316],[130.09446,33.25246],[130.09538,33.25195],[130.09608,33.25173],[130.09704,33.25156],[130.09873,33.2515],[130.09866,33.25132],[130.09788,33.25123],[130.09672,33.25056],[130.09633,33.25041],[130.09537,33.25037],[130.09511,33.25025],[130.09514,33.24959],[130.09588,33.24931],[130.0975,33.24944],[130.09881,33.24869],[130.09952,33.24847],[130.10093,33.24847],[130.10142,33.24886],[130.10158,33.24977],[130.10209,33.24981],[130.10208,33.25047],[130.10181,33.25078],[130.10167,33.25148],[130.10244,33.25127],[130.10245,33.25241],[130.10255,33.25259],[130.10339,33.25278],[130.10362,33.25306],[130.10299,33.25389],[130.10203,33.25447],[130.10145,33.25504],[130.10108,33.25468],[130.10018,33.25456],[130.10017,33.25368],[130.09961,33.25344],[130.09836,33.25342],[130.09744,33.25277],[130.09689,33.25266],[130.0962,33.25311],[130.09578,33.25456],[130.09545,33.25512],[130.09396,33.25487],[130.09355,33.25501]]]},"properties":{"hoanrinKind":"保安林"}},
{"type":"Feature","geometry":{"type":"Polygon","coordinates":[[[130.02074,33.12737],[130.02068,33.129],[130.02058,33.1294],[130.01989,33.13002],[130.01982,33.13089],[130.01919,33.13116],[130.01884,33.1315],[130.01831,33.13167],[130.01819,33.13065],[130.01867,33.13022],[130.01911,33.12947],[130.01922,33.12855],[130.01987,33.12763],[130.01985,33.12656],[130.02012,33.12639],[130.01979,33.12599],[130.01952,33.12536],[130.01878,33.12454],[130.01778,33.12377],[130.01622,33.12293],[130.01627,33.12236],[130.01766,33.1221],[130.01751,33.12166],[130.01697,33.12146],[130.01576,33.12125],[130.01524,33.12097],[130.0149,33.12006],[130.01464,33.11983],[130.01409,33.11976],[130.01291,33.11878],[130.01275,33.11839],[130.01331,33.11762],[130.01412,33.11712],[130.01529,33.11681],[130.01697,33.11674],[130.01742,33.11785],[130.01761,33.11916],[130.018,33.1204],[130.0189,33.1211],[130.01946,33.12281],[130.01964,33.12312],[130.0205,33.12297],[130.02075,33.12223],[130.02216,33.12174],[130.02258,33.12264],[130.02249,33.12388],[130.02292,33.12439],[130.02293,33.12475],[130.02258,33.12506],[130.0211,33.12564],[130.02102,33.12594],[130.02148,33.12622],[130.02289,33.12641],[130.02355,33.12701],[130.02343,33.12771],[130.02248,33.12738],[130.02171,33.12765],[130.02074,33.12737]]]},"properties":{"hoanrinKind":"保安林"}},
{"type":"Feature","geometry":{"type":"Polygon","coordinates":[[[130.19248,33.36986],[130.19355,33.37067],[130.19379,33.37137],[130.19373,33.37177],[130.19319,33.37189],[130.19275,33.37159],[130.19205,33.37089],[130.19138,33.37077],[130.19054,33.37049],[130.1892,33.36971],[130.18873,33.36988],[130.18832,33.37049],[130.18751,33.37077],[130.18677,33.37022],[130.18654,33.3695],[130.1865,33.36891],[130.18665,33.36847],[130.18715,33.36813],[130.18754,33.36809],[130.18893,33.36835],[130.18991,33.36845],[130.19127,33.36848],[130.19176,33.36839],[130.19164,33.36766],[130.19124,33.36727],[130.19113,33.36652],[130.19118,33.36605],[130.191,33.36573],[130.19027,33.36494],[130.19024,33.36405],[130.19084,33.36365],[130.19152,33.36342],[130.19302,33.36343],[130.19373,33.36357],[130.19493,33.36408],[130.19553,33.36478],[130.19544,33.36531],[130.19505,33.36552],[130.19369,33.36598],[130.1932,33.36654],[130.19314,33.36711],[130.19352,33.36761],[130.194,33.36791],[130.19443,33.3678],[130.19473,33.36723],[130.19505,33.36718],[130.19569,33.36782],[130.19618,33.36787],[130.19671,33.36741],[130.19715,33.36762],[130.19833,33.36895],[130.19856,33.36949],[130.19966,33.37006],[130.1999,33.3703],[130.19987,33.37117],[130.19873,33.37141],[130.19767,33.37102],[130.19648,33.37087],[130.19603,33.37068],[130.19538,33.36978],[130.19422,33.36953],[130.19319,33.36895],[130.19248,33.36907],[130.19229,33.36927],[130.19248,33.36986]]]},"properties":{"hoanrinKind":"保安林"}},
{"type":"Feature","geometry":{"type":"Polygon","coordinates":[[[129.9465,33.42455],[129.94528,33.42498],[129.94457,33.4248],[129.94429,33.42359],[129.94377,33.42292],[129.943,33.42173],[129.9428,33.4206],[129.94199,33.42031],[129.94166,33.41968],[129.94123,33.41946],[129.94051,33.41937],[129.9402,33.41959],[129.93978,33.41898],[129.93994,33.41864],[129.94013,33.41751],[129.94031,33.41711],[129.9399,33.41687],[129.93996,33.41653],[129.94139,33.41647],[129.94195,33.41611],[129.94271,33.41613],[129.9428,33.41651],[129.94327,33.41684],[129.94428,33.41681],[129.94542,33.41656],[129.94536,33.41687],[129.94585,33.41701],[129.94613,33.41754],[129.94499,33.4174],[129.94432,33.41741],[129.94353,33.41775],[129.94403,33.41815],[129.94408,33.41891],[129.94358,33.41937],[129.94391,33.41965],[129.94418,33.41929],[129.94519,33.41913],[129.94471,33.41965],[129.94361,33.42028],[129.94389,33.42086],[129.94463,33.42086],[129.94506,33.42062],[129.94585,33.4199],[129.9465,33.41973],[129.94678,33.41996],[129.94616,33.42119],[129.9456,33.42175],[129.94626,33.4219],[129.94718,33.4215],[129.94753,33.42083],[129.94758,33.4202],[129.94782,33.41987],[129.94821,33.41977],[129.94885,33.41923],[129.94937,33.4194],[129.94929,33.42011],[129.94875,33.42052],[129.9488,33.42072],[129.94953,33.421],[129.94928,33.42132],[129.94893,33.42132],[129.94811,33.42164],[129.94784,33.42191],[129.94844,33.42216],[129.94814,33.42256],[129.94823,33.4232],[129.94802,33.42375],[129.94832,33.42409],[129.94736,33.42457],[129.9465,33.42455]]]},"properties":{"hoanrinKind":"保安林"}},
{"type":"Feature","geometry":{"type":"Polygon","coordinates":[[[130.16564,33.00082],[130.16528,33.00112],[130.16543,33.00173],[130.1652,33.00242],[130.1645,33.00328],[130.16404,33.00339],[130.16279,33.00276],[130.16255,33.00249],[130.16276,33.00182],[130.16359,33.00121],[130.16374,33.00073],[130.16342,33.00026],[130.16271,33.00044],[130.1624,33.00013],[130.1624,32.99936],[130.16202,32.99899],[130.16119,32.99917],[130.16076,32.99987],[130.16081,33.00081],[130.16013,33.00096],[130.15992,33.0008],[130.15959,32.99992],[130.15903,32.99915],[130.15902,32.99866],[130.15965,32.99802],[130.1598,32.99766],[130.15979,32.99694],[130.15901,32.99636],[130.15892,32.99595],[130.1593,32.99557],[130.16012,32.99537],[130.16059,32.99595],[130.16137,32.9961],[130.16213,32.99571],[130.16282,32.99563],[130.16278,32.9952],[130.16428,32.99473],[130.16499,32.99482],[130.16587,32.99553],[130.16615,32.99604],[130.16624,32.99666],[130.166,32.99801],[130.16578,32.99871],[130.16582,32.99899],[130.16657,32.99953],[130.16799,32.99962],[130.16861,33.0001],[130.16839,33.00065],[130.16799,33.00102],[130.16729,33.0014],[130.16715,33.00112],[130.16662,33.00109],[130.16623,33.00084],[130.16564,33.00082]]]},"properties":{"hoanrinKind":"保安林"}},
{"type":"Feature","geometry":{"type":"Polygon","coordinates":[[[130.14695,32.99576],[130.14638,32.99578],[130.14552,32.99563],[130.14505,32.99586],[130.14451,32.9957],[130.14432,32.99537],[130.14382,32.99553],[130.1434,32.99525],[130.14279,32.99516],[130.14259,32.99485],[130.14195,32.99499],[130.141,32.99484],[130.13988,32.99518],[130.13964,32.99537],[130.13878,32.9953],[130.13695,32.99471],[130.13573,32.9945],[130.13473,32.99403],[130.13304,32.99302],[130.13223,32.99236],[130.13137,32.99204],[130.12952,32.99205],[130.12893,32.99192],[130.12849,32.9915],[130.12859,32.99097],[130.12959,32.9902],[130.12959,32.9892],[130.13039,32.98895],[130.13058,32.98876],[130.13147,32.98878],[130.13175,32.98868],[130.13128,32.98782],[130.13117,32.98728],[130.1314,32.98683],[130.13224,32.98674],[130.13279,32.98708],[130.13359,32.98786],[130.13395,32.98836],[130.13409,32.98889],[130.13329,32.98951],[130.13204,32.98937],[130.13215,32.99048],[130.13248,32.99058],[130.13327,32.99036],[130.13443,32.99103],[130.1355,32.99106],[130.13579,32.99179],[130.13651,32.99155],[130.13676,32.99105],[130.13785,32.99135],[130.13936,32.99247],[130.14049,32.99311],[130.14088,32.99343],[130.14218,32.99402],[130.14282,32.99402],[130.14422,32.99439],[130.14573,32.99441],[130.14673,32.99484],[130.14704,32.99542],[130.14695,32.99576]]]},"properties":{"hoanrinKind":"保安林"}},
{"type":"Feature","geometry":{"type":"Polygon","coordinates":[[[130.03268,33.39077],[130.03275,33.39114],[130.03317,33.39148],[130.03325,33.39189],[130.0314,33.39246],[130.03107,33.39247],[130.03084,33.39202],[130.03119,33.39136],[130.03121,33.39082],[130.03052,33.39051],[130.02946,33.39096],[130.02888,33.39094],[130.02815,33.38964],[130.0284,33.38911],[130.03046,33.38908],[130.03068,33.38876],[130.03,33.38807],[130.0296,33.38784],[130.0289,33.38786],[130.02788,33.38808],[130.02695,33.38768],[130.02682,33.38729],[130.02778,33.38678],[130.02864,33.38646],[130.02918,33.38653],[130.02996,33.38614],[130.03001,33.38553],[130.02905,33.38501],[130.02895,33.38447],[130.0293,33.38368],[130.02915,33.38345],[130.02816,33.38335],[130.02803,33.38289],[130.02939,33.38204],[130.03028,33.38167],[130.0309,33.38178],[130.03096,33.38215],[130.03079,33.38296],[130.03099,33.38323],[130.03197,33.38309],[130.03235,33.38342],[130.03269,33.38445],[130.03273,33.38528],[130.03336,33.38577],[130.03463,33.38613],[130.03486,33.3864],[130.03497,33.38701],[130.03605,33.38715],[130.03676,33.38759],[130.03742,33.38767],[130.03783,33.38847],[130.03762,33.38895],[130.03665,33.38888],[130.03556,33.38936],[130.03537,33.38988],[130.03527,33.3909],[130.03485,33.39118],[130.03398,33.39012],[130.03319,33.39002],[130.03269,33.3902],[130.03268,33.39077]]]},"properties":{"hoanrinKind":"保安林"}},
{"type":"Feature","geometry":{"type":"Polygon","coordinates":[[[129.91324,33.33577],[129.91286,33.33563],[129.9127,33.33482],[129.91246,33.33451],[129.91123,33.33437],[129.91075,33.33378],[129.91071,33.333],[129.9098,33.33275],[129.90945,33.33179],[129.91002,33.33114],[129.91034,33.33055],[129.91072,33.32907],[129.91099,33.32863],[129.91166,33.32868],[129.9117,33.32814],[129.91238,33.32808],[129.9134,33.32756],[129.91315,33.32833],[129.91393,33.32841],[129.91581,33.32673],[129.91614,33.3268],[129.91638,33.32633],[129.91576,33.32506],[129.91633,33.32438],[129.91708,33.32494],[129.9182,33.32667],[129.91915,33.32739],[129.91937,33.32814],[129.91973,33.32832],[129.92102,33.3285],[129.92173,33.3289],[129.92124,33.32999],[129.92097,33.33025],[129.91995,33.32966],[129.91692,33.32799],[129.91655,33.32849],[129.91732,33.32971],[129.91745,33.3303],[129.91693,33.33055],[129.91643,33.33047],[129.91532,33.3301],[129.91511,33.33041],[129.91479,33.3315],[129.91535,33.33175],[129.91537,33.33221],[129.9146,33.33284],[129.9145,33.33371],[129.91405,33.33501],[129.9135,33.33504],[129.91324,33.33577]]]},"properties":{"hoanrinKind":"保安林"}},
{"type":"Feature","geometry":{"type":"Polygon","coordinates":[[[130.15182,33.0346],[130.15132,33.03491],[130.15054,33.03438],[130.14998,33.03423],[130.15024,33.03393],[130.1495,33.03384],[130.14619,33.03222],[130.14443,33.03148],[130.14174,33.03045],[130.14039,33.02998],[130.13955,33.02979],[130.13952,33.02963],[130.13782,33.02874],[130.13707,33.02874],[130.13615,33.02892],[130.13513,33.02865],[130.13265,33.02781],[130.13208,33.0274],[130.13191,33.027],[130.13174,33.02606],[130.13234,33.02561],[130.13224,33.02518],[130.13127,33.02514],[130.1309,33.02504],[130.12996,33.02503],[130.12899,33.02448],[130.1278,33.02415],[130.12724,33.02373],[130.12687,33.02321],[130.12695,33.02293],[130.12752,33.02299],[130.12837,33.02336],[130.1304,33.02402],[130.13146,33.02428],[130.13479,33.02524],[130.13528,33.02559],[130.1357,33.02569],[130.1371,33.02628],[130.13762,33.02638],[130.13782,33.02671],[130.13931,33.02739],[130.1394,33.02772],[130.13991,33.02799],[130.14064,33.02812],[130.14107,33.02837],[130.14197,33.02858],[130.14401,33.02932],[130.14428,33.02955],[130.14535,33.0298],[130.14744,33.03069],[130.14934,33.0317],[130.15086,33.03263],[130.15223,33.0336],[130.15182,33.0346]]]},"properties":{"hoanrinKind":"保安林"}},
{"type":"Feature","geometry":{"type":"Polygon","coordinates":[[[130.31639,33.35006],[130.31595,33.34965],[130.31598,33.34927],[130.3154,33.34944],[130.31541,33.34969],[130.31384,33.3487],[130.31279,33.34813],[130.31279,33.34675],[130.31287,33.34585],[130.31329,33.34525],[130.31313,33.3438],[130.31321,33.3433],[130.31363,33.34283],[130.31488,33.34227],[130.31586,33.34123],[130.31676,33.34081],[130.31741,33.34097],[130.31867,33.34179],[130.31987,33.34201],[130.32114,33.34233],[130.32152,33.34286],[130.32168,33.34445],[130.32107,33.34516],[130.3211,33.34568],[130.32164,33.34592],[130.32153,33.34614],[130.32052,33.34656],[130.32002,33.3473],[130.31823,33.34783],[130.3174,33.34835],[130.31683,33.34918],[130.31639,33.35006]]]},"properties":{"hoanrinKind":"保安林"}},
{"type":"Feature","geometry":{"type":"Polygon","coordinates":[[[129.93314,33.10618],[129.93272,33.10636],[129.93228,33.10693],[129.93113,33.10709],[129.93087,33.10729],[129.93073,33.10859],[129.93063,33.10892],[129.9302,33.10916],[129.93001,33.10806],[129.92924,33.10706],[129.93021,33.10602],[129.93036,33.10597],[129.93264,33.10605],[129.93586,33.10595],[129.93641,33.10555],[129.93656,33.10443],[129.93635,33.1029],[129.93543,33.10203],[129.93537,33.09967],[129.93497,33.09835],[129.93528,33.0978],[129.9351,33.09766],[129.93584,33.09717],[129.93606,33.09731],[129.9371,33.09712],[129.93749,33.09741],[129.93816,33.0976],[129.94029,33.09788],[129.9412,33.09855],[129.94141,33.09934],[129.94109,33.09983],[129.94038,33.09989],[129.93998,33.10019],[129.94023,33.10059],[129.94137,33.10067],[129.94097,33.10129],[129.94134,33.10156],[129.94159,33.10101],[129.94198,33.10087],[129.94221,33.10153],[129.94246,33.10174],[129.94311,33.10144],[129.94406,33.10143],[129.94409,33.10224],[129.94392,33.10243],[129.94307,33.10242],[129.942,33.102],[129.94116,33.10214],[129.94068,33.10255],[129.94084,33.1032],[129.9412,33.10354],[129.9426,33.10432],[129.94237,33.10463],[129.9415,33.10496],[129.94076,33.10418],[129.93939,33.10332],[129.93826,33.10322],[129.93815,33.10402],[129.9384,33.10436],[129.93926,33.10486],[129.94041,33.10502],[129.94087,33.10529],[129.94091,33.10582],[129.94025,33.10642],[129.94002,33.1063],[129.93936,33.10648],[129.93891,33.10696],[129.93722,33.10726],[129.93624,33.10754],[129.93554,33.10762],[129.93466,33.10699],[129.93394,33.10665],[129.9334,33.10613],[129.93314,33.10618]]]},"properties":{"hoanrinKind":"保安林"}},
{"type":"Feature","geometry":{"type":"Polygon","coordinates":[[[130.16028,33.43366],[130.16005,33.43406],[130.16005,33.43461],[130.15959,33.43464],[130.15895,33.4342],[130.15892,33.43318],[130.15879,33.43286],[130.15892,33.43241],[130.15812,33.43278],[130.15727,33.4329],[130.15517,33.43282],[130.15423,33.43329],[130.15375,33.43392],[130.15272,33.43454],[130.15212,33.43443],[130.15191,33.4342],[130.15185,33.43364],[130.15211,33.43283],[130.15209,33.43226],[130.15177,33.43122],[130.15114,33.43083],[130.15071,33.43007],[130.1507,33.4293],[130.15131,33.42866],[130.15102,33.42777],[130.15067,33.42717],[130.15063,33.42673],[130.15149,33.42635],[130.15238,33.42582],[130.153,33.42574],[130.154,33.42601],[130.15559,33.42591],[130.15584,33.42596],[130.15708,33.42699],[130.15784,33.4287],[130.15764,33.42921],[130.15662,33.42933],[130.15697,33.42977],[130.15817,33.43028],[130.15832,33.43096],[130.15895,33.43104],[130.15984,33.43145],[130.16056,33.43122],[130.16131,33.43127],[130.16232,33.43147],[130.16225,33.43274],[130.16204,33.43357],[130.16135,33.43331],[130.16077,33.43369],[130.16028,33.43366]]]},"properties":{"hoanrinKind":"保安林"}},
{"type":"Feature","geometry":{"type":"Polygon","coordinates":[[[130.05491,33.12161],[130.05459,33.12178],[130.05348,33.12151],[130.05266,33.1217],[130.05215,33.12115],[130.05052,33.11971],[130.04998,33.11894],[130.04884,33.11804],[130.04837,33.11688],[130.04834,33.1162],[130.0478,33.11511],[130.04769,33.1143],[130.04781,33.11379],[130.04939,33.1114],[130.05014,33.11061],[130.0509,33.11025],[130.05164,33.11028],[130.05291,33.11075],[130.05391,33.11133],[130.05602,33.11247],[130.0567,33.11304],[130.0568,33.11366],[130.0567,33.11432],[130.0561,33.11485],[130.05601,33.11519],[130.05632,33.11586],[130.05627,33.11626],[130.05561,33.11655],[130.05519,33.11554],[130.05477,33.11479],[130.05341,33.11486],[130.05323,33.11541],[130.05397,33.11609],[130.05413,33.11701],[130.05394,33.11741],[130.05301,33.11804],[130.05278,33.11836],[130.05276,33.11898],[130.05355,33.11985],[130.05451,33.12059],[130.05488,33.12119],[130.05491,33.12161]]]},"properties":{"hoanrinKind":"保安林"}},
{"type":"Feature","geometry":{"type":"Polygon","coordinates":[[[130.31835,33.4335],[130.31805,33.43355],[130.3169,33.43431],[130.31605,33.43427],[130.31529,33.43295],[130.31431,33.43211],[130.31431,33.43187],[130.31541,33.4318],[130.31661,33.43128],[130.31714,33.43133],[130.3177,33.43176],[130.31836,33.43184],[130.31847,33.43149],[130.31812,33.43092],[130.31856,33.43083],[130.31863,33.43021],[130.31916,33.43025],[130.31984,33.43008],[130.31994,33.42841],[130.32247,33.42836],[130.32399,33.42842],[130.3249,33.42832],[130.32665,33.428],[130.32873,33.42731],[130.32962,33.42691],[130.33041,33.42724],[130.33107,33.42708],[130.3315,33.42614],[130.33196,33.42648],[130.33235,33.42846],[130.33335,33.42906],[130.33409,33.42928],[130.33468,33.42919],[130.33469,33.4285],[130.33576,33.42864],[130.33599,33.42895],[130.33596,33.42945],[130.33553,33.42999],[130.33406,33.4301],[130.33322,33.43042],[130.3324,33.43042],[130.33208,33.43055],[130.33132,33.43124],[130.33066,33.43133],[130.33004,33.43177],[130.32943,33.43175],[130.32875,33.4305],[130.32782,33.43025],[130.32636,33.43084],[130.32437,33.43126],[130.32368,33.43151],[130.32318,33.43219],[130.32316,33.4336],[130.32268,33.43394],[130.32233,33.43376],[130.32153,33.43269],[130.32116,33.43255],[130.32056,33.43279],[130.32049,33.43382],[130.32006,33.43408],[130.31941,33.4341],[130.31862,33.4335],[130.31835,33.4335]]]},"properties":{"hoanrinKind":"保安林"}},
{"type":"Feature","geometry":{"type":"Polygon","coordinates":[[[130.18213,33.4288],[130.18165,33.42929],[130.18019,33.42978],[130.17926,33.42991],[130.17858,33.43014],[130.1778,33.4302],[130.1772,33.42998],[130.1772,33.42902],[130.17706,33.42866],[130.17634,33.42871],[130.1749,33.42932],[130.17428,33.42928],[130.1736,33.42895],[130.1719,33.42918],[130.17173,33.42873],[130.17336,33.42725],[130.17268,33.42729],[130.17143,33.42785],[130.17093,33.42775],[130.17141,33.42726],[130.17162,33.42664],[130.17217,33.42687],[130.17305,33.42686],[130.17334,33.42648],[130.17311,33.4252],[130.17195,33.42436],[130.17144,33.4236],[130.1712,33.42285],[130.17123,33.42211],[130.17138,33.42157],[130.17187,33.42086],[130.17316,33.41971],[130.17417,33.41867],[130.1746,33.4186],[130.17505,33.41918],[130.17542,33.42038],[130.17583,33.42097],[130.17726,33.42282],[130.17792,33.42354],[130.17847,33.42503],[130.17899,33.4255],[130.1793,33.42546],[130.17953,33.42502],[130.17983,33.42383],[130.18019,33.42356],[130.18218,33.42337],[130.18252,33.42365],[130.18262,33.42422],[130.18309,33.42465],[130.18334,33.42541],[130.18372,33.42589],[130.1837,33.42635],[130.18259,33.427],[130.18198,33.42715],[130.18074,33.42681],[130.18037,33.42708],[130.18055,33.42774],[130.18092,33.42801],[130.18204,33.42855],[130.18213,33.4288]]]},"properties":{"hoanrinKind":"保安林"}},
{"type":"Feature","geometry":{"type":"Polygon","coordinates":[[[130.24772,33.38957],[130.24679,33.38991],[130.246,33.38986],[130.24569,33.38942],[130.24515,33.38925],[130.2449,33.38951],[130.24448,33.38929],[130.24479,33.38894],[130.24461,33.38836],[130.24521,33.3883],[130.24486,33.38777],[130.24315,33.38736],[130.24323,33.387],[130.24285,33.38674],[130.24336,33.38642],[130.24372,33.38653],[130.24405,33.38631],[130.24559,33.38673],[130.24581,33.38599],[130.24523,33.38562],[130.24575,33.38511],[130.24675,33.38521],[130.24716,33.38561],[130.24776,33.38642],[130.24838,33.38704],[130.24943,33.38708],[130.24976,33.3867],[130.24998,33.38604],[130.24973,33.38493],[130.24949,33.38447],[130.24911,33.38417],[130.24821,33.38414],[130.24681,33.38372],[130.24611,33.38392],[130.24582,33.3837],[130.24637,33.38244],[130.24605,33.3818],[130.24611,33.38115],[130.24565,33.38066],[130.24564,33.37962],[130.24636,33.37935],[130.24782,33.37914],[130.24778,33.37881],[130.24734,33.37863],[130.24691,33.37885],[130.24619,33.37895],[130.24585,33.37867],[130.24527,33.37862],[130.24513,33.37798],[130.24446,33.37831],[130.24413,33.37902],[130.24361,33.3793],[130.24298,33.37919],[130.24287,33.37876],[130.24313,33.37834],[130.24302,33.37714],[130.24353,33.37566],[130.24428,33.37556],[130.24508,33.37567],[130.24555,33.37595],[130.24709,33.3773],[130.24727,33.37768],[130.24835,33.37833],[130.24889,33.37894],[130.24952,33.3792],[130.24959,33.38009],[130.24937,33.38035],[130.24942,33.38102],[130.25021,33.38136],[130.24973,33.38185],[130.24997,33.38217],[130.25053,33.3816],[130.25072,33.38087],[130.25095,33.38093],[130.2509,33.38172],[130.25058,33.38259],[130.25076,33.38304],[130.2511,33.38284],[130.25154,33.38194],[130.25221,33.38235],[130.25271,33.38232],[130.25292,33.3828],[130.25288,33.38323],[130.25239,33.38438],[130.2525,33.38508],[130.253,33.38565],[130.2532,33.38631],[130.25372,33.38693],[130.25407,33.38686],[130.2538,33.38627],[130.25368,33.38499],[130.25401,33.38486],[130.25478,33.38487],[130.25538,33.38547],[130.25556,33.38526],[130.25544,33.38479],[130.25503,33.3843],[130.25479,33.38348],[130.25477,33.38293],[130.25563,33.38304],[130.25622,33.38342],[130.25702,33.38423],[130.25719,33.3857],[130.25737,33.38645],[130.25831,33.38761],[130.25772,33.38758],[130.25727,33.38771],[130.25673,33.3873],[130.25583,33.38608],[130.25559,33.38626],[130.25561,33.38709],[130.25497,33.38807],[130.25487,33.38864],[130.25402,33.38831],[130.25312,33.38742],[130.2527,33.38733],[130.25223,33.38781],[130.25176,33.38932],[130.25106,33.38883],[130.25066,33.38881],[130.24959,33.38901],[130.24881,33.38934],[130.24772,33.38957]]]},"properties":{"hoanrinKind":"保安林"}},
{"type":"Feature","geometry":{"type":"Polygon","coordinates":[[[130.26675,33.41487],[130.26614,33.41455],[130.26601,33.41341],[130.26537,33.41293],[130.26503,33.41253],[130.26513,33.41184],[130.26659,33.41136],[130.26707,33.41098],[130.26725,33.41051],[130.26713,33.41012],[130.26657,33.40996],[130.26628,33.40957],[130.26546,33.40982],[130.26499,33.40971],[130.26495,33.40933],[130.2653,33.40909],[130.26713,33.40879],[130.26792,33.40846],[130.26801,33.4072],[130.26725,33.40722],[130.26727,33.40681],[130.26691,33.40556],[130.2667,33.40556],[130.26663,33.40639],[130.26681,33.40725],[130.26648,33.40741],[130.26594,33.40661],[130.26568,33.4067],[130.26537,33.40745],[130.26477,33.40774],[130.26442,33.40755],[130.26423,33.40718],[130.26427,33.4066],[130.2646,33.40573],[130.26461,33.40535],[130.26364,33.40623],[130.26327,33.40624],[130.2627,33.40676],[130.26343,33.40707],[130.26347,33.40779],[130.2632,33.40808],[130.26326,33.40854],[130.26298,33.40889],[130.26224,33.40903],[130.2618,33.40843],[130.26146,33.4076],[130.26155,33.40726],[130.26205,33.40642],[130.26158,33.4062],[130.26126,33.40672],[130.26091,33.4067],[130.25976,33.40588],[130.25894,33.40559],[130.25923,33.40537],[130.25856,33.40452],[130.25895,33.40421],[130.25949,33.40508],[130.25984,33.40532],[130.26012,33.40508],[130.26016,33.40396],[130.26056,33.40415],[130.26096,33.40402],[130.26137,33.40469],[130.26202,33.4046],[130.26163,33.40392],[130.26186,33.40343],[130.26256,33.40281],[130.26325,33.40273],[130.26408,33.40294],[130.26471,33.4029],[130.26507,33.40222],[130.26567,33.40186],[130.26483,33.40173],[130.2642,33.40197],[130.2635,33.40193],[130.26278,33.40215],[130.26253,33.40197],[130.26217,33.40131],[130.26175,33.40161],[130.26125,33.40147],[130.26061,33.40164],[130.25967,33.40166],[130.25954,33.40116],[130.2592,33.4005],[130.25962,33.39999],[130.25981,33.39943],[130.26104,33.39877],[130.26166,33.39862],[130.26207,33.39834],[130.262,33.39785],[130.26167,33.39734],[130.26123,33.39722],[130.2609,33.39745],[130.26048,33.39801],[130.26022,33.39811],[130.25917,33.39808],[130.25874,33.39846],[130.25797,33.39843],[130.25777,33.39815],[130.25835,33.39761],[130.25835,33.39714],[130.25771,33.39626],[130.25767,33.39572],[130.25784,33.39549],[130.2592,33.39517],[130.26169,33.39629],[130.26233,33.39633],[130.26296,33.39656],[130.26365,33.39712],[130.26372,33.39821],[130.26392,33.39862],[130.26456,33.39862],[130.26521,33.39837],[130.26521,33.39775],[130.2657,33.39754],[130.26596,33.39809],[130.2663,33.3982],[130.26676,33.39797],[130.26738,33.39791],[130.26739,33.39872],[130.26667,33.39935],[130.2667,33.39996],[130.26812,33.39972],[130.26856,33.39954],[130.26908,33.4008],[130.26904,33.40153],[130.26849,33.4022],[130.26811,33.40353],[130.26769,33.40448],[130.26775,33.40564],[130.26821,33.4059],[130.26863,33.40549],[130.26899,33.40545],[130.26933,33.40572],[130.26946,33.40638],[130.26974,33.40684],[130.27007,33.40688],[130.27042,33.40755],[130.27044,33.40844],[130.27075,33.40892],[130.27098,33.41],[130.27043,33.41037],[130.26988,33.41005],[130.26941,33.40996],[130.26901,33.41027],[130.26906,33.412],[130.26899,33.41242],[130.26852,33.41328],[130.26824,33.41443],[130.26796,33.4147],[130.26735,33.41494],[130.26675,33.41487]]]},"properties":{"hoanrinKind":"保安林"}},
{"type":"Feature","geometry":{"type":"Polygon","coordinates":[[[130.23651,33.40496],[130.23632,33.40649],[130.23612,33.40713],[130.23546,33.40737],[130.23495,33.40701],[130.23434,33.40634],[130.23345,33.40604],[130.23348,33.40577],[130.23484,33.40532],[130.2353,33.40508],[130.23488,33.4047],[130.23374,33.40469],[130.23376,33.40408],[130.23263,33.40368],[130.23211,33.40302],[130.23203,33.40262],[130.23254,33.40168],[130.23259,33.40093],[130.23235,33.40027],[130.23341,33.3997],[130.23329,33.39789],[130.23417,33.39749],[130.23409,33.39664],[130.23391,33.39616],[130.2334,33.39596],[130.23147,33.39608],[130.23141,33.39621],[130.23046,33.39634],[130.22984,33.39624],[130.22833,33.39645],[130.22795,33.39591],[130.22816,33.39485],[130.22861,33.39465],[130.22968,33.39472],[130.23085,33.39426],[130.23218,33.39409],[130.233,33.39328],[130.2336,33.39316],[130.23529,33.39186],[130.23591,33.39166],[130.23652,33.39221],[130.23681,33.39354],[130.23696,33.39484],[130.23646,33.39434],[130.23633,33.39393],[130.23641,33.39309],[130.23606,33.39305],[130.23574,33.39339],[130.23544,33.39416],[130.23486,33.39463],[130.23473,33.39501],[130.23467,33.39629],[130.23541,33.39639],[130.23576,33.39673],[130.23602,33.39842],[130.23675,33.39897],[130.23713,33.39953],[130.23774,33.3998],[130.23808,33.39961],[130.23862,33.3985],[130.23965,33.39827],[130.24082,33.39728],[130.24124,33.39708],[130.24185,33.39711],[130.24251,33.39766],[130.24246,33.39798],[130.24149,33.39878],[130.24253,33.39887],[130.24325,33.39909],[130.24294,33.39946],[130.24299,33.39979],[130.24354,33.40021],[130.2427,33.4009],[130.24114,33.40124],[130.24117,33.4016],[130.24158,33.40176],[130.24318,33.40162],[130.24423,33.40123],[130.24493,33.4012],[130.24601,33.40043],[130.24659,33.40059],[130.2465,33.4015],[130.24659,33.40259],[130.24702,33.40337],[130.24772,33.40421],[130.24898,33.40465],[130.24915,33.40506],[130.24819,33.40525],[130.24694,33.40511],[130.24619,33.40486],[130.24524,33.40441],[130.24403,33.40368],[130.24403,33.40393],[130.2445,33.4047],[130.24419,33.40546],[130.24387,33.40561],[130.24362,33.4061],[130.24305,33.40634],[130.2428,33.40626],[130.24201,33.40554],[130.24038,33.40504],[130.23887,33.40402],[130.23843,33.40348],[130.23829,33.4027],[130.2376,33.402],[130.23705,33.40281],[130.23672,33.4036],[130.23651,33.40496]]]},"properties":{"hoanrinKind":"保安林"}},
{"type":"Feature","geometry":{"type":"Polygon","coordinates":[[[129.99247,33.20923],[129.99233,33.20939],[129.99234,33.21062],[129.99222,33.21106],[129.99186,33.21159],[129.99149,33.21181],[129.99083,33.21169],[129.99066,33.21144],[129.99068,33.21054],[129.9913,33.20903],[129.99146,33.20831],[129.99162,33.20692],[129.99183,33.20649],[129.99299,33.20497],[129.99349,33.20391],[129.99437,33.20322],[129.99519,33.2029],[129.99632,33.20323],[129.99712,33.20386],[129.99735,33.20393],[129.99789,33.20361],[129.99812,33.20221],[130.00088,33.2012],[130.00145,33.20078],[130.00205,33.20013],[130.00243,33.19943],[130.00375,33.19885],[130.00432,33.19906],[130.00551,33.19927],[130.0059,33.19947],[130.00642,33.2011],[130.00662,33.20147],[130.00597,33.20193],[130.00494,33.20206],[130.00429,33.20226],[130.0037,33.2026],[130.00335,33.20327],[130.00303,33.20363],[130.00213,33.20415],[130.00154,33.20436],[130.00035,33.20458],[130.00099,33.20509],[130.00189,33.20514],[130.00268,33.205],[130.00329,33.20506],[130.00392,33.2057],[130.00426,33.20572],[130.00423,33.20523],[130.00378,33.20449],[130.00375,33.2037],[130.00396,33.20357],[130.00627,33.20312],[130.00625,33.20395],[130.00726,33.20418],[130.00754,33.20414],[130.00772,33.20316],[130.00964,33.20303],[130.01163,33.20327],[130.01266,33.20353],[130.01333,33.20388],[130.01375,33.2048],[130.01485,33.20488],[130.01517,33.20502],[130.01502,33.20548],[130.01326,33.206],[130.01253,33.2064],[130.01126,33.20655],[130.0108,33.2064],[130.00975,33.20665],[130.00902,33.2065],[130.00863,33.20657],[130.00759,33.20724],[130.00675,33.20709],[130.00608,33.2071],[130.00541,33.20728],[130.0032,33.20853],[130.00244,33.2094],[130.00098,33.2097],[130.00021,33.20924],[130.00017,33.20903],[130.00132,33.20828],[130.00169,33.20778],[130.00163,33.20731],[130.00139,33.20706],[130.00055,33.20707],[129.99934,33.20762],[129.9984,33.20856],[129.99784,33.20855],[129.99582,33.2098],[129.99463,33.21092],[129.99393,33.21109],[129.99358,33.2105],[129.99358,33.20998],[129.99298,33.20913],[129.99247,33.20923]]]},"properties":{"hoanrinKind":"保安林"}},
{"type":"Feature","geometry":{"type":"Polygon","coordinates":[[[130.05319,33.06812],[130.05284,33.06838],[130.05215,33.06967],[130.05227,33.07056],[130.05205,33.07093],[130.05138,33.07089],[130.05013,33.06999],[130.04731,33.06896],[130.04653,33.0686],[130.04511,33.06774],[130.04489,33.06739],[130.04517,33.06698],[130.04585,33.0664],[130.04607,33.06575],[130.04675,33.06518],[130.04755,33.06417],[130.04791,33.06332],[130.04785,33.06257],[130.04731,33.06172],[130.04676,33.06036],[130.04668,33.05983],[130.04693,33.05881],[130.04682,33.05784],[130.04646,33.0567],[130.0464,33.05566],[130.04623,33.05523],[130.04551,33.05425],[130.04572,33.05316],[130.04573,33.0521],[130.04521,33.05089],[130.04511,33.04964],[130.04513,33.04854],[130.04495,33.04802],[130.04422,33.04661],[130.0443,33.04558],[130.04448,33.04504],[130.04446,33.04226],[130.04621,33.04259],[130.04695,33.04325],[130.04685,33.04373],[130.04736,33.04415],[130.04584,33.04527],[130.04598,33.04563],[130.04706,33.04544],[130.04735,33.04528],[130.04814,33.04525],[130.04832,33.04574],[130.04888,33.04547],[130.04928,33.04547],[130.05014,33.04585],[130.05014,33.0463],[130.05048,33.04679],[130.05097,33.04683],[130.05163,33.04741],[130.05197,33.04832],[130.05207,33.049],[130.05259,33.04993],[130.05243,33.05101],[130.05256,33.05142],[130.0524,33.05254],[130.05199,33.05255],[130.05092,33.05312],[130.05069,33.05355],[130.04998,33.05406],[130.04887,33.05391],[130.04851,33.05435],[130.04927,33.05474],[130.05031,33.05501],[130.05105,33.0557],[130.05063,33.05655],[130.05041,33.0573],[130.04911,33.05791],[130.04902,33.05831],[130.04951,33.05839],[130.05005,33.058],[130.05035,33.05867],[130.05019,33.05964],[130.05072,33.05977],[130.05114,33.05917],[130.05147,33.05792],[130.05192,33.05791],[130.05204,33.05819],[130.05321,33.05947],[130.05249,33.06008],[130.05257,33.06047],[130.05315,33.06088],[130.05356,33.06099],[130.05431,33.06083],[130.05479,33.06136],[130.05384,33.06224],[130.05321,33.06185],[130.05248,33.06214],[130.05271,33.06256],[130.05208,33.06309],[130.05211,33.06344],[130.05108,33.06277],[130.05075,33.06325],[130.05101,33.06364],[130.05161,33.06413],[130.05155,33.06518],[130.05184,33.06598],[130.05159,33.06659],[130.05175,33.06696],[130.0525,33.06684],[130.05353,33.0669],[130.05394,33.06683],[130.05468,33.06619],[130.05478,33.0655],[130.05474,33.06469],[130.05461,33.06442],[130.05526,33.06358],[130.05589,33.06353],[130.05643,33.06266],[130.05709,33.06275],[130.05701,33.06311],[130.05754,33.06315],[130.05786,33.0634],[130.05858,33.06344],[130.05907,33.06327],[130.05958,33.0637],[130.05975,33.06457],[130.05971,33.06564],[130.05939,33.06583],[130.05927,33.06642],[130.05983,33.06659],[130.06028,33.06711],[130.06032,33.06767],[130.06002,33.06782],[130.05892,33.06762],[130.0577,33.06789],[130.05714,33.06833],[130.05681,33.06839],[130.05568,33.06816],[130.05549,33.068],[130.0553,33.06711],[130.05456,33.06723],[130.05459,33.06822],[130.05425,33.06843],[130.05376,33.06817],[130.05319,33.06812]]]},"properties":{"hoanrinKind":"保安林"}},
{"type":"Feature","geometry":{"type":"Polygon","coordinates":[[[130.0304,33.44707],[130.03046,33.44724],[130.03269,33.44843],[130.0325,33.4489],[130.03097,33.44808],[130.02948,33.44752],[130.02772,33.44669],[130.0264,33.44619],[130.02359,33.44572],[130.02183,33.4452],[130.02109,33.44508],[130.01979,33.445],[130.0173,33.44511],[130.01607,33.44527],[130.01481,33.44525],[130.01415,33.44513],[130.01281,33.4447],[130.01092,33.44483],[130.00755,33.44548],[130.0056,33.44554],[130.00299,33.44577],[130.00077,33.44591],[129.9995,33.44605],[129.9974,33.44645],[129.99561,33.44686],[129.99504,33.44681],[129.99317,33.44694],[129.99188,33.44744],[129.99119,33.4475],[129.99068,33.4473],[129.99012,33.44664],[129.99245,33.44497],[129.99328,33.4443],[129.99478,33.44336],[129.99584,33.44279],[129.99748,33.4417],[129.9997,33.44096],[130.0007,33.44056],[130.00182,33.44027],[130.00281,33.43993],[130.00504,33.4396],[130.00972,33.44012],[130.01014,33.44013],[130.01026,33.44059],[130.01175,33.44081],[130.0128,33.4407],[130.01349,33.44072],[130.01596,33.44107],[130.01647,33.44137],[130.01682,33.44111],[130.01867,33.44138],[130.02185,33.44176],[130.02395,33.44238],[130.02422,33.44208],[130.02933,33.44271],[130.03129,33.44318],[130.03225,33.44377],[130.03382,33.44523],[130.03377,33.44584],[130.03465,33.44712],[130.03449,33.44725],[130.03334,33.44683],[130.03149,33.44631],[130.03098,33.44625],[130.03063,33.44646],[130.0304,33.44707]]]},"properties":{"hoanrinKind":"保安林"}},
{"type":"Feature","geometry":{"type":"Polygon","coordinates":[[[130.10878,33.34946],[130.10846,33.34967],[130.10777,33.34979],[130.10678,33.34932],[130.10485,33.34954],[130.10394,33.34909],[130.104,33.34863],[130.10373,33.34852],[130.10338,33.34786],[130.10341,33.3475],[130.10408,33.34639],[130.10359,33.34604],[130.10285,33.34617],[130.10262,33.34791],[130.10241,33.34833],[130.10157,33.3488],[130.10137,33.34787],[130.1003,33.34678],[130.09984,33.34654],[130.09948,33.34658],[130.09859,33.34616],[130.09802,33.34576],[130.09697,33.34582],[130.09543,33.34543],[130.09266,33.34485],[130.0918,33.34397],[130.09194,33.34378],[130.09281,33.34355],[130.09436,33.34358],[130.0951,33.34318],[130.09405,33.34286],[130.09365,33.34266],[130.09249,33.34243],[130.09112,33.3418],[130.09118,33.34157],[130.09042,33.3414],[130.0902,33.34118],[130.09062,33.34053],[130.09138,33.34012],[130.09241,33.33997],[130.0931,33.33968],[130.09482,33.33977],[130.09521,33.33929],[130.09473,33.33777],[130.09449,33.33761],[130.09319,33.33714],[130.09308,33.3369],[130.09399,33.33568],[130.09467,33.3357],[130.0951,33.33604],[130.09581,33.33629],[130.09636,33.33622],[130.0963,33.33513],[130.09641,33.33463],[130.09731,33.33372],[130.0978,33.33299],[130.09827,33.33246],[130.09901,33.33236],[130.09981,33.33258],[130.1008,33.33318],[130.10176,33.33332],[130.10219,33.3335],[130.10273,33.33413],[130.10265,33.33473],[130.10201,33.33515],[130.10128,33.33538],[130.10134,33.33577],[130.10185,33.33618],[130.10169,33.33683],[130.10188,33.33726],[130.10248,33.33689],[130.1056,33.33682],[130.10695,33.33693],[130.10743,33.33689],[130.1089,33.33596],[130.10902,33.33699],[130.10996,33.33725],[130.11036,33.33771],[130.1098,33.33818],[130.10834,33.33913],[130.10832,33.33943],[130.10886,33.33984],[130.10984,33.34014],[130.11039,33.34055],[130.11074,33.34105],[130.11125,33.34137],[130.1115,33.34192],[130.11142,33.34291],[130.11124,33.34327],[130.1112,33.34399],[130.11088,33.3451],[130.11011,33.3458],[130.11008,33.34601],[130.11078,33.34638],[130.11104,33.34732],[130.11157,33.34757],[130.11195,33.34752],[130.11288,33.34685],[130.11339,33.34728],[130.11348,33.34785],[130.11287,33.34903],[130.11155,33.34928],[130.10941,33.349],[130.10878,33.34946]]]},"properties":{"hoanrinKind":"保安林"}},
{"type":"Feature","geometry":{"type":"Polygon","coordinates":[[[130.02238,33.29931],[130.02195,33.29978],[130.02229,33.30008],[130.02184,33.30089],[130.02114,33.30142],[130.02082,33.30123],[130.02072,33.30061],[130.0201,33.29975],[130.02046,33.29938],[130.02251,33.29824],[130.0223,33.29802],[130.02133,33.29836],[130.02085,33.2984],[130.02063,33.29795],[130.02105,33.29739],[130.02213,33.29697],[130.02242,33.29656],[130.02231,33.29583],[130.02177,33.29564],[130.02079,33.29668],[130.01992,33.29689],[130.01964,33.2967],[130.01825,33.29767],[130.01734,33.29838],[130.01622,33.29863],[130.01618,33.29803],[130.01677,33.29713],[130.01625,33.29678],[130.01599,33.29631],[130.01603,33.29548],[130.01633,33.2939],[130.01819,33.29407],[130.01856,33.29392],[130.01976,33.29307],[130.01934,33.29273],[130.0166,33.29218],[130.01661,33.29162],[130.01714,33.29034],[130.01694,33.2898],[130.01731,33.28877],[130.01679,33.28819],[130.01638,33.28893],[130.01585,33.28951],[130.01635,33.29078],[130.016,33.29098],[130.01568,33.29084],[130.01518,33.29092],[130.01614,33.29245],[130.01627,33.29294],[130.01507,33.29361],[130.01461,33.29369],[130.01363,33.293],[130.01317,33.29288],[130.01337,33.29373],[130.01285,33.29416],[130.01191,33.29423],[130.01137,33.29446],[130.01076,33.29501],[130.01037,33.29504],[130.00952,33.29546],[130.00858,33.29478],[130.00794,33.29457],[130.00805,33.29418],[130.00738,33.29426],[130.00708,33.29385],[130.00719,33.29361],[130.00868,33.29323],[130.00902,33.2929],[130.00833,33.29282],[130.00775,33.29235],[130.00752,33.29163],[130.0079,33.29109],[130.00953,33.29194],[130.01007,33.29202],[130.01064,33.29192],[130.01153,33.29214],[130.01177,33.29239],[130.01219,33.29237],[130.01254,33.29209],[130.01314,33.29212],[130.0131,33.29144],[130.01276,33.29061],[130.0142,33.28966],[130.01498,33.28873],[130.01561,33.28856],[130.0158,33.28786],[130.01673,33.28682],[130.01658,33.28615],[130.01608,33.28526],[130.01713,33.28402],[130.01729,33.2826],[130.0175,33.28245],[130.0197,33.28358],[130.02038,33.2837],[130.02073,33.28359],[130.02062,33.2829],[130.01991,33.28268],[130.01962,33.2824],[130.01833,33.28148],[130.01759,33.28128],[130.01648,33.28112],[130.01509,33.28106],[130.01403,33.28119],[130.01365,33.28041],[130.01451,33.28034],[130.01523,33.28048],[130.01632,33.28019],[130.01644,33.27995],[130.0156,33.27979],[130.01537,33.27949],[130.01432,33.27941],[130.01444,33.27906],[130.01601,33.2791],[130.01687,33.27939],[130.01738,33.27931],[130.01746,33.27887],[130.01667,33.27837],[130.01663,33.27799],[130.01713,33.27799],[130.01873,33.27855],[130.01943,33.27841],[130.01978,33.27778],[130.01972,33.27682],[130.02026,33.27674],[130.0205,33.27785],[130.02071,33.27831],[130.02098,33.27828],[130.02091,33.27699],[130.02133,33.27658],[130.02156,33.27703],[130.02199,33.27719],[130.02231,33.27764],[130.02285,33.27931],[130.02326,33.27985],[130.02366,33.28],[130.02451,33.27988],[130.02476,33.27937],[130.0249,33.27833],[130.0251,33.27764],[130.02716,33.27465],[130.02768,33.27514],[130.02911,33.2761],[130.02867,33.27699],[130.02926,33.27796],[130.02986,33.27793],[130.03163,33.27819],[130.0324,33.27803],[130.03334,33.27839],[130.0339,33.27835],[130.03472,33.27902],[130.03455,33.27943],[130.03496,33.27997],[130.03574,33.27979],[130.03607,33.27984],[130.03625,33.28027],[130.03608,33.28069],[130.03539,33.28098],[130.03463,33.28152],[130.03416,33.28239],[130.03338,33.28219],[130.03353,33.28164],[130.03313,33.28131],[130.03181,33.28143],[130.03037,33.28129],[130.02868,33.28149],[130.02728,33.28208],[130.02651,33.28263],[130.0255,33.28293],[130.02478,33.28402],[130.02375,33.28464],[130.02314,33.28559],[130.02255,33.28604],[130.02251,33.28646],[130.02315,33.28693],[130.02424,33.28721],[130.02485,33.28717],[130.02621,33.28788],[130.02656,33.28754],[130.02618,33.28722],[130.02522,33.28718],[130.0239,33.28673],[130.02354,33.2862],[130.02444,33.28604],[130.0254,33.28618],[130.02739,33.28698],[130.02753,33.2873],[130.02723,33.28852],[130.02703,33.28891],[130.02598,33.29021],[130.02579,33.29032],[130.02599,33.29128],[130.02641,33.29146],[130.02573,33.29262],[130.02529,33.29306],[130.02551,33.29405],[130.02601,33.29483],[130.02583,33.29511],[130.02492,33.29512],[130.02502,33.29439],[130.02455,33.29423],[130.02444,33.29505],[130.02424,33.29518],[130.02365,33.29467],[130.0231,33.29454],[130.02388,33.29546],[130.02356,33.29585],[130.02321,33.29574],[130.02244,33.29625],[130.02332,33.2966],[130.02299,33.29723],[130.02358,33.29747],[130.02409,33.29735],[130.02487,33.29738],[130.02507,33.29778],[130.02467,33.29841],[130.02397,33.29842],[130.02299,33.29814],[130.02245,33.2985],[130.02288,33.29866],[130.02309,33.29899],[130.023,33.29934],[130.02238,33.29931]]]},"properties":{"hoanrinKind":"保安林"}},
{"type":"Feature","geometry":{"type":"Polygon","coordinates":[[[130.33025,33.36191],[130.32959,33.36243],[130.32741,33.36288],[130.32605,33.36342],[130.32558,33.36397],[130.32468,33.36391],[130.32424,33.36353],[130.32423,33.36326],[130.32468,33.36286],[130.32405,33.36202],[130.32357,33.3616],[130.32289,33.36169],[130.32224,33.36212],[130.32161,33.362],[130.32132,33.36126],[130.32086,33.3611],[130.32015,33.36182],[130.31947,33.36202],[130.3184,33.36176],[130.31744,33.36112],[130.31656,33.36075],[130.31654,33.36127],[130.31622,33.36165],[130.31558,33.36174],[130.31401,33.36064],[130.31368,33.36057],[130.31276,33.36003],[130.31205,33.35933],[130.31005,33.35906],[130.30918,33.35852],[130.30869,33.35799],[130.30892,33.35702],[130.30849,33.35693],[130.30827,33.35725],[130.30782,33.35709],[130.3088,33.35646],[130.30961,33.35676],[130.30996,33.35723],[130.31044,33.3572],[130.31156,33.35785],[130.31204,33.35793],[130.31295,33.35781],[130.31385,33.35742],[130.31426,33.35785],[130.3151,33.35832],[130.31577,33.35852],[130.31631,33.35891],[130.31687,33.35885],[130.3175,33.35913],[130.3182,33.35914],[130.31979,33.36029],[130.32052,33.35992],[130.32141,33.35989],[130.32229,33.36001],[130.32311,33.35885],[130.3231,33.35803],[130.32276,33.35759],[130.32182,33.35722],[130.32085,33.35718],[130.31995,33.357],[130.31975,33.3563],[130.32032,33.3556],[130.32042,33.35496],[130.32004,33.35425],[130.31965,33.35386],[130.31962,33.35294],[130.31981,33.35229],[130.32053,33.35288],[130.32074,33.35353],[130.32253,33.35462],[130.32323,33.35462],[130.32372,33.35404],[130.32489,33.35338],[130.32492,33.3531],[130.32439,33.35279],[130.32446,33.35249],[130.32496,33.35198],[130.32482,33.3516],[130.32343,33.35097],[130.32263,33.35031],[130.32189,33.34934],[130.32152,33.34932],[130.32118,33.34972],[130.32024,33.34974],[130.31998,33.34917],[130.31995,33.34858],[130.32018,33.34777],[130.32174,33.34651],[130.32369,33.3445],[130.3242,33.34402],[130.32474,33.34379],[130.32543,33.34374],[130.32571,33.34423],[130.32579,33.34553],[130.32639,33.34611],[130.3269,33.34603],[130.32736,33.34517],[130.32824,33.34479],[130.32825,33.34429],[130.32791,33.34328],[130.32797,33.34278],[130.3285,33.34165],[130.32913,33.34228],[130.32996,33.34235],[130.33035,33.34313],[130.33086,33.34288],[130.33171,33.34312],[130.33231,33.34302],[130.33257,33.34272],[130.33306,33.34279],[130.33466,33.34466],[130.33364,33.345],[130.333,33.34451],[130.33262,33.34468],[130.33367,33.3456],[130.33235,33.34559],[130.3319,33.34584],[130.33204,33.34641],[130.33253,33.34691],[130.33417,33.34792],[130.33548,33.34807],[130.33577,33.34785],[130.336,33.34733],[130.33663,33.3481],[130.33695,33.34913],[130.33713,33.35089],[130.33715,33.35378],[130.33756,33.35455],[130.33824,33.35609],[130.33909,33.35738],[130.33979,33.35806],[130.34122,33.35916],[130.3402,33.36022],[130.33976,33.36077],[130.33915,33.3609],[130.33831,33.36083],[130.33754,33.36026],[130.33758,33.35926],[130.33684,33.35902],[130.33395,33.35988],[130.33348,33.3602],[130.33231,33.36061],[130.33195,33.36046],[130.3316,33.36087],[130.33113,33.36105],[130.33025,33.36191]]]},"properties":{"hoanrinKind":"保安林"}},
{"type":"Feature","geometry":{"type":"Polygon","coordinates":[[[130.1211,33.39745],[130.12034,33.39764],[130.11904,33.39766],[130.11842,33.39783],[130.11745,33.39734],[130.1163,33.39751],[130.11628,33.39711],[130.11695,33.39627],[130.11716,33.39579],[130.11646,33.39557],[130.11555,33.39642],[130.11536,33.39672],[130.11486,33.3968],[130.11476,33.39743],[130.11393,33.39675],[130.11373,33.39691],[130.11373,33.3975],[130.11276,33.3966],[130.11209,33.39654],[130.11188,33.39634],[130.1121,33.39546],[130.11207,33.39464],[130.11271,33.39397],[130.114,33.39328],[130.11437,33.39294],[130.11423,33.3926],[130.11374,33.3926],[130.11312,33.39228],[130.11283,33.39326],[130.1125,33.39292],[130.11211,33.39304],[130.11194,33.39352],[130.11142,33.39424],[130.11125,33.39498],[130.1109,33.39456],[130.11144,33.39336],[130.11086,33.39326],[130.1106,33.394],[130.11065,33.39443],[130.11024,33.3946],[130.11004,33.39537],[130.10895,33.39598],[130.10867,33.39633],[130.10797,33.39647],[130.10733,33.39695],[130.10688,33.39706],[130.10652,33.39611],[130.10622,33.39608],[130.10573,33.39667],[130.10511,33.39694],[130.10513,33.39764],[130.10451,33.39756],[130.10443,33.39709],[130.10399,33.39665],[130.10382,33.39587],[130.10443,33.39495],[130.10565,33.39484],[130.10654,33.39505],[130.10755,33.39488],[130.10819,33.39524],[130.10845,33.39497],[130.10806,33.39427],[130.10876,33.39364],[130.10907,33.39366],[130.10934,33.39403],[130.11005,33.39397],[130.11027,33.39348],[130.1109,33.39263],[130.11111,33.39218],[130.11125,33.39118],[130.11066,33.3909],[130.11,33.39151],[130.10927,33.39195],[130.1091,33.39268],[130.10852,33.39249],[130.1086,33.39197],[130.10918,33.39101],[130.10941,33.3891],[130.11035,33.38774],[130.10755,33.38893],[130.10609,33.38913],[130.10598,33.38904],[130.10594,33.38795],[130.10569,33.38733],[130.10568,33.38668],[130.10628,33.38682],[130.10677,33.38646],[130.10785,33.38685],[130.10828,33.38676],[130.10891,33.38625],[130.1103,33.38473],[130.11015,33.38427],[130.10932,33.38405],[130.10829,33.38414],[130.10785,33.3838],[130.10778,33.38327],[130.10872,33.38247],[130.10973,33.3813],[130.11017,33.38107],[130.11117,33.38084],[130.11216,33.38082],[130.11229,33.38134],[130.11205,33.3821],[130.1121,33.38274],[130.11243,33.38282],[130.1139,33.38281],[130.11385,33.382],[130.11431,33.38154],[130.11617,33.38298],[130.11635,33.383],[130.11809,33.38107],[130.11923,33.38018],[130.11844,33.3798],[130.11846,33.37916],[130.11924,33.37903],[130.11975,33.37872],[130.11956,33.37818],[130.11899,33.37758],[130.11816,33.37723],[130.11774,33.37677],[130.11742,33.37569],[130.11668,33.37488],[130.11659,33.37433],[130.11706,33.37351],[130.11713,33.37289],[130.11755,33.37198],[130.11714,33.3715],[130.11683,33.37044],[130.11691,33.36992],[130.11803,33.36929],[130.1185,33.36841],[130.11894,33.36827],[130.12018,33.36878],[130.12066,33.36915],[130.12122,33.36913],[130.12127,33.36868],[130.12043,33.36768],[130.11972,33.36665],[130.11992,33.36625],[130.12052,33.36633],[130.12118,33.366],[130.12107,33.36545],[130.12162,33.36476],[130.12255,33.36499],[130.1235,33.36509],[130.12334,33.36557],[130.12377,33.36712],[130.12325,33.36829],[130.12334,33.36892],[130.12409,33.37102],[130.12455,33.37115],[130.12485,33.37061],[130.12455,33.36951],[130.12473,33.36901],[130.12504,33.36888],[130.12589,33.36896],[130.12674,33.36889],[130.12753,33.36933],[130.1285,33.36942],[130.12922,33.36912],[130.12988,33.3691],[130.13045,33.36979],[130.13124,33.37034],[130.13252,33.37009],[130.13347,33.37059],[130.13393,33.371],[130.13544,33.37401],[130.13583,33.37605],[130.13574,33.37679],[130.13551,33.37757],[130.13634,33.37742],[130.13703,33.37808],[130.1375,33.37747],[130.13727,33.37706],[130.1374,33.37611],[130.1383,33.37571],[130.13789,33.37528],[130.13741,33.37531],[130.13718,33.37448],[130.1368,33.37391],[130.13588,33.37298],[130.13514,33.37206],[130.13447,33.37098],[130.13415,33.37024],[130.13403,33.36892],[130.13414,33.36791],[130.13457,33.36616],[130.13481,33.36592],[130.13574,33.36568],[130.13571,33.36629],[130.13611,33.36685],[130.13581,33.36774],[130.13608,33.36815],[130.13613,33.36863],[130.13719,33.37026],[130.13746,33.37087],[130.13676,33.37199],[130.13699,33.37231],[130.13819,33.37199],[130.1395,33.37095],[130.14041,33.37008],[130.14078,33.36959],[130.13962,33.36797],[130.13975,33.36727],[130.14022,33.36644],[130.13958,33.36551],[130.14042,33.36514],[130.14137,33.36516],[130.14257,33.36555],[130.143,33.36578],[130.14354,33.36572],[130.14412,33.36656],[130.14475,33.36703],[130.14546,33.36729],[130.14501,33.3679],[130.14523,33.3682],[130.14633,33.36901],[130.14697,33.36903],[130.14741,33.36941],[130.14717,33.36981],[130.14656,33.36989],[130.14565,33.37019],[130.14556,33.37045],[130.14682,33.3711],[130.14658,33.3715],[130.14588,33.37201],[130.14559,33.37251],[130.14745,33.37267],[130.14862,33.37239],[130.14916,33.37242],[130.14981,33.37282],[130.15012,33.37384],[130.15084,33.37505],[130.15074,33.3753],[130.14989,33.3752],[130.14851,33.37402],[130.14795,33.37397],[130.14733,33.37438],[130.14711,33.37482],[130.14716,33.37598],[130.14687,33.37631],[130.14547,33.37714],[130.14519,33.37744],[130.14466,33.37843],[130.14421,33.37877],[130.14297,33.37913],[130.14171,33.37927],[130.14136,33.37946],[130.14172,33.38012],[130.14133,33.38065],[130.14145,33.3813],[130.14238,33.38188],[130.14375,33.38299],[130.14397,33.38378],[130.14523,33.38451],[130.14558,33.3851],[130.14582,33.38614],[130.14662,33.38687],[130.14678,33.38648],[130.14754,33.38595],[130.14857,33.38605],[130.14974,33.38591],[130.15019,33.38599],[130.15066,33.38565],[130.15111,33.38558],[130.15161,33.3862],[130.15143,33.38651],[130.15082,33.38695],[130.15005,33.38721],[130.14943,33.38775],[130.14949,33.38883],[130.14998,33.38933],[130.15141,33.39027],[130.15415,33.39237],[130.15421,33.39298],[130.15393,33.39309],[130.15352,33.39402],[130.15202,33.39393],[130.15248,33.3928],[130.15214,33.39277],[130.15115,33.39181],[130.15021,33.39103],[130.14903,33.39021],[130.14822,33.38941],[130.14744,33.38904],[130.14638,33.38916],[130.14626,33.38966],[130.14667,33.39024],[130.14938,33.39209],[130.14976,33.39255],[130.14985,33.39325],[130.14964,33.39408],[130.14891,33.39373],[130.14843,33.39332],[130.14791,33.39327],[130.14864,33.39403],[130.14939,33.3946],[130.14897,33.39486],[130.14795,33.39489],[130.14735,33.39446],[130.14611,33.39311],[130.14582,33.39245],[130.14523,33.39159],[130.14412,33.39097],[130.14411,33.39231],[130.1443,33.39346],[130.14379,33.39396],[130.14288,33.39383],[130.14238,33.39346],[130.14106,33.39298],[130.13992,33.39271],[130.13854,33.39195],[130.13755,33.39165],[130.13655,33.39152],[130.13558,33.39099],[130.13514,33.39105],[130.13403,33.39257],[130.13356,33.39195],[130.13334,33.3911],[130.13257,33.3906],[130.13257,33.39138],[130.13152,33.3918],[130.13002,33.38868],[130.12979,33.38827],[130.12965,33.38721],[130.13011,33.3859],[130.1302,33.38506],[130.13007,33.38451],[130.12968,33.38372],[130.12841,33.3827],[130.12783,33.38263],[130.1275,33.3822],[130.12659,33.38065],[130.12638,33.38048],[130.12558,33.38046],[130.1249,33.3811],[130.12392,33.38173],[130.12335,33.38307],[130.12278,33.38376],[130.12184,33.38323],[130.12126,33.38349],[130.12116,33.38406],[130.12161,33.38453],[130.12191,33.38456],[130.12302,33.38588],[130.12391,33.38774],[130.12428,33.38759],[130.12586,33.38796],[130.12603,33.38695],[130.12669,33.38669],[130.12779,33.38742],[130.12832,33.38809],[130.12914,33.38931],[130.12993,33.39022],[130.12977,33.39061],[130.12852,33.39081],[130.12782,33.39142],[130.12761,33.39198],[130.12773,33.39279],[130.1268,33.39279],[130.12544,33.39325],[130.12504,33.39366],[130.12458,33.39493],[130.12368,33.39541],[130.12289,33.39554],[130.12225,33.39544],[130.12188,33.39558],[130.12204,33.39656],[130.12182,33.39683],[130.12114,33.39702],[130.1211,33.39745]]]},"properties":{"hoanrinKind":"保安林"}},
{"type":"Feature","geometry":{"type":"Polygon","coordinates":[[[129.98215,33.14877],[129.98169,33.14913],[129.98127,33.149],[129.98091,33.14809],[129.98097,33.14777],[129.98151,33.14756],[129.98127,33.14832],[129.98215,33.14823],[129.98215,33.14877]]]},"properties":{"hoanrinKind":"保安林"}},
{"type":"Feature","geometry":{"type":"Polygon","coordinates":[[[129.9591,33.16327],[129.95868,33.16341],[129.95732,33.1636],[129.95724,33.16324],[129.95757,33.16276],[129.95825,33.16256],[129.9591,33.16327]]]},"properties":{"hoanrinKind":"保安林"}},
{"type":"Feature","geometry":{"type":"Polygon","coordinates":[[[130.12759,32.99373],[130.12788,32.9938],[130.12813,32.99427],[130.12838,32.99515],[130.12906,32.99566],[130.12894,32.99613],[130.12815,32.99587],[130.12801,32.99519],[130.12718,32.99412],[130.12716,32.9937],[130.12759,32.99373]]]},"properties":{"hoanrinKind":"保安林"}},
{"type":"Feature","geometry":{"type":"Polygon","coordinates":[[[129.95249,33.10961],[129.95276,33.10975],[129.95294,33.11036],[129.95288,33.11221],[129.95262,33.11242],[129.95216,33.11202],[129.95169,33.11082],[129.95157,33.11019],[129.95136,33.10998],[129.95156,33.1096],[129.95249,33.10961]]]},"properties":{"hoanrinKind":"保安林"}},
{"type":"Feature","geometry":{"type":"Polygon","coordinates":[[[130.07723,33.20354],[130.07702,33.20298],[130.0765,33.20247],[130.07532,33.20201],[130.07546,33.20148],[130.07618,33.2015],[130.07694,33.20286],[130.07745,33.20333],[130.07723,33.20354]]]},"properties":{"hoanrinKind":"保安林"}},
{"type":"Feature","geometry":{"type":"Polygon","coordinates":[[[130.06867,33.24417],[130.06714,33.24377],[130.06684,33.24355],[130.06737,33.24321],[130.06775,33.24235],[130.06841,33.24288],[130.06862,33.24332],[130.06867,33.24417]]]},"properties":{"hoanrinKind":"保安林"}},
{"type":"Feature","geometry":{"type":"Polygon","coordinates":[[[130.13788,33.00091],[130.13752,33.00059],[130.13754,32.99985],[130.13824,33.00012],[130.13873,32.99972],[130.13916,32.9997],[130.13941,33.00062],[130.13886,33.00036],[130.13885,33.00088],[130.13788,33.00091]]]},"properties":{"hoanrinKind":"保安林"}},
{"type":"Feature","geometry":{"type":"Polygon","coordinates":[[[129.87704,33.44522],[129.87775,33.44565],[129.87774,33.44631],[129.87653,33.44666],[129.87609,33.44686],[129.876,33.44613],[129.87572,33.44579],[129.87644,33.44532],[129.87704,33.44522]]]},"properties":{"hoanrinKind":"保安林"}},
{"type":"Feature","geometry":{"type":"Polygon","coordinates":[[[130.15278,32.99967],[130.15155,32.99972],[130.151,32.99901],[130.1511,32.99837],[130.15188,32.99816],[130.15334,32.99857],[130.15366,32.99908],[130.15327,32.99963],[130.15278,32.99967]]]},"properties":{"hoanrinKind":"保安林"}},
{"type":"Feature","geometry":{"type":"Polygon","coordinates":[[[129.84386,33.25503],[129.8432,33.25494],[129.8438,33.25443],[129.84313,33.25397],[129.84313,33.25341],[129.84366,33.25339],[129.84402,33.25294],[129.84482,33.25255],[129.84517,33.25333],[129.84609,33.25409],[129.84475,33.25435],[129.84386,33.25503]]]},"properties":{"hoanrinKind":"保安林"}},
{"type":"Feature","geometry":{"type":"Polygon","coordinates":[[[130.00495,33.40304],[130.00539,33.40321],[130.0055,33.40355],[130.00508,33.40374],[130.00429,33.40366],[130.00354,33.40321],[130.00226,33.40315],[130.00184,33.40265],[130.00197,33.40205],[130.00289,33.40126],[130.00387,33.40114],[130.00411,33.40133],[130.00406,33.40226],[130.00437,33.40303],[130.00495,33.40304]]]},"properties":{"hoanrinKind":"保安林"}},
{"type":"Feature","geometry":{"type":"Polygon","coordinates":[[[130.1618,33.24395],[130.16132,33.24423],[130.16086,33.24389],[130.16048,33.24331],[130.15999,33.24298],[130.16042,33.24276],[130.16119,33.24269],[130.16238,33.24245],[130.16276,33.24208],[130.1629,33.24335],[130.16247,33.24375],[130.1618,33.24395]]]},"properties":{"hoanrinKind":"保安林"}},
{"type":"Feature","geometry":{"type":"Polygon","coordinates":[[[130.21456,33.37771],[130.21448,33.37854],[130.21392,33.37897],[130.21362,33.37894],[130.2127,33.37813],[130.21211,33.37708],[130.21211,33.37643],[130.21238,33.37597],[130.21324,33.37587],[130.21366,33.3761],[130.2142,33.37683],[130.21456,33.37771]],[[130.21241,33.37665],[130.21216,33.37696],[130.21226,33.37726],[130.21284,33.37767],[130.21353,33.37758],[130.21343,33.37706],[130.21312,33.37667],[130.21241,33.37665]]]},"properties":{"hoanrinKind":"保安林"}},
{"type":"Feature","geometry":{"type":"Polygon","coordinates":[[[129.87502,33.32701],[129.87455,33.32686],[129.87426,33.32644],[129.87299,33.32633],[129.87285,33.3257],[129.87296,33.32543],[129.87384,33.32535],[129.87439,33.32548],[129.87583,33.3255],[129.87656,33.32532],[129.87652,33.32572],[129.87596,33.32658],[129.87528,33.327],[129.87502,33.32701]]]},"properties":{"hoanrinKind":"保安林"}},
{"type":"Feature","geometry":{"type":"Polygon","coordinates":[[[130.09417,33.42366],[130.093,33.42393],[130.0929,33.4235],[130.0932,33.42311],[130.09381,33.42327],[130.09438,33.42278],[130.09485,33.42321],[130.09566,33.42335],[130.09581,33.42278],[130.09607,33.42253],[130.09753,33.42242],[130.09761,33.42319],[130.09835,33.42302],[130.09813,33.42345],[130.0969,33.4237],[130.09597,33.42364],[130.09417,33.42366]]]},"properties":{"hoanrinKind":"保安林"}},
{"type":"Feature","geometry":{"type":"Polygon","coordinates":[[[130.11231,33.31225],[130.11348,33.31236],[130.11351,33.31297],[130.11337,33.31326],[130.11347,33.31373],[130.11393,33.31432],[130.11325,33.31468],[130.11246,33.31465],[130.11167,33.31451],[130.11156,33.31384],[130.11155,33.31299],[130.11133,33.31224],[130.11231,33.31225]]]},"properties":{"hoanrinKind":"保安林"}},
{"type":"Feature","geometry":{"type":"Polygon","coordinates":[[[130.26593,33.34811],[130.26509,33.34833],[130.26417,33.34824],[130.26394,33.34766],[130.26403,33.34734],[130.26593,33.34811]]]},"properties":{"hoanrinKind":"保安林"}},
{"type":"Feature","geometry":{"type":"Polygon","coordinates":[[[130.26203,33.34813],[130.26053,33.3484],[130.25994,33.3481],[130.26003,33.34777],[130.26087,33.34726],[130.26104,33.34694],[130.26095,33.34611],[130.26164,33.34626],[130.26302,33.34689],[130.2631,33.34741],[130.26348,33.34809],[130.26203,33.34813]]]},"properties":{"hoanrinKind":"保安林"}},
{"type":"Feature","geometry":{"type":"Polygon","coordinates":[[[129.92087,33.18766],[129.92059,33.18812],[129.91997,33.18844],[129.91945,33.18855],[129.91916,33.18838],[129.91931,33.18779],[129.91915,33.18761],[129.91826,33.18765],[129.9192,33.18675],[129.91989,33.18653],[129.9202,33.18587],[129.92156,33.18611],[129.92184,33.18628],[129.92189,33.18675],[129.92134,33.187],[129.92087,33.18766]]]},"properties":{"hoanrinKind":"保安林"}},
{"type":"Feature","geometry":{"type":"Polygon","coordinates":[[[129.95916,33.12181],[129.95888,33.12251],[129.95786,33.12337],[129.95654,33.12362],[129.95635,33.12279],[129.95649,33.1222],[129.95687,33.12174],[129.95728,33.12152],[129.95673,33.12118],[129.95714,33.12088],[129.95769,33.12084],[129.95756,33.12125],[129.95828,33.12142],[129.95825,33.12096],[129.95865,33.1207],[129.9588,33.11997],[129.95925,33.12094],[129.95916,33.12181]]]},"properties":{"hoanrinKind":"保安林"}},
{"type":"Feature","geometry":{"type":"Polygon","coordinates":[[[130.06468,33.30102],[130.06394,33.30137],[130.06364,33.30117],[130.06381,33.30074],[130.06392,33.2999],[130.0641,33.29938],[130.06494,33.29923],[130.06577,33.29857],[130.06655,33.29853],[130.06712,33.2983],[130.06743,33.29878],[130.06792,33.29857],[130.06868,33.29902],[130.06857,33.29955],[130.06824,33.30003],[130.06781,33.3002],[130.06718,33.3002],[130.06684,33.29958],[130.06656,33.2998],[130.06581,33.29999],[130.06579,33.30026],[130.06533,33.30071],[130.06468,33.30102]]]},"properties":{"hoanrinKind":"保安林"}},
{"type":"Feature","geometry":{"type":"Polygon","coordinates":[[[129.89742,33.31554],[129.8968,33.31576],[129.89611,33.31535],[129.89631,33.31497],[129.8963,33.31451],[129.89604,33.31392],[129.89578,33.31286],[129.89606,33.3126],[129.89691,33.31228],[129.89774,33.31213],[129.89758,33.31274],[129.89812,33.31385],[129.89811,33.31429],[129.89689,33.31417],[129.89734,33.31476],[129.89798,33.31512],[129.89805,33.31546],[129.89742,33.31554]]]},"properties":{"hoanrinKind":"保安林"}},
{"type":"Feature","geometry":{"type":"Polygon","coordinates":[[[130.11737,33.35192],[130.11664,33.35274],[130.11586,33.35251],[130.11598,33.35144],[130.11515,33.35135],[130.11516,33.35228],[130.11449,33.35229],[130.11343,33.35218],[130.11252,33.35191],[130.11259,33.35152],[130.11342,33.35097],[130.11375,33.35127],[130.11442,33.351],[130.11494,33.35105],[130.11529,33.35054],[130.11572,33.35063],[130.11621,33.35113],[130.11674,33.3509],[130.11697,33.35111],[130.11745,33.35074],[130.11774,33.35099],[130.11831,33.3522],[130.11772,33.35192],[130.11737,33.35192]]]},"properties":{"hoanrinKind":"保安林"}},
{"type":"Feature","geometry":{"type":"Polygon","coordinates":[[[130.16497,33.44225],[130.16517,33.44254],[130.16594,33.44314],[130.16516,33.44417],[130.16527,33.44488],[130.16577,33.44518],[130.16407,33.44604],[130.16347,33.44652],[130.16271,33.44738],[130.16145,33.44803],[130.16069,33.44825],[130.16035,33.44822],[130.16015,33.44785],[130.16044,33.44738],[130.16169,33.44691],[130.16232,33.44638],[130.16371,33.44548],[130.16434,33.44456],[130.1645,33.44383],[130.16453,33.44286],[130.16497,33.44225]]]},"properties":{"hoanrinKind":"保安林"}},
{"type":"Feature","geometry":{"type":"Polygon","coordinates":[[[130.10633,33.36847],[130.10601,33.36887],[130.10529,33.3691],[130.10491,33.36894],[130.10481,33.36854],[130.10402,33.36821],[130.10335,33.36765],[130.10275,33.36748],[130.10248,33.36704],[130.10282,33.36636],[130.10348,33.36587],[130.10488,33.36616],[130.10548,33.36662],[130.106,33.36635],[130.10679,33.36688],[130.10633,33.36847]],[[130.10379,33.36691],[130.10461,33.36789],[130.10516,33.36766],[130.10426,33.36675],[130.10379,33.36691]]]},"properties":{"hoanrinKind":"保安林"}},
{"type":"Feature","geometry":{"type":"Polygon","coordinates":[[[129.87465,33.32319],[129.87453,33.32351],[129.87366,33.32384],[129.8724,33.32445],[129.87216,33.32366],[129.87294,33.32292],[129.87472,33.3224],[129.87495,33.32272],[129.87533,33.3225],[129.87562,33.32196],[129.87665,33.32201],[129.87576,33.32297],[129.87603,33.32325],[129.87561,33.32356],[129.87465,33.32319]]]},"properties":{"hoanrinKind":"保安林"}},
{"type":"Feature","geometry":{"type":"Polygon","coordinates":[[[130.20399,33.32605],[130.20309,33.32647],[130.202,33.32655],[130.20179,33.32596],[130.20079,33.32616],[130.20046,33.32544],[130.2002,33.32527],[130.19943,33.32574],[130.19792,33.32417],[130.19821,33.32402],[130.20066,33.32432],[130.20239,33.3246],[130.20283,33.3246],[130.20399,33.32605]]]},"properties":{"hoanrinKind":"保安林"}},
{"type":"Feature","geometry":{"type":"Polygon","coordinates":[[[129.95021,33.40268],[129.94972,33.40298],[129.9493,33.40268],[129.94846,33.40266],[129.94821,33.40191],[129.94957,33.40102],[129.95007,33.40107],[129.95114,33.4015],[129.95173,33.40164],[129.95214,33.40227],[129.95193,33.40291],[129.95115,33.4028],[129.95069,33.40257],[129.95021,33.40268]]]},"properties":{"hoanrinKind":"保安林"}},
{"type":"Feature","geometry":{"type":"Polygon","coordinates":[[[129.9496,33.4039],[129.9484,33.40387],[129.94756,33.40356],[129.94703,33.40313],[129.94744,33.40303],[129.9479,33.40335],[129.94868,33.40328],[129.9496,33.4039]]]},"properties":{"hoanrinKind":"保安林"}},
{"type":"Feature","geometry":{"type":"Polygon","coordinates":[[[129.76913,33.29454],[129.76906,33.29516],[129.76838,33.29549],[129.76833,33.29569],[129.76854,33.29717],[129.76821,33.29761],[129.7677,33.29778],[129.76747,33.29736],[129.76632,33.29624],[129.76572,33.29521],[129.76629,33.29478],[129.76646,33.29415],[129.76685,33.29415],[129.76725,33.2944],[129.76799,33.29434],[129.76816,33.29386],[129.76893,33.29391],[129.76934,33.29407],[129.76913,33.29454]]]},"properties":{"hoanrinKind":"保安林"}},
{"type":"Feature","geometry":{"type":"Polygon","coordinates":[[[129.88112,33.41049],[129.88074,33.41018],[129.8806,33.40947],[129.88092,33.40901],[129.88145,33.40987],[129.88148,33.4103],[129.88112,33.41049]]]},"properties":{"hoanrinKind":"保安林"}},
{"type":"Feature","geometry":{"type":"Polygon","coordinates":[[[129.87965,33.41191],[129.87915,33.41273],[129.87836,33.4122],[129.87842,33.41186],[129.87889,33.41142],[129.87849,33.41079],[129.87875,33.4103],[129.87858,33.40982],[129.8797,33.41005],[129.87968,33.41079],[129.88056,33.41112],[129.88003,33.41181],[129.88049,33.41237],[129.88003,33.41254],[129.87965,33.41191]]]},"properties":{"hoanrinKind":"保安林"}},
{"type":"Feature","geometry":{"type":"Polygon","coordinates":[[[129.86261,33.20602],[129.86225,33.20683],[129.86208,33.20615],[129.86123,33.20611],[129.86039,33.20573],[129.86024,33.20514],[129.8607,33.20474],[129.86161,33.20433],[129.86215,33.20429],[129.86288,33.2047],[129.86279,33.20531],[129.86252,33.20556],[129.86261,33.20602]]]},"properties":{"hoanrinKind":"保安林"}},
{"type":"Feature","geometry":{"type":"Polygon","coordinates":[[[129.86233,33.20918],[129.86173,33.20893],[129.86162,33.20854],[129.86191,33.20801],[129.86272,33.20787],[129.86337,33.20709],[129.86402,33.20721],[129.86367,33.2077],[129.86371,33.20853],[129.86316,33.20907],[129.86255,33.20892],[129.86233,33.20918]]]},"properties":{"hoanrinKind":"保安林"}},
{"type":"Feature","geometry":{"type":"Polygon","coordinates":[[[130.2649,33.42373],[130.26496,33.42438],[130.26541,33.42487],[130.26561,33.42571],[130.26562,33.42627],[130.26529,33.4272],[130.26462,33.42729],[130.26373,33.42779],[130.26308,33.42754],[130.26306,33.42637],[130.26377,33.42606],[130.26367,33.4253],[130.26311,33.42446],[130.26225,33.42358],[130.26271,33.42338],[130.26333,33.42349],[130.26365,33.42316],[130.26422,33.42321],[130.2649,33.42373]]]},"properties":{"hoanrinKind":"保安林"}},
{"type":"Feature","geometry":{"type":"Polygon","coordinates":[[[130.03378,33.23722],[130.03393,33.23809],[130.03381,33.23848],[130.03342,33.23871],[130.03284,33.23833],[130.03259,33.23789],[130.03195,33.23776],[130.03102,33.23717],[130.03048,33.23726],[130.03037,33.23658],[130.03063,33.23618],[130.0311,33.236],[130.03096,33.23552],[130.03124,33.23477],[130.03187,33.23486],[130.03304,33.2352],[130.03342,33.23544],[130.03396,33.23601],[130.03413,33.23642],[130.03377,33.23654],[130.03378,33.23722]]]},"properties":{"hoanrinKind":"保安林"}},
{"type":"Feature","geometry":{"type":"Polygon","coordinates":[[[130.33508,33.33777],[130.33444,33.33774],[130.33405,33.33789],[130.33369,33.33772],[130.33287,33.33774],[130.33218,33.33746],[130.33196,33.33709],[130.33239,33.33679],[130.33252,33.33552],[130.33328,33.33629],[130.33381,33.33603],[130.33366,33.33538],[130.33331,33.33522],[130.33334,33.33434],[130.33366,33.33441],[130.33369,33.33538],[130.33396,33.33533],[130.33419,33.33447],[130.33478,33.33469],[130.33518,33.33527],[130.33534,33.33587],[130.3353,33.33681],[130.33508,33.33777]]]},"properties":{"hoanrinKind":"保安林"}},
{"type":"Feature","geometry":{"type":"Polygon","coordinates":[[[130.17275,33.44102],[130.17221,33.44125],[130.1715,33.44087],[130.17062,33.44013],[130.17056,33.44061],[130.16942,33.4408],[130.16883,33.44063],[130.16867,33.44006],[130.16899,33.43886],[130.16951,33.43863],[130.17124,33.43844],[130.17233,33.43868],[130.17299,33.43918],[130.17309,33.43946],[130.17255,33.43974],[130.17268,33.43999],[130.17326,33.43984],[130.17395,33.44061],[130.17364,33.44092],[130.17275,33.44102]]]},"properties":{"hoanrinKind":"保安林"}},
{"type":"Feature","geometry":{"type":"Polygon","coordinates":[[[130.28216,33.33661],[130.28194,33.33728],[130.28051,33.33745],[130.27906,33.3386],[130.27851,33.33879],[130.27759,33.33861],[130.27782,33.33773],[130.27808,33.33736],[130.27796,33.33658],[130.27844,33.336],[130.27849,33.33538],[130.27918,33.33518],[130.27946,33.33559],[130.2805,33.33589],[130.28093,33.33624],[130.2821,33.33634],[130.28216,33.33661]]]},"properties":{"hoanrinKind":"保安林"}},
{"type":"Feature","geometry":{"type":"Polygon","coordinates":[[[130.24661,33.42448],[130.24766,33.42591],[130.24828,33.42624],[130.2482,33.42655],[130.24768,33.42707],[130.24613,33.42781],[130.24462,33.4281],[130.24428,33.42835],[130.24363,33.42913],[130.24311,33.42904],[130.24297,33.4283],[130.24351,33.4277],[130.24455,33.42721],[130.24421,33.42675],[130.24359,33.42655],[130.24389,33.42621],[130.24523,33.42511],[130.24611,33.42448],[130.24661,33.42448]]]},"properties":{"hoanrinKind":"保安林"}},
{"type":"Feature","geometry":{"type":"Polygon","coordinates":[[[130.06483,33.20312],[130.06413,33.20373],[130.06324,33.20378],[130.06287,33.20299],[130.06298,33.20251],[130.06338,33.20191],[130.06345,33.20062],[130.06387,33.19979],[130.0647,33.19883],[130.06498,33.19891],[130.06516,33.2],[130.06567,33.20031],[130.06636,33.20027],[130.06687,33.20059],[130.06711,33.20126],[130.06711,33.20209],[130.06613,33.20227],[130.06546,33.20101],[130.06454,33.20135],[130.06413,33.20175],[130.06411,33.20209],[130.06525,33.20297],[130.06483,33.20312]]]},"properties":{"hoanrinKind":"保安林"}},
{"type":"Feature","geometry":{"type":"Polygon","coordinates":[[[130.38148,33.36039],[130.38098,33.36102],[130.38033,33.36161],[130.37985,33.36141],[130.37973,33.36054],[130.38048,33.36027],[130.38063,33.3597],[130.38113,33.35942],[130.38133,33.35904],[130.38131,33.35784],[130.3808,33.35779],[130.3803,33.35796],[130.38015,33.35869],[130.37927,33.35889],[130.37923,33.35858],[130.3797,33.35784],[130.38124,33.35703],[130.38211,33.35681],[130.38234,33.35724],[130.38233,33.35772],[130.38255,33.35827],[130.38315,33.35907],[130.38365,33.35952],[130.38281,33.36041],[130.38261,33.36039],[130.38201,33.35983],[130.38148,33.36039]]]},"properties":{"hoanrinKind":"保安林"}},
{"type":"Feature","geometry":{"type":"Polygon","coordinates":[[[130.06573,33.05922],[130.06504,33.05957],[130.06375,33.05914],[130.06284,33.05929],[130.06319,33.05828],[130.06332,33.05702],[130.0633,33.05594],[130.06296,33.05481],[130.06255,33.05471],[130.06255,33.0543],[130.06326,33.05372],[130.0643,33.05359],[130.06522,33.05397],[130.06584,33.05411],[130.06623,33.05511],[130.06627,33.05555],[130.06543,33.05552],[130.06509,33.05571],[130.06506,33.05623],[130.06533,33.05714],[130.06543,33.05781],[130.06538,33.05838],[130.06573,33.05883],[130.06573,33.05922]]]},"properties":{"hoanrinKind":"保安林"}},
{"type":"Feature","geometry":{"type":"Polygon","coordinates":[[[129.92016,33.39382],[129.9197,33.39572],[129.91915,33.39636],[129.91801,33.39718],[129.91756,33.39815],[129.91705,33.39809],[129.91658,33.39675],[129.91748,33.39632],[129.9181,33.39577],[129.91864,33.39514],[129.91907,33.39429],[129.91904,33.39362],[129.91782,33.39256],[129.91685,33.39223],[129.91678,33.39156],[129.91685,33.39085],[129.91731,33.38938],[129.91743,33.38867],[129.91785,33.38917],[129.91785,33.38983],[129.91815,33.39004],[129.9183,33.39055],[129.91799,33.39094],[129.91818,33.39157],[129.91817,33.39223],[129.91852,33.39303],[129.91883,33.39335],[129.91916,33.39303],[129.91961,33.3935],[129.92016,33.39382]]]},"properties":{"hoanrinKind":"保安林"}},
{"type":"Feature","geometry":{"type":"Polygon","coordinates":[[[130.0677,33.23925],[130.06755,33.23954],[130.06677,33.23906],[130.06635,33.23914],[130.06596,33.2382],[130.0659,33.23702],[130.06647,33.23649],[130.06671,33.23681],[130.06743,33.2374],[130.06762,33.2373],[130.06698,33.23582],[130.06717,33.23511],[130.0676,33.23495],[130.0685,33.23509],[130.06892,33.23485],[130.06952,33.23478],[130.06956,33.23512],[130.06906,33.23599],[130.06933,33.2365],[130.06969,33.23652],[130.07024,33.23626],[130.07089,33.23633],[130.07088,33.23698],[130.07049,33.23819],[130.07015,33.23855],[130.07044,33.2395],[130.06944,33.23954],[130.06901,33.23931],[130.06875,33.23868],[130.06835,33.23829],[130.06804,33.23845],[130.0677,33.23925]],[[130.06901,33.2375],[130.06919,33.23833],[130.06953,33.23841],[130.06955,33.23879],[130.06898,33.23892],[130.0693,33.23928],[130.06995,33.23906],[130.06991,33.23866],[130.07024,33.23826],[130.0704,33.23739],[130.07002,33.23737],[130.06931,33.23696],[130.06901,33.2375]]]},"properties":{"hoanrinKind":"保安林"}},
{"type":"Feature","geometry":{"type":"Polygon","coordinates":[[[130.1121,33.30456],[130.11157,33.30437],[130.1107,33.3044],[130.11038,33.30415],[130.10944,33.30399],[130.1086,33.30416],[130.10835,33.30404],[130.10798,33.30349],[130.10742,33.30293],[130.10624,33.30215],[130.10562,33.30066],[130.10574,33.30029],[130.10627,33.30005],[130.10581,33.29973],[130.10642,33.29936],[130.10699,33.29972],[130.10784,33.29987],[130.10724,33.30058],[130.10747,33.30119],[130.10797,33.30148],[130.10817,33.30181],[130.1095,33.30304],[130.11039,33.30354],[130.11249,33.30427],[130.1121,33.30456]]]},"properties":{"hoanrinKind":"保安林"}},
{"type":"Feature","geometry":{"type":"Polygon","coordinates":[[[130.10354,33.2231],[130.10298,33.22362],[130.10239,33.22307],[130.10188,33.22328],[130.10161,33.22272],[130.10118,33.22241],[130.10073,33.22173],[130.10061,33.22135],[130.10007,33.22043],[130.10036,33.21994],[130.10034,33.21888],[130.09985,33.21824],[130.09982,33.21742],[130.10051,33.21765],[130.10115,33.21799],[130.10131,33.21838],[130.10137,33.21936],[130.10191,33.21882],[130.10217,33.21932],[130.10211,33.22018],[130.10233,33.22065],[130.10306,33.2206],[130.10336,33.22072],[130.10369,33.22197],[130.10368,33.22266],[130.10354,33.2231]]]},"properties":{"hoanrinKind":"保安林"}},
{"type":"Feature","geometry":{"type":"Polygon","coordinates":[[[130.24468,33.37203],[130.24449,33.37258],[130.24359,33.37273],[130.24347,33.37316],[130.24287,33.37316],[130.24211,33.37276],[130.24099,33.37171],[130.24101,33.37131],[130.24065,33.37053],[130.24085,33.36976],[130.24068,33.3691],[130.24082,33.36801],[130.24115,33.36767],[130.2416,33.3677],[130.24191,33.36879],[130.24216,33.36877],[130.24304,33.36782],[130.24363,33.36798],[130.24323,33.36856],[130.2435,33.3688],[130.244,33.36987],[130.24441,33.37002],[130.24509,33.3698],[130.24502,33.3703],[130.24469,33.37123],[130.24468,33.37203]],[[130.24236,33.37],[130.24178,33.37052],[130.24169,33.37124],[130.24214,33.3713],[130.24251,33.37086],[130.2431,33.37061],[130.24284,33.37011],[130.24236,33.37]]]},"properties":{"hoanrinKind":"保安林"}},
{"type":"Feature","geometry":{"type":"Polygon","coordinates":[[[130.04988,33.27887],[130.04948,33.27948],[130.04853,33.27973],[130.0485,33.27886],[130.04827,33.27861],[130.04712,33.27825],[130.04629,33.27902],[130.04524,33.27856],[130.04536,33.27797],[130.04631,33.27779],[130.04667,33.27729],[130.0473,33.27702],[130.0474,33.27665],[130.04706,33.27591],[130.04767,33.27574],[130.04789,33.27629],[130.04898,33.2766],[130.04879,33.27726],[130.04953,33.277],[130.04963,33.27606],[130.04999,33.27554],[130.05064,33.27506],[130.05081,33.27449],[130.05094,33.27342],[130.0517,33.27323],[130.05175,33.27372],[130.0526,33.27412],[130.05217,33.27458],[130.05263,33.27501],[130.05246,33.27602],[130.05232,33.27624],[130.05099,33.27695],[130.05059,33.27724],[130.04988,33.27887]],[[130.04967,33.27827],[130.05004,33.2782],[130.05011,33.27786],[130.05057,33.27697],[130.05075,33.27639],[130.0512,33.27598],[130.05116,33.27571],[130.05034,33.27575],[130.04992,33.27634],[130.05025,33.27697],[130.04938,33.27764],[130.04967,33.27827]]]},"properties":{"hoanrinKind":"保安林"}},
{"type":"Feature","geometry":{"type":"Polygon","coordinates":[[[129.82014,33.18561],[129.82007,33.18625],[129.82025,33.18641],[129.8198,33.18751],[129.82001,33.1881],[129.81726,33.18859],[129.81608,33.18913],[129.81564,33.18885],[129.81563,33.1884],[129.81587,33.18784],[129.81657,33.18748],[129.81753,33.18682],[129.81759,33.18655],[129.81709,33.18517],[129.81715,33.18454],[129.81841,33.18386],[129.81933,33.18328],[129.82041,33.18229],[129.82066,33.18306],[129.82135,33.18351],[129.8215,33.18405],[129.82105,33.18422],[129.82089,33.18466],[129.8213,33.18514],[129.82089,33.18563],[129.82014,33.18561]]]},"properties":{"hoanrinKind":"保安林"}},
{"type":"Feature","geometry":{"type":"Polygon","coordinates":[[[130.16484,33.36609],[130.16387,33.36635],[130.16354,33.36633],[130.16251,33.36593],[130.16199,33.36595],[130.16146,33.36576],[130.16112,33.36545],[130.15968,33.36555],[130.15934,33.36582],[130.15861,33.36562],[130.15856,33.36527],[130.15924,33.36453],[130.15998,33.36445],[130.16055,33.36421],[130.16156,33.3643],[130.16226,33.36398],[130.16286,33.36407],[130.16321,33.36496],[130.16377,33.36509],[130.16397,33.36457],[130.16402,33.36357],[130.16462,33.36366],[130.16409,33.36437],[130.16442,33.36457],[130.16443,33.365],[130.16475,33.36513],[130.16446,33.36561],[130.16501,33.36577],[130.16484,33.36609]]]},"properties":{"hoanrinKind":"保安林"}},
{"type":"Feature","geometry":{"type":"Polygon","coordinates":[[[130.16094,33.36742],[130.16075,33.36784],[130.16082,33.3693],[130.16022,33.36987],[130.15959,33.36993],[130.15897,33.36983],[130.15877,33.36962],[130.15864,33.36887],[130.15772,33.36776],[130.15761,33.36699],[130.15799,33.36682],[130.1582,33.36639],[130.15867,33.36639],[130.15946,33.36665],[130.16033,33.3666],[130.16051,33.36704],[130.16104,33.36673],[130.16147,33.36682],[130.16094,33.36742]]]},"properties":{"hoanrinKind":"保安林"}},
{"type":"Feature","geometry":{"type":"Polygon","coordinates":[[[130.15397,32.97619],[130.15348,32.97663],[130.15286,32.97626],[130.15337,32.976],[130.15307,32.97449],[130.15391,32.97396],[130.15411,32.97319],[130.15495,32.9726],[130.1558,32.97249],[130.15664,32.97287],[130.15733,32.97351],[130.15749,32.97381],[130.15709,32.97436],[130.15653,32.97423],[130.15625,32.97339],[130.15597,32.97335],[130.15526,32.97404],[130.155,32.97472],[130.15487,32.97543],[130.15397,32.97619]]]},"properties":{"hoanrinKind":"保安林"}},
{"type":"Feature","geometry":{"type":"Polygon","coordinates":[[[130.15589,32.97718],[130.15554,32.97786],[130.155,32.97833],[130.15423,32.97863],[130.1538,32.97868],[130.15332,32.97827],[130.1531,32.9776],[130.15217,32.97696],[130.1525,32.97644],[130.15312,32.97707],[130.15402,32.97707],[130.15543,32.97629],[130.15595,32.97612],[130.15589,32.97718]]]},"properties":{"hoanrinKind":"保安林"}},
{"type":"Feature","geometry":{"type":"Polygon","coordinates":[[[130.15125,32.97919],[130.1507,32.9796],[130.15022,32.97851],[130.15042,32.97797],[130.15133,32.97792],[130.15119,32.97846],[130.15162,32.97924],[130.15125,32.97919]]]},"properties":{"hoanrinKind":"保安林"}},
{"type":"Feature","geometry":{"type":"Polygon","coordinates":[[[129.9688,33.14417],[129.96844,33.14493],[129.96761,33.14532],[129.96698,33.14524],[129.96721,33.14492],[129.96823,33.14474],[129.96857,33.14435],[129.96828,33.14417],[129.96774,33.14442],[129.96694,33.14438],[129.96686,33.14387],[129.96719,33.14298],[129.96747,33.14266],[129.96726,33.14237],[129.96734,33.14188],[129.96713,33.14118],[129.96794,33.1406],[129.96799,33.14005],[129.96861,33.13932],[129.96975,33.13917],[129.9701,33.13882],[129.97108,33.13866],[129.97163,33.13867],[129.97256,33.13896],[129.97256,33.13923],[129.97208,33.13973],[129.97207,33.13994],[129.97152,33.14021],[129.97114,33.14059],[129.97086,33.14132],[129.97058,33.1416],[129.96998,33.14326],[129.96974,33.14374],[129.96927,33.14353],[129.96895,33.14368],[129.9688,33.14417]]]},"properties":{"hoanrinKind":"保安林"}},
{"type":"Feature","geometry":{"type":"Polygon","coordinates":[[[130.08498,33.24154],[130.08382,33.24196],[130.08357,33.24178],[130.08346,33.24066],[130.08244,33.24125],[130.08245,33.24091],[130.08303,33.24005],[130.08308,33.23911],[130.0832,33.23876],[130.08421,33.23806],[130.0847,33.23737],[130.08516,33.23601],[130.08561,33.23609],[130.08654,33.23598],[130.08706,33.23621],[130.08729,33.23668],[130.08758,33.23679],[130.08814,33.23645],[130.08851,33.23662],[130.08848,33.23717],[130.08739,33.23744],[130.08588,33.23683],[130.08563,33.23646],[130.0853,33.23664],[130.0852,33.23731],[130.08552,33.23772],[130.08543,33.23818],[130.08586,33.23825],[130.08673,33.23797],[130.08942,33.23841],[130.08977,33.23901],[130.08911,33.23902],[130.08912,33.23939],[130.08887,33.24004],[130.08852,33.24058],[130.08752,33.24085],[130.08718,33.24054],[130.08717,33.23968],[130.08662,33.23931],[130.08609,33.23996],[130.08502,33.24082],[130.08498,33.24154]]]},"properties":{"hoanrinKind":"保安林"}},
{"type":"Feature","geometry":{"type":"Polygon","coordinates":[[[130.07513,33.17737],[130.07533,33.17745],[130.07488,33.17835],[130.07448,33.17946],[130.07424,33.17983],[130.07343,33.18064],[130.07286,33.18161],[130.07233,33.18198],[130.07156,33.18227],[130.07159,33.18271],[130.07251,33.18382],[130.07326,33.18429],[130.07394,33.18429],[130.07383,33.18544],[130.07358,33.18647],[130.07252,33.18654],[130.07154,33.18578],[130.07056,33.18547],[130.06963,33.18541],[130.06997,33.1848],[130.06995,33.18409],[130.07022,33.18334],[130.07023,33.18286],[130.06971,33.18271],[130.06999,33.18217],[130.07105,33.18138],[130.07148,33.18005],[130.07205,33.17921],[130.07268,33.17879],[130.0737,33.17834],[130.07505,33.17712],[130.07513,33.17737]]]},"properties":{"hoanrinKind":"保安林"}},
{"type":"Feature","geometry":{"type":"Polygon","coordinates":[[[130.13068,33.30121],[130.1302,33.30132],[130.12985,33.30023],[130.12959,33.30029],[130.1294,33.30083],[130.129,33.30061],[130.12737,33.29885],[130.12607,33.29754],[130.1257,33.29707],[130.12569,33.29667],[130.12623,33.29616],[130.12721,33.29597],[130.12822,33.29567],[130.12942,33.29502],[130.1301,33.29513],[130.13006,33.29606],[130.13043,33.29701],[130.13112,33.29692],[130.13139,33.29742],[130.13149,33.29845],[130.132,33.29903],[130.13222,33.29957],[130.13166,33.29992],[130.1308,33.29982],[130.13043,33.30001],[130.13079,33.3005],[130.13178,33.30091],[130.13156,33.30111],[130.13068,33.30121]]]},"properties":{"hoanrinKind":"保安林"}},
{"type":"Feature","geometry":{"type":"Polygon","coordinates":[[[129.77072,33.29455],[129.77077,33.29416],[129.76871,33.29283],[129.76886,33.29197],[129.76817,33.29195],[129.76765,33.2914],[129.76714,33.29136],[129.76664,33.29095],[129.76719,33.29028],[129.76787,33.29016],[129.76869,33.29026],[129.76912,33.29],[129.77014,33.29086],[129.77075,33.29071],[129.77167,33.28975],[129.77246,33.28949],[129.7732,33.29009],[129.7735,33.29048],[129.77461,33.29113],[129.77334,33.2918],[129.77264,33.29129],[129.77095,33.29203],[129.77099,33.29276],[129.77182,33.29315],[129.77281,33.29307],[129.77392,33.294],[129.77202,33.29448],[129.77079,33.29446],[129.77072,33.29455]]]},"properties":{"hoanrinKind":"保安林"}},
{"type":"Feature","geometry":{"type":"Polygon","coordinates":[[[129.76943,33.29759],[129.76896,33.29755],[129.76913,33.29714],[129.76974,33.29646],[129.77044,33.2954],[129.77124,33.29509],[129.77176,33.29601],[129.7717,33.29648],[129.77062,33.29718],[129.76983,33.29729],[129.76943,33.29759]]]},"properties":{"hoanrinKind":"保安林"}},
{"type":"Feature","geometry":{"type":"Polygon","coordinates":[[[130.10447,33.38475],[130.10456,33.38527],[130.10395,33.386],[130.1039,33.38645],[130.10295,33.38698],[130.10328,33.38787],[130.10318,33.38869],[130.10341,33.38918],[130.10332,33.3897],[130.10226,33.39026],[130.10207,33.39057],[130.10107,33.3897],[130.10043,33.38856],[130.09936,33.38706],[130.09922,33.38592],[130.0995,33.38533],[130.09991,33.38483],[130.10061,33.38454],[130.101,33.38418],[130.10162,33.38403],[130.10232,33.38357],[130.10232,33.38323],[130.10279,33.38274],[130.10314,33.38273],[130.10353,33.38381],[130.10449,33.38423],[130.10447,33.38475]]]},"properties":{"hoanrinKind":"保安林"}},
{"type":"Feature","geometry":{"type":"Polygon","coordinates":[[[129.91152,33.38743],[129.91132,33.38844],[129.91023,33.38904],[129.91015,33.38935],[129.9097,33.3896],[129.9091,33.39068],[129.90881,33.38956],[129.90827,33.38898],[129.90857,33.38846],[129.90931,33.38843],[129.90931,33.38795],[129.90752,33.38752],[129.90716,33.38722],[129.90729,33.38681],[129.90806,33.3862],[129.90864,33.38595],[129.9102,33.38589],[129.91071,33.38578],[129.91178,33.38517],[129.91282,33.38502],[129.91354,33.38455],[129.91403,33.38439],[129.91454,33.38445],[129.91492,33.3847],[129.91643,33.38436],[129.9161,33.38492],[129.91638,33.38597],[129.91689,33.38653],[129.91691,33.38694],[129.91718,33.38718],[129.91696,33.38753],[129.91658,33.38753],[129.9159,33.38727],[129.91564,33.38662],[129.91526,33.38657],[129.91382,33.38673],[129.91358,33.38684],[129.91286,33.38764],[129.91232,33.38781],[129.91213,33.3875],[129.91152,33.38743]],[[129.90978,33.386],[129.9093,33.38636],[129.90896,33.38704],[129.90908,33.38728],[129.90963,33.38727],[129.91019,33.38689],[129.9104,33.38659],[129.91009,33.38609],[129.90978,33.386]]]},"properties":{"hoanrinKind":"保安林"}},
{"type":"Feature","geometry":{"type":"Polygon","coordinates":[[[130.1609,33.24991],[130.1604,33.25124],[130.16048,33.25166],[130.16016,33.25237],[130.15983,33.25411],[130.15896,33.25388],[130.15867,33.25288],[130.15806,33.25233],[130.15745,33.25223],[130.15747,33.25122],[130.15724,33.25073],[130.15594,33.2506],[130.1558,33.24994],[130.15535,33.24986],[130.15519,33.24933],[130.15444,33.24875],[130.15572,33.24916],[130.15706,33.24874],[130.15783,33.24915],[130.15845,33.24921],[130.15883,33.24876],[130.15929,33.24768],[130.15945,33.24666],[130.15991,33.24618],[130.16063,33.24579],[130.16133,33.24555],[130.16176,33.24562],[130.16241,33.24603],[130.16275,33.24684],[130.16247,33.2471],[130.16138,33.24728],[130.161,33.24758],[130.1607,33.24838],[130.1609,33.24991]]]},"properties":{"hoanrinKind":"保安林"}},
{"type":"Feature","geometry":{"type":"Polygon","coordinates":[[[130.0174,33.43294],[130.01686,33.43311],[130.0166,33.43278],[130.01571,33.43296],[130.01616,33.43224],[130.01558,33.43219],[130.01531,33.43263],[130.01469,33.433],[130.01442,33.43272],[130.01445,33.43186],[130.01404,33.43177],[130.01336,33.4323],[130.01117,33.43037],[130.01169,33.43014],[130.01258,33.4301],[130.01323,33.42989],[130.01474,33.42815],[130.01527,33.42792],[130.01613,33.42704],[130.01668,33.4268],[130.01782,33.4269],[130.01848,33.42686],[130.01879,33.4272],[130.0187,33.42775],[130.01819,33.42852],[130.01818,33.42878],[130.01744,33.43082],[130.01789,33.43134],[130.01827,33.43148],[130.01847,33.43186],[130.01785,33.4323],[130.0174,33.43294]]]},"properties":{"hoanrinKind":"保安林"}},
{"type":"Feature","geometry":{"type":"Polygon","coordinates":[[[130.18391,33.31358],[130.18384,33.31432],[130.18208,33.31384],[130.1817,33.31357],[130.18124,33.31367],[130.18072,33.31355],[130.17884,33.31403],[130.17764,33.31346],[130.17731,33.31354],[130.17724,33.31396],[130.17684,33.31395],[130.17695,33.31335],[130.17807,33.31284],[130.17927,33.3124],[130.17994,33.31229],[130.18085,33.31169],[130.18255,33.3112],[130.18284,33.31087],[130.18328,33.30992],[130.18467,33.3095],[130.18532,33.30897],[130.18564,33.30902],[130.18515,33.30999],[130.1863,33.31094],[130.18662,33.31157],[130.18637,33.312],[130.18716,33.31241],[130.18717,33.31312],[130.18654,33.31305],[130.18574,33.31259],[130.18494,33.31253],[130.1848,33.31277],[130.18419,33.31273],[130.18391,33.31358]],[[130.18534,33.31114],[130.18463,33.31127],[130.18464,33.31169],[130.18527,33.31177],[130.18591,33.312],[130.18633,33.31168],[130.18615,33.31137],[130.18534,33.31114]]]},"properties":{"hoanrinKind":"保安林"}},
{"type":"Feature","geometry":{"type":"Polygon","coordinates":[[[129.80197,33.29614],[129.80201,33.29639],[129.80252,33.29666],[129.80337,33.29755],[129.80462,33.29804],[129.80467,33.29861],[129.80326,33.29895],[129.8022,33.29947],[129.80195,33.30041],[129.80143,33.30045],[129.80046,33.29991],[129.80012,33.29895],[129.79944,33.29885],[129.79955,33.29805],[129.79938,33.29748],[129.79804,33.29668],[129.79784,33.29639],[129.79805,33.29491],[129.79759,33.2943],[129.79774,33.29313],[129.79801,33.29301],[129.79899,33.29311],[129.799,33.29258],[129.79925,33.29216],[129.80017,33.29202],[129.80053,33.29216],[129.80059,33.29263],[129.79996,33.29308],[129.79962,33.2935],[129.79953,33.29397],[129.79968,33.29457],[129.80061,33.29492],[129.80082,33.29473],[129.80065,33.29403],[129.80074,33.29314],[129.80102,33.29265],[129.80165,33.29253],[129.8021,33.29316],[129.80211,33.29378],[129.80169,33.29446],[129.80196,33.29478],[129.80254,33.29498],[129.80276,33.29547],[129.80256,33.29597],[129.80197,33.29614]]]},"properties":{"hoanrinKind":"保安林"}},
{"type":"Feature","geometry":{"type":"Polygon","coordinates":[[[130.03787,33.24621],[130.03808,33.24662],[130.03893,33.24699],[130.03885,33.24748],[130.03833,33.24793],[130.03734,33.24717],[130.03739,33.24636],[130.03673,33.24467],[130.03724,33.24472],[130.03801,33.24565],[130.03839,33.24561],[130.03842,33.24465],[130.03883,33.24446],[130.03971,33.24465],[130.04031,33.24422],[130.04119,33.24405],[130.04212,33.2441],[130.04276,33.24434],[130.04324,33.2441],[130.04366,33.24438],[130.04358,33.24505],[130.04333,33.24552],[130.04286,33.24525],[130.0425,33.24537],[130.04232,33.24608],[130.04079,33.24661],[130.04017,33.24611],[130.03981,33.24603],[130.039,33.2462],[130.03787,33.24621]]]},"properties":{"hoanrinKind":"保安林"}},
{"type":"Feature","geometry":{"type":"Polygon","coordinates":[[[130.04386,33.2515],[130.04329,33.25217],[130.04274,33.25247],[130.0424,33.25244],[130.04216,33.2521],[130.04226,33.25121],[130.04171,33.25115],[130.03981,33.25039],[130.03931,33.25025],[130.03922,33.24929],[130.03909,33.24904],[130.03977,33.24837],[130.04075,33.24791],[130.04055,33.24872],[130.04088,33.24883],[130.04159,33.24855],[130.04244,33.24908],[130.04388,33.24967],[130.04507,33.2498],[130.04442,33.2509],[130.04386,33.2515]]]},"properties":{"hoanrinKind":"保安林"}},
{"type":"Feature","geometry":{"type":"Polygon","coordinates":[[[130.06607,33.28731],[130.06581,33.28766],[130.06525,33.28879],[130.06495,33.2889],[130.06454,33.28866],[130.06453,33.28778],[130.06427,33.28727],[130.06426,33.28641],[130.06384,33.28614],[130.06319,33.28606],[130.06303,33.28578],[130.06286,33.28472],[130.06367,33.28394],[130.06394,33.28314],[130.06438,33.28254],[130.06509,33.28194],[130.0659,33.28112],[130.06613,33.28075],[130.06681,33.28074],[130.06712,33.2811],[130.06713,33.28191],[130.06772,33.28249],[130.06723,33.28313],[130.06723,33.28347],[130.06788,33.28372],[130.06906,33.2831],[130.06941,33.28319],[130.06999,33.28391],[130.07013,33.2849],[130.07004,33.28545],[130.06957,33.28602],[130.0691,33.28618],[130.06784,33.28624],[130.06741,33.28727],[130.06607,33.28731]],[[130.06375,33.2848],[130.0634,33.28561],[130.06417,33.28586],[130.06447,33.28497],[130.06375,33.2848]]]},"properties":{"hoanrinKind":"保安林"}},
{"type":"Feature","geometry":{"type":"Polygon","coordinates":[[[130.15401,33.27195],[130.15407,33.27338],[130.15416,33.274],[130.15385,33.2762],[130.15363,33.27711],[130.15288,33.27634],[130.15218,33.27484],[130.15139,33.27359],[130.15125,33.2728],[130.15142,33.27171],[130.15085,33.27164],[130.15084,33.27116],[130.15034,33.27058],[130.14973,33.27044],[130.14989,33.26957],[130.1491,33.26966],[130.14864,33.26902],[130.1478,33.26849],[130.14754,33.26807],[130.14751,33.26732],[130.14792,33.26738],[130.14889,33.26717],[130.15016,33.26771],[130.15106,33.26788],[130.15177,33.26855],[130.15305,33.26853],[130.1538,33.26917],[130.1546,33.27009],[130.15401,33.27195]]]},"properties":{"hoanrinKind":"保安林"}},
{"type":"Feature","geometry":{"type":"Polygon","coordinates":[[[129.90793,33.18484],[129.90911,33.18491],[129.9089,33.18523],[129.90814,33.18563],[129.90787,33.18615],[129.90765,33.18715],[129.90728,33.18689],[129.90777,33.18506],[129.90793,33.18484]]]},"properties":{"hoanrinKind":"保安林"}},
{"type":"Feature","geometry":{"type":"Polygon","coordinates":[[[129.91233,33.18557],[129.91242,33.18696],[129.9122,33.18769],[129.91107,33.18809],[129.91139,33.18699],[129.91168,33.18637],[129.91154,33.18617],[129.91179,33.18533],[129.91168,33.18483],[129.91189,33.18469],[129.91221,33.18397],[129.91231,33.18325],[129.91284,33.18261],[129.9141,33.18053],[129.91453,33.18008],[129.91496,33.18025],[129.9155,33.18106],[129.91582,33.18115],[129.91671,33.18078],[129.91743,33.18087],[129.91796,33.1805],[129.91847,33.18043],[129.91802,33.182],[129.91766,33.18268],[129.91686,33.1831],[129.91552,33.18306],[129.91507,33.18349],[129.91538,33.18456],[129.91531,33.18517],[129.91497,33.18524],[129.91481,33.18603],[129.91434,33.18613],[129.91259,33.18548],[129.91233,33.18557]]]},"properties":{"hoanrinKind":"保安林"}},
{"type":"Feature","geometry":{"type":"Polygon","coordinates":[[[129.90487,33.18854],[129.90453,33.18908],[129.9042,33.18821],[129.90431,33.18794],[129.9041,33.18723],[129.9046,33.18668],[129.90483,33.18558],[129.90557,33.18553],[129.9059,33.18511],[129.90543,33.18449],[129.90573,33.18412],[129.90698,33.18465],[129.9068,33.18514],[129.90642,33.18562],[129.9058,33.18581],[129.90591,33.18622],[129.90571,33.18684],[129.90571,33.18741],[129.90525,33.18804],[129.90521,33.18861],[129.90487,33.18854]]]},"properties":{"hoanrinKind":"保安林"}},
{"type":"Feature","geometry":{"type":"Polygon","coordinates":[[[129.79689,33.30649],[129.79655,33.30649],[129.79693,33.30541],[129.79618,33.30489],[129.79683,33.30476],[129.79729,33.30497],[129.79775,33.30569],[129.7974,33.30596],[129.79738,33.30629],[129.79689,33.30649]]]},"properties":{"hoanrinKind":"保安林"}},
{"type":"Feature","geometry":{"type":"Polygon","coordinates":[[[129.80537,33.30484],[129.80499,33.30498],[129.80575,33.30547],[129.80521,33.30557],[129.80479,33.30587],[129.80437,33.30699],[129.80376,33.30723],[129.80353,33.30807],[129.8033,33.30834],[129.80246,33.30873],[129.8018,33.30852],[129.80174,33.3082],[129.80184,33.3073],[129.80166,33.30663],[129.80176,33.30636],[129.80251,33.30533],[129.80234,33.30481],[129.80194,33.30462],[129.80138,33.30479],[129.80077,33.30559],[129.79928,33.30666],[129.79864,33.30651],[129.79877,33.30597],[129.79924,33.30565],[129.79874,33.3051],[129.79866,33.30383],[129.7983,33.30329],[129.79865,33.30233],[129.80083,33.30168],[129.80183,33.30205],[129.80243,33.30218],[129.80312,33.30209],[129.80402,33.30175],[129.80453,33.30199],[129.80505,33.30258],[129.80512,33.30359],[129.80548,33.30427],[129.80537,33.30484]]]},"properties":{"hoanrinKind":"保安林"}},
{"type":"Feature","geometry":{"type":"Polygon","coordinates":[[[130.04923,33.29461],[130.04898,33.29464],[130.04875,33.29517],[130.04826,33.29549],[130.04749,33.29575],[130.04739,33.2949],[130.04761,33.29377],[130.04808,33.29337],[130.04867,33.29264],[130.04902,33.29195],[130.04971,33.29166],[130.05065,33.29144],[130.05271,33.29002],[130.05358,33.28963],[130.05474,33.28921],[130.05547,33.28903],[130.05645,33.28999],[130.05846,33.29111],[130.0591,33.29135],[130.05929,33.29171],[130.05911,33.29219],[130.0583,33.29267],[130.05707,33.2925],[130.05661,33.29296],[130.05604,33.29271],[130.05555,33.29339],[130.05487,33.29363],[130.05435,33.29358],[130.05386,33.29386],[130.05337,33.29334],[130.05214,33.29418],[130.05149,33.29399],[130.05042,33.29404],[130.04973,33.29471],[130.04923,33.29461]]]},"properties":{"hoanrinKind":"保安林"}},
{"type":"Feature","geometry":{"type":"Polygon","coordinates":[[[129.8899,33.17488],[129.88932,33.17419],[129.88942,33.17356],[129.8892,33.17311],[129.88855,33.17258],[129.88802,33.17276],[129.88846,33.17348],[129.88857,33.17393],[129.88815,33.17474],[129.8875,33.17484],[129.88675,33.17439],[129.88621,33.1744],[129.88578,33.17422],[129.88535,33.17368],[129.88663,33.17313],[129.88759,33.17294],[129.8877,33.17276],[129.88693,33.17088],[129.88735,33.1706],[129.88702,33.16984],[129.88637,33.17038],[129.886,33.17039],[129.88516,33.17078],[129.88532,33.16901],[129.88555,33.16864],[129.88629,33.16847],[129.88736,33.1685],[129.88844,33.16872],[129.88872,33.16771],[129.88898,33.16728],[129.88934,33.16717],[129.88991,33.16746],[129.88969,33.16803],[129.89029,33.16847],[129.89035,33.17004],[129.8914,33.16958],[129.89195,33.16961],[129.89217,33.16988],[129.89261,33.16979],[129.89333,33.17011],[129.89377,33.17],[129.89393,33.17052],[129.89349,33.17068],[129.89324,33.17147],[129.89332,33.17227],[129.89326,33.17288],[129.89252,33.17264],[129.89229,33.1712],[129.89207,33.17084],[129.89165,33.17174],[129.89177,33.17282],[129.89156,33.17346],[129.89211,33.17399],[129.89212,33.17437],[129.89172,33.17446],[129.8916,33.17402],[129.89111,33.1746],[129.8899,33.17488]]]},"properties":{"hoanrinKind":"保安林"}},
{"type":"Feature","geometry":{"type":"Polygon","coordinates":[[[129.94096,33.11282],[129.94073,33.11287],[129.93957,33.11269],[129.93873,33.11272],[129.93746,33.1125],[129.93691,33.11221],[129.93574,33.11175],[129.93473,33.11091],[129.93379,33.11085],[129.93322,33.11115],[129.93284,33.11108],[129.93141,33.10993],[129.93191,33.10961],[129.93282,33.10962],[129.93324,33.10975],[129.93395,33.10964],[129.93408,33.1091],[129.93471,33.1088],[129.93452,33.10855],[129.93497,33.10833],[129.93509,33.10892],[129.9355,33.10891],[129.93618,33.10866],[129.93674,33.10888],[129.93767,33.10877],[129.9376,33.1084],[129.93828,33.10853],[129.93885,33.10969],[129.93896,33.1103],[129.93706,33.11004],[129.93653,33.11009],[129.93606,33.1106],[129.93595,33.1112],[129.93651,33.11139],[129.93725,33.11086],[129.93763,33.11071],[129.93814,33.11093],[129.93867,33.11165],[129.93906,33.11177],[129.93974,33.11144],[129.94048,33.11128],[129.94033,33.11069],[129.9408,33.11081],[129.94125,33.1113],[129.94152,33.11118],[129.94148,33.1107],[129.94023,33.10987],[129.93984,33.10912],[129.94052,33.10899],[129.94132,33.10953],[129.94199,33.11053],[129.94246,33.11055],[129.94281,33.10967],[129.94331,33.10977],[129.94332,33.11029],[129.94373,33.11029],[129.94394,33.10974],[129.94405,33.10899],[129.94458,33.10898],[129.9445,33.11016],[129.9446,33.11058],[129.94507,33.11073],[129.94542,33.11015],[129.94538,33.10856],[129.94498,33.10781],[129.94512,33.10704],[129.94546,33.10698],[129.94659,33.10807],[129.94673,33.10892],[129.94697,33.10948],[129.9475,33.10952],[129.94828,33.10828],[129.94903,33.1083],[129.94901,33.10915],[129.94942,33.10932],[129.94992,33.10877],[129.95033,33.10871],[129.95058,33.10906],[129.95083,33.11002],[129.94947,33.11032],[129.94853,33.11067],[129.94784,33.11031],[129.9474,33.11028],[129.94647,33.11114],[129.94571,33.11145],[129.94479,33.11132],[129.94388,33.11157],[129.94328,33.11154],[129.94227,33.1119],[129.94172,33.11243],[129.94096,33.11282]]]},"properties":{"hoanrinKind":"保安林"}},
{"type":"Feature","geometry":{"type":"Polygon","coordinates":[[[130.07727,33.23873],[130.07836,33.2379],[130.07891,33.23739],[130.0794,33.23724],[130.08059,33.23732],[130.08127,33.23784],[130.08136,33.23833],[130.08175,33.23852],[130.08149,33.2389],[130.0819,33.23906],[130.08142,33.24038],[130.08107,33.24106],[130.08,33.24174],[130.07997,33.24224],[130.07923,33.24228],[130.07952,33.24261],[130.07992,33.24363],[130.07928,33.24426],[130.07851,33.24462],[130.07815,33.24385],[130.07776,33.24334],[130.07796,33.24293],[130.07693,33.24152],[130.07644,33.24059],[130.07637,33.23937],[130.07543,33.23994],[130.07453,33.24003],[130.07366,33.23979],[130.07321,33.23951],[130.07247,33.23956],[130.07203,33.2394],[130.07094,33.23939],[130.0711,33.23857],[130.07156,33.23787],[130.07157,33.2375],[130.07196,33.23699],[130.07272,33.23676],[130.07303,33.23691],[130.07303,33.23777],[130.07338,33.23811],[130.07385,33.23817],[130.07472,33.23872],[130.07509,33.2376],[130.07543,33.23686],[130.07543,33.23595],[130.0756,33.23553],[130.07598,33.23516],[130.07661,33.23538],[130.07709,33.23662],[130.07727,33.23873]],[[130.07727,33.23873],[130.07685,33.23913],[130.07641,33.23933],[130.07738,33.24045],[130.0777,33.24149],[130.07835,33.24139],[130.07865,33.24116],[130.07824,33.24061],[130.07766,33.23924],[130.07727,33.23873]]]},"properties":{"hoanrinKind":"保安林"}},
{"type":"Feature","geometry":{"type":"Polygon","coordinates":[[[129.87022,33.2088],[129.86988,33.20951],[129.86963,33.2097],[129.8695,33.21022],[129.86865,33.21063],[129.86887,33.20897],[129.86889,33.20802],[129.86823,33.20781],[129.86755,33.20829],[129.86714,33.20821],[129.86692,33.20788],[129.86709,33.20712],[129.86779,33.2064],[129.86778,33.20601],[129.86837,33.20604],[129.86823,33.20653],[129.86829,33.20695],[129.86889,33.2069],[129.86948,33.20655],[129.87007,33.20564],[129.87063,33.20507],[129.87096,33.20493],[129.87083,33.20443],[129.86996,33.20335],[129.87116,33.20298],[129.87125,33.20231],[129.87158,33.20242],[129.87264,33.20219],[129.87268,33.20145],[129.8729,33.20099],[129.87252,33.20076],[129.87208,33.20085],[129.87091,33.20057],[129.87037,33.19993],[129.87124,33.19983],[129.87159,33.19959],[129.87192,33.19988],[129.8727,33.19982],[129.8733,33.19997],[129.87331,33.20049],[129.87366,33.20081],[129.87361,33.20137],[129.87334,33.20223],[129.87289,33.2024],[129.87302,33.20282],[129.8726,33.20343],[129.87182,33.20435],[129.87161,33.20478],[129.87231,33.20477],[129.87338,33.20562],[129.87375,33.20576],[129.87438,33.20553],[129.87448,33.20597],[129.87437,33.20648],[129.87485,33.20812],[129.87464,33.20841],[129.87426,33.20835],[129.87248,33.20849],[129.87165,33.20841],[129.87101,33.2085],[129.87055,33.20889],[129.87022,33.2088]]]},"properties":{"hoanrinKind":"保安林"}},
{"type":"Feature","geometry":{"type":"Polygon","coordinates":[[[130.06714,33.46328],[130.06655,33.46375],[130.06561,33.46473],[130.06511,33.46496],[130.06384,33.46429],[130.06374,33.46396],[130.06491,33.46363],[130.06379,33.46303],[130.06407,33.46216],[130.06347,33.46217],[130.06335,33.46081],[130.06407,33.46086],[130.0644,33.46101],[130.06472,33.46146],[130.06451,33.46188],[130.06469,33.46264],[130.06522,33.46248],[130.06567,33.46185],[130.06591,33.46109],[130.06592,33.46046],[130.06494,33.45914],[130.06515,33.45876],[130.0656,33.45914],[130.06595,33.45875],[130.06642,33.45852],[130.06637,33.45781],[130.06552,33.45777],[130.06467,33.45808],[130.06391,33.45877],[130.0637,33.45791],[130.06384,33.45701],[130.06416,33.45642],[130.0648,33.456],[130.06605,33.45556],[130.06671,33.45519],[130.07066,33.45437],[130.07091,33.45535],[130.07092,33.45583],[130.07063,33.45697],[130.06953,33.45867],[130.06947,33.45898],[130.06955,33.46069],[130.06948,33.46156],[130.06889,33.46272],[130.06818,33.46249],[130.06767,33.46262],[130.06714,33.46328]],[[130.06688,33.45793],[130.06857,33.45712],[130.06636,33.45735],[130.06636,33.45763],[130.06688,33.45793]]]},"properties":{"hoanrinKind":"保安林"}},
{"type":"Feature","geometry":{"type":"Polygon","coordinates":[[[130.20124,33.47729],[130.20093,33.47766],[130.20083,33.47836],[130.20033,33.4792],[130.20031,33.47969],[130.19964,33.47987],[130.19889,33.4789],[130.19909,33.47814],[130.19873,33.47752],[130.19825,33.47727],[130.19745,33.47741],[130.19694,33.47773],[130.19605,33.47803],[130.19578,33.47776],[130.19538,33.477],[130.19483,33.47626],[130.19435,33.47603],[130.19404,33.47614],[130.19316,33.47602],[130.19223,33.47613],[130.19175,33.47637],[130.19113,33.47611],[130.19099,33.47585],[130.19199,33.47404],[130.19242,33.47359],[130.19328,33.47298],[130.19359,33.47249],[130.19416,33.47226],[130.19478,33.47297],[130.19511,33.47393],[130.19482,33.47466],[130.19413,33.47547],[130.19418,33.47586],[130.1952,33.47589],[130.19587,33.4756],[130.19628,33.47488],[130.19617,33.47398],[130.19665,33.47298],[130.19663,33.4722],[130.1974,33.47136],[130.1985,33.4717],[130.19903,33.47127],[130.19968,33.47131],[130.19991,33.4717],[130.19972,33.47198],[130.20032,33.47258],[130.19931,33.4731],[130.19945,33.4735],[130.20083,33.47356],[130.20135,33.47402],[130.20158,33.47498],[130.2019,33.47522],[130.20257,33.47529],[130.20184,33.47711],[130.20124,33.47729]],[[130.19976,33.47627],[130.20037,33.47614],[130.20034,33.4753],[130.19897,33.47538],[130.19867,33.47508],[130.19844,33.47397],[130.19813,33.47378],[130.19773,33.4741],[130.19766,33.47508],[130.19808,33.47541],[130.19976,33.47627]]]},"properties":{"hoanrinKind":"保安林"}},
{"type":"Feature","geometry":{"type":"Polygon","coordinates":[[[130.05981,33.24082],[130.06046,33.24172],[130.0593,33.241],[130.05784,33.2405],[130.05696,33.23999],[130.05607,33.23931],[130.05579,33.23895],[130.05503,33.2396],[130.05388,33.24004],[130.05365,33.23987],[130.05316,33.24012],[130.05235,33.23997],[130.0519,33.23959],[130.05138,33.23751],[130.05093,33.2368],[130.0508,33.23586],[130.05126,33.23556],[130.05188,33.23535],[130.0525,33.23537],[130.05252,33.23579],[130.0522,33.23629],[130.05244,33.23686],[130.05301,33.23711],[130.05266,33.23786],[130.05277,33.2382],[130.05327,33.23808],[130.05342,33.23737],[130.05432,33.23706],[130.0543,33.23659],[130.05454,33.23587],[130.05435,33.23483],[130.05471,33.23439],[130.05513,33.23466],[130.0554,33.23608],[130.05591,33.23663],[130.05681,33.23714],[130.05695,33.23772],[130.05726,33.23791],[130.0577,33.23781],[130.05817,33.23798],[130.05891,33.23883],[130.05926,33.23863],[130.05917,33.23798],[130.06003,33.23806],[130.06071,33.23789],[130.06001,33.23938],[130.05985,33.24037],[130.06029,33.24026],[130.06032,33.23987],[130.0606,33.23966],[130.06048,33.23918],[130.06091,33.23912],[130.06129,33.23813],[130.062,33.23804],[130.0623,33.23894],[130.0623,33.23982],[130.06209,33.24005],[130.06146,33.2401],[130.06145,33.23966],[130.06217,33.23946],[130.06209,33.23877],[130.06156,33.23843],[130.06119,33.2389],[130.06071,33.23976],[130.06046,33.24069],[130.05981,33.24082]]]},"properties":{"hoanrinKind":"保安林"}},
{"type":"Feature","geometry":{"type":"Polygon","coordinates":[[[130.06212,33.24151],[130.06175,33.2415],[130.06125,33.24181],[130.06092,33.24088],[130.06111,33.24051],[130.06198,33.24063],[130.06251,33.241],[130.06212,33.24151]]]},"properties":{"hoanrinKind":"保安林"}},
{"type":"Feature","geometry":{"type":"Polygon","coordinates":[[[130.06537,33.24333],[130.06501,33.24347],[130.06457,33.24397],[130.06402,33.24393],[130.06352,33.2437],[130.06199,33.24272],[130.06242,33.2424],[130.06295,33.24152],[130.06316,33.23947],[130.06365,33.23931],[130.06365,33.24058],[130.06429,33.2404],[130.06436,33.24096],[130.06366,33.24168],[130.06398,33.24177],[130.0643,33.24226],[130.06458,33.24178],[130.06517,33.24179],[130.06536,33.24243],[130.06573,33.2425],[130.06611,33.24302],[130.06587,33.24326],[130.06537,33.24333]]]},"properties":{"hoanrinKind":"保安林"}},
{"type":"Feature","geometry":{"type":"Polygon","coordinates":[[[129.97829,33.06884],[129.97713,33.06911],[129.97702,33.06792],[129.9782,33.06673],[129.97796,33.06498],[129.97797,33.06459],[129.97723,33.06223],[129.97661,33.06219],[129.97588,33.06192],[129.97524,33.0614],[129.97469,33.0612],[129.97467,33.06066],[129.97501,33.05984],[129.97478,33.05958],[129.97585,33.05875],[129.9766,33.05838],[129.97736,33.05814],[129.97804,33.05742],[129.97935,33.0571],[129.97956,33.05715],[129.98001,33.05813],[129.9808,33.05849],[129.98155,33.0593],[129.98313,33.0606],[129.98323,33.06146],[129.98255,33.06149],[129.98207,33.06087],[129.98165,33.06118],[129.98264,33.06175],[129.98244,33.06238],[129.98152,33.06239],[129.9808,33.06223],[129.9804,33.0625],[129.9801,33.06418],[129.98026,33.06532],[129.98058,33.06599],[129.98113,33.06671],[129.9818,33.06739],[129.98184,33.06797],[129.9817,33.06843],[129.98105,33.06899],[129.98056,33.06909],[129.97981,33.069],[129.97917,33.06876],[129.97829,33.06884]],[[129.98029,33.06135],[129.98078,33.06145],[129.98107,33.06112],[129.98112,33.06033],[129.98023,33.06019],[129.97947,33.05976],[129.97878,33.06022],[129.9781,33.06023],[129.97798,33.0596],[129.97741,33.05954],[129.97713,33.05933],[129.9764,33.05924],[129.97601,33.05977],[129.97608,33.06108],[129.9762,33.06129],[129.97736,33.06085],[129.97818,33.06111],[129.97898,33.06108],[129.97914,33.06067],[129.97961,33.06013],[129.98001,33.06066],[129.98029,33.06135]]]},"properties":{"hoanrinKind":"保安林"}},
{"type":"Feature","geometry":{"type":"Polygon","coordinates":[[[129.80418,33.29095],[129.80419,33.29116],[129.80266,33.29124],[129.80213,33.29167],[129.8014,33.29189],[129.80093,33.29165],[129.80035,33.2907],[129.79941,33.2908],[129.79817,33.29038],[129.79815,33.28969],[129.79853,33.28899],[129.79943,33.28799],[129.8009,33.28759],[129.80134,33.28735],[129.80205,33.28719],[129.80227,33.28666],[129.80295,33.28608],[129.80339,33.28591],[129.8037,33.28538],[129.80528,33.28459],[129.80616,33.28424],[129.80676,33.2845],[129.80882,33.2834],[129.80914,33.28287],[129.80952,33.28312],[129.8101,33.28303],[129.81076,33.28317],[129.81101,33.28287],[129.81024,33.28245],[129.81054,33.28177],[129.81075,33.2817],[129.81048,33.28094],[129.8107,33.28022],[129.81124,33.28],[129.81231,33.28006],[129.81274,33.28038],[129.81288,33.28093],[129.81263,33.28128],[129.81264,33.28169],[129.81315,33.28181],[129.81328,33.28116],[129.81394,33.28151],[129.81403,33.28218],[129.81348,33.2831],[129.81202,33.28332],[129.81162,33.284],[129.81128,33.28428],[129.81107,33.28476],[129.81057,33.28495],[129.80989,33.2845],[129.80938,33.28466],[129.80957,33.28509],[129.80934,33.28538],[129.80863,33.2854],[129.80798,33.28567],[129.80782,33.28633],[129.80702,33.28665],[129.80641,33.28724],[129.80549,33.28726],[129.80489,33.28754],[129.80481,33.28796],[129.80533,33.28839],[129.80532,33.28971],[129.80497,33.28996],[129.80383,33.29016],[129.80418,33.29095]]]},"properties":{"hoanrinKind":"保安林"}},
{"type":"Feature","geometry":{"type":"Polygon","coordinates":[[[130.31577,33.4145],[130.31618,33.41638],[130.31571,33.41623],[130.31519,33.41554],[130.3146,33.41515],[130.31417,33.41421],[130.31412,33.41309],[130.31267,33.41204],[130.31229,33.41194],[130.31098,33.41233],[130.31027,33.41217],[130.30957,33.41162],[130.30926,33.41164],[130.30806,33.41274],[130.30716,33.41293],[130.30647,33.41263],[130.3059,33.41226],[130.30525,33.41157],[130.30451,33.41149],[130.3028,33.41074],[130.30193,33.41071],[130.30195,33.41036],[130.30161,33.41],[130.30085,33.41016],[130.30017,33.40936],[130.2999,33.40836],[130.30013,33.40761],[130.30075,33.40694],[130.30145,33.40561],[130.30264,33.40537],[130.30396,33.40544],[130.30459,33.40613],[130.30432,33.40667],[130.30332,33.40705],[130.30181,33.40743],[130.30122,33.40784],[130.30132,33.40806],[130.30289,33.40775],[130.30335,33.4081],[130.30363,33.40867],[130.30414,33.4093],[130.30488,33.40898],[130.30577,33.40927],[130.3049,33.40975],[130.30477,33.41001],[130.30518,33.41049],[130.30583,33.41075],[130.3063,33.41062],[130.30654,33.41027],[130.30688,33.40939],[130.30744,33.40869],[130.30776,33.40802],[130.30776,33.4075],[130.30735,33.40639],[130.30811,33.40618],[130.30843,33.40636],[130.30951,33.40735],[130.30931,33.40777],[130.30881,33.40798],[130.30887,33.40832],[130.30956,33.40837],[130.30987,33.4086],[130.31035,33.40935],[130.31014,33.40967],[130.31037,33.41039],[130.3115,33.41099],[130.31197,33.41083],[130.31172,33.41006],[130.31181,33.40957],[130.31288,33.40909],[130.31317,33.40913],[130.31349,33.40954],[130.31399,33.40986],[130.31416,33.41035],[130.3149,33.41118],[130.31497,33.41204],[130.31529,33.41277],[130.31517,33.41405],[130.31568,33.41412],[130.31577,33.4145]],[[130.30179,33.40895],[130.30132,33.40937],[130.30215,33.40992],[130.30266,33.40984],[130.30285,33.40928],[130.30265,33.4091],[130.303,33.40849],[130.30284,33.40826],[130.30209,33.40852],[130.30179,33.40895]]]},"properties":{"hoanrinKind":"保安林"}},
{"type":"Feature","geometry":{"type":"Polygon","coordinates":[[[130.22797,33.37355],[130.22814,33.37379],[130.22829,33.37495],[130.22797,33.3754],[130.22762,33.37548],[130.22705,33.37514],[130.22668,33.37414],[130.22674,33.37238],[130.22637,33.37198],[130.22571,33.37192],[130.22468,33.37127],[130.22449,33.37076],[130.22461,33.37004],[130.22322,33.36864],[130.22252,33.36826],[130.22197,33.36821],[130.22141,33.36779],[130.22103,33.36729],[130.22033,33.36703],[130.21945,33.36724],[130.21886,33.36663],[130.21868,33.36617],[130.21863,33.36352],[130.21902,33.36299],[130.21969,33.36318],[130.22093,33.36442],[130.22109,33.36492],[130.22162,33.36512],[130.22257,33.36589],[130.22316,33.36627],[130.22388,33.3664],[130.22482,33.36629],[130.22486,33.3665],[130.22438,33.36714],[130.22439,33.36771],[130.22467,33.36786],[130.22638,33.36784],[130.22712,33.36767],[130.22796,33.36667],[130.2291,33.3661],[130.23037,33.3663],[130.23111,33.36658],[130.231,33.36693],[130.23026,33.36804],[130.23029,33.36886],[130.23085,33.37005],[130.23127,33.37065],[130.2317,33.3719],[130.23162,33.37237],[130.23093,33.37233],[130.22981,33.37212],[130.22877,33.37209],[130.22814,33.37221],[130.22775,33.37277],[130.22797,33.37355]],[[130.22355,33.36747],[130.22322,33.36763],[130.22337,33.36826],[130.22398,33.36816],[130.22394,33.36755],[130.22355,33.36747]]]},"properties":{"hoanrinKind":"保安林"}},
{"type":"Feature","geometry":{"type":"Polygon","coordinates":[[[130.16283,32.96527],[130.16224,32.96553],[130.16155,32.96558],[130.16081,32.96548],[130.15985,32.96496],[130.16018,32.96447],[130.16108,32.96474],[130.16163,32.96519],[130.1618,32.96502],[130.1616,32.96415],[130.16096,32.96344],[130.16059,32.96329],[130.16067,32.96233],[130.16147,32.96185],[130.16152,32.96292],[130.16201,32.96339],[130.16229,32.96409],[130.16232,32.96475],[130.16278,32.96495],[130.16283,32.96527]]]},"properties":{"hoanrinKind":"保安林"}},
{"type":"Feature","geometry":{"type":"Polygon","coordinates":[[[130.16876,32.96465],[130.16798,32.96548],[130.16749,32.9656],[130.16679,32.96556],[130.16592,32.9649],[130.16532,32.96432],[130.1651,32.96374],[130.16477,32.96336],[130.16426,32.96315],[130.16365,32.96261],[130.16431,32.96217],[130.16521,32.96303],[130.16586,32.96412],[130.16641,32.96456],[130.16685,32.9642],[130.16801,32.96349],[130.16815,32.96315],[130.16784,32.9627],[130.16661,32.96212],[130.16622,32.96178],[130.1671,32.96144],[130.16754,32.96181],[130.1679,32.96175],[130.16926,32.96379],[130.16876,32.96465]]]},"properties":{"hoanrinKind":"保安林"}},
{"type":"Feature","geometry":{"type":"Polygon","coordinates":[[[130.16116,32.96652],[130.16104,32.96703],[130.15967,32.96663],[130.15884,32.96652],[130.15745,32.96646],[130.15641,32.96622],[130.15598,32.96578],[130.15515,32.96413],[130.15512,32.96335],[130.1555,32.96354],[130.15556,32.96443],[130.15594,32.9645],[130.15702,32.96509],[130.1576,32.96486],[130.15935,32.96584],[130.16075,32.9658],[130.16147,32.9659],[130.16116,32.96652]]]},"properties":{"hoanrinKind":"保安林"}},
{"type":"Feature","geometry":{"type":"Polygon","coordinates":[[[129.87154,33.17624],[129.87041,33.17641],[129.87004,33.17611],[129.86958,33.17634],[129.86923,33.1762],[129.8695,33.1754],[129.86941,33.17424],[129.8693,33.17377],[129.86865,33.17351],[129.86828,33.17437],[129.86671,33.17438],[129.86696,33.1741],[129.86689,33.17373],[129.86619,33.17348],[129.86539,33.1735],[129.86505,33.17367],[129.86374,33.17351],[129.86421,33.17315],[129.86462,33.17311],[129.86632,33.17245],[129.86632,33.17226],[129.86542,33.17175],[129.86386,33.17211],[129.86362,33.17197],[129.8636,33.17142],[129.8634,33.17098],[129.86422,33.17069],[129.86476,33.17035],[129.86548,33.1697],[129.86616,33.1696],[129.86672,33.16933],[129.86797,33.16909],[129.86937,33.16908],[129.86991,33.16868],[129.87078,33.16775],[129.87202,33.16682],[129.87246,33.16626],[129.87261,33.16535],[129.87287,33.16506],[129.87397,33.16471],[129.87466,33.16469],[129.87424,33.16582],[129.87442,33.16633],[129.87485,33.16679],[129.87469,33.1675],[129.87405,33.16797],[129.87313,33.16898],[129.87275,33.16961],[129.87212,33.17023],[129.87183,33.17078],[129.8719,33.17136],[129.87225,33.17251],[129.87157,33.17341],[129.87209,33.17443],[129.87203,33.17499],[129.87154,33.17624]],[[129.86819,33.17344],[129.8692,33.17286],[129.86913,33.17261],[129.8681,33.17214],[129.86756,33.17216],[129.8672,33.17266],[129.86725,33.17297],[129.86819,33.17344]]]},"properties":{"hoanrinKind":"保安林"}},
{"type":"Feature","geometry":{"type":"Polygon","coordinates":[[[129.90502,33.31293],[129.90492,33.31344],[129.90512,33.31392],[129.90491,33.31454],[129.90223,33.31312],[129.89979,33.31141],[129.8989,33.311],[129.89952,33.31048],[129.89969,33.31014],[129.89975,33.30927],[129.8993,33.30844],[129.89895,33.30823],[129.89921,33.30782],[129.89913,33.30741],[129.89868,33.30745],[129.89852,33.30831],[129.89823,33.30892],[129.89758,33.3097],[129.89763,33.31011],[129.89672,33.31024],[129.89552,33.31003],[129.89455,33.31023],[129.89374,33.31053],[129.89334,33.30991],[129.89355,33.30961],[129.89335,33.30918],[129.89399,33.30868],[129.89517,33.30908],[129.89553,33.30899],[129.89584,33.30816],[129.8963,33.30817],[129.89676,33.30839],[129.89744,33.30813],[129.89739,33.3078],[129.89703,33.30726],[129.89714,33.3066],[129.89763,33.30618],[129.89795,33.30618],[129.89894,33.30651],[129.89938,33.30586],[129.89952,33.3052],[129.90061,33.30501],[129.90067,33.30468],[129.90117,33.30476],[129.90068,33.30607],[129.90072,33.30687],[129.90147,33.30667],[129.90201,33.30617],[129.90238,33.3061],[129.9028,33.30557],[129.9029,33.30501],[129.90337,33.30456],[129.90404,33.30514],[129.90441,33.3052],[129.90478,33.3049],[129.90471,33.30438],[129.90527,33.30415],[129.90584,33.30424],[129.90645,33.30382],[129.9067,33.30405],[129.90653,33.30482],[129.90578,33.30546],[129.90555,33.3058],[129.90472,33.30618],[129.90434,33.30665],[129.90323,33.30733],[129.90326,33.30771],[129.90397,33.30745],[129.90514,33.30684],[129.90564,33.30725],[129.90518,33.30762],[129.90491,33.30734],[129.90454,33.30738],[129.90413,33.30787],[129.90363,33.30804],[129.90252,33.30824],[129.90258,33.30921],[129.90237,33.30951],[129.90089,33.30931],[129.90052,33.30978],[129.90044,33.31066],[129.90092,33.31062],[129.90124,33.31019],[129.90216,33.31034],[129.90254,33.31012],[129.90301,33.31011],[129.90377,33.31048],[129.905,33.31137],[129.90535,33.31182],[129.90554,33.31233],[129.90546,33.31279],[129.90502,33.31293]],[[129.90107,33.30791],[129.90159,33.30803],[129.90279,33.30742],[129.90202,33.30712],[129.90107,33.30791]]]},"properties":{"hoanrinKind":"保安林"}},
{"type":"Feature","geometry":{"type":"Polygon","coordinates":[[[130.24588,33.419],[130.24537,33.41905],[130.24451,33.41855],[130.24407,33.41779],[130.24316,33.41786],[130.24298,33.41756],[130.24225,33.41699],[130.24333,33.41695],[130.24379,33.41655],[130.24371,33.41569],[130.24299,33.41525],[130.24304,33.41462],[130.2435,33.41384],[130.2436,33.41345],[130.24316,33.41119],[130.24359,33.41075],[130.24478,33.41101],[130.24544,33.41087],[130.2458,33.41031],[130.24622,33.40999],[130.24666,33.4092],[130.2474,33.40946],[130.24835,33.41018],[130.24843,33.41052],[130.24833,33.4113],[130.24799,33.41176],[130.24755,33.412],[130.24623,33.41249],[130.24627,33.41294],[130.24613,33.41395],[130.24535,33.41439],[130.24529,33.41461],[130.24578,33.41506],[130.24615,33.41574],[130.24575,33.41717],[130.24573,33.41803],[130.24588,33.419]]]},"properties":{"hoanrinKind":"保安林"}},
{"type":"Feature","geometry":{"type":"Polygon","coordinates":[[[130.2422,33.42442],[130.2419,33.42468],[130.24117,33.42571],[130.2409,33.42536],[130.24103,33.42467],[130.24087,33.4244],[130.24096,33.42384],[130.24087,33.4232],[130.23948,33.42216],[130.23903,33.42136],[130.23877,33.42132],[130.23834,33.42044],[130.23849,33.42013],[130.23899,33.41981],[130.24013,33.41926],[130.243,33.4182],[130.24362,33.41882],[130.24429,33.41926],[130.24572,33.42038],[130.24573,33.4209],[130.24551,33.42148],[130.24521,33.42179],[130.24374,33.42177],[130.24309,33.42163],[130.24272,33.4217],[130.24259,33.42218],[130.24332,33.42227],[130.24447,33.42297],[130.24504,33.4235],[130.24504,33.42392],[130.24405,33.42456],[130.24373,33.42462],[130.24288,33.42422],[130.2422,33.42442]]]},"properties":{"hoanrinKind":"保安林"}},
{"type":"Feature","geometry":{"type":"Polygon","coordinates":[[[130.00402,33.05872],[130.00286,33.05937],[130.00245,33.05999],[130.00157,33.06073],[130.00113,33.06087],[130.00049,33.06042],[129.99979,33.06013],[129.9995,33.05918],[129.99902,33.05878],[129.99744,33.05837],[129.99688,33.05779],[129.99592,33.05764],[129.99451,33.05682],[129.99352,33.05676],[129.99262,33.05719],[129.99223,33.05777],[129.99084,33.0586],[129.98996,33.05868],[129.98898,33.05903],[129.98855,33.05972],[129.98779,33.0603],[129.9863,33.06039],[129.98528,33.06024],[129.9849,33.05967],[129.98547,33.05939],[129.98569,33.05895],[129.98566,33.05837],[129.98607,33.05813],[129.98614,33.05779],[129.98588,33.05726],[129.98679,33.05621],[129.98716,33.05592],[129.98805,33.05563],[129.98821,33.05543],[129.98816,33.05388],[129.98823,33.05336],[129.98877,33.05313],[129.98951,33.05339],[129.99162,33.05338],[129.99251,33.05325],[129.99303,33.0533],[129.9934,33.05365],[129.99353,33.05411],[129.99409,33.05416],[129.99613,33.05456],[129.99613,33.05493],[129.99674,33.05583],[129.99678,33.05687],[129.99798,33.0572],[129.99798,33.05798],[129.99861,33.0585],[130.0013,33.05856],[130.00175,33.05798],[130.00284,33.0575],[130.00289,33.05685],[130.00368,33.05701],[130.00427,33.05734],[130.00454,33.05789],[130.00439,33.05835],[130.00402,33.05872]],[[129.98916,33.05547],[129.98932,33.05589],[129.98989,33.05592],[129.9903,33.05549],[129.99093,33.05543],[129.99187,33.05513],[129.99237,33.05514],[129.99359,33.05481],[129.99368,33.0543],[129.99312,33.05455],[129.98969,33.0554],[129.98916,33.05547]]]},"properties":{"hoanrinKind":"保安林"}},
{"type":"Feature","geometry":{"type":"Polygon","coordinates":[[[130.15892,33.3596],[130.15799,33.35944],[130.15786,33.35906],[130.15838,33.35887],[130.15891,33.3589],[130.15986,33.3583],[130.1609,33.35824],[130.16112,33.35901],[130.16021,33.35924],[130.15957,33.35894],[130.1594,33.3595],[130.15892,33.3596]]]},"properties":{"hoanrinKind":"保安林"}},
{"type":"Feature","geometry":{"type":"Polygon","coordinates":[[[130.15317,33.36603],[130.15302,33.36642],[130.15231,33.36573],[130.15232,33.3654],[130.15304,33.36451],[130.1529,33.36371],[130.1524,33.36324],[130.15176,33.36319],[130.1507,33.36341],[130.14896,33.36311],[130.14868,33.36242],[130.14887,33.3618],[130.15004,33.36138],[130.15065,33.36105],[130.15134,33.36033],[130.15117,33.36009],[130.1514,33.35896],[130.152,33.35937],[130.15169,33.35966],[130.15186,33.35992],[130.15237,33.36004],[130.1531,33.36002],[130.15377,33.35942],[130.15467,33.36012],[130.15512,33.36082],[130.15542,33.36086],[130.15667,33.3605],[130.15723,33.36054],[130.15745,33.36088],[130.15851,33.36085],[130.15894,33.36022],[130.16,33.35979],[130.16034,33.35999],[130.16105,33.35982],[130.16103,33.36022],[130.16023,33.36045],[130.15994,33.36076],[130.16036,33.36141],[130.16098,33.36151],[130.16132,33.36126],[130.1623,33.36111],[130.16236,33.36019],[130.1631,33.35993],[130.16404,33.35989],[130.16416,33.36058],[130.16454,33.36127],[130.16409,33.36213],[130.16364,33.36232],[130.16278,33.36222],[130.16245,33.36286],[130.16225,33.36287],[130.16174,33.36234],[130.16137,33.36246],[130.16116,33.36298],[130.16084,33.36326],[130.15946,33.36397],[130.15875,33.364],[130.15807,33.36465],[130.1576,33.36472],[130.15814,33.36378],[130.15761,33.36363],[130.15721,33.36407],[130.15715,33.36453],[130.15629,33.36505],[130.1551,33.36601],[130.15441,33.36607],[130.15399,33.36634],[130.15317,33.36603]]]},"properties":{"hoanrinKind":"保安林"}},
{"type":"Feature","geometry":{"type":"Polygon","coordinates":[[[129.85167,33.3213],[129.85114,33.32148],[129.8509,33.32202],[129.85085,33.32267],[129.84894,33.32316],[129.84816,33.32263],[129.84774,33.32193],[129.8479,33.32118],[129.84825,33.32113],[129.84841,33.32071],[129.84885,33.32056],[129.84892,33.32013],[129.84859,33.31975],[129.84751,33.32005],[129.84711,33.31998],[129.84596,33.32003],[129.84554,33.31987],[129.84552,33.31955],[129.84662,33.3185],[129.84666,33.3181],[129.84435,33.31825],[129.84369,33.31807],[129.84374,33.31745],[129.84428,33.31662],[129.84441,33.31574],[129.84524,33.31501],[129.8456,33.3143],[129.84599,33.31436],[129.84646,33.31377],[129.84765,33.31363],[129.84811,33.31368],[129.84913,33.31423],[129.85067,33.31454],[129.85123,33.31478],[129.85149,33.31518],[129.8513,33.31549],[129.85163,33.31569],[129.85232,33.31566],[129.85326,33.31598],[129.85337,33.31619],[129.85304,33.31695],[129.85395,33.31746],[129.85474,33.31725],[129.855,33.31685],[129.85543,33.31691],[129.85546,33.31755],[129.856,33.31887],[129.85586,33.31958],[129.85453,33.31988],[129.8541,33.31973],[129.85368,33.31994],[129.8528,33.31994],[129.8524,33.32017],[129.85167,33.3213]]]},"properties":{"hoanrinKind":"保安林"}},
{"type":"Feature","geometry":{"type":"Polygon","coordinates":[[[129.78406,33.28783],[129.78381,33.28854],[129.78189,33.28874],[129.78108,33.28892],[129.78046,33.28961],[129.78036,33.29046],[129.77954,33.29068],[129.77853,33.28991],[129.77826,33.28914],[129.77847,33.28887],[129.77825,33.28792],[129.77865,33.28754],[129.77967,33.28759],[129.78013,33.28686],[129.78139,33.28646],[129.78217,33.28556],[129.78245,33.28542],[129.78389,33.28517],[129.78419,33.2854],[129.78486,33.28513],[129.78475,33.28444],[129.78423,33.28424],[129.78233,33.28416],[129.78058,33.28506],[129.78024,33.28461],[129.78011,33.28397],[129.77984,33.2833],[129.7806,33.28296],[129.78282,33.28293],[129.78428,33.28276],[129.78524,33.28276],[129.78593,33.28212],[129.78651,33.28204],[129.78776,33.28232],[129.78822,33.28219],[129.78958,33.28123],[129.7902,33.28128],[129.79036,33.28149],[129.79091,33.28137],[129.79168,33.28181],[129.79137,33.28226],[129.79155,33.28271],[129.79163,33.28352],[129.79179,33.28379],[129.79092,33.28449],[129.79045,33.28547],[129.79078,33.28567],[129.79165,33.28537],[129.79279,33.28539],[129.79331,33.28425],[129.79339,33.28354],[129.79317,33.28311],[129.7946,33.28323],[129.79419,33.28371],[129.79431,33.28387],[129.79519,33.28374],[129.7958,33.28433],[129.79609,33.28426],[129.79584,33.28344],[129.79621,33.28325],[129.79655,33.28357],[129.79711,33.28336],[129.79829,33.28409],[129.79871,33.28365],[129.79889,33.28286],[129.79917,33.28273],[129.80052,33.28286],[129.80165,33.28266],[129.80205,33.28273],[129.80234,33.28221],[129.80271,33.28256],[129.80198,33.28297],[129.80169,33.2834],[129.80187,33.284],[129.80143,33.28414],[129.80135,33.28473],[129.80083,33.28469],[129.80015,33.28425],[129.79952,33.28418],[129.79891,33.28466],[129.79773,33.28518],[129.79701,33.28514],[129.79635,33.28555],[129.79588,33.28516],[129.79453,33.2848],[129.79405,33.28483],[129.79241,33.28575],[129.79032,33.28614],[129.78975,33.28684],[129.78934,33.28708],[129.78882,33.28714],[129.78828,33.28693],[129.78832,33.28634],[129.78932,33.28542],[129.79005,33.28432],[129.78985,33.28364],[129.78913,33.28342],[129.7887,33.28342],[129.78778,33.28397],[129.78657,33.28423],[129.78607,33.28477],[129.78554,33.28569],[129.78468,33.28624],[129.78352,33.28661],[129.783,33.28703],[129.78292,33.28742],[129.78406,33.28783]]]},"properties":{"hoanrinKind":"保安林"}},
{"type":"Feature","geometry":{"type":"Polygon","coordinates":[[[130.04122,33.30869],[130.04019,33.30909],[130.03979,33.30937],[130.03943,33.30926],[130.04131,33.30799],[130.04162,33.30813],[130.04179,33.30887],[130.04122,33.30869]]]},"properties":{"hoanrinKind":"保安林"}},
{"type":"Feature","geometry":{"type":"Polygon","coordinates":[[[130.04093,33.31914],[130.03992,33.31909],[130.03938,33.31855],[130.03936,33.31785],[130.03918,33.3173],[130.03884,33.31709],[130.03885,33.3182],[130.03822,33.31803],[130.03832,33.31695],[130.03877,33.31688],[130.04019,33.31818],[130.04099,33.31817],[130.04075,33.31749],[130.03878,33.31595],[130.03865,33.31531],[130.03769,33.31451],[130.03772,33.31496],[130.03711,33.31527],[130.03683,33.31384],[130.03644,33.31342],[130.03432,33.31338],[130.03389,33.31333],[130.03299,33.31455],[130.03165,33.31483],[130.03148,33.31539],[130.03116,33.31549],[130.03079,33.31596],[130.03073,33.31663],[130.03119,33.3169],[130.03136,33.31723],[130.03078,33.3177],[130.03032,33.31781],[130.02984,33.31772],[130.02909,33.31718],[130.029,33.3166],[130.02913,33.31612],[130.03017,33.3154],[130.03055,33.31462],[130.0302,33.31273],[130.03044,33.31261],[130.03168,33.31262],[130.03276,33.31236],[130.03334,33.31196],[130.03429,33.31171],[130.0353,33.31179],[130.03647,33.31214],[130.03722,33.31209],[130.0386,33.31164],[130.03903,33.31157],[130.03926,33.31128],[130.03932,33.31025],[130.03981,33.30974],[130.04048,33.30943],[130.04099,33.30905],[130.04111,33.3094],[130.04088,33.30977],[130.0417,33.3097],[130.04086,33.31041],[130.04032,33.31152],[130.04043,33.31205],[130.04114,33.31214],[130.04204,33.31182],[130.04239,33.31142],[130.04314,33.3109],[130.04359,33.31094],[130.0449,33.31141],[130.04612,33.3116],[130.04791,33.31202],[130.04815,33.3124],[130.04799,33.31281],[130.04731,33.31333],[130.04564,33.31391],[130.04368,33.31492],[130.04333,33.31527],[130.04322,33.31566],[130.04308,33.31706],[130.04249,33.3177],[130.04169,33.31803],[130.04189,33.31871],[130.04093,33.31914]]]},"properties":{"hoanrinKind":"保安林"}},
{"type":"Feature","geometry":{"type":"Polygon","coordinates":[[[130.16489,33.3796],[130.16399,33.38031],[130.16378,33.37961],[130.164,33.37933],[130.16356,33.37912],[130.16323,33.37925],[130.16281,33.37988],[130.16239,33.37997],[130.16212,33.37959],[130.16105,33.37941],[130.16089,33.37911],[130.16124,33.37825],[130.16116,33.37788],[130.16051,33.37665],[130.15971,33.37603],[130.15934,33.37551],[130.15914,33.37457],[130.15915,33.37388],[130.15856,33.37351],[130.15682,33.37382],[130.15555,33.37388],[130.15477,33.37409],[130.15367,33.37474],[130.15214,33.37498],[130.15174,33.37461],[130.15174,33.37413],[130.15204,33.37302],[130.1527,33.37244],[130.1541,33.37248],[130.1548,33.37231],[130.15661,33.3712],[130.15785,33.37091],[130.16137,33.37093],[130.16152,33.37008],[130.16201,33.3692],[130.16208,33.36848],[130.16185,33.36756],[130.16214,33.3666],[130.16263,33.3664],[130.1639,33.36699],[130.16358,33.36724],[130.16378,33.36775],[130.16428,33.36759],[130.1641,33.3684],[130.16333,33.36891],[130.16354,33.36958],[130.16406,33.37051],[130.16452,33.37112],[130.16495,33.37128],[130.16544,33.37121],[130.16639,33.37086],[130.16708,33.37096],[130.1672,33.37126],[130.16751,33.37312],[130.16724,33.37432],[130.16737,33.37495],[130.1676,33.37533],[130.1673,33.3759],[130.16579,33.37602],[130.16391,33.37608],[130.16456,33.37664],[130.16456,33.37705],[130.1638,33.37761],[130.16397,33.37772],[130.16619,33.37712],[130.16651,33.37722],[130.16583,33.37831],[130.16536,33.37875],[130.16489,33.3796]],[[130.16221,33.37354],[130.16188,33.37366],[130.16193,33.37441],[130.16262,33.3751],[130.16348,33.375],[130.16404,33.37439],[130.16406,33.37323],[130.16398,33.37256],[130.1635,33.37242],[130.16328,33.37303],[130.16221,33.37354]]]},"properties":{"hoanrinKind":"保安林"}},
{"type":"Feature","geometry":{"type":"Polygon","coordinates":[[[129.92524,33.17818],[129.92507,33.17849],[129.9256,33.17877],[129.92503,33.1793],[129.92424,33.1793],[129.92392,33.17869],[129.92317,33.17842],[129.92273,33.17786],[129.92288,33.1771],[129.92294,33.17572],[129.92355,33.17442],[129.92319,33.17396],[129.92258,33.17385],[129.92239,33.17348],[129.92258,33.17271],[129.9223,33.17259],[129.92163,33.17172],[129.92028,33.17161],[129.92054,33.17297],[129.92062,33.17424],[129.92027,33.1753],[129.92022,33.17595],[129.92044,33.17716],[129.9204,33.17775],[129.92014,33.17816],[129.91902,33.17821],[129.91809,33.17869],[129.91788,33.17544],[129.91792,33.17361],[129.91761,33.17186],[129.91695,33.17185],[129.91639,33.1717],[129.91587,33.17139],[129.9153,33.17072],[129.91498,33.17057],[129.91419,33.17053],[129.91402,33.1699],[129.91358,33.16955],[129.91308,33.16939],[129.91214,33.16949],[129.91187,33.16898],[129.91217,33.16852],[129.91277,33.16918],[129.91348,33.1695],[129.9135,33.16895],[129.91414,33.16815],[129.91412,33.16738],[129.91373,33.16655],[129.91499,33.16642],[129.91622,33.16639],[129.91733,33.16675],[129.9179,33.16708],[129.9188,33.16796],[129.91991,33.16813],[129.92019,33.16802],[129.92075,33.16816],[129.92058,33.16872],[129.9199,33.16923],[129.92055,33.16958],[129.92121,33.16945],[129.92181,33.1696],[129.92243,33.16922],[129.92293,33.16978],[129.92326,33.1696],[129.92355,33.1699],[129.92492,33.17048],[129.92506,33.17027],[129.92475,33.16983],[129.92566,33.17006],[129.92625,33.17047],[129.92663,33.1709],[129.92685,33.1716],[129.92667,33.17229],[129.92607,33.17348],[129.92562,33.17475],[129.92578,33.17573],[129.92544,33.17581],[129.92533,33.17616],[129.92563,33.17728],[129.92539,33.1776],[129.92559,33.17797],[129.92524,33.17818]]]},"properties":{"hoanrinKind":"保安林"}},
{"type":"Feature","geometry":{"type":"Polygon","coordinates":[[[130.13145,33.01624],[130.13088,33.01635],[130.12947,33.01686],[130.12863,33.01689],[130.12683,33.01725],[130.12533,33.01728],[130.12468,33.017],[130.12321,33.01567],[130.12232,33.0153],[130.12058,33.01605],[130.1199,33.01602],[130.11927,33.01545],[130.11848,33.01436],[130.1181,33.01419],[130.11681,33.01402],[130.11658,33.01388],[130.11627,33.0132],[130.11569,33.01264],[130.11552,33.01157],[130.11522,33.01082],[130.11507,33.01002],[130.11516,33.00962],[130.11613,33.00985],[130.11757,33.01064],[130.11987,33.01227],[130.12106,33.01281],[130.12195,33.01332],[130.12298,33.01338],[130.12356,33.01351],[130.12471,33.01448],[130.12507,33.01469],[130.12607,33.01475],[130.12642,33.01434],[130.12627,33.01374],[130.12557,33.01319],[130.12416,33.01239],[130.12324,33.01177],[130.12285,33.01126],[130.1235,33.01105],[130.12501,33.01101],[130.12544,33.01153],[130.1267,33.01205],[130.12698,33.0124],[130.12763,33.01282],[130.12869,33.01276],[130.12954,33.01303],[130.13008,33.01292],[130.13056,33.01237],[130.13071,33.01196],[130.13062,33.01105],[130.12857,33.00988],[130.12767,33.00925],[130.1257,33.00823],[130.12508,33.00798],[130.12442,33.00797],[130.12348,33.00831],[130.12287,33.00832],[130.12214,33.00765],[130.12185,33.00638],[130.12055,33.00537],[130.11948,33.00443],[130.11965,33.00411],[130.12103,33.00465],[130.12235,33.00552],[130.12336,33.0059],[130.12498,33.00714],[130.12526,33.00711],[130.12584,33.0076],[130.12734,33.00842],[130.12752,33.00813],[130.12818,33.00857],[130.12847,33.0091],[130.12902,33.00936],[130.1294,33.00971],[130.13005,33.01006],[130.13125,33.01043],[130.13194,33.01051],[130.13237,33.01081],[130.13271,33.01128],[130.13347,33.01114],[130.13421,33.01129],[130.13523,33.01189],[130.13587,33.012],[130.13626,33.01223],[130.1368,33.01301],[130.13703,33.01359],[130.13713,33.01438],[130.13681,33.01491],[130.1354,33.01567],[130.13521,33.01611],[130.13403,33.01629],[130.13145,33.01624]]]},"properties":{"hoanrinKind":"保安林"}},
{"type":"Feature","geometry":{"type":"Polygon","coordinates":[[[130.51359,33.44861],[130.51319,33.44877],[130.51246,33.44945],[130.51113,33.44911],[130.5111,33.44839],[130.5114,33.44757],[130.51144,33.4469],[130.51131,33.44659],[130.51016,33.44584],[130.5102,33.44536],[130.5099,33.44477],[130.50963,33.4438],[130.50909,33.44345],[130.5089,33.44271],[130.5086,33.4425],[130.50882,33.44211],[130.50864,33.44174],[130.50783,33.44117],[130.50727,33.44067],[130.50674,33.44122],[130.50604,33.4412],[130.50562,33.44076],[130.50551,33.4402],[130.50529,33.43996],[130.50459,33.43987],[130.5042,33.43923],[130.50414,33.43881],[130.50461,33.43885],[130.50533,33.43845],[130.50761,33.43963],[130.50841,33.43967],[130.50979,33.43938],[130.5104,33.43957],[130.51052,33.43931],[130.51179,33.43935],[130.51201,33.43964],[130.51207,33.44029],[130.51259,33.44024],[130.51264,33.43869],[130.51367,33.43847],[130.51352,33.43918],[130.51427,33.43968],[130.51413,33.44018],[130.51358,33.44037],[130.51226,33.4412],[130.51237,33.4418],[130.51361,33.44297],[130.51408,33.4431],[130.51563,33.44304],[130.51587,33.44322],[130.51582,33.44391],[130.5147,33.44447],[130.51434,33.44482],[130.51473,33.44498],[130.51592,33.44468],[130.51672,33.44469],[130.51658,33.44409],[130.51626,33.44358],[130.51635,33.44324],[130.51745,33.44208],[130.51874,33.44147],[130.51888,33.44117],[130.51932,33.44114],[130.5196,33.44054],[130.52085,33.44031],[130.52125,33.44066],[130.52114,33.44122],[130.52142,33.44174],[130.52119,33.44204],[130.5214,33.44314],[130.52111,33.44348],[130.52078,33.44427],[130.52122,33.44462],[130.52226,33.44399],[130.52251,33.44453],[130.52282,33.44461],[130.52297,33.4441],[130.52307,33.44286],[130.52279,33.44225],[130.52268,33.44165],[130.52269,33.44033],[130.52282,33.43999],[130.52344,33.4401],[130.52364,33.44116],[130.52403,33.4409],[130.52571,33.44083],[130.52622,33.44142],[130.52633,33.44178],[130.52724,33.44164],[130.52728,33.44181],[130.52597,33.4421],[130.52445,33.44279],[130.52455,33.44296],[130.52628,33.44239],[130.52725,33.44216],[130.52707,33.44309],[130.52741,33.44359],[130.52707,33.44388],[130.52621,33.44419],[130.52539,33.44416],[130.52474,33.44432],[130.52383,33.44497],[130.52329,33.44556],[130.52182,33.44605],[130.52103,33.44609],[130.51993,33.44604],[130.518,33.44577],[130.51759,33.44577],[130.51645,33.44749],[130.51612,33.44778],[130.51557,33.44789],[130.51359,33.44861]]]},"properties":{"hoanrinKind":"保安林"}},
{"type":"Feature","geometry":{"type":"Polygon","coordinates":[[[129.80847,33.27584],[129.80801,33.27588],[129.80712,33.27643],[129.80678,33.27652],[129.80564,33.27646],[129.80441,33.27552],[129.80326,33.27578],[129.80316,33.27591],[129.80225,33.27551],[129.8012,33.27579],[129.80045,33.27571],[129.80049,33.27469],[129.80076,33.27441],[129.80059,33.27362],[129.80027,33.27344],[129.7991,33.27331],[129.79875,33.27341],[129.79878,33.27379],[129.79929,33.27477],[129.79911,33.27503],[129.79861,33.27503],[129.79872,33.2759],[129.79814,33.27595],[129.79753,33.27569],[129.79727,33.27528],[129.79661,33.27486],[129.79645,33.27406],[129.79579,33.27358],[129.79569,33.27302],[129.79609,33.27224],[129.79579,33.2715],[129.79619,33.27052],[129.79591,33.26985],[129.79589,33.26895],[129.79605,33.26828],[129.79608,33.26692],[129.79512,33.2668],[129.79386,33.26598],[129.79342,33.26552],[129.79279,33.26538],[129.79192,33.26565],[129.79098,33.26571],[129.78998,33.26556],[129.79014,33.26489],[129.79122,33.2646],[129.79224,33.26404],[129.79249,33.2638],[129.7928,33.26278],[129.79337,33.26237],[129.79395,33.26227],[129.79419,33.2625],[129.79423,33.26336],[129.79404,33.26481],[129.7941,33.26508],[129.7956,33.2663],[129.79749,33.26691],[129.79818,33.26773],[129.79853,33.26783],[129.79993,33.26764],[129.80176,33.26768],[129.80175,33.26813],[129.80268,33.26795],[129.80276,33.26768],[129.80259,33.26702],[129.80318,33.26646],[129.80294,33.26549],[129.80317,33.26479],[129.80272,33.26449],[129.80194,33.26498],[129.80151,33.26508],[129.80141,33.26434],[129.80186,33.26352],[129.80265,33.26334],[129.80342,33.26379],[129.80393,33.26463],[129.80395,33.2664],[129.80411,33.26712],[129.80419,33.26831],[129.80451,33.26878],[129.80465,33.26934],[129.80431,33.27022],[129.80534,33.27031],[129.80537,33.27091],[129.80597,33.27135],[129.80678,33.27086],[129.80746,33.27181],[129.80789,33.27197],[129.80867,33.2716],[129.80922,33.27151],[129.80952,33.2717],[129.81025,33.2731],[129.81026,33.27366],[129.80922,33.27393],[129.80892,33.27438],[129.80914,33.27486],[129.80926,33.27599],[129.80893,33.2758],[129.80847,33.27584]],[[129.8006,33.27089],[129.80029,33.27137],[129.80014,33.27213],[129.80054,33.27226],[129.80097,33.27097],[129.8006,33.27089]],[[129.79929,33.2683],[129.79903,33.26896],[129.79919,33.26911],[129.8002,33.26905],[129.80042,33.2689],[129.80029,33.26824],[129.79929,33.2683]]]},"properties":{"hoanrinKind":"保安林"}},
{"type":"Feature","geometry":{"type":"Polygon","coordinates":[[[130.11337,33.32266],[130.1134,33.32357],[130.11319,33.32392],[130.1116,33.32464],[130.10998,33.32363],[130.10903,33.32287],[130.10777,33.32163],[130.10685,33.32053],[130.10662,33.32007],[130.10595,33.31974],[130.10455,33.31872],[130.10321,33.31851],[130.10251,33.31809],[130.10173,33.31723],[130.10109,33.31712],[130.0995,33.31655],[130.09875,33.31587],[130.09796,33.31658],[130.09733,33.31678],[130.09604,33.31693],[130.09523,33.31641],[130.09432,33.31559],[130.09401,33.31554],[130.0934,33.31589],[130.09304,33.31643],[130.092,33.31591],[130.09192,33.3165],[130.09128,33.31665],[130.09123,33.31605],[130.09161,33.31523],[130.09159,33.31383],[130.09232,33.3132],[130.09154,33.31267],[130.08851,33.3118],[130.08898,33.31115],[130.08942,33.31075],[130.08982,33.31082],[130.09031,33.31181],[130.09057,33.31205],[130.09197,33.31229],[130.09266,33.31251],[130.09391,33.31266],[130.09431,33.31281],[130.095,33.31264],[130.09583,33.31191],[130.09646,33.31167],[130.09723,33.31062],[130.09776,33.3105],[130.09857,33.31052],[130.09877,33.31112],[130.09857,33.31164],[130.09789,33.31254],[130.09739,33.31294],[130.09721,33.31337],[130.09671,33.3136],[130.09726,33.31403],[130.0978,33.31406],[130.09811,33.3137],[130.10116,33.31466],[130.10192,33.31512],[130.1023,33.31404],[130.10306,33.31307],[130.10318,33.31307],[130.10417,33.31211],[130.10462,33.31136],[130.10532,33.31054],[130.10539,33.31103],[130.10528,33.31188],[130.10551,33.31187],[130.10602,33.31126],[130.10645,33.3101],[130.10694,33.3102],[130.10736,33.31047],[130.10776,33.31106],[130.10797,33.31187],[130.1085,33.31215],[130.10895,33.31315],[130.10921,33.3129],[130.10841,33.31047],[130.10889,33.31014],[130.10904,33.31073],[130.10963,33.31074],[130.11002,33.31131],[130.11047,33.31265],[130.11048,33.31358],[130.1109,33.31432],[130.11084,33.31486],[130.11061,33.3153],[130.10944,33.31648],[130.10926,33.31714],[130.10897,33.31759],[130.1092,33.31854],[130.1088,33.31922],[130.10854,33.32001],[130.10844,33.32109],[130.10895,33.32143],[130.10918,33.32126],[130.10948,33.31997],[130.1097,33.31967],[130.11011,33.31962],[130.11151,33.32],[130.11187,33.32036],[130.11102,33.3211],[130.11092,33.3216],[130.11217,33.32154],[130.11235,33.32169],[130.11227,33.32238],[130.1131,33.32245],[130.11337,33.32266]],[[130.10749,33.31602],[130.10638,33.31642],[130.1054,33.31651],[130.10456,33.31697],[130.10448,33.31736],[130.10513,33.31765],[130.10695,33.31728],[130.10737,33.31691],[130.10821,33.31647],[130.10857,33.31524],[130.10906,33.31439],[130.10904,33.3136],[130.1089,33.3132],[130.10847,33.31287],[130.10822,33.31308],[130.10818,33.31479],[130.10796,33.31553],[130.10749,33.31602]]]},"properties":{"hoanrinKind":"保安林"}},
{"type":"Feature","geometry":{"type":"Polygon","coordinates":[[[130.30492,33.33904],[130.30371,33.33963],[130.3029,33.34029],[130.3028,33.3413],[130.30338,33.34277],[130.30356,33.34358],[130.304,33.3446],[130.30465,33.34541],[130.30526,33.34601],[130.30532,33.34647],[130.30447,33.34634],[130.30399,33.34599],[130.30256,33.34465],[130.30178,33.34364],[130.3011,33.34288],[130.30008,33.34144],[130.29869,33.33888],[130.29785,33.33921],[130.29675,33.33927],[130.29659,33.33939],[130.29653,33.3404],[130.29594,33.34143],[130.29645,33.34231],[130.29619,33.34259],[130.29496,33.34289],[130.29426,33.3432],[130.29312,33.34325],[130.29251,33.34378],[130.29228,33.34623],[130.29208,33.3464],[130.29142,33.34637],[130.29056,33.34611],[130.28933,33.34544],[130.28945,33.3449],[130.29119,33.344],[130.29182,33.34321],[130.29184,33.34272],[130.29161,33.34188],[130.29162,33.34088],[130.29181,33.3389],[130.29239,33.33838],[130.29376,33.33788],[130.29429,33.33734],[130.29536,33.33649],[130.29623,33.33605],[130.29667,33.33565],[130.29732,33.33605],[130.29869,33.33655],[130.29931,33.33668],[130.29998,33.33664],[130.30016,33.33626],[130.29979,33.33507],[130.29997,33.33413],[130.30155,33.33395],[130.30235,33.3334],[130.30378,33.33331],[130.30451,33.33311],[130.3056,33.33324],[130.30619,33.33319],[130.3076,33.33344],[130.30903,33.33347],[130.30988,33.33355],[130.31174,33.3342],[130.31307,33.3343],[130.31364,33.33481],[130.31377,33.3353],[130.31376,33.33621],[130.31396,33.3368],[130.31322,33.33747],[130.31336,33.33788],[130.31319,33.33826],[130.31249,33.33857],[130.31266,33.33888],[130.31333,33.33893],[130.31376,33.33855],[130.31397,33.33807],[130.31441,33.33781],[130.31453,33.33727],[130.31504,33.33783],[130.31507,33.33843],[130.31424,33.33915],[130.31417,33.34001],[130.31388,33.34035],[130.31327,33.34042],[130.31313,33.33991],[130.31281,33.33985],[130.31218,33.34008],[130.31133,33.33987],[130.31109,33.3394],[130.31117,33.33801],[130.31098,33.33592],[130.31083,33.33519],[130.31048,33.33484],[130.3098,33.33509],[130.30867,33.33564],[130.30679,33.33599],[130.30608,33.33651],[130.3061,33.3377],[130.30555,33.33864],[130.30492,33.33904]],[[130.3056,33.33418],[130.3058,33.33464],[130.30666,33.33415],[130.30661,33.33367],[130.30627,33.3333],[130.30579,33.33352],[130.30586,33.33408],[130.3056,33.33418]]]},"properties":{"hoanrinKind":"保安林"}},
{"type":"Feature","geometry":{"type":"Polygon","coordinates":[[[130.05214,33.28884],[130.05187,33.28906],[130.05014,33.28854],[130.0487,33.28854],[130.04714,33.28893],[130.04602,33.28874],[130.04512,33.2876],[130.04401,33.28731],[130.04236,33.28623],[130.0419,33.28519],[130.0418,33.28464],[130.04079,33.28344],[130.04036,33.28333],[130.0401,33.28175],[130.04038,33.28075],[130.04028,33.28038],[130.03984,33.2799],[130.03843,33.2792],[130.03828,33.27815],[130.03853,33.27781],[130.03836,33.27717],[130.03792,33.27697],[130.0363,33.27683],[130.03568,33.27664],[130.03527,33.27608],[130.03493,33.27589],[130.03374,33.27615],[130.03392,33.27424],[130.03388,33.27404],[130.03286,33.27332],[130.033,33.2725],[130.03347,33.27183],[130.03332,33.2709],[130.03357,33.27028],[130.03398,33.26989],[130.03421,33.27009],[130.03366,33.27087],[130.03446,33.27115],[130.03445,33.27207],[130.03495,33.27173],[130.03537,33.27041],[130.03531,33.26938],[130.03588,33.26912],[130.03642,33.26911],[130.03751,33.26938],[130.03854,33.26942],[130.03905,33.26991],[130.03937,33.27103],[130.03935,33.27143],[130.03844,33.2717],[130.03829,33.27221],[130.03849,33.27265],[130.03832,33.27328],[130.03797,33.27372],[130.03798,33.27422],[130.03739,33.27467],[130.03682,33.27391],[130.03659,33.2744],[130.03632,33.27544],[130.03684,33.27548],[130.03891,33.27511],[130.0396,33.27507],[130.0396,33.27552],[130.04,33.27585],[130.04049,33.27696],[130.04054,33.27776],[130.04087,33.27819],[130.04073,33.27943],[130.04135,33.27958],[130.0419,33.2794],[130.04226,33.27975],[130.04118,33.27995],[130.04124,33.28029],[130.0419,33.28032],[130.04204,33.28087],[130.04275,33.28112],[130.0429,33.28141],[130.04275,33.28177],[130.04386,33.28203],[130.04417,33.28238],[130.04478,33.28256],[130.0455,33.28298],[130.04567,33.28354],[130.04611,33.28392],[130.04698,33.2837],[130.04763,33.28299],[130.04805,33.28295],[130.04831,33.28251],[130.04877,33.28253],[130.04936,33.2823],[130.05029,33.28158],[130.05086,33.28164],[130.05135,33.28223],[130.05183,33.28261],[130.05218,33.28267],[130.05325,33.28321],[130.0543,33.28298],[130.05486,33.28334],[130.05496,33.2836],[130.05613,33.28473],[130.05773,33.28677],[130.05783,33.28712],[130.05755,33.28837],[130.05547,33.2868],[130.05452,33.28621],[130.05377,33.28556],[130.05378,33.28457],[130.05324,33.28455],[130.05255,33.28483],[130.05195,33.28471],[130.05131,33.28419],[130.0506,33.28389],[130.05046,33.28411],[130.0506,33.28492],[130.05055,33.2853],[130.05095,33.28661],[130.05151,33.2874],[130.05214,33.28884]],[[130.03657,33.27039],[130.03594,33.27111],[130.03665,33.27165],[130.03716,33.27084],[130.03657,33.27039]]]},"properties":{"hoanrinKind":"保安林"}},
{"type":"Feature","geometry":{"type":"Polygon","coordinates":[[[129.95809,33.34674],[129.95808,33.34636],[129.95903,33.34529],[129.9594,33.34434],[129.95928,33.34361],[129.95889,33.34368],[129.95875,33.34437],[129.95833,33.34483],[129.95764,33.34488],[129.95718,33.34562],[129.95724,33.34598],[129.95675,33.34643],[129.95636,33.34622],[129.95561,33.3454],[129.95533,33.34467],[129.95495,33.34456],[129.95536,33.34375],[129.95536,33.34323],[129.95513,33.34153],[129.95586,33.34095],[129.95639,33.33922],[129.95621,33.33833],[129.95634,33.33806],[129.95779,33.33722],[129.95763,33.33686],[129.95706,33.33658],[129.95652,33.33554],[129.95693,33.33501],[129.95755,33.33395],[129.95845,33.33347],[129.95854,33.33243],[129.95872,33.33185],[129.9592,33.33088],[129.95925,33.33048],[129.95902,33.32974],[129.95909,33.3292],[129.95937,33.32902],[129.96091,33.3291],[129.96226,33.32959],[129.96275,33.32963],[129.96358,33.3294],[129.96339,33.32988],[129.96271,33.3305],[129.96235,33.33205],[129.96142,33.33349],[129.96094,33.33401],[129.96034,33.33505],[129.96046,33.33626],[129.96041,33.33718],[129.96082,33.33704],[129.96092,33.33644],[129.96077,33.33538],[129.96098,33.33478],[129.96183,33.3334],[129.96274,33.33236],[129.96305,33.33246],[129.96336,33.33197],[129.96398,33.33211],[129.96378,33.33285],[129.96407,33.33308],[129.96456,33.33312],[129.9651,33.33242],[129.9655,33.33224],[129.96696,33.33272],[129.96745,33.33257],[129.96771,33.33165],[129.96932,33.32997],[129.96956,33.32981],[129.96983,33.32922],[129.97028,33.32973],[129.97004,33.33092],[129.96945,33.33171],[129.96894,33.33311],[129.96885,33.33386],[129.96866,33.3341],[129.96883,33.33549],[129.96804,33.33591],[129.96728,33.33662],[129.96652,33.33766],[129.96481,33.33925],[129.96452,33.33975],[129.96374,33.33998],[129.96313,33.33996],[129.96222,33.33942],[129.96125,33.34104],[129.9609,33.34187],[129.96081,33.34234],[129.96084,33.3439],[129.96099,33.34509],[129.96041,33.34531],[129.95987,33.34577],[129.95947,33.34569],[129.95915,33.346],[129.95838,33.34625],[129.95809,33.34674]]]},"properties":{"hoanrinKind":"保安林"}},
{"type":"Feature","geometry":{"type":"Polygon","coordinates":[[[130.09004,33.08144],[130.08864,33.0813],[130.08883,33.0805],[130.08861,33.07903],[130.08825,33.07886],[130.08762,33.07921],[130.08715,33.07912],[130.08705,33.07885],[130.08637,33.07812],[130.08645,33.07779],[130.08712,33.07701],[130.08716,33.07661],[130.08617,33.07702],[130.08579,33.07704],[130.08576,33.07661],[130.08656,33.07539],[130.0866,33.07476],[130.08583,33.07465],[130.08513,33.07606],[130.08363,33.07551],[130.08325,33.07521],[130.0832,33.0749],[130.08346,33.07426],[130.08289,33.074],[130.08163,33.07506],[130.08087,33.07514],[130.08023,33.07458],[130.08007,33.07396],[130.08011,33.07242],[130.08036,33.07094],[130.07958,33.07093],[130.07907,33.07124],[130.07866,33.07102],[130.07859,33.07056],[130.07879,33.07006],[130.07966,33.06961],[130.08001,33.06917],[130.08003,33.06863],[130.07972,33.06718],[130.07921,33.06647],[130.07905,33.06581],[130.0793,33.06421],[130.07935,33.063],[130.07953,33.06265],[130.08022,33.06202],[130.08054,33.06016],[130.08153,33.05797],[130.08152,33.05742],[130.08067,33.05646],[130.08063,33.05607],[130.08291,33.05531],[130.08346,33.05536],[130.0836,33.05584],[130.08436,33.05581],[130.08574,33.05637],[130.08676,33.0564],[130.08704,33.05668],[130.08821,33.05662],[130.08994,33.05666],[130.09037,33.05648],[130.09058,33.05696],[130.09,33.05713],[130.08982,33.05757],[130.09019,33.05795],[130.08992,33.05816],[130.08929,33.0582],[130.08898,33.05845],[130.08862,33.05908],[130.08897,33.05995],[130.08947,33.06021],[130.09038,33.0603],[130.09045,33.06062],[130.09108,33.06117],[130.09031,33.06127],[130.08936,33.06118],[130.0885,33.06053],[130.08756,33.06059],[130.08686,33.06102],[130.08628,33.06121],[130.08626,33.06178],[130.08658,33.06253],[130.08608,33.06324],[130.08544,33.06249],[130.08505,33.06239],[130.08497,33.06301],[130.08514,33.06396],[130.0848,33.06444],[130.0841,33.06488],[130.08421,33.06575],[130.08412,33.06623],[130.08366,33.06683],[130.0837,33.06854],[130.08406,33.06861],[130.0846,33.06828],[130.08534,33.06828],[130.08566,33.06858],[130.0859,33.0695],[130.08594,33.07106],[130.08633,33.0716],[130.08692,33.07215],[130.08754,33.07313],[130.08823,33.07376],[130.08868,33.07449],[130.08869,33.07543],[130.08959,33.07604],[130.09047,33.07643],[130.09096,33.0774],[130.09047,33.07782],[130.09019,33.07774],[130.08956,33.07722],[130.08913,33.07715],[130.08953,33.07828],[130.09022,33.07952],[130.09052,33.08047],[130.09004,33.08144]],[[130.08159,33.0688],[130.08119,33.0692],[130.08184,33.06994],[130.08215,33.06992],[130.08274,33.06923],[130.08247,33.06895],[130.08196,33.06903],[130.08159,33.0688]]]},"properties":{"hoanrinKind":"保安林"}},
{"type":"Feature","geometry":{"type":"Polygon","coordinates":[[[130.28672,33.40376],[130.28633,33.40354],[130.28592,33.40298],[130.28545,33.40301],[130.28454,33.40353],[130.28364,33.40347],[130.28344,33.40321],[130.28294,33.40339],[130.2814,33.4028],[130.28068,33.40315],[130.28028,33.4032],[130.27953,33.40272],[130.27915,33.40278],[130.27847,33.40248],[130.27838,33.40207],[130.27729,33.401],[130.27786,33.40038],[130.27789,33.40011],[130.27758,33.39951],[130.27574,33.3981],[130.27567,33.39753],[130.27634,33.39601],[130.27615,33.39494],[130.27668,33.39249],[130.2764,33.39044],[130.27608,33.38991],[130.27565,33.38968],[130.27476,33.38959],[130.2742,33.38877],[130.27444,33.38736],[130.27526,33.38705],[130.27668,33.3869],[130.27779,33.3873],[130.27848,33.38772],[130.27959,33.38873],[130.27967,33.38909],[130.27943,33.38969],[130.27887,33.39004],[130.27876,33.39094],[130.27836,33.39142],[130.2785,33.39263],[130.27831,33.39345],[130.27842,33.39385],[130.2788,33.39413],[130.27955,33.39438],[130.27996,33.39484],[130.27982,33.39523],[130.27901,33.39586],[130.27977,33.39648],[130.27995,33.39705],[130.27979,33.39815],[130.28028,33.39856],[130.28044,33.3989],[130.28099,33.39916],[130.28109,33.39865],[130.28209,33.3987],[130.28264,33.39936],[130.28271,33.40053],[130.28287,33.40094],[130.28376,33.40093],[130.28418,33.40022],[130.28519,33.40119],[130.28583,33.40146],[130.28574,33.40176],[130.28595,33.40229],[130.28633,33.40256],[130.28692,33.40217],[130.28696,33.4008],[130.28752,33.40061],[130.28773,33.39974],[130.28794,33.39937],[130.28858,33.39953],[130.28921,33.40001],[130.28868,33.40029],[130.28895,33.4007],[130.28939,33.40082],[130.28959,33.40128],[130.29005,33.40115],[130.29027,33.40147],[130.29072,33.40151],[130.29053,33.40053],[130.28974,33.39929],[130.28975,33.39878],[130.2888,33.39818],[130.2885,33.39705],[130.2886,33.39647],[130.28903,33.3964],[130.28965,33.39663],[130.28957,33.39599],[130.28987,33.39566],[130.28983,33.39528],[130.28926,33.39473],[130.28954,33.39436],[130.28959,33.39327],[130.28992,33.39291],[130.29156,33.39235],[130.2917,33.39169],[130.29101,33.39095],[130.29088,33.39018],[130.29094,33.3898],[130.29127,33.38945],[130.29222,33.3891],[130.29226,33.38954],[130.29286,33.38972],[130.29327,33.39053],[130.29393,33.39084],[130.29391,33.39122],[130.29298,33.3918],[130.29251,33.39181],[130.29196,33.39221],[130.29191,33.3925],[130.29235,33.39262],[130.29268,33.39243],[130.2935,33.39247],[130.29361,33.39307],[130.29356,33.39376],[130.29272,33.39471],[130.29203,33.39609],[130.29114,33.39601],[130.29084,33.39647],[130.29111,33.39699],[130.29156,33.39681],[130.29231,33.39671],[130.29277,33.39697],[130.29289,33.39748],[130.29199,33.39962],[130.29216,33.40011],[130.29205,33.40051],[130.29245,33.40119],[130.2928,33.40148],[130.29243,33.40179],[130.2926,33.40219],[130.29339,33.40258],[130.29366,33.40239],[130.29424,33.4024],[130.29427,33.4017],[130.29467,33.40153],[130.29395,33.40113],[130.29379,33.40008],[130.29421,33.39997],[130.29482,33.4008],[130.29538,33.40064],[130.2953,33.4002],[130.29462,33.39946],[130.29414,33.39872],[130.29387,33.39804],[130.29377,33.39735],[130.29391,33.3968],[130.29449,33.39672],[130.29492,33.39694],[130.29624,33.3979],[130.29691,33.39786],[130.29698,33.39753],[130.29679,33.39684],[130.29584,33.39629],[130.29498,33.39602],[130.29467,33.39572],[130.29472,33.3952],[130.29612,33.39513],[130.29663,33.39444],[130.29692,33.3944],[130.29713,33.39492],[130.29703,33.39551],[130.29736,33.39602],[130.2979,33.39649],[130.29848,33.39662],[130.29931,33.39654],[130.29983,33.39629],[130.30087,33.39537],[130.30213,33.39394],[130.30249,33.39366],[130.30345,33.39368],[130.3041,33.39383],[130.3042,33.39433],[130.30363,33.39484],[130.30155,33.39647],[130.30083,33.39715],[130.29941,33.39808],[130.2981,33.39837],[130.29767,33.39904],[130.29696,33.39959],[130.29658,33.40008],[130.29605,33.40044],[130.29568,33.40111],[130.29572,33.40164],[130.29527,33.40225],[130.29486,33.40238],[130.29503,33.40277],[130.29366,33.40296],[130.29304,33.40279],[130.29208,33.40343],[130.29145,33.40346],[130.28904,33.40315],[130.28811,33.40244],[130.28784,33.40243],[130.28702,33.4036],[130.28672,33.40376]]]},"properties":{"hoanrinKind":"保安林"}},
{"type":"Feature","geometry":{"type":"Polygon","coordinates":[[[130.07931,33.17969],[130.07835,33.1798],[130.07715,33.17954],[130.0761,33.17886],[130.07576,33.17821],[130.07558,33.17754],[130.07584,33.1775],[130.07614,33.177],[130.07631,33.17613],[130.07659,33.17586],[130.07727,33.17579],[130.07757,33.17552],[130.07806,33.17424],[130.0783,33.17298],[130.07777,33.17308],[130.07754,33.17368],[130.07722,33.17263],[130.07749,33.17205],[130.0791,33.17088],[130.07968,33.17022],[130.08014,33.16948],[130.08121,33.16896],[130.08279,33.16796],[130.08371,33.16757],[130.08505,33.16688],[130.08557,33.16673],[130.08613,33.16692],[130.08671,33.16612],[130.08677,33.16566],[130.08619,33.16423],[130.08621,33.16363],[130.08671,33.16285],[130.08805,33.16105],[130.08822,33.16002],[130.08812,33.15856],[130.08845,33.15816],[130.08929,33.1578],[130.08939,33.15724],[130.08885,33.15643],[130.08904,33.15576],[130.09016,33.1563],[130.09104,33.15566],[130.09146,33.15561],[130.09257,33.1564],[130.0923,33.15744],[130.09182,33.15798],[130.0902,33.15927],[130.08972,33.16035],[130.09003,33.16118],[130.09032,33.16137],[130.09118,33.16094],[130.09188,33.16127],[130.09253,33.16242],[130.09267,33.16282],[130.09258,33.16328],[130.091,33.16388],[130.08976,33.1647],[130.08866,33.16461],[130.0887,33.16322],[130.08853,33.16304],[130.08712,33.16354],[130.08705,33.16373],[130.08774,33.16396],[130.08759,33.16432],[130.08705,33.1644],[130.08668,33.16469],[130.08675,33.16523],[130.08738,33.16542],[130.08846,33.16543],[130.08865,33.16589],[130.08923,33.16618],[130.08974,33.16608],[130.09048,33.16541],[130.09095,33.1654],[130.0913,33.16571],[130.09152,33.16632],[130.0912,33.16681],[130.08983,33.1677],[130.0896,33.16796],[130.08975,33.16858],[130.09068,33.16901],[130.0909,33.16941],[130.09013,33.16974],[130.08862,33.16976],[130.0881,33.17001],[130.08742,33.1711],[130.08727,33.17159],[130.08735,33.17214],[130.08836,33.1726],[130.08845,33.17323],[130.08836,33.17385],[130.08811,33.17445],[130.08767,33.17444],[130.08729,33.17376],[130.08696,33.17363],[130.08664,33.17399],[130.08709,33.17444],[130.08905,33.17521],[130.08968,33.17557],[130.08958,33.17584],[130.08865,33.17588],[130.08739,33.17556],[130.08728,33.17566],[130.08793,33.17689],[130.08888,33.17696],[130.08917,33.17723],[130.08996,33.17727],[130.09095,33.17821],[130.09056,33.17838],[130.08932,33.17853],[130.08799,33.17851],[130.08737,33.17873],[130.08671,33.17865],[130.08637,33.17912],[130.08453,33.17865],[130.08464,33.17812],[130.08525,33.1776],[130.08555,33.1769],[130.08536,33.17594],[130.08449,33.17525],[130.08402,33.17519],[130.08341,33.17532],[130.08353,33.1761],[130.08382,33.17651],[130.08364,33.17698],[130.08261,33.17686],[130.08213,33.17701],[130.08177,33.17755],[130.08165,33.17814],[130.08127,33.17816],[130.08122,33.17859],[130.0805,33.17918],[130.07929,33.1788],[130.07825,33.1781],[130.0782,33.17768],[130.07783,33.17764],[130.07737,33.17823],[130.077,33.17847],[130.07767,33.17915],[130.07855,33.17944],[130.07864,33.17966],[130.07931,33.17969]],[[130.08218,33.17288],[130.0818,33.17301],[130.08258,33.17406],[130.08295,33.17412],[130.08529,33.17408],[130.08552,33.17395],[130.08444,33.17302],[130.08328,33.17287],[130.08218,33.17288]],[[130.08374,33.17184],[130.08463,33.17209],[130.0857,33.17224],[130.08614,33.17198],[130.08707,33.17064],[130.08707,33.1705],[130.08612,33.17037],[130.0837,33.16976],[130.08319,33.1698],[130.08298,33.17004],[130.08287,33.17077],[130.08215,33.17077],[130.08165,33.17096],[130.08177,33.17147],[130.08288,33.1714],[130.08351,33.17155],[130.08374,33.17184]]]},"properties":{"hoanrinKind":"保安林"}},
{"type":"Feature","geometry":{"type":"Polygon","coordinates":[[[129.92835,33.10625],[129.92871,33.10628],[129.9288,33.10685],[129.92866,33.10714],[129.9275,33.10736],[129.92676,33.10769],[129.92634,33.10723],[129.9259,33.10699],[129.92527,33.1059],[129.92523,33.10553],[129.92544,33.10507],[129.92617,33.10438],[129.92637,33.10393],[129.92641,33.10252],[129.92676,33.10186],[129.92648,33.10137],[129.92594,33.10087],[129.92579,33.1005],[129.92582,33.09994],[129.92605,33.09946],[129.92633,33.09811],[129.9262,33.09792],[129.92508,33.09721],[129.92462,33.09642],[129.92458,33.09586],[129.92436,33.09525],[129.92428,33.09423],[129.92414,33.09386],[129.9233,33.09343],[129.9232,33.09312],[129.92337,33.09219],[129.92236,33.09049],[129.9244,33.09032],[129.92512,33.09017],[129.92643,33.09013],[129.928,33.09002],[129.92995,33.08955],[129.93106,33.08896],[129.93203,33.08871],[129.93307,33.08834],[129.93387,33.08757],[129.93551,33.08858],[129.93606,33.08865],[129.9367,33.08821],[129.93797,33.08806],[129.93882,33.08779],[129.93916,33.08754],[129.93904,33.08701],[129.939,33.08583],[129.9393,33.08458],[129.93816,33.08447],[129.93787,33.08387],[129.93817,33.08334],[129.93857,33.08322],[129.94115,33.08346],[129.94164,33.08338],[129.94168,33.08233],[129.94236,33.08162],[129.94317,33.08126],[129.9438,33.08149],[129.94345,33.08221],[129.94377,33.0824],[129.94424,33.08198],[129.94508,33.08192],[129.94581,33.08264],[129.94695,33.0824],[129.94745,33.08263],[129.94748,33.08301],[129.94702,33.08358],[129.94712,33.08402],[129.94765,33.08371],[129.94785,33.08404],[129.94764,33.08462],[129.94711,33.08548],[129.94657,33.0856],[129.94599,33.08547],[129.94537,33.08501],[129.94466,33.08477],[129.94321,33.0849],[129.94273,33.08515],[129.94236,33.08568],[129.94282,33.08613],[129.94379,33.08562],[129.94507,33.0853],[129.94511,33.08592],[129.94397,33.08656],[129.94349,33.08704],[129.94334,33.08748],[129.94381,33.08765],[129.94432,33.08725],[129.94513,33.08696],[129.94529,33.08791],[129.94562,33.08811],[129.94535,33.08945],[129.94463,33.0901],[129.94381,33.09037],[129.94197,33.09038],[129.9413,33.09087],[129.94127,33.09138],[129.94253,33.09215],[129.94187,33.09267],[129.9419,33.09315],[129.94267,33.09343],[129.9432,33.09402],[129.94286,33.09461],[129.94252,33.09489],[129.9417,33.09508],[129.94138,33.095],[129.94056,33.09531],[129.93994,33.09542],[129.93897,33.09519],[129.93731,33.09529],[129.93644,33.09503],[129.93598,33.09464],[129.93634,33.09396],[129.93687,33.09349],[129.93739,33.09333],[129.93786,33.09395],[129.93816,33.09389],[129.93871,33.09267],[129.93935,33.09284],[129.93981,33.09351],[129.93997,33.09309],[129.93968,33.09219],[129.93951,33.09136],[129.93913,33.09125],[129.93806,33.09203],[129.93772,33.0918],[129.93779,33.09064],[129.9374,33.09065],[129.93694,33.09147],[129.9365,33.09156],[129.93594,33.08999],[129.93552,33.08993],[129.93463,33.09065],[129.93422,33.0904],[129.93419,33.08956],[129.93389,33.08933],[129.93356,33.0896],[129.93349,33.09081],[129.93297,33.09104],[129.93242,33.09079],[129.93234,33.09037],[129.93252,33.08965],[129.93249,33.08919],[129.9317,33.0892],[129.93146,33.0894],[129.93126,33.0901],[129.93132,33.09149],[129.93119,33.09199],[129.93047,33.09219],[129.93021,33.09208],[129.93003,33.09162],[129.93006,33.09118],[129.92977,33.09107],[129.92913,33.09183],[129.92821,33.09154],[129.92795,33.09191],[129.92818,33.09245],[129.92885,33.09296],[129.92987,33.09318],[129.93034,33.09342],[129.93108,33.09422],[129.92977,33.09479],[129.92922,33.09459],[129.9282,33.09367],[129.92638,33.09261],[129.92583,33.09284],[129.92721,33.09379],[129.92737,33.09429],[129.92645,33.09467],[129.92625,33.09513],[129.92683,33.09552],[129.92784,33.0952],[129.92918,33.09523],[129.92947,33.09535],[129.92954,33.09582],[129.92893,33.09621],[129.92842,33.09636],[129.9266,33.09643],[129.92638,33.09667],[129.92659,33.09718],[129.92752,33.0977],[129.92746,33.09824],[129.9268,33.09871],[129.92685,33.09924],[129.92731,33.09922],[129.92776,33.09894],[129.92861,33.099],[129.92879,33.09864],[129.92873,33.09779],[129.9289,33.09752],[129.93099,33.09779],[129.93113,33.09842],[129.93078,33.09869],[129.93014,33.0988],[129.93012,33.09943],[129.92733,33.09996],[129.92707,33.10019],[129.9272,33.1006],[129.92782,33.10055],[129.92952,33.10015],[129.93016,33.10022],[129.93041,33.10046],[129.93025,33.1012],[129.92919,33.10188],[129.92757,33.10198],[129.92718,33.1021],[129.92678,33.10254],[129.92689,33.10276],[129.9275,33.10308],[129.92817,33.10361],[129.92819,33.10435],[129.9285,33.10491],[129.92799,33.10539],[129.92706,33.10584],[129.9273,33.10624],[129.92835,33.10625]]]},"properties":{"hoanrinKind":"保安林"}},
{"type":"Feature","geometry":{"type":"Polygon","coordinates":[[[129.87719,33.2416],[129.87586,33.24259],[129.87531,33.24265],[129.87474,33.24247],[129.87469,33.2422],[129.87404,33.24143],[129.87449,33.2414],[129.8767,33.24088],[129.87736,33.2412],[129.87719,33.2416]]]},"properties":{"hoanrinKind":"保安林"}},
{"type":"Feature","geometry":{"type":"Polygon","coordinates":[[[129.87359,33.24905],[129.87409,33.25017],[129.87429,33.25028],[129.87478,33.25133],[129.87474,33.2518],[129.8743,33.25218],[129.87371,33.25227],[129.87289,33.25164],[129.87283,33.25011],[129.87142,33.24819],[129.87101,33.24908],[129.87052,33.24872],[129.87056,33.24817],[129.87002,33.24738],[129.87011,33.24637],[129.8692,33.24631],[129.86901,33.24716],[129.86859,33.24747],[129.86831,33.24837],[129.86803,33.2487],[129.86727,33.24822],[129.86727,33.24777],[129.86655,33.24712],[129.86641,33.24672],[129.86575,33.24665],[129.86592,33.24734],[129.86536,33.24742],[129.86543,33.24774],[129.86461,33.24775],[129.86408,33.24608],[129.86448,33.24593],[129.86435,33.245],[129.86467,33.24458],[129.8647,33.2441],[129.86453,33.24331],[129.86505,33.2419],[129.86644,33.24188],[129.86686,33.24219],[129.86683,33.2427],[129.86718,33.24294],[129.86856,33.24249],[129.86899,33.24264],[129.87022,33.24385],[129.87055,33.24378],[129.87034,33.24324],[129.86981,33.24232],[129.86975,33.24148],[129.86938,33.24078],[129.86848,33.24058],[129.86785,33.24016],[129.86787,33.2394],[129.86772,33.23927],[129.86789,33.23839],[129.86824,33.23778],[129.86793,33.23729],[129.86669,33.23688],[129.86596,33.23683],[129.8652,33.23691],[129.86519,33.23645],[129.86579,33.23615],[129.86676,33.23595],[129.86669,33.23553],[129.86634,33.23528],[129.86645,33.23455],[129.86701,33.23425],[129.86836,33.23394],[129.86872,33.23428],[129.86941,33.2334],[129.86965,33.2326],[129.86999,33.23243],[129.86996,33.23158],[129.87029,33.23101],[129.87017,33.2308],[129.86948,33.2307],[129.86884,33.2308],[129.86874,33.23104],[129.86811,33.23114],[129.86765,33.23073],[129.86764,33.22972],[129.8683,33.22968],[129.86839,33.22911],[129.86919,33.22904],[129.87041,33.22916],[129.87154,33.22716],[129.87205,33.22615],[129.87241,33.22578],[129.87197,33.22531],[129.87086,33.22495],[129.87011,33.22496],[129.86893,33.22461],[129.86818,33.2245],[129.8676,33.22466],[129.8672,33.2246],[129.8672,33.22409],[129.8674,33.22343],[129.86706,33.22298],[129.86633,33.22251],[129.86627,33.2222],[129.86692,33.22188],[129.86889,33.22125],[129.86955,33.22123],[129.87004,33.22152],[129.87016,33.22199],[129.86999,33.22237],[129.87003,33.22295],[129.87099,33.22356],[129.8718,33.22338],[129.87216,33.22309],[129.87277,33.22308],[129.87383,33.22377],[129.87535,33.22357],[129.87584,33.22453],[129.87587,33.22494],[129.87489,33.225],[129.87408,33.22598],[129.8743,33.22654],[129.87382,33.22669],[129.87358,33.22728],[129.8733,33.22854],[129.8736,33.22909],[129.87289,33.23025],[129.87232,33.2308],[129.87316,33.23091],[129.87387,33.23134],[129.87438,33.23188],[129.87406,33.23364],[129.87342,33.23489],[129.8722,33.23553],[129.87219,33.23725],[129.8719,33.23779],[129.87139,33.23728],[129.8705,33.23661],[129.87035,33.2373],[129.87074,33.23779],[129.87094,33.23851],[129.87096,33.23935],[129.87139,33.23994],[129.87176,33.24017],[129.87195,33.24059],[129.87181,33.24095],[129.87277,33.24217],[129.8724,33.24257],[129.87232,33.24346],[129.87284,33.24414],[129.87356,33.24444],[129.87347,33.24507],[129.87404,33.24558],[129.87506,33.24624],[129.87527,33.24649],[129.87511,33.24712],[129.87442,33.24725],[129.87322,33.24675],[129.87293,33.24767],[129.87334,33.24805],[129.87359,33.24905]],[[129.86669,33.24639],[129.86707,33.24586],[129.86711,33.24536],[129.86626,33.24517],[129.8659,33.24538],[129.86553,33.24588],[129.86558,33.24634],[129.86584,33.24645],[129.86669,33.24639]]]},"properties":{"hoanrinKind":"保安林"}},
{"type":"Feature","geometry":{"type":"Polygon","coordinates":[[[129.9907,33.28699],[129.99003,33.28738],[129.98982,33.28793],[129.98942,33.28815],[129.98881,33.28872],[129.9882,33.28865],[129.98761,33.28827],[129.98734,33.2879],[129.98782,33.28727],[129.98888,33.28668],[129.98892,33.2864],[129.98823,33.28604],[129.9881,33.28549],[129.98823,33.28523],[129.98942,33.28453],[129.98945,33.28354],[129.99,33.28306],[129.99083,33.28255],[129.99102,33.28215],[129.99111,33.28144],[129.9904,33.28111],[129.98974,33.28026],[129.98908,33.28035],[129.98786,33.28121],[129.98736,33.28136],[129.98712,33.28113],[129.98724,33.28074],[129.98808,33.27917],[129.98837,33.27839],[129.98815,33.27788],[129.98718,33.27767],[129.98702,33.27732],[129.98761,33.27599],[129.98776,33.27517],[129.98782,33.27379],[129.98807,33.27305],[129.98845,33.27308],[129.98914,33.27233],[129.98969,33.27218],[129.99022,33.27225],[129.99107,33.27168],[129.99146,33.27131],[129.9922,33.27131],[129.9928,33.27161],[129.99288,33.27064],[129.99353,33.27054],[129.99404,33.27123],[129.99427,33.2711],[129.9941,33.27042],[129.99372,33.2701],[129.9938,33.26979],[129.99501,33.26992],[129.99586,33.26977],[129.99615,33.27003],[129.99608,33.27198],[129.99721,33.27199],[129.99751,33.2735],[129.99752,33.27481],[129.99739,33.27534],[129.99741,33.27591],[129.99715,33.27629],[129.99656,33.27636],[129.99651,33.27684],[129.99707,33.27698],[129.9971,33.27758],[129.9978,33.27806],[129.99836,33.278],[129.99779,33.27725],[129.99851,33.27675],[130.00086,33.27689],[130.00085,33.27592],[130.00134,33.27613],[130.00112,33.27664],[130.00208,33.27668],[130.0022,33.27622],[130.00289,33.27584],[130.00313,33.27658],[130.00366,33.27671],[130.00389,33.27619],[130.00435,33.27588],[130.00468,33.27598],[130.00519,33.27646],[130.00627,33.27689],[130.00756,33.2776],[130.00801,33.27769],[130.00784,33.2781],[130.00704,33.27885],[130.00649,33.2787],[130.00497,33.27918],[130.0047,33.27986],[130.00415,33.28003],[130.00231,33.28028],[130.00173,33.27965],[130.00088,33.27901],[130.00013,33.27872],[129.99963,33.27866],[129.99857,33.2789],[129.99828,33.27981],[129.99698,33.28108],[129.99666,33.282],[129.99577,33.28274],[129.99573,33.28296],[129.99616,33.28419],[129.99579,33.28469],[129.9953,33.28656],[129.99518,33.28727],[129.9949,33.28751],[129.9938,33.28766],[129.99288,33.28761],[129.99293,33.28714],[129.99333,33.28644],[129.99289,33.28582],[129.99199,33.28602],[129.99143,33.28718],[129.9907,33.28699]],[[129.99323,33.27372],[129.9933,33.27397],[129.9939,33.27415],[129.99461,33.27421],[129.99521,33.27399],[129.99535,33.27355],[129.99541,33.27216],[129.99335,33.2719],[129.99323,33.27372]]]},"properties":{"hoanrinKind":"保安林"}},
{"type":"Feature","geometry":{"type":"Polygon","coordinates":[[[130.1128,33.23568],[130.11293,33.23585],[130.11402,33.2362],[130.11537,33.23552],[130.11543,33.23501],[130.11608,33.23466],[130.11764,33.23421],[130.11818,33.23423],[130.11836,33.23448],[130.11894,33.23438],[130.12093,33.23454],[130.12161,33.23507],[130.12164,33.23565],[130.12148,33.23598],[130.12104,33.23605],[130.1203,33.23641],[130.11873,33.2365],[130.11786,33.23645],[130.11667,33.23684],[130.11762,33.23769],[130.11814,33.2387],[130.11904,33.23923],[130.11903,33.23962],[130.11876,33.24036],[130.1188,33.24108],[130.11816,33.24139],[130.11673,33.24108],[130.11469,33.2411],[130.11292,33.24095],[130.11233,33.24133],[130.11197,33.24204],[130.11158,33.24248],[130.11065,33.24274],[130.10989,33.24272],[130.10909,33.24208],[130.10836,33.24127],[130.10767,33.24103],[130.10544,33.24123],[130.10374,33.24081],[130.10151,33.2394],[130.10049,33.23882],[130.09993,33.23902],[130.09827,33.23946],[130.09747,33.23993],[130.09708,33.24042],[130.09674,33.24155],[130.0964,33.24192],[130.09562,33.24216],[130.09495,33.24177],[130.09352,33.24054],[130.09323,33.2402],[130.09286,33.24024],[130.09262,33.23934],[130.09224,33.23914],[130.09173,33.23826],[130.09233,33.2376],[130.0921,33.23703],[130.09217,33.23617],[130.09255,33.23648],[130.09284,33.23628],[130.09265,33.23583],[130.09337,33.23573],[130.09349,33.23519],[130.09236,33.2343],[130.09229,33.23381],[130.09266,33.23353],[130.09297,33.2339],[130.09347,33.23382],[130.09373,33.23342],[130.09452,33.23381],[130.09535,33.23445],[130.09616,33.23473],[130.09638,33.23456],[130.09567,33.23323],[130.09588,33.23294],[130.09653,33.23309],[130.0967,33.23371],[130.0976,33.23342],[130.09763,33.23308],[130.09868,33.23216],[130.09882,33.23171],[130.09862,33.23128],[130.09818,33.23092],[130.09851,33.23072],[130.09961,33.23156],[130.10045,33.2326],[130.10023,33.23303],[130.09924,33.23375],[130.09943,33.23412],[130.09907,33.23437],[130.0984,33.23423],[130.09778,33.23463],[130.09744,33.23545],[130.09668,33.23626],[130.09605,33.2371],[130.09605,33.23748],[130.0966,33.23757],[130.09694,33.23724],[130.09727,33.23654],[130.09858,33.23589],[130.09954,33.23554],[130.10111,33.23511],[130.10198,33.2346],[130.10242,33.23379],[130.10241,33.23307],[130.10255,33.23227],[130.10298,33.23141],[130.10369,33.23063],[130.10417,33.23043],[130.10463,33.23092],[130.10471,33.23194],[130.10515,33.23222],[130.1058,33.23216],[130.10618,33.23171],[130.10616,33.23127],[130.10563,33.2304],[130.10602,33.22942],[130.10636,33.22907],[130.10718,33.22897],[130.10723,33.22874],[130.10661,33.22817],[130.10714,33.22795],[130.10755,33.22751],[130.10815,33.22756],[130.10876,33.22824],[130.1096,33.2279],[130.10986,33.22806],[130.11074,33.22793],[130.11086,33.22867],[130.11113,33.22926],[130.11114,33.22983],[130.11002,33.23079],[130.10963,33.23082],[130.10965,33.2303],[130.10901,33.23045],[130.10784,33.2304],[130.10773,33.23066],[130.1083,33.23091],[130.10883,33.23157],[130.10885,33.23206],[130.1086,33.23254],[130.10867,33.23311],[130.11074,33.23504],[130.1113,33.23541],[130.11206,33.23566],[130.1128,33.23568]],[[130.11059,33.2423],[130.11034,33.2415],[130.10948,33.24161],[130.10942,33.24187],[130.1105,33.24248],[130.11059,33.2423]],[[130.10746,33.23135],[130.10734,33.23182],[130.10812,33.23208],[130.10822,33.23151],[130.10746,33.23135]]]},"properties":{"hoanrinKind":"保安林"}},
{"type":"Feature","geometry":{"type":"Polygon","coordinates":[[[130.37976,33.38579],[130.37832,33.38798],[130.37781,33.3886],[130.37614,33.39043],[130.37594,33.39077],[130.37506,33.39154],[130.37445,33.39152],[130.37445,33.39115],[130.37529,33.39048],[130.37537,33.38997],[130.37507,33.38935],[130.37427,33.38826],[130.37405,33.38715],[130.37425,33.38653],[130.37491,33.38508],[130.37542,33.38424],[130.37614,33.38375],[130.37788,33.38363],[130.37867,33.38341],[130.37941,33.38297],[130.3799,33.38255],[130.38066,33.3816],[130.38101,33.38056],[130.38075,33.37939],[130.38076,33.37892],[130.38112,33.37861],[130.38207,33.37848],[130.38212,33.378],[130.38184,33.37781],[130.38064,33.37773],[130.3805,33.37729],[130.38144,33.37582],[130.38198,33.37558],[130.38335,33.37627],[130.38386,33.37627],[130.38448,33.3759],[130.38466,33.37552],[130.38508,33.3738],[130.38494,33.37188],[130.38507,33.37146],[130.38599,33.37054],[130.38719,33.3692],[130.38777,33.36813],[130.3894,33.36734],[130.39031,33.36596],[130.39033,33.36537],[130.38985,33.3651],[130.38922,33.36587],[130.38814,33.36696],[130.3869,33.36745],[130.3861,33.36759],[130.38569,33.36747],[130.38515,33.36706],[130.38429,33.3661],[130.38344,33.36545],[130.383,33.3654],[130.38253,33.3647],[130.38317,33.36423],[130.38377,33.36405],[130.38422,33.36452],[130.38483,33.3641],[130.38612,33.36437],[130.38658,33.36425],[130.38631,33.36342],[130.38638,33.36259],[130.38698,33.36199],[130.3877,33.36199],[130.3885,33.36239],[130.38905,33.36244],[130.39,33.36289],[130.39066,33.36276],[130.39129,33.36225],[130.3914,33.36138],[130.392,33.36104],[130.39209,33.36071],[130.39298,33.36025],[130.39332,33.3602],[130.39415,33.35953],[130.39461,33.35896],[130.39507,33.35878],[130.39559,33.35894],[130.39518,33.35939],[130.39543,33.35973],[130.39579,33.35954],[130.39586,33.35909],[130.39667,33.36009],[130.39589,33.36053],[130.39606,33.36111],[130.39595,33.3615],[130.39548,33.36237],[130.39599,33.36239],[130.39623,33.36196],[130.39662,33.36188],[130.39723,33.36151],[130.39764,33.36096],[130.3989,33.36104],[130.39885,33.36163],[130.39779,33.36225],[130.39751,33.36204],[130.3967,33.36296],[130.39588,33.36368],[130.39565,33.36401],[130.39678,33.36414],[130.39842,33.36481],[130.39737,33.36546],[130.39657,33.36561],[130.39592,33.36554],[130.39444,33.36465],[130.39412,33.36454],[130.3935,33.36523],[130.39256,33.36655],[130.39278,33.36688],[130.3933,33.36708],[130.39425,33.36707],[130.39607,33.36677],[130.39562,33.36744],[130.39469,33.36812],[130.39322,33.36829],[130.3927,33.36874],[130.39267,33.36973],[130.39287,33.37008],[130.39484,33.37167],[130.39559,33.37213],[130.39539,33.37292],[130.39444,33.37315],[130.39424,33.37385],[130.3937,33.3747],[130.39295,33.37476],[130.39263,33.37542],[130.39108,33.37643],[130.39062,33.3769],[130.38974,33.37692],[130.38796,33.37782],[130.38842,33.37846],[130.38838,33.37868],[130.38756,33.3795],[130.38671,33.38005],[130.38674,33.38037],[130.38456,33.38172],[130.38403,33.38211],[130.38264,33.38331],[130.38273,33.38369],[130.38235,33.38433],[130.38182,33.38433],[130.3813,33.38348],[130.37986,33.38446],[130.37921,33.38473],[130.37877,33.3852],[130.37898,33.38547],[130.37984,33.38549],[130.37976,33.38579]],[[130.38223,33.37768],[130.38262,33.37768],[130.38276,33.37728],[130.3834,33.37689],[130.38363,33.37749],[130.38411,33.37723],[130.38414,33.37685],[130.38382,33.37662],[130.38333,33.37662],[130.3824,33.37603],[130.38195,33.37623],[130.38192,33.37649],[130.38118,33.37679],[130.38101,33.37742],[130.38156,33.37733],[130.38223,33.37768]]]},"properties":{"hoanrinKind":"保安林"}},
{"type":"Feature","geometry":{"type":"Polygon","coordinates":[[[129.9998,33.07711],[129.99996,33.07745],[129.99994,33.0782],[129.9989,33.07813],[129.99828,33.07762],[129.99775,33.07684],[129.99763,33.07604],[129.9971,33.07563],[129.99578,33.07575],[129.9952,33.07525],[129.99479,33.0753],[129.99455,33.07603],[129.9949,33.07697],[129.99462,33.07739],[129.99421,33.07745],[129.99305,33.07736],[129.99231,33.07758],[129.99198,33.07721],[129.99141,33.07709],[129.99118,33.07676],[129.99116,33.07618],[129.99073,33.07563],[129.99059,33.07487],[129.99074,33.07403],[129.99103,33.07311],[129.99149,33.07237],[129.99244,33.07135],[129.99291,33.07103],[129.99342,33.07092],[129.99452,33.07089],[129.9951,33.07105],[129.99515,33.07153],[129.99469,33.07186],[129.99535,33.0721],[129.9962,33.07271],[129.99711,33.07279],[129.99751,33.07258],[129.99758,33.07227],[129.9974,33.07174],[129.99656,33.07063],[129.99634,33.06967],[129.99651,33.06896],[129.9969,33.06814],[129.99677,33.06757],[129.99694,33.06718],[129.99829,33.06572],[129.99793,33.06533],[129.99759,33.06528],[129.99672,33.06543],[129.99616,33.06486],[129.99562,33.06486],[129.99564,33.0644],[129.99513,33.0645],[129.99513,33.06557],[129.99461,33.06624],[129.99515,33.06656],[129.99556,33.06722],[129.9957,33.06773],[129.9955,33.0686],[129.99461,33.06819],[129.99389,33.06867],[129.99347,33.06839],[129.99289,33.06861],[129.99246,33.06786],[129.99201,33.0676],[129.9913,33.0676],[129.99099,33.06816],[129.98996,33.06789],[129.98955,33.06759],[129.989,33.06781],[129.98831,33.06783],[129.98804,33.06809],[129.98753,33.06791],[129.98714,33.06801],[129.98675,33.06861],[129.98577,33.06876],[129.98521,33.06849],[129.9852,33.06817],[129.98565,33.06773],[129.98545,33.06699],[129.98594,33.06663],[129.98642,33.06689],[129.98707,33.06699],[129.98743,33.06688],[129.98837,33.06605],[129.98868,33.06591],[129.99013,33.06578],[129.99045,33.06566],[129.9906,33.0651],[129.9903,33.06475],[129.98993,33.06396],[129.9898,33.06331],[129.98944,33.06243],[129.9897,33.06188],[129.98951,33.06118],[129.98919,33.06107],[129.9898,33.06028],[129.99048,33.0601],[129.99111,33.06009],[129.99215,33.06058],[129.99344,33.06151],[129.99372,33.06199],[129.99437,33.0617],[129.99497,33.06192],[129.99534,33.06171],[129.99657,33.06173],[129.99763,33.06193],[129.99864,33.06184],[130.00052,33.06194],[130.00122,33.06173],[130.00132,33.06149],[130.00206,33.06151],[130.00267,33.06173],[130.00352,33.06242],[130.00396,33.06311],[130.00422,33.06416],[130.00403,33.06469],[130.0042,33.0656],[130.00421,33.06634],[130.00476,33.06843],[130.00452,33.06903],[130.00383,33.06968],[130.00337,33.07046],[130.00289,33.07097],[130.00194,33.07177],[130.00167,33.07301],[130.00196,33.0739],[130.00293,33.0745],[130.00313,33.07507],[130.00349,33.07464],[130.00342,33.07397],[130.00391,33.07366],[130.00377,33.0731],[130.00419,33.07265],[130.0047,33.07181],[130.00477,33.07125],[130.00505,33.07074],[130.00571,33.06995],[130.00681,33.06915],[130.0071,33.06817],[130.0068,33.06748],[130.00679,33.067],[130.00735,33.06668],[130.0077,33.06616],[130.00753,33.06553],[130.00761,33.06463],[130.00742,33.06412],[130.00791,33.06393],[130.00916,33.06322],[130.0101,33.06301],[130.01122,33.0619],[130.01155,33.06177],[130.01207,33.06205],[130.01217,33.06256],[130.01171,33.06364],[130.01073,33.06463],[130.01075,33.06606],[130.01038,33.0669],[130.00982,33.06718],[130.00855,33.06754],[130.00841,33.06786],[130.00821,33.07028],[130.00788,33.07096],[130.00686,33.07208],[130.00668,33.07269],[130.00536,33.0749],[130.00454,33.07521],[130.00335,33.07599],[130.00289,33.07583],[130.00212,33.07637],[130.00159,33.07744],[130.00082,33.07751],[130.00025,33.0769],[129.9998,33.07711]],[[129.99277,33.06419],[129.99224,33.06355],[129.99189,33.06181],[129.99134,33.0612],[129.99099,33.06113],[129.99097,33.06172],[129.9914,33.06249],[129.99147,33.06347],[129.99181,33.06407],[129.99163,33.06449],[129.99204,33.06458],[129.99282,33.06567],[129.99334,33.06572],[129.99326,33.06481],[129.99277,33.06419]]]},"properties":{"hoanrinKind":"保安林"}},
{"type":"Feature","geometry":{"type":"Polygon","coordinates":[[[130.04457,33.35208],[130.04396,33.35222],[130.04299,33.35261],[130.04275,33.35189],[130.04248,33.3519],[130.04174,33.35246],[130.04177,33.35185],[130.04132,33.35179],[130.04069,33.3523],[130.04026,33.3522],[130.0393,33.35233],[130.03908,33.35176],[130.03792,33.35164],[130.03698,33.35124],[130.03658,33.35076],[130.03692,33.35054],[130.03709,33.35011],[130.03818,33.34971],[130.03889,33.34963],[130.03946,33.35021],[130.03951,33.35052],[130.03901,33.35123],[130.03952,33.3513],[130.04115,33.35075],[130.04087,33.34995],[130.04011,33.34965],[130.03985,33.34937],[130.04079,33.3477],[130.03994,33.34699],[130.03957,33.34682],[130.0379,33.34646],[130.0377,33.34612],[130.03794,33.34525],[130.03769,33.34491],[130.03727,33.34529],[130.03625,33.34648],[130.03564,33.34639],[130.03578,33.34596],[130.03625,33.34536],[130.03632,33.34477],[130.03557,33.3448],[130.03536,33.34535],[130.03479,33.34544],[130.03463,33.34518],[130.03489,33.34459],[130.03458,33.344],[130.03355,33.34417],[130.03409,33.34452],[130.03406,33.34475],[130.03323,33.3452],[130.03357,33.34559],[130.0345,33.34582],[130.03521,33.34625],[130.03538,33.34687],[130.03601,33.34739],[130.03644,33.34743],[130.03704,33.34698],[130.0375,33.34703],[130.0377,33.34733],[130.03847,33.34774],[130.03855,33.3481],[130.03793,33.34827],[130.0371,33.34879],[130.03654,33.34946],[130.03564,33.34981],[130.03525,33.35035],[130.03475,33.34984],[130.03442,33.34902],[130.03439,33.3486],[130.03508,33.34773],[130.03488,33.34757],[130.03322,33.34758],[130.03275,33.34782],[130.03259,33.3484],[130.03171,33.3487],[130.03062,33.34852],[130.03001,33.34811],[130.03154,33.34706],[130.03138,33.34628],[130.03085,33.34644],[130.03051,33.34608],[130.0313,33.34575],[130.03068,33.34518],[130.03114,33.34502],[130.03108,33.34473],[130.03171,33.34437],[130.03344,33.34373],[130.03483,33.34292],[130.03568,33.34322],[130.03586,33.34305],[130.03565,33.34235],[130.03636,33.3424],[130.03713,33.34405],[130.03764,33.34458],[130.03801,33.34443],[130.03803,33.34368],[130.03848,33.34368],[130.03914,33.3442],[130.04049,33.34406],[130.04088,33.3445],[130.04122,33.34638],[130.0414,33.34661],[130.0423,33.34704],[130.04341,33.34658],[130.04593,33.34699],[130.04645,33.34625],[130.04703,33.34652],[130.0474,33.34622],[130.04831,33.34682],[130.04869,33.34677],[130.04917,33.34636],[130.04951,33.3466],[130.05037,33.34617],[130.0496,33.34558],[130.05018,33.34507],[130.05045,33.34424],[130.05116,33.3442],[130.05222,33.34443],[130.05301,33.34447],[130.05324,33.34473],[130.05299,33.34517],[130.05309,33.34549],[130.05281,33.34599],[130.05312,33.34653],[130.05381,33.34662],[130.0539,33.34614],[130.05439,33.34584],[130.05475,33.34522],[130.05483,33.34425],[130.05423,33.34345],[130.05341,33.34315],[130.05344,33.3424],[130.05309,33.34218],[130.05164,33.34186],[130.05012,33.34114],[130.0499,33.34087],[130.04829,33.33983],[130.04832,33.33922],[130.04881,33.33899],[130.04988,33.33937],[130.05018,33.33905],[130.04974,33.33803],[130.04977,33.33768],[130.05036,33.33742],[130.05066,33.3376],[130.05085,33.33848],[130.05109,33.33891],[130.05152,33.339],[130.05185,33.33828],[130.05231,33.33826],[130.05281,33.33881],[130.05315,33.33888],[130.05401,33.33864],[130.0546,33.33824],[130.05498,33.3387],[130.0546,33.33916],[130.05476,33.33965],[130.05512,33.33944],[130.05557,33.33848],[130.05495,33.33798],[130.05615,33.33732],[130.05664,33.33725],[130.05827,33.33788],[130.059,33.33772],[130.06011,33.33695],[130.06024,33.33657],[130.05938,33.33613],[130.05919,33.33549],[130.06009,33.33487],[130.06168,33.33395],[130.06336,33.33332],[130.06432,33.33282],[130.06469,33.33237],[130.06494,33.33115],[130.0661,33.33],[130.06668,33.32976],[130.06719,33.33057],[130.06742,33.3314],[130.06738,33.33319],[130.06754,33.33408],[130.06754,33.33532],[130.06746,33.3362],[130.06725,33.33677],[130.06641,33.3375],[130.06561,33.33808],[130.06549,33.33844],[130.06575,33.33907],[130.06482,33.34011],[130.0646,33.34062],[130.06447,33.34245],[130.06305,33.3441],[130.06238,33.34479],[130.06227,33.34523],[130.06245,33.34588],[130.06237,33.34644],[130.06195,33.3469],[130.06184,33.34754],[130.06149,33.34784],[130.06071,33.34811],[130.06032,33.34798],[130.05987,33.34757],[130.05982,33.34681],[130.06058,33.3458],[130.06045,33.34544],[130.05904,33.34534],[130.0582,33.34657],[130.05735,33.34702],[130.057,33.34767],[130.05604,33.34862],[130.055,33.34937],[130.05462,33.35027],[130.0539,33.34944],[130.0538,33.34808],[130.0534,33.34756],[130.05276,33.348],[130.05254,33.34835],[130.05256,33.34876],[130.05301,33.35045],[130.0524,33.35066],[130.05156,33.35064],[130.05157,33.35103],[130.0504,33.35155],[130.04969,33.35217],[130.04863,33.3523],[130.04825,33.35167],[130.04824,33.35121],[130.04847,33.35093],[130.04911,33.35061],[130.0493,33.35032],[130.04915,33.34974],[130.04845,33.3497],[130.04796,33.35007],[130.04753,33.35014],[130.0467,33.34934],[130.04657,33.3497],[130.04684,33.35007],[130.04673,33.35038],[130.04601,33.35097],[130.0458,33.35084],[130.04582,33.35006],[130.04543,33.34963],[130.04473,33.34932],[130.04407,33.3496],[130.04377,33.35117],[130.04417,33.35179],[130.04457,33.35208]],[[130.05435,33.34091],[130.05419,33.34116],[130.05475,33.34181],[130.05544,33.34199],[130.05571,33.34167],[130.05621,33.34142],[130.05577,33.34089],[130.05474,33.34112],[130.05435,33.34091]]]},"properties":{"hoanrinKind":"保安林"}},
{"type":"Feature","geometry":{"type":"Polygon","coordinates":[[[129.99689,33.23593],[129.99662,33.23661],[129.99585,33.23725],[129.99445,33.23751],[129.99366,33.23773],[129.99268,33.23766],[129.99215,33.23746],[129.99308,33.23696],[129.99396,33.23625],[129.99566,33.23546],[129.99516,33.23539],[129.99383,33.23489],[129.99268,33.23478],[129.99206,33.2351],[129.9918,33.23623],[129.9911,33.23639],[129.98944,33.2366],[129.98876,33.23661],[129.98747,33.23645],[129.98678,33.23622],[129.98633,33.23582],[129.98571,33.23568],[129.98538,33.23528],[129.98526,33.23487],[129.98642,33.23417],[129.98654,33.23326],[129.98685,33.23308],[129.98773,33.23304],[129.98798,33.23257],[129.98793,33.23198],[129.98814,33.2316],[129.98764,33.23109],[129.98708,33.22937],[129.98653,33.22879],[129.98661,33.22761],[129.9871,33.22733],[129.9878,33.22741],[129.98858,33.22782],[129.99004,33.22787],[129.99057,33.22798],[129.99089,33.22824],[129.99168,33.22932],[129.99231,33.22972],[129.99377,33.23007],[129.99502,33.23087],[129.99563,33.23072],[129.99595,33.23048],[129.99611,33.23006],[129.9958,33.22854],[129.99587,33.22799],[129.99637,33.22728],[129.99766,33.22803],[129.99823,33.22792],[129.99864,33.22715],[129.99862,33.22682],[129.9982,33.2253],[129.99839,33.2242],[129.9983,33.22337],[129.99807,33.22279],[129.99774,33.22242],[129.99694,33.22199],[129.99677,33.22222],[129.997,33.22269],[129.99759,33.22325],[129.99724,33.22355],[129.99606,33.22284],[129.99581,33.22255],[129.99517,33.22299],[129.99456,33.22405],[129.99428,33.22477],[129.99402,33.22498],[129.99339,33.22455],[129.99295,33.22294],[129.99245,33.22259],[129.99148,33.22243],[129.99095,33.22205],[129.99094,33.22097],[129.99081,33.22022],[129.99091,33.21958],[129.99211,33.21966],[129.9928,33.21991],[129.99353,33.22072],[129.99444,33.2198],[129.99451,33.21918],[129.99361,33.21832],[129.9925,33.21808],[129.99047,33.21807],[129.98992,33.218],[129.98928,33.21768],[129.98849,33.21764],[129.98779,33.21742],[129.98706,33.21662],[129.98723,33.21589],[129.98797,33.21596],[129.98888,33.21637],[129.98939,33.21645],[129.99035,33.21609],[129.99163,33.21657],[129.99335,33.21642],[129.99486,33.21708],[129.99589,33.21685],[129.99664,33.21595],[129.99792,33.21633],[129.99891,33.21649],[129.99997,33.21766],[130.00002,33.21804],[129.9997,33.21863],[129.99907,33.21921],[129.9991,33.21953],[129.99952,33.2196],[130.00045,33.21935],[130.00222,33.21906],[130.00243,33.21866],[130.00151,33.21826],[130.00146,33.2177],[130.00219,33.21739],[130.00357,33.21742],[130.00401,33.21729],[130.00453,33.2166],[130.00452,33.21566],[130.00338,33.21568],[130.00248,33.21582],[130.00227,33.21548],[130.00228,33.21484],[130.00253,33.21437],[130.00357,33.21367],[130.00374,33.21335],[130.00338,33.21314],[130.00236,33.21342],[130.00142,33.2139],[130.00055,33.21414],[130.00027,33.21386],[130.00019,33.21269],[130.00029,33.21222],[130.00075,33.21177],[130.00171,33.21133],[130.00334,33.21086],[130.00349,33.21019],[130.00478,33.20992],[130.0053,33.20969],[130.0085,33.20931],[130.00925,33.20894],[130.0097,33.20895],[130.01057,33.20918],[130.01146,33.20928],[130.01192,33.20889],[130.01215,33.20837],[130.01244,33.2083],[130.01288,33.20863],[130.01273,33.21029],[130.0123,33.21056],[130.0118,33.21039],[130.01134,33.20987],[130.01072,33.20989],[130.01046,33.2104],[130.01073,33.21122],[130.01049,33.2117],[130.00939,33.21227],[130.0093,33.21296],[130.00765,33.21301],[130.00714,33.21326],[130.00726,33.21355],[130.00894,33.21333],[130.00994,33.21334],[130.01067,33.21346],[130.01106,33.21335],[130.0121,33.21332],[130.01221,33.21348],[130.01183,33.21416],[130.01186,33.2146],[130.01219,33.21471],[130.01274,33.21372],[130.01354,33.21292],[130.01425,33.21189],[130.01441,33.21111],[130.01496,33.2106],[130.01523,33.20957],[130.01511,33.2086],[130.01516,33.20808],[130.01629,33.20847],[130.01718,33.20906],[130.01781,33.21004],[130.01843,33.21047],[130.0192,33.21072],[130.01976,33.21102],[130.02031,33.21084],[130.02094,33.21088],[130.02176,33.21151],[130.02077,33.21196],[130.02015,33.21185],[130.01898,33.21201],[130.01832,33.21266],[130.01736,33.21301],[130.01679,33.21333],[130.01609,33.21395],[130.01647,33.21407],[130.01762,33.21394],[130.01816,33.214],[130.01895,33.21448],[130.01866,33.21513],[130.01817,33.2154],[130.01759,33.21547],[130.01616,33.21541],[130.01532,33.21471],[130.01507,33.21462],[130.01372,33.21506],[130.01228,33.21574],[130.01018,33.21704],[130.00956,33.21754],[130.00916,33.21807],[130.00888,33.21812],[130.00831,33.21785],[130.00733,33.21778],[130.00688,33.2179],[130.00615,33.21848],[130.00496,33.21985],[130.00471,33.22116],[130.00482,33.22169],[130.0058,33.22276],[130.00604,33.2235],[130.00634,33.22507],[130.0062,33.22542],[130.00708,33.22547],[130.00831,33.2262],[130.00819,33.22721],[130.00771,33.2281],[130.00753,33.22698],[130.00697,33.22703],[130.00668,33.22739],[130.00608,33.22861],[130.00494,33.22893],[130.00429,33.22953],[130.0038,33.22982],[130.00285,33.23004],[130.00252,33.23026],[130.00285,33.23105],[130.0037,33.23164],[130.0038,33.23246],[130.00346,33.23308],[130.00275,33.23323],[130.00208,33.23295],[130.00124,33.23194],[130.00062,33.23085],[129.9997,33.23089],[129.99917,33.2319],[129.99851,33.23262],[129.99796,33.23275],[129.9972,33.23277],[129.99698,33.23305],[129.99701,33.23441],[129.99689,33.23593]],[[129.98978,33.23082],[129.99013,33.23109],[129.99086,33.23031],[129.99018,33.2297],[129.98999,33.22863],[129.98955,33.22872],[129.9889,33.23011],[129.98841,33.23046],[129.98865,33.23077],[129.98953,33.23026],[129.98978,33.23082]],[[129.99889,33.222],[129.99948,33.22249],[129.99966,33.2221],[130.00011,33.22212],[130.00072,33.22182],[130.00099,33.2214],[130.00093,33.22104],[130.0003,33.22061],[129.9999,33.2208],[129.99941,33.22133],[129.99891,33.22152],[129.99889,33.222]]]},"properties":{"hoanrinKind":"保安林"}},
{"type":"Feature","geometry":{"type":"Polygon","coordinates":[[[130.14883,33.32001],[130.14804,33.32004],[130.14761,33.3198],[130.14661,33.31848],[130.14609,33.31838],[130.14557,33.31882],[130.1453,33.31846],[130.14452,33.31847],[130.1439,33.31789],[130.14288,33.31723],[130.14227,33.3175],[130.1418,33.31718],[130.14182,33.3161],[130.14248,33.31623],[130.14316,33.31674],[130.14402,33.31673],[130.14412,33.31634],[130.14378,33.3161],[130.14262,33.31582],[130.14217,33.31546],[130.14211,33.31481],[130.14279,33.31413],[130.14331,33.31327],[130.14349,33.31279],[130.14404,33.31269],[130.14387,33.31163],[130.14422,33.31122],[130.1438,33.31086],[130.14315,33.31099],[130.14326,33.31194],[130.14118,33.31205],[130.14075,33.31114],[130.14027,33.31108],[130.13945,33.3106],[130.1372,33.30914],[130.13624,33.30906],[130.13603,33.31],[130.13534,33.30951],[130.13497,33.30887],[130.13406,33.309],[130.13439,33.30986],[130.13464,33.3108],[130.13371,33.30999],[130.13312,33.30929],[130.1329,33.30835],[130.13233,33.30803],[130.13354,33.3079],[130.13508,33.30792],[130.13603,33.308],[130.1373,33.30841],[130.13744,33.30808],[130.13673,33.30779],[130.13525,33.30731],[130.13312,33.30729],[130.13121,33.30538],[130.13086,33.3048],[130.1309,33.30436],[130.13016,33.30429],[130.12947,33.30364],[130.12886,33.30377],[130.13005,33.30462],[130.13003,33.30486],[130.13053,33.30568],[130.13046,33.30706],[130.12924,33.30689],[130.12815,33.30725],[130.12759,33.30769],[130.12735,33.30803],[130.12735,33.30846],[130.12658,33.31005],[130.12687,33.31079],[130.12763,33.31176],[130.12744,33.31195],[130.12505,33.3132],[130.12412,33.31386],[130.12325,33.31365],[130.1229,33.31221],[130.12304,33.31174],[130.12351,33.31133],[130.12322,33.31078],[130.1223,33.30978],[130.12181,33.30864],[130.12048,33.30738],[130.12046,33.30643],[130.12017,33.30581],[130.12044,33.30544],[130.12109,33.30539],[130.12124,33.30565],[130.12222,33.30585],[130.12334,33.30653],[130.12433,33.30671],[130.12538,33.30734],[130.12559,33.3071],[130.12534,33.30644],[130.1241,33.30625],[130.12319,33.30544],[130.12255,33.30519],[130.12243,33.30435],[130.122,33.30358],[130.12224,33.30293],[130.12349,33.30346],[130.12419,33.30413],[130.12496,33.30475],[130.12581,33.30527],[130.12598,33.30611],[130.12676,33.30643],[130.12771,33.30571],[130.1279,33.30569],[130.12784,33.30484],[130.12808,33.3045],[130.12896,33.30421],[130.12897,33.30395],[130.12819,33.30324],[130.12827,33.30268],[130.12852,33.30243],[130.1297,33.30173],[130.12977,33.30214],[130.1305,33.30204],[130.13094,33.30218],[130.13148,33.3015],[130.13188,33.30168],[130.13256,33.30275],[130.13307,33.30335],[130.13347,33.30324],[130.13466,33.30321],[130.13532,33.30304],[130.13603,33.30305],[130.13652,33.30334],[130.13715,33.30422],[130.1375,33.3042],[130.13738,33.30341],[130.13777,33.30257],[130.13702,33.30249],[130.13599,33.30203],[130.1354,33.30201],[130.13494,33.30215],[130.13473,33.30175],[130.13379,33.30118],[130.13324,33.30055],[130.13309,33.29953],[130.1331,33.29851],[130.13356,33.29798],[130.13454,33.29929],[130.13497,33.29891],[130.13491,33.29711],[130.13536,33.29676],[130.13575,33.29674],[130.1367,33.29707],[130.13729,33.29697],[130.13753,33.29669],[130.13823,33.29647],[130.13885,33.29678],[130.13955,33.29755],[130.13962,33.29828],[130.13993,33.29841],[130.14114,33.298],[130.14105,33.29965],[130.1417,33.30039],[130.14166,33.30124],[130.14103,33.30188],[130.14052,33.30198],[130.14031,33.30181],[130.13999,33.30076],[130.13922,33.29993],[130.13906,33.29947],[130.13835,33.29928],[130.13744,33.2989],[130.13662,33.29898],[130.13647,33.2995],[130.13598,33.29949],[130.13597,33.30001],[130.13758,33.30114],[130.13854,33.30215],[130.13883,33.30366],[130.13885,33.30486],[130.14154,33.30432],[130.14234,33.30406],[130.14275,33.30372],[130.14212,33.30349],[130.14155,33.30288],[130.14152,33.30259],[130.14231,33.30142],[130.14238,33.3006],[130.14241,33.29871],[130.14225,33.29795],[130.14247,33.29732],[130.14294,33.2981],[130.14363,33.29885],[130.14406,33.3],[130.14392,33.30109],[130.14411,33.30162],[130.14415,33.30244],[130.1436,33.30384],[130.14343,33.30449],[130.1423,33.30526],[130.14202,33.30561],[130.14205,33.30607],[130.14279,33.30757],[130.14345,33.30813],[130.14364,33.30861],[130.14338,33.3093],[130.14542,33.30983],[130.14601,33.30982],[130.14625,33.30914],[130.14687,33.30916],[130.14736,33.30935],[130.14735,33.31013],[130.14807,33.3102],[130.14988,33.30969],[130.15008,33.30945],[130.14983,33.30893],[130.1494,33.30843],[130.1492,33.30738],[130.1489,33.30704],[130.14848,33.30697],[130.14778,33.30722],[130.14675,33.30729],[130.14636,33.30714],[130.14629,33.30597],[130.1473,33.30566],[130.14804,33.30522],[130.14828,33.30542],[130.149,33.30538],[130.15,33.30485],[130.15095,33.30467],[130.15079,33.30381],[130.15059,33.30357],[130.14976,33.30368],[130.14913,33.30358],[130.1491,33.30311],[130.14873,33.30258],[130.14882,33.30185],[130.14995,33.30111],[130.15044,33.30066],[130.15112,33.29908],[130.15112,33.29851],[130.15079,33.29806],[130.15066,33.29735],[130.15047,33.29718],[130.15039,33.29631],[130.15088,33.29574],[130.15119,33.29576],[130.15172,33.29613],[130.15227,33.29622],[130.15245,33.29587],[130.15141,33.29526],[130.15235,33.29504],[130.15264,33.29507],[130.15369,33.29588],[130.15495,33.29603],[130.15503,33.29626],[130.15442,33.29651],[130.15453,33.29704],[130.15484,33.29761],[130.15521,33.29792],[130.15586,33.29777],[130.15647,33.29801],[130.15638,33.29931],[130.15664,33.29974],[130.15745,33.3004],[130.15777,33.30119],[130.15837,33.30222],[130.1577,33.30331],[130.15692,33.30388],[130.15638,33.3044],[130.1565,33.30487],[130.15714,33.30522],[130.15852,33.30564],[130.15871,33.30583],[130.15862,33.30631],[130.15834,33.30661],[130.15771,33.30631],[130.15726,33.30657],[130.15657,33.30647],[130.15607,33.30625],[130.15585,33.30664],[130.15525,33.30648],[130.15514,33.30703],[130.15442,33.30682],[130.15347,33.3067],[130.15322,33.307],[130.15287,33.30781],[130.15384,33.30747],[130.1543,33.30746],[130.15526,33.30796],[130.15505,33.30858],[130.15404,33.30921],[130.15465,33.30991],[130.1553,33.31021],[130.15652,33.3114],[130.15639,33.31225],[130.15598,33.31274],[130.15532,33.31288],[130.15352,33.31295],[130.15224,33.31286],[130.15129,33.3125],[130.1504,33.31234],[130.15003,33.31238],[130.14924,33.31197],[130.14889,33.31203],[130.14845,33.31243],[130.14809,33.31245],[130.14788,33.31205],[130.14791,33.3114],[130.14751,33.31108],[130.14705,33.31108],[130.14669,33.3114],[130.14636,33.31201],[130.14593,33.31205],[130.14568,33.31171],[130.14478,33.31186],[130.1444,33.31211],[130.14444,33.3125],[130.14477,33.3128],[130.14556,33.31307],[130.14647,33.31308],[130.14708,33.31334],[130.14756,33.31429],[130.14853,33.31516],[130.14886,33.31588],[130.14958,33.31586],[130.14963,33.31496],[130.14955,33.31449],[130.15108,33.31448],[130.15146,33.31487],[130.15163,33.31547],[130.15101,33.31603],[130.1509,33.31687],[130.15131,33.31766],[130.15193,33.31812],[130.15342,33.31901],[130.15353,33.31927],[130.15278,33.31945],[130.15157,33.31869],[130.15113,33.3183],[130.15036,33.31712],[130.15035,33.31607],[130.15015,33.31602],[130.14973,33.3166],[130.15027,33.31784],[130.1507,33.31855],[130.15083,33.31913],[130.1504,33.31907],[130.15013,33.31944],[130.14883,33.32001]],[[130.15047,33.31096],[130.15042,33.31175],[130.15107,33.31233],[130.15133,33.3123],[130.15122,33.31155],[130.15133,33.31082],[130.15056,33.31057],[130.15047,33.31096]],[[130.15506,33.31066],[130.15416,33.31122],[130.15452,33.31168],[130.15503,33.31128],[130.15542,33.31141],[130.15581,33.31126],[130.1556,33.31078],[130.15506,33.31066]],[[130.14091,33.31044],[130.14045,33.30962],[130.13954,33.3092],[130.13912,33.30858],[130.13872,33.30887],[130.13893,33.30933],[130.13934,33.30974],[130.13993,33.31008],[130.1405,33.31063],[130.14091,33.31044]],[[130.15095,33.30758],[130.15048,33.308],[130.15043,33.30923],[130.15024,33.30949],[130.15089,33.3097],[130.15324,33.30995],[130.15334,33.30943],[130.15295,33.30828],[130.15247,33.308],[130.15151,33.30766],[130.15095,33.30758]]]},"properties":{"hoanrinKind":"保安林"}},
{"type":"Feature","geometry":{"type":"Polygon","coordinates":[[[130.34291,33.40984],[130.3427,33.41014],[130.34215,33.41004],[130.3415,33.40961],[130.34125,33.40904],[130.34145,33.40818],[130.34259,33.40755],[130.34405,33.4062],[130.34467,33.40553],[130.34574,33.4053],[130.34731,33.40544],[130.34858,33.40532],[130.3495,33.40468],[130.34953,33.40355],[130.34966,33.40291],[130.3503,33.40264],[130.35065,33.40291],[130.35144,33.40291],[130.35186,33.40257],[130.35206,33.40183],[130.35235,33.40154],[130.35285,33.40142],[130.35423,33.40139],[130.35439,33.40117],[130.35418,33.40035],[130.35449,33.40006],[130.35519,33.40019],[130.35559,33.4001],[130.35641,33.39933],[130.35653,33.39895],[130.35641,33.39845],[130.35602,33.39766],[130.35722,33.39769],[130.35766,33.39837],[130.35852,33.39839],[130.35865,33.39908],[130.35908,33.39941],[130.35954,33.39937],[130.36037,33.39885],[130.36101,33.39874],[130.36125,33.39894],[130.36176,33.39984],[130.36212,33.39966],[130.36215,33.39867],[130.36304,33.39781],[130.36303,33.39728],[130.36276,33.3969],[130.36118,33.39619],[130.3602,33.39604],[130.35874,33.3961],[130.35763,33.39643],[130.35719,33.39547],[130.3564,33.39593],[130.35603,33.39593],[130.35544,33.3956],[130.35489,33.39446],[130.3542,33.39399],[130.35229,33.39387],[130.3517,33.39372],[130.35148,33.39288],[130.35205,33.39205],[130.35292,33.39182],[130.35412,33.39191],[130.35462,33.39171],[130.3549,33.39135],[130.35556,33.39099],[130.35582,33.39043],[130.35568,33.39012],[130.35519,33.38978],[130.35449,33.38952],[130.35249,33.38841],[130.35243,33.38794],[130.3515,33.38731],[130.35109,33.38692],[130.35118,33.3866],[130.35114,33.38522],[130.35082,33.38378],[130.35089,33.383],[130.35006,33.38234],[130.34962,33.38159],[130.34951,33.38113],[130.34997,33.38045],[130.35135,33.37986],[130.35156,33.37985],[130.35213,33.38038],[130.35193,33.38113],[130.35131,33.38214],[130.35128,33.38282],[130.35208,33.3831],[130.35314,33.38308],[130.35387,33.38325],[130.3544,33.38312],[130.35487,33.38237],[130.35534,33.38243],[130.35559,33.38306],[130.35624,33.38308],[130.35658,33.38239],[130.3567,33.38167],[130.35795,33.3815],[130.35858,33.38113],[130.35976,33.38125],[130.36085,33.38112],[130.36153,33.38121],[130.36247,33.38169],[130.36309,33.38188],[130.36354,33.38169],[130.36406,33.38122],[130.36494,33.38119],[130.36663,33.38215],[130.36707,33.38223],[130.36834,33.38333],[130.36879,33.38347],[130.3684,33.3845],[130.36824,33.38528],[130.36701,33.38643],[130.36715,33.38732],[130.36707,33.38761],[130.36593,33.38859],[130.36399,33.3885],[130.36329,33.38816],[130.36258,33.38809],[130.36198,33.38714],[130.36137,33.38712],[130.35994,33.38777],[130.36035,33.38846],[130.36195,33.38959],[130.36271,33.38998],[130.364,33.39104],[130.36578,33.39194],[130.36638,33.39249],[130.36674,33.39328],[130.36725,33.39371],[130.36845,33.39366],[130.36923,33.39337],[130.36947,33.39347],[130.36949,33.3941],[130.36971,33.39442],[130.3706,33.39485],[130.37215,33.39521],[130.37123,33.39581],[130.36989,33.39744],[130.36933,33.39828],[130.36895,33.39839],[130.36807,33.39804],[130.36796,33.3987],[130.36804,33.39939],[130.36772,33.39989],[130.36689,33.40034],[130.36498,33.39997],[130.36475,33.40101],[130.36486,33.40132],[130.36461,33.40171],[130.36464,33.40221],[130.36511,33.40253],[130.36428,33.40337],[130.36345,33.40356],[130.36331,33.40426],[130.36283,33.40478],[130.36241,33.40491],[130.3623,33.40536],[130.36177,33.40554],[130.36083,33.40547],[130.36054,33.40613],[130.36026,33.40611],[130.35962,33.40642],[130.35912,33.40551],[130.35797,33.40509],[130.35723,33.40516],[130.35712,33.40598],[130.35697,33.40613],[130.35552,33.4062],[130.35499,33.40652],[130.355,33.40679],[130.35561,33.40724],[130.35548,33.40774],[130.35409,33.40776],[130.3534,33.40713],[130.3528,33.40704],[130.3519,33.40776],[130.35069,33.40783],[130.34941,33.40862],[130.34795,33.40864],[130.34686,33.4095],[130.34642,33.40975],[130.34532,33.40959],[130.34489,33.40995],[130.34332,33.41008],[130.34291,33.40984]],[[130.35795,33.38827],[130.35789,33.38905],[130.35803,33.38997],[130.35843,33.39091],[130.35876,33.39127],[130.36008,33.39164],[130.36102,33.39166],[130.36126,33.39149],[130.3624,33.39143],[130.36191,33.39082],[130.36081,33.3904],[130.36,33.39022],[130.35959,33.38983],[130.35917,33.38897],[130.35911,33.38796],[130.35923,33.38677],[130.35895,33.38614],[130.35849,33.3861],[130.3577,33.38702],[130.35703,33.3873],[130.35636,33.38739],[130.3561,33.38764],[130.35633,33.38809],[130.3577,33.38795],[130.35795,33.38827]]]},"properties":{"hoanrinKind":"保安林"}},
{"type":"Feature","geometry":{"type":"Polygon","coordinates":[[[129.90913,33.22702],[129.90835,33.22704],[129.90654,33.22744],[129.90412,33.22779],[129.9023,33.22732],[129.90119,33.22718],[129.89988,33.22677],[129.89955,33.22565],[129.89917,33.22501],[129.89801,33.22416],[129.89743,33.22359],[129.89764,33.22346],[129.89916,33.22152],[129.90022,33.2203],[129.9008,33.21913],[129.90105,33.21845],[129.90118,33.21769],[129.90204,33.21675],[129.90199,33.21503],[129.90142,33.21368],[129.90145,33.21353],[129.89858,33.21318],[129.89695,33.21302],[129.89534,33.21274],[129.89396,33.21161],[129.89374,33.21133],[129.8928,33.21104],[129.8917,33.21139],[129.89064,33.212],[129.89014,33.21215],[129.8894,33.21201],[129.88901,33.21131],[129.88893,33.21075],[129.88803,33.20834],[129.88753,33.20743],[129.88643,33.20613],[129.88619,33.20552],[129.88606,33.20476],[129.88619,33.20374],[129.88776,33.20263],[129.888,33.20189],[129.88824,33.20156],[129.88914,33.20111],[129.88982,33.2009],[129.89085,33.2004],[129.89066,33.20086],[129.88953,33.20163],[129.88887,33.20162],[129.88811,33.20246],[129.88784,33.20312],[129.8872,33.20333],[129.8869,33.20361],[129.88714,33.20447],[129.8876,33.20519],[129.88768,33.20563],[129.88812,33.20609],[129.88915,33.20524],[129.88953,33.20552],[129.88981,33.20538],[129.88979,33.20459],[129.89048,33.20446],[129.89083,33.20383],[129.89147,33.20365],[129.89292,33.20365],[129.89346,33.20345],[129.89435,33.20293],[129.89454,33.20393],[129.89492,33.20398],[129.89525,33.20287],[129.89589,33.20318],[129.89599,33.20379],[129.89621,33.20407],[129.89706,33.20427],[129.89752,33.2045],[129.8978,33.2043],[129.89751,33.20382],[129.89636,33.20256],[129.89606,33.20187],[129.89655,33.20157],[129.89735,33.20134],[129.8976,33.20089],[129.89694,33.20086],[129.89652,33.20103],[129.89581,33.201],[129.89592,33.20032],[129.89571,33.19939],[129.89658,33.19949],[129.89592,33.19848],[129.89687,33.1987],[129.89889,33.19928],[129.90165,33.19993],[129.90389,33.20073],[129.90461,33.20112],[129.90512,33.20154],[129.90543,33.20049],[129.90624,33.19926],[129.90691,33.19864],[129.90784,33.19817],[129.90748,33.19769],[129.90696,33.19732],[129.90734,33.19645],[129.90779,33.19512],[129.90821,33.19536],[129.90781,33.19582],[129.90823,33.19603],[129.9086,33.19558],[129.90936,33.19554],[129.91008,33.1957],[129.91004,33.19661],[129.91059,33.19644],[129.91082,33.19664],[129.91108,33.19735],[129.9115,33.19752],[129.91221,33.19718],[129.91258,33.1977],[129.91141,33.19824],[129.91089,33.19875],[129.91087,33.19921],[129.91243,33.19988],[129.91249,33.20011],[129.91199,33.20075],[129.91139,33.20114],[129.90995,33.20133],[129.90918,33.20166],[129.90907,33.20186],[129.90953,33.20225],[129.9106,33.20222],[129.91078,33.20298],[129.91112,33.20314],[129.91198,33.20306],[129.91226,33.20331],[129.91216,33.20363],[129.91106,33.20472],[129.91096,33.20628],[129.91064,33.20686],[129.90995,33.20712],[129.90963,33.20747],[129.90947,33.20797],[129.90956,33.2088],[129.90976,33.20916],[129.91014,33.20938],[129.91146,33.20917],[129.91211,33.20925],[129.91254,33.20947],[129.91303,33.21018],[129.91305,33.21051],[129.91222,33.21295],[129.91169,33.2134],[129.91068,33.21296],[129.91004,33.21285],[129.90953,33.21322],[129.90932,33.21367],[129.90911,33.21484],[129.90881,33.21547],[129.9081,33.21629],[129.90738,33.21658],[129.90618,33.21722],[129.90516,33.21866],[129.90524,33.21947],[129.9055,33.21977],[129.90641,33.22036],[129.90675,33.22095],[129.9066,33.22127],[129.90555,33.22122],[129.90538,33.22137],[129.90571,33.22243],[129.90545,33.22278],[129.90468,33.2228],[129.90395,33.22306],[129.90383,33.22339],[129.90435,33.22359],[129.90504,33.22356],[129.90574,33.22332],[129.90726,33.22264],[129.90804,33.2224],[129.90868,33.22289],[129.90876,33.22358],[129.909,33.22419],[129.90957,33.22438],[129.91052,33.22407],[129.91118,33.22405],[129.91185,33.22483],[129.91212,33.22497],[129.91363,33.22468],[129.91406,33.22501],[129.91491,33.22527],[129.91468,33.22554],[129.91342,33.22633],[129.91248,33.22722],[129.91059,33.22708],[129.90989,33.22696],[129.90913,33.22702]],[[129.90278,33.2114],[129.90284,33.21217],[129.9032,33.21206],[129.90352,33.21106],[129.90388,33.21056],[129.9044,33.20892],[129.90478,33.20847],[129.90566,33.20787],[129.90587,33.20721],[129.90652,33.20667],[129.90669,33.2054],[129.90654,33.20497],[129.90571,33.20405],[129.90523,33.20293],[129.90499,33.20197],[129.90454,33.20379],[129.9046,33.20446],[129.90513,33.20554],[129.90516,33.20621],[129.90483,33.207],[129.90369,33.20907],[129.90283,33.20978],[129.9027,33.21065],[129.90278,33.2114]]]},"properties":{"hoanrinKind":"保安林"}},
{"type":"Feature","geometry":{"type":"Polygon","coordinates":[[[129.8335,33.25799],[129.83365,33.25826],[129.83423,33.25864],[129.83565,33.25884],[129.83583,33.25933],[129.83471,33.25983],[129.8334,33.26084],[129.83273,33.26094],[129.83131,33.25985],[129.83024,33.25952],[129.82999,33.25929],[129.82995,33.25839],[129.82947,33.25793],[129.82859,33.25802],[129.82778,33.25766],[129.82651,33.25736],[129.82565,33.25676],[129.82324,33.25537],[129.82208,33.25444],[129.82206,33.25365],[129.82098,33.25221],[129.81998,33.25189],[129.81747,33.25071],[129.81555,33.24998],[129.81508,33.24967],[129.81489,33.2493],[129.81467,33.24747],[129.81436,33.24647],[129.81413,33.24612],[129.81318,33.24518],[129.81217,33.24379],[129.81199,33.24285],[129.81217,33.24264],[129.81304,33.24294],[129.8136,33.24302],[129.81445,33.24227],[129.81441,33.24139],[129.81447,33.24036],[129.81544,33.2391],[129.81539,33.23869],[129.81496,33.23785],[129.81427,33.23694],[129.81404,33.23624],[129.81398,33.23532],[129.81373,33.23444],[129.81347,33.23398],[129.81369,33.23346],[129.81354,33.23298],[129.81309,33.2326],[129.81252,33.23189],[129.81135,33.23179],[129.81074,33.23149],[129.8104,33.23116],[129.80991,33.23036],[129.81006,33.22953],[129.81042,33.22864],[129.81051,33.22754],[129.81046,33.2269],[129.81099,33.22613],[129.81139,33.22535],[129.81183,33.22485],[129.81233,33.22395],[129.81282,33.22234],[129.81308,33.22121],[129.81301,33.22076],[129.81252,33.22018],[129.81172,33.21956],[129.80986,33.2189],[129.8096,33.21862],[129.80961,33.21758],[129.80975,33.2167],[129.80952,33.21569],[129.80942,33.21474],[129.80928,33.21458],[129.8083,33.21472],[129.80731,33.21276],[129.80704,33.21178],[129.80761,33.21171],[129.80837,33.211],[129.80855,33.21037],[129.80804,33.21001],[129.80924,33.20922],[129.80921,33.20883],[129.80836,33.20812],[129.80817,33.20779],[129.80817,33.20675],[129.80857,33.20613],[129.80884,33.20525],[129.8091,33.20504],[129.80941,33.20422],[129.81003,33.2037],[129.81074,33.2033],[129.81118,33.20285],[129.81064,33.20274],[129.81012,33.20245],[129.81051,33.20222],[129.81045,33.20177],[129.81077,33.20136],[129.81124,33.20126],[129.8122,33.20028],[129.81371,33.19969],[129.8144,33.19911],[129.81409,33.19867],[129.81462,33.19814],[129.81552,33.19777],[129.81651,33.1979],[129.81673,33.19755],[129.81619,33.19714],[129.81603,33.19597],[129.8156,33.19493],[129.81561,33.1946],[129.8164,33.19387],[129.81668,33.19345],[129.81708,33.19345],[129.81809,33.19373],[129.81915,33.19415],[129.82008,33.1943],[129.82067,33.19414],[129.82189,33.19366],[129.82217,33.19326],[129.82221,33.19233],[129.82235,33.19205],[129.82295,33.19213],[129.82385,33.19173],[129.82516,33.19165],[129.82614,33.1915],[129.82672,33.19116],[129.82701,33.19202],[129.82704,33.19284],[129.82594,33.19322],[129.82404,33.19361],[129.82422,33.19458],[129.82384,33.19478],[129.823,33.19481],[129.82289,33.1962],[129.82261,33.19728],[129.82266,33.19755],[129.82331,33.19881],[129.82298,33.19957],[129.82267,33.19991],[129.82206,33.20022],[129.82284,33.20061],[129.82292,33.20091],[129.82343,33.2008],[129.82406,33.20101],[129.82388,33.20132],[129.82319,33.20118],[129.82269,33.20126],[129.82253,33.20157],[129.82277,33.20185],[129.82353,33.20176],[129.82379,33.20197],[129.82512,33.20165],[129.82521,33.20216],[129.82433,33.20269],[129.82198,33.20206],[129.82162,33.20225],[129.82159,33.2028],[129.82222,33.20325],[129.82299,33.20325],[129.82344,33.20347],[129.82341,33.204],[129.82277,33.20401],[129.82264,33.20421],[129.822,33.2042],[129.82127,33.20517],[129.82096,33.20536],[129.82104,33.20597],[129.82092,33.20653],[129.82207,33.20688],[129.82226,33.2064],[129.82306,33.20674],[129.82389,33.20618],[129.82505,33.20705],[129.82579,33.20782],[129.8257,33.2081],[129.82484,33.20827],[129.82391,33.20763],[129.82361,33.20757],[129.82193,33.20826],[129.82112,33.20848],[129.81907,33.20883],[129.81818,33.20948],[129.81756,33.20932],[129.81723,33.20834],[129.81689,33.20795],[129.816,33.20771],[129.8156,33.20787],[129.81443,33.20777],[129.8144,33.20862],[129.8149,33.20936],[129.81526,33.21018],[129.81478,33.21061],[129.81471,33.21098],[129.81492,33.21183],[129.81537,33.21137],[129.81577,33.21126],[129.81669,33.21133],[129.81719,33.21206],[129.81711,33.21329],[129.81762,33.21347],[129.81837,33.21353],[129.81804,33.21414],[129.81836,33.21455],[129.81949,33.21422],[129.82,33.21496],[129.81975,33.21533],[129.81863,33.21625],[129.81905,33.21767],[129.81881,33.21794],[129.81923,33.21821],[129.81911,33.219],[129.81996,33.21947],[129.82069,33.21949],[129.8232,33.21906],[129.82288,33.21954],[129.82197,33.21998],[129.82131,33.2208],[129.82134,33.22131],[129.82194,33.22222],[129.82164,33.22272],[129.82187,33.22309],[129.8226,33.22315],[129.82343,33.22309],[129.82392,33.22356],[129.82282,33.22396],[129.82252,33.22439],[129.82227,33.22537],[129.82334,33.22653],[129.82353,33.22688],[129.82212,33.22679],[129.82074,33.227],[129.8201,33.22686],[129.81912,33.22583],[129.81869,33.22623],[129.81897,33.2271],[129.81834,33.22768],[129.81825,33.22841],[129.81862,33.22875],[129.81858,33.22944],[129.81833,33.22995],[129.81892,33.23067],[129.81916,33.23067],[129.81955,33.23137],[129.81959,33.23173],[129.8191,33.23322],[129.82071,33.23323],[129.8212,33.23353],[129.82202,33.23452],[129.82243,33.23461],[129.82265,33.2349],[129.82314,33.235],[129.82277,33.23575],[129.82211,33.23654],[129.82072,33.2362],[129.82066,33.23663],[129.82021,33.23785],[129.81951,33.23887],[129.81965,33.23983],[129.81944,33.24058],[129.81992,33.24089],[129.81992,33.24119],[129.81918,33.24276],[129.81905,33.2434],[129.81814,33.24478],[129.81844,33.24516],[129.81948,33.24533],[129.81987,33.24587],[129.82011,33.24707],[129.8211,33.2473],[129.82214,33.248],[129.82378,33.24889],[129.8246,33.2496],[129.82561,33.25028],[129.82585,33.25108],[129.82526,33.25197],[129.82501,33.25264],[129.82508,33.25331],[129.82551,33.2536],[129.82628,33.25358],[129.82688,33.25403],[129.8272,33.25369],[129.82851,33.25372],[129.82809,33.25337],[129.82831,33.25306],[129.82874,33.25303],[129.82962,33.25269],[129.82989,33.25214],[129.83069,33.25277],[129.83172,33.25275],[129.83208,33.25316],[129.83214,33.25377],[129.83107,33.25453],[129.83072,33.2551],[129.83064,33.25559],[129.83034,33.25613],[129.83016,33.2569],[129.83049,33.25711],[129.83194,33.25698],[129.83303,33.25612],[129.83381,33.25606],[129.834,33.25672],[129.83358,33.25753],[129.8335,33.25799]],[[129.81674,33.22842],[129.81725,33.22883],[129.81798,33.2287],[129.81817,33.22851],[129.81812,33.22769],[129.81795,33.22736],[129.81744,33.22702],[129.8168,33.22714],[129.81657,33.22735],[129.81674,33.22842]],[[129.81674,33.22384],[129.81631,33.22422],[129.81612,33.22505],[129.81664,33.22569],[129.81733,33.2259],[129.818,33.22556],[129.81838,33.22446],[129.81769,33.22385],[129.81713,33.2237],[129.81674,33.22384]],[[129.82003,33.2237],[129.82024,33.22426],[129.82015,33.2249],[129.81972,33.22529],[129.82005,33.22556],[129.8205,33.22528],[129.82084,33.22449],[129.82053,33.22381],[129.82003,33.2237]],[[129.8169,33.21991],[129.81681,33.22039],[129.81724,33.22128],[129.81781,33.22138],[129.81795,33.22094],[129.81734,33.22034],[129.81745,33.21947],[129.81694,33.21837],[129.81636,33.21833],[129.81611,33.21747],[129.81465,33.21647],[129.81404,33.2167],[129.81437,33.21719],[129.81399,33.21756],[129.81429,33.21868],[129.8152,33.21965],[129.81558,33.21988],[129.81648,33.21959],[129.8169,33.21991]]]},"properties":{"hoanrinKind":"保安林"}},
{"type":"Feature","geometry":{"type":"Polygon","coordinates":[[[130.21641,33.40228],[130.21518,33.40222],[130.2146,33.40141],[130.21444,33.40081],[130.21371,33.40014],[130.21278,33.39914],[130.21218,33.39838],[130.21114,33.39847],[130.21083,33.39865],[130.21102,33.39923],[130.21172,33.40022],[130.21142,33.40047],[130.21036,33.40025],[130.20934,33.39939],[130.20791,33.39781],[130.20721,33.3977],[130.20715,33.39809],[130.20739,33.3986],[130.20783,33.39914],[130.20941,33.40004],[130.20952,33.40058],[130.20897,33.40078],[130.20796,33.40047],[130.20765,33.40064],[130.20758,33.40119],[130.20766,33.40208],[130.20668,33.40235],[130.20572,33.40229],[130.2055,33.40201],[130.20554,33.40138],[130.20597,33.40063],[130.20599,33.40006],[130.20557,33.39964],[130.20349,33.39815],[130.20298,33.39771],[130.20274,33.39711],[130.20181,33.39529],[130.20151,33.39513],[130.20046,33.39612],[130.19978,33.39612],[130.19907,33.39545],[130.19929,33.39486],[130.20006,33.39415],[130.20011,33.39355],[130.19974,33.39255],[130.19969,33.39209],[130.19898,33.39126],[130.19824,33.39058],[130.19705,33.38935],[130.19642,33.38927],[130.1964,33.39035],[130.19583,33.3908],[130.1957,33.39222],[130.19529,33.39245],[130.19425,33.39221],[130.19381,33.39292],[130.19269,33.39301],[130.19166,33.39362],[130.19092,33.39355],[130.19068,33.39337],[130.19066,33.39261],[130.19033,33.3922],[130.18954,33.39209],[130.189,33.39178],[130.18872,33.39101],[130.1882,33.39081],[130.18699,33.39055],[130.1864,33.39027],[130.18563,33.39058],[130.18547,33.39128],[130.1858,33.39188],[130.18707,33.39279],[130.18788,33.39369],[130.18767,33.39405],[130.18706,33.39439],[130.18693,33.39469],[130.18736,33.3951],[130.18804,33.39521],[130.18822,33.39562],[130.18761,33.3961],[130.18691,33.39645],[130.1866,33.39624],[130.18569,33.39658],[130.18527,33.39697],[130.18444,33.3965],[130.18404,33.39643],[130.18378,33.39671],[130.18362,33.39732],[130.18292,33.39777],[130.18266,33.39817],[130.18304,33.39919],[130.18312,33.4004],[130.18273,33.40053],[130.18193,33.4003],[130.18064,33.4007],[130.18007,33.40047],[130.18015,33.39972],[130.18091,33.39963],[130.18157,33.39879],[130.18037,33.39858],[130.17986,33.39829],[130.17987,33.39794],[130.18021,33.39715],[130.17971,33.39657],[130.17889,33.39672],[130.17875,33.39759],[130.17891,33.39892],[130.17881,33.39961],[130.17847,33.4003],[130.17781,33.40035],[130.17747,33.39991],[130.17674,33.39983],[130.17642,33.39937],[130.17659,33.39903],[130.17719,33.39844],[130.17726,33.398],[130.17688,33.39771],[130.17608,33.39764],[130.17546,33.39706],[130.1754,33.39637],[130.17627,33.39541],[130.17622,33.39484],[130.17538,33.39305],[130.17508,33.39196],[130.17385,33.39084],[130.17355,33.39039],[130.17356,33.39004],[130.17424,33.38886],[130.17429,33.388],[130.17456,33.38701],[130.17529,33.38665],[130.17605,33.3853],[130.17644,33.38485],[130.17719,33.38458],[130.17752,33.38471],[130.17856,33.38465],[130.17908,33.38477],[130.17888,33.38519],[130.17839,33.38564],[130.17777,33.38584],[130.17745,33.3861],[130.17696,33.38607],[130.17657,33.3864],[130.17598,33.38657],[130.1756,33.38692],[130.17563,33.38721],[130.1762,33.38769],[130.17581,33.38902],[130.17629,33.3892],[130.17706,33.38872],[130.17775,33.38942],[130.17845,33.38943],[130.17845,33.38897],[130.17824,33.38822],[130.17824,33.38777],[130.17865,33.38752],[130.17912,33.38774],[130.17921,33.38831],[130.17914,33.38936],[130.17887,33.38954],[130.17879,33.39],[130.17839,33.39067],[130.1784,33.39114],[130.17789,33.39192],[130.17773,33.39269],[130.17837,33.39276],[130.17848,33.39167],[130.17866,33.39128],[130.1791,33.39125],[130.17941,33.39182],[130.17943,33.3925],[130.17913,33.39337],[130.17916,33.39388],[130.17971,33.39394],[130.17971,33.39275],[130.17996,33.39193],[130.18,33.3909],[130.18049,33.39068],[130.1811,33.39122],[130.18135,33.3909],[130.18106,33.38986],[130.1808,33.38962],[130.18137,33.38935],[130.18234,33.39048],[130.18281,33.39073],[130.18373,33.39065],[130.18484,33.39029],[130.18581,33.38973],[130.18633,33.3888],[130.18694,33.38836],[130.1879,33.38805],[130.18836,33.38739],[130.18835,33.38673],[130.1886,33.38611],[130.18905,33.38662],[130.19012,33.3876],[130.19045,33.38606],[130.19106,33.38552],[130.19252,33.38512],[130.19202,33.38438],[130.19178,33.38373],[130.1905,33.38383],[130.19032,33.38427],[130.1904,33.38514],[130.1895,33.38498],[130.18883,33.38457],[130.18891,33.38397],[130.18828,33.38417],[130.18762,33.38379],[130.18772,33.38341],[130.18691,33.38321],[130.18651,33.38264],[130.18603,33.38276],[130.18598,33.38313],[130.18626,33.38357],[130.18556,33.38371],[130.18456,33.38339],[130.18347,33.38295],[130.18216,33.38311],[130.18172,33.38327],[130.181,33.38296],[130.17994,33.38303],[130.17972,33.38285],[130.17964,33.38131],[130.17905,33.38098],[130.18007,33.3804],[130.18038,33.37991],[130.1803,33.37951],[130.18042,33.37875],[130.18096,33.37824],[130.18165,33.37807],[130.18334,33.378],[130.18429,33.37807],[130.18474,33.37786],[130.18654,33.37753],[130.18681,33.37734],[130.18805,33.37706],[130.18913,33.37704],[130.1896,33.37725],[130.19072,33.37718],[130.1914,33.37664],[130.19269,33.37624],[130.19311,33.37601],[130.19407,33.37603],[130.19446,33.37587],[130.19546,33.37586],[130.19578,33.37607],[130.19584,33.37666],[130.19455,33.37865],[130.19402,33.37968],[130.19404,33.38021],[130.19359,33.38045],[130.19316,33.38132],[130.19283,33.38175],[130.19194,33.38243],[130.19188,33.38292],[130.19231,33.38326],[130.19318,33.38281],[130.19351,33.38209],[130.19446,33.38107],[130.19455,33.3805],[130.19496,33.38039],[130.19535,33.37982],[130.1955,33.37899],[130.19578,33.37822],[130.19704,33.37738],[130.19816,33.37637],[130.19857,33.37631],[130.19896,33.37657],[130.19906,33.37752],[130.19945,33.37768],[130.19971,33.37739],[130.19974,33.37664],[130.1986,33.37534],[130.19867,33.3749],[130.19962,33.37446],[130.20023,33.37453],[130.20098,33.37536],[130.20119,33.376],[130.20106,33.37662],[130.20059,33.37742],[130.2004,33.37822],[130.20015,33.37866],[130.2004,33.37936],[130.2013,33.37953],[130.20195,33.37995],[130.20259,33.37897],[130.20403,33.3778],[130.20428,33.37725],[130.20431,33.37675],[130.20419,33.37525],[130.20465,33.37492],[130.20528,33.37502],[130.20538,33.37538],[130.20537,33.37675],[130.20576,33.3772],[130.20693,33.37742],[130.20736,33.37801],[130.20712,33.37854],[130.20614,33.3795],[130.20631,33.37974],[130.2069,33.37976],[130.20757,33.38027],[130.20813,33.38027],[130.20836,33.37972],[130.20882,33.3795],[130.20944,33.38008],[130.20973,33.38051],[130.20991,33.38111],[130.20914,33.38142],[130.20882,33.38184],[130.20942,33.38198],[130.21054,33.3817],[130.21099,33.38171],[130.21148,33.38204],[130.21087,33.38271],[130.2098,33.38315],[130.20936,33.38356],[130.20723,33.38458],[130.20624,33.3848],[130.2064,33.38522],[130.20682,33.38515],[130.20732,33.38476],[130.20783,33.38457],[130.20835,33.38457],[130.20903,33.38429],[130.20958,33.38374],[130.21022,33.38355],[130.21109,33.38397],[130.21205,33.38402],[130.21193,33.38454],[130.21222,33.38526],[130.21306,33.38428],[130.21336,33.38467],[130.213,33.38533],[130.21287,33.38586],[130.21319,33.38697],[130.21373,33.38796],[130.21335,33.38891],[130.21393,33.38936],[130.21413,33.38988],[130.2135,33.39065],[130.21377,33.39091],[130.2137,33.39123],[130.21405,33.39155],[130.21424,33.3926],[130.21361,33.39303],[130.21302,33.39296],[130.21111,33.39211],[130.21099,33.39233],[130.21225,33.39306],[130.21328,33.39415],[130.21391,33.39441],[130.21396,33.39462],[130.21344,33.39525],[130.21303,33.39661],[130.21311,33.39689],[130.21378,33.39732],[130.21443,33.39741],[130.21555,33.39778],[130.21695,33.39762],[130.21744,33.39705],[130.21856,33.39666],[130.21865,33.39706],[130.21924,33.39764],[130.21875,33.39821],[130.21893,33.39842],[130.2195,33.39836],[130.21979,33.39873],[130.21907,33.39901],[130.21986,33.39987],[130.21958,33.40016],[130.2183,33.39994],[130.21788,33.40016],[130.21767,33.40074],[130.21736,33.40093],[130.21678,33.40075],[130.21636,33.40013],[130.21613,33.40012],[130.21609,33.40116],[130.21648,33.4021],[130.21641,33.40228]],[[130.19565,33.38585],[130.19604,33.38607],[130.19739,33.38641],[130.19772,33.38683],[130.19834,33.38732],[130.19901,33.38717],[130.19915,33.38666],[130.19895,33.38526],[130.19876,33.38487],[130.19888,33.38457],[130.1988,33.38341],[130.19798,33.38351],[130.19761,33.38326],[130.19586,33.38331],[130.19573,33.38351],[130.19433,33.38385],[130.1941,33.38412],[130.19406,33.38463],[130.19469,33.38507],[130.19507,33.38558],[130.19565,33.38585]],[[130.18652,33.38116],[130.18682,33.38148],[130.18735,33.3813],[130.18711,33.38057],[130.18666,33.37876],[130.18621,33.37802],[130.18512,33.37797],[130.18443,33.37826],[130.18426,33.37902],[130.18486,33.37978],[130.18482,33.38072],[130.18518,33.38075],[130.18585,33.37974],[130.18652,33.38116]]]},"properties":{"hoanrinKind":"保安林"}},
{"type":"Feature","geometry":{"type":"Polygon","coordinates":[[[130.18415,33.35543],[130.18401,33.35587],[130.18419,33.35707],[130.18377,33.35787],[130.18317,33.35804],[130.1832,33.35711],[130.18277,33.35672],[130.18281,33.35533],[130.18256,33.35519],[130.18221,33.35618],[130.18161,33.35596],[130.18146,33.35523],[130.18164,33.35468],[130.18206,33.35392],[130.18204,33.35352],[130.18141,33.35321],[130.18115,33.35236],[130.18084,33.35195],[130.18024,33.35151],[130.18004,33.35163],[130.17983,33.35266],[130.17913,33.35272],[130.17863,33.35237],[130.17836,33.35194],[130.17839,33.35115],[130.17878,33.35011],[130.1785,33.34981],[130.17738,33.35023],[130.17668,33.34997],[130.17646,33.34917],[130.17682,33.34849],[130.17799,33.34815],[130.17799,33.3474],[130.17774,33.34673],[130.17784,33.34563],[130.17737,33.3452],[130.17723,33.34459],[130.17754,33.34408],[130.17878,33.34315],[130.17859,33.34259],[130.17822,33.34236],[130.17765,33.34229],[130.17638,33.34263],[130.17586,33.34259],[130.17539,33.34204],[130.17459,33.3419],[130.17394,33.34218],[130.17281,33.34198],[130.17198,33.34238],[130.17135,33.3424],[130.1706,33.34205],[130.16985,33.34229],[130.16951,33.34258],[130.16854,33.34411],[130.16795,33.34411],[130.16755,33.34357],[130.16709,33.34351],[130.16629,33.34419],[130.16557,33.34415],[130.16521,33.34436],[130.16471,33.34527],[130.16323,33.34583],[130.16294,33.34564],[130.16277,33.34504],[130.16292,33.34432],[130.16234,33.3443],[130.16143,33.34508],[130.16076,33.34522],[130.16012,33.34501],[130.15866,33.34576],[130.15745,33.34573],[130.15603,33.34597],[130.15499,33.34533],[130.15418,33.34535],[130.15376,33.34578],[130.15381,33.34615],[130.15437,33.34675],[130.15474,33.34686],[130.15594,33.34695],[130.15621,33.34726],[130.1561,33.34756],[130.15483,33.34892],[130.15401,33.34896],[130.15365,33.34939],[130.15405,33.34992],[130.15497,33.35007],[130.1552,33.35052],[130.15423,33.35166],[130.15383,33.35291],[130.15331,33.35334],[130.15102,33.35386],[130.15083,33.35396],[130.15056,33.35515],[130.14934,33.35596],[130.14906,33.35472],[130.14869,33.35414],[130.14877,33.35323],[130.14836,33.35185],[130.14843,33.35077],[130.14695,33.351],[130.14653,33.35068],[130.14704,33.35045],[130.14756,33.34987],[130.14756,33.3496],[130.14677,33.34886],[130.14595,33.34834],[130.14472,33.34729],[130.14448,33.34748],[130.14468,33.34818],[130.14518,33.3493],[130.1456,33.35004],[130.14568,33.35056],[130.14524,33.35126],[130.14595,33.3517],[130.14612,33.352],[130.1461,33.35262],[130.14581,33.35315],[130.1462,33.354],[130.14618,33.35437],[130.14642,33.35477],[130.14635,33.35541],[130.14588,33.35576],[130.14555,33.35542],[130.14507,33.3552],[130.14483,33.35575],[130.14406,33.35525],[130.14474,33.35508],[130.14462,33.35404],[130.1443,33.35348],[130.14359,33.35314],[130.14316,33.35322],[130.14214,33.35296],[130.14049,33.35221],[130.14022,33.3519],[130.13946,33.35152],[130.13914,33.35085],[130.13933,33.35044],[130.13907,33.35018],[130.13899,33.34967],[130.13847,33.34887],[130.13764,33.34807],[130.13723,33.34784],[130.13721,33.34741],[130.13686,33.34663],[130.13615,33.34597],[130.13601,33.34567],[130.13645,33.34545],[130.13692,33.34474],[130.13794,33.34483],[130.13851,33.34353],[130.13763,33.34288],[130.13702,33.34341],[130.13674,33.34266],[130.13647,33.34242],[130.13638,33.34197],[130.13563,33.34122],[130.13537,33.34056],[130.13493,33.3403],[130.13372,33.33986],[130.1326,33.33998],[130.13177,33.3405],[130.13077,33.34052],[130.12995,33.34066],[130.12886,33.3403],[130.12959,33.3417],[130.12869,33.34175],[130.12853,33.34195],[130.12886,33.34301],[130.12942,33.34365],[130.12859,33.34362],[130.12834,33.34382],[130.12848,33.34419],[130.12836,33.34464],[130.12871,33.3449],[130.12912,33.34479],[130.12979,33.34424],[130.13042,33.34445],[130.13074,33.34493],[130.13134,33.34523],[130.13283,33.34521],[130.13323,33.34609],[130.13329,33.3467],[130.13369,33.34669],[130.13344,33.34778],[130.13385,33.34854],[130.13383,33.34905],[130.13347,33.34936],[130.13335,33.3499],[130.13347,33.35031],[130.13232,33.35053],[130.1316,33.35082],[130.1311,33.35072],[130.13082,33.35029],[130.131,33.34953],[130.13086,33.3488],[130.12916,33.34783],[130.1288,33.34658],[130.1279,33.34684],[130.12689,33.34675],[130.12598,33.34698],[130.12538,33.34682],[130.12485,33.34649],[130.12462,33.34537],[130.12364,33.34478],[130.12316,33.34492],[130.12257,33.34661],[130.12036,33.34723],[130.11864,33.34791],[130.11805,33.34787],[130.11692,33.34743],[130.116,33.34737],[130.11526,33.34748],[130.11505,33.34697],[130.11536,33.34663],[130.11532,33.3461],[130.11505,33.34562],[130.11505,33.34521],[130.11395,33.34433],[130.11292,33.34411],[130.11245,33.34371],[130.11267,33.34244],[130.11235,33.34137],[130.11259,33.34085],[130.11253,33.34048],[130.11213,33.34005],[130.11227,33.33978],[130.11351,33.34048],[130.11412,33.34026],[130.11398,33.33979],[130.11289,33.33929],[130.11251,33.3388],[130.11286,33.33819],[130.11242,33.33764],[130.11252,33.33675],[130.11208,33.33634],[130.11138,33.3361],[130.11172,33.33536],[130.11148,33.33452],[130.1118,33.33437],[130.11149,33.33362],[130.11052,33.33299],[130.10979,33.33276],[130.1087,33.33277],[130.10816,33.33255],[130.10838,33.33221],[130.10808,33.33127],[130.10915,33.33039],[130.10922,33.32994],[130.10867,33.32912],[130.1079,33.32841],[130.10715,33.32754],[130.10567,33.32737],[130.10448,33.32654],[130.10426,33.3261],[130.10488,33.32581],[130.10632,33.32552],[130.10842,33.32552],[130.11017,33.32569],[130.11168,33.32641],[130.11206,33.32669],[130.11276,33.32663],[130.11309,33.32618],[130.11346,33.32535],[130.11422,33.32566],[130.11527,33.32626],[130.11706,33.32696],[130.11751,33.32726],[130.11812,33.32729],[130.11908,33.32697],[130.11991,33.32566],[130.12137,33.32543],[130.12212,33.32501],[130.12284,33.32478],[130.12333,33.32523],[130.12335,33.3256],[130.12312,33.32602],[130.12171,33.32721],[130.12188,33.32758],[130.12234,33.32773],[130.12291,33.3274],[130.12301,33.3277],[130.12357,33.32777],[130.12405,33.32816],[130.12437,33.32897],[130.12431,33.32924],[130.12366,33.33009],[130.12372,33.33041],[130.12442,33.33029],[130.1248,33.33007],[130.12529,33.32915],[130.12563,33.32924],[130.12593,33.33022],[130.12621,33.33026],[130.12632,33.32948],[130.12652,33.32899],[130.12588,33.32853],[130.1257,33.32799],[130.12594,33.32787],[130.12646,33.32837],[130.12647,33.32751],[130.12631,33.32704],[130.12553,33.32667],[130.12525,33.32598],[130.12665,33.32604],[130.12757,33.32713],[130.12795,33.32734],[130.12831,33.32727],[130.12792,33.32663],[130.1274,33.32619],[130.12765,33.3259],[130.12749,33.32558],[130.12618,33.32536],[130.12546,33.32509],[130.12529,33.32485],[130.12551,33.32441],[130.12628,33.32393],[130.12625,33.3232],[130.12593,33.32286],[130.12686,33.32254],[130.12937,33.32281],[130.13039,33.32283],[130.13159,33.32324],[130.13196,33.32319],[130.13188,33.32229],[130.13147,33.32116],[130.13108,33.32058],[130.13061,33.32048],[130.12944,33.31989],[130.12876,33.31964],[130.12804,33.31962],[130.12774,33.31933],[130.12757,33.31879],[130.12843,33.31847],[130.1298,33.3183],[130.13036,33.3184],[130.13072,33.31813],[130.12965,33.31704],[130.12968,33.31674],[130.13021,33.31663],[130.13097,33.31709],[130.13145,33.31685],[130.13142,33.31766],[130.13161,33.31773],[130.13185,33.31683],[130.13209,33.31675],[130.1325,33.31791],[130.13299,33.31832],[130.13372,33.31825],[130.13419,33.31787],[130.13423,33.31672],[130.13406,33.31615],[130.13427,33.31506],[130.13451,33.31473],[130.13498,33.31447],[130.13584,33.31425],[130.13698,33.31412],[130.13758,33.31416],[130.13774,33.31586],[130.13809,33.31719],[130.1387,33.31802],[130.13885,33.31852],[130.13938,33.31891],[130.13939,33.31984],[130.1392,33.32089],[130.14037,33.3219],[130.14063,33.32318],[130.14099,33.32379],[130.14141,33.32399],[130.14215,33.32413],[130.14247,33.32444],[130.1429,33.32516],[130.1432,33.32535],[130.14432,33.32544],[130.1452,33.32628],[130.14576,33.3264],[130.14647,33.32602],[130.14781,33.32576],[130.14801,33.32544],[130.14774,33.32492],[130.14656,33.32398],[130.14717,33.32373],[130.14669,33.32321],[130.14706,33.32274],[130.14775,33.32255],[130.14939,33.32264],[130.1498,33.32313],[130.14987,33.32415],[130.15003,33.32436],[130.14919,33.32504],[130.14912,33.32529],[130.1499,33.3265],[130.15058,33.32777],[130.15142,33.32791],[130.15187,33.32765],[130.1529,33.32571],[130.15321,33.3253],[130.15414,33.32568],[130.15552,33.32567],[130.15619,33.3259],[130.15629,33.32613],[130.15608,33.3268],[130.15621,33.32704],[130.15728,33.32699],[130.15765,33.32707],[130.15798,33.32751],[130.15809,33.32815],[130.15842,33.32832],[130.15923,33.32757],[130.15943,33.32686],[130.15991,33.32594],[130.16016,33.32508],[130.16069,33.32462],[130.16191,33.32422],[130.16252,33.32416],[130.16346,33.32377],[130.16361,33.32328],[130.16284,33.32241],[130.16316,33.32208],[130.16321,33.32145],[130.16404,33.32086],[130.16426,33.32043],[130.16416,33.31967],[130.16381,33.31956],[130.16242,33.31958],[130.16167,33.31951],[130.16101,33.31959],[130.15964,33.32034],[130.15905,33.32042],[130.15865,33.3201],[130.15844,33.31952],[130.15782,33.31919],[130.15755,33.31923],[130.15765,33.31994],[130.15804,33.32074],[130.15808,33.32149],[130.15788,33.32224],[130.15743,33.32252],[130.15685,33.32266],[130.15659,33.32301],[130.15601,33.32317],[130.15642,33.32372],[130.15612,33.32418],[130.15515,33.32414],[130.15442,33.3247],[130.15297,33.32435],[130.1524,33.32371],[130.15225,33.32279],[130.15257,33.32246],[130.15378,33.32192],[130.15479,33.3213],[130.1553,33.32062],[130.15467,33.32025],[130.15389,33.32004],[130.15389,33.31943],[130.15478,33.31866],[130.15505,33.31786],[130.1545,33.3175],[130.15396,33.31769],[130.15329,33.31821],[130.15263,33.31803],[130.15244,33.31719],[130.15282,33.3169],[130.15349,33.31672],[130.15416,33.31626],[130.15459,33.31571],[130.15652,33.31492],[130.15687,33.31519],[130.1568,33.31607],[130.15718,33.31645],[130.15834,33.31688],[130.15898,33.31681],[130.1591,33.31623],[130.15952,33.31587],[130.16071,33.31645],[130.16132,33.31686],[130.16165,33.31745],[130.162,33.31772],[130.1621,33.31837],[130.1625,33.31864],[130.16416,33.31869],[130.16529,33.31864],[130.16565,33.31895],[130.16546,33.31954],[130.16486,33.32013],[130.16454,33.32063],[130.16474,33.32126],[130.16516,33.32149],[130.16583,33.3216],[130.16924,33.32073],[130.17276,33.31931],[130.17365,33.31916],[130.17416,33.31919],[130.17522,33.3178],[130.17551,33.31763],[130.17546,33.31719],[130.17645,33.31699],[130.17664,33.31646],[130.17717,33.31634],[130.17734,33.31666],[130.17788,33.31681],[130.1771,33.31844],[130.1779,33.31955],[130.17767,33.32032],[130.17711,33.3213],[130.17596,33.32284],[130.17561,33.3231],[130.17444,33.32368],[130.17185,33.3244],[130.17082,33.32431],[130.16984,33.32387],[130.16895,33.32402],[130.16804,33.3249],[130.16774,33.32546],[130.16736,33.32549],[130.16644,33.32519],[130.16545,33.32502],[130.16443,33.32562],[130.16413,33.3257],[130.163,33.32643],[130.16275,33.32707],[130.16295,33.32719],[130.16402,33.32711],[130.16517,33.32797],[130.16557,33.32803],[130.1681,33.3273],[130.16863,33.32741],[130.17047,33.32614],[130.1708,33.32544],[130.17199,33.32508],[130.1719,33.32547],[130.17111,33.32597],[130.17082,33.32637],[130.17025,33.32747],[130.16986,33.32804],[130.16946,33.32838],[130.16773,33.32883],[130.16682,33.32939],[130.16607,33.32932],[130.16565,33.33012],[130.1655,33.33136],[130.16567,33.3317],[130.16663,33.33212],[130.16728,33.33212],[130.16881,33.33171],[130.1693,33.3318],[130.17037,33.33129],[130.17082,33.33166],[130.17123,33.3316],[130.17125,33.33203],[130.17291,33.33237],[130.17327,33.33188],[130.17405,33.33199],[130.17406,33.331],[130.17428,33.33063],[130.17522,33.33052],[130.17586,33.33119],[130.17642,33.33162],[130.17729,33.33175],[130.177,33.3311],[130.1778,33.33088],[130.17832,33.33153],[130.17832,33.33181],[130.17927,33.33261],[130.18097,33.3327],[130.18142,33.33189],[130.18211,33.33176],[130.18196,33.33104],[130.18222,33.32995],[130.18258,33.32989],[130.18318,33.3295],[130.18333,33.3299],[130.18421,33.3297],[130.18478,33.32991],[130.18537,33.32975],[130.18549,33.32903],[130.18652,33.32926],[130.18646,33.32964],[130.18574,33.33021],[130.1849,33.33043],[130.18438,33.33045],[130.18378,33.33069],[130.18373,33.33127],[130.18439,33.33181],[130.18546,33.33213],[130.18567,33.33238],[130.18575,33.33299],[130.18512,33.33388],[130.18503,33.33432],[130.18564,33.33453],[130.18679,33.33399],[130.18724,33.33413],[130.18742,33.33447],[130.18772,33.33579],[130.18918,33.33544],[130.18956,33.33585],[130.18989,33.33545],[130.19015,33.33565],[130.19027,33.33668],[130.19081,33.33728],[130.19118,33.33712],[130.19126,33.33679],[130.19094,33.33645],[130.19092,33.33555],[130.1908,33.3349],[130.19058,33.33454],[130.1911,33.33351],[130.19102,33.33249],[130.19065,33.33218],[130.19023,33.33221],[130.19029,33.33278],[130.18985,33.33267],[130.18936,33.33232],[130.18955,33.33163],[130.18986,33.3314],[130.19105,33.33103],[130.19145,33.33104],[130.19316,33.33139],[130.19376,33.33143],[130.19441,33.3317],[130.19621,33.33203],[130.1964,33.33218],[130.19643,33.33382],[130.19662,33.33413],[130.19704,33.3355],[130.19704,33.33607],[130.19684,33.33636],[130.19841,33.33665],[130.20005,33.33661],[130.20139,33.33611],[130.20203,33.33605],[130.20306,33.33625],[130.20415,33.3363],[130.20465,33.33621],[130.20584,33.33569],[130.20635,33.33498],[130.20681,33.33386],[130.2071,33.33362],[130.20812,33.33323],[130.20858,33.3328],[130.20878,33.33171],[130.20873,33.33078],[130.20831,33.3292],[130.20842,33.32882],[130.20903,33.32805],[130.20914,33.32769],[130.20906,33.32643],[130.20949,33.32529],[130.21025,33.32433],[130.21077,33.32444],[130.21124,33.32376],[130.21216,33.32403],[130.2127,33.32453],[130.21253,33.32553],[130.21215,33.32621],[130.21238,33.32632],[130.21324,33.32605],[130.21377,33.32609],[130.21508,33.32649],[130.21558,33.32647],[130.21593,33.32625],[130.21678,33.32529],[130.21807,33.32439],[130.21812,33.32327],[130.21841,33.32288],[130.21884,33.32292],[130.21945,33.32219],[130.21998,33.32212],[130.22137,33.32228],[130.22158,33.32199],[130.22222,33.32218],[130.22319,33.32136],[130.2232,33.32067],[130.22258,33.32055],[130.22291,33.3202],[130.22344,33.31995],[130.22411,33.31993],[130.22431,33.3197],[130.22493,33.32001],[130.22533,33.3191],[130.22538,33.31804],[130.22529,33.31758],[130.22581,33.31768],[130.22652,33.31756],[130.22741,33.31775],[130.22796,33.3184],[130.22861,33.31946],[130.22871,33.31992],[130.23016,33.32067],[130.23074,33.3203],[130.23128,33.32059],[130.232,33.32051],[130.23234,33.31961],[130.23276,33.32013],[130.23237,33.32054],[130.23229,33.32126],[130.23278,33.32159],[130.23277,33.32198],[130.23172,33.32285],[130.2309,33.32398],[130.2304,33.32534],[130.2284,33.32592],[130.22752,33.32706],[130.22688,33.32739],[130.22637,33.32751],[130.22598,33.32922],[130.22601,33.32973],[130.22705,33.33061],[130.22815,33.33195],[130.2267,33.33188],[130.22597,33.33168],[130.22458,33.33223],[130.22344,33.33239],[130.2234,33.33209],[130.2228,33.33047],[130.22239,33.32993],[130.22145,33.32982],[130.22061,33.32962],[130.21845,33.3275],[130.218,33.32723],[130.21765,33.32724],[130.21791,33.32821],[130.21723,33.32837],[130.21716,33.32864],[130.21648,33.32916],[130.21668,33.32964],[130.21583,33.33024],[130.21654,33.33124],[130.21742,33.33192],[130.21675,33.33254],[130.21668,33.33322],[130.21665,33.33503],[130.21648,33.33551],[130.21565,33.3362],[130.21487,33.3365],[130.21322,33.33691],[130.21019,33.3375],[130.20898,33.3378],[130.20851,33.33774],[130.20696,33.337],[130.20611,33.33672],[130.20525,33.3367],[130.20461,33.33699],[130.20299,33.33876],[130.2022,33.3395],[130.20145,33.34006],[130.20009,33.34124],[130.20185,33.34122],[130.20307,33.34093],[130.20412,33.34083],[130.20679,33.34103],[130.20745,33.34259],[130.20784,33.3429],[130.21039,33.34382],[130.21137,33.34425],[130.21281,33.34501],[130.21262,33.34527],[130.21132,33.34637],[130.21113,33.34638],[130.20817,33.34502],[130.20796,33.34552],[130.20691,33.34598],[130.20563,33.3463],[130.20458,33.34737],[130.20398,33.34785],[130.20381,33.34847],[130.20482,33.3502],[130.20571,33.35112],[130.20574,33.35133],[130.20519,33.35179],[130.2047,33.3518],[130.2038,33.3521],[130.20375,33.35272],[130.20242,33.35231],[130.20196,33.3526],[130.20153,33.35232],[130.20131,33.35287],[130.20156,33.35348],[130.20147,33.35377],[130.20189,33.35412],[130.20216,33.35493],[130.20184,33.35525],[130.20126,33.35531],[130.20055,33.35511],[130.20009,33.35476],[130.20006,33.35447],[130.19956,33.35427],[130.19854,33.35434],[130.19827,33.35411],[130.19752,33.35426],[130.19738,33.35388],[130.19683,33.35362],[130.19631,33.35317],[130.19567,33.35353],[130.19517,33.35346],[130.19539,33.35273],[130.19571,33.35237],[130.19533,33.35199],[130.19561,33.35112],[130.19544,33.35005],[130.19518,33.34958],[130.19462,33.34893],[130.19403,33.34892],[130.1938,33.3491],[130.19347,33.34993],[130.19292,33.35024],[130.1922,33.34922],[130.19065,33.34836],[130.19017,33.34819],[130.18951,33.34828],[130.18923,33.34754],[130.18876,33.34756],[130.18861,33.34855],[130.18765,33.34821],[130.18731,33.34799],[130.18673,33.34842],[130.18579,33.34768],[130.18424,33.3476],[130.18335,33.34719],[130.1829,33.34714],[130.18249,33.34754],[130.18225,33.34735],[130.18189,33.34605],[130.18127,33.34536],[130.18068,33.34532],[130.18012,33.34589],[130.18,33.34698],[130.18024,33.34726],[130.18151,33.3479],[130.18281,33.34885],[130.18393,33.34984],[130.18466,33.35065],[130.18567,33.35152],[130.18622,33.35177],[130.18663,33.35177],[130.18734,33.35116],[130.18698,33.35046],[130.18718,33.35029],[130.18772,33.35038],[130.18914,33.35082],[130.18977,33.3503],[130.19021,33.35022],[130.19021,33.34974],[130.19144,33.3509],[130.19172,33.35182],[130.19167,33.35299],[130.19104,33.35323],[130.19125,33.35363],[130.18965,33.35364],[130.18969,33.35411],[130.19135,33.35436],[130.19111,33.35485],[130.19055,33.35493],[130.18925,33.35437],[130.18882,33.35399],[130.18875,33.35317],[130.18808,33.35241],[130.18761,33.35221],[130.18714,33.35255],[130.18635,33.35212],[130.18577,33.35206],[130.18525,33.35176],[130.18486,33.35198],[130.18484,33.3539],[130.185,33.35407],[130.1857,33.35394],[130.18574,33.35432],[130.18521,33.35522],[130.18415,33.35543]],[[130.17828,33.34059],[130.17852,33.34019],[130.17798,33.34],[130.17766,33.33968],[130.17748,33.33901],[130.17819,33.339],[130.17858,33.33884],[130.17848,33.33821],[130.17863,33.33608],[130.17829,33.3355],[130.17731,33.33561],[130.17653,33.33499],[130.17612,33.33505],[130.17473,33.33583],[130.17437,33.33622],[130.17251,33.33782],[130.17171,33.33835],[130.17177,33.33906],[130.17212,33.33955],[130.17315,33.33928],[130.17464,33.3393],[130.17675,33.33911],[130.17715,33.33939],[130.17704,33.33978],[130.1775,33.34021],[130.17815,33.3403],[130.17828,33.34059]],[[130.16696,33.33844],[130.16741,33.33791],[130.16716,33.33746],[130.16667,33.33698],[130.16527,33.33584],[130.16523,33.33491],[130.16535,33.33438],[130.16532,33.33331],[130.1651,33.33261],[130.16482,33.33219],[130.16418,33.33167],[130.16327,33.33122],[130.16164,33.33055],[130.16088,33.33065],[130.15992,33.33137],[130.15933,33.33227],[130.15861,33.33388],[130.15825,33.33445],[130.15778,33.33487],[130.15599,33.33605],[130.15526,33.33685],[130.15469,33.33782],[130.15371,33.33842],[130.15269,33.33934],[130.1532,33.33938],[130.15427,33.33989],[130.15542,33.34005],[130.15812,33.34003],[130.15988,33.34019],[130.16105,33.34054],[130.16162,33.34058],[130.16292,33.34012],[130.16332,33.34008],[130.16463,33.34022],[130.16552,33.34017],[130.16643,33.33981],[130.16696,33.33844]],[[130.14514,33.33038],[130.14501,33.32888],[130.14458,33.3287],[130.1435,33.32931],[130.14217,33.32968],[130.14061,33.33118],[130.13996,33.33369],[130.1397,33.33401],[130.13922,33.33416],[130.13836,33.33421],[130.13879,33.33524],[130.13902,33.33548],[130.14019,33.3358],[130.14053,33.3361],[130.14208,33.33606],[130.14269,33.33576],[130.14301,33.33543],[130.14408,33.33538],[130.14457,33.3348],[130.14474,33.33292],[130.14539,33.33175],[130.14514,33.33038]],[[130.14543,33.32895],[130.14568,33.32932],[130.14617,33.32909],[130.14619,33.32829],[130.14675,33.32777],[130.14723,33.32759],[130.14781,33.328],[130.14839,33.32795],[130.14862,33.32776],[130.14803,33.32685],[130.14748,33.32646],[130.14574,33.32808],[130.14498,33.32845],[130.14543,33.32895]],[[130.14596,33.33064],[130.14561,33.33124],[130.14583,33.33167],[130.14655,33.33187],[130.1468,33.33093],[130.14596,33.33064]]]},"properties":{"hoanrinKind":"保安林"}},
{"type":"Feature","geometry":{"type":"Polygon","coordinates":[[[130.14714,33.36368],[130.14718,33.36435],[130.14765,33.36495],[130.14773,33.36542],[130.14723,33.36566],[130.14613,33.36563],[130.14509,33.36541],[130.14447,33.36508],[130.1441,33.36468],[130.14389,33.36366],[130.14297,33.36376],[130.14262,33.36368],[130.14195,33.3629],[130.14151,33.3622],[130.14054,33.36203],[130.1401,33.36181],[130.13993,33.36131],[130.1401,33.36052],[130.14264,33.35855],[130.14294,33.35817],[130.14366,33.35769],[130.14359,33.35703],[130.1445,33.35681],[130.14533,33.35633],[130.14482,33.35733],[130.14506,33.35868],[130.14459,33.35892],[130.14465,33.36001],[130.14482,33.36058],[130.14475,33.36094],[130.14517,33.36137],[130.1467,33.36208],[130.14708,33.36287],[130.14714,33.36368]]]},"properties":{"hoanrinKind":"保安林"}},
{"type":"Feature","geometry":{"type":"Polygon","coordinates":[[[130.11797,33.42204],[130.11702,33.42215],[130.11677,33.42233],[130.11633,33.42328],[130.11611,33.42351],[130.11495,33.42377],[130.11509,33.42288],[130.11534,33.42255],[130.11514,33.42212],[130.11432,33.42153],[130.11409,33.42078],[130.11529,33.42019],[130.11558,33.41971],[130.11493,33.4191],[130.11452,33.41816],[130.11356,33.41719],[130.11331,33.41645],[130.11239,33.4158],[130.11204,33.41519],[130.11174,33.41351],[130.11156,33.41295],[130.1109,33.41185],[130.11046,33.41201],[130.11022,33.41269],[130.10967,33.41278],[130.10848,33.41261],[130.10795,33.4121],[130.10836,33.41041],[130.10836,33.40905],[130.10805,33.40867],[130.10739,33.40745],[130.10711,33.40744],[130.10525,33.4086],[130.1042,33.40857],[130.10324,33.40805],[130.10233,33.40795],[130.10166,33.40812],[130.10086,33.40855],[130.10053,33.40917],[130.10062,33.40979],[130.10122,33.41041],[130.10143,33.41114],[130.10115,33.41204],[130.10087,33.41227],[130.10025,33.4123],[130.09978,33.41249],[130.09966,33.41288],[130.09912,33.41387],[130.0992,33.4148],[130.09913,33.41512],[130.09799,33.4158],[130.09744,33.41554],[130.0976,33.41497],[130.09758,33.41373],[130.09774,33.41315],[130.09837,33.41249],[130.0983,33.41176],[130.09781,33.41093],[130.09713,33.41069],[130.09574,33.41063],[130.09517,33.41086],[130.0944,33.41087],[130.09371,33.40994],[130.09194,33.41051],[130.09044,33.41063],[130.08992,33.41036],[130.08929,33.40979],[130.08916,33.40936],[130.08927,33.409],[130.08972,33.40865],[130.08953,33.40815],[130.08914,33.40804],[130.08877,33.40823],[130.08683,33.40826],[130.08594,33.40798],[130.08581,33.40767],[130.08589,33.40592],[130.0849,33.40482],[130.08441,33.40446],[130.08362,33.40464],[130.08346,33.40418],[130.08386,33.40375],[130.08377,33.40294],[130.08326,33.40267],[130.08343,33.401],[130.08327,33.39944],[130.08354,33.39845],[130.08349,33.39748],[130.0812,33.39742],[130.08087,33.39789],[130.08076,33.39846],[130.08043,33.39884],[130.07945,33.3993],[130.07945,33.39956],[130.07981,33.40049],[130.08034,33.40154],[130.08126,33.40212],[130.08148,33.40252],[130.08087,33.40257],[130.08089,33.40329],[130.08063,33.40481],[130.08048,33.40492],[130.07972,33.40411],[130.0794,33.40347],[130.07818,33.4038],[130.07771,33.40219],[130.07699,33.40111],[130.0766,33.40146],[130.07642,33.40205],[130.07618,33.40231],[130.07566,33.40238],[130.07521,33.40196],[130.07535,33.40336],[130.07503,33.40471],[130.07536,33.40603],[130.07562,33.4075],[130.07631,33.40947],[130.07631,33.40987],[130.07586,33.41035],[130.07589,33.41096],[130.077,33.41196],[130.0767,33.41225],[130.07597,33.41244],[130.07499,33.4131],[130.0748,33.41434],[130.07512,33.41475],[130.07596,33.41499],[130.07605,33.41531],[130.07562,33.41548],[130.07471,33.41543],[130.07452,33.41572],[130.07494,33.41611],[130.07482,33.41651],[130.07372,33.41613],[130.07258,33.41635],[130.07152,33.41561],[130.07086,33.41556],[130.0697,33.41478],[130.06807,33.41318],[130.06764,33.41318],[130.06748,33.41487],[130.06671,33.41623],[130.06632,33.41644],[130.06519,33.41648],[130.06405,33.41685],[130.06381,33.41727],[130.06295,33.41925],[130.06221,33.41938],[130.06199,33.41881],[130.06087,33.41835],[130.06067,33.4179],[130.06126,33.41763],[130.06195,33.41705],[130.06214,33.4164],[130.06215,33.41579],[130.06232,33.41531],[130.06301,33.41449],[130.0632,33.41407],[130.06333,33.41316],[130.06322,33.41229],[130.06289,33.41176],[130.06244,33.41151],[130.06233,33.41116],[130.06239,33.41036],[130.06258,33.41013],[130.06192,33.40979],[130.06137,33.40929],[130.06111,33.40927],[130.05988,33.41012],[130.05929,33.41028],[130.0575,33.41018],[130.056,33.41017],[130.05482,33.41043],[130.05419,33.41007],[130.05377,33.40958],[130.05331,33.40947],[130.05305,33.40919],[130.05278,33.40838],[130.05206,33.40882],[130.05115,33.40833],[130.05108,33.4077],[130.05181,33.4069],[130.0518,33.40606],[130.05144,33.40563],[130.05168,33.4051],[130.0521,33.40501],[130.05241,33.40453],[130.05287,33.40439],[130.05243,33.40359],[130.0525,33.40242],[130.05242,33.40151],[130.05307,33.40037],[130.05306,33.39956],[130.05224,33.39887],[130.05178,33.39882],[130.05047,33.39899],[130.05009,33.39887],[130.04953,33.39832],[130.04795,33.39853],[130.04742,33.39816],[130.04729,33.39695],[130.04604,33.39624],[130.0456,33.39617],[130.0449,33.39633],[130.04459,33.39614],[130.04432,33.39551],[130.0445,33.39533],[130.0468,33.39498],[130.04854,33.3945],[130.0474,33.39417],[130.04458,33.39411],[130.04337,33.39445],[130.04244,33.39462],[130.04209,33.39368],[130.04239,33.39297],[130.04346,33.39247],[130.04379,33.39216],[130.0419,33.3922],[130.04173,33.39203],[130.04194,33.39128],[130.04224,33.39096],[130.04295,33.39081],[130.04388,33.39074],[130.04488,33.39018],[130.04695,33.38966],[130.04658,33.38876],[130.04516,33.3884],[130.04393,33.38667],[130.04395,33.386],[130.04424,33.38569],[130.04592,33.38487],[130.04646,33.38482],[130.04745,33.38505],[130.0484,33.38587],[130.04916,33.38563],[130.04881,33.38513],[130.04752,33.38476],[130.04684,33.38449],[130.04638,33.38401],[130.04657,33.3834],[130.04726,33.38303],[130.04838,33.38268],[130.0489,33.38238],[130.04899,33.38203],[130.04873,33.38168],[130.04773,33.38131],[130.04737,33.38091],[130.04737,33.38053],[130.04591,33.38073],[130.04475,33.38038],[130.04393,33.37996],[130.0434,33.37982],[130.04166,33.37984],[130.04119,33.38032],[130.0405,33.38083],[130.03971,33.38121],[130.03842,33.38161],[130.03932,33.38239],[130.03947,33.38301],[130.03936,33.38342],[130.039,33.38378],[130.03838,33.38411],[130.03751,33.38432],[130.03691,33.38408],[130.03666,33.3833],[130.03667,33.38195],[130.03649,33.38146],[130.03663,33.38076],[130.03778,33.38049],[130.039,33.37963],[130.03762,33.37941],[130.03667,33.37872],[130.03578,33.37794],[130.0353,33.37779],[130.03377,33.37776],[130.03268,33.37701],[130.03178,33.37675],[130.03024,33.37614],[130.02973,33.37577],[130.02851,33.37538],[130.02676,33.37499],[130.02645,33.37498],[130.02567,33.37546],[130.02485,33.37549],[130.02492,33.37371],[130.02575,33.37292],[130.0263,33.37211],[130.02683,33.37164],[130.02875,33.37103],[130.02934,33.37096],[130.03077,33.37115],[130.03178,33.37161],[130.03218,33.37149],[130.03353,33.37227],[130.03398,33.37236],[130.03569,33.372],[130.03623,33.37077],[130.03625,33.36979],[130.03662,33.36938],[130.03762,33.36887],[130.03786,33.36801],[130.03845,33.36753],[130.03901,33.36734],[130.03938,33.36742],[130.04007,33.3679],[130.04051,33.36838],[130.04047,33.36897],[130.03936,33.36938],[130.0391,33.37],[130.03873,33.37027],[130.03793,33.37057],[130.03862,33.37132],[130.03936,33.3712],[130.04012,33.3706],[130.04188,33.3697],[130.04254,33.36963],[130.04318,33.37],[130.04295,33.37037],[130.0429,33.37093],[130.04265,33.37125],[130.04252,33.37207],[130.04262,33.37255],[130.04348,33.37149],[130.044,33.37038],[130.04489,33.37056],[130.04525,33.37111],[130.04626,33.3707],[130.04737,33.36972],[130.04687,33.36943],[130.04689,33.36857],[130.04659,33.36753],[130.04607,33.36671],[130.04508,33.36694],[130.04453,33.36695],[130.04347,33.36676],[130.04321,33.36661],[130.04234,33.36671],[130.04164,33.36694],[130.04053,33.36704],[130.03962,33.36698],[130.03898,33.36674],[130.0386,33.36602],[130.03886,33.36541],[130.0391,33.36451],[130.03909,33.36368],[130.0384,33.36451],[130.03817,33.36446],[130.03688,33.36343],[130.0366,33.3629],[130.03724,33.36258],[130.03792,33.3626],[130.039,33.3629],[130.04024,33.36334],[130.04105,33.36376],[130.04201,33.36446],[130.0431,33.36465],[130.04358,33.3645],[130.04374,33.36419],[130.04385,33.36303],[130.04435,33.36232],[130.04468,33.36215],[130.04528,33.36221],[130.04675,33.36318],[130.04619,33.36445],[130.04661,33.3647],[130.04572,33.36548],[130.04567,33.3661],[130.04598,33.36638],[130.04662,33.36665],[130.04757,33.3668],[130.049,33.36719],[130.04923,33.36709],[130.04916,33.3665],[130.04855,33.36555],[130.04851,33.36501],[130.04875,33.36481],[130.04941,33.36485],[130.05009,33.36462],[130.05126,33.36456],[130.05158,33.36463],[130.05184,33.36382],[130.05181,33.36348],[130.05205,33.36264],[130.05183,33.36178],[130.0515,33.36132],[130.05107,33.36021],[130.051,33.35955],[130.05107,33.35886],[130.05152,33.35752],[130.05154,33.35721],[130.05102,33.35672],[130.04998,33.35613],[130.05009,33.35552],[130.0507,33.35556],[130.0525,33.35608],[130.05289,33.35564],[130.05189,33.35504],[130.05216,33.354],[130.0544,33.35388],[130.0557,33.35363],[130.05632,33.35343],[130.05696,33.3534],[130.05732,33.35357],[130.05944,33.35543],[130.06048,33.35613],[130.06135,33.35623],[130.06116,33.35567],[130.06133,33.35403],[130.06161,33.35343],[130.06283,33.35228],[130.06262,33.35172],[130.06052,33.35127],[130.05991,33.35123],[130.05893,33.35082],[130.05922,33.34978],[130.05977,33.3497],[130.05956,33.34899],[130.06063,33.34846],[130.06126,33.34841],[130.06207,33.34853],[130.06341,33.34847],[130.06444,33.34782],[130.0653,33.34766],[130.06559,33.34772],[130.06632,33.34822],[130.06727,33.34861],[130.06725,33.34948],[130.06752,33.35039],[130.06735,33.35079],[130.06762,33.35109],[130.06759,33.35159],[130.0682,33.35147],[130.06912,33.3501],[130.07004,33.3495],[130.07034,33.3495],[130.07154,33.34989],[130.0718,33.35047],[130.07146,33.35064],[130.07019,33.35048],[130.07004,33.35087],[130.071,33.35118],[130.07107,33.35185],[130.07075,33.35227],[130.0717,33.35247],[130.07218,33.35269],[130.07246,33.35204],[130.07281,33.35167],[130.07392,33.35105],[130.07432,33.35027],[130.0751,33.34992],[130.07567,33.34999],[130.07563,33.35039],[130.07527,33.35065],[130.07504,33.35135],[130.07552,33.3512],[130.07561,33.35241],[130.07542,33.35307],[130.07476,33.35369],[130.07419,33.35377],[130.07316,33.35313],[130.07263,33.35367],[130.07352,33.35554],[130.07434,33.35556],[130.07507,33.35573],[130.07553,33.35572],[130.07633,33.35531],[130.07706,33.35536],[130.07764,33.35589],[130.07787,33.35637],[130.0786,33.35648],[130.07899,33.35609],[130.07958,33.35478],[130.08018,33.35459],[130.08113,33.35458],[130.08227,33.3548],[130.08334,33.35468],[130.08377,33.35487],[130.08424,33.35536],[130.08451,33.3561],[130.08466,33.35716],[130.08461,33.35892],[130.08435,33.35964],[130.08512,33.35957],[130.08588,33.35965],[130.08727,33.36015],[130.08779,33.36043],[130.08862,33.36061],[130.08874,33.36032],[130.0885,33.35935],[130.08843,33.35845],[130.08798,33.35783],[130.08779,33.35725],[130.0885,33.35696],[130.08968,33.35714],[130.08997,33.35736],[130.09075,33.35736],[130.09111,33.35768],[130.09101,33.3585],[130.0913,33.35872],[130.09212,33.35884],[130.09216,33.35931],[130.09187,33.35966],[130.09208,33.36053],[130.09159,33.36096],[130.09182,33.3611],[130.09239,33.36212],[130.0931,33.36262],[130.09321,33.36317],[130.09301,33.36336],[130.09212,33.3637],[130.09091,33.36431],[130.09063,33.36454],[130.09009,33.3657],[130.09014,33.36796],[130.09007,33.36866],[130.09195,33.36894],[130.09208,33.3693],[130.09171,33.36977],[130.09179,33.37029],[130.09217,33.37087],[130.09199,33.37131],[130.09133,33.37119],[130.0896,33.3701],[130.08889,33.36993],[130.08863,33.36951],[130.08857,33.36904],[130.08804,33.36907],[130.08776,33.36942],[130.08775,33.36991],[130.08804,33.37072],[130.08809,33.37118],[130.0875,33.37189],[130.08606,33.37386],[130.08559,33.3743],[130.08653,33.37484],[130.08696,33.37482],[130.08778,33.37445],[130.08827,33.37407],[130.08881,33.37393],[130.08944,33.37337],[130.08999,33.37319],[130.09041,33.37332],[130.0913,33.37394],[130.09211,33.3739],[130.09261,33.37363],[130.09321,33.37393],[130.0943,33.37382],[130.09508,33.37393],[130.09528,33.37464],[130.09519,33.37548],[130.09443,33.37574],[130.09333,33.37593],[130.09242,33.37545],[130.09139,33.37541],[130.09106,33.37562],[130.09061,33.37635],[130.08994,33.3766],[130.0893,33.37659],[130.08841,33.37675],[130.08823,33.37739],[130.0888,33.37793],[130.09041,33.37814],[130.09107,33.37801],[130.09162,33.37772],[130.09232,33.37707],[130.09321,33.37708],[130.09387,33.37737],[130.09461,33.37738],[130.09471,33.37802],[130.09506,33.37827],[130.09539,33.37817],[130.09534,33.37753],[130.09551,33.37618],[130.0964,33.37621],[130.09626,33.3745],[130.09699,33.3741],[130.09767,33.37399],[130.09876,33.37348],[130.09947,33.37361],[130.10042,33.37364],[130.10028,33.37407],[130.0994,33.37474],[130.09949,33.37522],[130.10051,33.37467],[130.10119,33.37444],[130.10185,33.37442],[130.10287,33.3754],[130.10288,33.37567],[130.10249,33.37628],[130.10146,33.37591],[130.10127,33.37598],[130.10126,33.37695],[130.10255,33.37676],[130.10309,33.37685],[130.10345,33.37646],[130.10427,33.37611],[130.10427,33.37652],[130.10463,33.37686],[130.10285,33.37756],[130.10392,33.37791],[130.10318,33.37852],[130.10231,33.37878],[130.1018,33.37972],[130.10085,33.3801],[130.10053,33.38053],[130.10075,33.38126],[130.10005,33.38141],[130.09957,33.38048],[130.09873,33.37974],[130.09739,33.37935],[130.09687,33.37934],[130.09591,33.38023],[130.09608,33.38061],[130.0966,33.38088],[130.09798,33.38063],[130.09817,33.3807],[130.09882,33.38156],[130.10018,33.38201],[130.10128,33.38205],[130.10147,33.3824],[130.10125,33.38294],[130.10066,33.38338],[130.10005,33.38319],[130.09859,33.38367],[130.09722,33.38403],[130.09621,33.38473],[130.09533,33.38507],[130.09525,33.38552],[130.09616,33.38679],[130.09662,33.38829],[130.09579,33.38901],[130.09503,33.38896],[130.09452,33.3886],[130.09392,33.38734],[130.09366,33.38737],[130.09357,33.38823],[130.09293,33.38834],[130.09343,33.3868],[130.09257,33.38629],[130.09261,33.38582],[130.09324,33.38525],[130.09348,33.38428],[130.09308,33.38393],[130.09238,33.38372],[130.0914,33.38359],[130.08957,33.38362],[130.08808,33.38356],[130.08823,33.38413],[130.0888,33.38508],[130.08891,33.38553],[130.08865,33.3861],[130.08769,33.3871],[130.087,33.38689],[130.08642,33.38654],[130.08569,33.38632],[130.08541,33.38654],[130.08558,33.3873],[130.08514,33.3879],[130.08524,33.38831],[130.08564,33.38865],[130.08651,33.3891],[130.08679,33.38995],[130.08704,33.39038],[130.08744,33.39048],[130.08785,33.39008],[130.08842,33.39013],[130.08988,33.39065],[130.09029,33.39096],[130.09053,33.39154],[130.09012,33.39229],[130.09032,33.39276],[130.09159,33.39338],[130.09214,33.39252],[130.09263,33.39241],[130.09312,33.392],[130.09332,33.39135],[130.09393,33.39088],[130.09453,33.39067],[130.09491,33.39103],[130.09497,33.39146],[130.0945,33.39333],[130.09415,33.39378],[130.09196,33.39346],[130.09147,33.39395],[130.09078,33.39439],[130.08984,33.39524],[130.08869,33.39565],[130.08789,33.39575],[130.08649,33.39489],[130.08594,33.39537],[130.08611,33.39594],[130.08673,33.39639],[130.08666,33.39701],[130.08791,33.39788],[130.08756,33.39846],[130.08705,33.39872],[130.08705,33.39911],[130.08739,33.39949],[130.08851,33.39951],[130.08876,33.39999],[130.08868,33.40136],[130.08895,33.40199],[130.08875,33.4025],[130.08836,33.40254],[130.08701,33.40217],[130.08633,33.40233],[130.08607,33.4026],[130.08612,33.40337],[130.08666,33.40396],[130.08729,33.40426],[130.08849,33.40438],[130.08917,33.40411],[130.08945,33.40487],[130.09027,33.40449],[130.09021,33.40403],[130.0898,33.40375],[130.09092,33.40315],[130.09149,33.40313],[130.09219,33.4029],[130.09264,33.40248],[130.09294,33.40199],[130.09377,33.40166],[130.09569,33.40161],[130.09694,33.40123],[130.09694,33.40149],[130.09643,33.40228],[130.09578,33.40275],[130.09477,33.40314],[130.09479,33.40418],[130.09535,33.40572],[130.09556,33.40593],[130.09791,33.40629],[130.09899,33.40605],[130.10121,33.40525],[130.10221,33.40582],[130.10473,33.40647],[130.10691,33.40696],[130.10794,33.40665],[130.10746,33.40578],[130.10783,33.40564],[130.10912,33.40585],[130.10957,33.40548],[130.10944,33.40527],[130.10843,33.40515],[130.10772,33.40445],[130.10753,33.40368],[130.10803,33.4035],[130.10866,33.40355],[130.10935,33.40407],[130.10956,33.4046],[130.11029,33.40489],[130.11066,33.40536],[130.11157,33.40507],[130.11155,33.4047],[130.11074,33.40451],[130.11014,33.40458],[130.11007,33.40427],[130.11054,33.40369],[130.11041,33.40353],[130.10968,33.40365],[130.10939,33.40349],[130.10937,33.4028],[130.10835,33.40291],[130.10923,33.40228],[130.10906,33.40182],[130.10945,33.40149],[130.11014,33.40221],[130.11129,33.40306],[130.11132,33.40355],[130.11326,33.40509],[130.11397,33.40595],[130.11415,33.40655],[130.11411,33.40713],[130.1139,33.40792],[130.114,33.40839],[130.11483,33.40946],[130.11575,33.41034],[130.1161,33.41057],[130.1174,33.41043],[130.11826,33.40978],[130.12049,33.4092],[130.12124,33.40954],[130.12175,33.40952],[130.12296,33.40905],[130.12314,33.41015],[130.12438,33.41163],[130.12471,33.41235],[130.1249,33.4131],[130.1252,33.41376],[130.12567,33.41552],[130.12603,33.41588],[130.12744,33.41639],[130.12803,33.41675],[130.1282,33.41727],[130.12804,33.41755],[130.12752,33.41745],[130.12738,33.41781],[130.12556,33.41786],[130.12507,33.41771],[130.12436,33.41701],[130.12331,33.41652],[130.12366,33.41618],[130.1233,33.41585],[130.12272,33.4163],[130.12206,33.4159],[130.12199,33.41541],[130.12132,33.41298],[130.12083,33.41175],[130.12004,33.4109],[130.11949,33.41089],[130.11957,33.41158],[130.11974,33.41167],[130.12006,33.41248],[130.11962,33.41415],[130.11963,33.41503],[130.11933,33.41553],[130.11861,33.41595],[130.11842,33.41665],[130.11866,33.41784],[130.11853,33.41929],[130.11841,33.4198],[130.11877,33.42017],[130.12026,33.42065],[130.1206,33.42088],[130.12025,33.4214],[130.12042,33.42208],[130.1203,33.42226],[130.11926,33.42268],[130.11865,33.42214],[130.11797,33.42204]],[[130.11355,33.41276],[130.11381,33.41333],[130.1144,33.41347],[130.11462,33.41326],[130.11461,33.41261],[130.11494,33.41225],[130.11557,33.41232],[130.11615,33.412],[130.11601,33.4114],[130.11511,33.41089],[130.11382,33.41054],[130.11354,33.41063],[130.11335,33.41107],[130.11355,33.41276]],[[130.07283,33.40053],[130.07278,33.39996],[130.07339,33.39945],[130.07357,33.39884],[130.07335,33.39752],[130.0739,33.39702],[130.07505,33.3964],[130.0756,33.39624],[130.07645,33.39618],[130.07679,33.39699],[130.07735,33.39699],[130.07763,33.39659],[130.07845,33.39609],[130.07641,33.39516],[130.07598,33.39501],[130.07508,33.39438],[130.07364,33.39422],[130.0732,33.39396],[130.07319,33.39346],[130.07342,33.39311],[130.07343,33.39259],[130.07299,33.39212],[130.07292,33.39175],[130.07384,33.39086],[130.07377,33.39026],[130.07354,33.38971],[130.07271,33.38968],[130.07138,33.39033],[130.07076,33.39035],[130.06997,33.39005],[130.06938,33.3894],[130.06925,33.38867],[130.06857,33.38864],[130.06816,33.38928],[130.06744,33.38926],[130.06786,33.38849],[130.06761,33.38771],[130.06723,33.38754],[130.0662,33.38779],[130.06544,33.38771],[130.06531,33.38728],[130.06606,33.38648],[130.06493,33.38645],[130.06461,33.3861],[130.06467,33.38571],[130.06497,33.38524],[130.06605,33.38512],[130.06656,33.38462],[130.06671,33.38289],[130.06746,33.38203],[130.0679,33.38077],[130.06791,33.37967],[130.06396,33.3785],[130.06219,33.37783],[130.06151,33.37744],[130.06116,33.37704],[130.06088,33.37631],[130.06084,33.37548],[130.06056,33.37494],[130.0595,33.37442],[130.0581,33.37406],[130.05628,33.37341],[130.05568,33.37326],[130.05699,33.37634],[130.05716,33.37743],[130.05826,33.37882],[130.05921,33.37834],[130.05966,33.37967],[130.05967,33.37995],[130.05913,33.38046],[130.05942,33.38155],[130.0598,33.3835],[130.06036,33.38416],[130.06161,33.38427],[130.06278,33.38426],[130.06302,33.38437],[130.06305,33.38547],[130.06224,33.38575],[130.05856,33.3862],[130.05751,33.38651],[130.05852,33.38755],[130.05883,33.38798],[130.05889,33.38861],[130.05923,33.3891],[130.06032,33.38934],[130.06072,33.38988],[130.06062,33.39066],[130.06133,33.39177],[130.06204,33.39217],[130.06214,33.39313],[130.06263,33.39368],[130.06325,33.39387],[130.06439,33.39344],[130.06549,33.3936],[130.06608,33.39359],[130.06654,33.39378],[130.06614,33.39481],[130.06611,33.39521],[130.06642,33.39602],[130.06635,33.39636],[130.06534,33.39746],[130.06428,33.3978],[130.06376,33.39814],[130.0624,33.3987],[130.06126,33.39891],[130.06112,33.39928],[130.06205,33.39997],[130.063,33.39987],[130.06379,33.39949],[130.06748,33.3988],[130.0677,33.39943],[130.06816,33.39919],[130.06812,33.39846],[130.06894,33.39806],[130.06861,33.39776],[130.06806,33.39807],[130.06736,33.39808],[130.06675,33.39773],[130.06679,33.39698],[130.06731,33.39661],[130.06836,33.39631],[130.06899,33.39632],[130.06931,33.39659],[130.06976,33.39802],[130.07006,33.39757],[130.07048,33.39601],[130.07094,33.39537],[130.07139,33.39497],[130.07193,33.39489],[130.07206,33.39512],[130.0722,33.39668],[130.07211,33.39732],[130.07184,33.39772],[130.07078,33.39866],[130.07073,33.39925],[130.07115,33.4003],[130.07105,33.40082],[130.0702,33.40152],[130.07019,33.40244],[130.07064,33.40257],[130.07338,33.4021],[130.07362,33.40146],[130.07283,33.40053]],[[130.08487,33.37889],[130.08443,33.37944],[130.0843,33.37986],[130.08456,33.38029],[130.08426,33.38059],[130.08473,33.38101],[130.08504,33.38084],[130.08508,33.38003],[130.08539,33.37943],[130.08487,33.37889]],[[130.07473,33.37361],[130.0751,33.37377],[130.07646,33.37364],[130.0777,33.37376],[130.07845,33.37375],[130.07898,33.37357],[130.07948,33.37314],[130.07973,33.37245],[130.07842,33.37163],[130.07825,33.37133],[130.07777,33.36941],[130.07692,33.36912],[130.07655,33.3692],[130.07556,33.37041],[130.07496,33.37064],[130.07387,33.37048],[130.07343,33.37017],[130.07248,33.36996],[130.07105,33.37069],[130.07071,33.37062],[130.07122,33.36994],[130.07089,33.36988],[130.06985,33.37053],[130.07007,33.37103],[130.07098,33.37118],[130.07201,33.37073],[130.07191,33.3711],[130.07149,33.3717],[130.07171,33.37204],[130.07225,33.3724],[130.07308,33.37233],[130.0735,33.37245],[130.07473,33.37361]],[[130.06422,33.36969],[130.06458,33.36952],[130.06475,33.36915],[130.06465,33.36825],[130.06449,33.36798],[130.06366,33.36727],[130.06262,33.36726],[130.06188,33.36785],[130.06159,33.36914],[130.06112,33.37003],[130.061,33.3705],[130.06155,33.37067],[130.06215,33.36983],[130.06267,33.36958],[130.06422,33.36969]],[[130.05314,33.36959],[130.05317,33.36889],[130.05237,33.3675],[130.05226,33.36666],[130.05154,33.36682],[130.05075,33.36669],[130.05038,33.36692],[130.05015,33.36761],[130.04951,33.36824],[130.05125,33.3687],[130.05193,33.36901],[130.05264,33.36954],[130.05314,33.36959]],[[130.07001,33.40589],[130.07031,33.40576],[130.07051,33.40478],[130.07043,33.40411],[130.06972,33.40332],[130.06932,33.40404],[130.07008,33.4048],[130.06871,33.40677],[130.0678,33.40859],[130.06682,33.40954],[130.06527,33.41033],[130.06572,33.4104],[130.0671,33.40999],[130.06769,33.41093],[130.06869,33.41105],[130.06954,33.41157],[130.07042,33.41164],[130.07109,33.4112],[130.07131,33.41045],[130.07129,33.40992],[130.07061,33.40861],[130.07037,33.40792],[130.07034,33.40656],[130.07001,33.40589]],[[130.06802,33.35642],[130.06802,33.35682],[130.06867,33.35776],[130.0686,33.35828],[130.06923,33.35824],[130.06914,33.35777],[130.06925,33.35711],[130.0691,33.35679],[130.06867,33.35673],[130.06802,33.35642]]]},"properties":{"hoanrinKind":"保安林"}},
{"type":"Feature","geometry":{"type":"Polygon","coordinates":[[[130.06037,33.06014],[130.05977,33.06056],[130.05886,33.06037],[130.05757,33.05993],[130.05663,33.05997],[130.05586,33.05967],[130.05506,33.05911],[130.05415,33.05834],[130.05357,33.05804],[130.05327,33.05724],[130.05323,33.05641],[130.05294,33.05536],[130.05293,33.05504],[130.05394,33.05381],[130.05421,33.05321],[130.05414,33.05187],[130.05393,33.05145],[130.05347,33.05],[130.05356,33.04957],[130.05321,33.04896],[130.05293,33.04879],[130.05269,33.04801],[130.05284,33.04724],[130.05225,33.04669],[130.05205,33.046],[130.05173,33.04582],[130.05118,33.04498],[130.05071,33.04498],[130.05052,33.04449],[130.05004,33.044],[130.04951,33.04316],[130.04897,33.04198],[130.04896,33.0417],[130.04822,33.0408],[130.0483,33.04023],[130.04785,33.04027],[130.0473,33.03947],[130.04654,33.03863],[130.04601,33.03823],[130.04529,33.03805],[130.04523,33.03917],[130.04496,33.03941],[130.04461,33.04032],[130.04395,33.04086],[130.04346,33.04097],[130.04333,33.04059],[130.04268,33.03952],[130.04202,33.03802],[130.04095,33.03745],[130.04057,33.03717],[130.03963,33.03595],[130.03902,33.03484],[130.03886,33.03352],[130.03849,33.03195],[130.0379,33.03062],[130.0377,33.02997],[130.03698,33.03062],[130.03494,33.03186],[130.03412,33.03276],[130.03358,33.03405],[130.03372,33.03514],[130.03426,33.03601],[130.03429,33.03651],[130.03398,33.03674],[130.03327,33.03682],[130.03189,33.03602],[130.03174,33.03565],[130.03214,33.03493],[130.03171,33.03467],[130.0316,33.03388],[130.0314,33.03338],[130.03163,33.03309],[130.03244,33.03334],[130.03293,33.03291],[130.03321,33.03206],[130.03323,33.03162],[130.03299,33.03128],[130.03183,33.03075],[130.03144,33.03021],[130.03151,33.02953],[130.03176,33.029],[130.03262,33.02864],[130.03395,33.02777],[130.03512,33.02735],[130.03642,33.02706],[130.03644,33.02655],[130.03699,33.02598],[130.037,33.02528],[130.03745,33.02477],[130.03807,33.02455],[130.03924,33.02457],[130.03964,33.0243],[130.04064,33.02419],[130.04093,33.024],[130.04162,33.02406],[130.04228,33.02429],[130.04294,33.02413],[130.04314,33.02392],[130.04323,33.02334],[130.04264,33.02184],[130.04237,33.0206],[130.04203,33.02025],[130.04088,33.01951],[130.04017,33.0189],[130.03952,33.01847],[130.03953,33.01826],[130.04007,33.01713],[130.03997,33.01681],[130.03908,33.01718],[130.03865,33.01714],[130.03786,33.01679],[130.03695,33.0167],[130.03652,33.0159],[130.03553,33.01598],[130.03506,33.01531],[130.03498,33.01459],[130.03501,33.01332],[130.0346,33.01306],[130.03377,33.013],[130.03114,33.01357],[130.0308,33.01407],[130.03044,33.01511],[130.03063,33.01596],[130.03132,33.01781],[130.03137,33.01908],[130.0313,33.0196],[130.03094,33.02089],[130.03126,33.02164],[130.03116,33.02236],[130.03066,33.0228],[130.03016,33.02305],[130.02967,33.02311],[130.02898,33.02263],[130.02837,33.02245],[130.02764,33.02254],[130.02685,33.02303],[130.02613,33.02377],[130.0265,33.02456],[130.02642,33.02544],[130.02692,33.02584],[130.02804,33.02654],[130.02832,33.02694],[130.02829,33.02749],[130.02741,33.02814],[130.02651,33.02863],[130.02662,33.02943],[130.02597,33.02995],[130.02592,33.03043],[130.02649,33.03119],[130.02702,33.03229],[130.02665,33.03248],[130.02598,33.03312],[130.02549,33.03321],[130.02494,33.03146],[130.02484,33.03044],[130.02518,33.02886],[130.02585,33.02721],[130.02592,33.0268],[130.02572,33.02647],[130.02499,33.02589],[130.02466,33.02486],[130.02459,33.0243],[130.02346,33.02339],[130.02315,33.02288],[130.02318,33.02246],[130.02393,33.02164],[130.02405,33.02129],[130.02649,33.02048],[130.02738,33.02031],[130.02797,33.02002],[130.02864,33.01949],[130.02902,33.01902],[130.02908,33.01843],[130.0286,33.01816],[130.02831,33.0176],[130.02858,33.01686],[130.02925,33.01615],[130.02926,33.01554],[130.02902,33.0151],[130.02886,33.0142],[130.02805,33.01328],[130.02789,33.01272],[130.02801,33.01245],[130.02866,33.01203],[130.02904,33.01155],[130.0307,33.01078],[130.03138,33.01022],[130.0322,33.00998],[130.03329,33.00996],[130.03416,33.00918],[130.03563,33.00898],[130.03662,33.00858],[130.03792,33.00867],[130.03854,33.00828],[130.03901,33.00778],[130.03988,33.00736],[130.04039,33.00647],[130.04052,33.00599],[130.04108,33.00494],[130.0418,33.00457],[130.04237,33.00397],[130.04299,33.00384],[130.04393,33.00412],[130.04444,33.00414],[130.04474,33.00375],[130.04496,33.00299],[130.04568,33.00197],[130.04707,33.00154],[130.04686,33.00062],[130.04707,32.99999],[130.04687,32.99941],[130.04713,32.99899],[130.04709,32.99842],[130.0483,32.99806],[130.04932,32.99791],[130.0499,32.99682],[130.05039,32.99635],[130.0505,32.99583],[130.05083,32.99554],[130.05102,32.99502],[130.05177,32.99437],[130.05171,32.99402],[130.05124,32.99304],[130.05128,32.99261],[130.05215,32.99229],[130.05261,32.99201],[130.05403,32.99168],[130.05455,32.99117],[130.05505,32.99025],[130.05572,32.98997],[130.05635,32.98997],[130.05691,32.98923],[130.05762,32.98851],[130.05809,32.98777],[130.05847,32.9875],[130.05933,32.98717],[130.05987,32.98659],[130.06076,32.98624],[130.06123,32.98585],[130.06211,32.98636],[130.06392,32.9864],[130.06491,32.98706],[130.06554,32.98707],[130.0666,32.9866],[130.067,32.98667],[130.06847,32.98659],[130.06949,32.98644],[130.06988,32.98662],[130.07109,32.98692],[130.07243,32.98763],[130.07309,32.98782],[130.07479,32.98775],[130.07605,32.98757],[130.07663,32.98721],[130.07723,32.98666],[130.07734,32.98634],[130.0773,32.9856],[130.07744,32.98475],[130.07775,32.98438],[130.07869,32.98416],[130.07968,32.98376],[130.08051,32.98308],[130.08121,32.98299],[130.08178,32.98275],[130.08237,32.98195],[130.08278,32.98102],[130.08361,32.98102],[130.08362,32.98062],[130.08438,32.98023],[130.08539,32.97942],[130.08581,32.97922],[130.08566,32.97807],[130.086,32.976],[130.08615,32.97538],[130.08644,32.97504],[130.08803,32.97459],[130.0885,32.97411],[130.08887,32.97406],[130.09098,32.97452],[130.09159,32.97481],[130.09269,32.97482],[130.0933,32.97501],[130.09375,32.97541],[130.09457,32.97564],[130.09499,32.97587],[130.09578,32.97591],[130.09672,32.97577],[130.097,32.97519],[130.09994,32.97421],[130.10106,32.97422],[130.1018,32.97448],[130.10303,32.97474],[130.10337,32.97458],[130.10401,32.97396],[130.10486,32.9734],[130.10646,32.97301],[130.10679,32.97304],[130.10803,32.97257],[130.10863,32.97207],[130.10919,32.97176],[130.11032,32.97182],[130.11057,32.9721],[130.11175,32.9726],[130.11216,32.97231],[130.11268,32.97239],[130.11386,32.97235],[130.11451,32.97241],[130.11536,32.97204],[130.11572,32.97136],[130.11696,32.97095],[130.11842,32.97061],[130.1192,32.97036],[130.12139,32.97061],[130.12242,32.97084],[130.1233,32.97095],[130.12385,32.97075],[130.12436,32.97102],[130.12496,32.97105],[130.12523,32.97153],[130.12584,32.97135],[130.1259,32.97078],[130.12686,32.97118],[130.12706,32.97106],[130.12841,32.9711],[130.12889,32.9713],[130.12936,32.97196],[130.13021,32.97196],[130.1306,32.9728],[130.13062,32.97335],[130.13094,32.97361],[130.13194,32.97365],[130.13279,32.97315],[130.13323,32.97331],[130.13348,32.97383],[130.13387,32.97372],[130.13412,32.9733],[130.13463,32.97286],[130.13459,32.97244],[130.13682,32.97136],[130.13791,32.97128],[130.13884,32.97144],[130.13931,32.97176],[130.13947,32.97229],[130.13922,32.9733],[130.13931,32.97391],[130.13998,32.97485],[130.14094,32.97539],[130.14203,32.97552],[130.14275,32.97603],[130.14292,32.9767],[130.14417,32.97808],[130.14407,32.97867],[130.14365,32.97867],[130.14359,32.97812],[130.14279,32.97827],[130.14071,32.97668],[130.1394,32.97626],[130.13722,32.97607],[130.13612,32.97613],[130.13503,32.97633],[130.13346,32.97595],[130.13217,32.97526],[130.13106,32.97474],[130.13052,32.9749],[130.13103,32.97533],[130.13232,32.97664],[130.13309,32.97718],[130.13395,32.97744],[130.13456,32.97742],[130.13552,32.97779],[130.13618,32.97777],[130.13825,32.97846],[130.13839,32.97873],[130.13888,32.97859],[130.13977,32.97884],[130.14014,32.97937],[130.14017,32.98043],[130.13985,32.9808],[130.13941,32.98087],[130.13845,32.98039],[130.13743,32.97998],[130.13683,32.97993],[130.13438,32.9791],[130.13324,32.97887],[130.13091,32.97877],[130.12983,32.97848],[130.12924,32.97824],[130.12786,32.9773],[130.12684,32.97706],[130.12584,32.977],[130.12421,32.97667],[130.12393,32.97748],[130.12417,32.97831],[130.12608,32.97972],[130.12667,32.97996],[130.12801,32.981],[130.12818,32.98162],[130.12788,32.98248],[130.12839,32.98274],[130.12939,32.98299],[130.13023,32.98342],[130.1333,32.98428],[130.13404,32.98444],[130.13512,32.98483],[130.13645,32.98556],[130.13709,32.9862],[130.13785,32.98777],[130.13872,32.98847],[130.14214,32.99042],[130.14292,32.99071],[130.14372,32.99082],[130.14394,32.99119],[130.14448,32.99135],[130.14483,32.99121],[130.14532,32.9913],[130.14587,32.99106],[130.1462,32.99111],[130.14687,32.99184],[130.14723,32.99179],[130.14758,32.99221],[130.14755,32.99254],[130.14637,32.99283],[130.1457,32.99288],[130.1444,32.99277],[130.14419,32.99266],[130.14318,32.99169],[130.14253,32.99151],[130.14153,32.99148],[130.14039,32.99135],[130.13927,32.99072],[130.13725,32.98977],[130.13673,32.98918],[130.13706,32.98905],[130.13677,32.98818],[130.13676,32.98761],[130.13594,32.98678],[130.13455,32.98578],[130.1324,32.98485],[130.12972,32.98415],[130.12824,32.98367],[130.12621,32.98286],[130.12559,32.98343],[130.12208,32.98599],[130.11993,32.98683],[130.11904,32.98737],[130.11882,32.98773],[130.11888,32.98864],[130.1193,32.98886],[130.12064,32.98889],[130.12187,32.98916],[130.12215,32.98935],[130.12312,32.99035],[130.12371,32.9912],[130.12541,32.99418],[130.12588,32.99493],[130.1266,32.99581],[130.12741,32.99651],[130.12903,32.99732],[130.12954,32.99741],[130.12993,32.99721],[130.13011,32.99782],[130.13085,32.99864],[130.13128,32.99888],[130.13142,32.9993],[130.13114,32.99943],[130.13118,32.99995],[130.13209,32.99986],[130.13208,32.99875],[130.13271,32.99864],[130.13282,32.99833],[130.13388,32.99998],[130.13417,33.00075],[130.13402,33.00118],[130.13315,33.00133],[130.13276,33.00213],[130.13223,33.00205],[130.13177,33.00118],[130.13121,33.00071],[130.13043,33.00066],[130.12984,32.99981],[130.12935,32.99946],[130.12853,32.99973],[130.12822,33.00053],[130.12815,33.00147],[130.12815,33.00328],[130.12803,33.00455],[130.12767,33.00529],[130.12733,33.00553],[130.12662,33.00548],[130.12527,33.00466],[130.12435,33.00468],[130.12405,33.0045],[130.1232,33.0035],[130.12266,33.00344],[130.12151,33.00354],[130.12069,33.00331],[130.12005,33.00259],[130.11972,33.00197],[130.11893,33.00158],[130.11828,33.00161],[130.11737,33.0019],[130.11702,33.00188],[130.11615,33.00137],[130.11531,33.00113],[130.11501,33.00087],[130.11483,33.00016],[130.1144,32.99951],[130.11392,32.99923],[130.1133,32.99915],[130.11253,32.99864],[130.11217,32.99821],[130.11208,32.99761],[130.11223,32.99726],[130.11186,32.9971],[130.11119,32.99575],[130.11131,32.99539],[130.11099,32.99476],[130.10978,32.99483],[130.10924,32.99462],[130.10825,32.99381],[130.10777,32.99363],[130.10662,32.99265],[130.10611,32.99198],[130.10503,32.99121],[130.10423,32.99078],[130.10351,32.99021],[130.1024,32.9889],[130.10091,32.98846],[130.09911,32.98756],[130.09807,32.98672],[130.09691,32.98607],[130.09584,32.98616],[130.09557,32.98556],[130.09514,32.98522],[130.09486,32.98553],[130.09557,32.98626],[130.09531,32.98656],[130.09522,32.98708],[130.09553,32.98788],[130.09622,32.98912],[130.09692,32.98986],[130.09837,32.99079],[130.09886,32.99135],[130.09917,32.99229],[130.1,32.99292],[130.10044,32.99357],[130.10072,32.99423],[130.10181,32.99461],[130.1024,32.99522],[130.10244,32.99583],[130.10381,32.99645],[130.10409,32.99675],[130.10416,32.99722],[130.10388,32.9978],[130.10389,32.99815],[130.1044,32.99891],[130.10431,33.00015],[130.10471,33.00077],[130.10527,33.00103],[130.10656,33.00099],[130.10755,33.00125],[130.10824,33.00166],[130.10926,33.00249],[130.11005,33.00286],[130.10854,33.00298],[130.10727,33.00328],[130.10683,33.00328],[130.10409,33.00249],[130.10357,33.00251],[130.1026,33.00313],[130.10173,33.00324],[130.1009,33.00311],[130.10023,33.00282],[130.09788,33.00152],[130.09672,33.001],[130.09543,33.00069],[130.0944,33.00065],[130.09339,33.00001],[130.09246,32.99906],[130.09172,32.9981],[130.08986,32.99583],[130.08738,32.99391],[130.08694,32.99383],[130.08514,32.99424],[130.0843,32.99425],[130.08335,32.99397],[130.08187,32.99389],[130.08032,32.99327],[130.0803,32.99411],[130.08044,32.99517],[130.08092,32.99659],[130.08089,32.9976],[130.08059,32.99851],[130.07976,32.99959],[130.07927,33.00008],[130.07779,33.00106],[130.07726,33.00166],[130.07719,33.00224],[130.07736,33.00303],[130.07783,33.00409],[130.07806,33.005],[130.07808,33.00672],[130.07785,33.00906],[130.07787,33.00963],[130.07821,33.01116],[130.07774,33.01124],[130.0765,33.01202],[130.07477,33.01337],[130.07365,33.01378],[130.07239,33.01391],[130.07106,33.01362],[130.07047,33.01357],[130.06938,33.01438],[130.06817,33.01489],[130.06744,33.0159],[130.06666,33.01613],[130.06621,33.01555],[130.06722,33.01456],[130.06845,33.01382],[130.07084,33.01275],[130.0713,33.01246],[130.07147,33.01199],[130.07116,33.01177],[130.07072,33.01195],[130.06944,33.01285],[130.06879,33.01275],[130.06864,33.01237],[130.06904,33.012],[130.06999,33.01169],[130.07043,33.01132],[130.0705,33.01078],[130.07092,33.01043],[130.0717,33.01027],[130.07262,33.01023],[130.07311,33.00947],[130.07307,33.00914],[130.06989,33.01053],[130.06891,33.01052],[130.06875,33.01131],[130.06847,33.0117],[130.06782,33.0121],[130.06713,33.0134],[130.0663,33.01411],[130.06531,33.01426],[130.06529,33.01366],[130.06608,33.01282],[130.06587,33.01235],[130.06485,33.01307],[130.06439,33.01283],[130.06452,33.01208],[130.06426,33.01139],[130.06367,33.01082],[130.06323,33.01066],[130.06293,33.0102],[130.06292,33.00965],[130.06381,33.00922],[130.06399,33.00843],[130.06447,33.0083],[130.06755,33.00842],[130.06783,33.00813],[130.06711,33.00761],[130.06707,33.00725],[130.06746,33.0069],[130.06709,33.00612],[130.06802,33.00551],[130.06782,33.00503],[130.06734,33.00505],[130.06673,33.00532],[130.06657,33.00585],[130.06585,33.00625],[130.06455,33.00742],[130.06407,33.0073],[130.0639,33.00686],[130.06386,33.00588],[130.06349,33.00546],[130.06255,33.00547],[130.0621,33.00572],[130.06188,33.00695],[130.06164,33.00765],[130.0612,33.00813],[130.05979,33.00852],[130.05984,33.00886],[130.06101,33.00921],[130.06107,33.00956],[130.06067,33.00999],[130.0608,33.01038],[130.06176,33.01089],[130.06257,33.01156],[130.06303,33.01215],[130.06307,33.01245],[130.0627,33.01279],[130.06195,33.01289],[130.0608,33.01281],[130.05975,33.01251],[130.05891,33.01279],[130.05794,33.01367],[130.05824,33.01407],[130.05976,33.01348],[130.06103,33.01333],[130.0623,33.01335],[130.06295,33.01348],[130.06325,33.01378],[130.06297,33.01403],[130.06173,33.01412],[130.06162,33.01453],[130.06311,33.01466],[130.06332,33.01511],[130.06326,33.0158],[130.06307,33.01609],[130.06231,33.01649],[130.06055,33.01688],[130.05994,33.01753],[130.06026,33.01777],[130.0621,33.01713],[130.06344,33.01676],[130.06447,33.01674],[130.06472,33.01703],[130.06453,33.01755],[130.06363,33.01775],[130.06324,33.01795],[130.06316,33.01828],[130.06365,33.01869],[130.06439,33.01879],[130.0655,33.01871],[130.06552,33.0189],[130.06623,33.01904],[130.0664,33.01934],[130.06622,33.01968],[130.06556,33.02025],[130.06605,33.02132],[130.0657,33.02179],[130.0653,33.02145],[130.06537,33.02122],[130.06486,33.02097],[130.0634,33.0211],[130.06225,33.02181],[130.0617,33.02175],[130.06109,33.02122],[130.06022,33.02112],[130.05981,33.02095],[130.05764,33.01862],[130.05702,33.01842],[130.05686,33.01916],[130.05702,33.01944],[130.0577,33.01966],[130.05812,33.01994],[130.05846,33.02084],[130.05928,33.02136],[130.05999,33.02162],[130.06016,33.02214],[130.05983,33.02241],[130.05908,33.02257],[130.05749,33.02212],[130.05629,33.0216],[130.0556,33.02122],[130.05526,33.02076],[130.05485,33.02079],[130.05459,33.02111],[130.05471,33.02148],[130.05565,33.02249],[130.05613,33.02317],[130.05723,33.02416],[130.05813,33.02643],[130.05957,33.02789],[130.06126,33.03032],[130.06183,33.0313],[130.06228,33.03248],[130.06249,33.0334],[130.06244,33.03543],[130.06233,33.03598],[130.06238,33.03703],[130.06298,33.03792],[130.06362,33.03958],[130.06417,33.04201],[130.06453,33.04232],[130.06512,33.04186],[130.06556,33.04187],[130.0662,33.04227],[130.06792,33.0439],[130.0685,33.04394],[130.06923,33.04351],[130.06919,33.04423],[130.06865,33.04503],[130.0682,33.04542],[130.06815,33.04582],[130.06772,33.04597],[130.06715,33.04541],[130.06642,33.04519],[130.06581,33.04559],[130.06601,33.04626],[130.06601,33.04675],[130.06584,33.04769],[130.06602,33.04864],[130.06611,33.0498],[130.06611,33.05197],[130.06618,33.05297],[130.06605,33.05312],[130.06491,33.05291],[130.0627,33.05282],[130.06287,33.05205],[130.06372,33.05134],[130.06432,33.05047],[130.06485,33.04919],[130.06488,33.04814],[130.06505,33.04783],[130.06479,33.04729],[130.06466,33.04656],[130.06412,33.04582],[130.06332,33.04588],[130.06275,33.04578],[130.0625,33.04606],[130.06271,33.0465],[130.06331,33.04717],[130.06362,33.04787],[130.06372,33.04866],[130.0635,33.04975],[130.06332,33.05014],[130.06281,33.05058],[130.06276,33.0512],[130.06236,33.05199],[130.06138,33.05257],[130.06002,33.05243],[130.05939,33.05263],[130.05935,33.05312],[130.06008,33.05369],[130.06149,33.054],[130.06181,33.05752],[130.06159,33.05835],[130.06129,33.05893],[130.06037,33.06014]],[[130.05894,33.04303],[130.05886,33.04316],[130.0596,33.04391],[130.06052,33.04332],[130.06146,33.04326],[130.06192,33.04279],[130.06131,33.04128],[130.06157,33.04099],[130.06207,33.04089],[130.06259,33.04056],[130.06195,33.03927],[130.06185,33.03886],[130.06119,33.03821],[130.06104,33.03791],[130.06109,33.03735],[130.06087,33.03647],[130.06085,33.0352],[130.06128,33.03464],[130.06127,33.03436],[130.0608,33.03399],[130.06109,33.03365],[130.06129,33.0328],[130.06109,33.03208],[130.06087,33.03188],[130.06058,33.03116],[130.06014,33.03092],[130.05974,33.03013],[130.05929,33.02973],[130.05926,33.02905],[130.05684,33.02782],[130.05567,33.027],[130.05551,33.02637],[130.05481,33.02598],[130.05487,33.0256],[130.05441,33.02529],[130.05396,33.02455],[130.05379,33.02383],[130.0534,33.02347],[130.05312,33.02363],[130.05262,33.02333],[130.052,33.021],[130.05192,33.01936],[130.05158,33.01909],[130.05077,33.01906],[130.04931,33.01911],[130.04832,33.01937],[130.04777,33.01935],[130.04671,33.01878],[130.04721,33.0207],[130.04747,33.02091],[130.04861,33.02107],[130.04918,33.02134],[130.04932,33.02167],[130.04888,33.0222],[130.04828,33.02253],[130.04738,33.02332],[130.04721,33.02434],[130.04742,33.02483],[130.04801,33.02485],[130.04821,33.0246],[130.0493,33.02387],[130.05011,33.02353],[130.05143,33.02327],[130.05186,33.02357],[130.0516,33.02415],[130.04998,33.02467],[130.0503,33.02491],[130.05129,33.02483],[130.05137,33.02522],[130.05026,33.02532],[130.04992,33.02576],[130.05028,33.02598],[130.05157,33.02567],[130.05266,33.02625],[130.05289,33.02672],[130.0523,33.02689],[130.05112,33.02668],[130.0506,33.0268],[130.05046,33.0272],[130.0508,33.02755],[130.05209,33.02772],[130.05246,33.02814],[130.05401,33.02828],[130.05461,33.02857],[130.05492,33.02937],[130.0534,33.02948],[130.05378,33.02989],[130.05499,33.03015],[130.05536,33.03036],[130.05578,33.03096],[130.05742,33.03108],[130.05759,33.03155],[130.057,33.03173],[130.05604,33.03182],[130.05625,33.03236],[130.05729,33.03272],[130.05762,33.03311],[130.05737,33.0335],[130.05614,33.03375],[130.05614,33.03408],[130.05725,33.03452],[130.05715,33.0348],[130.05637,33.03489],[130.05623,33.03521],[130.05648,33.03557],[130.05717,33.03592],[130.05726,33.03647],[130.05614,33.0365],[130.05471,33.03597],[130.05436,33.03636],[130.05507,33.037],[130.05639,33.03774],[130.05712,33.03875],[130.058,33.03954],[130.05815,33.04047],[130.05863,33.04087],[130.05963,33.04077],[130.06,33.041],[130.05968,33.04159],[130.05896,33.04179],[130.05894,33.04209],[130.06012,33.04316],[130.06003,33.0434],[130.05894,33.04303]],[[130.05548,33.03941],[130.05514,33.03974],[130.0559,33.04016],[130.0564,33.04062],[130.05726,33.04089],[130.05759,33.04071],[130.05708,33.03952],[130.05663,33.03994],[130.05548,33.03941]],[[130.0587,33.01109],[130.05751,33.01155],[130.05763,33.01196],[130.05875,33.01184],[130.05928,33.01111],[130.0587,33.01109]],[[130.0588,33.01026],[130.05946,33.01057],[130.0602,33.01067],[130.06039,33.01044],[130.0601,33.01],[130.05864,33.00957],[130.05813,33.00906],[130.05761,33.00903],[130.05732,33.00941],[130.05758,33.00964],[130.0588,33.01026]],[[130.06223,32.99884],[130.06279,32.99956],[130.06308,32.99933],[130.06276,32.99867],[130.06217,32.99825],[130.06144,32.99804],[130.06125,32.9983],[130.06158,32.99858],[130.06223,32.99884]],[[130.11974,32.99361],[130.11999,32.99351],[130.1204,32.99272],[130.12091,32.99236],[130.12132,32.99189],[130.12119,32.99062],[130.12141,32.99032],[130.12084,32.98988],[130.12013,32.99003],[130.11922,32.99056],[130.11794,32.98992],[130.11752,32.99039],[130.11783,32.99248],[130.11855,32.99307],[130.11951,32.99361],[130.11974,32.99361]],[[130.12152,32.99694],[130.12178,32.99653],[130.12163,32.99582],[130.12113,32.99566],[130.12092,32.99507],[130.12061,32.99499],[130.12053,32.99553],[130.121,32.99601],[130.1206,32.99644],[130.12108,32.99691],[130.12152,32.99694]],[[130.06834,33.01015],[130.06869,33.00968],[130.06833,33.00935],[130.06654,33.0111],[130.06667,33.01141],[130.06742,33.01106],[130.06834,33.01015]]]},"properties":{"hoanrinKind":"保安林"}},
{"type":"Feature","geometry":{"type":"Polygon","coordinates":[[[130.20408,33.48143],[130.20373,33.48142],[130.20333,33.48075],[130.20174,33.48004],[130.20176,33.47984],[130.20114,33.47878],[130.20138,33.47834],[130.2026,33.47857],[130.20397,33.47906],[130.20476,33.47907],[130.20535,33.47869],[130.20519,33.47798],[130.20532,33.4777],[130.20637,33.47716],[130.2066,33.47645],[130.20784,33.47573],[130.20891,33.47473],[130.20987,33.47531],[130.21044,33.47583],[130.21081,33.4759],[130.21077,33.47533],[130.21048,33.47482],[130.2111,33.47495],[130.21162,33.47576],[130.212,33.47594],[130.21309,33.47486],[130.2129,33.47456],[130.212,33.47441],[130.211,33.47403],[130.21099,33.47367],[130.21136,33.47326],[130.21338,33.47189],[130.21244,33.47166],[130.21198,33.47195],[130.21114,33.47116],[130.20984,33.4706],[130.20944,33.47025],[130.20945,33.46971],[130.20965,33.46927],[130.21012,33.46872],[130.21065,33.46831],[130.21166,33.46829],[130.21183,33.46794],[130.21135,33.4672],[130.21148,33.46634],[130.21115,33.46569],[130.21147,33.46554],[130.21233,33.46578],[130.2133,33.46558],[130.21431,33.46423],[130.21508,33.46388],[130.21584,33.4631],[130.21637,33.4631],[130.21663,33.46376],[130.21719,33.46415],[130.21731,33.46504],[130.21763,33.4655],[130.21849,33.46568],[130.2192,33.46623],[130.21949,33.46625],[130.22011,33.46558],[130.22038,33.4642],[130.2208,33.46372],[130.22222,33.46392],[130.22338,33.46357],[130.22395,33.46376],[130.22399,33.46517],[130.22446,33.46561],[130.22423,33.46608],[130.22345,33.46677],[130.22359,33.46714],[130.22461,33.46744],[130.22483,33.46778],[130.22577,33.46797],[130.22658,33.46862],[130.22779,33.46877],[130.22887,33.4684],[130.23021,33.46782],[130.23115,33.46664],[130.23082,33.46645],[130.23,33.46652],[130.22854,33.46727],[130.22789,33.46742],[130.22717,33.46745],[130.2264,33.46735],[130.22595,33.46712],[130.22562,33.46645],[130.22483,33.46544],[130.22492,33.46431],[130.22479,33.46376],[130.22487,33.46312],[130.22572,33.46257],[130.22736,33.46196],[130.22901,33.46182],[130.22939,33.46123],[130.22908,33.46093],[130.22863,33.46093],[130.22727,33.46114],[130.22683,33.46081],[130.22626,33.46081],[130.22607,33.46],[130.2259,33.4583],[130.2252,33.45712],[130.225,33.45606],[130.22464,33.45485],[130.22384,33.45424],[130.22442,33.45364],[130.22443,33.45318],[130.22387,33.45171],[130.22438,33.45103],[130.22492,33.44989],[130.2255,33.4495],[130.22608,33.44942],[130.22592,33.45041],[130.22641,33.45055],[130.22726,33.45188],[130.22804,33.45199],[130.22853,33.45254],[130.22895,33.45271],[130.22927,33.45233],[130.22893,33.45204],[130.22868,33.45139],[130.22928,33.45122],[130.23025,33.45131],[130.23054,33.45117],[130.23067,33.45066],[130.23003,33.45028],[130.22908,33.45029],[130.2287,33.45013],[130.22852,33.44944],[130.22879,33.44905],[130.22962,33.4484],[130.23014,33.44831],[130.2305,33.44874],[130.23048,33.44953],[130.23075,33.44991],[130.2314,33.45019],[130.23168,33.4512],[130.23228,33.45197],[130.2323,33.45305],[130.23242,33.45359],[130.23267,33.45383],[130.23345,33.45394],[130.23486,33.45431],[130.23539,33.45426],[130.23591,33.4538],[130.2361,33.45252],[130.23636,33.45204],[130.23696,33.45137],[130.23583,33.45132],[130.23582,33.45099],[130.23697,33.45031],[130.23664,33.4499],[130.23606,33.44968],[130.23554,33.44895],[130.23604,33.4485],[130.2369,33.44826],[130.23727,33.44795],[130.23785,33.44788],[130.23844,33.44855],[130.23887,33.44807],[130.23935,33.44802],[130.23944,33.4484],[130.23997,33.44832],[130.24037,33.44859],[130.24149,33.44838],[130.24264,33.44856],[130.24332,33.44945],[130.24377,33.45042],[130.24429,33.45099],[130.24449,33.45143],[130.24447,33.45325],[130.24454,33.45391],[130.24517,33.45503],[130.24647,33.45458],[130.24847,33.45406],[130.24978,33.45391],[130.25089,33.4537],[130.25109,33.45351],[130.25087,33.45189],[130.25161,33.45217],[130.25198,33.45176],[130.25096,33.4507],[130.25125,33.45034],[130.25191,33.45031],[130.25364,33.45002],[130.25318,33.44846],[130.25235,33.44712],[130.25254,33.44492],[130.25302,33.44436],[130.25336,33.44441],[130.25372,33.44513],[130.25398,33.4453],[130.2551,33.44533],[130.25544,33.44572],[130.25561,33.44674],[130.25594,33.44678],[130.25642,33.44603],[130.25709,33.44514],[130.25769,33.44392],[130.25852,33.44323],[130.25956,33.44313],[130.26046,33.4433],[130.26037,33.44367],[130.25936,33.44502],[130.25814,33.44539],[130.25771,33.44561],[130.25792,33.44595],[130.25914,33.44549],[130.25906,33.44586],[130.25974,33.446],[130.2602,33.44569],[130.2605,33.44588],[130.26164,33.44537],[130.2621,33.44526],[130.2622,33.44563],[130.26102,33.44699],[130.26085,33.44729],[130.26098,33.44769],[130.26177,33.44762],[130.26271,33.44727],[130.26312,33.44728],[130.26359,33.44771],[130.2646,33.4481],[130.26311,33.44851],[130.26149,33.44854],[130.26124,33.44906],[130.26012,33.44908],[130.2602,33.4495],[130.26123,33.45018],[130.26157,33.45066],[130.26151,33.45152],[130.26047,33.45222],[130.26042,33.45234],[130.2612,33.45302],[130.26059,33.45362],[130.25988,33.45391],[130.25983,33.45415],[130.26073,33.4542],[130.26098,33.45405],[130.26172,33.45321],[130.2623,33.45304],[130.26332,33.45187],[130.26354,33.4519],[130.26444,33.45128],[130.2647,33.45077],[130.26514,33.45039],[130.26594,33.45041],[130.26607,33.45098],[130.265,33.45111],[130.26479,33.45129],[130.2647,33.452],[130.26436,33.45255],[130.26263,33.45312],[130.26279,33.4535],[130.26371,33.45345],[130.26425,33.45406],[130.26375,33.45428],[130.26188,33.45484],[130.26169,33.45507],[130.26157,33.45587],[130.2623,33.45682],[130.26294,33.45711],[130.26217,33.45754],[130.26201,33.45789],[130.26189,33.45985],[130.26268,33.45977],[130.26333,33.45919],[130.26362,33.45869],[130.26428,33.45828],[130.26528,33.45838],[130.26556,33.45874],[130.26531,33.45938],[130.26458,33.46011],[130.26411,33.46018],[130.26274,33.46017],[130.2623,33.46054],[130.26171,33.4616],[130.2618,33.46189],[130.26227,33.4619],[130.26264,33.46155],[130.26293,33.46097],[130.26335,33.46089],[130.26381,33.46197],[130.26378,33.46239],[130.2633,33.46303],[130.26336,33.4637],[130.26387,33.46412],[130.26469,33.46417],[130.265,33.46369],[130.26515,33.46303],[130.26542,33.46259],[130.26597,33.46225],[130.26701,33.46193],[130.26767,33.46181],[130.26819,33.46186],[130.26978,33.46267],[130.27018,33.46275],[130.27027,33.46325],[130.27035,33.46489],[130.26952,33.46527],[130.26971,33.46553],[130.26955,33.46621],[130.26962,33.46679],[130.26897,33.4671],[130.26962,33.46763],[130.26958,33.4679],[130.26896,33.4684],[130.2682,33.46867],[130.26767,33.46868],[130.26617,33.46845],[130.26631,33.46934],[130.26662,33.46951],[130.26921,33.46891],[130.26995,33.46853],[130.27079,33.46857],[130.27041,33.46915],[130.26871,33.47107],[130.26737,33.47132],[130.26618,33.47167],[130.26564,33.47194],[130.26565,33.47244],[130.26681,33.47361],[130.26707,33.47379],[130.26766,33.47455],[130.26801,33.47519],[130.26849,33.47533],[130.26881,33.47506],[130.26881,33.4747],[130.26914,33.47271],[130.2698,33.47098],[130.27037,33.46996],[130.2712,33.46941],[130.27229,33.4691],[130.273,33.46911],[130.27358,33.46935],[130.27472,33.47028],[130.27573,33.46932],[130.27635,33.46917],[130.2771,33.46986],[130.27716,33.47072],[130.27666,33.47252],[130.27748,33.47346],[130.27799,33.47037],[130.27749,33.46975],[130.27753,33.46922],[130.27786,33.46873],[130.27836,33.4684],[130.2795,33.4679],[130.27843,33.46761],[130.27802,33.46723],[130.27742,33.4651],[130.27695,33.46395],[130.27712,33.46349],[130.2767,33.46302],[130.27583,33.46237],[130.27555,33.46194],[130.27604,33.46186],[130.27577,33.46141],[130.27537,33.46156],[130.27526,33.46087],[130.27626,33.46081],[130.27716,33.46086],[130.27759,33.46068],[130.27851,33.46064],[130.28186,33.46068],[130.28247,33.46114],[130.28319,33.46125],[130.28368,33.46116],[130.28429,33.4613],[130.28542,33.4623],[130.28586,33.4625],[130.28625,33.46241],[130.28671,33.46186],[130.28676,33.46129],[130.28601,33.46007],[130.28597,33.4592],[130.28581,33.45807],[130.28587,33.45633],[130.28619,33.45591],[130.2871,33.4551],[130.28677,33.45492],[130.28659,33.45449],[130.28674,33.4538],[130.28741,33.4537],[130.28803,33.45428],[130.28815,33.45509],[130.28848,33.45511],[130.28944,33.45439],[130.28891,33.45336],[130.2876,33.45251],[130.28725,33.45178],[130.28732,33.4515],[130.28815,33.45167],[130.28788,33.45081],[130.28844,33.45064],[130.28928,33.45084],[130.29056,33.45243],[130.2915,33.45409],[130.29177,33.45347],[130.29128,33.4529],[130.29104,33.45215],[130.2911,33.45184],[130.29246,33.45169],[130.29338,33.45183],[130.29449,33.45224],[130.29493,33.45254],[130.29491,33.45187],[130.29506,33.45149],[130.29564,33.45127],[130.29636,33.45137],[130.29746,33.45222],[130.298,33.45206],[130.29866,33.45234],[130.29948,33.45345],[130.29967,33.453],[130.29947,33.45245],[130.29892,33.45157],[130.29888,33.45101],[130.2994,33.45061],[130.30006,33.45118],[130.30081,33.45128],[130.30107,33.45099],[130.30099,33.45067],[130.30038,33.45016],[130.30019,33.44984],[130.30011,33.44923],[130.30044,33.4489],[130.30169,33.44888],[130.30293,33.44807],[130.30384,33.44728],[130.30472,33.44672],[130.30521,33.44662],[130.30504,33.4472],[130.30551,33.44758],[130.3055,33.44915],[130.30578,33.45],[130.30629,33.45073],[130.30705,33.45151],[130.30722,33.45015],[130.30748,33.44964],[130.30883,33.4486],[130.31003,33.44811],[130.31183,33.44821],[130.31189,33.4493],[130.31235,33.44909],[130.31271,33.44865],[130.31358,33.44828],[130.3142,33.4484],[130.31522,33.44885],[130.3155,33.44918],[130.31565,33.44967],[130.31556,33.45013],[130.31527,33.45036],[130.31417,33.4504],[130.31253,33.44979],[130.31159,33.44982],[130.31108,33.45023],[130.31142,33.45057],[130.31272,33.45114],[130.31419,33.45229],[130.31501,33.45271],[130.3154,33.45322],[130.31563,33.45448],[130.31586,33.45487],[130.31666,33.45484],[130.31769,33.45512],[130.3183,33.45517],[130.31921,33.45485],[130.32008,33.45421],[130.31937,33.45327],[130.31882,33.45213],[130.31834,33.45191],[130.31772,33.45261],[130.31718,33.45282],[130.3164,33.45248],[130.31636,33.45195],[130.31708,33.45093],[130.3174,33.45004],[130.31738,33.44941],[130.31717,33.44859],[130.31688,33.44801],[130.31651,33.44757],[130.31544,33.44668],[130.3151,33.44613],[130.31529,33.44578],[130.31584,33.44579],[130.31635,33.44608],[130.31715,33.44681],[130.31845,33.44699],[130.31902,33.44717],[130.31996,33.44772],[130.32115,33.44807],[130.32303,33.44825],[130.32373,33.44802],[130.32382,33.4475],[130.32368,33.44713],[130.32287,33.44626],[130.32287,33.44586],[130.32403,33.4455],[130.32448,33.44569],[130.32468,33.446],[130.32461,33.44712],[130.32494,33.44746],[130.32532,33.44744],[130.32675,33.44626],[130.32677,33.44513],[130.3263,33.44464],[130.32496,33.44464],[130.32454,33.44437],[130.32452,33.44372],[130.32465,33.44331],[130.32515,33.44286],[130.32553,33.44291],[130.32612,33.44328],[130.32691,33.44316],[130.32805,33.4428],[130.32891,33.44242],[130.32928,33.44184],[130.32939,33.4411],[130.32972,33.44079],[130.33086,33.44045],[130.33125,33.44022],[130.33157,33.43966],[130.33161,33.43915],[130.33104,33.4385],[130.3307,33.43846],[130.32926,33.43877],[130.32808,33.43842],[130.32728,33.43796],[130.32717,33.43752],[130.32739,33.4369],[130.3279,33.43608],[130.32823,33.43572],[130.32883,33.43561],[130.3292,33.43598],[130.32965,33.43598],[130.32938,33.43536],[130.32937,33.43489],[130.33023,33.43469],[130.33205,33.4348],[130.33269,33.43393],[130.33302,33.43374],[130.33302,33.4331],[130.33319,33.4323],[130.33304,33.4318],[130.33328,33.43128],[130.33386,33.43102],[130.33441,33.43055],[130.33587,33.43074],[130.33595,33.43121],[130.33672,33.4313],[130.33695,33.43104],[130.33676,33.43057],[130.33755,33.43058],[130.33757,33.4312],[130.33788,33.43139],[130.33979,33.43175],[130.33978,33.43114],[130.34013,33.43057],[130.34024,33.42962],[130.34037,33.42937],[130.34117,33.4289],[130.34168,33.42874],[130.3424,33.42883],[130.3433,33.42967],[130.34567,33.43212],[130.34773,33.43111],[130.34872,33.43051],[130.35022,33.42972],[130.35164,33.42924],[130.35355,33.42911],[130.35436,33.42891],[130.35541,33.42845],[130.3561,33.42754],[130.35783,33.42604],[130.35787,33.42538],[130.35721,33.42418],[130.35696,33.42401],[130.35695,33.42288],[130.35732,33.42248],[130.35769,33.42249],[130.35801,33.4229],[130.35822,33.42373],[130.35898,33.42336],[130.35965,33.42321],[130.36053,33.42284],[130.36145,33.42207],[130.36245,33.4224],[130.36289,33.42207],[130.36392,33.42166],[130.36422,33.42118],[130.3655,33.42027],[130.36636,33.41905],[130.36634,33.41885],[130.36506,33.41917],[130.36445,33.41917],[130.36364,33.41873],[130.36269,33.41959],[130.36205,33.41974],[130.36149,33.41951],[130.3604,33.41942],[130.36004,33.41922],[130.35986,33.41883],[130.35949,33.41856],[130.35899,33.41862],[130.35828,33.41901],[130.35765,33.41854],[130.35727,33.41746],[130.35745,33.4172],[130.35903,33.4177],[130.36061,33.41813],[130.36146,33.41814],[130.36194,33.41802],[130.36262,33.41752],[130.36352,33.41739],[130.36357,33.41641],[130.36427,33.41623],[130.3646,33.41551],[130.36535,33.41499],[130.36514,33.4131],[130.36529,33.41236],[130.36621,33.41196],[130.36561,33.41111],[130.36582,33.40991],[130.36584,33.4093],[130.36676,33.40918],[130.36757,33.40868],[130.36807,33.40874],[130.36922,33.40969],[130.37005,33.40975],[130.37015,33.40951],[130.37009,33.40844],[130.37033,33.40803],[130.37105,33.40775],[130.37071,33.40719],[130.37005,33.40699],[130.36967,33.40673],[130.36896,33.40699],[130.3683,33.4067],[130.36655,33.40647],[130.3657,33.40653],[130.36549,33.40676],[130.36515,33.40791],[130.36467,33.40823],[130.36316,33.40817],[130.36236,33.40774],[130.36231,33.40734],[130.36261,33.40656],[130.3635,33.4067],[130.36374,33.40659],[130.36428,33.4074],[130.36528,33.40634],[130.36546,33.40605],[130.3655,33.40503],[130.36538,33.40453],[130.36551,33.40366],[130.36604,33.40297],[130.36789,33.40175],[130.36882,33.40082],[130.36917,33.4006],[130.36978,33.40106],[130.37105,33.40182],[130.37117,33.40253],[130.37054,33.40345],[130.37074,33.40437],[130.37063,33.40484],[130.36984,33.40553],[130.36986,33.40616],[130.37043,33.4063],[130.37163,33.40598],[130.37195,33.40643],[130.37185,33.40783],[130.37206,33.40907],[130.37253,33.40968],[130.37267,33.40917],[130.37346,33.4072],[130.37353,33.40571],[130.37383,33.40474],[130.37351,33.40444],[130.37269,33.40487],[130.37227,33.40472],[130.37248,33.40422],[130.37298,33.40358],[130.37427,33.40244],[130.37481,33.40217],[130.37532,33.40218],[130.37496,33.40308],[130.37499,33.40375],[130.37517,33.40406],[130.37489,33.40481],[130.37537,33.40509],[130.3765,33.40494],[130.37709,33.40474],[130.37834,33.40461],[130.37893,33.40438],[130.37892,33.40405],[130.37821,33.40256],[130.37825,33.40185],[130.37854,33.40131],[130.37893,33.40103],[130.37965,33.40078],[130.38066,33.40066],[130.38164,33.39997],[130.3836,33.39963],[130.3836,33.39932],[130.38295,33.39853],[130.38312,33.3966],[130.38307,33.39626],[130.38238,33.39588],[130.38015,33.39594],[130.37821,33.39582],[130.37751,33.39518],[130.37625,33.39497],[130.37495,33.39463],[130.37594,33.39338],[130.37606,33.39244],[130.3765,33.39239],[130.37677,33.39213],[130.37705,33.39114],[130.37753,33.39116],[130.37915,33.39168],[130.37951,33.39138],[130.37927,33.39051],[130.37852,33.39079],[130.37825,33.39059],[130.37862,33.38948],[130.37925,33.38906],[130.37972,33.38855],[130.38048,33.38706],[130.38133,33.38613],[130.38176,33.38586],[130.38237,33.3858],[130.38327,33.38508],[130.38355,33.38543],[130.38426,33.38525],[130.38431,33.38451],[130.38513,33.38423],[130.38545,33.38364],[130.38676,33.38346],[130.38832,33.38296],[130.38862,33.38246],[130.38917,33.38232],[130.38975,33.38245],[130.39005,33.38202],[130.3905,33.38196],[130.39077,33.38143],[130.39,33.38097],[130.39038,33.3805],[130.39114,33.38014],[130.39153,33.37948],[130.39251,33.37876],[130.39263,33.37839],[130.39356,33.37796],[130.39402,33.37749],[130.3942,33.37702],[130.39465,33.3765],[130.39623,33.37542],[130.3969,33.37508],[130.39745,33.37497],[130.39803,33.37514],[130.3983,33.37558],[130.39872,33.37579],[130.39968,33.3758],[130.40023,33.37615],[130.4006,33.37619],[130.4007,33.37692],[130.40162,33.37688],[130.40192,33.37817],[130.40175,33.3793],[130.40062,33.38055],[130.39971,33.38175],[130.39981,33.38241],[130.3994,33.38305],[130.39894,33.38346],[130.39827,33.38462],[130.39805,33.38544],[130.39804,33.38594],[130.39865,33.38704],[130.39926,33.38657],[130.39971,33.38662],[130.39983,33.38585],[130.40036,33.38485],[130.40068,33.38408],[130.40094,33.38285],[130.40115,33.38221],[130.40223,33.38132],[130.40307,33.38104],[130.40497,33.38096],[130.40525,33.37866],[130.40549,33.37773],[130.40582,33.37679],[130.40745,33.37776],[130.40858,33.3776],[130.40847,33.37681],[130.4091,33.37608],[130.41001,33.37605],[130.41115,33.37683],[130.41202,33.3769],[130.41295,33.37637],[130.41259,33.37556],[130.41288,33.37472],[130.41288,33.37419],[130.41213,33.37357],[130.41255,33.37324],[130.41392,33.37354],[130.41439,33.37352],[130.41499,33.37379],[130.41517,33.37271],[130.41541,33.37242],[130.41538,33.37194],[130.41474,33.37161],[130.41481,33.37127],[130.41574,33.37072],[130.41458,33.37021],[130.41365,33.36998],[130.41378,33.36965],[130.41349,33.36926],[130.41297,33.36916],[130.41231,33.36869],[130.4112,33.36857],[130.40943,33.36669],[130.4099,33.36667],[130.4104,33.3664],[130.41116,33.36583],[130.41175,33.36568],[130.41197,33.36498],[130.41297,33.36506],[130.41299,33.3645],[130.41366,33.36457],[130.41361,33.36491],[130.41432,33.36527],[130.41493,33.36522],[130.41518,33.36557],[130.41526,33.36636],[130.41588,33.3663],[130.41715,33.36641],[130.4173,33.36595],[130.4169,33.36479],[130.41715,33.36421],[130.4174,33.36402],[130.41711,33.36323],[130.41644,33.36271],[130.41526,33.36249],[130.41364,33.36191],[130.41419,33.3615],[130.41439,33.3604],[130.4146,33.36017],[130.41649,33.3593],[130.41774,33.3585],[130.41922,33.35805],[130.41991,33.35799],[130.42055,33.3577],[130.42194,33.35742],[130.4225,33.35756],[130.42304,33.35801],[130.42341,33.35906],[130.42283,33.35921],[130.42277,33.35959],[130.42333,33.35998],[130.42327,33.3602],[130.42233,33.36127],[130.42195,33.36157],[130.42139,33.36139],[130.42114,33.36179],[130.42118,33.36225],[130.42067,33.36323],[130.42008,33.36388],[130.41978,33.36487],[130.42011,33.36542],[130.42061,33.36657],[130.42138,33.3666],[130.42184,33.3668],[130.42208,33.36611],[130.42257,33.36601],[130.4227,33.36565],[130.42253,33.36531],[130.42316,33.36421],[130.42327,33.36355],[130.42317,33.36284],[130.42343,33.36161],[130.42371,33.36073],[130.42457,33.36065],[130.4243,33.35987],[130.42448,33.35936],[130.42553,33.35877],[130.42696,33.35833],[130.42819,33.35866],[130.42848,33.35891],[130.42948,33.35901],[130.42977,33.35923],[130.42953,33.35976],[130.42947,33.36038],[130.42962,33.36078],[130.42964,33.36156],[130.43005,33.36212],[130.43012,33.36297],[130.42997,33.36351],[130.42921,33.36442],[130.42894,33.36515],[130.42909,33.36641],[130.429,33.36775],[130.42942,33.36801],[130.43058,33.36824],[130.43275,33.36755],[130.43464,33.36748],[130.43564,33.36728],[130.437,33.36735],[130.43784,33.36763],[130.43736,33.36799],[130.43725,33.36873],[130.43603,33.36873],[130.43567,33.3686],[130.43492,33.36886],[130.43397,33.36901],[130.43321,33.36902],[130.43305,33.36938],[130.4345,33.37053],[130.43378,33.37094],[130.43297,33.37101],[130.43297,33.37187],[130.43313,33.37247],[130.43342,33.37232],[130.43396,33.37286],[130.43433,33.37287],[130.43466,33.37318],[130.43473,33.37359],[130.43357,33.37438],[130.43322,33.37491],[130.43377,33.37517],[130.43379,33.37548],[130.43283,33.37644],[130.43209,33.37802],[130.43146,33.37879],[130.43142,33.37948],[130.43077,33.37945],[130.43051,33.37997],[130.42968,33.3804],[130.42924,33.37992],[130.42858,33.38004],[130.42875,33.38045],[130.4293,33.38091],[130.43008,33.38101],[130.4301,33.38119],[130.4294,33.38173],[130.42941,33.38217],[130.42906,33.38273],[130.42895,33.384],[130.42853,33.38439],[130.42803,33.38523],[130.42806,33.38548],[130.42742,33.38563],[130.42705,33.38675],[130.4266,33.38683],[130.42613,33.38714],[130.42559,33.38813],[130.42508,33.38813],[130.42505,33.38901],[130.42417,33.39086],[130.42446,33.39116],[130.42505,33.3905],[130.42526,33.38999],[130.42556,33.38875],[130.42571,33.38875],[130.42743,33.39019],[130.42872,33.39035],[130.4292,33.39005],[130.43004,33.39013],[130.43035,33.38953],[130.43049,33.38791],[130.43044,33.38584],[130.43075,33.38498],[130.43057,33.38439],[130.43107,33.38355],[130.43101,33.38323],[130.43164,33.3831],[130.43167,33.38284],[130.43124,33.38258],[130.43154,33.38208],[130.43084,33.3816],[130.43104,33.38127],[130.43141,33.38128],[130.43251,33.38103],[130.43528,33.37954],[130.43595,33.37909],[130.43588,33.37816],[130.43647,33.37769],[130.43757,33.37767],[130.43792,33.37797],[130.43843,33.3787],[130.43889,33.37885],[130.44125,33.37891],[130.44211,33.37911],[130.44313,33.37873],[130.44609,33.37796],[130.4472,33.37735],[130.44752,33.37685],[130.44884,33.37606],[130.44958,33.37525],[130.45116,33.37415],[130.45227,33.37262],[130.45289,33.37208],[130.45293,33.37253],[130.45337,33.37283],[130.45314,33.37361],[130.4523,33.37404],[130.45205,33.37436],[130.45221,33.37534],[130.45264,33.3755],[130.45311,33.3753],[130.45451,33.37403],[130.45506,33.3737],[130.45494,33.37328],[130.45521,33.37284],[130.45609,33.37268],[130.45656,33.37192],[130.45686,33.37116],[130.45745,33.37098],[130.45794,33.37106],[130.45835,33.37169],[130.4587,33.37263],[130.45883,33.37371],[130.45851,33.37474],[130.45687,33.37586],[130.45674,33.37603],[130.45586,33.37622],[130.45587,33.37668],[130.45624,33.37708],[130.4569,33.3773],[130.45752,33.37698],[130.45769,33.37658],[130.45858,33.37585],[130.45896,33.37531],[130.45947,33.37524],[130.45942,33.37467],[130.45985,33.3741],[130.4609,33.37423],[130.46161,33.37448],[130.46266,33.37507],[130.46275,33.37528],[130.46382,33.37483],[130.46477,33.37494],[130.46515,33.37519],[130.46624,33.37632],[130.46625,33.37693],[130.4661,33.37753],[130.46745,33.37829],[130.46795,33.37825],[130.46892,33.37763],[130.46975,33.37753],[130.47013,33.37763],[130.46993,33.37823],[130.46795,33.37964],[130.46815,33.37987],[130.46893,33.37994],[130.46895,33.38058],[130.46794,33.38103],[130.46798,33.3816],[130.46879,33.38173],[130.46961,33.38146],[130.47033,33.38185],[130.47182,33.38122],[130.47289,33.3812],[130.47293,33.38161],[130.47262,33.38193],[130.47119,33.3828],[130.47106,33.38337],[130.47142,33.38368],[130.47308,33.38385],[130.47368,33.38448],[130.4738,33.38484],[130.47345,33.38558],[130.47327,33.38661],[130.4733,33.38704],[130.47357,33.38757],[130.47447,33.38827],[130.47432,33.38901],[130.47349,33.38979],[130.47282,33.39077],[130.4724,33.39115],[130.47136,33.39124],[130.47069,33.39107],[130.46861,33.39024],[130.46755,33.39013],[130.46669,33.39018],[130.46583,33.39053],[130.46473,33.39117],[130.46403,33.39122],[130.46363,33.39055],[130.46254,33.39043],[130.46298,33.39107],[130.46355,33.39151],[130.46369,33.39208],[130.46424,33.39279],[130.46434,33.39407],[130.46361,33.39512],[130.46285,33.39596],[130.46259,33.39644],[130.46364,33.39638],[130.46447,33.39605],[130.46515,33.39595],[130.46546,33.39616],[130.46544,33.39736],[130.46496,33.39903],[130.46501,33.40007],[130.46575,33.40073],[130.46533,33.4014],[130.46585,33.40173],[130.46653,33.40157],[130.46713,33.401],[130.46749,33.40012],[130.46859,33.39874],[130.46974,33.39742],[130.47027,33.39728],[130.47031,33.39777],[130.47015,33.3986],[130.47041,33.39956],[130.47005,33.4003],[130.46957,33.40079],[130.46956,33.40138],[130.46975,33.4016],[130.47075,33.40208],[130.47066,33.40254],[130.47027,33.40268],[130.4689,33.40282],[130.46846,33.40293],[130.46754,33.40376],[130.46654,33.40402],[130.46691,33.40493],[130.46689,33.40555],[130.46647,33.4057],[130.46585,33.40561],[130.46491,33.40491],[130.46434,33.40512],[130.46436,33.40534],[130.46565,33.40652],[130.46514,33.40719],[130.46475,33.40714],[130.4638,33.40752],[130.46311,33.40731],[130.46146,33.40693],[130.46142,33.40659],[130.4618,33.40618],[130.4628,33.40573],[130.46298,33.40533],[130.46246,33.40478],[130.46146,33.40487],[130.46105,33.40504],[130.45944,33.40641],[130.45866,33.40716],[130.4581,33.40789],[130.45804,33.40946],[130.45792,33.40994],[130.45757,33.41053],[130.45641,33.4117],[130.45626,33.41219],[130.45626,33.41341],[130.45671,33.41399],[130.45716,33.41414],[130.45873,33.41433],[130.45949,33.41377],[130.45974,33.41344],[130.45968,33.41272],[130.46053,33.41244],[130.46064,33.41202],[130.45954,33.41195],[130.45944,33.41153],[130.45969,33.41128],[130.46065,33.41087],[130.46144,33.41026],[130.46185,33.40982],[130.46258,33.40966],[130.46307,33.4093],[130.46358,33.40869],[130.46563,33.40827],[130.46608,33.40796],[130.46667,33.40733],[130.46754,33.40812],[130.46768,33.40867],[130.46769,33.4107],[130.46758,33.41134],[130.46735,33.41181],[130.46693,33.4121],[130.46392,33.41331],[130.46356,33.41351],[130.46272,33.41465],[130.46219,33.41624],[130.4622,33.4167],[130.46243,33.41747],[130.4628,33.41825],[130.46313,33.41864],[130.46354,33.41954],[130.46354,33.41994],[130.46536,33.42082],[130.46616,33.421],[130.46738,33.42098],[130.46802,33.42124],[130.46797,33.42174],[130.46741,33.42233],[130.46725,33.42281],[130.46729,33.42329],[130.46795,33.42476],[130.46795,33.4253],[130.46752,33.42697],[130.46788,33.42709],[130.46833,33.42669],[130.46866,33.4259],[130.46924,33.4256],[130.47211,33.42577],[130.47286,33.42561],[130.47405,33.4248],[130.47415,33.42559],[130.47367,33.42625],[130.47354,33.42689],[130.473,33.42758],[130.47267,33.42843],[130.4719,33.42907],[130.47147,33.43041],[130.47107,33.43188],[130.47001,33.43277],[130.46972,33.4323],[130.46913,33.43203],[130.46859,33.43238],[130.46724,33.4313],[130.46668,33.43036],[130.46592,33.42988],[130.46506,33.42911],[130.46307,33.42802],[130.46215,33.42795],[130.46141,33.42824],[130.46095,33.42773],[130.45974,33.42695],[130.45925,33.42594],[130.45899,33.4256],[130.45827,33.42541],[130.45801,33.42502],[130.45828,33.42393],[130.45856,33.42329],[130.45858,33.42291],[130.45818,33.42218],[130.45819,33.42072],[130.45826,33.41998],[130.45808,33.41978],[130.4573,33.41952],[130.45605,33.41946],[130.45444,33.4196],[130.4534,33.41984],[130.45251,33.41978],[130.45137,33.41926],[130.45109,33.41897],[130.45054,33.41878],[130.4496,33.41882],[130.44883,33.41907],[130.44768,33.41895],[130.44668,33.41858],[130.44535,33.41767],[130.44441,33.41685],[130.44402,33.4163],[130.44339,33.41614],[130.4429,33.41582],[130.44221,33.41563],[130.44115,33.41422],[130.44139,33.41387],[130.44156,33.41317],[130.44112,33.41223],[130.43979,33.4112],[130.44006,33.41084],[130.44123,33.4102],[130.44119,33.40979],[130.44084,33.4097],[130.4402,33.40891],[130.43939,33.40706],[130.43936,33.40654],[130.43878,33.40565],[130.43821,33.40527],[130.43704,33.40485],[130.43713,33.40428],[130.43753,33.40319],[130.43789,33.40252],[130.4379,33.40194],[130.43835,33.40034],[130.43815,33.40007],[130.43724,33.39953],[130.43659,33.39945],[130.43606,33.39899],[130.43559,33.39878],[130.43427,33.39854],[130.43283,33.39873],[130.43224,33.39861],[130.43155,33.3982],[130.43071,33.39789],[130.43011,33.39736],[130.42925,33.39712],[130.42876,33.39688],[130.42802,33.397],[130.427,33.39779],[130.42572,33.39784],[130.42501,33.398],[130.42451,33.39828],[130.42357,33.39829],[130.42284,33.39847],[130.42188,33.3985],[130.42139,33.39898],[130.42057,33.39942],[130.42016,33.40034],[130.41901,33.40112],[130.4187,33.40108],[130.41788,33.40048],[130.41695,33.40008],[130.41631,33.39936],[130.41542,33.39899],[130.41447,33.39898],[130.41375,33.39834],[130.41365,33.39762],[130.41404,33.39704],[130.41336,33.39601],[130.41304,33.39576],[130.41166,33.39535],[130.41144,33.3951],[130.41097,33.39504],[130.41095,33.39545],[130.41048,33.39608],[130.40951,33.39662],[130.40768,33.3986],[130.40753,33.39934],[130.40761,33.40052],[130.40777,33.40146],[130.4077,33.40206],[130.40742,33.40207],[130.40537,33.40309],[130.40426,33.40354],[130.40324,33.40422],[130.40238,33.40501],[130.40176,33.40546],[130.4009,33.40627],[130.39908,33.40945],[130.39822,33.41054],[130.39763,33.41078],[130.39612,33.41089],[130.39551,33.41076],[130.39432,33.41013],[130.39339,33.41002],[130.39266,33.41012],[130.39209,33.41057],[130.39175,33.41162],[130.39176,33.4124],[130.39229,33.4131],[130.39361,33.41398],[130.39538,33.41529],[130.39683,33.41645],[130.39717,33.41693],[130.39713,33.41797],[130.39749,33.41915],[130.39718,33.4197],[130.39736,33.42025],[130.39717,33.42267],[130.39674,33.42389],[130.39648,33.42395],[130.39431,33.42259],[130.394,33.4225],[130.39375,33.42297],[130.39414,33.42368],[130.39628,33.4247],[130.39657,33.42493],[130.3966,33.42544],[130.39632,33.42601],[130.39591,33.42632],[130.39527,33.42627],[130.39441,33.42554],[130.39333,33.4255],[130.39226,33.42529],[130.39176,33.42535],[130.39049,33.42606],[130.38945,33.4261],[130.38874,33.42633],[130.38739,33.42812],[130.38685,33.42824],[130.38589,33.42803],[130.38408,33.42776],[130.38371,33.42759],[130.38273,33.42655],[130.38149,33.426],[130.38042,33.42574],[130.37955,33.42579],[130.37909,33.42549],[130.37914,33.42455],[130.37842,33.42436],[130.37777,33.42441],[130.37742,33.42356],[130.37706,33.42343],[130.37702,33.42435],[130.37678,33.42455],[130.37641,33.42413],[130.37605,33.42415],[130.37609,33.42475],[130.37631,33.42531],[130.37608,33.42586],[130.37609,33.42773],[130.37539,33.42845],[130.37497,33.42945],[130.37559,33.42993],[130.37528,33.4302],[130.37337,33.43107],[130.37308,33.43089],[130.37245,33.431],[130.37199,33.4316],[130.37182,33.43205],[130.37077,33.4325],[130.37021,33.43249],[130.36962,33.43278],[130.37002,33.43402],[130.36968,33.43456],[130.36924,33.43477],[130.36893,33.43516],[130.36912,33.43573],[130.36852,33.43613],[130.36829,33.43497],[130.36738,33.43411],[130.36671,33.43398],[130.36527,33.43397],[130.36418,33.43436],[130.36349,33.4349],[130.36281,33.43454],[130.36203,33.43451],[130.36064,33.43414],[130.36009,33.4342],[130.35974,33.43378],[130.35891,33.4339],[130.3585,33.43353],[130.35805,33.43361],[130.35745,33.43428],[130.35706,33.43451],[130.35647,33.43435],[130.35638,33.43374],[130.35612,33.43332],[130.35579,33.43324],[130.35503,33.43361],[130.35442,33.43447],[130.35396,33.43535],[130.35349,33.43565],[130.35317,33.43617],[130.35212,33.43679],[130.3521,33.43754],[130.35148,33.43883],[130.35107,33.43914],[130.34995,33.43929],[130.34958,33.4396],[130.34962,33.43994],[130.34903,33.44068],[130.34828,33.44135],[130.34811,33.44188],[130.34751,33.44224],[130.34718,33.44301],[130.34678,33.44363],[130.34595,33.44418],[130.34543,33.44502],[130.34481,33.44458],[130.3442,33.44443],[130.34316,33.4445],[130.34262,33.44484],[130.34194,33.44493],[130.3415,33.44537],[130.34089,33.44531],[130.34043,33.44471],[130.33975,33.44461],[130.33849,33.44468],[130.33817,33.44492],[130.33711,33.44517],[130.33637,33.44523],[130.33651,33.44638],[130.33608,33.44697],[130.33618,33.4478],[130.33593,33.44839],[130.33531,33.44901],[130.33532,33.4497],[130.335,33.45037],[130.33438,33.45074],[130.33197,33.45127],[130.33131,33.45157],[130.33094,33.45199],[130.33001,33.45265],[130.32929,33.45298],[130.32898,33.45328],[130.32822,33.45366],[130.32744,33.45429],[130.32647,33.45469],[130.32606,33.45509],[130.32548,33.45527],[130.32476,33.45532],[130.32312,33.45596],[130.32229,33.45674],[130.32154,33.45801],[130.32123,33.45826],[130.32042,33.4584],[130.31966,33.45873],[130.31726,33.45862],[130.31641,33.4587],[130.31575,33.45851],[130.31487,33.45844],[130.31431,33.45806],[130.31378,33.4581],[130.31362,33.45911],[130.31325,33.45939],[130.3133,33.46036],[130.31276,33.46119],[130.31166,33.46132],[130.31112,33.46198],[130.31023,33.4621],[130.30927,33.46239],[130.30788,33.46239],[130.30724,33.46278],[130.30646,33.463],[130.30612,33.46332],[130.30567,33.46314],[130.30497,33.46227],[130.30398,33.46188],[130.30326,33.4613],[130.30225,33.46126],[130.30174,33.46202],[130.30146,33.46217],[130.30004,33.46218],[130.29838,33.46239],[130.2979,33.46261],[130.29683,33.4629],[130.29588,33.46355],[130.29517,33.46535],[130.29432,33.46567],[130.2937,33.46621],[130.29299,33.46645],[130.29268,33.46669],[130.29213,33.46777],[130.29155,33.46865],[130.29119,33.46942],[130.29045,33.46966],[130.28945,33.46954],[130.28825,33.46961],[130.2879,33.47004],[130.28712,33.47041],[130.28671,33.47078],[130.2862,33.47155],[130.2855,33.47193],[130.28463,33.47215],[130.28378,33.4727],[130.28293,33.47372],[130.28205,33.47451],[130.28168,33.4745],[130.28106,33.47493],[130.28078,33.47445],[130.28079,33.47291],[130.27881,33.47125],[130.27859,33.47207],[130.27848,33.47369],[130.27857,33.47431],[130.27893,33.47519],[130.27894,33.47602],[130.27844,33.47628],[130.27859,33.47691],[130.27812,33.47739],[130.27786,33.47792],[130.27671,33.47888],[130.27524,33.4796],[130.27449,33.47971],[130.27287,33.47955],[130.27211,33.47935],[130.27153,33.47958],[130.27112,33.47993],[130.27048,33.47959],[130.26932,33.47943],[130.26828,33.47898],[130.26795,33.47865],[130.26732,33.47867],[130.26674,33.47849],[130.2661,33.47791],[130.26528,33.4779],[130.26477,33.47775],[130.26456,33.47743],[130.26355,33.47771],[130.26287,33.47802],[130.2625,33.47792],[130.26219,33.47756],[130.26144,33.47724],[130.26061,33.47675],[130.26002,33.47672],[130.25859,33.47641],[130.25767,33.47615],[130.25703,33.47535],[130.25721,33.4746],[130.25779,33.47395],[130.25967,33.47226],[130.26005,33.4718],[130.25972,33.47142],[130.25706,33.47147],[130.25686,33.47156],[130.2562,33.47113],[130.25552,33.47112],[130.25521,33.47273],[130.25484,33.47359],[130.25423,33.47298],[130.25371,33.47221],[130.25294,33.47166],[130.25237,33.47096],[130.25197,33.47083],[130.25082,33.4708],[130.25001,33.47051],[130.24854,33.47088],[130.24769,33.4707],[130.24641,33.47146],[130.24577,33.47244],[130.24538,33.47346],[130.2442,33.47441],[130.24316,33.47445],[130.24271,33.4748],[130.24166,33.47481],[130.23996,33.47433],[130.2389,33.47428],[130.23823,33.47403],[130.23761,33.47439],[130.23759,33.47477],[130.23781,33.4753],[130.23767,33.47584],[130.23779,33.47607],[130.23738,33.4764],[130.23709,33.47716],[130.23648,33.47778],[130.23553,33.47816],[130.23452,33.47808],[130.23373,33.47837],[130.23343,33.47887],[130.23189,33.47837],[130.23055,33.47849],[130.22991,33.4783],[130.22915,33.47781],[130.22726,33.47679],[130.2268,33.4767],[130.22574,33.47698],[130.22508,33.47565],[130.22464,33.4751],[130.22439,33.47439],[130.22397,33.47472],[130.22326,33.47458],[130.22305,33.47474],[130.22338,33.47547],[130.22267,33.47573],[130.22242,33.47618],[130.22193,33.47604],[130.22167,33.4764],[130.22124,33.47643],[130.22059,33.47609],[130.22005,33.4756],[130.21893,33.47542],[130.21795,33.47482],[130.21749,33.47484],[130.21676,33.47441],[130.21634,33.47399],[130.2161,33.47323],[130.21578,33.47305],[130.21509,33.4736],[130.21539,33.47446],[130.21651,33.47492],[130.21652,33.47547],[130.21624,33.47574],[130.21635,33.47629],[130.2176,33.47662],[130.21762,33.47703],[130.21714,33.47758],[130.21731,33.47801],[130.21674,33.4784],[130.21532,33.47879],[130.21554,33.47924],[130.21608,33.47927],[130.2162,33.47985],[130.21519,33.47971],[130.21465,33.47975],[130.21349,33.48038],[130.21278,33.48068],[130.21107,33.48079],[130.21016,33.48075],[130.20976,33.48096],[130.20928,33.48085],[130.20852,33.48108],[130.20559,33.4814],[130.20452,33.48128],[130.20408,33.48143]],[[130.21384,33.47625],[130.21379,33.47671],[130.21315,33.47769],[130.21362,33.47796],[130.21451,33.47784],[130.21572,33.47695],[130.21612,33.47648],[130.21608,33.47593],[130.21548,33.47553],[130.21428,33.47518],[130.21385,33.47539],[130.21384,33.47625]],[[130.2139,33.47213],[130.21342,33.47232],[130.21308,33.47287],[130.21441,33.47384],[130.21509,33.47369],[130.21494,33.47297],[130.21446,33.47236],[130.21436,33.47202],[130.2139,33.47213]],[[130.21672,33.46623],[130.21655,33.46651],[130.21636,33.46751],[130.21675,33.46761],[130.21709,33.46731],[130.21767,33.46736],[130.21784,33.46669],[130.21757,33.4661],[130.21672,33.46623]],[[130.22753,33.46432],[130.22767,33.4655],[130.22838,33.46562],[130.22962,33.46537],[130.23143,33.46527],[130.23262,33.46497],[130.23403,33.46497],[130.23449,33.46508],[130.23511,33.4656],[130.2363,33.46475],[130.23768,33.46464],[130.23725,33.46407],[130.23621,33.46359],[130.23573,33.46363],[130.23508,33.46393],[130.23438,33.464],[130.23401,33.4638],[130.23286,33.464],[130.23175,33.4638],[130.23066,33.46415],[130.23008,33.46366],[130.22972,33.46363],[130.22989,33.46426],[130.22976,33.46449],[130.22914,33.46458],[130.22776,33.46417],[130.22753,33.46432]],[[130.26767,33.46491],[130.26771,33.46542],[130.26813,33.46552],[130.26925,33.46458],[130.26784,33.46445],[130.26767,33.46491]],[[130.23651,33.4636],[130.23707,33.46383],[130.23762,33.46316],[130.23845,33.46343],[130.23886,33.46325],[130.24,33.46306],[130.24104,33.46312],[130.24248,33.46384],[130.24253,33.46283],[130.24236,33.46232],[130.24151,33.46132],[130.24033,33.45951],[130.23909,33.45931],[130.2387,33.4591],[130.2379,33.45765],[130.23695,33.45684],[130.23652,33.45659],[130.23651,33.456],[130.23598,33.45603],[130.23482,33.45789],[130.23491,33.45875],[130.23519,33.45924],[130.23574,33.45971],[130.236,33.46056],[130.23635,33.46095],[130.2369,33.46124],[130.23725,33.46171],[130.23729,33.46246],[130.23668,33.46253],[130.23647,33.46293],[130.23651,33.4636]],[[130.30278,33.4542],[130.30235,33.45484],[130.30267,33.45509],[130.3033,33.45461],[130.30358,33.4539],[130.30399,33.45323],[130.3046,33.45256],[130.30514,33.45179],[130.30541,33.45161],[130.30539,33.45104],[130.30497,33.45109],[130.30434,33.4515],[130.30377,33.45228],[130.30323,33.4536],[130.30278,33.4542]],[[130.39533,33.38917],[130.39602,33.38949],[130.39626,33.39008],[130.39668,33.38997],[130.39697,33.38947],[130.39716,33.38879],[130.39758,33.38814],[130.3966,33.38833],[130.39636,33.38891],[130.39564,33.38877],[130.39533,33.38917]],[[130.39714,33.38248],[130.39739,33.38293],[130.39783,33.38166],[130.39777,33.38129],[130.39799,33.38036],[130.39847,33.37995],[130.39943,33.37995],[130.3996,33.37958],[130.3986,33.37947],[130.39809,33.37956],[130.39769,33.37993],[130.39708,33.38023],[130.39707,33.38117],[130.39657,33.38153],[130.3961,33.38167],[130.39622,33.38207],[130.39698,33.38161],[130.39738,33.3817],[130.39714,33.38248]],[[130.4231,33.38123],[130.42265,33.38156],[130.42242,33.38205],[130.42223,33.3831],[130.42236,33.38375],[130.42289,33.38392],[130.42298,33.38345],[130.4233,33.38312],[130.42444,33.38278],[130.42489,33.38222],[130.42463,33.38166],[130.42488,33.3815],[130.42612,33.37999],[130.42546,33.3798],[130.42424,33.3803],[130.42374,33.37967],[130.42331,33.38006],[130.4227,33.38011],[130.4218,33.38037],[130.42179,33.38092],[130.4223,33.38112],[130.42248,33.38081],[130.42304,33.38065],[130.42349,33.3809],[130.42352,33.38119],[130.42405,33.38184],[130.42337,33.38255],[130.42338,33.38173],[130.4231,33.38123]]]},"properties":{"hoanrinKind":"保安林"}}
]}