{"type":"FeatureCollection", "features": [
{"type":"Feature","geometry":{"type":"Polygon","coordinates":[[[130.24303,32.28305],[130.2444,32.28221],[130.24358,32.28123],[130.24372,32.27983],[130.24538,32.28004],[130.24516,32.28115],[130.24392,32.28299],[130.24303,32.28305]]]},"properties":{"hoanrinKind":"保安林"}},
{"type":"Feature","geometry":{"type":"Polygon","coordinates":[[[130.24096,32.27199],[130.24244,32.27204],[130.24167,32.27276],[130.24096,32.27199]]]},"properties":{"hoanrinKind":"保安林"}},
{"type":"Feature","geometry":{"type":"Polygon","coordinates":[[[130.23698,32.2703],[130.23862,32.26937],[130.23984,32.26942],[130.23985,32.27161],[130.23698,32.2703]]]},"properties":{"hoanrinKind":"保安林"}},
{"type":"Feature","geometry":{"type":"Polygon","coordinates":[[[130.23291,32.26837],[130.23381,32.2675],[130.23449,32.26862],[130.23386,32.26915],[130.23291,32.26837]]]},"properties":{"hoanrinKind":"保安林"}},
{"type":"Feature","geometry":{"type":"Polygon","coordinates":[[[130.22866,32.26775],[130.22982,32.26714],[130.2299,32.26842],[130.22866,32.26775]]]},"properties":{"hoanrinKind":"保安林"}},
{"type":"Feature","geometry":{"type":"Polygon","coordinates":[[[130.22799,32.26396],[130.22892,32.26329],[130.23017,32.26416],[130.22941,32.26525],[130.22834,32.26523],[130.22799,32.26396]]]},"properties":{"hoanrinKind":"保安林"}},
{"type":"Feature","geometry":{"type":"Polygon","coordinates":[[[130.18061,32.24035],[130.1822,32.23993],[130.18356,32.24143],[130.18521,32.24169],[130.1865,32.24323],[130.18534,32.24429],[130.18439,32.24415],[130.18355,32.24315],[130.18222,32.24298],[130.18061,32.24035]]]},"properties":{"hoanrinKind":"保安林"}},
{"type":"Feature","geometry":{"type":"Polygon","coordinates":[[[130.18458,32.2102],[130.185,32.21019],[130.1849,32.21043],[130.18458,32.2102]]]},"properties":{"hoanrinKind":"保安林"}},
{"type":"Feature","geometry":{"type":"Polygon","coordinates":[[[130.16165,32.17689],[130.16234,32.17589],[130.16198,32.17456],[130.16247,32.17299],[130.16344,32.17199],[130.16211,32.1709],[130.16377,32.17019],[130.16523,32.16788],[130.16708,32.16661],[130.16817,32.16636],[130.16933,32.16693],[130.1734,32.16801],[130.1758,32.16971],[130.17633,32.17129],[130.17567,32.17278],[130.1749,32.17318],[130.17119,32.17249],[130.17053,32.17026],[130.16759,32.16975],[130.16704,32.16904],[130.16535,32.17014],[130.16758,32.17158],[130.16902,32.17194],[130.16896,32.17333],[130.16983,32.17433],[130.17111,32.17435],[130.17252,32.17506],[130.17247,32.17627],[130.17351,32.17713],[130.17537,32.17688],[130.17492,32.17836],[130.17353,32.1792],[130.17249,32.17886],[130.16934,32.17891],[130.16822,32.1766],[130.16616,32.1768],[130.16567,32.17833],[130.16201,32.17822],[130.16165,32.17689]]]},"properties":{"hoanrinKind":"保安林"}},
{"type":"Feature","geometry":{"type":"Polygon","coordinates":[[[130.14683,32.17411],[130.14967,32.1707],[130.15176,32.17016],[130.15362,32.17189],[130.15349,32.17256],[130.15147,32.17202],[130.14976,32.17348],[130.14783,32.17591],[130.14684,32.17537],[130.14683,32.17411]]]},"properties":{"hoanrinKind":"保安林"}},
{"type":"Feature","geometry":{"type":"Polygon","coordinates":[[[130.13468,32.17276],[130.13728,32.17193],[130.13861,32.17088],[130.13787,32.16939],[130.13887,32.16754],[130.14032,32.16722],[130.14305,32.16601],[130.1437,32.16712],[130.14206,32.16811],[130.14202,32.16922],[130.1466,32.16747],[130.14984,32.16749],[130.14881,32.16935],[130.14598,32.17024],[130.14276,32.17172],[130.1414,32.17102],[130.13963,32.17161],[130.13969,32.17236],[130.13804,32.17288],[130.1361,32.17419],[130.13485,32.17392],[130.13468,32.17276]]]},"properties":{"hoanrinKind":"保安林"}},
{"type":"Feature","geometry":{"type":"Polygon","coordinates":[[[130.15426,32.17159],[130.15508,32.17078],[130.15477,32.17035],[130.15547,32.17021],[130.15529,32.17097],[130.15491,32.17139],[130.15426,32.17159]]]},"properties":{"hoanrinKind":"保安林"}},
{"type":"Feature","geometry":{"type":"Polygon","coordinates":[[[130.15462,32.16897],[130.15638,32.16774],[130.15866,32.16797],[130.15905,32.16954],[130.1578,32.16959],[130.15618,32.16843],[130.15462,32.16897]]]},"properties":{"hoanrinKind":"保安林"}},
{"type":"Feature","geometry":{"type":"Polygon","coordinates":[[[130.13821,32.16053],[130.1387,32.15996],[130.14099,32.15919],[130.14035,32.15752],[130.14488,32.1563],[130.14752,32.15494],[130.14884,32.15469],[130.15096,32.15491],[130.15305,32.15663],[130.15218,32.15748],[130.14946,32.15739],[130.14939,32.15868],[130.15005,32.16002],[130.14975,32.16075],[130.15085,32.16267],[130.14982,32.16362],[130.14733,32.16442],[130.14615,32.1629],[130.14367,32.16336],[130.14258,32.16539],[130.14074,32.16547],[130.14013,32.16402],[130.14158,32.16355],[130.14142,32.16232],[130.14206,32.16136],[130.13997,32.16054],[130.13821,32.16053]]]},"properties":{"hoanrinKind":"保安林"}},
{"type":"Feature","geometry":{"type":"Polygon","coordinates":[[[130.15044,32.16071],[130.15262,32.15977],[130.15306,32.15881],[130.15463,32.158],[130.15511,32.15604],[130.15289,32.15606],[130.1529,32.15401],[130.155,32.15241],[130.15536,32.15313],[130.15669,32.15328],[130.15729,32.15495],[130.15982,32.15721],[130.16049,32.15821],[130.16296,32.15778],[130.16298,32.16047],[130.16205,32.16166],[130.15991,32.16193],[130.15673,32.16181],[130.15582,32.16232],[130.15416,32.16229],[130.15415,32.16462],[130.15291,32.16498],[130.15214,32.16446],[130.15286,32.16257],[130.15057,32.16121],[130.15044,32.16071]]]},"properties":{"hoanrinKind":"保安林"}},
{"type":"Feature","geometry":{"type":"Polygon","coordinates":[[[130.13536,32.15506],[130.13715,32.154],[130.13655,32.15296],[130.1389,32.1509],[130.14041,32.15079],[130.14061,32.14996],[130.13991,32.1483],[130.14144,32.14731],[130.13791,32.14629],[130.13835,32.14521],[130.13982,32.14387],[130.13839,32.14125],[130.13868,32.14066],[130.14083,32.14005],[130.14267,32.13893],[130.14491,32.13846],[130.144,32.13775],[130.14333,32.13495],[130.13992,32.13423],[130.13909,32.13286],[130.13912,32.13068],[130.1404,32.12971],[130.14109,32.13062],[130.14258,32.13127],[130.14395,32.13026],[130.14381,32.1293],[130.14485,32.1287],[130.14603,32.12929],[130.14705,32.12721],[130.14815,32.12823],[130.14791,32.1302],[130.14874,32.13157],[130.15044,32.13297],[130.15103,32.13396],[130.15065,32.13494],[130.15276,32.13615],[130.15154,32.1366],[130.15185,32.13774],[130.15294,32.13837],[130.15438,32.14069],[130.15306,32.14263],[130.15061,32.14302],[130.15014,32.14122],[130.14708,32.14239],[130.14625,32.14368],[130.14727,32.14654],[130.14737,32.14878],[130.14919,32.14942],[130.15134,32.15073],[130.15238,32.1502],[130.15383,32.15168],[130.15368,32.15241],[130.15088,32.15466],[130.14743,32.15416],[130.14142,32.15678],[130.13739,32.15779],[130.13681,32.15582],[130.13536,32.15506]]]},"properties":{"hoanrinKind":"保安林"}},
{"type":"Feature","geometry":{"type":"Polygon","coordinates":[[[130.15509,32.14587],[130.15642,32.14437],[130.15819,32.14701],[130.15909,32.14714],[130.15967,32.1474],[130.15932,32.14659],[130.15969,32.14433],[130.1611,32.14449],[130.16263,32.14577],[130.16272,32.14875],[130.1598,32.14928],[130.15767,32.15331],[130.15653,32.151],[130.15635,32.149],[130.15563,32.14805],[130.15509,32.14587]]]},"properties":{"hoanrinKind":"保安林"}},
{"type":"Feature","geometry":{"type":"Polygon","coordinates":[[[130.15822,32.14578],[130.1586,32.14591],[130.15918,32.14694],[130.15861,32.1468],[130.15817,32.14625],[130.15822,32.14578]]]},"properties":{"hoanrinKind":"保安林"}},
{"type":"Feature","geometry":{"type":"Polygon","coordinates":[[[130.12955,32.13827],[130.13033,32.13647],[130.13227,32.13636],[130.13457,32.13795],[130.13547,32.13894],[130.13377,32.13973],[130.13263,32.13922],[130.13064,32.13955],[130.12955,32.13827]]]},"properties":{"hoanrinKind":"保安林"}},
{"type":"Feature","geometry":{"type":"Polygon","coordinates":[[[130.58887,32.12721],[130.58955,32.12779],[130.58943,32.12861],[130.5902,32.1289],[130.59104,32.12855],[130.59122,32.12913],[130.59017,32.12909],[130.58923,32.12856],[130.58887,32.12721]]]},"properties":{"hoanrinKind":"保安林"}},
{"type":"Feature","geometry":{"type":"Polygon","coordinates":[[[130.13214,32.13193],[130.13225,32.13068],[130.13336,32.12746],[130.13457,32.12736],[130.13685,32.13074],[130.13666,32.13229],[130.13765,32.13318],[130.13729,32.13385],[130.13567,32.13355],[130.13486,32.13403],[130.13278,32.13347],[130.13214,32.13193]]]},"properties":{"hoanrinKind":"保安林"}},
{"type":"Feature","geometry":{"type":"Polygon","coordinates":[[[130.57595,32.12384],[130.5773,32.12483],[130.57988,32.12567],[130.57921,32.12604],[130.57646,32.12463],[130.57595,32.12384]]]},"properties":{"hoanrinKind":"保安林"}},
{"type":"Feature","geometry":{"type":"Polygon","coordinates":[[[130.5737,32.12093],[130.57443,32.12177],[130.57411,32.12187],[130.5737,32.12093]]]},"properties":{"hoanrinKind":"保安林"}},
{"type":"Feature","geometry":{"type":"Polygon","coordinates":[[[130.12607,32.12359],[130.1291,32.12507],[130.12937,32.12712],[130.12851,32.12751],[130.12637,32.12519],[130.12607,32.12359]]]},"properties":{"hoanrinKind":"保安林"}},
{"type":"Feature","geometry":{"type":"Polygon","coordinates":[[[130.37524,32.11429],[130.37737,32.11412],[130.38039,32.1147],[130.38136,32.11531],[130.38431,32.11573],[130.38645,32.1163],[130.3878,32.11758],[130.38523,32.1184],[130.38466,32.1179],[130.38112,32.117],[130.37976,32.1163],[130.37749,32.11601],[130.37572,32.11545],[130.37524,32.11429]]]},"properties":{"hoanrinKind":"保安林"}},
{"type":"Feature","geometry":{"type":"Polygon","coordinates":[[[130.15406,32.09964],[130.15468,32.09956],[130.15628,32.10079],[130.15648,32.10178],[130.15828,32.1027],[130.15974,32.10262],[130.16014,32.10392],[130.16171,32.10457],[130.16311,32.10794],[130.16212,32.10863],[130.16209,32.10978],[130.16593,32.10987],[130.1664,32.11134],[130.16438,32.11216],[130.16374,32.11163],[130.16188,32.11187],[130.16154,32.1125],[130.16416,32.11403],[130.16415,32.11508],[130.16678,32.11518],[130.16519,32.1177],[130.16268,32.11617],[130.16174,32.11661],[130.16118,32.11541],[130.15971,32.11608],[130.15903,32.11564],[130.15914,32.11373],[130.15806,32.11351],[130.15844,32.11232],[130.1578,32.11023],[130.1591,32.10898],[130.15804,32.10845],[130.15753,32.10955],[130.15556,32.10599],[130.15699,32.10505],[130.15505,32.10303],[130.15406,32.09964]]]},"properties":{"hoanrinKind":"保安林"}},
{"type":"Feature","geometry":{"type":"Polygon","coordinates":[[[130.25587,32.11566],[130.25601,32.1152],[130.25687,32.11499],[130.25671,32.11556],[130.25587,32.11566]]]},"properties":{"hoanrinKind":"保安林"}},
{"type":"Feature","geometry":{"type":"Polygon","coordinates":[[[130.20857,32.11563],[130.2091,32.11531],[130.21028,32.11389],[130.2104,32.11474],[130.20917,32.11593],[130.20857,32.11563]]]},"properties":{"hoanrinKind":"保安林"}},
{"type":"Feature","geometry":{"type":"Polygon","coordinates":[[[130.22408,32.10594],[130.22516,32.10443],[130.22608,32.10462],[130.22816,32.10677],[130.22873,32.10841],[130.23026,32.10979],[130.23068,32.11152],[130.23064,32.11371],[130.22639,32.11302],[130.22575,32.11259],[130.22512,32.10999],[130.22504,32.10843],[130.22561,32.10791],[130.22408,32.10594]]]},"properties":{"hoanrinKind":"保安林"}},
{"type":"Feature","geometry":{"type":"Polygon","coordinates":[[[130.46108,32.11004],[130.463,32.10852],[130.4649,32.10967],[130.46507,32.11051],[130.46362,32.11134],[130.46199,32.10965],[130.46108,32.11004]]]},"properties":{"hoanrinKind":"保安林"}},
{"type":"Feature","geometry":{"type":"Polygon","coordinates":[[[130.4482,32.10975],[130.44971,32.10795],[130.45356,32.10793],[130.45447,32.10855],[130.45409,32.10939],[130.45087,32.10971],[130.44989,32.11052],[130.4482,32.10975]]]},"properties":{"hoanrinKind":"保安林"}},
{"type":"Feature","geometry":{"type":"Polygon","coordinates":[[[130.1933,32.11002],[130.1942,32.10865],[130.19441,32.11004],[130.1933,32.11002]]]},"properties":{"hoanrinKind":"保安林"}},
{"type":"Feature","geometry":{"type":"Polygon","coordinates":[[[130.44694,32.10485],[130.4495,32.10362],[130.45038,32.10416],[130.44918,32.10525],[130.44747,32.10596],[130.44694,32.10485]]]},"properties":{"hoanrinKind":"保安林"}},
{"type":"Feature","geometry":{"type":"Polygon","coordinates":[[[130.24317,32.10718],[130.24389,32.1072],[130.24409,32.10759],[130.24321,32.1076],[130.24317,32.10718]]]},"properties":{"hoanrinKind":"保安林"}},
{"type":"Feature","geometry":{"type":"Polygon","coordinates":[[[130.48397,32.10481],[130.48477,32.10494],[130.4843,32.10519],[130.48397,32.10481]]]},"properties":{"hoanrinKind":"保安林"}},
{"type":"Feature","geometry":{"type":"Polygon","coordinates":[[[130.44852,32.10096],[130.44919,32.10048],[130.4513,32.10043],[130.45086,32.10282],[130.44937,32.10246],[130.44852,32.10096]]]},"properties":{"hoanrinKind":"保安林"}},
{"type":"Feature","geometry":{"type":"Polygon","coordinates":[[[130.60751,32.09956],[130.61021,32.09978],[130.60934,32.10064],[130.60798,32.10041],[130.60751,32.09956]]]},"properties":{"hoanrinKind":"保安林"}},
{"type":"Feature","geometry":{"type":"Polygon","coordinates":[[[130.21595,32.10141],[130.21695,32.1024],[130.21708,32.10352],[130.21646,32.10368],[130.21589,32.10241],[130.21595,32.10141]]]},"properties":{"hoanrinKind":"保安林"}},
{"type":"Feature","geometry":{"type":"Polygon","coordinates":[[[130.46042,32.09958],[130.46071,32.09944],[130.46077,32.09982],[130.46042,32.09958]]]},"properties":{"hoanrinKind":"保安林"}},
{"type":"Feature","geometry":{"type":"Polygon","coordinates":[[[130.42774,32.09499],[130.42965,32.09181],[130.43153,32.09149],[130.43223,32.09225],[130.43062,32.09336],[130.42895,32.09625],[130.42774,32.09499]]]},"properties":{"hoanrinKind":"保安林"}},
{"type":"Feature","geometry":{"type":"Polygon","coordinates":[[[130.46757,32.09127],[130.46833,32.09142],[130.46821,32.09175],[130.46738,32.0916],[130.46757,32.09127]]]},"properties":{"hoanrinKind":"保安林"}},
{"type":"Feature","geometry":{"type":"Polygon","coordinates":[[[130.42322,32.08787],[130.42547,32.08754],[130.42779,32.08592],[130.43148,32.08623],[130.43218,32.08764],[130.4341,32.08691],[130.43457,32.08592],[130.43381,32.08503],[130.43271,32.08578],[130.43068,32.08548],[130.42931,32.08458],[130.42791,32.08455],[130.42731,32.08366],[130.42738,32.08184],[130.42932,32.0812],[130.43105,32.07991],[130.43266,32.08028],[130.43085,32.08243],[130.43263,32.08248],[130.43348,32.0816],[130.43465,32.07938],[130.4368,32.08091],[130.43678,32.08249],[130.43878,32.08231],[130.43884,32.08379],[130.43996,32.08454],[130.43894,32.08599],[130.43902,32.08693],[130.43586,32.08843],[130.43407,32.08885],[130.43272,32.08993],[130.43054,32.09042],[130.42664,32.08978],[130.42416,32.08888],[130.42322,32.08787]]]},"properties":{"hoanrinKind":"保安林"}},
{"type":"Feature","geometry":{"type":"Polygon","coordinates":[[[130.45203,32.08743],[130.45311,32.08668],[130.45215,32.08497],[130.45328,32.08459],[130.45588,32.08714],[130.45313,32.08874],[130.45203,32.08743]]]},"properties":{"hoanrinKind":"保安林"}},
{"type":"Feature","geometry":{"type":"Polygon","coordinates":[[[130.38531,32.08748],[130.38613,32.08654],[130.38687,32.08858],[130.38581,32.0888],[130.38531,32.08748]]]},"properties":{"hoanrinKind":"保安林"}},
{"type":"Feature","geometry":{"type":"Polygon","coordinates":[[[130.46368,32.08663],[130.46475,32.08613],[130.46478,32.08705],[130.46368,32.08663]]]},"properties":{"hoanrinKind":"保安林"}},
{"type":"Feature","geometry":{"type":"Polygon","coordinates":[[[130.62909,32.08347],[130.63244,32.08303],[130.6316,32.0843],[130.63072,32.08453],[130.62909,32.08347]]]},"properties":{"hoanrinKind":"保安林"}},
{"type":"Feature","geometry":{"type":"Polygon","coordinates":[[[130.46295,32.08494],[130.46423,32.08555],[130.46366,32.08616],[130.46295,32.08494]]]},"properties":{"hoanrinKind":"保安林"}},
{"type":"Feature","geometry":{"type":"Polygon","coordinates":[[[130.46127,32.08511],[130.46181,32.08506],[130.46233,32.08582],[130.46192,32.08609],[130.46097,32.08549],[130.46127,32.08511]]]},"properties":{"hoanrinKind":"保安林"}},
{"type":"Feature","geometry":{"type":"Polygon","coordinates":[[[130.4578,32.08333],[130.458,32.08311],[130.45844,32.08334],[130.45812,32.08363],[130.4578,32.08333]]]},"properties":{"hoanrinKind":"保安林"}},
{"type":"Feature","geometry":{"type":"Polygon","coordinates":[[[130.45722,32.08292],[130.45791,32.08232],[130.45843,32.08268],[130.45762,32.08306],[130.45722,32.08292]]]},"properties":{"hoanrinKind":"保安林"}},
{"type":"Feature","geometry":{"type":"Polygon","coordinates":[[[130.45266,32.08181],[130.4564,32.08052],[130.45633,32.08209],[130.45468,32.08236],[130.45266,32.08181]]]},"properties":{"hoanrinKind":"保安林"}},
{"type":"Feature","geometry":{"type":"Polygon","coordinates":[[[130.53084,32.07598],[130.53212,32.07511],[130.532,32.07379],[130.53364,32.07181],[130.53584,32.07267],[130.53867,32.07186],[130.53779,32.07406],[130.5362,32.07557],[130.54014,32.07923],[130.53873,32.08099],[130.53718,32.08114],[130.53488,32.08055],[130.53477,32.07994],[130.53819,32.08035],[130.53903,32.08004],[130.53836,32.07837],[130.53707,32.07935],[130.53498,32.07916],[130.5327,32.0768],[130.53084,32.07598]]]},"properties":{"hoanrinKind":"保安林"}},
{"type":"Feature","geometry":{"type":"Polygon","coordinates":[[[130.63376,32.07883],[130.63472,32.07873],[130.63609,32.07954],[130.63549,32.07999],[130.63376,32.07883]]]},"properties":{"hoanrinKind":"保安林"}},
{"type":"Feature","geometry":{"type":"Polygon","coordinates":[[[130.41683,32.07506],[130.41843,32.0742],[130.41951,32.07465],[130.41974,32.07672],[130.42149,32.07566],[130.42249,32.07597],[130.42079,32.08024],[130.42,32.08154],[130.41843,32.08083],[130.42012,32.07842],[130.41764,32.07693],[130.41683,32.07506]]]},"properties":{"hoanrinKind":"保安林"}},
{"type":"Feature","geometry":{"type":"Polygon","coordinates":[[[130.45276,32.07975],[130.45468,32.07927],[130.45525,32.08016],[130.45411,32.08117],[130.45276,32.07975]]]},"properties":{"hoanrinKind":"保安林"}},
{"type":"Feature","geometry":{"type":"Polygon","coordinates":[[[130.44519,32.0788],[130.44634,32.07662],[130.44731,32.07672],[130.44824,32.07793],[130.44823,32.07989],[130.44747,32.08104],[130.44576,32.08058],[130.44519,32.0788]]]},"properties":{"hoanrinKind":"保安林"}},
{"type":"Feature","geometry":{"type":"Polygon","coordinates":[[[130.31366,32.08186],[130.314,32.08165],[130.31459,32.08185],[130.31407,32.08227],[130.31366,32.08186]]]},"properties":{"hoanrinKind":"保安林"}},
{"type":"Feature","geometry":{"type":"Polygon","coordinates":[[[130.64805,32.07481],[130.64987,32.07493],[130.65167,32.07579],[130.65233,32.07715],[130.64947,32.07685],[130.64805,32.07481]]]},"properties":{"hoanrinKind":"保安林"}},
{"type":"Feature","geometry":{"type":"Polygon","coordinates":[[[130.63819,32.07428],[130.639,32.07394],[130.64028,32.07523],[130.64028,32.07648],[130.63819,32.07428]]]},"properties":{"hoanrinKind":"保安林"}},
{"type":"Feature","geometry":{"type":"Polygon","coordinates":[[[130.39255,32.07535],[130.39376,32.07553],[130.39403,32.07699],[130.3928,32.07672],[130.39255,32.07535]]]},"properties":{"hoanrinKind":"保安林"}},
{"type":"Feature","geometry":{"type":"Polygon","coordinates":[[[130.61012,32.07511],[130.61095,32.07527],[130.61046,32.07567],[130.61012,32.07511]]]},"properties":{"hoanrinKind":"保安林"}},
{"type":"Feature","geometry":{"type":"Polygon","coordinates":[[[130.59049,32.07372],[130.59143,32.07395],[130.59208,32.07484],[130.59215,32.07562],[130.5917,32.07573],[130.59152,32.07486],[130.59108,32.07414],[130.59049,32.07372]]]},"properties":{"hoanrinKind":"保安林"}},
{"type":"Feature","geometry":{"type":"Polygon","coordinates":[[[130.40229,32.07564],[130.40389,32.07619],[130.4026,32.07727],[130.40229,32.07564]]]},"properties":{"hoanrinKind":"保安林"}},
{"type":"Feature","geometry":{"type":"Polygon","coordinates":[[[130.61239,32.07232],[130.61405,32.07249],[130.61482,32.07332],[130.61406,32.07441],[130.61239,32.07232]]]},"properties":{"hoanrinKind":"保安林"}},
{"type":"Feature","geometry":{"type":"Polygon","coordinates":[[[130.39604,32.07472],[130.39902,32.07492],[130.40032,32.07388],[130.40217,32.07485],[130.39884,32.07586],[130.39604,32.07472]]]},"properties":{"hoanrinKind":"保安林"}},
{"type":"Feature","geometry":{"type":"Polygon","coordinates":[[[130.61068,32.07265],[130.61164,32.07249],[130.61134,32.073],[130.61068,32.07265]]]},"properties":{"hoanrinKind":"保安林"}},
{"type":"Feature","geometry":{"type":"Polygon","coordinates":[[[130.42267,32.07455],[130.42365,32.07323],[130.42424,32.07464],[130.42267,32.07455]]]},"properties":{"hoanrinKind":"保安林"}},
{"type":"Feature","geometry":{"type":"Polygon","coordinates":[[[130.40481,32.07121],[130.40698,32.07211],[130.40614,32.07349],[130.40528,32.07268],[130.40481,32.07121]]]},"properties":{"hoanrinKind":"保安林"}},
{"type":"Feature","geometry":{"type":"Polygon","coordinates":[[[130.41435,32.07098],[130.41508,32.07088],[130.41617,32.07209],[130.41735,32.07221],[130.41706,32.07307],[130.41631,32.07299],[130.41492,32.07186],[130.41435,32.07098]]]},"properties":{"hoanrinKind":"保安林"}},
{"type":"Feature","geometry":{"type":"Polygon","coordinates":[[[130.57509,32.06915],[130.57779,32.06952],[130.57586,32.07118],[130.57509,32.06915]]]},"properties":{"hoanrinKind":"保安林"}},
{"type":"Feature","geometry":{"type":"Polygon","coordinates":[[[130.38287,32.07278],[130.38339,32.07253],[130.38354,32.07308],[130.38314,32.07328],[130.38287,32.07278]]]},"properties":{"hoanrinKind":"保安林"}},
{"type":"Feature","geometry":{"type":"Polygon","coordinates":[[[130.3556,32.07102],[130.3565,32.07033],[130.35678,32.06907],[130.36085,32.06784],[130.36177,32.06876],[130.36214,32.07069],[130.3614,32.07179],[130.36187,32.07317],[130.3593,32.07326],[130.35789,32.07244],[130.35787,32.07077],[130.35674,32.07129],[130.3556,32.07102]]]},"properties":{"hoanrinKind":"保安林"}},
{"type":"Feature","geometry":{"type":"Polygon","coordinates":[[[130.53051,32.06955],[130.53159,32.06977],[130.53126,32.07039],[130.53051,32.06955]]]},"properties":{"hoanrinKind":"保安林"}},
{"type":"Feature","geometry":{"type":"Polygon","coordinates":[[[130.38335,32.07192],[130.38353,32.07151],[130.38641,32.06949],[130.38741,32.06905],[130.38812,32.06995],[130.38636,32.07117],[130.38335,32.07192]]]},"properties":{"hoanrinKind":"保安林"}},
{"type":"Feature","geometry":{"type":"Polygon","coordinates":[[[130.41975,32.06859],[130.42088,32.06893],[130.42168,32.06814],[130.42313,32.07006],[130.42154,32.07147],[130.42019,32.0702],[130.41975,32.06859]]]},"properties":{"hoanrinKind":"保安林"}},
{"type":"Feature","geometry":{"type":"Polygon","coordinates":[[[130.43676,32.06926],[130.43863,32.07104],[130.43729,32.07085],[130.43676,32.06926]]]},"properties":{"hoanrinKind":"保安林"}},
{"type":"Feature","geometry":{"type":"Polygon","coordinates":[[[130.45429,32.06748],[130.45456,32.06606],[130.45565,32.06554],[130.45748,32.06678],[130.4585,32.06652],[130.45941,32.06545],[130.46012,32.06357],[130.4623,32.06371],[130.46471,32.06261],[130.46623,32.0646],[130.46416,32.06618],[130.46138,32.06716],[130.45906,32.06988],[130.45809,32.06883],[130.45506,32.06819],[130.45429,32.06748]]]},"properties":{"hoanrinKind":"保安林"}},
{"type":"Feature","geometry":{"type":"Polygon","coordinates":[[[130.61512,32.06622],[130.61647,32.0664],[130.6165,32.06675],[130.61544,32.06671],[130.61512,32.06622]]]},"properties":{"hoanrinKind":"保安林"}},
{"type":"Feature","geometry":{"type":"Polygon","coordinates":[[[130.45037,32.06802],[130.45282,32.06708],[130.45287,32.06807],[130.45037,32.06802]]]},"properties":{"hoanrinKind":"保安林"}},
{"type":"Feature","geometry":{"type":"Polygon","coordinates":[[[130.38946,32.06785],[130.38989,32.06708],[130.39064,32.06693],[130.39038,32.06787],[130.38946,32.06785]]]},"properties":{"hoanrinKind":"保安林"}},
{"type":"Feature","geometry":{"type":"Polygon","coordinates":[[[130.44628,32.06182],[130.44699,32.06048],[130.44845,32.06025],[130.44929,32.05861],[130.45135,32.06163],[130.44968,32.06322],[130.44857,32.06342],[130.44628,32.06182]]]},"properties":{"hoanrinKind":"保安林"}},
{"type":"Feature","geometry":{"type":"Polygon","coordinates":[[[130.45474,32.05716],[130.45627,32.05701],[130.45711,32.05787],[130.457,32.06058],[130.45543,32.06206],[130.4554,32.06025],[130.45474,32.05716]]]},"properties":{"hoanrinKind":"保安林"}},
{"type":"Feature","geometry":{"type":"Polygon","coordinates":[[[130.57935,32.05973],[130.57999,32.05921],[130.58241,32.05933],[130.57963,32.06034],[130.57935,32.05973]]]},"properties":{"hoanrinKind":"保安林"}},
{"type":"Feature","geometry":{"type":"Polygon","coordinates":[[[130.43797,32.06038],[130.43908,32.05939],[130.43883,32.05783],[130.4407,32.05825],[130.44018,32.05988],[130.4402,32.06157],[130.4383,32.06121],[130.43797,32.06038]]]},"properties":{"hoanrinKind":"保安林"}},
{"type":"Feature","geometry":{"type":"Polygon","coordinates":[[[130.37948,32.05941],[130.38176,32.05924],[130.38332,32.05788],[130.38508,32.05741],[130.38876,32.05733],[130.38994,32.05894],[130.38853,32.05975],[130.38489,32.06072],[130.38422,32.06113],[130.3819,32.06103],[130.37999,32.06031],[130.37948,32.05941]]]},"properties":{"hoanrinKind":"保安林"}},
{"type":"Feature","geometry":{"type":"Polygon","coordinates":[[[130.4039,32.05829],[130.40611,32.05529],[130.4073,32.05584],[130.40769,32.0567],[130.40909,32.05737],[130.40965,32.05857],[130.40935,32.05963],[130.4063,32.0604],[130.40491,32.06003],[130.4039,32.05829]]]},"properties":{"hoanrinKind":"保安林"}},
{"type":"Feature","geometry":{"type":"Polygon","coordinates":[[[130.44181,32.05775],[130.44324,32.05663],[130.44302,32.05552],[130.44337,32.0539],[130.44487,32.05191],[130.44568,32.05016],[130.4478,32.04928],[130.44911,32.04919],[130.44996,32.05326],[130.44968,32.05509],[130.44845,32.05554],[130.44673,32.05748],[130.44682,32.05945],[130.44618,32.05986],[130.44386,32.0595],[130.44181,32.05775]]]},"properties":{"hoanrinKind":"保安林"}},
{"type":"Feature","geometry":{"type":"Polygon","coordinates":[[[130.41047,32.05938],[130.41079,32.0589],[130.41116,32.05978],[130.41057,32.05973],[130.41047,32.05938]]]},"properties":{"hoanrinKind":"保安林"}},
{"type":"Feature","geometry":{"type":"Polygon","coordinates":[[[130.37686,32.05931],[130.37781,32.0572],[130.37913,32.0574],[130.37916,32.05845],[130.37821,32.05967],[130.37686,32.05931]]]},"properties":{"hoanrinKind":"保安林"}},
{"type":"Feature","geometry":{"type":"Polygon","coordinates":[[[130.43622,32.05486],[130.43727,32.05379],[130.43861,32.05507],[130.43837,32.05598],[130.43622,32.05486]]]},"properties":{"hoanrinKind":"保安林"}},
{"type":"Feature","geometry":{"type":"Polygon","coordinates":[[[130.38642,32.05383],[130.38731,32.05181],[130.38853,32.05058],[130.39008,32.0499],[130.39308,32.04963],[130.39476,32.04812],[130.39705,32.04493],[130.40021,32.05006],[130.40013,32.05099],[130.39836,32.05202],[130.39706,32.05379],[130.3952,32.05429],[130.39462,32.05348],[130.38949,32.05415],[130.38868,32.05375],[130.38748,32.05434],[130.38642,32.05383]]]},"properties":{"hoanrinKind":"保安林"}},
{"type":"Feature","geometry":{"type":"Polygon","coordinates":[[[130.4181,32.05305],[130.41897,32.05214],[130.42134,32.05143],[130.42163,32.05088],[130.42453,32.05053],[130.42503,32.05203],[130.42421,32.05264],[130.4212,32.05318],[130.41966,32.05376],[130.4181,32.05305]]]},"properties":{"hoanrinKind":"保安林"}},
{"type":"Feature","geometry":{"type":"Polygon","coordinates":[[[130.42468,32.0525],[130.42747,32.05011],[130.42839,32.05093],[130.42818,32.05217],[130.42599,32.05369],[130.42468,32.0525]]]},"properties":{"hoanrinKind":"保安林"}},
{"type":"Feature","geometry":{"type":"Polygon","coordinates":[[[130.37999,32.05268],[130.38021,32.05179],[130.38239,32.05211],[130.38322,32.05335],[130.38229,32.05422],[130.38142,32.05328],[130.37999,32.05268]]]},"properties":{"hoanrinKind":"保安林"}},
{"type":"Feature","geometry":{"type":"Polygon","coordinates":[[[130.43456,32.05309],[130.43506,32.05229],[130.4366,32.05269],[130.43493,32.0536],[130.43456,32.05309]]]},"properties":{"hoanrinKind":"保安林"}},
{"type":"Feature","geometry":{"type":"Polygon","coordinates":[[[130.41346,32.04857],[130.41541,32.04996],[130.41485,32.05071],[130.41382,32.04976],[130.41346,32.04857]]]},"properties":{"hoanrinKind":"保安林"}},
{"type":"Feature","geometry":{"type":"Polygon","coordinates":[[[130.35753,32.04846],[130.35759,32.04746],[130.35858,32.04748],[130.35753,32.04846]]]},"properties":{"hoanrinKind":"保安林"}},
{"type":"Feature","geometry":{"type":"Polygon","coordinates":[[[130.65584,32.04297],[130.65694,32.04269],[130.65704,32.04378],[130.65579,32.04384],[130.65584,32.04297]]]},"properties":{"hoanrinKind":"保安林"}},
{"type":"Feature","geometry":{"type":"Polygon","coordinates":[[[130.55694,32.04318],[130.55807,32.04244],[130.55883,32.04049],[130.56039,32.03816],[130.55903,32.03669],[130.5602,32.03594],[130.55945,32.03386],[130.56159,32.0341],[130.56291,32.03523],[130.56446,32.03519],[130.56716,32.03668],[130.56787,32.03611],[130.56756,32.03498],[130.56989,32.03301],[130.57308,32.03171],[130.57487,32.03162],[130.57721,32.02811],[130.57768,32.02925],[130.57556,32.0311],[130.57526,32.03242],[130.57283,32.03285],[130.56972,32.03424],[130.56844,32.03568],[130.56698,32.03806],[130.56393,32.03902],[130.56112,32.0416],[130.55802,32.04366],[130.55694,32.04318]]]},"properties":{"hoanrinKind":"保安林"}},
{"type":"Feature","geometry":{"type":"Polygon","coordinates":[[[130.35471,32.04585],[130.35543,32.04587],[130.3557,32.04648],[130.35472,32.04652],[130.35471,32.04585]]]},"properties":{"hoanrinKind":"保安林"}},
{"type":"Feature","geometry":{"type":"Polygon","coordinates":[[[130.64647,32.04169],[130.64693,32.04136],[130.64688,32.04221],[130.6464,32.04207],[130.64647,32.04169]]]},"properties":{"hoanrinKind":"保安林"}},
{"type":"Feature","geometry":{"type":"Polygon","coordinates":[[[130.68797,32.04022],[130.68907,32.04016],[130.68855,32.04147],[130.68797,32.04022]]]},"properties":{"hoanrinKind":"保安林"}},
{"type":"Feature","geometry":{"type":"Polygon","coordinates":[[[130.35524,32.04295],[130.35577,32.04043],[130.35687,32.04036],[130.35706,32.04273],[130.35623,32.04355],[130.35524,32.04295]]]},"properties":{"hoanrinKind":"保安林"}},
{"type":"Feature","geometry":{"type":"Polygon","coordinates":[[[130.31157,32.04296],[130.31175,32.04291],[130.31204,32.04338],[130.31193,32.04392],[130.31159,32.04329],[130.31157,32.04296]]]},"properties":{"hoanrinKind":"保安林"}},
{"type":"Feature","geometry":{"type":"Polygon","coordinates":[[[130.33193,32.04165],[130.33265,32.04079],[130.33318,32.0408],[130.33227,32.04199],[130.33193,32.04165]]]},"properties":{"hoanrinKind":"保安林"}},
{"type":"Feature","geometry":{"type":"Polygon","coordinates":[[[130.47882,32.03082],[130.48063,32.02974],[130.48236,32.02958],[130.48231,32.02821],[130.48362,32.02426],[130.48458,32.02381],[130.48523,32.02212],[130.48427,32.0203],[130.48321,32.01909],[130.48342,32.01762],[130.48247,32.0171],[130.48129,32.01544],[130.48214,32.01473],[130.48402,32.01453],[130.48637,32.01184],[130.48808,32.00898],[130.48711,32.00824],[130.48899,32.00501],[130.4892,32.00372],[130.49099,32.00304],[130.49046,32.0021],[130.49165,32.00132],[130.49262,31.99958],[130.49378,31.9991],[130.49404,31.99746],[130.49575,31.99902],[130.49675,32.00082],[130.49676,32.00235],[130.4982,32.00166],[130.49997,32.00264],[130.50029,32.00407],[130.50212,32.00601],[130.50315,32.00646],[130.50331,32.00863],[130.50234,32.00986],[130.5025,32.01137],[130.50529,32.00843],[130.5065,32.00783],[130.50838,32.00777],[130.50963,32.00686],[130.51084,32.00683],[130.51282,32.00514],[130.51417,32.0058],[130.51764,32.00669],[130.51953,32.00838],[130.52167,32.00978],[130.52191,32.01079],[130.52342,32.01059],[130.52545,32.01121],[130.52723,32.0113],[130.52856,32.0126],[130.52982,32.01272],[130.53185,32.01233],[130.53277,32.01083],[130.53412,32.00945],[130.5364,32.00861],[130.53758,32.00756],[130.53994,32.0071],[130.54102,32.00572],[130.54357,32.00521],[130.54529,32.00532],[130.54524,32.0073],[130.54748,32.0099],[130.54726,32.01099],[130.54603,32.01165],[130.54624,32.01317],[130.54506,32.01519],[130.54221,32.01477],[130.53655,32.01217],[130.53553,32.01394],[130.53457,32.01418],[130.53347,32.01356],[130.53172,32.01384],[130.5304,32.01334],[130.52876,32.0137],[130.52694,32.01207],[130.52376,32.0114],[130.52315,32.01261],[130.52023,32.01287],[130.51934,32.01374],[130.51896,32.01514],[130.51655,32.01518],[130.5159,32.01557],[130.51155,32.01602],[130.50972,32.01654],[130.50723,32.01581],[130.50466,32.01628],[130.50431,32.01741],[130.50331,32.01822],[130.50351,32.01925],[130.50162,32.01976],[130.49996,32.02078],[130.49881,32.02096],[130.4973,32.02202],[130.49369,32.02352],[130.49189,32.02496],[130.49014,32.02733],[130.49049,32.02792],[130.49237,32.02819],[130.494,32.02908],[130.49612,32.02945],[130.49964,32.02893],[130.49852,32.03001],[130.49969,32.0318],[130.49904,32.03296],[130.49732,32.03334],[130.49466,32.03522],[130.49179,32.03595],[130.49095,32.0372],[130.48955,32.0383],[130.48726,32.03941],[130.48689,32.03857],[130.4851,32.03779],[130.48504,32.03697],[130.48356,32.03553],[130.4806,32.03571],[130.47977,32.0348],[130.48047,32.03294],[130.47882,32.03082]]]},"properties":{"hoanrinKind":"保安林"}},
{"type":"Feature","geometry":{"type":"Polygon","coordinates":[[[130.32747,32.04003],[130.32784,32.03963],[130.32782,32.04024],[130.32747,32.04003]]]},"properties":{"hoanrinKind":"保安林"}},
{"type":"Feature","geometry":{"type":"Polygon","coordinates":[[[130.32655,32.03962],[130.32693,32.03829],[130.32717,32.03876],[130.32718,32.03934],[130.32655,32.03962]]]},"properties":{"hoanrinKind":"保安林"}},
{"type":"Feature","geometry":{"type":"Polygon","coordinates":[[[130.32489,32.03838],[130.32554,32.03735],[130.32614,32.03725],[130.32546,32.03796],[130.32521,32.03846],[130.32489,32.03838]]]},"properties":{"hoanrinKind":"保安林"}},
{"type":"Feature","geometry":{"type":"Polygon","coordinates":[[[130.52734,32.03502],[130.52831,32.03585],[130.52775,32.03604],[130.52734,32.03502]]]},"properties":{"hoanrinKind":"保安林"}},
{"type":"Feature","geometry":{"type":"Polygon","coordinates":[[[130.31676,32.03694],[130.31701,32.03612],[130.31774,32.03593],[130.31713,32.03691],[130.31676,32.03694]]]},"properties":{"hoanrinKind":"保安林"}},
{"type":"Feature","geometry":{"type":"Polygon","coordinates":[[[130.32429,32.03634],[130.32491,32.03596],[130.3249,32.03709],[130.32438,32.03709],[130.32429,32.03634]]]},"properties":{"hoanrinKind":"保安林"}},
{"type":"Feature","geometry":{"type":"Polygon","coordinates":[[[130.3406,32.03518],[130.34639,32.03242],[130.34719,32.03173],[130.34871,32.03163],[130.34574,32.02986],[130.34645,32.02837],[130.34827,32.02668],[130.35047,32.0271],[130.35326,32.0291],[130.35112,32.03043],[130.34999,32.0317],[130.35035,32.03262],[130.34981,32.03478],[130.34869,32.03544],[130.34601,32.0361],[130.34348,32.03582],[130.34149,32.03685],[130.3406,32.03518]]]},"properties":{"hoanrinKind":"保安林"}},
{"type":"Feature","geometry":{"type":"Polygon","coordinates":[[[130.33257,32.03134],[130.33555,32.03273],[130.33804,32.03327],[130.33904,32.03556],[130.33579,32.03684],[130.33305,32.03481],[130.33318,32.03274],[130.33257,32.03134]]]},"properties":{"hoanrinKind":"保安林"}},
{"type":"Feature","geometry":{"type":"Polygon","coordinates":[[[130.35526,32.03377],[130.35583,32.03348],[130.35576,32.03452],[130.35527,32.03428],[130.35526,32.03377]]]},"properties":{"hoanrinKind":"保安林"}},
{"type":"Feature","geometry":{"type":"Polygon","coordinates":[[[130.5769,32.02699],[130.57767,32.02418],[130.57865,32.02642],[130.57839,32.02838],[130.5769,32.02699]]]},"properties":{"hoanrinKind":"保安林"}},
{"type":"Feature","geometry":{"type":"Polygon","coordinates":[[[130.74965,32.02373],[130.75043,32.0229],[130.75222,32.0235],[130.75105,32.0244],[130.74965,32.02373]]]},"properties":{"hoanrinKind":"保安林"}},
{"type":"Feature","geometry":{"type":"Polygon","coordinates":[[[130.74428,32.02513],[130.74552,32.02508],[130.74534,32.02573],[130.74471,32.02582],[130.74428,32.02513]]]},"properties":{"hoanrinKind":"保安林"}},
{"type":"Feature","geometry":{"type":"Polygon","coordinates":[[[130.7251,32.02571],[130.72567,32.02576],[130.72572,32.02605],[130.72507,32.02602],[130.7251,32.02571]]]},"properties":{"hoanrinKind":"保安林"}},
{"type":"Feature","geometry":{"type":"Polygon","coordinates":[[[130.56794,32.02744],[130.56822,32.02697],[130.56879,32.02743],[130.56849,32.0278],[130.56794,32.02744]]]},"properties":{"hoanrinKind":"保安林"}},
{"type":"Feature","geometry":{"type":"Polygon","coordinates":[[[130.57922,32.02605],[130.58002,32.02541],[130.58037,32.02571],[130.57922,32.02605]]]},"properties":{"hoanrinKind":"保安林"}},
{"type":"Feature","geometry":{"type":"Polygon","coordinates":[[[130.66059,32.02517],[130.66092,32.02444],[130.66143,32.02468],[130.66059,32.02517]]]},"properties":{"hoanrinKind":"保安林"}},
{"type":"Feature","geometry":{"type":"Polygon","coordinates":[[[130.16152,32.02647],[130.1618,32.02575],[130.16407,32.0266],[130.16588,32.02531],[130.16598,32.02364],[130.16432,32.02101],[130.16662,32.02197],[130.17028,32.02167],[130.17188,32.02309],[130.1724,32.0248],[130.17074,32.02617],[130.1698,32.02557],[130.1672,32.02598],[130.16581,32.02763],[130.16525,32.0292],[130.16267,32.02831],[130.16326,32.02707],[130.16152,32.02647]]]},"properties":{"hoanrinKind":"保安林"}},
{"type":"Feature","geometry":{"type":"Polygon","coordinates":[[[130.75823,32.01865],[130.76148,32.01904],[130.76254,32.02083],[130.76425,32.02176],[130.7608,32.02194],[130.75958,32.02101],[130.75823,32.01865]]]},"properties":{"hoanrinKind":"保安林"}},
{"type":"Feature","geometry":{"type":"Polygon","coordinates":[[[130.66115,32.02168],[130.66317,32.02233],[130.66227,32.02296],[130.66115,32.02168]]]},"properties":{"hoanrinKind":"保安林"}},
{"type":"Feature","geometry":{"type":"Polygon","coordinates":[[[130.38211,32.02162],[130.38273,32.02231],[130.38359,32.02465],[130.38257,32.02483],[130.38211,32.02162]]]},"properties":{"hoanrinKind":"保安林"}},
{"type":"Feature","geometry":{"type":"Polygon","coordinates":[[[130.74821,32.01979],[130.74855,32.01843],[130.74967,32.01824],[130.7503,32.019],[130.75005,32.02045],[130.74803,32.02057],[130.74821,32.01979]]]},"properties":{"hoanrinKind":"保安林"}},
{"type":"Feature","geometry":{"type":"Polygon","coordinates":[[[130.47647,32.021],[130.47832,32.02131],[130.47984,32.02066],[130.482,32.02086],[130.48206,32.02218],[130.48024,32.02296],[130.4786,32.02209],[130.47683,32.02252],[130.47647,32.021]]]},"properties":{"hoanrinKind":"保安林"}},
{"type":"Feature","geometry":{"type":"Polygon","coordinates":[[[130.76787,32.01887],[130.76877,32.01804],[130.76937,32.0186],[130.76787,32.01887]]]},"properties":{"hoanrinKind":"保安林"}},
{"type":"Feature","geometry":{"type":"Polygon","coordinates":[[[130.33665,32.01988],[130.33854,32.01915],[130.33919,32.02061],[130.33665,32.01988]]]},"properties":{"hoanrinKind":"保安林"}},
{"type":"Feature","geometry":{"type":"Polygon","coordinates":[[[130.25579,32.01755],[130.25673,32.01609],[130.25684,32.0148],[130.25866,32.015],[130.25832,32.01727],[130.25873,32.01833],[130.25792,32.01938],[130.25661,32.01951],[130.25579,32.01755]]]},"properties":{"hoanrinKind":"保安林"}},
{"type":"Feature","geometry":{"type":"Polygon","coordinates":[[[130.72515,32.01118],[130.72544,32.01088],[130.72566,32.01129],[130.72539,32.01145],[130.72515,32.01118]]]},"properties":{"hoanrinKind":"保安林"}},
{"type":"Feature","geometry":{"type":"Polygon","coordinates":[[[130.29353,32.00969],[130.29408,32.00882],[130.29411,32.01055],[130.29362,32.01056],[130.29353,32.00969]]]},"properties":{"hoanrinKind":"保安林"}},
{"type":"Feature","geometry":{"type":"Polygon","coordinates":[[[130.45433,32.00771],[130.45533,32.00541],[130.45601,32.0079],[130.45668,32.00887],[130.45438,32.00895],[130.45433,32.00771]]]},"properties":{"hoanrinKind":"保安林"}},
{"type":"Feature","geometry":{"type":"Polygon","coordinates":[[[130.45215,32.00698],[130.45302,32.00591],[130.45424,32.00577],[130.45405,32.0088],[130.45302,32.00906],[130.45215,32.00698]]]},"properties":{"hoanrinKind":"保安林"}},
{"type":"Feature","geometry":{"type":"Polygon","coordinates":[[[130.45007,32.0072],[130.45113,32.00497],[130.45265,32.00512],[130.45236,32.00617],[130.45082,32.0075],[130.45007,32.0072]]]},"properties":{"hoanrinKind":"保安林"}},
{"type":"Feature","geometry":{"type":"Polygon","coordinates":[[[130.65324,32.00407],[130.65355,32.00405],[130.65457,32.00475],[130.65429,32.0048],[130.65324,32.00407]]]},"properties":{"hoanrinKind":"保安林"}},
{"type":"Feature","geometry":{"type":"Polygon","coordinates":[[[130.44742,32.00512],[130.44957,32.00428],[130.45125,32.00424],[130.44942,32.00624],[130.44807,32.00608],[130.44742,32.00512]]]},"properties":{"hoanrinKind":"保安林"}},
{"type":"Feature","geometry":{"type":"Polygon","coordinates":[[[130.72548,31.99877],[130.72612,31.99851],[130.7279,31.99937],[130.73026,31.99986],[130.72984,32.00161],[130.72921,32.00194],[130.72614,32.00075],[130.72548,31.99877]]]},"properties":{"hoanrinKind":"保安林"}},
{"type":"Feature","geometry":{"type":"Polygon","coordinates":[[[130.76547,31.998],[130.76788,31.99702],[130.76815,31.99625],[130.76963,31.99526],[130.77069,31.9964],[130.77108,31.9983],[130.77047,32.00071],[130.76872,32.00103],[130.76856,31.99941],[130.76783,31.99826],[130.76691,31.99893],[130.76547,31.998]]]},"properties":{"hoanrinKind":"保安林"}},
{"type":"Feature","geometry":{"type":"Polygon","coordinates":[[[130.44691,32.00302],[130.44739,32.00213],[130.44857,32.00191],[130.44962,32.00395],[130.44727,32.00461],[130.44691,32.00302]]]},"properties":{"hoanrinKind":"保安林"}},
{"type":"Feature","geometry":{"type":"Polygon","coordinates":[[[130.45133,32.00131],[130.45343,32.00115],[130.45523,32.00196],[130.45526,32.0028],[130.45222,32.00351],[130.45133,32.00131]]]},"properties":{"hoanrinKind":"保安林"}},
{"type":"Feature","geometry":{"type":"Polygon","coordinates":[[[130.43324,31.99782],[130.43535,31.99527],[130.43797,31.99697],[130.4405,31.9979],[130.44056,31.99683],[130.44165,31.99486],[130.44307,31.99369],[130.44462,31.99418],[130.44809,31.99115],[130.44848,31.98916],[130.45058,31.98772],[130.45154,31.9894],[130.45052,31.99027],[130.44964,31.99015],[130.4493,31.99197],[130.45019,31.99201],[130.4517,31.99394],[130.45038,31.99385],[130.44782,31.99556],[130.44748,31.99625],[130.44453,31.99605],[130.44435,31.9971],[130.44506,31.99961],[130.44468,32.00098],[130.44314,32.00234],[130.4419,32.00286],[130.439,32.00166],[130.43729,32.00125],[130.43558,31.99927],[130.43326,31.99844],[130.43324,31.99782]]]},"properties":{"hoanrinKind":"保安林"}},
{"type":"Feature","geometry":{"type":"Polygon","coordinates":[[[130.4559,32.00021],[130.45672,32.00051],[130.4576,32.00112],[130.45788,32.00171],[130.45587,32.00042],[130.4559,32.00021]]]},"properties":{"hoanrinKind":"保安林"}},
{"type":"Feature","geometry":{"type":"Polygon","coordinates":[[[130.27912,31.99412],[130.27927,31.9934],[130.28174,31.99281],[130.28359,31.99168],[130.28651,31.99463],[130.28923,31.99543],[130.29267,31.99591],[130.29451,31.99648],[130.29465,31.99788],[130.29199,32.00102],[130.28482,32.00184],[130.28228,31.99732],[130.28253,31.99431],[130.28134,31.99527],[130.27912,31.99412]]]},"properties":{"hoanrinKind":"保安林"}},
{"type":"Feature","geometry":{"type":"Polygon","coordinates":[[[130.75798,31.99623],[130.75886,31.9963],[130.75887,31.99704],[130.75827,31.99678],[130.75798,31.99623]]]},"properties":{"hoanrinKind":"保安林"}},
{"type":"Feature","geometry":{"type":"Polygon","coordinates":[[[130.67511,31.99743],[130.67573,31.99736],[130.67575,31.99779],[130.67532,31.99772],[130.67511,31.99743]]]},"properties":{"hoanrinKind":"保安林"}},
{"type":"Feature","geometry":{"type":"Polygon","coordinates":[[[130.76049,31.99413],[130.76127,31.99398],[130.76101,31.99475],[130.76049,31.99413]]]},"properties":{"hoanrinKind":"保安林"}},
{"type":"Feature","geometry":{"type":"Polygon","coordinates":[[[130.58045,31.99277],[130.5818,31.99216],[130.58235,31.99102],[130.58403,31.99127],[130.58333,31.99354],[130.58249,31.99459],[130.58314,31.99578],[130.58227,31.99631],[130.58064,31.99496],[130.58045,31.99277]]]},"properties":{"hoanrinKind":"保安林"}},
{"type":"Feature","geometry":{"type":"Polygon","coordinates":[[[130.76013,31.99316],[130.76091,31.99332],[130.7604,31.99361],[130.76013,31.99316]]]},"properties":{"hoanrinKind":"保安林"}},
{"type":"Feature","geometry":{"type":"Polygon","coordinates":[[[130.35331,31.99809],[130.35472,31.99739],[130.35499,31.9979],[130.35382,31.99844],[130.35331,31.99809]]]},"properties":{"hoanrinKind":"保安林"}},
{"type":"Feature","geometry":{"type":"Polygon","coordinates":[[[130.75038,31.99202],[130.75138,31.99227],[130.75317,31.99104],[130.75241,31.99302],[130.75076,31.99289],[130.75038,31.99202]]]},"properties":{"hoanrinKind":"保安林"}},
{"type":"Feature","geometry":{"type":"Polygon","coordinates":[[[130.45013,31.99485],[130.45257,31.99435],[130.45261,31.99584],[130.45207,31.99645],[130.45042,31.99566],[130.45013,31.99485]]]},"properties":{"hoanrinKind":"保安林"}},
{"type":"Feature","geometry":{"type":"Polygon","coordinates":[[[130.7489,31.99164],[130.74972,31.9904],[130.75057,31.99036],[130.74984,31.99228],[130.7489,31.99164]]]},"properties":{"hoanrinKind":"保安林"}},
{"type":"Feature","geometry":{"type":"Polygon","coordinates":[[[130.67534,31.99175],[130.67595,31.99173],[130.67573,31.9923],[130.67534,31.99175]]]},"properties":{"hoanrinKind":"保安林"}},
{"type":"Feature","geometry":{"type":"Polygon","coordinates":[[[130.7641,31.98798],[130.7651,31.98711],[130.76584,31.98827],[130.76436,31.98884],[130.7641,31.98798]]]},"properties":{"hoanrinKind":"保安林"}},
{"type":"Feature","geometry":{"type":"Polygon","coordinates":[[[130.75096,31.9874],[130.75228,31.98639],[130.75267,31.98695],[130.75096,31.9874]]]},"properties":{"hoanrinKind":"保安林"}},
{"type":"Feature","geometry":{"type":"Polygon","coordinates":[[[130.72257,31.98729],[130.72555,31.98658],[130.72515,31.98743],[130.72257,31.98729]]]},"properties":{"hoanrinKind":"保安林"}},
{"type":"Feature","geometry":{"type":"Polygon","coordinates":[[[130.75978,31.98665],[130.76073,31.98647],[130.76107,31.98735],[130.76026,31.98739],[130.75978,31.98665]]]},"properties":{"hoanrinKind":"保安林"}},
{"type":"Feature","geometry":{"type":"Polygon","coordinates":[[[130.67684,31.98606],[130.67844,31.98524],[130.6787,31.98564],[130.67684,31.98606]]]},"properties":{"hoanrinKind":"保安林"}},
{"type":"Feature","geometry":{"type":"Polygon","coordinates":[[[130.43018,31.98623],[130.43146,31.98491],[130.4326,31.98514],[130.43332,31.98409],[130.43585,31.98378],[130.43636,31.98507],[130.43751,31.98569],[130.43491,31.98711],[130.43246,31.988],[130.43086,31.98723],[130.43018,31.98623]]]},"properties":{"hoanrinKind":"保安林"}},
{"type":"Feature","geometry":{"type":"Polygon","coordinates":[[[130.25538,31.98817],[130.25717,31.98835],[130.25645,31.98986],[130.25538,31.98817]]]},"properties":{"hoanrinKind":"保安林"}},
{"type":"Feature","geometry":{"type":"Polygon","coordinates":[[[130.67548,31.98325],[130.67618,31.98368],[130.67552,31.98395],[130.67548,31.98325]]]},"properties":{"hoanrinKind":"保安林"}},
{"type":"Feature","geometry":{"type":"Polygon","coordinates":[[[130.41843,31.98188],[130.42006,31.98204],[130.4214,31.98427],[130.42251,31.98441],[130.42378,31.98536],[130.42217,31.98617],[130.42031,31.98308],[130.41868,31.98276],[130.41843,31.98188]]]},"properties":{"hoanrinKind":"保安林"}},
{"type":"Feature","geometry":{"type":"Polygon","coordinates":[[[130.41872,31.98447],[130.4193,31.98423],[130.41942,31.98494],[130.41894,31.98553],[130.41872,31.98447]]]},"properties":{"hoanrinKind":"保安林"}},
{"type":"Feature","geometry":{"type":"Polygon","coordinates":[[[130.72698,31.97942],[130.72803,31.97856],[130.7285,31.97998],[130.72737,31.98064],[130.72698,31.97942]]]},"properties":{"hoanrinKind":"保安林"}},
{"type":"Feature","geometry":{"type":"Polygon","coordinates":[[[130.54155,31.9821],[130.54206,31.98204],[130.54204,31.98254],[130.54161,31.98266],[130.54155,31.9821]]]},"properties":{"hoanrinKind":"保安林"}},
{"type":"Feature","geometry":{"type":"Polygon","coordinates":[[[130.43305,31.98126],[130.43428,31.98072],[130.43515,31.97877],[130.43458,31.97772],[130.43549,31.97729],[130.43668,31.97939],[130.4368,31.98056],[130.43568,31.98144],[130.4374,31.98236],[130.43787,31.98372],[130.43397,31.98285],[130.43305,31.98126]]]},"properties":{"hoanrinKind":"保安林"}},
{"type":"Feature","geometry":{"type":"Polygon","coordinates":[[[130.65493,31.98038],[130.6562,31.97905],[130.65776,31.97956],[130.65725,31.98079],[130.65493,31.98038]]]},"properties":{"hoanrinKind":"保安林"}},
{"type":"Feature","geometry":{"type":"Polygon","coordinates":[[[130.65628,31.97724],[130.65679,31.97655],[130.65846,31.97633],[130.657,31.97823],[130.65628,31.97724]]]},"properties":{"hoanrinKind":"保安林"}},
{"type":"Feature","geometry":{"type":"Polygon","coordinates":[[[130.45011,31.97267],[130.45069,31.97219],[130.45137,31.96864],[130.45344,31.9684],[130.45414,31.9689],[130.45525,31.97099],[130.45457,31.97328],[130.45329,31.9741],[130.45258,31.97711],[130.45388,31.97789],[130.45325,31.97856],[130.45097,31.9759],[130.45143,31.97301],[130.45011,31.97267]]]},"properties":{"hoanrinKind":"保安林"}},
{"type":"Feature","geometry":{"type":"Polygon","coordinates":[[[130.52081,31.97532],[130.52271,31.97598],[130.52146,31.97684],[130.52081,31.97532]]]},"properties":{"hoanrinKind":"保安林"}},
{"type":"Feature","geometry":{"type":"Polygon","coordinates":[[[130.434,31.97612],[130.43508,31.97409],[130.43642,31.97359],[130.43762,31.97392],[130.43785,31.97484],[130.43643,31.97523],[130.43594,31.97667],[130.43408,31.97694],[130.434,31.97612]]]},"properties":{"hoanrinKind":"保安林"}},
{"type":"Feature","geometry":{"type":"Polygon","coordinates":[[[130.57693,31.97207],[130.57825,31.97199],[130.57825,31.97068],[130.58105,31.97116],[130.5799,31.97259],[130.5772,31.97284],[130.57693,31.97207]]]},"properties":{"hoanrinKind":"保安林"}},
{"type":"Feature","geometry":{"type":"Polygon","coordinates":[[[130.47989,31.97129],[130.48153,31.97096],[130.48266,31.97133],[130.4828,31.97337],[130.4807,31.97335],[130.47989,31.97129]]]},"properties":{"hoanrinKind":"保安林"}},
{"type":"Feature","geometry":{"type":"Polygon","coordinates":[[[130.24281,31.97276],[130.24415,31.9732],[130.24509,31.97422],[130.24425,31.97498],[130.24295,31.97378],[130.24281,31.97276]]]},"properties":{"hoanrinKind":"保安林"}},
{"type":"Feature","geometry":{"type":"Polygon","coordinates":[[[130.46137,31.96824],[130.46237,31.96719],[130.46327,31.96784],[130.46137,31.96824]]]},"properties":{"hoanrinKind":"保安林"}},
{"type":"Feature","geometry":{"type":"Polygon","coordinates":[[[130.46364,31.96622],[130.46512,31.96656],[130.46452,31.96719],[130.46364,31.96622]]]},"properties":{"hoanrinKind":"保安林"}},
{"type":"Feature","geometry":{"type":"Polygon","coordinates":[[[130.58513,31.96514],[130.58568,31.96488],[130.58631,31.96594],[130.58545,31.96586],[130.58513,31.96514]]]},"properties":{"hoanrinKind":"保安林"}},
{"type":"Feature","geometry":{"type":"Polygon","coordinates":[[[130.46135,31.96588],[130.46337,31.96325],[130.46442,31.96469],[130.46333,31.96637],[130.46135,31.96588]]]},"properties":{"hoanrinKind":"保安林"}},
{"type":"Feature","geometry":{"type":"Polygon","coordinates":[[[130.55129,31.96472],[130.55167,31.96428],[130.55247,31.96421],[130.55201,31.96492],[130.55129,31.96472]]]},"properties":{"hoanrinKind":"保安林"}},
{"type":"Feature","geometry":{"type":"Polygon","coordinates":[[[130.50884,31.96448],[130.50949,31.96403],[130.51045,31.96425],[130.50974,31.96476],[130.50884,31.96448]]]},"properties":{"hoanrinKind":"保安林"}},
{"type":"Feature","geometry":{"type":"Polygon","coordinates":[[[130.29143,31.96518],[130.29178,31.96547],[130.29144,31.96582],[130.29143,31.96518]]]},"properties":{"hoanrinKind":"保安林"}},
{"type":"Feature","geometry":{"type":"Polygon","coordinates":[[[130.31612,31.96251],[130.31767,31.96252],[130.31744,31.96377],[130.31612,31.96251]]]},"properties":{"hoanrinKind":"保安林"}},
{"type":"Feature","geometry":{"type":"Polygon","coordinates":[[[130.25246,31.96289],[130.25315,31.96195],[130.25466,31.96137],[130.25784,31.96183],[130.25976,31.96255],[130.26163,31.96408],[130.26039,31.96477],[130.25882,31.96394],[130.25462,31.96302],[130.25252,31.96358],[130.25246,31.96289]]]},"properties":{"hoanrinKind":"保安林"}},
{"type":"Feature","geometry":{"type":"Polygon","coordinates":[[[130.68882,31.95647],[130.69169,31.95468],[130.69551,31.95616],[130.69498,31.95697],[130.69636,31.95748],[130.69683,31.95935],[130.69421,31.95971],[130.69418,31.95862],[130.68987,31.95747],[130.68882,31.95647]]]},"properties":{"hoanrinKind":"保安林"}},
{"type":"Feature","geometry":{"type":"Polygon","coordinates":[[[130.41155,31.96129],[130.41189,31.95999],[130.41286,31.9596],[130.41472,31.96003],[130.41534,31.96148],[130.4142,31.96197],[130.41219,31.96182],[130.41155,31.96129]]]},"properties":{"hoanrinKind":"保安林"}},
{"type":"Feature","geometry":{"type":"Polygon","coordinates":[[[130.55152,31.95979],[130.55258,31.95893],[130.55183,31.95806],[130.55294,31.95643],[130.55449,31.955],[130.55499,31.95571],[130.55352,31.95679],[130.55327,31.95778],[130.55516,31.95753],[130.55361,31.95912],[130.55326,31.96001],[130.55152,31.95979]]]},"properties":{"hoanrinKind":"保安林"}},
{"type":"Feature","geometry":{"type":"Polygon","coordinates":[[[130.31337,31.96086],[130.31403,31.95965],[130.31541,31.95867],[130.31743,31.9599],[130.31823,31.95963],[130.31579,31.95776],[130.31739,31.95728],[130.3197,31.95802],[130.31961,31.96002],[130.31848,31.96048],[130.31897,31.96154],[130.31704,31.96138],[130.31584,31.96195],[130.31337,31.96086]]]},"properties":{"hoanrinKind":"保安林"}},
{"type":"Feature","geometry":{"type":"Polygon","coordinates":[[[130.73024,31.95509],[130.73094,31.9543],[130.73227,31.95465],[130.73151,31.95567],[130.73024,31.95509]]]},"properties":{"hoanrinKind":"保安林"}},
{"type":"Feature","geometry":{"type":"Polygon","coordinates":[[[130.41278,31.95673],[130.41398,31.95636],[130.4148,31.95778],[130.41293,31.95804],[130.41278,31.95673]]]},"properties":{"hoanrinKind":"保安林"}},
{"type":"Feature","geometry":{"type":"Polygon","coordinates":[[[130.73249,31.95351],[130.73265,31.95293],[130.73434,31.95235],[130.73478,31.95339],[130.73413,31.95463],[130.73249,31.95351]]]},"properties":{"hoanrinKind":"保安林"}},
{"type":"Feature","geometry":{"type":"Polygon","coordinates":[[[130.54453,31.95137],[130.54536,31.94876],[130.54752,31.94966],[130.5528,31.95064],[130.5559,31.95164],[130.55654,31.95315],[130.5519,31.95368],[130.55119,31.95439],[130.54917,31.95316],[130.54453,31.95137]]]},"properties":{"hoanrinKind":"保安林"}},
{"type":"Feature","geometry":{"type":"Polygon","coordinates":[[[130.32509,31.95585],[130.32673,31.95603],[130.32671,31.95672],[130.32504,31.95622],[130.32509,31.95585]]]},"properties":{"hoanrinKind":"保安林"}},
{"type":"Feature","geometry":{"type":"Polygon","coordinates":[[[130.29668,31.95256],[130.29766,31.95219],[130.29816,31.95009],[130.29935,31.94893],[130.30016,31.9474],[130.30178,31.95076],[130.30445,31.95038],[130.30524,31.95314],[130.30354,31.95345],[130.30174,31.95586],[130.29918,31.95624],[130.29794,31.95501],[130.29668,31.95256]]]},"properties":{"hoanrinKind":"保安林"}},
{"type":"Feature","geometry":{"type":"Polygon","coordinates":[[[130.31765,31.95449],[130.31904,31.95408],[130.31985,31.95489],[130.31975,31.95643],[130.31803,31.95602],[130.31765,31.95449]]]},"properties":{"hoanrinKind":"保安林"}},
{"type":"Feature","geometry":{"type":"Polygon","coordinates":[[[130.50394,31.9466],[130.50628,31.94679],[130.50647,31.94816],[130.50801,31.94997],[130.51068,31.94986],[130.51083,31.95033],[130.50861,31.95159],[130.50773,31.95252],[130.50667,31.95239],[130.50571,31.95148],[130.50581,31.94936],[130.50514,31.94785],[130.50394,31.9466]]]},"properties":{"hoanrinKind":"保安林"}},
{"type":"Feature","geometry":{"type":"Polygon","coordinates":[[[130.51241,31.95058],[130.51322,31.94999],[130.51303,31.95092],[130.51241,31.95058]]]},"properties":{"hoanrinKind":"保安林"}},
{"type":"Feature","geometry":{"type":"Polygon","coordinates":[[[130.3783,31.95132],[130.37906,31.95169],[130.37831,31.95209],[130.3783,31.95132]]]},"properties":{"hoanrinKind":"保安林"}},
{"type":"Feature","geometry":{"type":"Polygon","coordinates":[[[130.51148,31.94962],[130.51232,31.95015],[130.51179,31.95071],[130.51143,31.95029],[130.51148,31.94962]]]},"properties":{"hoanrinKind":"保安林"}},
{"type":"Feature","geometry":{"type":"Polygon","coordinates":[[[130.53782,31.94976],[130.53818,31.94876],[130.54019,31.94898],[130.5388,31.95003],[130.53782,31.94976]]]},"properties":{"hoanrinKind":"保安林"}},
{"type":"Feature","geometry":{"type":"Polygon","coordinates":[[[130.3693,31.95153],[130.36958,31.95183],[130.36896,31.9519],[130.3693,31.95153]]]},"properties":{"hoanrinKind":"保安林"}},
{"type":"Feature","geometry":{"type":"Polygon","coordinates":[[[130.50312,31.94932],[130.50421,31.94909],[130.50415,31.94987],[130.50312,31.94932]]]},"properties":{"hoanrinKind":"保安林"}},
{"type":"Feature","geometry":{"type":"Polygon","coordinates":[[[130.51223,31.94894],[130.51324,31.94827],[130.51333,31.94959],[130.51223,31.94894]]]},"properties":{"hoanrinKind":"保安林"}},
{"type":"Feature","geometry":{"type":"Polygon","coordinates":[[[130.50687,31.94711],[130.50789,31.94685],[130.50911,31.94788],[130.51101,31.94815],[130.50963,31.94926],[130.5076,31.94915],[130.5069,31.94842],[130.50687,31.94711]]]},"properties":{"hoanrinKind":"保安林"}},
{"type":"Feature","geometry":{"type":"Polygon","coordinates":[[[130.45279,31.94873],[130.45481,31.94749],[130.45585,31.94851],[130.45349,31.94937],[130.45279,31.94873]]]},"properties":{"hoanrinKind":"保安林"}},
{"type":"Feature","geometry":{"type":"Polygon","coordinates":[[[130.22715,31.94659],[130.22805,31.94624],[130.23034,31.9481],[130.23185,31.9469],[130.23277,31.94778],[130.2319,31.94937],[130.22989,31.94896],[130.2283,31.95025],[130.22715,31.94659]]]},"properties":{"hoanrinKind":"保安林"}},
{"type":"Feature","geometry":{"type":"Polygon","coordinates":[[[130.30182,31.9473],[130.30487,31.9478],[130.3037,31.94843],[130.30244,31.94815],[130.30182,31.9473]]]},"properties":{"hoanrinKind":"保安林"}},
{"type":"Feature","geometry":{"type":"Polygon","coordinates":[[[130.38907,31.94807],[130.38997,31.94795],[130.39004,31.94861],[130.38907,31.94807]]]},"properties":{"hoanrinKind":"保安林"}},
{"type":"Feature","geometry":{"type":"Polygon","coordinates":[[[130.31813,31.946],[130.31947,31.94617],[130.31993,31.94789],[130.31899,31.94931],[130.31835,31.94807],[130.31905,31.94686],[130.31813,31.946]]]},"properties":{"hoanrinKind":"保安林"}},
{"type":"Feature","geometry":{"type":"Polygon","coordinates":[[[130.50672,31.9461],[130.50737,31.94469],[130.5085,31.94382],[130.51007,31.94408],[130.51188,31.94346],[130.51228,31.94559],[130.51094,31.94605],[130.50884,31.94524],[130.50672,31.9461]]]},"properties":{"hoanrinKind":"保安林"}},
{"type":"Feature","geometry":{"type":"Polygon","coordinates":[[[130.30922,31.94633],[130.31026,31.94662],[130.31089,31.94746],[130.30969,31.94777],[130.30922,31.94633]]]},"properties":{"hoanrinKind":"保安林"}},
{"type":"Feature","geometry":{"type":"Polygon","coordinates":[[[130.27704,31.94571],[130.27754,31.94541],[130.27921,31.94717],[130.27725,31.94782],[130.27704,31.94571]]]},"properties":{"hoanrinKind":"保安林"}},
{"type":"Feature","geometry":{"type":"Polygon","coordinates":[[[130.31878,31.94537],[130.32003,31.94414],[130.32219,31.94506],[130.32209,31.94589],[130.3201,31.94706],[130.31976,31.94579],[130.31878,31.94537]]]},"properties":{"hoanrinKind":"保安林"}},
{"type":"Feature","geometry":{"type":"Polygon","coordinates":[[[130.27863,31.94391],[130.27982,31.94114],[130.281,31.94162],[130.28215,31.94286],[130.28427,31.94434],[130.2869,31.9444],[130.28697,31.94578],[130.28642,31.94649],[130.28411,31.94628],[130.28321,31.94677],[130.28051,31.947],[130.27933,31.94622],[130.27919,31.94449],[130.27863,31.94391]]]},"properties":{"hoanrinKind":"保安林"}},
{"type":"Feature","geometry":{"type":"Polygon","coordinates":[[[130.5029,31.94372],[130.50364,31.9434],[130.50608,31.94449],[130.50352,31.94414],[130.5029,31.94372]]]},"properties":{"hoanrinKind":"保安林"}},
{"type":"Feature","geometry":{"type":"Polygon","coordinates":[[[130.65233,31.93718],[130.65277,31.93722],[130.65309,31.93837],[130.65367,31.93864],[130.65409,31.93962],[130.65398,31.94021],[130.65271,31.93865],[130.65233,31.93718]]]},"properties":{"hoanrinKind":"保安林"}},
{"type":"Feature","geometry":{"type":"Polygon","coordinates":[[[130.53399,31.94061],[130.5345,31.93906],[130.53536,31.9387],[130.53585,31.94027],[130.53399,31.94061]]]},"properties":{"hoanrinKind":"保安林"}},
{"type":"Feature","geometry":{"type":"Polygon","coordinates":[[[130.43864,31.94075],[130.43994,31.94131],[130.4399,31.94193],[130.43878,31.94122],[130.43864,31.94075]]]},"properties":{"hoanrinKind":"保安林"}},
{"type":"Feature","geometry":{"type":"Polygon","coordinates":[[[130.30141,31.94146],[130.3044,31.93671],[130.30778,31.93679],[130.30733,31.93741],[130.30888,31.93843],[130.30835,31.93984],[130.30631,31.93928],[130.30497,31.93939],[130.30553,31.94062],[130.30398,31.94111],[130.30472,31.94305],[130.30355,31.94349],[130.30157,31.94311],[130.30141,31.94146]]]},"properties":{"hoanrinKind":"保安林"}},
{"type":"Feature","geometry":{"type":"Polygon","coordinates":[[[130.76648,31.93321],[130.76791,31.93157],[130.76931,31.93099],[130.7717,31.93166],[130.77317,31.93355],[130.77265,31.93415],[130.7738,31.93514],[130.7773,31.93585],[130.77792,31.93699],[130.77555,31.93757],[130.77305,31.93725],[130.77277,31.93619],[130.76902,31.93518],[130.76648,31.93321]]]},"properties":{"hoanrinKind":"保安林"}},
{"type":"Feature","geometry":{"type":"Polygon","coordinates":[[[130.44344,31.94034],[130.44458,31.94115],[130.44349,31.94124],[130.44344,31.94034]]]},"properties":{"hoanrinKind":"保安林"}},
{"type":"Feature","geometry":{"type":"Polygon","coordinates":[[[130.31794,31.93748],[130.31919,31.93771],[130.31897,31.93584],[130.32011,31.93599],[130.32077,31.9373],[130.32175,31.93667],[130.32096,31.93546],[130.32108,31.93354],[130.32253,31.93277],[130.32305,31.93373],[130.32317,31.93539],[130.32449,31.93695],[130.32444,31.93887],[130.32612,31.94026],[130.32345,31.94232],[130.32317,31.94088],[130.32325,31.93866],[130.32265,31.93797],[130.31894,31.93854],[130.31794,31.93748]]]},"properties":{"hoanrinKind":"保安林"}},
{"type":"Feature","geometry":{"type":"Polygon","coordinates":[[[130.44108,31.93986],[130.44271,31.94027],[130.44167,31.94117],[130.44108,31.93986]]]},"properties":{"hoanrinKind":"保安林"}},
{"type":"Feature","geometry":{"type":"Polygon","coordinates":[[[130.7668,31.93563],[130.76853,31.93532],[130.77105,31.93658],[130.7684,31.93694],[130.7668,31.93563]]]},"properties":{"hoanrinKind":"保安林"}},
{"type":"Feature","geometry":{"type":"Polygon","coordinates":[[[130.30647,31.94076],[130.30658,31.94045],[130.30813,31.94059],[130.30723,31.9413],[130.30647,31.94076]]]},"properties":{"hoanrinKind":"保安林"}},
{"type":"Feature","geometry":{"type":"Polygon","coordinates":[[[130.76086,31.93133],[130.76146,31.92983],[130.76323,31.9302],[130.76362,31.93109],[130.76312,31.93293],[130.76086,31.93133]]]},"properties":{"hoanrinKind":"保安林"}},
{"type":"Feature","geometry":{"type":"Polygon","coordinates":[[[130.61433,31.93556],[130.61489,31.93527],[130.61563,31.93559],[130.615,31.93608],[130.61433,31.93556]]]},"properties":{"hoanrinKind":"保安林"}},
{"type":"Feature","geometry":{"type":"Polygon","coordinates":[[[130.77227,31.9319],[130.7733,31.93152],[130.7735,31.93059],[130.77469,31.92893],[130.77579,31.93065],[130.77534,31.93362],[130.77387,31.93377],[130.77227,31.9319]]]},"properties":{"hoanrinKind":"保安林"}},
{"type":"Feature","geometry":{"type":"Polygon","coordinates":[[[130.43433,31.9363],[130.43452,31.93553],[130.43632,31.93538],[130.43691,31.93727],[130.43455,31.93703],[130.43433,31.9363]]]},"properties":{"hoanrinKind":"保安林"}},
{"type":"Feature","geometry":{"type":"Polygon","coordinates":[[[130.24333,31.93894],[130.24355,31.93723],[130.24419,31.93569],[130.24492,31.93588],[130.24333,31.93894]]]},"properties":{"hoanrinKind":"保安林"}},
{"type":"Feature","geometry":{"type":"Polygon","coordinates":[[[130.66107,31.92976],[130.66235,31.92807],[130.66362,31.92902],[130.66715,31.93069],[130.6698,31.93074],[130.67198,31.9313],[130.67185,31.93198],[130.66967,31.93365],[130.66691,31.93354],[130.66352,31.93246],[130.66333,31.93149],[130.66187,31.93085],[130.66107,31.92976]]]},"properties":{"hoanrinKind":"保安林"}},
{"type":"Feature","geometry":{"type":"Polygon","coordinates":[[[130.75216,31.92997],[130.75312,31.93003],[130.75367,31.93081],[130.75277,31.93106],[130.75216,31.92997]]]},"properties":{"hoanrinKind":"保安林"}},
{"type":"Feature","geometry":{"type":"Polygon","coordinates":[[[130.63212,31.93339],[130.63403,31.93051],[130.63639,31.93073],[130.63586,31.93264],[130.63212,31.93339]]]},"properties":{"hoanrinKind":"保安林"}},
{"type":"Feature","geometry":{"type":"Polygon","coordinates":[[[130.62773,31.93252],[130.63014,31.93196],[130.63106,31.93057],[130.6321,31.93118],[130.63178,31.93324],[130.62773,31.93252]]]},"properties":{"hoanrinKind":"保安林"}},
{"type":"Feature","geometry":{"type":"Polygon","coordinates":[[[130.74149,31.92992],[130.74286,31.93004],[130.74144,31.93049],[130.74149,31.92992]]]},"properties":{"hoanrinKind":"保安林"}},
{"type":"Feature","geometry":{"type":"Polygon","coordinates":[[[130.32558,31.93333],[130.32842,31.93235],[130.32849,31.93333],[130.32706,31.93465],[130.32561,31.93458],[130.32558,31.93333]]]},"properties":{"hoanrinKind":"保安林"}},
{"type":"Feature","geometry":{"type":"Polygon","coordinates":[[[130.40065,31.93245],[130.40166,31.93157],[130.40231,31.93315],[130.40148,31.93378],[130.40065,31.93245]]]},"properties":{"hoanrinKind":"保安林"}},
{"type":"Feature","geometry":{"type":"Polygon","coordinates":[[[130.60691,31.92752],[130.60695,31.92674],[130.60912,31.92567],[130.61035,31.92598],[130.61415,31.92949],[130.61299,31.93106],[130.61251,31.92945],[130.6107,31.92831],[130.6096,31.92713],[130.60691,31.92752]]]},"properties":{"hoanrinKind":"保安林"}},
{"type":"Feature","geometry":{"type":"Polygon","coordinates":[[[130.63115,31.92851],[130.63276,31.92829],[130.63323,31.9289],[130.6326,31.93036],[130.63126,31.92921],[130.63115,31.92851]]]},"properties":{"hoanrinKind":"保安林"}},
{"type":"Feature","geometry":{"type":"Polygon","coordinates":[[[130.3067,31.93319],[130.30743,31.9322],[130.30793,31.93377],[130.3067,31.93319]]]},"properties":{"hoanrinKind":"保安林"}},
{"type":"Feature","geometry":{"type":"Polygon","coordinates":[[[130.76181,31.92636],[130.76295,31.92581],[130.76326,31.92758],[130.76257,31.92765],[130.76181,31.92636]]]},"properties":{"hoanrinKind":"保安林"}},
{"type":"Feature","geometry":{"type":"Polygon","coordinates":[[[130.3256,31.93194],[130.32593,31.93178],[130.32585,31.93233],[130.32563,31.93233],[130.3256,31.93194]]]},"properties":{"hoanrinKind":"保安林"}},
{"type":"Feature","geometry":{"type":"Polygon","coordinates":[[[130.73191,31.92661],[130.73245,31.92537],[130.73388,31.92566],[130.73326,31.92735],[130.73191,31.92661]]]},"properties":{"hoanrinKind":"保安林"}},
{"type":"Feature","geometry":{"type":"Polygon","coordinates":[[[130.32504,31.92896],[130.32754,31.92917],[130.32707,31.93051],[130.32573,31.93049],[130.32504,31.92896]]]},"properties":{"hoanrinKind":"保安林"}},
{"type":"Feature","geometry":{"type":"Polygon","coordinates":[[[130.75508,31.92102],[130.75649,31.92026],[130.75901,31.92279],[130.76171,31.92417],[130.75924,31.92472],[130.75666,31.92393],[130.75608,31.92339],[130.75508,31.92102]]]},"properties":{"hoanrinKind":"保安林"}},
{"type":"Feature","geometry":{"type":"Polygon","coordinates":[[[130.75356,31.92361],[130.75563,31.92323],[130.7562,31.92406],[130.75433,31.92411],[130.75356,31.92361]]]},"properties":{"hoanrinKind":"保安林"}},
{"type":"Feature","geometry":{"type":"Polygon","coordinates":[[[130.59433,31.92505],[130.59597,31.92416],[130.59636,31.92494],[130.59502,31.92557],[130.59433,31.92505]]]},"properties":{"hoanrinKind":"保安林"}},
{"type":"Feature","geometry":{"type":"Polygon","coordinates":[[[130.7607,31.91777],[130.76152,31.91741],[130.76341,31.91846],[130.7667,31.91982],[130.76836,31.92132],[130.76706,31.92176],[130.76473,31.92016],[130.76276,31.9198],[130.7607,31.91777]]]},"properties":{"hoanrinKind":"保安林"}},
{"type":"Feature","geometry":{"type":"Polygon","coordinates":[[[130.63064,31.92377],[130.63149,31.92332],[130.63136,31.92409],[130.63064,31.92377]]]},"properties":{"hoanrinKind":"保安林"}},
{"type":"Feature","geometry":{"type":"Polygon","coordinates":[[[130.73679,31.92155],[130.73718,31.92152],[130.73764,31.92241],[130.73707,31.92254],[130.73679,31.92155]]]},"properties":{"hoanrinKind":"保安林"}},
{"type":"Feature","geometry":{"type":"Polygon","coordinates":[[[130.62605,31.92237],[130.62713,31.92263],[130.62628,31.92328],[130.62605,31.92237]]]},"properties":{"hoanrinKind":"保安林"}},
{"type":"Feature","geometry":{"type":"Polygon","coordinates":[[[130.629,31.92227],[130.62971,31.92188],[130.62992,31.92329],[130.62922,31.92303],[130.629,31.92227]]]},"properties":{"hoanrinKind":"保安林"}},
{"type":"Feature","geometry":{"type":"Polygon","coordinates":[[[130.60584,31.92199],[130.60767,31.92084],[130.60728,31.91933],[130.60754,31.91796],[130.60841,31.9177],[130.60834,31.91597],[130.60947,31.91571],[130.60894,31.91779],[130.60927,31.91905],[130.60849,31.91936],[130.60844,31.92149],[130.60791,31.92303],[130.60652,31.92279],[130.60584,31.92199]]]},"properties":{"hoanrinKind":"保安林"}},
{"type":"Feature","geometry":{"type":"Polygon","coordinates":[[[130.35702,31.92527],[130.35736,31.92518],[130.35782,31.92572],[130.3572,31.92575],[130.35702,31.92527]]]},"properties":{"hoanrinKind":"保安林"}},
{"type":"Feature","geometry":{"type":"Polygon","coordinates":[[[130.6227,31.92157],[130.62403,31.92155],[130.62339,31.92245],[130.6227,31.92157]]]},"properties":{"hoanrinKind":"保安林"}},
{"type":"Feature","geometry":{"type":"Polygon","coordinates":[[[130.73695,31.92015],[130.73733,31.92022],[130.73736,31.92063],[130.73706,31.92061],[130.73695,31.92015]]]},"properties":{"hoanrinKind":"保安林"}},
{"type":"Feature","geometry":{"type":"Polygon","coordinates":[[[130.35767,31.92446],[130.35798,31.92385],[130.35856,31.92504],[130.35767,31.92479],[130.35767,31.92446]]]},"properties":{"hoanrinKind":"保安林"}},
{"type":"Feature","geometry":{"type":"Polygon","coordinates":[[[130.36599,31.92242],[130.36709,31.92137],[130.36957,31.92261],[130.37088,31.924],[130.36732,31.92355],[130.36599,31.92242]]]},"properties":{"hoanrinKind":"保安林"}},
{"type":"Feature","geometry":{"type":"Polygon","coordinates":[[[130.6111,31.91799],[130.61234,31.91764],[130.61399,31.92016],[130.61232,31.91971],[130.6111,31.91799]]]},"properties":{"hoanrinKind":"保安林"}},
{"type":"Feature","geometry":{"type":"Polygon","coordinates":[[[130.33617,31.92326],[130.33699,31.92345],[130.33694,31.9246],[130.33632,31.92439],[130.33617,31.92326]]]},"properties":{"hoanrinKind":"保安林"}},
{"type":"Feature","geometry":{"type":"Polygon","coordinates":[[[130.24616,31.92506],[130.24658,31.9246],[130.24711,31.92499],[130.24616,31.92506]]]},"properties":{"hoanrinKind":"保安林"}},
{"type":"Feature","geometry":{"type":"Polygon","coordinates":[[[130.61619,31.92089],[130.61745,31.9202],[130.61962,31.92004],[130.61991,31.92123],[130.61619,31.92089]]]},"properties":{"hoanrinKind":"保安林"}},
{"type":"Feature","geometry":{"type":"Polygon","coordinates":[[[130.34739,31.91586],[130.34898,31.91461],[130.34963,31.91298],[130.35101,31.91249],[130.35197,31.91435],[130.35364,31.91428],[130.35492,31.91613],[130.35501,31.91869],[130.35441,31.91918],[130.35421,31.92292],[130.34979,31.92348],[130.34899,31.92401],[130.34756,31.92351],[130.34786,31.92113],[130.3498,31.92296],[130.35071,31.91995],[130.35222,31.91759],[130.35081,31.91629],[130.34765,31.91696],[130.34739,31.91586]]]},"properties":{"hoanrinKind":"保安林"}},
{"type":"Feature","geometry":{"type":"Polygon","coordinates":[[[130.32731,31.92314],[130.32846,31.92171],[130.32953,31.92196],[130.32939,31.92363],[130.32763,31.92423],[130.32731,31.92314]]]},"properties":{"hoanrinKind":"保安林"}},
{"type":"Feature","geometry":{"type":"Polygon","coordinates":[[[130.68238,31.918],[130.68318,31.91778],[130.68345,31.91858],[130.6824,31.91845],[130.68238,31.918]]]},"properties":{"hoanrinKind":"保安林"}},
{"type":"Feature","geometry":{"type":"Polygon","coordinates":[[[130.3221,31.92176],[130.32394,31.92181],[130.32525,31.92257],[130.3224,31.92305],[130.3221,31.92176]]]},"properties":{"hoanrinKind":"保安林"}},
{"type":"Feature","geometry":{"type":"Polygon","coordinates":[[[130.25831,31.92304],[130.25849,31.92251],[130.25901,31.92222],[130.25878,31.92338],[130.25831,31.92304]]]},"properties":{"hoanrinKind":"保安林"}},
{"type":"Feature","geometry":{"type":"Polygon","coordinates":[[[130.25673,31.92259],[130.25745,31.92264],[130.25748,31.92299],[130.25688,31.92284],[130.25673,31.92259]]]},"properties":{"hoanrinKind":"保安林"}},
{"type":"Feature","geometry":{"type":"Polygon","coordinates":[[[130.61498,31.91836],[130.6183,31.91678],[130.61864,31.91818],[130.61498,31.91836]]]},"properties":{"hoanrinKind":"保安林"}},
{"type":"Feature","geometry":{"type":"Polygon","coordinates":[[[130.6126,31.91731],[130.61472,31.91703],[130.61448,31.91858],[130.61375,31.91861],[130.6126,31.91731]]]},"properties":{"hoanrinKind":"保安林"}},
{"type":"Feature","geometry":{"type":"Polygon","coordinates":[[[130.36467,31.91884],[130.36613,31.91872],[130.36729,31.92004],[130.36518,31.92009],[130.36467,31.91884]]]},"properties":{"hoanrinKind":"保安林"}},
{"type":"Feature","geometry":{"type":"Polygon","coordinates":[[[130.2571,31.92178],[130.25764,31.92146],[130.25856,31.92164],[130.25863,31.92202],[130.25778,31.92214],[130.2571,31.92178]]]},"properties":{"hoanrinKind":"保安林"}},
{"type":"Feature","geometry":{"type":"Polygon","coordinates":[[[130.25622,31.92108],[130.25663,31.91998],[130.25777,31.91949],[130.26001,31.91918],[130.2601,31.91996],[130.25762,31.92049],[130.25622,31.92108]]]},"properties":{"hoanrinKind":"保安林"}},
{"type":"Feature","geometry":{"type":"Polygon","coordinates":[[[130.5052,31.91827],[130.50714,31.91634],[130.50825,31.91727],[130.50739,31.918],[130.5052,31.91827]]]},"properties":{"hoanrinKind":"保安林"}},
{"type":"Feature","geometry":{"type":"Polygon","coordinates":[[[130.32501,31.91908],[130.32563,31.91832],[130.32763,31.91844],[130.32657,31.9207],[130.32501,31.91908]]]},"properties":{"hoanrinKind":"保安林"}},
{"type":"Feature","geometry":{"type":"Polygon","coordinates":[[[130.68561,31.91539],[130.68805,31.91438],[130.68878,31.9134],[130.69105,31.9132],[130.69064,31.91441],[130.68879,31.91548],[130.6874,31.91543],[130.68657,31.9163],[130.68561,31.91539]]]},"properties":{"hoanrinKind":"保安林"}},
{"type":"Feature","geometry":{"type":"Polygon","coordinates":[[[130.36967,31.91703],[130.37109,31.91582],[130.3735,31.91615],[130.37496,31.91679],[130.37591,31.9179],[130.37554,31.91853],[130.37313,31.91734],[130.37212,31.9182],[130.36967,31.91703]]]},"properties":{"hoanrinKind":"保安林"}},
{"type":"Feature","geometry":{"type":"Polygon","coordinates":[[[130.37798,31.91663],[130.37916,31.91623],[130.37874,31.91802],[130.37798,31.91663]]]},"properties":{"hoanrinKind":"保安林"}},
{"type":"Feature","geometry":{"type":"Polygon","coordinates":[[[130.60883,31.91314],[130.61,31.91351],[130.61049,31.91473],[130.61171,31.91457],[130.61267,31.9131],[130.61352,31.91293],[130.61378,31.91479],[130.61205,31.91677],[130.61047,31.91595],[130.60883,31.91314]]]},"properties":{"hoanrinKind":"保安林"}},
{"type":"Feature","geometry":{"type":"Polygon","coordinates":[[[130.33304,31.91859],[130.33468,31.91878],[130.33367,31.91989],[130.33304,31.91859]]]},"properties":{"hoanrinKind":"保安林"}},
{"type":"Feature","geometry":{"type":"Polygon","coordinates":[[[130.38415,31.91655],[130.38507,31.91493],[130.38621,31.91627],[130.38541,31.91897],[130.38455,31.91859],[130.38415,31.91655]]]},"properties":{"hoanrinKind":"保安林"}},
{"type":"Feature","geometry":{"type":"Polygon","coordinates":[[[130.31323,31.91915],[130.31384,31.91855],[130.31611,31.91815],[130.31668,31.9189],[130.31323,31.91915]]]},"properties":{"hoanrinKind":"保安林"}},
{"type":"Feature","geometry":{"type":"Polygon","coordinates":[[[130.32481,31.91676],[130.32619,31.91672],[130.32641,31.91737],[130.32487,31.91782],[130.32481,31.91676]]]},"properties":{"hoanrinKind":"保安林"}},
{"type":"Feature","geometry":{"type":"Polygon","coordinates":[[[130.37634,31.91559],[130.37713,31.91504],[130.37885,31.91508],[130.3781,31.91613],[130.37634,31.91559]]]},"properties":{"hoanrinKind":"保安林"}},
{"type":"Feature","geometry":{"type":"Polygon","coordinates":[[[130.21874,31.91619],[130.21974,31.91624],[130.22033,31.91427],[130.22157,31.91503],[130.22119,31.91682],[130.21984,31.91739],[130.21874,31.91619]]]},"properties":{"hoanrinKind":"保安林"}},
{"type":"Feature","geometry":{"type":"Polygon","coordinates":[[[130.40066,31.91369],[130.40097,31.9133],[130.40379,31.91297],[130.40274,31.91529],[130.40112,31.91549],[130.40066,31.91369]]]},"properties":{"hoanrinKind":"保安林"}},
{"type":"Feature","geometry":{"type":"Polygon","coordinates":[[[130.36187,31.91349],[130.36314,31.91252],[130.36438,31.91081],[130.36549,31.91156],[130.3653,31.91358],[130.36386,31.91532],[130.36224,31.91493],[130.36187,31.91349]]]},"properties":{"hoanrinKind":"保安林"}},
{"type":"Feature","geometry":{"type":"Polygon","coordinates":[[[130.51007,31.91216],[130.511,31.91028],[130.51251,31.91003],[130.51498,31.9078],[130.51495,31.9092],[130.51272,31.91062],[130.51126,31.91117],[130.51007,31.91216]]]},"properties":{"hoanrinKind":"保安林"}},
{"type":"Feature","geometry":{"type":"Polygon","coordinates":[[[130.60765,31.90861],[130.60941,31.90911],[130.60844,31.91098],[130.60765,31.90861]]]},"properties":{"hoanrinKind":"保安林"}},
{"type":"Feature","geometry":{"type":"Polygon","coordinates":[[[130.68068,31.909],[130.68138,31.90814],[130.68247,31.90814],[130.683,31.90919],[130.68087,31.9096],[130.68068,31.909]]]},"properties":{"hoanrinKind":"保安林"}},
{"type":"Feature","geometry":{"type":"Polygon","coordinates":[[[130.67241,31.90947],[130.67315,31.90886],[130.67391,31.90778],[130.67446,31.90773],[130.67339,31.90938],[130.67241,31.90947]]]},"properties":{"hoanrinKind":"保安林"}},
{"type":"Feature","geometry":{"type":"Polygon","coordinates":[[[130.35533,31.91195],[130.35604,31.91083],[130.35972,31.91027],[130.35997,31.91146],[130.35862,31.9114],[130.35712,31.9119],[130.35617,31.91271],[130.35533,31.91195]]]},"properties":{"hoanrinKind":"保安林"}},
{"type":"Feature","geometry":{"type":"Polygon","coordinates":[[[130.37085,31.90624],[130.37218,31.90569],[130.37409,31.90675],[130.37494,31.90643],[130.37605,31.90738],[130.3775,31.90726],[130.37831,31.90826],[130.37502,31.90931],[130.37512,31.91138],[130.3743,31.91178],[130.37265,31.9111],[130.37183,31.90934],[130.37203,31.9074],[130.37085,31.90624]]]},"properties":{"hoanrinKind":"保安林"}},
{"type":"Feature","geometry":{"type":"Polygon","coordinates":[[[130.32861,31.90946],[130.32952,31.91037],[130.33009,31.91201],[130.32855,31.91108],[130.32861,31.90946]]]},"properties":{"hoanrinKind":"保安林"}},
{"type":"Feature","geometry":{"type":"Polygon","coordinates":[[[130.61855,31.90443],[130.62059,31.90365],[130.62102,31.90506],[130.61914,31.90535],[130.61855,31.90443]]]},"properties":{"hoanrinKind":"保安林"}},
{"type":"Feature","geometry":{"type":"Polygon","coordinates":[[[130.81435,31.90142],[130.81671,31.90054],[130.81561,31.90258],[130.81435,31.90142]]]},"properties":{"hoanrinKind":"保安林"}},
{"type":"Feature","geometry":{"type":"Polygon","coordinates":[[[130.8199,31.90084],[130.81994,31.9002],[130.82069,31.90007],[130.8207,31.90107],[130.8199,31.90084]]]},"properties":{"hoanrinKind":"保安林"}},
{"type":"Feature","geometry":{"type":"Polygon","coordinates":[[[130.74208,31.90035],[130.74264,31.89984],[130.744,31.90061],[130.74394,31.90176],[130.74211,31.90176],[130.74208,31.90035]]]},"properties":{"hoanrinKind":"保安林"}},
{"type":"Feature","geometry":{"type":"Polygon","coordinates":[[[130.77226,31.8995],[130.77386,31.8998],[130.77406,31.90088],[130.7728,31.90148],[130.77226,31.8995]]]},"properties":{"hoanrinKind":"保安林"}},
{"type":"Feature","geometry":{"type":"Polygon","coordinates":[[[130.41878,31.90453],[130.41969,31.90433],[130.42009,31.90483],[130.41912,31.90542],[130.41878,31.90453]]]},"properties":{"hoanrinKind":"保安林"}},
{"type":"Feature","geometry":{"type":"Polygon","coordinates":[[[130.70501,31.90052],[130.70556,31.89842],[130.70648,31.90012],[130.70501,31.90052]]]},"properties":{"hoanrinKind":"保安林"}},
{"type":"Feature","geometry":{"type":"Polygon","coordinates":[[[130.77639,31.8989],[130.7787,31.89896],[130.77823,31.90009],[130.77639,31.8989]]]},"properties":{"hoanrinKind":"保安林"}},
{"type":"Feature","geometry":{"type":"Polygon","coordinates":[[[130.36368,31.90257],[130.36455,31.90131],[130.3685,31.90093],[130.36975,31.90237],[130.36952,31.90403],[130.36671,31.90445],[130.36487,31.90514],[130.36477,31.90362],[130.36368,31.90257]]]},"properties":{"hoanrinKind":"保安林"}},
{"type":"Feature","geometry":{"type":"Polygon","coordinates":[[[130.79999,31.89008],[130.80116,31.88825],[130.80225,31.88724],[130.80318,31.88717],[130.8037,31.88837],[130.80249,31.89088],[130.80305,31.89177],[130.80452,31.89193],[130.80603,31.89097],[130.80796,31.89251],[130.8081,31.89395],[130.8102,31.89509],[130.81081,31.89648],[130.81295,31.89741],[130.81366,31.89852],[130.81286,31.89899],[130.81047,31.8969],[130.80916,31.8954],[130.8078,31.89497],[130.80659,31.89397],[130.8062,31.89276],[130.80124,31.89233],[130.80028,31.89209],[130.79999,31.89008]]]},"properties":{"hoanrinKind":"保安林"}},
{"type":"Feature","geometry":{"type":"Polygon","coordinates":[[[130.78669,31.8965],[130.78747,31.89675],[130.78937,31.89867],[130.78704,31.89722],[130.78669,31.8965]]]},"properties":{"hoanrinKind":"保安林"}},
{"type":"Feature","geometry":{"type":"Polygon","coordinates":[[[130.7882,31.89177],[130.79078,31.89177],[130.79233,31.89139],[130.79536,31.89361],[130.79754,31.89672],[130.79715,31.89719],[130.79321,31.89396],[130.79304,31.89608],[130.79186,31.89539],[130.7912,31.89431],[130.79265,31.89405],[130.78961,31.89191],[130.7882,31.89177]]]},"properties":{"hoanrinKind":"保安林"}},
{"type":"Feature","geometry":{"type":"Polygon","coordinates":[[[130.77437,31.89753],[130.77515,31.89731],[130.77644,31.89749],[130.77707,31.89737],[130.77728,31.8978],[130.77606,31.8978],[130.77437,31.89753]]]},"properties":{"hoanrinKind":"保安林"}},
{"type":"Feature","geometry":{"type":"Polygon","coordinates":[[[130.77357,31.89622],[130.77628,31.89666],[130.77638,31.89695],[130.77404,31.89671],[130.77357,31.89622]]]},"properties":{"hoanrinKind":"保安林"}},
{"type":"Feature","geometry":{"type":"Polygon","coordinates":[[[130.78764,31.89599],[130.78855,31.89604],[130.78853,31.89632],[130.78768,31.89638],[130.78764,31.89599]]]},"properties":{"hoanrinKind":"保安林"}},
{"type":"Feature","geometry":{"type":"Polygon","coordinates":[[[130.75774,31.89597],[130.75939,31.8951],[130.75946,31.89663],[130.75774,31.89597]]]},"properties":{"hoanrinKind":"保安林"}},
{"type":"Feature","geometry":{"type":"Polygon","coordinates":[[[130.41713,31.89787],[130.41806,31.89772],[130.4189,31.89909],[130.41719,31.89832],[130.41713,31.89787]]]},"properties":{"hoanrinKind":"保安林"}},
{"type":"Feature","geometry":{"type":"Polygon","coordinates":[[[130.35108,31.89388],[130.35282,31.89165],[130.35386,31.89166],[130.35678,31.89283],[130.35742,31.89404],[130.358,31.8969],[130.35989,31.89676],[130.36034,31.89758],[130.35924,31.89818],[130.35777,31.89826],[130.35681,31.89653],[130.35341,31.89568],[130.35206,31.89497],[130.35108,31.89388]]]},"properties":{"hoanrinKind":"保安林"}},
{"type":"Feature","geometry":{"type":"Polygon","coordinates":[[[130.40247,31.89754],[130.40268,31.89598],[130.40479,31.89597],[130.40459,31.89681],[130.40314,31.89796],[130.40247,31.89754]]]},"properties":{"hoanrinKind":"保安林"}},
{"type":"Feature","geometry":{"type":"Polygon","coordinates":[[[130.76292,31.89188],[130.76368,31.89047],[130.76607,31.8917],[130.76496,31.89287],[130.76292,31.89188]]]},"properties":{"hoanrinKind":"保安林"}},
{"type":"Feature","geometry":{"type":"Polygon","coordinates":[[[130.78414,31.89098],[130.78463,31.89049],[130.78512,31.89169],[130.78485,31.89182],[130.78414,31.89098]]]},"properties":{"hoanrinKind":"保安林"}},
{"type":"Feature","geometry":{"type":"Polygon","coordinates":[[[130.42158,31.89336],[130.42279,31.89245],[130.42395,31.89007],[130.42466,31.89018],[130.42558,31.89231],[130.42623,31.89285],[130.4283,31.89272],[130.42959,31.89227],[130.43066,31.89394],[130.42959,31.89618],[130.42746,31.89588],[130.42677,31.89542],[130.42593,31.89312],[130.42404,31.89418],[130.42167,31.8949],[130.42158,31.89336]]]},"properties":{"hoanrinKind":"保安林"}},
{"type":"Feature","geometry":{"type":"Polygon","coordinates":[[[130.63096,31.8877],[130.63303,31.8867],[130.63188,31.8846],[130.63264,31.88414],[130.63512,31.88476],[130.63668,31.88465],[130.63669,31.88585],[130.63863,31.88708],[130.63706,31.88893],[130.63799,31.89047],[130.63644,31.89085],[130.63529,31.89177],[130.634,31.89075],[130.63302,31.88879],[130.63096,31.8877]]]},"properties":{"hoanrinKind":"保安林"}},
{"type":"Feature","geometry":{"type":"Polygon","coordinates":[[[130.54566,31.89107],[130.54747,31.89119],[130.54633,31.89253],[130.54566,31.89107]]]},"properties":{"hoanrinKind":"保安林"}},
{"type":"Feature","geometry":{"type":"Polygon","coordinates":[[[130.4055,31.8931],[130.40653,31.8924],[130.40646,31.89336],[130.4055,31.8931]]]},"properties":{"hoanrinKind":"保安林"}},
{"type":"Feature","geometry":{"type":"Polygon","coordinates":[[[130.48491,31.89021],[130.48625,31.88879],[130.48771,31.89052],[130.48788,31.89152],[130.48691,31.89205],[130.48533,31.891],[130.48491,31.89021]]]},"properties":{"hoanrinKind":"保安林"}},
{"type":"Feature","geometry":{"type":"Polygon","coordinates":[[[130.35815,31.8931],[130.35834,31.89295],[130.35898,31.89318],[130.35876,31.89342],[130.35827,31.8934],[130.35815,31.8931]]]},"properties":{"hoanrinKind":"保安林"}},
{"type":"Feature","geometry":{"type":"Polygon","coordinates":[[[130.62539,31.88889],[130.62706,31.88889],[130.62589,31.8902],[130.62539,31.88889]]]},"properties":{"hoanrinKind":"保安林"}},
{"type":"Feature","geometry":{"type":"Polygon","coordinates":[[[130.3463,31.8921],[130.34647,31.89039],[130.34885,31.89007],[130.35025,31.89134],[130.34976,31.89312],[130.34825,31.89285],[130.34682,31.89309],[130.3463,31.8921]]]},"properties":{"hoanrinKind":"保安林"}},
{"type":"Feature","geometry":{"type":"Polygon","coordinates":[[[130.81235,31.88557],[130.8147,31.88543],[130.81606,31.88718],[130.81434,31.88737],[130.81329,31.88597],[130.81235,31.88557]]]},"properties":{"hoanrinKind":"保安林"}},
{"type":"Feature","geometry":{"type":"Polygon","coordinates":[[[130.22421,31.89184],[130.22596,31.89332],[130.22472,31.89404],[130.22421,31.89184]]]},"properties":{"hoanrinKind":"保安林"}},
{"type":"Feature","geometry":{"type":"Polygon","coordinates":[[[130.35078,31.89238],[130.35123,31.89232],[130.35123,31.89296],[130.35093,31.89289],[130.35078,31.89238]]]},"properties":{"hoanrinKind":"保安林"}},
{"type":"Feature","geometry":{"type":"Polygon","coordinates":[[[130.41126,31.89098],[130.41182,31.89126],[130.41212,31.89181],[130.41105,31.89122],[130.41126,31.89098]]]},"properties":{"hoanrinKind":"保安林"}},
{"type":"Feature","geometry":{"type":"Polygon","coordinates":[[[130.43007,31.89056],[130.42995,31.88937],[130.43035,31.88856],[130.4313,31.88849],[130.43091,31.88977],[130.43007,31.89056]]]},"properties":{"hoanrinKind":"保安林"}},
{"type":"Feature","geometry":{"type":"Polygon","coordinates":[[[130.79837,31.8841],[130.80162,31.88593],[130.80093,31.88637],[130.79788,31.88447],[130.79837,31.8841]]]},"properties":{"hoanrinKind":"保安林"}},
{"type":"Feature","geometry":{"type":"Polygon","coordinates":[[[130.75507,31.88404],[130.75659,31.88444],[130.75725,31.88532],[130.7552,31.88457],[130.75507,31.88404]]]},"properties":{"hoanrinKind":"保安林"}},
{"type":"Feature","geometry":{"type":"Polygon","coordinates":[[[130.41001,31.88868],[130.41237,31.88974],[130.41345,31.88929],[130.41525,31.89065],[130.41372,31.89112],[130.41113,31.89049],[130.41001,31.88868]]]},"properties":{"hoanrinKind":"保安林"}},
{"type":"Feature","geometry":{"type":"Polygon","coordinates":[[[130.4182,31.88958],[130.41986,31.88933],[130.41927,31.89081],[130.4182,31.88958]]]},"properties":{"hoanrinKind":"保安林"}},
{"type":"Feature","geometry":{"type":"Polygon","coordinates":[[[130.53779,31.88675],[130.53842,31.88606],[130.54012,31.88544],[130.54049,31.88362],[130.5424,31.88354],[130.54088,31.88593],[130.5388,31.88674],[130.53779,31.88675]]]},"properties":{"hoanrinKind":"保安林"}},
{"type":"Feature","geometry":{"type":"Polygon","coordinates":[[[130.43482,31.88809],[130.43585,31.88672],[130.43768,31.88781],[130.43625,31.88948],[130.43482,31.88809]]]},"properties":{"hoanrinKind":"保安林"}},
{"type":"Feature","geometry":{"type":"Polygon","coordinates":[[[130.69612,31.88453],[130.69783,31.88452],[130.69825,31.88291],[130.69698,31.88084],[130.69767,31.88009],[130.69959,31.88034],[130.69948,31.88212],[130.70034,31.88375],[130.69908,31.88517],[130.6962,31.88626],[130.69612,31.88453]]]},"properties":{"hoanrinKind":"保安林"}},
{"type":"Feature","geometry":{"type":"Polygon","coordinates":[[[130.42736,31.88833],[130.42911,31.88759],[130.42866,31.88916],[130.42736,31.88833]]]},"properties":{"hoanrinKind":"保安林"}},
{"type":"Feature","geometry":{"type":"Polygon","coordinates":[[[130.35265,31.88912],[130.35454,31.88835],[130.35501,31.88914],[130.35367,31.88958],[130.35265,31.88912]]]},"properties":{"hoanrinKind":"保安林"}},
{"type":"Feature","geometry":{"type":"Polygon","coordinates":[[[130.51935,31.88668],[130.521,31.88659],[130.52112,31.88721],[130.51968,31.8873],[130.51935,31.88668]]]},"properties":{"hoanrinKind":"保安林"}},
{"type":"Feature","geometry":{"type":"Polygon","coordinates":[[[130.7438,31.88261],[130.74537,31.88316],[130.74393,31.88404],[130.7438,31.88261]]]},"properties":{"hoanrinKind":"保安林"}},
{"type":"Feature","geometry":{"type":"Polygon","coordinates":[[[130.746,31.88107],[130.74688,31.88041],[130.74834,31.88075],[130.74795,31.88221],[130.74896,31.8831],[130.74767,31.8839],[130.74642,31.8833],[130.74668,31.88144],[130.746,31.88107]]]},"properties":{"hoanrinKind":"保安林"}},
{"type":"Feature","geometry":{"type":"Polygon","coordinates":[[[130.80286,31.8815],[130.80534,31.88223],[130.80361,31.88266],[130.80286,31.8815]]]},"properties":{"hoanrinKind":"保安林"}},
{"type":"Feature","geometry":{"type":"Polygon","coordinates":[[[130.54948,31.88367],[130.55095,31.88287],[130.55151,31.88522],[130.55002,31.88538],[130.54948,31.88367]]]},"properties":{"hoanrinKind":"保安林"}},
{"type":"Feature","geometry":{"type":"Polygon","coordinates":[[[130.74962,31.88038],[130.75156,31.88078],[130.75171,31.88267],[130.75058,31.88296],[130.75016,31.88091],[130.74962,31.88038]]]},"properties":{"hoanrinKind":"保安林"}},
{"type":"Feature","geometry":{"type":"Polygon","coordinates":[[[130.55175,31.88268],[130.55375,31.88453],[130.55247,31.88457],[130.55175,31.88268]]]},"properties":{"hoanrinKind":"保安林"}},
{"type":"Feature","geometry":{"type":"Polygon","coordinates":[[[130.52192,31.88503],[130.52239,31.88477],[130.52297,31.88522],[130.52223,31.88547],[130.52192,31.88503]]]},"properties":{"hoanrinKind":"保安林"}},
{"type":"Feature","geometry":{"type":"Polygon","coordinates":[[[130.53771,31.88424],[130.53793,31.88387],[130.53965,31.88478],[130.53815,31.88491],[130.53771,31.88424]]]},"properties":{"hoanrinKind":"保安林"}},
{"type":"Feature","geometry":{"type":"Polygon","coordinates":[[[130.35361,31.88634],[130.35383,31.88534],[130.35518,31.88537],[130.35526,31.887],[130.35361,31.88634]]]},"properties":{"hoanrinKind":"保安林"}},
{"type":"Feature","geometry":{"type":"Polygon","coordinates":[[[130.40198,31.88253],[130.40333,31.88204],[130.40404,31.88351],[130.40328,31.88522],[130.40225,31.88505],[130.40257,31.88296],[130.40198,31.88253]]]},"properties":{"hoanrinKind":"保安林"}},
{"type":"Feature","geometry":{"type":"Polygon","coordinates":[[[130.77172,31.88083],[130.77177,31.88018],[130.77362,31.87843],[130.77512,31.87909],[130.77598,31.87876],[130.77695,31.88034],[130.77526,31.88153],[130.77433,31.88118],[130.77238,31.88169],[130.77172,31.88083]]]},"properties":{"hoanrinKind":"保安林"}},
{"type":"Feature","geometry":{"type":"Polygon","coordinates":[[[130.73573,31.88176],[130.73649,31.88135],[130.73676,31.88145],[130.73585,31.88206],[130.73573,31.88176]]]},"properties":{"hoanrinKind":"保安林"}},
{"type":"Feature","geometry":{"type":"Polygon","coordinates":[[[130.4291,31.87876],[130.43034,31.87872],[130.43129,31.8779],[130.43175,31.88027],[130.4325,31.88163],[130.43531,31.88572],[130.43305,31.88567],[130.43141,31.88368],[130.43049,31.88183],[130.42976,31.88147],[130.43035,31.8793],[130.4291,31.87876]]]},"properties":{"hoanrinKind":"保安林"}},
{"type":"Feature","geometry":{"type":"Polygon","coordinates":[[[130.66047,31.87992],[130.6623,31.88075],[130.66124,31.88206],[130.66047,31.87992]]]},"properties":{"hoanrinKind":"保安林"}},
{"type":"Feature","geometry":{"type":"Polygon","coordinates":[[[130.34849,31.88459],[130.34906,31.88418],[130.35136,31.88388],[130.35189,31.88455],[130.35088,31.88594],[130.34849,31.88459]]]},"properties":{"hoanrinKind":"保安林"}},
{"type":"Feature","geometry":{"type":"Polygon","coordinates":[[[130.75026,31.87984],[130.751,31.88022],[130.75071,31.88032],[130.75026,31.87984]]]},"properties":{"hoanrinKind":"保安林"}},
{"type":"Feature","geometry":{"type":"Polygon","coordinates":[[[130.40131,31.88432],[130.40143,31.88384],[130.40194,31.88406],[130.4015,31.88465],[130.40131,31.88432]]]},"properties":{"hoanrinKind":"保安林"}},
{"type":"Feature","geometry":{"type":"Polygon","coordinates":[[[130.42054,31.88297],[130.42149,31.88264],[130.42185,31.88408],[130.42059,31.88415],[130.42054,31.88297]]]},"properties":{"hoanrinKind":"保安林"}},
{"type":"Feature","geometry":{"type":"Polygon","coordinates":[[[130.36776,31.88383],[130.3685,31.88305],[130.36952,31.88379],[130.36914,31.88468],[130.36776,31.88383]]]},"properties":{"hoanrinKind":"保安林"}},
{"type":"Feature","geometry":{"type":"Polygon","coordinates":[[[130.78923,31.8791],[130.79012,31.87912],[130.78979,31.87942],[130.78923,31.8791]]]},"properties":{"hoanrinKind":"保安林"}},
{"type":"Feature","geometry":{"type":"Polygon","coordinates":[[[130.74331,31.87969],[130.74362,31.87825],[130.74649,31.87789],[130.74635,31.87909],[130.74331,31.87969]]]},"properties":{"hoanrinKind":"保安林"}},
{"type":"Feature","geometry":{"type":"Polygon","coordinates":[[[130.8068,31.87858],[130.80697,31.87785],[130.80746,31.87786],[130.8068,31.87858]]]},"properties":{"hoanrinKind":"保安林"}},
{"type":"Feature","geometry":{"type":"Polygon","coordinates":[[[130.34505,31.88372],[130.34582,31.88365],[130.34596,31.88426],[130.34539,31.88437],[130.34505,31.88372]]]},"properties":{"hoanrinKind":"保安林"}},
{"type":"Feature","geometry":{"type":"Polygon","coordinates":[[[130.38358,31.88164],[130.3839,31.88009],[130.38494,31.87994],[130.38674,31.88211],[130.38898,31.88277],[130.38655,31.88386],[130.38559,31.88297],[130.38381,31.88263],[130.38358,31.88164]]]},"properties":{"hoanrinKind":"保安林"}},
{"type":"Feature","geometry":{"type":"Polygon","coordinates":[[[130.38881,31.8817],[130.38951,31.88146],[130.38983,31.88203],[130.38922,31.88233],[130.38881,31.8817]]]},"properties":{"hoanrinKind":"保安林"}},
{"type":"Feature","geometry":{"type":"Polygon","coordinates":[[[130.36784,31.88214],[130.36917,31.88106],[130.36987,31.87925],[130.36968,31.8774],[130.36985,31.87498],[130.37161,31.87599],[130.37209,31.87744],[130.37166,31.87875],[130.36948,31.88192],[130.36784,31.88214]]]},"properties":{"hoanrinKind":"保安林"}},
{"type":"Feature","geometry":{"type":"Polygon","coordinates":[[[130.46417,31.87892],[130.46541,31.87675],[130.46688,31.87514],[130.46692,31.87352],[130.4677,31.87274],[130.4692,31.87347],[130.47047,31.87485],[130.46971,31.87686],[130.47016,31.87824],[130.47127,31.8778],[130.4719,31.87873],[130.47062,31.88012],[130.46879,31.88113],[130.46745,31.88047],[130.4677,31.87893],[130.46626,31.87948],[130.46564,31.88039],[130.46417,31.87892]]]},"properties":{"hoanrinKind":"保安林"}},
{"type":"Feature","geometry":{"type":"Polygon","coordinates":[[[130.7399,31.87585],[130.7411,31.87663],[130.74286,31.87698],[130.74261,31.87726],[130.74175,31.87721],[130.74026,31.87658],[130.7399,31.87585]]]},"properties":{"hoanrinKind":"保安林"}},
{"type":"Feature","geometry":{"type":"Polygon","coordinates":[[[130.41268,31.87972],[130.41353,31.88002],[130.41397,31.8811],[130.4134,31.88102],[130.41286,31.88045],[130.41268,31.87972]]]},"properties":{"hoanrinKind":"保安林"}},
{"type":"Feature","geometry":{"type":"Polygon","coordinates":[[[130.74366,31.87586],[130.74587,31.87591],[130.74681,31.87567],[130.74705,31.87657],[130.74366,31.87586]]]},"properties":{"hoanrinKind":"保安林"}},
{"type":"Feature","geometry":{"type":"Polygon","coordinates":[[[130.45888,31.87619],[130.46003,31.87528],[130.46167,31.87595],[130.46325,31.87707],[130.46267,31.87779],[130.46122,31.87739],[130.46038,31.87939],[130.4593,31.8792],[130.45952,31.87783],[130.45888,31.87619]]]},"properties":{"hoanrinKind":"保安林"}},
{"type":"Feature","geometry":{"type":"Polygon","coordinates":[[[130.4134,31.8758],[130.41476,31.87691],[130.417,31.87756],[130.41665,31.87927],[130.41553,31.87984],[130.41414,31.87926],[130.41417,31.87715],[130.4134,31.8758]]]},"properties":{"hoanrinKind":"保安林"}},
{"type":"Feature","geometry":{"type":"Polygon","coordinates":[[[130.74934,31.87423],[130.75028,31.87405],[130.75015,31.87462],[130.74934,31.87423]]]},"properties":{"hoanrinKind":"保安林"}},
{"type":"Feature","geometry":{"type":"Polygon","coordinates":[[[130.49567,31.87696],[130.49614,31.8772],[130.49692,31.87699],[130.4966,31.87784],[130.49588,31.87743],[130.49567,31.87696]]]},"properties":{"hoanrinKind":"保安林"}},
{"type":"Feature","geometry":{"type":"Polygon","coordinates":[[[130.75538,31.87405],[130.75589,31.87364],[130.75608,31.87381],[130.75564,31.87425],[130.75538,31.87405]]]},"properties":{"hoanrinKind":"保安林"}},
{"type":"Feature","geometry":{"type":"Polygon","coordinates":[[[130.75334,31.87364],[130.75474,31.87099],[130.7555,31.87197],[130.75428,31.87353],[130.75334,31.87364]]]},"properties":{"hoanrinKind":"保安林"}},
{"type":"Feature","geometry":{"type":"Polygon","coordinates":[[[130.47033,31.8706],[130.47189,31.87061],[130.4728,31.87114],[130.47425,31.87107],[130.47654,31.87172],[130.47855,31.8736],[130.47722,31.87461],[130.47719,31.87592],[130.47535,31.87736],[130.47433,31.87599],[130.47315,31.87599],[130.47248,31.87377],[130.47278,31.87258],[130.47153,31.87233],[130.47033,31.8706]]]},"properties":{"hoanrinKind":"保安林"}},
{"type":"Feature","geometry":{"type":"Polygon","coordinates":[[[130.65107,31.87471],[130.65177,31.87423],[130.65209,31.87456],[130.65156,31.87516],[130.65107,31.87471]]]},"properties":{"hoanrinKind":"保安林"}},
{"type":"Feature","geometry":{"type":"Polygon","coordinates":[[[130.53514,31.87537],[130.53594,31.87503],[130.53615,31.87392],[130.53543,31.87323],[130.53627,31.8729],[130.53701,31.87326],[130.53645,31.8748],[130.53533,31.87623],[130.53514,31.87537]]]},"properties":{"hoanrinKind":"保安林"}},
{"type":"Feature","geometry":{"type":"Polygon","coordinates":[[[129.81869,31.8611],[129.81893,31.85903],[129.82051,31.85678],[129.82058,31.85596],[129.81977,31.85441],[129.82214,31.85361],[129.82093,31.8526],[129.82054,31.85068],[129.82189,31.85038],[129.82251,31.84848],[129.82309,31.84805],[129.8236,31.84549],[129.82154,31.84385],[129.82305,31.84281],[129.82501,31.84295],[129.82719,31.84425],[129.83003,31.84256],[129.83018,31.84077],[129.83218,31.8388],[129.83401,31.83825],[129.83526,31.83834],[129.83575,31.83941],[129.83297,31.83892],[129.83145,31.84016],[129.83095,31.84289],[129.83393,31.84382],[129.83288,31.84626],[129.833,31.84775],[129.83395,31.84864],[129.83354,31.85173],[129.83246,31.85249],[129.83272,31.85384],[129.83396,31.85513],[129.83339,31.85611],[129.83329,31.85796],[129.8312,31.85976],[129.82858,31.86059],[129.82756,31.86125],[129.82723,31.86253],[129.82923,31.86471],[129.83019,31.86625],[129.83015,31.86725],[129.83094,31.86894],[129.83284,31.87029],[129.83365,31.87158],[129.83368,31.8726],[129.83552,31.87608],[129.8359,31.87824],[129.83673,31.87941],[129.84117,31.88012],[129.84458,31.88028],[129.84971,31.87984],[129.85438,31.8799],[129.85532,31.87795],[129.85682,31.87745],[129.85959,31.87765],[129.86053,31.87704],[129.86225,31.87479],[129.86162,31.87328],[129.86504,31.8723],[129.86572,31.87174],[129.86667,31.86936],[129.86735,31.87043],[129.86514,31.87291],[129.86313,31.87352],[129.86296,31.8745],[129.86198,31.87579],[129.86206,31.87772],[129.85919,31.87873],[129.85417,31.882],[129.85209,31.88267],[129.84954,31.88242],[129.84894,31.88122],[129.8478,31.88228],[129.8453,31.88164],[129.84242,31.88121],[129.83967,31.88135],[129.8383,31.88204],[129.83651,31.88198],[129.83533,31.88134],[129.83401,31.87817],[129.83334,31.8753],[129.83054,31.8711],[129.82936,31.87001],[129.8294,31.86866],[129.82769,31.86721],[129.82803,31.8656],[129.82656,31.86502],[129.82377,31.86322],[129.8206,31.86263],[129.81869,31.8611]]]},"properties":{"hoanrinKind":"保安林"}},
{"type":"Feature","geometry":{"type":"Polygon","coordinates":[[[130.58069,31.87504],[130.58169,31.87306],[130.58463,31.87413],[130.58415,31.87495],[130.58287,31.87545],[130.582,31.87472],[130.58069,31.87504]]]},"properties":{"hoanrinKind":"保安林"}},
{"type":"Feature","geometry":{"type":"Polygon","coordinates":[[[130.6503,31.87266],[130.6513,31.87311],[130.65113,31.87408],[130.6503,31.87266]]]},"properties":{"hoanrinKind":"保安林"}},
{"type":"Feature","geometry":{"type":"Polygon","coordinates":[[[130.49702,31.87553],[130.49748,31.87505],[130.4982,31.87542],[130.49713,31.87577],[130.49702,31.87553]]]},"properties":{"hoanrinKind":"保安林"}},
{"type":"Feature","geometry":{"type":"Polygon","coordinates":[[[130.57838,31.87364],[130.5788,31.87312],[130.57902,31.87099],[130.58053,31.8708],[130.58128,31.8733],[130.58026,31.87454],[130.57886,31.8747],[130.57838,31.87364]]]},"properties":{"hoanrinKind":"保安林"}},
{"type":"Feature","geometry":{"type":"Polygon","coordinates":[[[130.49871,31.87447],[130.5006,31.87414],[130.5003,31.87509],[130.49871,31.87447]]]},"properties":{"hoanrinKind":"保安林"}},
{"type":"Feature","geometry":{"type":"Polygon","coordinates":[[[130.53251,31.87412],[130.53317,31.87345],[130.53345,31.87382],[130.53251,31.87412]]]},"properties":{"hoanrinKind":"保安林"}},
{"type":"Feature","geometry":{"type":"Polygon","coordinates":[[[130.46127,31.87369],[130.46295,31.87374],[130.46272,31.87439],[130.46172,31.87436],[130.46127,31.87369]]]},"properties":{"hoanrinKind":"保安林"}},
{"type":"Feature","geometry":{"type":"Polygon","coordinates":[[[130.73975,31.86912],[130.74083,31.86851],[130.74114,31.86974],[130.74015,31.87056],[130.73975,31.86912]]]},"properties":{"hoanrinKind":"保安林"}},
{"type":"Feature","geometry":{"type":"Polygon","coordinates":[[[130.80844,31.86889],[130.80932,31.86834],[130.80954,31.86917],[130.80844,31.86889]]]},"properties":{"hoanrinKind":"保安林"}},
{"type":"Feature","geometry":{"type":"Polygon","coordinates":[[[130.47668,31.87058],[130.47902,31.87151],[130.47912,31.87257],[130.47702,31.87136],[130.47668,31.87058]]]},"properties":{"hoanrinKind":"保安林"}},
{"type":"Feature","geometry":{"type":"Polygon","coordinates":[[[130.53358,31.86878],[130.53548,31.87005],[130.5344,31.87028],[130.53358,31.86878]]]},"properties":{"hoanrinKind":"保安林"}},
{"type":"Feature","geometry":{"type":"Polygon","coordinates":[[[130.51035,31.86958],[130.51117,31.86928],[130.5113,31.87015],[130.5105,31.8705],[130.51035,31.86958]]]},"properties":{"hoanrinKind":"保安林"}},
{"type":"Feature","geometry":{"type":"Polygon","coordinates":[[[130.48287,31.86998],[130.48296,31.86885],[130.48468,31.86917],[130.48404,31.87019],[130.48287,31.86998]]]},"properties":{"hoanrinKind":"保安林"}},
{"type":"Feature","geometry":{"type":"Polygon","coordinates":[[[130.47249,31.86924],[130.47663,31.869],[130.47689,31.87023],[130.47498,31.87025],[130.47249,31.86924]]]},"properties":{"hoanrinKind":"保安林"}},
{"type":"Feature","geometry":{"type":"Polygon","coordinates":[[[130.78656,31.8638],[130.78744,31.86392],[130.78731,31.86476],[130.78663,31.86439],[130.78656,31.8638]]]},"properties":{"hoanrinKind":"保安林"}},
{"type":"Feature","geometry":{"type":"Polygon","coordinates":[[[130.4085,31.86811],[130.40874,31.86724],[130.41025,31.86753],[130.40954,31.86871],[130.4085,31.86811]]]},"properties":{"hoanrinKind":"保安林"}},
{"type":"Feature","geometry":{"type":"Polygon","coordinates":[[[130.71996,31.86478],[130.72023,31.86452],[130.72136,31.86466],[130.72134,31.86498],[130.72043,31.86511],[130.71996,31.86478]]]},"properties":{"hoanrinKind":"保安林"}},
{"type":"Feature","geometry":{"type":"Polygon","coordinates":[[[130.67117,31.86307],[130.67165,31.86322],[130.67168,31.8636],[130.67117,31.86353],[130.67117,31.86307]]]},"properties":{"hoanrinKind":"保安林"}},
{"type":"Feature","geometry":{"type":"Polygon","coordinates":[[[130.77265,31.86173],[130.773,31.8616],[130.77312,31.86183],[130.77276,31.86188],[130.77265,31.86173]]]},"properties":{"hoanrinKind":"保安林"}},
{"type":"Feature","geometry":{"type":"Polygon","coordinates":[[[130.25198,31.86434],[130.25366,31.86341],[130.25466,31.86233],[130.2564,31.86237],[130.25726,31.86402],[130.259,31.86351],[130.25928,31.86449],[130.25878,31.86695],[130.25737,31.86785],[130.25565,31.86788],[130.25263,31.86566],[130.25198,31.86434]]]},"properties":{"hoanrinKind":"保安林"}},
{"type":"Feature","geometry":{"type":"Polygon","coordinates":[[[129.93171,31.86707],[129.93463,31.86816],[129.9364,31.86835],[129.93831,31.86813],[129.93975,31.86849],[129.9396,31.86969],[129.93746,31.87033],[129.93574,31.86926],[129.93283,31.86831],[129.93171,31.86707]]]},"properties":{"hoanrinKind":"保安林"}},
{"type":"Feature","geometry":{"type":"Polygon","coordinates":[[[129.90508,31.86769],[129.90678,31.86739],[129.91048,31.86908],[129.90794,31.86958],[129.9071,31.86876],[129.90576,31.86852],[129.90508,31.86769]]]},"properties":{"hoanrinKind":"保安林"}},
{"type":"Feature","geometry":{"type":"Polygon","coordinates":[[[130.6629,31.86099],[130.66333,31.86045],[130.66366,31.86131],[130.66299,31.86143],[130.6629,31.86099]]]},"properties":{"hoanrinKind":"保安林"}},
{"type":"Feature","geometry":{"type":"Polygon","coordinates":[[[129.92744,31.86747],[129.92788,31.86655],[129.9304,31.86499],[129.93067,31.86565],[129.92744,31.86747]]]},"properties":{"hoanrinKind":"保安林"}},
{"type":"Feature","geometry":{"type":"Polygon","coordinates":[[[130.67472,31.85841],[130.67631,31.85853],[130.67638,31.85922],[130.67472,31.85841]]]},"properties":{"hoanrinKind":"保安林"}},
{"type":"Feature","geometry":{"type":"Polygon","coordinates":[[[130.66467,31.85906],[130.66531,31.85862],[130.66579,31.85895],[130.66507,31.85921],[130.66467,31.85906]]]},"properties":{"hoanrinKind":"保安林"}},
{"type":"Feature","geometry":{"type":"Polygon","coordinates":[[[129.90843,31.85914],[129.91114,31.85958],[129.91245,31.86068],[129.91164,31.863],[129.91018,31.86055],[129.90843,31.85914]]]},"properties":{"hoanrinKind":"保安林"}},
{"type":"Feature","geometry":{"type":"Polygon","coordinates":[[[130.60859,31.85193],[130.60912,31.85116],[130.61055,31.85167],[130.61164,31.85098],[130.61231,31.85203],[130.61374,31.85271],[130.61504,31.85237],[130.61466,31.85443],[130.61692,31.85546],[130.61754,31.85387],[130.61867,31.85309],[130.61833,31.85556],[130.61682,31.8559],[130.61498,31.85687],[130.61349,31.856],[130.61344,31.85521],[130.61042,31.85384],[130.60859,31.85193]]]},"properties":{"hoanrinKind":"保安林"}},
{"type":"Feature","geometry":{"type":"Polygon","coordinates":[[[130.74975,31.85353],[130.75033,31.85306],[130.75213,31.85313],[130.75165,31.85436],[130.75008,31.85424],[130.74975,31.85353]]]},"properties":{"hoanrinKind":"保安林"}},
{"type":"Feature","geometry":{"type":"Polygon","coordinates":[[[130.47748,31.85643],[130.47834,31.85647],[130.47783,31.8575],[130.47711,31.85694],[130.47748,31.85643]]]},"properties":{"hoanrinKind":"保安林"}},
{"type":"Feature","geometry":{"type":"Polygon","coordinates":[[[129.8712,31.86119],[129.87219,31.86031],[129.87307,31.86122],[129.87254,31.86259],[129.8712,31.86119]]]},"properties":{"hoanrinKind":"保安林"}},
{"type":"Feature","geometry":{"type":"Polygon","coordinates":[[[130.43331,31.85497],[130.43463,31.85556],[130.43496,31.8572],[130.43429,31.85739],[130.43333,31.85608],[130.43331,31.85497]]]},"properties":{"hoanrinKind":"保安林"}},
{"type":"Feature","geometry":{"type":"Polygon","coordinates":[[[130.69173,31.85312],[130.69339,31.85252],[130.69423,31.85319],[130.69364,31.85408],[130.69182,31.85399],[130.69173,31.85312]]]},"properties":{"hoanrinKind":"保安林"}},
{"type":"Feature","geometry":{"type":"Polygon","coordinates":[[[130.83278,31.85124],[130.83439,31.85009],[130.8346,31.85044],[130.83355,31.85163],[130.83278,31.85124]]]},"properties":{"hoanrinKind":"保安林"}},
{"type":"Feature","geometry":{"type":"Polygon","coordinates":[[[130.74995,31.85232],[130.75081,31.85232],[130.7513,31.85201],[130.75236,31.85203],[130.75144,31.85277],[130.75033,31.85268],[130.74995,31.85232]]]},"properties":{"hoanrinKind":"保安林"}},
{"type":"Feature","geometry":{"type":"Polygon","coordinates":[[[130.73767,31.85172],[130.73921,31.85034],[130.73943,31.85137],[130.73767,31.85172]]]},"properties":{"hoanrinKind":"保安林"}},
{"type":"Feature","geometry":{"type":"Polygon","coordinates":[[[129.92808,31.85908],[129.92838,31.85806],[129.92944,31.85882],[129.92808,31.85908]]]},"properties":{"hoanrinKind":"保安林"}},
{"type":"Feature","geometry":{"type":"Polygon","coordinates":[[[130.6936,31.85096],[130.6937,31.85026],[130.69433,31.85],[130.69451,31.85087],[130.6936,31.85096]]]},"properties":{"hoanrinKind":"保安林"}},
{"type":"Feature","geometry":{"type":"Polygon","coordinates":[[[129.84271,31.85938],[129.84305,31.85735],[129.845,31.85727],[129.84526,31.85954],[129.84313,31.86],[129.84271,31.85938]]]},"properties":{"hoanrinKind":"保安林"}},
{"type":"Feature","geometry":{"type":"Polygon","coordinates":[[[129.87762,31.85926],[129.87898,31.85784],[129.87941,31.8589],[129.87762,31.85926]]]},"properties":{"hoanrinKind":"保安林"}},
{"type":"Feature","geometry":{"type":"Polygon","coordinates":[[[130.68321,31.84898],[130.6849,31.8497],[130.68598,31.84743],[130.68712,31.84747],[130.686,31.85012],[130.68424,31.85005],[130.68321,31.84898]]]},"properties":{"hoanrinKind":"保安林"}},
{"type":"Feature","geometry":{"type":"Polygon","coordinates":[[[130.43123,31.84939],[130.43322,31.84991],[130.43406,31.85108],[130.43504,31.8533],[130.43437,31.85358],[130.43367,31.85199],[130.43237,31.85007],[130.43123,31.84939]]]},"properties":{"hoanrinKind":"保安林"}},
{"type":"Feature","geometry":{"type":"Polygon","coordinates":[[[130.80181,31.84763],[130.80272,31.84642],[130.80288,31.84677],[130.80181,31.84763]]]},"properties":{"hoanrinKind":"保安林"}},
{"type":"Feature","geometry":{"type":"Polygon","coordinates":[[[130.32231,31.85276],[130.32295,31.85163],[130.32458,31.85079],[130.32299,31.84938],[130.323,31.84779],[130.32462,31.84761],[130.32663,31.84785],[130.32817,31.84705],[130.33041,31.84782],[130.33234,31.84658],[130.33329,31.8473],[130.33206,31.84855],[130.33236,31.85007],[130.33157,31.85057],[130.33113,31.85253],[130.33015,31.85224],[130.32868,31.85367],[130.32581,31.85357],[130.32434,31.85179],[130.3234,31.85354],[130.32231,31.85276]]]},"properties":{"hoanrinKind":"保安林"}},
{"type":"Feature","geometry":{"type":"Polygon","coordinates":[[[129.92589,31.85557],[129.92807,31.85533],[129.92783,31.85634],[129.92639,31.8573],[129.92589,31.85557]]]},"properties":{"hoanrinKind":"保安林"}},
{"type":"Feature","geometry":{"type":"Polygon","coordinates":[[[130.61542,31.84979],[130.61583,31.84924],[130.61639,31.84939],[130.61614,31.85028],[130.61542,31.84979]]]},"properties":{"hoanrinKind":"保安林"}},
{"type":"Feature","geometry":{"type":"Polygon","coordinates":[[[130.4262,31.85101],[130.42773,31.84967],[130.42905,31.85073],[130.4289,31.85195],[130.42652,31.85223],[130.4262,31.85101]]]},"properties":{"hoanrinKind":"保安林"}},
{"type":"Feature","geometry":{"type":"Polygon","coordinates":[[[130.7265,31.84797],[130.72711,31.84704],[130.72821,31.84667],[130.72763,31.84845],[130.7265,31.84797]]]},"properties":{"hoanrinKind":"保安林"}},
{"type":"Feature","geometry":{"type":"Polygon","coordinates":[[[130.81877,31.84634],[130.81925,31.8459],[130.81927,31.84671],[130.81877,31.84634]]]},"properties":{"hoanrinKind":"保安林"}},
{"type":"Feature","geometry":{"type":"Polygon","coordinates":[[[130.81574,31.84367],[130.81657,31.84365],[130.81704,31.84495],[130.81861,31.84575],[130.8178,31.84634],[130.81643,31.84539],[130.81574,31.84367]]]},"properties":{"hoanrinKind":"保安林"}},
{"type":"Feature","geometry":{"type":"Polygon","coordinates":[[[130.81877,31.84477],[130.8199,31.84453],[130.82156,31.84537],[130.82072,31.84596],[130.82054,31.84521],[130.81877,31.84477]]]},"properties":{"hoanrinKind":"保安林"}},
{"type":"Feature","geometry":{"type":"Polygon","coordinates":[[[130.82167,31.84248],[130.82311,31.84228],[130.82345,31.84411],[130.8218,31.84318],[130.82167,31.84248]]]},"properties":{"hoanrinKind":"保安林"}},
{"type":"Feature","geometry":{"type":"Polygon","coordinates":[[[130.41784,31.84947],[130.41868,31.84904],[130.41988,31.84958],[130.41912,31.85021],[130.41784,31.84947]]]},"properties":{"hoanrinKind":"保安林"}},
{"type":"Feature","geometry":{"type":"Polygon","coordinates":[[[130.71743,31.84534],[130.71861,31.84498],[130.72013,31.84545],[130.71995,31.84625],[130.71888,31.84563],[130.71743,31.84534]]]},"properties":{"hoanrinKind":"保安林"}},
{"type":"Feature","geometry":{"type":"Polygon","coordinates":[[[130.3817,31.84899],[130.38322,31.84838],[130.38321,31.85032],[130.3817,31.84899]]]},"properties":{"hoanrinKind":"保安林"}},
{"type":"Feature","geometry":{"type":"Polygon","coordinates":[[[130.69879,31.84628],[130.69936,31.84599],[130.69955,31.84649],[130.69879,31.84628]]]},"properties":{"hoanrinKind":"保安林"}},
{"type":"Feature","geometry":{"type":"Polygon","coordinates":[[[130.42944,31.84897],[130.43004,31.84819],[130.43098,31.84868],[130.43029,31.84957],[130.42944,31.84897]]]},"properties":{"hoanrinKind":"保安林"}},
{"type":"Feature","geometry":{"type":"Polygon","coordinates":[[[130.82357,31.8422],[130.82441,31.84097],[130.82629,31.84059],[130.82735,31.84263],[130.82617,31.84448],[130.82395,31.84307],[130.82357,31.8422]]]},"properties":{"hoanrinKind":"保安林"}},
{"type":"Feature","geometry":{"type":"Polygon","coordinates":[[[130.722,31.84244],[130.72228,31.84105],[130.72309,31.84017],[130.72525,31.83988],[130.7274,31.83997],[130.72883,31.83953],[130.73058,31.83985],[130.73174,31.84103],[130.7338,31.84078],[130.73469,31.84184],[130.73231,31.84405],[130.73111,31.84434],[130.7296,31.84285],[130.72805,31.8438],[130.72724,31.84573],[130.72455,31.84469],[130.7242,31.84284],[130.72202,31.84349],[130.722,31.84244]]]},"properties":{"hoanrinKind":"保安林"}},
{"type":"Feature","geometry":{"type":"Polygon","coordinates":[[[130.81667,31.84319],[130.818,31.84374],[130.81716,31.84438],[130.81667,31.84319]]]},"properties":{"hoanrinKind":"保安林"}},
{"type":"Feature","geometry":{"type":"Polygon","coordinates":[[[129.8721,31.85227],[129.87215,31.85025],[129.87332,31.85026],[129.87434,31.85189],[129.87523,31.85426],[129.87434,31.85427],[129.87313,31.85205],[129.8721,31.85227]]]},"properties":{"hoanrinKind":"保安林"}},
{"type":"Feature","geometry":{"type":"Polygon","coordinates":[[[130.48826,31.84767],[130.48878,31.84641],[130.48946,31.84736],[130.48826,31.84767]]]},"properties":{"hoanrinKind":"保安林"}},
{"type":"Feature","geometry":{"type":"Polygon","coordinates":[[[129.94792,31.85036],[129.94865,31.85007],[129.95149,31.85025],[129.95203,31.85087],[129.95165,31.85298],[129.95052,31.85313],[129.9496,31.85189],[129.94789,31.85093],[129.94792,31.85036]]]},"properties":{"hoanrinKind":"保安林"}},
{"type":"Feature","geometry":{"type":"Polygon","coordinates":[[[130.78964,31.84344],[130.79134,31.84279],[130.79334,31.84251],[130.79314,31.84373],[130.79208,31.84308],[130.79022,31.84413],[130.78964,31.84344]]]},"properties":{"hoanrinKind":"保安林"}},
{"type":"Feature","geometry":{"type":"Polygon","coordinates":[[[130.38488,31.84763],[130.38614,31.84789],[130.38542,31.84876],[130.38488,31.84763]]]},"properties":{"hoanrinKind":"保安林"}},
{"type":"Feature","geometry":{"type":"Polygon","coordinates":[[[130.38307,31.84447],[130.38489,31.84289],[130.38622,31.84341],[130.38629,31.84564],[130.38755,31.8449],[130.38909,31.84612],[130.38969,31.84767],[130.3884,31.84805],[130.38832,31.84659],[130.38729,31.84607],[130.3851,31.84668],[130.3833,31.84548],[130.38307,31.84447]]]},"properties":{"hoanrinKind":"保安林"}},
{"type":"Feature","geometry":{"type":"Polygon","coordinates":[[[130.80902,31.84106],[130.80997,31.84221],[130.80969,31.84255],[130.80902,31.84106]]]},"properties":{"hoanrinKind":"保安林"}},
{"type":"Feature","geometry":{"type":"Polygon","coordinates":[[[129.89436,31.85202],[129.89471,31.85172],[129.89515,31.85191],[129.89507,31.85232],[129.89436,31.85202]]]},"properties":{"hoanrinKind":"保安林"}},
{"type":"Feature","geometry":{"type":"Polygon","coordinates":[[[130.81642,31.84039],[130.81743,31.8394],[130.81864,31.84125],[130.81642,31.84039]]]},"properties":{"hoanrinKind":"保安林"}},
{"type":"Feature","geometry":{"type":"Polygon","coordinates":[[[130.60356,31.84386],[130.6041,31.84331],[130.60593,31.84458],[130.60561,31.84508],[130.60356,31.84386]]]},"properties":{"hoanrinKind":"保安林"}},
{"type":"Feature","geometry":{"type":"Polygon","coordinates":[[[130.82835,31.84104],[130.83015,31.84032],[130.83111,31.84132],[130.82835,31.84104]]]},"properties":{"hoanrinKind":"保安林"}},
{"type":"Feature","geometry":{"type":"Polygon","coordinates":[[[129.87243,31.84826],[129.87434,31.84709],[129.87668,31.84842],[129.87601,31.84991],[129.87723,31.85107],[129.87693,31.85187],[129.87475,31.85007],[129.87198,31.84869],[129.87243,31.84826]]]},"properties":{"hoanrinKind":"保安林"}},
{"type":"Feature","geometry":{"type":"Polygon","coordinates":[[[129.92742,31.8496],[129.92862,31.8488],[129.92996,31.84952],[129.92773,31.85057],[129.92742,31.8496]]]},"properties":{"hoanrinKind":"保安林"}},
{"type":"Feature","geometry":{"type":"Polygon","coordinates":[[[130.4634,31.84496],[130.46423,31.84486],[130.46488,31.84538],[130.46506,31.84594],[130.46362,31.84546],[130.4634,31.84496]]]},"properties":{"hoanrinKind":"保安林"}},
{"type":"Feature","geometry":{"type":"Polygon","coordinates":[[[130.82501,31.83858],[130.82682,31.8381],[130.82842,31.83842],[130.82852,31.8393],[130.8265,31.83953],[130.82598,31.83845],[130.82501,31.83858]]]},"properties":{"hoanrinKind":"保安林"}},
{"type":"Feature","geometry":{"type":"Polygon","coordinates":[[[130.36746,31.84613],[130.36853,31.84603],[130.36802,31.84648],[130.36746,31.84613]]]},"properties":{"hoanrinKind":"保安林"}},
{"type":"Feature","geometry":{"type":"Polygon","coordinates":[[[130.32265,31.84395],[130.32329,31.84298],[130.32475,31.84374],[130.32542,31.84607],[130.32424,31.8467],[130.32265,31.84395]]]},"properties":{"hoanrinKind":"保安林"}},
{"type":"Feature","geometry":{"type":"Polygon","coordinates":[[[130.81887,31.8401],[130.82149,31.83822],[130.82205,31.83895],[130.81887,31.8401]]]},"properties":{"hoanrinKind":"保安林"}},
{"type":"Feature","geometry":{"type":"Polygon","coordinates":[[[130.7094,31.84007],[130.71115,31.839],[130.7116,31.84152],[130.7094,31.84007]]]},"properties":{"hoanrinKind":"保安林"}},
{"type":"Feature","geometry":{"type":"Polygon","coordinates":[[[130.69868,31.84129],[130.69903,31.84102],[130.69937,31.8414],[130.6992,31.84178],[130.69868,31.84129]]]},"properties":{"hoanrinKind":"保安林"}},
{"type":"Feature","geometry":{"type":"Polygon","coordinates":[[[129.88315,31.84635],[129.88525,31.84604],[129.88582,31.84811],[129.88449,31.84979],[129.88359,31.84935],[129.88315,31.84635]]]},"properties":{"hoanrinKind":"保安林"}},
{"type":"Feature","geometry":{"type":"Polygon","coordinates":[[[130.70482,31.84094],[130.70551,31.84003],[130.7062,31.83992],[130.70538,31.84143],[130.70482,31.84094]]]},"properties":{"hoanrinKind":"保安林"}},
{"type":"Feature","geometry":{"type":"Polygon","coordinates":[[[130.80751,31.83881],[130.80787,31.83892],[130.80842,31.83973],[130.8083,31.83982],[130.80756,31.83901],[130.80751,31.83881]]]},"properties":{"hoanrinKind":"保安林"}},
{"type":"Feature","geometry":{"type":"Polygon","coordinates":[[[130.60987,31.84123],[130.61066,31.84098],[130.61084,31.84178],[130.6104,31.84191],[130.60987,31.84123]]]},"properties":{"hoanrinKind":"保安林"}},
{"type":"Feature","geometry":{"type":"Polygon","coordinates":[[[130.5497,31.8419],[130.5508,31.8414],[130.55075,31.84239],[130.5497,31.8419]]]},"properties":{"hoanrinKind":"保安林"}},
{"type":"Feature","geometry":{"type":"Polygon","coordinates":[[[130.36565,31.84412],[130.36683,31.84415],[130.36638,31.84468],[130.36565,31.84412]]]},"properties":{"hoanrinKind":"保安林"}},
{"type":"Feature","geometry":{"type":"Polygon","coordinates":[[[130.46017,31.84205],[130.46075,31.84152],[130.46114,31.84224],[130.46017,31.84205]]]},"properties":{"hoanrinKind":"保安林"}},
{"type":"Feature","geometry":{"type":"Polygon","coordinates":[[[130.80876,31.83645],[130.8104,31.83635],[130.81087,31.83726],[130.80974,31.83791],[130.80876,31.83645]]]},"properties":{"hoanrinKind":"保安林"}},
{"type":"Feature","geometry":{"type":"Polygon","coordinates":[[[130.46059,31.84091],[130.46272,31.83941],[130.46303,31.84002],[130.46059,31.84091]]]},"properties":{"hoanrinKind":"保安林"}},
{"type":"Feature","geometry":{"type":"Polygon","coordinates":[[[130.70979,31.83841],[130.71007,31.83734],[130.71176,31.83769],[130.71096,31.83829],[130.70979,31.83841]]]},"properties":{"hoanrinKind":"保安林"}},
{"type":"Feature","geometry":{"type":"Polygon","coordinates":[[[130.39413,31.84106],[130.3961,31.84119],[130.39509,31.84191],[130.39413,31.84106]]]},"properties":{"hoanrinKind":"保安林"}},
{"type":"Feature","geometry":{"type":"Polygon","coordinates":[[[130.69572,31.83771],[130.69637,31.83687],[130.69686,31.83742],[130.6963,31.83817],[130.69572,31.83771]]]},"properties":{"hoanrinKind":"保安林"}},
{"type":"Feature","geometry":{"type":"Polygon","coordinates":[[[130.81141,31.83498],[130.81265,31.8346],[130.81299,31.83556],[130.81144,31.83577],[130.81141,31.83498]]]},"properties":{"hoanrinKind":"保安林"}},
{"type":"Feature","geometry":{"type":"Polygon","coordinates":[[[130.18925,31.83357],[130.18987,31.83409],[130.18995,31.83562],[130.19098,31.83769],[130.19447,31.83823],[130.19659,31.83975],[130.20052,31.84062],[130.20099,31.84221],[130.19726,31.84279],[130.19539,31.8435],[130.19377,31.84201],[130.19217,31.83867],[130.19037,31.83752],[130.1898,31.83634],[130.18925,31.83357]]]},"properties":{"hoanrinKind":"保安林"}},
{"type":"Feature","geometry":{"type":"Polygon","coordinates":[[[130.691,31.83683],[130.69147,31.83676],[130.69178,31.83724],[130.69104,31.83733],[130.691,31.83683]]]},"properties":{"hoanrinKind":"保安林"}},
{"type":"Feature","geometry":{"type":"Polygon","coordinates":[[[130.72674,31.83598],[130.72828,31.83601],[130.7284,31.83672],[130.72674,31.83598]]]},"properties":{"hoanrinKind":"保安林"}},
{"type":"Feature","geometry":{"type":"Polygon","coordinates":[[[130.69278,31.836],[130.69388,31.83628],[130.69304,31.8371],[130.69278,31.836]]]},"properties":{"hoanrinKind":"保安林"}},
{"type":"Feature","geometry":{"type":"Polygon","coordinates":[[[130.72195,31.83493],[130.72224,31.83487],[130.72286,31.83572],[130.72232,31.83563],[130.72195,31.83493]]]},"properties":{"hoanrinKind":"保安林"}},
{"type":"Feature","geometry":{"type":"Polygon","coordinates":[[[130.67754,31.83592],[130.67767,31.83482],[130.67957,31.83523],[130.67754,31.83592]]]},"properties":{"hoanrinKind":"保安林"}},
{"type":"Feature","geometry":{"type":"Polygon","coordinates":[[[130.54456,31.8361],[130.54652,31.83663],[130.54561,31.8372],[130.54456,31.8361]]]},"properties":{"hoanrinKind":"保安林"}},
{"type":"Feature","geometry":{"type":"Polygon","coordinates":[[[130.56874,31.83624],[130.56937,31.8365],[130.56884,31.8369],[130.56829,31.83664],[130.56874,31.83624]]]},"properties":{"hoanrinKind":"保安林"}},
{"type":"Feature","geometry":{"type":"Polygon","coordinates":[[[130.56949,31.83503],[130.56993,31.83453],[130.57184,31.83536],[130.57307,31.83542],[130.57304,31.83672],[130.57146,31.83669],[130.56949,31.83503]]]},"properties":{"hoanrinKind":"保安林"}},
{"type":"Feature","geometry":{"type":"Polygon","coordinates":[[[129.8492,31.83849],[129.85033,31.83807],[129.85153,31.84028],[129.85059,31.84081],[129.85187,31.84198],[129.85197,31.8432],[129.84996,31.84306],[129.84935,31.84176],[129.8492,31.83849]]]},"properties":{"hoanrinKind":"保安林"}},
{"type":"Feature","geometry":{"type":"Polygon","coordinates":[[[130.68206,31.83376],[130.68299,31.8338],[130.68358,31.83499],[130.68195,31.83433],[130.68206,31.83376]]]},"properties":{"hoanrinKind":"保安林"}},
{"type":"Feature","geometry":{"type":"Polygon","coordinates":[[[130.69172,31.83361],[130.69273,31.8337],[130.69177,31.83455],[130.69172,31.83361]]]},"properties":{"hoanrinKind":"保安林"}},
{"type":"Feature","geometry":{"type":"Polygon","coordinates":[[[129.88266,31.84114],[129.88345,31.84126],[129.88282,31.84197],[129.88266,31.84114]]]},"properties":{"hoanrinKind":"保安林"}},
{"type":"Feature","geometry":{"type":"Polygon","coordinates":[[[130.67855,31.83336],[130.67929,31.83238],[130.6798,31.83245],[130.67949,31.83371],[130.67855,31.83336]]]},"properties":{"hoanrinKind":"保安林"}},
{"type":"Feature","geometry":{"type":"Polygon","coordinates":[[[130.75363,31.83097],[130.75472,31.83149],[130.75416,31.83176],[130.75363,31.83097]]]},"properties":{"hoanrinKind":"保安林"}},
{"type":"Feature","geometry":{"type":"Polygon","coordinates":[[[130.69457,31.83226],[130.69774,31.831],[130.69855,31.83217],[130.69651,31.83235],[130.69591,31.83322],[130.69457,31.83226]]]},"properties":{"hoanrinKind":"保安林"}},
{"type":"Feature","geometry":{"type":"Polygon","coordinates":[[[130.49699,31.83267],[130.49841,31.83254],[130.50036,31.83479],[130.4988,31.83519],[130.49764,31.83421],[130.49699,31.83267]]]},"properties":{"hoanrinKind":"保安林"}},
{"type":"Feature","geometry":{"type":"Polygon","coordinates":[[[130.71782,31.83089],[130.71868,31.83011],[130.71871,31.83133],[130.71782,31.83089]]]},"properties":{"hoanrinKind":"保安林"}},
{"type":"Feature","geometry":{"type":"Polygon","coordinates":[[[130.71756,31.8304],[130.71803,31.82945],[130.71833,31.82982],[130.718,31.83042],[130.71756,31.8304]]]},"properties":{"hoanrinKind":"保安林"}},
{"type":"Feature","geometry":{"type":"Polygon","coordinates":[[[130.60341,31.83172],[130.604,31.8316],[130.60388,31.83199],[130.60341,31.83172]]]},"properties":{"hoanrinKind":"保安林"}},
{"type":"Feature","geometry":{"type":"Polygon","coordinates":[[[130.21121,31.83514],[130.21125,31.83425],[130.21246,31.83404],[130.2126,31.83546],[130.21121,31.83514]]]},"properties":{"hoanrinKind":"保安林"}},
{"type":"Feature","geometry":{"type":"Polygon","coordinates":[[[130.72638,31.82853],[130.7274,31.82989],[130.72694,31.83004],[130.72625,31.82905],[130.72638,31.82853]]]},"properties":{"hoanrinKind":"保安林"}},
{"type":"Feature","geometry":{"type":"Polygon","coordinates":[[[129.87109,31.83829],[129.87161,31.83787],[129.87217,31.83827],[129.87152,31.83847],[129.87109,31.83829]]]},"properties":{"hoanrinKind":"保安林"}},
{"type":"Feature","geometry":{"type":"Polygon","coordinates":[[[130.71828,31.82827],[130.71979,31.8283],[130.72191,31.82783],[130.72102,31.82933],[130.71892,31.82951],[130.71828,31.82827]]]},"properties":{"hoanrinKind":"保安林"}},
{"type":"Feature","geometry":{"type":"Polygon","coordinates":[[[129.8989,31.83705],[129.89975,31.83727],[129.89939,31.83752],[129.8989,31.83705]]]},"properties":{"hoanrinKind":"保安林"}},
{"type":"Feature","geometry":{"type":"Polygon","coordinates":[[[130.72846,31.82834],[130.72883,31.82771],[130.72962,31.82809],[130.72943,31.82879],[130.72846,31.82834]]]},"properties":{"hoanrinKind":"保安林"}},
{"type":"Feature","geometry":{"type":"Polygon","coordinates":[[[130.42257,31.83159],[130.42332,31.83156],[130.42333,31.83248],[130.42257,31.83159]]]},"properties":{"hoanrinKind":"保安林"}},
{"type":"Feature","geometry":{"type":"Polygon","coordinates":[[[130.73285,31.82657],[130.73513,31.82763],[130.7342,31.82857],[130.73285,31.82657]]]},"properties":{"hoanrinKind":"保安林"}},
{"type":"Feature","geometry":{"type":"Polygon","coordinates":[[[130.55093,31.83001],[130.5516,31.82983],[130.55163,31.83042],[130.55099,31.83039],[130.55093,31.83001]]]},"properties":{"hoanrinKind":"保安林"}},
{"type":"Feature","geometry":{"type":"Polygon","coordinates":[[[130.70059,31.8276],[130.70371,31.82764],[130.70319,31.82813],[130.70217,31.8278],[130.70091,31.82818],[130.70059,31.8276]]]},"properties":{"hoanrinKind":"保安林"}},
{"type":"Feature","geometry":{"type":"Polygon","coordinates":[[[129.88537,31.83648],[129.8872,31.83531],[129.88845,31.8359],[129.88639,31.83672],[129.88537,31.83648]]]},"properties":{"hoanrinKind":"保安林"}},
{"type":"Feature","geometry":{"type":"Polygon","coordinates":[[[130.73077,31.82772],[130.7317,31.8271],[130.7318,31.82784],[130.73077,31.82772]]]},"properties":{"hoanrinKind":"保安林"}},
{"type":"Feature","geometry":{"type":"Polygon","coordinates":[[[129.93002,31.83284],[129.93088,31.83315],[129.93122,31.83482],[129.93026,31.83465],[129.93002,31.83284]]]},"properties":{"hoanrinKind":"保安林"}},
{"type":"Feature","geometry":{"type":"Polygon","coordinates":[[[129.90177,31.8349],[129.90327,31.83402],[129.90453,31.83517],[129.90182,31.83556],[129.90177,31.8349]]]},"properties":{"hoanrinKind":"保安林"}},
{"type":"Feature","geometry":{"type":"Polygon","coordinates":[[[130.21413,31.82946],[130.21641,31.82797],[130.2183,31.83156],[130.21844,31.83278],[130.2176,31.83316],[130.21669,31.83213],[130.2145,31.83083],[130.21413,31.82946]]]},"properties":{"hoanrinKind":"保安林"}},
{"type":"Feature","geometry":{"type":"Polygon","coordinates":[[[130.58725,31.82796],[130.58836,31.82807],[130.58726,31.82895],[130.58725,31.82796]]]},"properties":{"hoanrinKind":"保安林"}},
{"type":"Feature","geometry":{"type":"Polygon","coordinates":[[[130.49762,31.82876],[130.50006,31.8271],[130.50111,31.82735],[130.49818,31.82974],[130.49762,31.82876]]]},"properties":{"hoanrinKind":"保安林"}},
{"type":"Feature","geometry":{"type":"Polygon","coordinates":[[[130.83397,31.82429],[130.83468,31.82384],[130.83633,31.82434],[130.83598,31.82504],[130.83426,31.82505],[130.83397,31.82429]]]},"properties":{"hoanrinKind":"保安林"}},
{"type":"Feature","geometry":{"type":"Polygon","coordinates":[[[130.45684,31.82735],[130.45823,31.82665],[130.45867,31.82782],[130.46001,31.82844],[130.46005,31.82945],[130.45866,31.82991],[130.45684,31.82735]]]},"properties":{"hoanrinKind":"保安林"}},
{"type":"Feature","geometry":{"type":"Polygon","coordinates":[[[129.90744,31.83331],[129.90791,31.83171],[129.90868,31.83186],[129.90968,31.83339],[129.90882,31.83496],[129.90786,31.83475],[129.90744,31.83331]]]},"properties":{"hoanrinKind":"保安林"}},
{"type":"Feature","geometry":{"type":"Polygon","coordinates":[[[130.65444,31.82617],[130.65485,31.82617],[130.65469,31.82642],[130.65444,31.82617]]]},"properties":{"hoanrinKind":"保安林"}},
{"type":"Feature","geometry":{"type":"Polygon","coordinates":[[[130.72194,31.82433],[130.72194,31.82372],[130.72237,31.82375],[130.72234,31.8248],[130.72194,31.82433]]]},"properties":{"hoanrinKind":"保安林"}},
{"type":"Feature","geometry":{"type":"Polygon","coordinates":[[[130.71606,31.82414],[130.71674,31.82384],[130.71688,31.82473],[130.71606,31.82414]]]},"properties":{"hoanrinKind":"保安林"}},
{"type":"Feature","geometry":{"type":"Polygon","coordinates":[[[130.34952,31.82566],[130.35055,31.82482],[130.35367,31.82546],[130.35607,31.82854],[130.35367,31.82962],[130.35147,31.82984],[130.35098,31.82798],[130.35033,31.82788],[130.34952,31.82566]]]},"properties":{"hoanrinKind":"保安林"}},
{"type":"Feature","geometry":{"type":"Polygon","coordinates":[[[130.67547,31.82499],[130.67673,31.82382],[130.67825,31.82355],[130.67855,31.82415],[130.67547,31.82499]]]},"properties":{"hoanrinKind":"保安林"}},
{"type":"Feature","geometry":{"type":"Polygon","coordinates":[[[130.57011,31.82686],[130.57113,31.82418],[130.57188,31.823],[130.57315,31.8246],[130.57276,31.82563],[130.57086,31.8268],[130.57011,31.82686]]]},"properties":{"hoanrinKind":"保安林"}},
{"type":"Feature","geometry":{"type":"Polygon","coordinates":[[[130.38201,31.82828],[130.38249,31.82759],[130.3834,31.8279],[130.38302,31.82861],[130.38201,31.82828]]]},"properties":{"hoanrinKind":"保安林"}},
{"type":"Feature","geometry":{"type":"Polygon","coordinates":[[[129.8812,31.83276],[129.88231,31.83235],[129.88179,31.83298],[129.8812,31.83276]]]},"properties":{"hoanrinKind":"保安林"}},
{"type":"Feature","geometry":{"type":"Polygon","coordinates":[[[130.61157,31.82368],[130.61283,31.82343],[130.61364,31.8251],[130.61205,31.82575],[130.61157,31.82368]]]},"properties":{"hoanrinKind":"保安林"}},
{"type":"Feature","geometry":{"type":"Polygon","coordinates":[[[130.73192,31.82303],[130.7322,31.82268],[130.73286,31.82324],[130.73229,31.82339],[130.73192,31.82303]]]},"properties":{"hoanrinKind":"保安林"}},
{"type":"Feature","geometry":{"type":"Polygon","coordinates":[[[130.71308,31.82235],[130.71455,31.82236],[130.71408,31.8234],[130.71308,31.82235]]]},"properties":{"hoanrinKind":"保安林"}},
{"type":"Feature","geometry":{"type":"Polygon","coordinates":[[[130.67481,31.82254],[130.67688,31.82242],[130.67591,31.82345],[130.67481,31.82254]]]},"properties":{"hoanrinKind":"保安林"}},
{"type":"Feature","geometry":{"type":"Polygon","coordinates":[[[130.598,31.82367],[130.59828,31.8218],[130.59947,31.82261],[130.598,31.82367]]]},"properties":{"hoanrinKind":"保安林"}},
{"type":"Feature","geometry":{"type":"Polygon","coordinates":[[[130.45572,31.82463],[130.45758,31.82471],[130.45747,31.8256],[130.45537,31.82595],[130.45572,31.82463]]]},"properties":{"hoanrinKind":"保安林"}},
{"type":"Feature","geometry":{"type":"Polygon","coordinates":[[[130.33641,31.82658],[130.33828,31.82633],[130.338,31.8272],[130.33641,31.82658]]]},"properties":{"hoanrinKind":"保安林"}},
{"type":"Feature","geometry":{"type":"Polygon","coordinates":[[[130.7253,31.82171],[130.7257,31.8213],[130.72605,31.82197],[130.7253,31.82171]]]},"properties":{"hoanrinKind":"保安林"}},
{"type":"Feature","geometry":{"type":"Polygon","coordinates":[[[130.65323,31.82262],[130.65409,31.82206],[130.65437,31.82215],[130.65359,31.82287],[130.65323,31.82262]]]},"properties":{"hoanrinKind":"保安林"}},
{"type":"Feature","geometry":{"type":"Polygon","coordinates":[[[130.82236,31.81985],[130.82398,31.81904],[130.82357,31.82052],[130.82236,31.81985]]]},"properties":{"hoanrinKind":"保安林"}},
{"type":"Feature","geometry":{"type":"Polygon","coordinates":[[[129.86633,31.82986],[129.86674,31.82954],[129.86714,31.82995],[129.86645,31.83036],[129.86633,31.82986]]]},"properties":{"hoanrinKind":"保安林"}},
{"type":"Feature","geometry":{"type":"Polygon","coordinates":[[[130.72624,31.82094],[130.72682,31.82114],[130.72627,31.82151],[130.72624,31.82094]]]},"properties":{"hoanrinKind":"保安林"}},
{"type":"Feature","geometry":{"type":"Polygon","coordinates":[[[130.6747,31.82112],[130.67533,31.82129],[130.67548,31.82198],[130.67483,31.82178],[130.6747,31.82112]]]},"properties":{"hoanrinKind":"保安林"}},
{"type":"Feature","geometry":{"type":"Polygon","coordinates":[[[130.70524,31.82002],[130.70659,31.81896],[130.70891,31.81953],[130.70877,31.82104],[130.70818,31.82164],[130.70634,31.8214],[130.70524,31.82002]]]},"properties":{"hoanrinKind":"保安林"}},
{"type":"Feature","geometry":{"type":"Polygon","coordinates":[[[130.2626,31.825],[130.26334,31.82505],[130.26289,31.82592],[130.2626,31.825]]]},"properties":{"hoanrinKind":"保安林"}},
{"type":"Feature","geometry":{"type":"Polygon","coordinates":[[[130.6947,31.81991],[130.69588,31.8196],[130.69578,31.82032],[130.6947,31.81991]]]},"properties":{"hoanrinKind":"保安林"}},
{"type":"Feature","geometry":{"type":"Polygon","coordinates":[[[129.9163,31.82001],[129.91706,31.8188],[129.91857,31.81809],[129.91903,31.81707],[129.92063,31.81843],[129.92081,31.82038],[129.9214,31.82198],[129.92416,31.82312],[129.9248,31.82424],[129.92432,31.82595],[129.92321,31.82663],[129.92296,31.82775],[129.92099,31.82834],[129.92007,31.82737],[129.92068,31.82602],[129.91986,31.82493],[129.91742,31.82578],[129.91753,31.82374],[129.9195,31.8219],[129.91739,31.82161],[129.9163,31.82001]]]},"properties":{"hoanrinKind":"保安林"}},
{"type":"Feature","geometry":{"type":"Polygon","coordinates":[[[129.9253,31.82802],[129.92579,31.8277],[129.92617,31.82797],[129.92588,31.82826],[129.9253,31.82802]]]},"properties":{"hoanrinKind":"保安林"}},
{"type":"Feature","geometry":{"type":"Polygon","coordinates":[[[129.91234,31.82673],[129.91282,31.82543],[129.91406,31.82432],[129.91455,31.82612],[129.91545,31.82701],[129.91303,31.82718],[129.91234,31.82673]]]},"properties":{"hoanrinKind":"保安林"}},
{"type":"Feature","geometry":{"type":"Polygon","coordinates":[[[129.91597,31.82759],[129.91659,31.82736],[129.91693,31.82764],[129.91638,31.82796],[129.91597,31.82759]]]},"properties":{"hoanrinKind":"保安林"}},
{"type":"Feature","geometry":{"type":"Polygon","coordinates":[[[130.59132,31.81824],[130.59195,31.81809],[130.59337,31.81968],[130.59278,31.82031],[130.59142,31.81996],[130.59132,31.81824]]]},"properties":{"hoanrinKind":"保安林"}},
{"type":"Feature","geometry":{"type":"Polygon","coordinates":[[[130.26472,31.82277],[130.26557,31.82263],[130.2661,31.82363],[130.26552,31.82391],[130.26472,31.82277]]]},"properties":{"hoanrinKind":"保安林"}},
{"type":"Feature","geometry":{"type":"Polygon","coordinates":[[[129.91511,31.82399],[129.91654,31.82472],[129.91664,31.8257],[129.91538,31.82604],[129.91511,31.82399]]]},"properties":{"hoanrinKind":"保安林"}},
{"type":"Feature","geometry":{"type":"Polygon","coordinates":[[[130.82003,31.81498],[130.82067,31.81465],[130.8217,31.81556],[130.82078,31.81618],[130.82003,31.81498]]]},"properties":{"hoanrinKind":"保安林"}},
{"type":"Feature","geometry":{"type":"Polygon","coordinates":[[[130.67463,31.81764],[130.67492,31.81664],[130.67548,31.81724],[130.67463,31.81764]]]},"properties":{"hoanrinKind":"保安林"}},
{"type":"Feature","geometry":{"type":"Polygon","coordinates":[[[130.75428,31.81661],[130.75462,31.81492],[130.75597,31.81468],[130.75647,31.81573],[130.75567,31.81676],[130.75428,31.81661]]]},"properties":{"hoanrinKind":"保安林"}},
{"type":"Feature","geometry":{"type":"Polygon","coordinates":[[[130.68282,31.81681],[130.68312,31.81649],[130.68391,31.81697],[130.68307,31.81718],[130.68282,31.81681]]]},"properties":{"hoanrinKind":"保安林"}},
{"type":"Feature","geometry":{"type":"Polygon","coordinates":[[[130.81669,31.81409],[130.81782,31.81377],[130.81798,31.81528],[130.81697,31.81512],[130.81669,31.81409]]]},"properties":{"hoanrinKind":"保安林"}},
{"type":"Feature","geometry":{"type":"Polygon","coordinates":[[[130.6968,31.81667],[130.69756,31.8158],[130.69777,31.81605],[130.69712,31.81686],[130.6968,31.81667]]]},"properties":{"hoanrinKind":"保安林"}},
{"type":"Feature","geometry":{"type":"Polygon","coordinates":[[[129.87681,31.82453],[129.87735,31.82363],[129.87787,31.82435],[129.87681,31.82453]]]},"properties":{"hoanrinKind":"保安林"}},
{"type":"Feature","geometry":{"type":"Polygon","coordinates":[[[130.8544,31.8133],[130.85583,31.81207],[130.8562,31.81342],[130.85551,31.8141],[130.8544,31.8133]]]},"properties":{"hoanrinKind":"保安林"}},
{"type":"Feature","geometry":{"type":"Polygon","coordinates":[[[129.8883,31.82266],[129.88836,31.82191],[129.89056,31.82164],[129.89179,31.8227],[129.8918,31.82366],[129.88876,31.82455],[129.8883,31.82266]]]},"properties":{"hoanrinKind":"保安林"}},
{"type":"Feature","geometry":{"type":"Polygon","coordinates":[[[130.48824,31.81742],[130.48913,31.81622],[130.48956,31.81647],[130.489,31.81718],[130.48824,31.81742]]]},"properties":{"hoanrinKind":"保安林"}},
{"type":"Feature","geometry":{"type":"Polygon","coordinates":[[[130.82947,31.81395],[130.8302,31.81368],[130.8309,31.81413],[130.82991,31.81428],[130.82947,31.81395]]]},"properties":{"hoanrinKind":"保安林"}},
{"type":"Feature","geometry":{"type":"Polygon","coordinates":[[[130.63922,31.81653],[130.64021,31.81617],[130.64023,31.81689],[130.63922,31.81653]]]},"properties":{"hoanrinKind":"保安林"}},
{"type":"Feature","geometry":{"type":"Polygon","coordinates":[[[130.51156,31.81656],[130.51396,31.81615],[130.5123,31.81529],[130.51371,31.81455],[130.51436,31.81292],[130.5161,31.81246],[130.51652,31.81335],[130.51503,31.81404],[130.51614,31.815],[130.51455,31.81652],[130.51496,31.81711],[130.51405,31.81826],[130.51308,31.81851],[130.51156,31.81656]]]},"properties":{"hoanrinKind":"保安林"}},
{"type":"Feature","geometry":{"type":"Polygon","coordinates":[[[130.71615,31.8145],[130.71673,31.8147],[130.71708,31.81545],[130.71638,31.81549],[130.71615,31.8145]]]},"properties":{"hoanrinKind":"保安林"}},
{"type":"Feature","geometry":{"type":"Polygon","coordinates":[[[130.74156,31.81476],[130.74221,31.81369],[130.74251,31.8139],[130.74204,31.81477],[130.74156,31.81476]]]},"properties":{"hoanrinKind":"保安林"}},
{"type":"Feature","geometry":{"type":"Polygon","coordinates":[[[130.77145,31.81396],[130.7716,31.8135],[130.77182,31.81375],[130.77145,31.81396]]]},"properties":{"hoanrinKind":"保安林"}},
{"type":"Feature","geometry":{"type":"Polygon","coordinates":[[[130.64003,31.8149],[130.64044,31.81503],[130.6405,31.81554],[130.63971,31.81516],[130.64003,31.8149]]]},"properties":{"hoanrinKind":"保安林"}},
{"type":"Feature","geometry":{"type":"Polygon","coordinates":[[[130.71895,31.81318],[130.72038,31.81275],[130.72025,31.81436],[130.71895,31.81318]]]},"properties":{"hoanrinKind":"保安林"}},
{"type":"Feature","geometry":{"type":"Polygon","coordinates":[[[130.44976,31.81634],[130.44988,31.8154],[130.4517,31.81433],[130.45198,31.81545],[130.45167,31.81763],[130.44992,31.81769],[130.44976,31.81634]]]},"properties":{"hoanrinKind":"保安林"}},
{"type":"Feature","geometry":{"type":"Polygon","coordinates":[[[130.84852,31.81114],[130.85034,31.8102],[130.85105,31.81053],[130.85125,31.81217],[130.84911,31.81181],[130.84852,31.81114]]]},"properties":{"hoanrinKind":"保安林"}},
{"type":"Feature","geometry":{"type":"Polygon","coordinates":[[[130.72566,31.81281],[130.72719,31.81312],[130.72644,31.8141],[130.72566,31.81281]]]},"properties":{"hoanrinKind":"保安林"}},
{"type":"Feature","geometry":{"type":"Polygon","coordinates":[[[129.90172,31.81948],[129.90239,31.8192],[129.90385,31.82007],[129.90322,31.82215],[129.90234,31.8222],[129.90172,31.81948]]]},"properties":{"hoanrinKind":"保安林"}},
{"type":"Feature","geometry":{"type":"Polygon","coordinates":[[[130.72078,31.81311],[130.7217,31.81348],[130.72119,31.81388],[130.72078,31.81311]]]},"properties":{"hoanrinKind":"保安林"}},
{"type":"Feature","geometry":{"type":"Polygon","coordinates":[[[130.48345,31.8148],[130.48435,31.81366],[130.48605,31.814],[130.48729,31.81343],[130.48669,31.81172],[130.48686,31.81044],[130.48885,31.81177],[130.48898,31.81335],[130.48835,31.81384],[130.48848,31.81523],[130.48652,31.81555],[130.48638,31.81444],[130.48345,31.8148]]]},"properties":{"hoanrinKind":"保安林"}},
{"type":"Feature","geometry":{"type":"Polygon","coordinates":[[[130.68685,31.81358],[130.68777,31.81318],[130.68792,31.81379],[130.68685,31.81358]]]},"properties":{"hoanrinKind":"保安林"}},
{"type":"Feature","geometry":{"type":"Polygon","coordinates":[[[130.69037,31.81232],[130.6916,31.81106],[130.69118,31.8128],[130.69037,31.81232]]]},"properties":{"hoanrinKind":"保安林"}},
{"type":"Feature","geometry":{"type":"Polygon","coordinates":[[[130.26233,31.81578],[130.26308,31.81444],[130.26406,31.81407],[130.26563,31.81439],[130.26629,31.81397],[130.26644,31.81261],[130.26866,31.81132],[130.26858,31.81071],[130.2697,31.8083],[130.26967,31.8074],[130.27085,31.80572],[130.27178,31.80636],[130.27132,31.80918],[130.27127,31.81133],[130.2708,31.81258],[130.26738,31.81636],[130.2661,31.81702],[130.26332,31.8175],[130.26233,31.81578]]]},"properties":{"hoanrinKind":"保安林"}},
{"type":"Feature","geometry":{"type":"Polygon","coordinates":[[[130.67817,31.8119],[130.68012,31.81175],[130.67969,31.8126],[130.67817,31.8119]]]},"properties":{"hoanrinKind":"保安林"}},
{"type":"Feature","geometry":{"type":"Polygon","coordinates":[[[130.74416,31.81015],[130.74465,31.80942],[130.74541,31.81017],[130.74532,31.81081],[130.74416,31.81015]]]},"properties":{"hoanrinKind":"保安林"}},
{"type":"Feature","geometry":{"type":"Polygon","coordinates":[[[130.72736,31.80914],[130.72848,31.80871],[130.7294,31.81054],[130.72867,31.81055],[130.72736,31.80914]]]},"properties":{"hoanrinKind":"保安林"}},
{"type":"Feature","geometry":{"type":"Polygon","coordinates":[[[130.77445,31.80807],[130.77512,31.80896],[130.77481,31.80894],[130.77445,31.80807]]]},"properties":{"hoanrinKind":"保安林"}},
{"type":"Feature","geometry":{"type":"Polygon","coordinates":[[[130.51697,31.81286],[130.51808,31.81253],[130.5179,31.81369],[130.51697,31.81286]]]},"properties":{"hoanrinKind":"保安林"}},
{"type":"Feature","geometry":{"type":"Polygon","coordinates":[[[130.68945,31.81135],[130.69111,31.81005],[130.69054,31.80924],[130.69181,31.8091],[130.69185,31.81014],[130.69039,31.81162],[130.68945,31.81135]]]},"properties":{"hoanrinKind":"保安林"}},
{"type":"Feature","geometry":{"type":"Polygon","coordinates":[[[130.7523,31.81],[130.75295,31.80886],[130.75408,31.80906],[130.754,31.81054],[130.7523,31.81]]]},"properties":{"hoanrinKind":"保安林"}},
{"type":"Feature","geometry":{"type":"Polygon","coordinates":[[[130.58235,31.81255],[130.58312,31.81234],[130.58399,31.81246],[130.58397,31.8129],[130.58235,31.81255]]]},"properties":{"hoanrinKind":"保安林"}},
{"type":"Feature","geometry":{"type":"Polygon","coordinates":[[[130.58768,31.8122],[130.58798,31.81024],[130.58914,31.80987],[130.59067,31.8106],[130.59084,31.81208],[130.58911,31.81277],[130.58768,31.8122]]]},"properties":{"hoanrinKind":"保安林"}},
{"type":"Feature","geometry":{"type":"Polygon","coordinates":[[[129.87827,31.8161],[129.87851,31.81524],[129.88084,31.81607],[129.88184,31.81764],[129.88252,31.81967],[129.88008,31.81897],[129.8787,31.81815],[129.87908,31.8168],[129.87827,31.8161]]]},"properties":{"hoanrinKind":"保安林"}},
{"type":"Feature","geometry":{"type":"Polygon","coordinates":[[[130.77983,31.8087],[130.78043,31.80869],[130.78074,31.80957],[130.7805,31.80962],[130.77983,31.8087]]]},"properties":{"hoanrinKind":"保安林"}},
{"type":"Feature","geometry":{"type":"Polygon","coordinates":[[[130.69541,31.81034],[130.69634,31.81027],[130.69582,31.81104],[130.69541,31.81034]]]},"properties":{"hoanrinKind":"保安林"}},
{"type":"Feature","geometry":{"type":"Polygon","coordinates":[[[130.48359,31.8126],[130.48459,31.81162],[130.48549,31.81197],[130.48582,31.81305],[130.4837,31.81332],[130.48359,31.8126]]]},"properties":{"hoanrinKind":"保安林"}},
{"type":"Feature","geometry":{"type":"Polygon","coordinates":[[[130.45394,31.8128],[130.45431,31.81254],[130.45604,31.81283],[130.45419,31.81367],[130.45394,31.8128]]]},"properties":{"hoanrinKind":"保安林"}},
{"type":"Feature","geometry":{"type":"Polygon","coordinates":[[[130.77796,31.80801],[130.7782,31.80816],[130.77834,31.80888],[130.77797,31.80875],[130.77796,31.80801]]]},"properties":{"hoanrinKind":"保安林"}},
{"type":"Feature","geometry":{"type":"Polygon","coordinates":[[[130.40602,31.8128],[130.40713,31.81287],[130.40711,31.81351],[130.40606,31.81351],[130.40602,31.8128]]]},"properties":{"hoanrinKind":"保安林"}},
{"type":"Feature","geometry":{"type":"Polygon","coordinates":[[[130.69553,31.80948],[130.69585,31.8091],[130.69659,31.80907],[130.69578,31.80968],[130.69553,31.80948]]]},"properties":{"hoanrinKind":"保安林"}},
{"type":"Feature","geometry":{"type":"Polygon","coordinates":[[[130.41718,31.81297],[130.41816,31.81196],[130.41862,31.81293],[130.41718,31.81297]]]},"properties":{"hoanrinKind":"保安林"}},
{"type":"Feature","geometry":{"type":"Polygon","coordinates":[[[130.7,31.80905],[130.70041,31.80831],[130.70079,31.80945],[130.7,31.80905]]]},"properties":{"hoanrinKind":"保安林"}},
{"type":"Feature","geometry":{"type":"Polygon","coordinates":[[[130.76852,31.80749],[130.76889,31.80771],[130.76938,31.80768],[130.76946,31.80793],[130.76878,31.80794],[130.76852,31.80749]]]},"properties":{"hoanrinKind":"保安林"}},
{"type":"Feature","geometry":{"type":"Polygon","coordinates":[[[130.76955,31.80717],[130.77119,31.80524],[130.77165,31.80511],[130.77256,31.80351],[130.77375,31.80332],[130.77364,31.80509],[130.77302,31.80403],[130.77257,31.804],[130.77192,31.80519],[130.77087,31.80634],[130.76955,31.80717]]]},"properties":{"hoanrinKind":"保安林"}},
{"type":"Feature","geometry":{"type":"Polygon","coordinates":[[[130.62505,31.80909],[130.62556,31.80886],[130.626,31.80929],[130.62538,31.80937],[130.62505,31.80909]]]},"properties":{"hoanrinKind":"保安林"}},
{"type":"Feature","geometry":{"type":"Polygon","coordinates":[[[130.62586,31.8086],[130.6262,31.80832],[130.62716,31.80847],[130.62635,31.80901],[130.62586,31.8086]]]},"properties":{"hoanrinKind":"保安林"}},
{"type":"Feature","geometry":{"type":"Polygon","coordinates":[[[130.70294,31.80763],[130.70418,31.80701],[130.70454,31.80761],[130.70378,31.80793],[130.70294,31.80763]]]},"properties":{"hoanrinKind":"保安林"}},
{"type":"Feature","geometry":{"type":"Polygon","coordinates":[[[130.47913,31.8103],[130.47973,31.81047],[130.47928,31.81069],[130.47913,31.8103]]]},"properties":{"hoanrinKind":"保安林"}},
{"type":"Feature","geometry":{"type":"Polygon","coordinates":[[[130.47736,31.80967],[130.47857,31.80937],[130.47902,31.81003],[130.47752,31.81066],[130.47736,31.80967]]]},"properties":{"hoanrinKind":"保安林"}},
{"type":"Feature","geometry":{"type":"Polygon","coordinates":[[[130.74508,31.80571],[130.74525,31.80416],[130.74657,31.80392],[130.74627,31.80672],[130.74508,31.80571]]]},"properties":{"hoanrinKind":"保安林"}},
{"type":"Feature","geometry":{"type":"Polygon","coordinates":[[[130.62544,31.80795],[130.6261,31.80718],[130.62612,31.80811],[130.62544,31.80795]]]},"properties":{"hoanrinKind":"保安林"}},
{"type":"Feature","geometry":{"type":"Polygon","coordinates":[[[130.52188,31.80851],[130.5238,31.8085],[130.52391,31.80937],[130.52188,31.80851]]]},"properties":{"hoanrinKind":"保安林"}},
{"type":"Feature","geometry":{"type":"Polygon","coordinates":[[[130.66865,31.80688],[130.66902,31.8066],[130.6694,31.80688],[130.669,31.80725],[130.66865,31.80688]]]},"properties":{"hoanrinKind":"保安林"}},
{"type":"Feature","geometry":{"type":"Polygon","coordinates":[[[130.70344,31.80604],[130.70416,31.80486],[130.70507,31.80497],[130.70379,31.80664],[130.70344,31.80604]]]},"properties":{"hoanrinKind":"保安林"}},
{"type":"Feature","geometry":{"type":"Polygon","coordinates":[[[130.76194,31.80489],[130.76285,31.80528],[130.76289,31.80568],[130.76196,31.80509],[130.76194,31.80489]]]},"properties":{"hoanrinKind":"保安林"}},
{"type":"Feature","geometry":{"type":"Polygon","coordinates":[[[130.47712,31.80906],[130.47783,31.80876],[130.47807,31.80906],[130.4774,31.80922],[130.47712,31.80906]]]},"properties":{"hoanrinKind":"保安林"}},
{"type":"Feature","geometry":{"type":"Polygon","coordinates":[[[130.73463,31.80412],[130.73669,31.80476],[130.73719,31.80522],[130.73857,31.80564],[130.73828,31.80587],[130.73734,31.8056],[130.7363,31.80499],[130.73498,31.80464],[130.73463,31.80412]]]},"properties":{"hoanrinKind":"保安林"}},
{"type":"Feature","geometry":{"type":"Polygon","coordinates":[[[130.69457,31.80589],[130.69507,31.80529],[130.69538,31.80566],[130.69487,31.80644],[130.69457,31.80589]]]},"properties":{"hoanrinKind":"保安林"}},
{"type":"Feature","geometry":{"type":"Polygon","coordinates":[[[130.66728,31.80631],[130.66786,31.80641],[130.66744,31.80674],[130.66728,31.80631]]]},"properties":{"hoanrinKind":"保安林"}},
{"type":"Feature","geometry":{"type":"Polygon","coordinates":[[[130.49362,31.80698],[130.49491,31.80667],[130.49507,31.80769],[130.49376,31.80867],[130.49362,31.80698]]]},"properties":{"hoanrinKind":"保安林"}},
{"type":"Feature","geometry":{"type":"Polygon","coordinates":[[[130.28723,31.80985],[130.28922,31.8084],[130.28974,31.80681],[130.29186,31.80562],[130.29371,31.80391],[130.29462,31.80389],[130.29511,31.80564],[130.29399,31.80712],[130.2939,31.80953],[130.29257,31.80905],[130.28994,31.80904],[130.28877,31.8109],[130.28723,31.80985]]]},"properties":{"hoanrinKind":"保安林"}},
{"type":"Feature","geometry":{"type":"Polygon","coordinates":[[[130.60826,31.80207],[130.61,31.80143],[130.60963,31.79995],[130.61045,31.79947],[130.61158,31.80028],[130.61295,31.79847],[130.61377,31.79655],[130.61557,31.79528],[130.61693,31.79508],[130.61731,31.79606],[130.61524,31.79753],[130.61536,31.79838],[130.6175,31.80019],[130.61768,31.80185],[130.61868,31.8029],[130.6183,31.8038],[130.61652,31.8058],[130.61584,31.8071],[130.61424,31.80688],[130.61406,31.80516],[130.61316,31.8044],[130.61257,31.80306],[130.61092,31.80381],[130.60979,31.8049],[130.60884,31.80412],[130.6094,31.80334],[130.60826,31.80207]]]},"properties":{"hoanrinKind":"保安林"}},
{"type":"Feature","geometry":{"type":"Polygon","coordinates":[[[130.70155,31.80564],[130.70189,31.80487],[130.70199,31.80585],[130.70155,31.80564]]]},"properties":{"hoanrinKind":"保安林"}},
{"type":"Feature","geometry":{"type":"Polygon","coordinates":[[[130.5228,31.80663],[130.52408,31.80637],[130.52367,31.80718],[130.5228,31.80663]]]},"properties":{"hoanrinKind":"保安林"}},
{"type":"Feature","geometry":{"type":"Polygon","coordinates":[[[130.48512,31.80709],[130.48578,31.80625],[130.48518,31.80403],[130.48603,31.80295],[130.48774,31.80238],[130.48878,31.80125],[130.49059,31.80179],[130.4913,31.801],[130.49096,31.79969],[130.49269,31.79951],[130.49383,31.79886],[130.49565,31.79906],[130.49683,31.79851],[130.49698,31.79726],[130.49859,31.79712],[130.49919,31.79767],[130.49794,31.80074],[130.49506,31.80117],[130.49339,31.8011],[130.4914,31.80185],[130.49075,31.8029],[130.49009,31.80539],[130.48766,31.80595],[130.48793,31.80709],[130.48512,31.80709]]]},"properties":{"hoanrinKind":"保安林"}},
{"type":"Feature","geometry":{"type":"Polygon","coordinates":[[[130.27642,31.80914],[130.27726,31.80763],[130.2791,31.80835],[130.27903,31.809],[130.27673,31.80954],[130.27642,31.80914]]]},"properties":{"hoanrinKind":"保安林"}},
{"type":"Feature","geometry":{"type":"Polygon","coordinates":[[[130.49022,31.80652],[130.49092,31.80567],[130.49312,31.80584],[130.49309,31.80694],[130.49093,31.80692],[130.49022,31.80652]]]},"properties":{"hoanrinKind":"保安林"}},
{"type":"Feature","geometry":{"type":"Polygon","coordinates":[[[130.63098,31.80379],[130.63153,31.80392],[130.63247,31.80478],[130.63149,31.80482],[130.63098,31.80379]]]},"properties":{"hoanrinKind":"保安林"}},
{"type":"Feature","geometry":{"type":"Polygon","coordinates":[[[130.69711,31.80282],[130.69751,31.80161],[130.69731,31.80037],[130.69895,31.79792],[130.6996,31.79951],[130.69878,31.80061],[130.6991,31.80225],[130.69782,31.80414],[130.69711,31.80282]]]},"properties":{"hoanrinKind":"保安林"}},
{"type":"Feature","geometry":{"type":"Polygon","coordinates":[[[130.68854,31.80342],[130.68962,31.80309],[130.68994,31.80365],[130.68885,31.80369],[130.68854,31.80342]]]},"properties":{"hoanrinKind":"保安林"}},
{"type":"Feature","geometry":{"type":"Polygon","coordinates":[[[130.4739,31.80489],[130.4748,31.80526],[130.47432,31.80613],[130.47356,31.80546],[130.4739,31.80489]]]},"properties":{"hoanrinKind":"保安林"}},
{"type":"Feature","geometry":{"type":"Polygon","coordinates":[[[130.49345,31.80528],[130.49473,31.80454],[130.49546,31.80365],[130.49602,31.80462],[130.49436,31.80557],[130.49345,31.80528]]]},"properties":{"hoanrinKind":"保安林"}},
{"type":"Feature","geometry":{"type":"Polygon","coordinates":[[[130.27772,31.80577],[130.27901,31.80531],[130.28199,31.80109],[130.28307,31.80477],[130.28038,31.80782],[130.27801,31.80638],[130.27772,31.80577]]]},"properties":{"hoanrinKind":"保安林"}},
{"type":"Feature","geometry":{"type":"Polygon","coordinates":[[[130.6928,31.80257],[130.69316,31.80102],[130.69506,31.79753],[130.6963,31.79694],[130.69687,31.79965],[130.69696,31.80188],[130.6938,31.80298],[130.6928,31.80257]]]},"properties":{"hoanrinKind":"保安林"}},
{"type":"Feature","geometry":{"type":"Polygon","coordinates":[[[130.72807,31.80207],[130.72822,31.80052],[130.72892,31.80116],[130.72807,31.80207]]]},"properties":{"hoanrinKind":"保安林"}},
{"type":"Feature","geometry":{"type":"Polygon","coordinates":[[[130.40469,31.8026],[130.40505,31.80059],[130.40638,31.79962],[130.40823,31.79995],[130.4096,31.80071],[130.41058,31.80054],[130.41115,31.80196],[130.41066,31.8041],[130.40829,31.8061],[130.40721,31.80619],[130.40548,31.80553],[130.40469,31.8026]]]},"properties":{"hoanrinKind":"保安林"}},
{"type":"Feature","geometry":{"type":"Polygon","coordinates":[[[130.65797,31.80297],[130.65851,31.80165],[130.65886,31.80236],[130.6585,31.80301],[130.65797,31.80297]]]},"properties":{"hoanrinKind":"保安林"}},
{"type":"Feature","geometry":{"type":"Polygon","coordinates":[[[130.64751,31.80249],[130.64833,31.80135],[130.6485,31.80237],[130.64751,31.80249]]]},"properties":{"hoanrinKind":"保安林"}},
{"type":"Feature","geometry":{"type":"Polygon","coordinates":[[[130.73029,31.8011],[130.73161,31.80138],[130.73131,31.80166],[130.73044,31.80141],[130.73029,31.8011]]]},"properties":{"hoanrinKind":"保安林"}},
{"type":"Feature","geometry":{"type":"Polygon","coordinates":[[[130.74265,31.80024],[130.74324,31.79833],[130.74502,31.7993],[130.74359,31.80098],[130.74265,31.80024]]]},"properties":{"hoanrinKind":"保安林"}},
{"type":"Feature","geometry":{"type":"Polygon","coordinates":[[[130.47042,31.80312],[130.47036,31.80192],[130.47174,31.79926],[130.47274,31.79978],[130.47271,31.80271],[130.47209,31.8028],[130.47138,31.80438],[130.47042,31.80312]]]},"properties":{"hoanrinKind":"保安林"}},
{"type":"Feature","geometry":{"type":"Polygon","coordinates":[[[130.28688,31.79956],[130.28899,31.79976],[130.29172,31.80253],[130.28985,31.80295],[130.2896,31.80364],[130.29019,31.8056],[130.28928,31.80616],[130.28888,31.80363],[130.28693,31.80304],[130.28688,31.79956]]]},"properties":{"hoanrinKind":"保安林"}},
{"type":"Feature","geometry":{"type":"Polygon","coordinates":[[[130.64328,31.8014],[130.64412,31.80113],[130.64411,31.80182],[130.64329,31.80192],[130.64328,31.8014]]]},"properties":{"hoanrinKind":"保安林"}},
{"type":"Feature","geometry":{"type":"Polygon","coordinates":[[[130.63201,31.80172],[130.63241,31.80143],[130.63279,31.80145],[130.63233,31.80182],[130.63201,31.80172]]]},"properties":{"hoanrinKind":"保安林"}},
{"type":"Feature","geometry":{"type":"Polygon","coordinates":[[[130.6423,31.80155],[130.64331,31.80041],[130.64358,31.80057],[130.6429,31.80125],[130.6423,31.80155]]]},"properties":{"hoanrinKind":"保安林"}},
{"type":"Feature","geometry":{"type":"Polygon","coordinates":[[[130.49677,31.80217],[130.49875,31.80269],[130.49711,31.80308],[130.49677,31.80217]]]},"properties":{"hoanrinKind":"保安林"}},
{"type":"Feature","geometry":{"type":"Polygon","coordinates":[[[130.7313,31.79937],[130.73274,31.79905],[130.73234,31.7996],[130.7313,31.79937]]]},"properties":{"hoanrinKind":"保安林"}},
{"type":"Feature","geometry":{"type":"Polygon","coordinates":[[[130.60705,31.79934],[130.60863,31.79936],[130.60885,31.80085],[130.60705,31.79934]]]},"properties":{"hoanrinKind":"保安林"}},
{"type":"Feature","geometry":{"type":"Polygon","coordinates":[[[130.5932,31.79831],[130.59388,31.79927],[130.59274,31.79894],[130.5932,31.79831]]]},"properties":{"hoanrinKind":"保安林"}},
{"type":"Feature","geometry":{"type":"Polygon","coordinates":[[[130.75922,31.79187],[130.76231,31.79177],[130.76298,31.79389],[130.76473,31.7933],[130.76433,31.79148],[130.7665,31.79085],[130.76699,31.79233],[130.76636,31.79353],[130.76528,31.79438],[130.76549,31.79595],[130.7643,31.79638],[130.76315,31.79584],[130.76245,31.79472],[130.76059,31.79346],[130.75922,31.79187]]]},"properties":{"hoanrinKind":"保安林"}},
{"type":"Feature","geometry":{"type":"Polygon","coordinates":[[[130.78433,31.79572],[130.78493,31.79472],[130.78629,31.79454],[130.78544,31.7969],[130.78433,31.79572]]]},"properties":{"hoanrinKind":"保安林"}},
{"type":"Feature","geometry":{"type":"Polygon","coordinates":[[[130.65856,31.7996],[130.6589,31.79811],[130.65937,31.7983],[130.65856,31.7996]]]},"properties":{"hoanrinKind":"保安林"}},
{"type":"Feature","geometry":{"type":"Polygon","coordinates":[[[130.5945,31.80006],[130.59539,31.79904],[130.59621,31.79972],[130.59499,31.80053],[130.5945,31.80006]]]},"properties":{"hoanrinKind":"保安林"}},
{"type":"Feature","geometry":{"type":"Polygon","coordinates":[[[130.90385,31.79379],[130.905,31.79255],[130.90708,31.79247],[130.9076,31.79143],[130.90882,31.79139],[130.91128,31.7901],[130.91218,31.78916],[130.91495,31.78752],[130.91613,31.78653],[130.91722,31.78708],[130.91888,31.78976],[130.91576,31.79112],[130.91154,31.79344],[130.91073,31.79548],[130.90801,31.7957],[130.90606,31.79558],[130.90517,31.79393],[130.90385,31.79379]]]},"properties":{"hoanrinKind":"保安林"}},
{"type":"Feature","geometry":{"type":"Polygon","coordinates":[[[130.4884,31.80023],[130.48923,31.80023],[130.48853,31.8011],[130.48804,31.80101],[130.4884,31.80023]]]},"properties":{"hoanrinKind":"保安林"}},
{"type":"Feature","geometry":{"type":"Polygon","coordinates":[[[130.41303,31.80083],[130.41349,31.79997],[130.41387,31.80053],[130.41303,31.80083]]]},"properties":{"hoanrinKind":"保安林"}},
{"type":"Feature","geometry":{"type":"Polygon","coordinates":[[[130.41429,31.80028],[130.41571,31.79994],[130.41537,31.80054],[130.41429,31.80028]]]},"properties":{"hoanrinKind":"保安林"}},
{"type":"Feature","geometry":{"type":"Polygon","coordinates":[[[130.73505,31.79605],[130.73687,31.79569],[130.73687,31.79599],[130.73505,31.79641],[130.73505,31.79605]]]},"properties":{"hoanrinKind":"保安林"}},
{"type":"Feature","geometry":{"type":"Polygon","coordinates":[[[130.78293,31.79264],[130.7841,31.79298],[130.78377,31.79391],[130.78314,31.79351],[130.78293,31.79264]]]},"properties":{"hoanrinKind":"保安林"}},
{"type":"Feature","geometry":{"type":"Polygon","coordinates":[[[130.64915,31.79556],[130.64964,31.79514],[130.64997,31.79594],[130.64915,31.79556]]]},"properties":{"hoanrinKind":"保安林"}},
{"type":"Feature","geometry":{"type":"Polygon","coordinates":[[[130.53457,31.79691],[130.53542,31.79643],[130.53574,31.79729],[130.535,31.7977],[130.53457,31.79691]]]},"properties":{"hoanrinKind":"保安林"}},
{"type":"Feature","geometry":{"type":"Polygon","coordinates":[[[129.8273,31.80351],[129.82799,31.80193],[129.82918,31.80241],[129.82813,31.80391],[129.8273,31.80351]]]},"properties":{"hoanrinKind":"保安林"}},
{"type":"Feature","geometry":{"type":"Polygon","coordinates":[[[130.65264,31.79212],[130.65404,31.79243],[130.65497,31.79328],[130.6573,31.79386],[130.6583,31.79522],[130.65676,31.79555],[130.65612,31.79495],[130.6544,31.79523],[130.65368,31.79467],[130.65342,31.79287],[130.65264,31.79212]]]},"properties":{"hoanrinKind":"保安林"}},
{"type":"Feature","geometry":{"type":"Polygon","coordinates":[[[130.7382,31.79337],[130.73884,31.79144],[130.73943,31.79229],[130.739,31.79397],[130.7382,31.79337]]]},"properties":{"hoanrinKind":"保安林"}},
{"type":"Feature","geometry":{"type":"Polygon","coordinates":[[[130.77386,31.79194],[130.7748,31.79092],[130.77601,31.79096],[130.77718,31.79274],[130.77386,31.79194]]]},"properties":{"hoanrinKind":"保安林"}},
{"type":"Feature","geometry":{"type":"Polygon","coordinates":[[[130.65745,31.7934],[130.65772,31.79311],[130.65815,31.79381],[130.65745,31.79358],[130.65745,31.7934]]]},"properties":{"hoanrinKind":"保安林"}},
{"type":"Feature","geometry":{"type":"Polygon","coordinates":[[[130.7774,31.79007],[130.77856,31.78948],[130.78055,31.79052],[130.77866,31.79172],[130.77772,31.79119],[130.7774,31.79007]]]},"properties":{"hoanrinKind":"保安林"}},
{"type":"Feature","geometry":{"type":"Polygon","coordinates":[[[130.49847,31.79575],[130.49873,31.79509],[130.49994,31.7953],[130.50034,31.79589],[130.49847,31.79575]]]},"properties":{"hoanrinKind":"保安林"}},
{"type":"Feature","geometry":{"type":"Polygon","coordinates":[[[130.70008,31.79258],[130.70048,31.79228],[130.70109,31.79294],[130.70058,31.79331],[130.70008,31.79258]]]},"properties":{"hoanrinKind":"保安林"}},
{"type":"Feature","geometry":{"type":"Polygon","coordinates":[[[130.65057,31.79243],[130.65186,31.79239],[130.65276,31.79355],[130.6515,31.79361],[130.65057,31.79243]]]},"properties":{"hoanrinKind":"保安林"}},
{"type":"Feature","geometry":{"type":"Polygon","coordinates":[[[130.64751,31.79293],[130.64789,31.7928],[130.6481,31.79305],[130.6476,31.79338],[130.64751,31.79293]]]},"properties":{"hoanrinKind":"保安林"}},
{"type":"Feature","geometry":{"type":"Polygon","coordinates":[[[130.62452,31.79281],[130.62485,31.79273],[130.62564,31.79322],[130.6253,31.79344],[130.62452,31.79281]]]},"properties":{"hoanrinKind":"保安林"}},
{"type":"Feature","geometry":{"type":"Polygon","coordinates":[[[130.6455,31.79289],[130.64568,31.79225],[130.64693,31.79188],[130.647,31.79288],[130.6455,31.79289]]]},"properties":{"hoanrinKind":"保安林"}},
{"type":"Feature","geometry":{"type":"Polygon","coordinates":[[[130.76353,31.7907],[130.76419,31.79038],[130.76494,31.7909],[130.7641,31.79137],[130.76353,31.7907]]]},"properties":{"hoanrinKind":"保安林"}},
{"type":"Feature","geometry":{"type":"Polygon","coordinates":[[[130.64015,31.79198],[130.64112,31.79145],[130.64301,31.7912],[130.64194,31.79277],[130.64015,31.79198]]]},"properties":{"hoanrinKind":"保安林"}},
{"type":"Feature","geometry":{"type":"Polygon","coordinates":[[[130.84366,31.78966],[130.84597,31.78798],[130.8461,31.78903],[130.84366,31.78966]]]},"properties":{"hoanrinKind":"保安林"}},
{"type":"Feature","geometry":{"type":"Polygon","coordinates":[[[130.62412,31.79169],[130.62581,31.79163],[130.62501,31.79244],[130.62412,31.79169]]]},"properties":{"hoanrinKind":"保安林"}},
{"type":"Feature","geometry":{"type":"Polygon","coordinates":[[[130.62261,31.7912],[130.62377,31.79172],[130.62378,31.79227],[130.62245,31.79156],[130.62261,31.7912]]]},"properties":{"hoanrinKind":"保安林"}},
{"type":"Feature","geometry":{"type":"Polygon","coordinates":[[[130.64373,31.79173],[130.64448,31.79105],[130.64469,31.79195],[130.64373,31.79173]]]},"properties":{"hoanrinKind":"保安林"}},
{"type":"Feature","geometry":{"type":"Polygon","coordinates":[[[130.49446,31.79241],[130.49625,31.79144],[130.49929,31.79223],[130.49796,31.79349],[130.49698,31.7935],[130.49446,31.79241]]]},"properties":{"hoanrinKind":"保安林"}},
{"type":"Feature","geometry":{"type":"Polygon","coordinates":[[[130.64757,31.78919],[130.64946,31.79027],[130.64954,31.79122],[130.64757,31.78919]]]},"properties":{"hoanrinKind":"保安林"}},
{"type":"Feature","geometry":{"type":"Polygon","coordinates":[[[130.65092,31.7899],[130.65258,31.78903],[130.65248,31.79041],[130.65092,31.7899]]]},"properties":{"hoanrinKind":"保安林"}},
{"type":"Feature","geometry":{"type":"Polygon","coordinates":[[[130.65435,31.79035],[130.65526,31.79003],[130.65586,31.79081],[130.65473,31.79114],[130.65435,31.79035]]]},"properties":{"hoanrinKind":"保安林"}},
{"type":"Feature","geometry":{"type":"Polygon","coordinates":[[[130.70756,31.78898],[130.709,31.7879],[130.71027,31.78862],[130.70756,31.78898]]]},"properties":{"hoanrinKind":"保安林"}},
{"type":"Feature","geometry":{"type":"Polygon","coordinates":[[[130.79386,31.78697],[130.79495,31.78651],[130.79465,31.78775],[130.79386,31.78697]]]},"properties":{"hoanrinKind":"保安林"}},
{"type":"Feature","geometry":{"type":"Polygon","coordinates":[[[130.73805,31.78616],[130.73893,31.78743],[130.73838,31.78817],[130.73805,31.78616]]]},"properties":{"hoanrinKind":"保安林"}},
{"type":"Feature","geometry":{"type":"Polygon","coordinates":[[[130.66431,31.78636],[130.66566,31.78832],[130.66462,31.78849],[130.66431,31.78636]]]},"properties":{"hoanrinKind":"保安林"}},
{"type":"Feature","geometry":{"type":"Polygon","coordinates":[[[130.66012,31.78842],[130.66115,31.78793],[130.66307,31.78866],[130.66035,31.78896],[130.66012,31.78842]]]},"properties":{"hoanrinKind":"保安林"}},
{"type":"Feature","geometry":{"type":"Polygon","coordinates":[[[130.69248,31.78766],[130.6932,31.78765],[130.69341,31.78682],[130.69448,31.78771],[130.69322,31.78815],[130.69248,31.78766]]]},"properties":{"hoanrinKind":"保安林"}},
{"type":"Feature","geometry":{"type":"Polygon","coordinates":[[[130.70014,31.78652],[130.70208,31.78685],[130.70051,31.7879],[130.70014,31.78652]]]},"properties":{"hoanrinKind":"保安林"}},
{"type":"Feature","geometry":{"type":"Polygon","coordinates":[[[130.56969,31.78293],[130.57111,31.78378],[130.57141,31.78529],[130.57224,31.78622],[130.57185,31.78775],[130.57398,31.78767],[130.5737,31.78911],[130.57266,31.78904],[130.57208,31.7881],[130.57048,31.78728],[130.56946,31.78365],[130.56969,31.78293]]]},"properties":{"hoanrinKind":"保安林"}},
{"type":"Feature","geometry":{"type":"Polygon","coordinates":[[[130.65077,31.78613],[130.65249,31.78581],[130.65292,31.78487],[130.65504,31.78673],[130.6533,31.78721],[130.65077,31.78613]]]},"properties":{"hoanrinKind":"保安林"}},
{"type":"Feature","geometry":{"type":"Polygon","coordinates":[[[130.64865,31.78747],[130.64955,31.78745],[130.64975,31.78797],[130.64909,31.78797],[130.64865,31.78747]]]},"properties":{"hoanrinKind":"保安林"}},
{"type":"Feature","geometry":{"type":"Polygon","coordinates":[[[130.68981,31.78663],[130.69076,31.78643],[130.69085,31.78701],[130.68955,31.78727],[130.68981,31.78663]]]},"properties":{"hoanrinKind":"保安林"}},
{"type":"Feature","geometry":{"type":"Polygon","coordinates":[[[130.42129,31.78961],[130.42426,31.7897],[130.42294,31.79051],[130.42129,31.78961]]]},"properties":{"hoanrinKind":"保安林"}},
{"type":"Feature","geometry":{"type":"Polygon","coordinates":[[[130.65994,31.78734],[130.66054,31.78681],[130.66084,31.78753],[130.65994,31.78734]]]},"properties":{"hoanrinKind":"保安林"}},
{"type":"Feature","geometry":{"type":"Polygon","coordinates":[[[130.58886,31.78729],[130.59063,31.78642],[130.59167,31.78676],[130.59055,31.78818],[130.58886,31.78729]]]},"properties":{"hoanrinKind":"保安林"}},
{"type":"Feature","geometry":{"type":"Polygon","coordinates":[[[130.78927,31.78257],[130.79169,31.78222],[130.79184,31.78307],[130.79324,31.78499],[130.79191,31.78499],[130.79153,31.78396],[130.78964,31.78455],[130.78927,31.78257]]]},"properties":{"hoanrinKind":"保安林"}},
{"type":"Feature","geometry":{"type":"Polygon","coordinates":[[[130.57819,31.78634],[130.57877,31.78496],[130.5794,31.78532],[130.57937,31.78632],[130.57819,31.78634]]]},"properties":{"hoanrinKind":"保安林"}},
{"type":"Feature","geometry":{"type":"Polygon","coordinates":[[[130.81854,31.78266],[130.819,31.78347],[130.81976,31.78392],[130.81977,31.78434],[130.81861,31.78366],[130.81854,31.78266]]]},"properties":{"hoanrinKind":"保安林"}},
{"type":"Feature","geometry":{"type":"Polygon","coordinates":[[[130.5744,31.78747],[130.57576,31.78672],[130.57557,31.7877],[130.5744,31.78747]]]},"properties":{"hoanrinKind":"保安林"}},
{"type":"Feature","geometry":{"type":"Polygon","coordinates":[[[130.48708,31.78716],[130.48955,31.78525],[130.49266,31.78568],[130.49331,31.78611],[130.49379,31.78776],[130.49328,31.78862],[130.48996,31.78883],[130.48708,31.78716]]]},"properties":{"hoanrinKind":"保安林"}},
{"type":"Feature","geometry":{"type":"Polygon","coordinates":[[[130.84523,31.78315],[130.84541,31.78275],[130.84685,31.78246],[130.8466,31.78292],[130.84579,31.78328],[130.84523,31.78315]]]},"properties":{"hoanrinKind":"保安林"}},
{"type":"Feature","geometry":{"type":"Polygon","coordinates":[[[130.41944,31.7884],[130.42064,31.78847],[130.41994,31.78916],[130.41944,31.7884]]]},"properties":{"hoanrinKind":"保安林"}},
{"type":"Feature","geometry":{"type":"Polygon","coordinates":[[[130.66482,31.78515],[130.66577,31.78557],[130.66529,31.78599],[130.66482,31.78515]]]},"properties":{"hoanrinKind":"保安林"}},
{"type":"Feature","geometry":{"type":"Polygon","coordinates":[[[130.26167,31.78993],[130.26556,31.78799],[130.26804,31.78733],[130.26975,31.78721],[130.27012,31.78787],[130.26739,31.78894],[130.26385,31.78971],[130.263,31.79057],[130.26167,31.78993]]]},"properties":{"hoanrinKind":"保安林"}},
{"type":"Feature","geometry":{"type":"Polygon","coordinates":[[[130.82982,31.78224],[130.83219,31.78212],[130.83313,31.7828],[130.83251,31.78363],[130.82982,31.78224]]]},"properties":{"hoanrinKind":"保安林"}},
{"type":"Feature","geometry":{"type":"Polygon","coordinates":[[[130.7319,31.78397],[130.734,31.78202],[130.73421,31.78451],[130.7319,31.78397]]]},"properties":{"hoanrinKind":"保安林"}},
{"type":"Feature","geometry":{"type":"Polygon","coordinates":[[[130.66158,31.78471],[130.66247,31.78488],[130.66228,31.78286],[130.66282,31.78324],[130.663,31.78444],[130.66273,31.7855],[130.6618,31.78558],[130.66158,31.78471]]]},"properties":{"hoanrinKind":"保安林"}},
{"type":"Feature","geometry":{"type":"Polygon","coordinates":[[[130.65506,31.7841],[130.65548,31.78457],[130.6557,31.7855],[130.65536,31.78565],[130.65489,31.78443],[130.65506,31.7841]]]},"properties":{"hoanrinKind":"保安林"}},
{"type":"Feature","geometry":{"type":"Polygon","coordinates":[[[130.78192,31.78254],[130.78271,31.782],[130.78413,31.78228],[130.78218,31.78376],[130.78192,31.78254]]]},"properties":{"hoanrinKind":"保安林"}},
{"type":"Feature","geometry":{"type":"Polygon","coordinates":[[[130.57966,31.78589],[130.58018,31.78567],[130.58019,31.78633],[130.57966,31.78589]]]},"properties":{"hoanrinKind":"保安林"}},
{"type":"Feature","geometry":{"type":"Polygon","coordinates":[[[130.57449,31.78603],[130.57692,31.78559],[130.57733,31.78527],[130.57749,31.78405],[130.57823,31.78465],[130.57731,31.78586],[130.57465,31.78623],[130.57449,31.78603]]]},"properties":{"hoanrinKind":"保安林"}},
{"type":"Feature","geometry":{"type":"Polygon","coordinates":[[[130.68811,31.78402],[130.68914,31.78414],[130.68932,31.78471],[130.68811,31.78402]]]},"properties":{"hoanrinKind":"保安林"}},
{"type":"Feature","geometry":{"type":"Polygon","coordinates":[[[130.5864,31.78442],[130.5869,31.78367],[130.58652,31.78207],[130.58814,31.78146],[130.58929,31.78179],[130.59042,31.7812],[130.59033,31.78305],[130.5879,31.78398],[130.58751,31.7858],[130.5864,31.78442]]]},"properties":{"hoanrinKind":"保安林"}},
{"type":"Feature","geometry":{"type":"Polygon","coordinates":[[[130.69736,31.7811],[130.69864,31.78112],[130.6997,31.78332],[130.69927,31.78436],[130.6975,31.78257],[130.69736,31.7811]]]},"properties":{"hoanrinKind":"保安林"}},
{"type":"Feature","geometry":{"type":"Polygon","coordinates":[[[130.59859,31.78279],[130.60001,31.78219],[130.60186,31.7837],[130.60169,31.78459],[130.59886,31.78485],[130.59909,31.78332],[130.59859,31.78279]]]},"properties":{"hoanrinKind":"保安林"}},
{"type":"Feature","geometry":{"type":"Polygon","coordinates":[[[130.66398,31.78238],[130.66502,31.78371],[130.66431,31.78384],[130.66398,31.78238]]]},"properties":{"hoanrinKind":"保安林"}},
{"type":"Feature","geometry":{"type":"Polygon","coordinates":[[[130.95529,31.77966],[130.95554,31.77878],[130.95796,31.77915],[130.95787,31.77995],[130.95529,31.77966]]]},"properties":{"hoanrinKind":"保安林"}},
{"type":"Feature","geometry":{"type":"Polygon","coordinates":[[[130.24827,31.777],[130.25019,31.77723],[130.25206,31.77675],[130.25322,31.77812],[130.25516,31.77924],[130.25655,31.78188],[130.25774,31.78198],[130.25827,31.78366],[130.25987,31.7838],[130.26074,31.78516],[130.25938,31.78737],[130.25703,31.78858],[130.25528,31.78684],[130.25434,31.78535],[130.25114,31.78309],[130.25131,31.78116],[130.25015,31.77868],[130.24827,31.777]]]},"properties":{"hoanrinKind":"保安林"}},
{"type":"Feature","geometry":{"type":"Polygon","coordinates":[[[130.65239,31.78305],[130.65358,31.78243],[130.65452,31.78306],[130.65399,31.78406],[130.65239,31.78305]]]},"properties":{"hoanrinKind":"保安林"}},
{"type":"Feature","geometry":{"type":"Polygon","coordinates":[[[130.81518,31.77948],[130.81561,31.77957],[130.81685,31.78064],[130.81673,31.78102],[130.81518,31.77948]]]},"properties":{"hoanrinKind":"保安林"}},
{"type":"Feature","geometry":{"type":"Polygon","coordinates":[[[130.57435,31.78352],[130.57576,31.78378],[130.57479,31.78505],[130.57435,31.78352]]]},"properties":{"hoanrinKind":"保安林"}},
{"type":"Feature","geometry":{"type":"Polygon","coordinates":[[[130.74591,31.78185],[130.74769,31.78048],[130.74852,31.7813],[130.74656,31.78277],[130.74591,31.78185]]]},"properties":{"hoanrinKind":"保安林"}},
{"type":"Feature","geometry":{"type":"Polygon","coordinates":[[[130.74907,31.782],[130.75002,31.7816],[130.74991,31.78237],[130.74907,31.782]]]},"properties":{"hoanrinKind":"保安林"}},
{"type":"Feature","geometry":{"type":"Polygon","coordinates":[[[130.68796,31.78228],[130.68867,31.78274],[130.68816,31.78288],[130.68796,31.78228]]]},"properties":{"hoanrinKind":"保安林"}},
{"type":"Feature","geometry":{"type":"Polygon","coordinates":[[[130.37783,31.7863],[130.37905,31.78535],[130.3797,31.78651],[130.37783,31.7863]]]},"properties":{"hoanrinKind":"保安林"}},
{"type":"Feature","geometry":{"type":"Polygon","coordinates":[[[130.57886,31.78337],[130.5795,31.78356],[130.57979,31.78399],[130.57935,31.78413],[130.57903,31.7839],[130.57886,31.78337]]]},"properties":{"hoanrinKind":"保安林"}},
{"type":"Feature","geometry":{"type":"Polygon","coordinates":[[[130.5703,31.78208],[130.57052,31.78106],[130.57168,31.78086],[130.57267,31.78159],[130.57215,31.78254],[130.5703,31.78208]]]},"properties":{"hoanrinKind":"保安林"}},
{"type":"Feature","geometry":{"type":"Polygon","coordinates":[[[130.68864,31.78084],[130.68969,31.78223],[130.68913,31.78226],[130.68864,31.78084]]]},"properties":{"hoanrinKind":"保安林"}},
{"type":"Feature","geometry":{"type":"Polygon","coordinates":[[[130.78122,31.78053],[130.78182,31.77997],[130.78204,31.78038],[130.78122,31.78053]]]},"properties":{"hoanrinKind":"保安林"}},
{"type":"Feature","geometry":{"type":"Polygon","coordinates":[[[130.6915,31.7804],[130.69254,31.78119],[130.69179,31.78188],[130.6915,31.7804]]]},"properties":{"hoanrinKind":"保安林"}},
{"type":"Feature","geometry":{"type":"Polygon","coordinates":[[[130.57988,31.78217],[130.58093,31.78268],[130.57986,31.78321],[130.57988,31.78217]]]},"properties":{"hoanrinKind":"保安林"}},
{"type":"Feature","geometry":{"type":"Polygon","coordinates":[[[130.69069,31.78094],[130.69128,31.78093],[130.69107,31.78159],[130.69069,31.78094]]]},"properties":{"hoanrinKind":"保安林"}},
{"type":"Feature","geometry":{"type":"Polygon","coordinates":[[[130.78413,31.77822],[130.78459,31.77725],[130.78585,31.7772],[130.78877,31.77817],[130.78861,31.7797],[130.78509,31.78056],[130.78413,31.77822]]]},"properties":{"hoanrinKind":"保安林"}},
{"type":"Feature","geometry":{"type":"Polygon","coordinates":[[[130.77781,31.77955],[130.77818,31.77936],[130.77832,31.78001],[130.77782,31.78002],[130.77781,31.77955]]]},"properties":{"hoanrinKind":"保安林"}},
{"type":"Feature","geometry":{"type":"Polygon","coordinates":[[[130.63029,31.77741],[130.63526,31.77627],[130.6334,31.77985],[130.63323,31.78133],[130.63244,31.78136],[130.63216,31.77978],[130.63029,31.77741]]]},"properties":{"hoanrinKind":"保安林"}},
{"type":"Feature","geometry":{"type":"Polygon","coordinates":[[[130.96619,31.77639],[130.96717,31.77621],[130.96794,31.77653],[130.96721,31.77718],[130.96619,31.77639]]]},"properties":{"hoanrinKind":"保安林"}},
{"type":"Feature","geometry":{"type":"Polygon","coordinates":[[[130.91237,31.7774],[130.91265,31.77661],[130.9141,31.77653],[130.91292,31.77799],[130.91237,31.7774]]]},"properties":{"hoanrinKind":"保安林"}},
{"type":"Feature","geometry":{"type":"Polygon","coordinates":[[[130.85333,31.77874],[130.85334,31.7777],[130.85401,31.77747],[130.85376,31.77863],[130.85333,31.77874]]]},"properties":{"hoanrinKind":"保安林"}},
{"type":"Feature","geometry":{"type":"Polygon","coordinates":[[[130.3595,31.78358],[130.36127,31.7829],[130.36254,31.78481],[130.36054,31.78479],[130.3595,31.78358]]]},"properties":{"hoanrinKind":"保安林"}},
{"type":"Feature","geometry":{"type":"Polygon","coordinates":[[[130.57141,31.77929],[130.57393,31.78052],[130.57544,31.77938],[130.57643,31.77928],[130.5776,31.77691],[130.57909,31.77845],[130.58112,31.77841],[130.58161,31.7798],[130.5803,31.78142],[130.57817,31.78247],[130.57729,31.78166],[130.57631,31.78247],[130.57401,31.78205],[130.57372,31.78095],[130.5718,31.78041],[130.57141,31.77929]]]},"properties":{"hoanrinKind":"保安林"}},
{"type":"Feature","geometry":{"type":"Polygon","coordinates":[[[130.62814,31.78116],[130.62861,31.78132],[130.6286,31.78185],[130.62815,31.78185],[130.62814,31.78116]]]},"properties":{"hoanrinKind":"保安林"}},
{"type":"Feature","geometry":{"type":"Polygon","coordinates":[[[130.84388,31.7765],[130.84559,31.77676],[130.84571,31.77538],[130.84781,31.77486],[130.84819,31.77559],[130.84748,31.777],[130.84515,31.77723],[130.84388,31.7765]]]},"properties":{"hoanrinKind":"保安林"}},
{"type":"Feature","geometry":{"type":"Polygon","coordinates":[[[130.93273,31.77515],[130.93354,31.77521],[130.93391,31.77671],[130.93309,31.77672],[130.93273,31.77515]]]},"properties":{"hoanrinKind":"保安林"}},
{"type":"Feature","geometry":{"type":"Polygon","coordinates":[[[130.52172,31.78204],[130.5222,31.78195],[130.52208,31.78228],[130.52172,31.78204]]]},"properties":{"hoanrinKind":"保安林"}},
{"type":"Feature","geometry":{"type":"Polygon","coordinates":[[[130.72155,31.77947],[130.72195,31.77907],[130.72318,31.77908],[130.72288,31.77985],[130.72155,31.77947]]]},"properties":{"hoanrinKind":"保安林"}},
{"type":"Feature","geometry":{"type":"Polygon","coordinates":[[[130.973,31.77542],[130.97487,31.7743],[130.97476,31.77581],[130.973,31.77542]]]},"properties":{"hoanrinKind":"保安林"}},
{"type":"Feature","geometry":{"type":"Polygon","coordinates":[[[130.70126,31.7797],[130.70129,31.77914],[130.70197,31.77908],[130.70177,31.77966],[130.70126,31.7797]]]},"properties":{"hoanrinKind":"保安林"}},
{"type":"Feature","geometry":{"type":"Polygon","coordinates":[[[130.67612,31.77848],[130.67752,31.77773],[130.67769,31.77913],[130.67612,31.77848]]]},"properties":{"hoanrinKind":"保安林"}},
{"type":"Feature","geometry":{"type":"Polygon","coordinates":[[[130.64086,31.77971],[130.64167,31.77925],[130.6417,31.77999],[130.64086,31.77971]]]},"properties":{"hoanrinKind":"保安林"}},
{"type":"Feature","geometry":{"type":"Polygon","coordinates":[[[130.85937,31.76014],[130.86174,31.75852],[130.86301,31.75646],[130.86327,31.75443],[130.86508,31.75136],[130.8657,31.75144],[130.86723,31.75483],[130.86981,31.75866],[130.86985,31.75979],[130.86726,31.7632],[130.86597,31.76427],[130.86817,31.76559],[130.86914,31.76728],[130.87098,31.76888],[130.87269,31.76975],[130.87426,31.76952],[130.87528,31.77003],[130.87713,31.77192],[130.87853,31.77274],[130.87964,31.77601],[130.87859,31.77585],[130.87688,31.77642],[130.87692,31.77514],[130.87373,31.77528],[130.87226,31.77591],[130.87171,31.775],[130.8704,31.77462],[130.86876,31.77501],[130.86781,31.77448],[130.86743,31.7732],[130.86577,31.77372],[130.86413,31.77296],[130.86232,31.76882],[130.86205,31.76662],[130.86008,31.76528],[130.86018,31.7646],[130.86182,31.76391],[130.86372,31.76048],[130.86155,31.76143],[130.85942,31.76112],[130.85937,31.76014]]]},"properties":{"hoanrinKind":"保安林"}},
{"type":"Feature","geometry":{"type":"Polygon","coordinates":[[[130.62942,31.77971],[130.62984,31.77943],[130.62993,31.77891],[130.6303,31.77888],[130.63016,31.77975],[130.62942,31.77971]]]},"properties":{"hoanrinKind":"保安林"}},
{"type":"Feature","geometry":{"type":"Polygon","coordinates":[[[130.728,31.77777],[130.72857,31.77817],[130.72858,31.77861],[130.72773,31.77831],[130.728,31.77777]]]},"properties":{"hoanrinKind":"保安林"}},
{"type":"Feature","geometry":{"type":"Polygon","coordinates":[[[130.57003,31.78009],[130.57103,31.7801],[130.57104,31.78056],[130.5703,31.78056],[130.57003,31.78009]]]},"properties":{"hoanrinKind":"保安林"}},
{"type":"Feature","geometry":{"type":"Polygon","coordinates":[[[130.60849,31.77925],[130.60971,31.77855],[130.61003,31.77913],[130.60916,31.77997],[130.60849,31.77925]]]},"properties":{"hoanrinKind":"保安林"}},
{"type":"Feature","geometry":{"type":"Polygon","coordinates":[[[130.70374,31.77729],[130.70451,31.77729],[130.70442,31.77872],[130.70374,31.77729]]]},"properties":{"hoanrinKind":"保安林"}},
{"type":"Feature","geometry":{"type":"Polygon","coordinates":[[[130.69767,31.77743],[130.69939,31.77707],[130.6995,31.77816],[130.69798,31.77828],[130.69767,31.77743]]]},"properties":{"hoanrinKind":"保安林"}},
{"type":"Feature","geometry":{"type":"Polygon","coordinates":[[[130.62753,31.77883],[130.62772,31.7783],[130.62831,31.77846],[130.62791,31.77918],[130.62753,31.77883]]]},"properties":{"hoanrinKind":"保安林"}},
{"type":"Feature","geometry":{"type":"Polygon","coordinates":[[[130.84257,31.77586],[130.8429,31.77551],[130.84432,31.77535],[130.84519,31.77496],[130.84637,31.77406],[130.84734,31.77365],[130.84748,31.77423],[130.84652,31.77435],[130.84496,31.77544],[130.84282,31.77625],[130.84257,31.77586]]]},"properties":{"hoanrinKind":"保安林"}},
{"type":"Feature","geometry":{"type":"Polygon","coordinates":[[[130.66927,31.77715],[130.66998,31.77734],[130.66976,31.77819],[130.66938,31.77768],[130.66927,31.77715]]]},"properties":{"hoanrinKind":"保安林"}},
{"type":"Feature","geometry":{"type":"Polygon","coordinates":[[[130.78117,31.77572],[130.78175,31.77548],[130.78227,31.776],[130.7819,31.77641],[130.78117,31.77572]]]},"properties":{"hoanrinKind":"保安林"}},
{"type":"Feature","geometry":{"type":"Polygon","coordinates":[[[130.72428,31.77651],[130.72657,31.77532],[130.72736,31.77557],[130.7271,31.77702],[130.72628,31.77721],[130.72428,31.77651]]]},"properties":{"hoanrinKind":"保安林"}},
{"type":"Feature","geometry":{"type":"Polygon","coordinates":[[[130.84843,31.77451],[130.85021,31.77475],[130.85049,31.7754],[130.84843,31.77451]]]},"properties":{"hoanrinKind":"保安林"}},
{"type":"Feature","geometry":{"type":"Polygon","coordinates":[[[130.79231,31.77244],[130.79324,31.77198],[130.79515,31.77272],[130.79686,31.77285],[130.79826,31.77385],[130.79538,31.7752],[130.79455,31.77408],[130.79362,31.77405],[130.79231,31.77244]]]},"properties":{"hoanrinKind":"保安林"}},
{"type":"Feature","geometry":{"type":"Polygon","coordinates":[[[130.80038,31.77253],[130.80206,31.77289],[130.80223,31.77364],[130.80409,31.77442],[130.80355,31.77582],[130.80079,31.77444],[130.80113,31.77345],[130.80038,31.77253]]]},"properties":{"hoanrinKind":"保安林"}},
{"type":"Feature","geometry":{"type":"Polygon","coordinates":[[[130.8398,31.77438],[130.84201,31.77435],[130.84145,31.77526],[130.8398,31.77438]]]},"properties":{"hoanrinKind":"保安林"}},
{"type":"Feature","geometry":{"type":"Polygon","coordinates":[[[130.68586,31.77502],[130.68722,31.77566],[130.68666,31.77664],[130.68586,31.77502]]]},"properties":{"hoanrinKind":"保安林"}},
{"type":"Feature","geometry":{"type":"Polygon","coordinates":[[[130.68508,31.77664],[130.68544,31.77651],[130.68626,31.7769],[130.68618,31.77717],[130.68496,31.77688],[130.68508,31.77664]]]},"properties":{"hoanrinKind":"保安林"}},
{"type":"Feature","geometry":{"type":"Polygon","coordinates":[[[130.68231,31.77564],[130.68437,31.77568],[130.6849,31.77665],[130.68377,31.7771],[130.68231,31.77564]]]},"properties":{"hoanrinKind":"保安林"}},
{"type":"Feature","geometry":{"type":"Polygon","coordinates":[[[130.77796,31.77523],[130.77897,31.77494],[130.77856,31.7756],[130.77796,31.77523]]]},"properties":{"hoanrinKind":"保安林"}},
{"type":"Feature","geometry":{"type":"Polygon","coordinates":[[[130.3414,31.77718],[130.34364,31.77645],[130.34499,31.77648],[130.34543,31.77761],[130.3468,31.77792],[130.34879,31.77949],[130.34803,31.78058],[130.34652,31.78083],[130.34433,31.77986],[130.34279,31.78057],[130.34312,31.77895],[130.34221,31.77752],[130.3414,31.77718]]]},"properties":{"hoanrinKind":"保安林"}},
{"type":"Feature","geometry":{"type":"Polygon","coordinates":[[[130.64719,31.77638],[130.64729,31.77531],[130.64786,31.77516],[130.64788,31.776],[130.64719,31.77638]]]},"properties":{"hoanrinKind":"保安林"}},
{"type":"Feature","geometry":{"type":"Polygon","coordinates":[[[130.58205,31.77573],[130.58241,31.77558],[130.58329,31.77711],[130.58301,31.778],[130.58253,31.77636],[130.58205,31.77573]]]},"properties":{"hoanrinKind":"保安林"}},
{"type":"Feature","geometry":{"type":"Polygon","coordinates":[[[130.93174,31.77245],[130.93236,31.77165],[130.9337,31.77258],[130.93252,31.77285],[130.93174,31.77245]]]},"properties":{"hoanrinKind":"保安林"}},
{"type":"Feature","geometry":{"type":"Polygon","coordinates":[[[130.7729,31.77339],[130.77452,31.77405],[130.77401,31.7742],[130.77329,31.77391],[130.7729,31.77339]]]},"properties":{"hoanrinKind":"保安林"}},
{"type":"Feature","geometry":{"type":"Polygon","coordinates":[[[130.77506,31.77239],[130.7763,31.77283],[130.77726,31.77209],[130.77724,31.77451],[130.77657,31.7746],[130.77506,31.77239]]]},"properties":{"hoanrinKind":"保安林"}},
{"type":"Feature","geometry":{"type":"Polygon","coordinates":[[[130.8084,31.7726],[130.80941,31.77258],[130.80916,31.77395],[130.80847,31.77367],[130.8084,31.7726]]]},"properties":{"hoanrinKind":"保安林"}},
{"type":"Feature","geometry":{"type":"Polygon","coordinates":[[[130.79847,31.77379],[130.79886,31.77376],[130.79871,31.77401],[130.79847,31.77379]]]},"properties":{"hoanrinKind":"保安林"}},
{"type":"Feature","geometry":{"type":"Polygon","coordinates":[[[130.65171,31.77519],[130.65264,31.77489],[130.65316,31.77517],[130.65248,31.77598],[130.65171,31.77519]]]},"properties":{"hoanrinKind":"保安林"}},
{"type":"Feature","geometry":{"type":"Polygon","coordinates":[[[130.65018,31.77428],[130.65142,31.77509],[130.6504,31.77572],[130.65018,31.77428]]]},"properties":{"hoanrinKind":"保安林"}},
{"type":"Feature","geometry":{"type":"Polygon","coordinates":[[[130.7088,31.77321],[130.71185,31.77339],[130.71112,31.77484],[130.7088,31.77321]]]},"properties":{"hoanrinKind":"保安林"}},
{"type":"Feature","geometry":{"type":"Polygon","coordinates":[[[130.6476,31.77404],[130.64898,31.77444],[130.64865,31.77537],[130.6476,31.77404]]]},"properties":{"hoanrinKind":"保安林"}},
{"type":"Feature","geometry":{"type":"Polygon","coordinates":[[[130.69772,31.77405],[130.69822,31.77345],[130.69928,31.77386],[130.69821,31.77467],[130.69772,31.77405]]]},"properties":{"hoanrinKind":"保安林"}},
{"type":"Feature","geometry":{"type":"Polygon","coordinates":[[[130.96079,31.76865],[130.96268,31.76761],[130.96458,31.76804],[130.96316,31.7693],[130.96335,31.77086],[130.96163,31.77054],[130.96079,31.76865]]]},"properties":{"hoanrinKind":"保安林"}},
{"type":"Feature","geometry":{"type":"Polygon","coordinates":[[[130.93166,31.77052],[130.93239,31.76943],[130.93348,31.76999],[130.93268,31.77114],[130.93166,31.77052]]]},"properties":{"hoanrinKind":"保安林"}},
{"type":"Feature","geometry":{"type":"Polygon","coordinates":[[[130.63994,31.77456],[130.64031,31.77435],[130.64088,31.77486],[130.64062,31.77504],[130.63994,31.77456]]]},"properties":{"hoanrinKind":"保安林"}},
{"type":"Feature","geometry":{"type":"Polygon","coordinates":[[[130.7705,31.77061],[130.77293,31.77165],[130.77392,31.77321],[130.77178,31.77252],[130.7705,31.77061]]]},"properties":{"hoanrinKind":"保安林"}},
{"type":"Feature","geometry":{"type":"Polygon","coordinates":[[[130.50915,31.77587],[130.5104,31.77469],[130.51127,31.77516],[130.51025,31.77657],[130.50915,31.77587]]]},"properties":{"hoanrinKind":"保安林"}},
{"type":"Feature","geometry":{"type":"Polygon","coordinates":[[[130.25295,31.77475],[130.25574,31.77073],[130.25705,31.76937],[130.25773,31.76762],[130.26176,31.76678],[130.26239,31.7674],[130.2602,31.76957],[130.26129,31.77037],[130.26326,31.77023],[130.26351,31.77084],[130.26114,31.7736],[130.26016,31.77638],[130.25881,31.77667],[130.25826,31.778],[130.25642,31.77835],[130.25513,31.77801],[130.2524,31.77567],[130.25295,31.77475]]]},"properties":{"hoanrinKind":"保安林"}},
{"type":"Feature","geometry":{"type":"Polygon","coordinates":[[[130.68306,31.77248],[130.68478,31.77206],[130.68571,31.77399],[130.68406,31.77349],[130.68306,31.77248]]]},"properties":{"hoanrinKind":"保安林"}},
{"type":"Feature","geometry":{"type":"Polygon","coordinates":[[[130.57445,31.77474],[130.57506,31.77421],[130.57525,31.77446],[130.57475,31.77512],[130.57445,31.77474]]]},"properties":{"hoanrinKind":"保安林"}},
{"type":"Feature","geometry":{"type":"Polygon","coordinates":[[[130.69948,31.76708],[130.70155,31.76797],[130.70311,31.76808],[130.70491,31.77078],[130.70598,31.77156],[130.70497,31.77256],[130.70454,31.77085],[130.70287,31.7707],[130.69965,31.76763],[130.69948,31.76708]]]},"properties":{"hoanrinKind":"保安林"}},
{"type":"Feature","geometry":{"type":"Polygon","coordinates":[[[130.83977,31.77084],[130.84099,31.77099],[130.84089,31.7712],[130.83994,31.77131],[130.83977,31.77084]]]},"properties":{"hoanrinKind":"保安林"}},
{"type":"Feature","geometry":{"type":"Polygon","coordinates":[[[130.68899,31.7711],[130.69072,31.77067],[130.692,31.7715],[130.6924,31.77257],[130.69107,31.77324],[130.68958,31.77249],[130.69001,31.77156],[130.68899,31.7711]]]},"properties":{"hoanrinKind":"保安林"}},
{"type":"Feature","geometry":{"type":"Polygon","coordinates":[[[130.82758,31.76854],[130.82948,31.7683],[130.83207,31.76883],[130.82998,31.76997],[130.82758,31.76854]]]},"properties":{"hoanrinKind":"保安林"}},
{"type":"Feature","geometry":{"type":"Polygon","coordinates":[[[130.82578,31.77003],[130.82599,31.76922],[130.82752,31.77024],[130.82664,31.77063],[130.82578,31.77003]]]},"properties":{"hoanrinKind":"保安林"}},
{"type":"Feature","geometry":{"type":"Polygon","coordinates":[[[130.66917,31.77208],[130.66992,31.77142],[130.67044,31.77224],[130.66982,31.77267],[130.66917,31.77208]]]},"properties":{"hoanrinKind":"保安林"}},
{"type":"Feature","geometry":{"type":"Polygon","coordinates":[[[130.83401,31.76799],[130.83488,31.76753],[130.83618,31.76905],[130.83471,31.76939],[130.83401,31.76799]]]},"properties":{"hoanrinKind":"保安林"}},
{"type":"Feature","geometry":{"type":"Polygon","coordinates":[[[130.68586,31.76325],[130.68895,31.76313],[130.69088,31.76352],[130.69464,31.76336],[130.6962,31.76483],[130.69844,31.76536],[130.69884,31.76601],[130.6967,31.76676],[130.69822,31.76846],[130.70052,31.77014],[130.70079,31.77105],[130.70005,31.77203],[130.69868,31.76989],[130.69641,31.76906],[130.69459,31.76675],[130.6938,31.76473],[130.69291,31.76635],[130.69395,31.76686],[130.69437,31.76847],[130.6927,31.76981],[130.69198,31.76598],[130.69001,31.76468],[130.68632,31.76402],[130.68586,31.76325]]]},"properties":{"hoanrinKind":"保安林"}},
{"type":"Feature","geometry":{"type":"Polygon","coordinates":[[[130.70582,31.76837],[130.70852,31.76985],[130.70817,31.77164],[130.70608,31.76965],[130.70582,31.76837]]]},"properties":{"hoanrinKind":"保安林"}},
{"type":"Feature","geometry":{"type":"Polygon","coordinates":[[[130.64128,31.77189],[130.64344,31.77101],[130.64271,31.77224],[130.64128,31.77189]]]},"properties":{"hoanrinKind":"保安林"}},
{"type":"Feature","geometry":{"type":"Polygon","coordinates":[[[130.9252,31.76787],[130.92675,31.76688],[130.92724,31.76717],[130.9261,31.76793],[130.9252,31.76787]]]},"properties":{"hoanrinKind":"保安林"}},
{"type":"Feature","geometry":{"type":"Polygon","coordinates":[[[130.53261,31.77249],[130.53349,31.77161],[130.53399,31.77309],[130.53261,31.77249]]]},"properties":{"hoanrinKind":"保安林"}},
{"type":"Feature","geometry":{"type":"Polygon","coordinates":[[[130.70819,31.76827],[130.71043,31.76936],[130.71026,31.77022],[130.70937,31.76935],[130.70853,31.76898],[130.70819,31.76827]]]},"properties":{"hoanrinKind":"保安林"}},
{"type":"Feature","geometry":{"type":"Polygon","coordinates":[[[130.26261,31.77479],[130.26406,31.77315],[130.26664,31.77407],[130.26825,31.77433],[130.26752,31.77555],[130.26429,31.7755],[130.26261,31.77479]]]},"properties":{"hoanrinKind":"保安林"}},
{"type":"Feature","geometry":{"type":"Polygon","coordinates":[[[130.53163,31.77131],[130.53278,31.77162],[130.53233,31.7723],[130.53163,31.77131]]]},"properties":{"hoanrinKind":"保安林"}},
{"type":"Feature","geometry":{"type":"Polygon","coordinates":[[[130.70729,31.76666],[130.70919,31.76694],[130.71161,31.76832],[130.71098,31.76913],[130.70729,31.76666]]]},"properties":{"hoanrinKind":"保安林"}},
{"type":"Feature","geometry":{"type":"Polygon","coordinates":[[[130.68552,31.7664],[130.68613,31.76615],[130.68705,31.76737],[130.68572,31.76679],[130.68552,31.7664]]]},"properties":{"hoanrinKind":"保安林"}},
{"type":"Feature","geometry":{"type":"Polygon","coordinates":[[[130.68961,31.76767],[130.69042,31.76808],[130.69084,31.76874],[130.69066,31.76903],[130.68961,31.76767]]]},"properties":{"hoanrinKind":"保安林"}},
{"type":"Feature","geometry":{"type":"Polygon","coordinates":[[[130.71249,31.76747],[130.71317,31.76775],[130.71355,31.76866],[130.71282,31.76839],[130.71249,31.76747]]]},"properties":{"hoanrinKind":"保安林"}},
{"type":"Feature","geometry":{"type":"Polygon","coordinates":[[[130.72215,31.76722],[130.72275,31.76721],[130.72293,31.76798],[130.72239,31.76829],[130.72215,31.76722]]]},"properties":{"hoanrinKind":"保安林"}},
{"type":"Feature","geometry":{"type":"Polygon","coordinates":[[[130.96466,31.76319],[130.9652,31.76261],[130.96667,31.76306],[130.9668,31.76443],[130.96466,31.76319]]]},"properties":{"hoanrinKind":"保安林"}},
{"type":"Feature","geometry":{"type":"Polygon","coordinates":[[[130.84559,31.76539],[130.8472,31.76411],[130.84764,31.76434],[130.84607,31.76579],[130.84559,31.76539]]]},"properties":{"hoanrinKind":"保安林"}},
{"type":"Feature","geometry":{"type":"Polygon","coordinates":[[[130.52085,31.76976],[130.52125,31.76941],[130.52155,31.7696],[130.52123,31.76997],[130.52085,31.76976]]]},"properties":{"hoanrinKind":"保安林"}},
{"type":"Feature","geometry":{"type":"Polygon","coordinates":[[[130.68894,31.76644],[130.69029,31.76694],[130.69025,31.76766],[130.68894,31.76644]]]},"properties":{"hoanrinKind":"保安林"}},
{"type":"Feature","geometry":{"type":"Polygon","coordinates":[[[130.53507,31.76795],[130.53653,31.76758],[130.5375,31.76903],[130.5357,31.76957],[130.53507,31.76795]]]},"properties":{"hoanrinKind":"保安林"}},
{"type":"Feature","geometry":{"type":"Polygon","coordinates":[[[130.82417,31.7644],[130.82605,31.76391],[130.82583,31.76551],[130.82519,31.76575],[130.82417,31.7644]]]},"properties":{"hoanrinKind":"保安林"}},
{"type":"Feature","geometry":{"type":"Polygon","coordinates":[[[130.41025,31.77068],[130.41085,31.76987],[130.41212,31.76981],[130.41175,31.77029],[130.41077,31.77032],[130.41025,31.77068]]]},"properties":{"hoanrinKind":"保安林"}},
{"type":"Feature","geometry":{"type":"Polygon","coordinates":[[[130.7633,31.76553],[130.76361,31.76389],[130.76471,31.76386],[130.76462,31.76552],[130.7633,31.76553]]]},"properties":{"hoanrinKind":"保安林"}},
{"type":"Feature","geometry":{"type":"Polygon","coordinates":[[[130.37674,31.77009],[130.3771,31.76922],[130.37801,31.76991],[130.37674,31.77009]]]},"properties":{"hoanrinKind":"保安林"}},
{"type":"Feature","geometry":{"type":"Polygon","coordinates":[[[130.70028,31.76519],[130.70117,31.76492],[130.70129,31.76573],[130.70028,31.76519]]]},"properties":{"hoanrinKind":"保安林"}},
{"type":"Feature","geometry":{"type":"Polygon","coordinates":[[[130.37853,31.76983],[130.37922,31.76835],[130.38001,31.76913],[130.37853,31.76983]]]},"properties":{"hoanrinKind":"保安林"}},
{"type":"Feature","geometry":{"type":"Polygon","coordinates":[[[130.82848,31.76411],[130.83032,31.76303],[130.82912,31.76437],[130.82848,31.76411]]]},"properties":{"hoanrinKind":"保安林"}},
{"type":"Feature","geometry":{"type":"Polygon","coordinates":[[[130.63665,31.76342],[130.63768,31.76355],[130.63794,31.76487],[130.63642,31.76382],[130.63665,31.76342]]]},"properties":{"hoanrinKind":"保安林"}},
{"type":"Feature","geometry":{"type":"Polygon","coordinates":[[[130.62493,31.76646],[130.62574,31.76606],[130.62614,31.7664],[130.62522,31.76682],[130.62493,31.76646]]]},"properties":{"hoanrinKind":"保安林"}},
{"type":"Feature","geometry":{"type":"Polygon","coordinates":[[[130.70494,31.7651],[130.70609,31.76473],[130.70628,31.76545],[130.70547,31.76566],[130.70494,31.7651]]]},"properties":{"hoanrinKind":"保安林"}},
{"type":"Feature","geometry":{"type":"Polygon","coordinates":[[[130.68736,31.76476],[130.68835,31.76466],[130.68936,31.76564],[130.68879,31.76578],[130.68836,31.76521],[130.68736,31.76476]]]},"properties":{"hoanrinKind":"保安林"}},
{"type":"Feature","geometry":{"type":"Polygon","coordinates":[[[130.4841,31.76667],[130.48462,31.76563],[130.48594,31.76499],[130.48611,31.76295],[130.4886,31.76274],[130.49007,31.76433],[130.48836,31.76489],[130.48798,31.76706],[130.48647,31.76723],[130.48534,31.76798],[130.4841,31.76667]]]},"properties":{"hoanrinKind":"保安林"}},
{"type":"Feature","geometry":{"type":"Polygon","coordinates":[[[130.69695,31.76419],[130.69881,31.76359],[130.69897,31.76461],[130.69695,31.76419]]]},"properties":{"hoanrinKind":"保安林"}},
{"type":"Feature","geometry":{"type":"Polygon","coordinates":[[[130.85228,31.75833],[130.85514,31.75621],[130.85433,31.7545],[130.85503,31.75242],[130.85623,31.75237],[130.85719,31.75007],[130.86185,31.75073],[130.86333,31.75034],[130.86448,31.75129],[130.86381,31.75293],[130.86209,31.75543],[130.86202,31.75722],[130.86085,31.75881],[130.85733,31.76061],[130.85556,31.76019],[130.85386,31.75891],[130.85228,31.75833]]]},"properties":{"hoanrinKind":"保安林"}},
{"type":"Feature","geometry":{"type":"Polygon","coordinates":[[[130.89607,31.75998],[130.89708,31.75832],[130.89716,31.76059],[130.89607,31.75998]]]},"properties":{"hoanrinKind":"保安林"}},
{"type":"Feature","geometry":{"type":"Polygon","coordinates":[[[130.68225,31.76202],[130.68268,31.76148],[130.68526,31.76275],[130.68498,31.76352],[130.683,31.76275],[130.68225,31.76202]]]},"properties":{"hoanrinKind":"保安林"}},
{"type":"Feature","geometry":{"type":"Polygon","coordinates":[[[130.9658,31.75767],[130.96665,31.75644],[130.96828,31.75683],[130.97011,31.75679],[130.96988,31.75795],[130.9719,31.75867],[130.97119,31.75976],[130.96986,31.75948],[130.96854,31.75801],[130.96671,31.75831],[130.9658,31.75767]]]},"properties":{"hoanrinKind":"保安林"}},
{"type":"Feature","geometry":{"type":"Polygon","coordinates":[[[130.69609,31.76263],[130.69734,31.76301],[130.69649,31.7635],[130.69609,31.76263]]]},"properties":{"hoanrinKind":"保安林"}},
{"type":"Feature","geometry":{"type":"Polygon","coordinates":[[[130.93483,31.75739],[130.93609,31.7566],[130.93732,31.75694],[130.93866,31.7558],[130.93891,31.754],[130.94127,31.75522],[130.93974,31.756],[130.93863,31.7579],[130.93937,31.75875],[130.93906,31.75966],[130.93742,31.75855],[130.93623,31.75899],[130.93517,31.75846],[130.93483,31.75739]]]},"properties":{"hoanrinKind":"保安林"}},
{"type":"Feature","geometry":{"type":"Polygon","coordinates":[[[130.2223,31.76723],[130.22307,31.76688],[130.22373,31.76813],[130.22235,31.76802],[130.2223,31.76723]]]},"properties":{"hoanrinKind":"保安林"}},
{"type":"Feature","geometry":{"type":"Polygon","coordinates":[[[130.65317,31.76332],[130.65372,31.76293],[130.65416,31.76324],[130.65347,31.76367],[130.65317,31.76332]]]},"properties":{"hoanrinKind":"保安林"}},
{"type":"Feature","geometry":{"type":"Polygon","coordinates":[[[130.51184,31.76424],[130.51329,31.76475],[130.51277,31.76519],[130.51184,31.76424]]]},"properties":{"hoanrinKind":"保安林"}},
{"type":"Feature","geometry":{"type":"Polygon","coordinates":[[[130.70765,31.76197],[130.70858,31.7615],[130.70863,31.76173],[130.70787,31.76219],[130.70765,31.76197]]]},"properties":{"hoanrinKind":"保安林"}},
{"type":"Feature","geometry":{"type":"Polygon","coordinates":[[[130.51563,31.76364],[130.51682,31.76323],[130.51736,31.76372],[130.51638,31.76443],[130.51563,31.76364]]]},"properties":{"hoanrinKind":"保安林"}},
{"type":"Feature","geometry":{"type":"Polygon","coordinates":[[[130.69304,31.76165],[130.69435,31.76119],[130.69373,31.76195],[130.69304,31.76165]]]},"properties":{"hoanrinKind":"保安林"}},
{"type":"Feature","geometry":{"type":"Polygon","coordinates":[[[130.65991,31.76166],[130.66097,31.76128],[130.6607,31.76226],[130.65991,31.76166]]]},"properties":{"hoanrinKind":"保安林"}},
{"type":"Feature","geometry":{"type":"Polygon","coordinates":[[[130.51213,31.76206],[130.51229,31.76095],[130.51386,31.7605],[130.51495,31.76094],[130.51591,31.76201],[130.51419,31.76396],[130.51213,31.76206]]]},"properties":{"hoanrinKind":"保安林"}},
{"type":"Feature","geometry":{"type":"Polygon","coordinates":[[[130.68157,31.76064],[130.68208,31.76117],[130.68132,31.76134],[130.68157,31.76064]]]},"properties":{"hoanrinKind":"保安林"}},
{"type":"Feature","geometry":{"type":"Polygon","coordinates":[[[130.50261,31.76269],[130.50393,31.76187],[130.50378,31.76362],[130.50261,31.76269]]]},"properties":{"hoanrinKind":"保安林"}},
{"type":"Feature","geometry":{"type":"Polygon","coordinates":[[[130.71479,31.76084],[130.715,31.76039],[130.71561,31.75985],[130.71586,31.76004],[130.71479,31.76084]]]},"properties":{"hoanrinKind":"保安林"}},
{"type":"Feature","geometry":{"type":"Polygon","coordinates":[[[130.71884,31.76015],[130.71931,31.76065],[130.71839,31.76095],[130.71884,31.76015]]]},"properties":{"hoanrinKind":"保安林"}},
{"type":"Feature","geometry":{"type":"Polygon","coordinates":[[[130.71322,31.76014],[130.71529,31.75941],[130.71456,31.76098],[130.71322,31.76014]]]},"properties":{"hoanrinKind":"保安林"}},
{"type":"Feature","geometry":{"type":"Polygon","coordinates":[[[130.62548,31.76141],[130.62619,31.76154],[130.62603,31.76201],[130.62548,31.76141]]]},"properties":{"hoanrinKind":"保安林"}},
{"type":"Feature","geometry":{"type":"Polygon","coordinates":[[[130.66205,31.76039],[130.6629,31.76022],[130.66309,31.76119],[130.66232,31.76122],[130.66205,31.76039]]]},"properties":{"hoanrinKind":"保安林"}},
{"type":"Feature","geometry":{"type":"Polygon","coordinates":[[[130.7166,31.76003],[130.71671,31.76058],[130.71599,31.76035],[130.7166,31.76003]]]},"properties":{"hoanrinKind":"保安林"}},
{"type":"Feature","geometry":{"type":"Polygon","coordinates":[[[130.62833,31.76055],[130.62877,31.75994],[130.62937,31.75996],[130.63012,31.76041],[130.62985,31.76081],[130.62917,31.76038],[130.62833,31.76055]]]},"properties":{"hoanrinKind":"保安林"}},
{"type":"Feature","geometry":{"type":"Polygon","coordinates":[[[130.62298,31.75881],[130.62442,31.7589],[130.62484,31.75979],[130.62353,31.76067],[130.62298,31.75881]]]},"properties":{"hoanrinKind":"保安林"}},
{"type":"Feature","geometry":{"type":"Polygon","coordinates":[[[130.63053,31.76066],[130.63066,31.76042],[130.63092,31.76063],[130.63079,31.76082],[130.63053,31.76066]]]},"properties":{"hoanrinKind":"保安林"}},
{"type":"Feature","geometry":{"type":"Polygon","coordinates":[[[130.66327,31.75907],[130.66413,31.75903],[130.66483,31.76003],[130.66389,31.76025],[130.66327,31.75907]]]},"properties":{"hoanrinKind":"保安林"}},
{"type":"Feature","geometry":{"type":"Polygon","coordinates":[[[130.65434,31.75913],[130.65501,31.7596],[130.65459,31.76016],[130.65434,31.75913]]]},"properties":{"hoanrinKind":"保安林"}},
{"type":"Feature","geometry":{"type":"Polygon","coordinates":[[[130.66295,31.75786],[130.66304,31.7572],[130.66577,31.75825],[130.66671,31.75979],[130.66326,31.75844],[130.66295,31.75786]]]},"properties":{"hoanrinKind":"保安林"}},
{"type":"Feature","geometry":{"type":"Polygon","coordinates":[[[130.66162,31.75967],[130.66214,31.7594],[130.66206,31.75983],[130.66162,31.75967]]]},"properties":{"hoanrinKind":"保安林"}},
{"type":"Feature","geometry":{"type":"Polygon","coordinates":[[[130.71523,31.75808],[130.7162,31.75819],[130.71546,31.7588],[130.71523,31.75808]]]},"properties":{"hoanrinKind":"保安林"}},
{"type":"Feature","geometry":{"type":"Polygon","coordinates":[[[130.51974,31.76054],[130.52061,31.76072],[130.52021,31.76109],[130.51974,31.76054]]]},"properties":{"hoanrinKind":"保安林"}},
{"type":"Feature","geometry":{"type":"Polygon","coordinates":[[[130.39415,31.75867],[130.39567,31.7562],[130.39969,31.7559],[130.40321,31.753],[130.40796,31.75072],[130.4105,31.75066],[130.41086,31.75194],[130.41038,31.75481],[130.40827,31.75663],[130.40578,31.75756],[130.4045,31.75932],[130.40247,31.7607],[130.40124,31.76031],[130.39826,31.76098],[130.39755,31.75989],[130.39583,31.7602],[130.39419,31.75933],[130.39415,31.75867]]]},"properties":{"hoanrinKind":"保安林"}},
{"type":"Feature","geometry":{"type":"Polygon","coordinates":[[[130.64311,31.75784],[130.64392,31.75792],[130.64387,31.75842],[130.64296,31.75813],[130.64311,31.75784]]]},"properties":{"hoanrinKind":"保安林"}},
{"type":"Feature","geometry":{"type":"Polygon","coordinates":[[[130.90738,31.75373],[130.90959,31.75293],[130.91,31.75342],[130.90873,31.75472],[130.90738,31.75373]]]},"properties":{"hoanrinKind":"保安林"}},
{"type":"Feature","geometry":{"type":"Polygon","coordinates":[[[130.61876,31.75724],[130.62005,31.7575],[130.61981,31.7582],[130.61885,31.75828],[130.61876,31.75724]]]},"properties":{"hoanrinKind":"保安林"}},
{"type":"Feature","geometry":{"type":"Polygon","coordinates":[[[130.81434,31.7548],[130.81459,31.75452],[130.81534,31.7549],[130.81597,31.75488],[130.8157,31.75551],[130.81434,31.7548]]]},"properties":{"hoanrinKind":"保安林"}},
{"type":"Feature","geometry":{"type":"Polygon","coordinates":[[[130.85172,31.75355],[130.85283,31.75266],[130.85247,31.75399],[130.85172,31.75355]]]},"properties":{"hoanrinKind":"保安林"}},
{"type":"Feature","geometry":{"type":"Polygon","coordinates":[[[130.81099,31.75408],[130.81269,31.75385],[130.81328,31.75456],[130.81146,31.75448],[130.81099,31.75408]]]},"properties":{"hoanrinKind":"保安林"}},
{"type":"Feature","geometry":{"type":"Polygon","coordinates":[[[130.6429,31.7555],[130.64399,31.75583],[130.64346,31.75652],[130.6429,31.7555]]]},"properties":{"hoanrinKind":"保安林"}},
{"type":"Feature","geometry":{"type":"Polygon","coordinates":[[[130.48396,31.75663],[130.48499,31.75654],[130.48662,31.75748],[130.48635,31.75854],[130.4841,31.7576],[130.48396,31.75663]]]},"properties":{"hoanrinKind":"保安林"}},
{"type":"Feature","geometry":{"type":"Polygon","coordinates":[[[130.51074,31.75804],[130.51083,31.75763],[130.51149,31.75758],[130.51155,31.75812],[130.51074,31.75804]]]},"properties":{"hoanrinKind":"保安林"}},
{"type":"Feature","geometry":{"type":"Polygon","coordinates":[[[130.81653,31.75291],[130.81714,31.75263],[130.81712,31.75346],[130.81665,31.7535],[130.81653,31.75291]]]},"properties":{"hoanrinKind":"保安林"}},
{"type":"Feature","geometry":{"type":"Polygon","coordinates":[[[130.94778,31.74979],[130.94879,31.74954],[130.94864,31.75052],[130.94778,31.74979]]]},"properties":{"hoanrinKind":"保安林"}},
{"type":"Feature","geometry":{"type":"Polygon","coordinates":[[[130.48527,31.75327],[130.48653,31.75441],[130.48612,31.75548],[130.48527,31.75327]]]},"properties":{"hoanrinKind":"保安林"}},
{"type":"Feature","geometry":{"type":"Polygon","coordinates":[[[130.98659,31.74831],[130.9881,31.74798],[130.98796,31.7489],[130.98659,31.74831]]]},"properties":{"hoanrinKind":"保安林"}},
{"type":"Feature","geometry":{"type":"Polygon","coordinates":[[[130.41436,31.75363],[130.41585,31.75382],[130.41779,31.75287],[130.41806,31.7542],[130.41969,31.75376],[130.42016,31.75445],[130.41902,31.75607],[130.41658,31.75664],[130.41598,31.7551],[130.41514,31.75509],[130.41436,31.75363]]]},"properties":{"hoanrinKind":"保安林"}},
{"type":"Feature","geometry":{"type":"Polygon","coordinates":[[[130.79201,31.75069],[130.79247,31.75003],[130.79294,31.75098],[130.79201,31.75069]]]},"properties":{"hoanrinKind":"保安林"}},
{"type":"Feature","geometry":{"type":"Polygon","coordinates":[[[130.80299,31.75101],[130.8037,31.74983],[130.80438,31.74997],[130.80352,31.75108],[130.80299,31.75101]]]},"properties":{"hoanrinKind":"保安林"}},
{"type":"Feature","geometry":{"type":"Polygon","coordinates":[[[130.54916,31.75337],[130.55041,31.7527],[130.55166,31.75342],[130.5492,31.75416],[130.54916,31.75337]]]},"properties":{"hoanrinKind":"保安林"}},
{"type":"Feature","geometry":{"type":"Polygon","coordinates":[[[130.85986,31.74707],[130.86243,31.74528],[130.86277,31.74762],[130.86264,31.74915],[130.86145,31.74981],[130.861,31.74853],[130.85986,31.74707]]]},"properties":{"hoanrinKind":"保安林"}},
{"type":"Feature","geometry":{"type":"Polygon","coordinates":[[[130.9881,31.7447],[130.9888,31.74575],[130.99037,31.74546],[130.99318,31.74313],[130.99398,31.74381],[130.9906,31.74599],[130.99123,31.7468],[130.99001,31.74757],[130.98851,31.74616],[130.9881,31.7447]]]},"properties":{"hoanrinKind":"保安林"}},
{"type":"Feature","geometry":{"type":"Polygon","coordinates":[[[130.56474,31.75217],[130.56546,31.75168],[130.56544,31.75259],[130.56474,31.75217]]]},"properties":{"hoanrinKind":"保安林"}},
{"type":"Feature","geometry":{"type":"Polygon","coordinates":[[[130.66685,31.75052],[130.6677,31.75105],[130.66787,31.75183],[130.66686,31.75122],[130.66685,31.75052]]]},"properties":{"hoanrinKind":"保安林"}},
{"type":"Feature","geometry":{"type":"Polygon","coordinates":[[[130.98197,31.74651],[130.98263,31.74688],[130.98241,31.74728],[130.98197,31.74651]]]},"properties":{"hoanrinKind":"保安林"}},
{"type":"Feature","geometry":{"type":"Polygon","coordinates":[[[130.54766,31.75131],[130.54859,31.75113],[130.54925,31.75169],[130.54853,31.75226],[130.54852,31.75145],[130.54766,31.75131]]]},"properties":{"hoanrinKind":"保安林"}},
{"type":"Feature","geometry":{"type":"Polygon","coordinates":[[[131.00666,31.74441],[131.00726,31.74411],[131.00783,31.745],[131.00705,31.74495],[131.00666,31.74441]]]},"properties":{"hoanrinKind":"保安林"}},
{"type":"Feature","geometry":{"type":"Polygon","coordinates":[[[131.00393,31.74503],[131.00412,31.74386],[131.0053,31.74461],[131.00393,31.74503]]]},"properties":{"hoanrinKind":"保安林"}},
{"type":"Feature","geometry":{"type":"Polygon","coordinates":[[[130.99633,31.7443],[130.99789,31.74398],[130.99904,31.74468],[130.99887,31.74508],[130.9973,31.74478],[130.99633,31.7443]]]},"properties":{"hoanrinKind":"保安林"}},
{"type":"Feature","geometry":{"type":"Polygon","coordinates":[[[130.95612,31.74472],[130.95659,31.74448],[130.95811,31.74418],[130.95785,31.74462],[130.95719,31.74479],[130.95612,31.74472]]]},"properties":{"hoanrinKind":"保安林"}},
{"type":"Feature","geometry":{"type":"Polygon","coordinates":[[[130.85994,31.74306],[130.861,31.74215],[130.86314,31.74168],[130.86321,31.74355],[130.8646,31.74442],[130.86556,31.74438],[130.86552,31.74605],[130.86358,31.74574],[130.86385,31.74435],[130.86199,31.74454],[130.86194,31.74334],[130.85994,31.74306]]]},"properties":{"hoanrinKind":"保安林"}},
{"type":"Feature","geometry":{"type":"Polygon","coordinates":[[[130.56557,31.74843],[130.56634,31.7489],[130.56603,31.74966],[130.56557,31.74911],[130.56557,31.74843]]]},"properties":{"hoanrinKind":"保安林"}},
{"type":"Feature","geometry":{"type":"Polygon","coordinates":[[[130.18643,31.75207],[130.1868,31.75017],[130.18958,31.74781],[130.19191,31.7474],[130.19394,31.74832],[130.19459,31.74915],[130.19128,31.74875],[130.19006,31.75041],[130.18853,31.75093],[130.18831,31.75304],[130.18764,31.75361],[130.18643,31.75207]]]},"properties":{"hoanrinKind":"保安林"}},
{"type":"Feature","geometry":{"type":"Polygon","coordinates":[[[130.58169,31.74686],[130.5823,31.74816],[130.58162,31.74838],[130.58169,31.74686]]]},"properties":{"hoanrinKind":"保安林"}},
{"type":"Feature","geometry":{"type":"Polygon","coordinates":[[[130.41866,31.74915],[130.4196,31.74862],[130.42209,31.74854],[130.42311,31.74821],[130.4258,31.74809],[130.42844,31.74904],[130.42723,31.7508],[130.42387,31.75016],[130.42271,31.75049],[130.42094,31.74934],[130.41866,31.74915]]]},"properties":{"hoanrinKind":"保安林"}},
{"type":"Feature","geometry":{"type":"Polygon","coordinates":[[[130.93944,31.74342],[130.93677,31.74345],[130.93648,31.74],[130.93854,31.73873],[130.93985,31.73839],[130.93935,31.736],[130.94163,31.73592],[130.94263,31.73697],[130.94211,31.73805],[130.94294,31.74044],[130.94124,31.74154],[130.94127,31.74322],[130.93944,31.74342]]]},"properties":{"hoanrinKind":"保安林"}},
{"type":"Feature","geometry":{"type":"Polygon","coordinates":[[[130.58048,31.74666],[130.58127,31.74657],[130.58127,31.7482],[130.58057,31.74802],[130.58048,31.74666]]]},"properties":{"hoanrinKind":"保安林"}},
{"type":"Feature","geometry":{"type":"Polygon","coordinates":[[[130.86639,31.74389],[130.86699,31.74308],[130.86752,31.74315],[130.8669,31.74395],[130.86639,31.74389]]]},"properties":{"hoanrinKind":"保安林"}},
{"type":"Feature","geometry":{"type":"Polygon","coordinates":[[[130.98995,31.73806],[130.99117,31.73842],[130.992,31.73957],[130.99088,31.73976],[130.98995,31.73806]]]},"properties":{"hoanrinKind":"保安林"}},
{"type":"Feature","geometry":{"type":"Polygon","coordinates":[[[130.36988,31.74926],[130.37228,31.74921],[130.37181,31.74975],[130.37053,31.74971],[130.36988,31.74926]]]},"properties":{"hoanrinKind":"保安林"}},
{"type":"Feature","geometry":{"type":"Polygon","coordinates":[[[130.85607,31.74267],[130.85676,31.74295],[130.85624,31.74329],[130.85607,31.74267]]]},"properties":{"hoanrinKind":"保安林"}},
{"type":"Feature","geometry":{"type":"Polygon","coordinates":[[[130.98981,31.74024],[130.99014,31.74022],[130.99028,31.74103],[130.99007,31.74118],[130.98981,31.74024]]]},"properties":{"hoanrinKind":"保安林"}},
{"type":"Feature","geometry":{"type":"Polygon","coordinates":[[[130.31011,31.74834],[130.31108,31.74626],[130.3127,31.74706],[130.31322,31.74886],[130.31011,31.74834]]]},"properties":{"hoanrinKind":"保安林"}},
{"type":"Feature","geometry":{"type":"Polygon","coordinates":[[[130.36223,31.74642],[130.36359,31.74702],[130.36312,31.74801],[130.36223,31.74642]]]},"properties":{"hoanrinKind":"保安林"}},
{"type":"Feature","geometry":{"type":"Polygon","coordinates":[[[130.96492,31.73935],[130.96658,31.73941],[130.96639,31.74006],[130.96526,31.73994],[130.96492,31.73935]]]},"properties":{"hoanrinKind":"保安林"}},
{"type":"Feature","geometry":{"type":"Polygon","coordinates":[[[130.53306,31.74461],[130.53451,31.74421],[130.53538,31.74283],[130.53655,31.74487],[130.53739,31.74393],[130.53909,31.7437],[130.53889,31.7454],[130.53488,31.74586],[130.53306,31.74461]]]},"properties":{"hoanrinKind":"保安林"}},
{"type":"Feature","geometry":{"type":"Polygon","coordinates":[[[130.58439,31.74372],[130.58479,31.74325],[130.58601,31.74366],[130.58538,31.74438],[130.58439,31.74372]]]},"properties":{"hoanrinKind":"保安林"}},
{"type":"Feature","geometry":{"type":"Polygon","coordinates":[[[130.48099,31.74154],[130.48225,31.74237],[130.48308,31.74458],[130.48191,31.74437],[130.48174,31.74283],[130.48099,31.74154]]]},"properties":{"hoanrinKind":"保安林"}},
{"type":"Feature","geometry":{"type":"Polygon","coordinates":[[[130.5796,31.74339],[130.58021,31.74335],[130.58026,31.74382],[130.57985,31.74398],[130.5796,31.74339]]]},"properties":{"hoanrinKind":"保安林"}},
{"type":"Feature","geometry":{"type":"Polygon","coordinates":[[[130.3852,31.74502],[130.3858,31.74468],[130.38784,31.74557],[130.38628,31.74614],[130.3852,31.74502]]]},"properties":{"hoanrinKind":"保安林"}},
{"type":"Feature","geometry":{"type":"Polygon","coordinates":[[[130.98592,31.73773],[130.98622,31.7371],[130.98834,31.73608],[130.98748,31.73796],[130.98592,31.73773]]]},"properties":{"hoanrinKind":"保安林"}},
{"type":"Feature","geometry":{"type":"Polygon","coordinates":[[[130.99409,31.7361],[130.99493,31.73596],[130.99537,31.73682],[130.99443,31.73695],[130.99409,31.7361]]]},"properties":{"hoanrinKind":"保安林"}},
{"type":"Feature","geometry":{"type":"Polygon","coordinates":[[[130.58305,31.74245],[130.58391,31.74119],[130.58452,31.74239],[130.58305,31.74245]]]},"properties":{"hoanrinKind":"保安林"}},
{"type":"Feature","geometry":{"type":"Polygon","coordinates":[[[130.8457,31.73823],[130.84637,31.7359],[130.8477,31.73556],[130.84864,31.73596],[130.84734,31.73786],[130.8457,31.73823]]]},"properties":{"hoanrinKind":"保安林"}},
{"type":"Feature","geometry":{"type":"Polygon","coordinates":[[[130.82668,31.73756],[130.82833,31.73595],[130.83049,31.73594],[130.82979,31.73741],[130.8284,31.73841],[130.82668,31.73756]]]},"properties":{"hoanrinKind":"保安林"}},
{"type":"Feature","geometry":{"type":"Polygon","coordinates":[[[130.9956,31.73542],[130.99636,31.73497],[130.99635,31.73576],[130.9956,31.73542]]]},"properties":{"hoanrinKind":"保安林"}},
{"type":"Feature","geometry":{"type":"Polygon","coordinates":[[[130.92598,31.73111],[130.92725,31.73087],[130.92984,31.73134],[130.93384,31.7309],[130.93228,31.7324],[130.93057,31.7346],[130.92962,31.73628],[130.92813,31.73413],[130.92836,31.73282],[130.92654,31.73252],[130.92598,31.73111]]]},"properties":{"hoanrinKind":"保安林"}},
{"type":"Feature","geometry":{"type":"Polygon","coordinates":[[[130.38022,31.7371],[130.38197,31.7369],[130.3833,31.7355],[130.38519,31.73467],[130.38789,31.73598],[130.38933,31.73717],[130.38783,31.73825],[130.38899,31.73864],[130.38991,31.73749],[130.39179,31.74032],[130.39439,31.74291],[130.3935,31.74314],[130.39147,31.74212],[130.3883,31.73983],[130.38554,31.73928],[130.38472,31.73967],[130.38203,31.73955],[130.38052,31.73901],[130.38022,31.7371]]]},"properties":{"hoanrinKind":"保安林"}},
{"type":"Feature","geometry":{"type":"Polygon","coordinates":[[[130.49591,31.73584],[130.49648,31.73439],[130.49798,31.73584],[130.49963,31.73493],[130.50164,31.7349],[130.5017,31.7362],[130.50087,31.73718],[130.50053,31.74068],[130.49809,31.74105],[130.49736,31.73948],[130.49724,31.73735],[130.49591,31.73584]]]},"properties":{"hoanrinKind":"保安林"}},
{"type":"Feature","geometry":{"type":"Polygon","coordinates":[[[130.91938,31.73276],[130.9249,31.73141],[130.92542,31.73244],[130.92506,31.73338],[130.92558,31.73442],[130.92327,31.73466],[130.92154,31.73431],[130.92047,31.73485],[130.91938,31.73276]]]},"properties":{"hoanrinKind":"保安林"}},
{"type":"Feature","geometry":{"type":"Polygon","coordinates":[[[130.17755,31.73966],[130.1782,31.73819],[130.18062,31.73956],[130.18025,31.74143],[130.17864,31.74104],[130.17755,31.73966]]]},"properties":{"hoanrinKind":"保安林"}},
{"type":"Feature","geometry":{"type":"Polygon","coordinates":[[[130.85633,31.73278],[130.85708,31.73241],[130.85762,31.73164],[130.85814,31.73159],[130.85742,31.73261],[130.85673,31.73304],[130.85633,31.73278]]]},"properties":{"hoanrinKind":"保安林"}},
{"type":"Feature","geometry":{"type":"Polygon","coordinates":[[[130.88609,31.73105],[130.88666,31.73084],[130.88779,31.7316],[130.88735,31.73193],[130.88609,31.73105]]]},"properties":{"hoanrinKind":"保安林"}},
{"type":"Feature","geometry":{"type":"Polygon","coordinates":[[[130.48377,31.73288],[130.4842,31.73219],[130.48569,31.73266],[130.48762,31.73247],[130.48868,31.73147],[130.48926,31.7326],[130.48811,31.73421],[130.48874,31.73579],[130.48719,31.73652],[130.48548,31.73626],[130.48651,31.73505],[130.48557,31.73383],[130.48377,31.73288]]]},"properties":{"hoanrinKind":"保安林"}},
{"type":"Feature","geometry":{"type":"Polygon","coordinates":[[[130.93818,31.7288],[130.93901,31.72796],[130.9414,31.72904],[130.94132,31.73038],[130.93878,31.72945],[130.93818,31.7288]]]},"properties":{"hoanrinKind":"保安林"}},
{"type":"Feature","geometry":{"type":"Polygon","coordinates":[[[130.841,31.73151],[130.84122,31.72938],[130.84187,31.72902],[130.84369,31.72995],[130.84166,31.73078],[130.841,31.73151]]]},"properties":{"hoanrinKind":"保安林"}},
{"type":"Feature","geometry":{"type":"Polygon","coordinates":[[[130.87564,31.72872],[130.87667,31.72871],[130.87749,31.7296],[130.87606,31.73017],[130.87564,31.72872]]]},"properties":{"hoanrinKind":"保安林"}},
{"type":"Feature","geometry":{"type":"Polygon","coordinates":[[[129.77553,31.73645],[129.77638,31.73517],[129.77671,31.73382],[129.77894,31.73533],[129.77936,31.73664],[129.77932,31.73831],[129.77772,31.73998],[129.77729,31.73748],[129.7761,31.7374],[129.77553,31.73645]]]},"properties":{"hoanrinKind":"保安林"}},
{"type":"Feature","geometry":{"type":"Polygon","coordinates":[[[130.95857,31.72569],[130.95927,31.72482],[130.96226,31.72638],[130.96199,31.72829],[130.96,31.72791],[130.96025,31.72698],[130.95857,31.72569]]]},"properties":{"hoanrinKind":"保安林"}},
{"type":"Feature","geometry":{"type":"Polygon","coordinates":[[[130.83398,31.72936],[130.83536,31.72818],[130.83608,31.7291],[130.83486,31.73014],[130.83398,31.72936]]]},"properties":{"hoanrinKind":"保安林"}},
{"type":"Feature","geometry":{"type":"Polygon","coordinates":[[[130.87214,31.72878],[130.87272,31.72869],[130.87309,31.72933],[130.87263,31.72956],[130.87214,31.72878]]]},"properties":{"hoanrinKind":"保安林"}},
{"type":"Feature","geometry":{"type":"Polygon","coordinates":[[[130.38034,31.73501],[130.38094,31.73403],[130.3814,31.73495],[130.38034,31.73501]]]},"properties":{"hoanrinKind":"保安林"}},
{"type":"Feature","geometry":{"type":"Polygon","coordinates":[[[130.34482,31.73451],[130.34539,31.73426],[130.34593,31.73473],[130.34552,31.73507],[130.34482,31.73451]]]},"properties":{"hoanrinKind":"保安林"}},
{"type":"Feature","geometry":{"type":"Polygon","coordinates":[[[130.49549,31.72718],[130.49732,31.72668],[130.49757,31.72564],[130.49941,31.72523],[130.50084,31.72641],[130.50538,31.72891],[130.50582,31.72998],[130.50361,31.73198],[130.5033,31.73287],[130.50061,31.73281],[130.49938,31.73333],[130.49855,31.73269],[130.49808,31.73017],[130.49698,31.72832],[130.49549,31.72718]]]},"properties":{"hoanrinKind":"保安林"}},
{"type":"Feature","geometry":{"type":"Polygon","coordinates":[[[130.98077,31.72475],[130.98144,31.72469],[130.98225,31.72562],[130.98087,31.72491],[130.98077,31.72475]]]},"properties":{"hoanrinKind":"保安林"}},
{"type":"Feature","geometry":{"type":"Polygon","coordinates":[[[130.87488,31.72596],[130.87612,31.72641],[130.87609,31.72707],[130.87478,31.72647],[130.87488,31.72596]]]},"properties":{"hoanrinKind":"保安林"}},
{"type":"Feature","geometry":{"type":"Polygon","coordinates":[[[130.34352,31.7338],[130.34369,31.73368],[130.34389,31.73373],[130.34377,31.73395],[130.34352,31.7338]]]},"properties":{"hoanrinKind":"保安林"}},
{"type":"Feature","geometry":{"type":"Polygon","coordinates":[[[130.34332,31.733],[130.34356,31.73281],[130.3446,31.73357],[130.34398,31.73371],[130.34332,31.733]]]},"properties":{"hoanrinKind":"保安林"}},
{"type":"Feature","geometry":{"type":"Polygon","coordinates":[[[129.7252,31.72579],[129.72653,31.72411],[129.72814,31.72403],[129.72813,31.72326],[129.72982,31.72298],[129.72975,31.72478],[129.73115,31.72365],[129.73156,31.72241],[129.73344,31.72377],[129.73481,31.72303],[129.73826,31.72222],[129.73925,31.72221],[129.74152,31.7233],[129.74372,31.72299],[129.74578,31.72356],[129.74732,31.72329],[129.75069,31.72471],[129.75356,31.72544],[129.75643,31.72579],[129.75981,31.72524],[129.76077,31.72588],[129.76159,31.72784],[129.76146,31.73035],[129.76208,31.73179],[129.76237,31.73481],[129.76301,31.7363],[129.7608,31.73708],[129.7586,31.73727],[129.75695,31.7357],[129.75777,31.73494],[129.75763,31.73267],[129.75634,31.73328],[129.75365,31.73545],[129.75189,31.7335],[129.75015,31.73421],[129.74953,31.73691],[129.74703,31.73646],[129.7457,31.73519],[129.74335,31.73465],[129.7432,31.73389],[129.74079,31.73209],[129.73973,31.73046],[129.7385,31.72983],[129.73743,31.73056],[129.73573,31.7305],[129.73394,31.72971],[129.73213,31.72825],[129.731,31.7285],[129.72841,31.7282],[129.7252,31.72579]]]},"properties":{"hoanrinKind":"保安林"}},
{"type":"Feature","geometry":{"type":"Polygon","coordinates":[[[130.48819,31.72911],[130.48997,31.72901],[130.49213,31.72979],[130.48878,31.73074],[130.48819,31.72911]]]},"properties":{"hoanrinKind":"保安林"}},
{"type":"Feature","geometry":{"type":"Polygon","coordinates":[[[130.8712,31.72541],[130.87333,31.72534],[130.87507,31.72423],[130.87486,31.72548],[130.87278,31.72583],[130.8712,31.72541]]]},"properties":{"hoanrinKind":"保安林"}},
{"type":"Feature","geometry":{"type":"Polygon","coordinates":[[[130.61333,31.7279],[130.6151,31.72805],[130.61608,31.72917],[130.61374,31.72927],[130.61333,31.7279]]]},"properties":{"hoanrinKind":"保安林"}},
{"type":"Feature","geometry":{"type":"Polygon","coordinates":[[[130.42502,31.73089],[130.42594,31.73047],[130.42575,31.73145],[130.42502,31.73089]]]},"properties":{"hoanrinKind":"保安林"}},
{"type":"Feature","geometry":{"type":"Polygon","coordinates":[[[130.80519,31.72513],[130.80663,31.72514],[130.80664,31.72635],[130.80587,31.72651],[130.80519,31.72513]]]},"properties":{"hoanrinKind":"保安林"}},
{"type":"Feature","geometry":{"type":"Polygon","coordinates":[[[130.61117,31.72833],[130.61265,31.72767],[130.61271,31.72876],[130.61117,31.72833]]]},"properties":{"hoanrinKind":"保安林"}},
{"type":"Feature","geometry":{"type":"Polygon","coordinates":[[[130.89899,31.72263],[130.9,31.72242],[130.89996,31.72089],[130.90145,31.72042],[130.9022,31.72085],[130.90223,31.72236],[130.90093,31.72365],[130.89899,31.72263]]]},"properties":{"hoanrinKind":"保安林"}},
{"type":"Feature","geometry":{"type":"Polygon","coordinates":[[[130.49325,31.72874],[130.4938,31.72719],[130.49442,31.72749],[130.49325,31.72874]]]},"properties":{"hoanrinKind":"保安林"}},
{"type":"Feature","geometry":{"type":"Polygon","coordinates":[[[130.97311,31.72026],[130.97547,31.71978],[130.97564,31.72137],[130.97477,31.72144],[130.97311,31.72026]]]},"properties":{"hoanrinKind":"保安林"}},
{"type":"Feature","geometry":{"type":"Polygon","coordinates":[[[130.30468,31.72918],[130.30531,31.72854],[130.30611,31.73012],[130.30455,31.72978],[130.30468,31.72918]]]},"properties":{"hoanrinKind":"保安林"}},
{"type":"Feature","geometry":{"type":"Polygon","coordinates":[[[130.89292,31.71953],[130.893,31.71857],[130.89402,31.71821],[130.89505,31.71969],[130.89519,31.72136],[130.89408,31.72143],[130.89459,31.71972],[130.89292,31.71953]]]},"properties":{"hoanrinKind":"保安林"}},
{"type":"Feature","geometry":{"type":"Polygon","coordinates":[[[130.4948,31.72702],[130.49513,31.72637],[130.49567,31.72634],[130.49545,31.7269],[130.4948,31.72702]]]},"properties":{"hoanrinKind":"保安林"}},
{"type":"Feature","geometry":{"type":"Polygon","coordinates":[[[130.45904,31.72426],[130.46121,31.72371],[130.46131,31.7225],[130.46033,31.72085],[130.46198,31.7211],[130.4629,31.72407],[130.46288,31.72496],[130.46043,31.72578],[130.45904,31.72426]]]},"properties":{"hoanrinKind":"保安林"}},
{"type":"Feature","geometry":{"type":"Polygon","coordinates":[[[130.90208,31.71975],[130.90413,31.71876],[130.90649,31.72064],[130.90389,31.72105],[130.90239,31.72052],[130.90208,31.71975]]]},"properties":{"hoanrinKind":"保安林"}},
{"type":"Feature","geometry":{"type":"Polygon","coordinates":[[[130.96868,31.71966],[130.97068,31.71814],[130.9718,31.71839],[130.97136,31.72017],[130.96927,31.7201],[130.96868,31.71966]]]},"properties":{"hoanrinKind":"保安林"}},
{"type":"Feature","geometry":{"type":"Polygon","coordinates":[[[130.80208,31.72141],[130.80297,31.72109],[130.80422,31.71945],[130.80739,31.71859],[130.808,31.71951],[130.80829,31.7212],[130.80564,31.72106],[130.80428,31.7226],[130.80307,31.72229],[130.80208,31.72141]]]},"properties":{"hoanrinKind":"保安林"}},
{"type":"Feature","geometry":{"type":"Polygon","coordinates":[[[130.4922,31.72576],[130.49272,31.72536],[130.49437,31.72553],[130.49313,31.72648],[130.4922,31.72576]]]},"properties":{"hoanrinKind":"保安林"}},
{"type":"Feature","geometry":{"type":"Polygon","coordinates":[[[130.55025,31.72454],[130.55132,31.72424],[130.55191,31.72464],[130.55098,31.72547],[130.55025,31.72454]]]},"properties":{"hoanrinKind":"保安林"}},
{"type":"Feature","geometry":{"type":"Polygon","coordinates":[[[130.41644,31.71793],[130.41915,31.71783],[130.41894,31.71689],[130.4209,31.71656],[130.4237,31.71751],[130.42531,31.71689],[130.4256,31.71918],[130.42694,31.71961],[130.42711,31.72177],[130.42791,31.72371],[130.42786,31.72607],[130.42552,31.72596],[130.42434,31.72468],[130.42424,31.72379],[130.42282,31.72184],[130.42157,31.72108],[130.4207,31.71985],[130.4206,31.71878],[130.41644,31.71793]]]},"properties":{"hoanrinKind":"保安林"}},
{"type":"Feature","geometry":{"type":"Polygon","coordinates":[[[130.96544,31.71673],[130.9658,31.71618],[130.96819,31.71573],[130.96941,31.71633],[130.96987,31.71773],[130.96889,31.71906],[130.96801,31.71736],[130.96672,31.71739],[130.96544,31.71673]]]},"properties":{"hoanrinKind":"保安林"}},
{"type":"Feature","geometry":{"type":"Polygon","coordinates":[[[130.49519,31.72516],[130.49571,31.7244],[130.49786,31.72403],[130.497,31.72487],[130.49519,31.72516]]]},"properties":{"hoanrinKind":"保安林"}},
{"type":"Feature","geometry":{"type":"Polygon","coordinates":[[[130.54614,31.72351],[130.54728,31.72311],[130.54702,31.72426],[130.54614,31.72351]]]},"properties":{"hoanrinKind":"保安林"}},
{"type":"Feature","geometry":{"type":"Polygon","coordinates":[[[130.79163,31.71973],[130.79628,31.71739],[130.79643,31.71655],[130.79902,31.7172],[130.79953,31.71779],[130.8019,31.71871],[130.80366,31.71835],[130.80384,31.71935],[130.80159,31.72087],[130.79929,31.72036],[130.79813,31.71926],[130.79507,31.7191],[130.79236,31.72],[130.79163,31.71973]]]},"properties":{"hoanrinKind":"保安林"}},
{"type":"Feature","geometry":{"type":"Polygon","coordinates":[[[130.44123,31.72243],[130.44287,31.72365],[130.44299,31.72503],[130.44159,31.72523],[130.44123,31.72243]]]},"properties":{"hoanrinKind":"保安林"}},
{"type":"Feature","geometry":{"type":"Polygon","coordinates":[[[130.54212,31.72325],[130.5429,31.72191],[130.54386,31.72182],[130.54489,31.72275],[130.54405,31.72409],[130.54212,31.72325]]]},"properties":{"hoanrinKind":"保安林"}},
{"type":"Feature","geometry":{"type":"Polygon","coordinates":[[[130.86924,31.71807],[130.86984,31.71734],[130.87071,31.71811],[130.8707,31.71884],[130.86946,31.71866],[130.86924,31.71807]]]},"properties":{"hoanrinKind":"保安林"}},
{"type":"Feature","geometry":{"type":"Polygon","coordinates":[[[130.44872,31.72398],[130.44924,31.7229],[130.45044,31.72187],[130.45265,31.72186],[130.45325,31.72081],[130.45446,31.72252],[130.45286,31.72263],[130.45234,31.72359],[130.4503,31.72351],[130.44872,31.72398]]]},"properties":{"hoanrinKind":"保安林"}},
{"type":"Feature","geometry":{"type":"Polygon","coordinates":[[[130.53906,31.72255],[130.54205,31.72184],[130.54137,31.72318],[130.53906,31.72255]]]},"properties":{"hoanrinKind":"保安林"}},
{"type":"Feature","geometry":{"type":"Polygon","coordinates":[[[130.81514,31.71854],[130.81533,31.71625],[130.81584,31.71469],[130.81726,31.71366],[130.81777,31.71523],[130.81892,31.71605],[130.81797,31.71672],[130.81693,31.71848],[130.81514,31.71854]]]},"properties":{"hoanrinKind":"保安林"}},
{"type":"Feature","geometry":{"type":"Polygon","coordinates":[[[130.8883,31.71579],[130.88889,31.71453],[130.89036,31.71645],[130.88991,31.71795],[130.88846,31.71653],[130.8883,31.71579]]]},"properties":{"hoanrinKind":"保安林"}},
{"type":"Feature","geometry":{"type":"Polygon","coordinates":[[[130.92406,31.71503],[130.92726,31.71213],[130.92982,31.71285],[130.93151,31.71426],[130.93147,31.71564],[130.92684,31.71657],[130.92616,31.71733],[130.92459,31.71638],[130.92406,31.71503]]]},"properties":{"hoanrinKind":"保安林"}},
{"type":"Feature","geometry":{"type":"Polygon","coordinates":[[[130.45954,31.7226],[130.46015,31.72256],[130.46053,31.72206],[130.46098,31.72223],[130.46082,31.72286],[130.45954,31.7226]]]},"properties":{"hoanrinKind":"保安林"}},
{"type":"Feature","geometry":{"type":"Polygon","coordinates":[[[130.80261,31.71421],[130.80402,31.71428],[130.80582,31.71363],[130.80695,31.71381],[130.80579,31.71565],[130.80538,31.71755],[130.80443,31.71747],[130.80475,31.71561],[130.80261,31.71421]]]},"properties":{"hoanrinKind":"保安林"}},
{"type":"Feature","geometry":{"type":"Polygon","coordinates":[[[130.45783,31.72048],[130.45915,31.71952],[130.45926,31.72105],[130.45783,31.72048]]]},"properties":{"hoanrinKind":"保安林"}},
{"type":"Feature","geometry":{"type":"Polygon","coordinates":[[[130.31086,31.72322],[130.31231,31.72217],[130.31276,31.72244],[130.31141,31.72341],[130.31086,31.72322]]]},"properties":{"hoanrinKind":"保安林"}},
{"type":"Feature","geometry":{"type":"Polygon","coordinates":[[[130.88129,31.7157],[130.88199,31.71564],[130.8819,31.71613],[130.88131,31.71614],[130.88129,31.7157]]]},"properties":{"hoanrinKind":"保安林"}},
{"type":"Feature","geometry":{"type":"Polygon","coordinates":[[[130.80137,31.71679],[130.80206,31.71584],[130.80313,31.71652],[130.80277,31.7172],[130.80137,31.71679]]]},"properties":{"hoanrinKind":"保安林"}},
{"type":"Feature","geometry":{"type":"Polygon","coordinates":[[[130.90368,31.71398],[130.90451,31.71385],[130.9053,31.71465],[130.90539,31.7156],[130.90368,31.71398]]]},"properties":{"hoanrinKind":"保安林"}},
{"type":"Feature","geometry":{"type":"Polygon","coordinates":[[[130.91381,31.71391],[130.9168,31.71072],[130.91798,31.71167],[130.91886,31.71441],[130.91745,31.71496],[130.91558,31.71438],[130.91425,31.71508],[130.91381,31.71391]]]},"properties":{"hoanrinKind":"保安林"}},
{"type":"Feature","geometry":{"type":"Polygon","coordinates":[[[130.98833,31.71298],[130.98884,31.71306],[130.9888,31.7138],[130.98812,31.71317],[130.98833,31.71298]]]},"properties":{"hoanrinKind":"保安林"}},
{"type":"Feature","geometry":{"type":"Polygon","coordinates":[[[130.89183,31.71378],[130.89228,31.7144],[130.89179,31.71458],[130.89183,31.71378]]]},"properties":{"hoanrinKind":"保安林"}},
{"type":"Feature","geometry":{"type":"Polygon","coordinates":[[[130.80813,31.71355],[130.80826,31.7129],[130.81071,31.71427],[130.80972,31.71565],[130.8083,31.71465],[130.80813,31.71355]]]},"properties":{"hoanrinKind":"保安林"}},
{"type":"Feature","geometry":{"type":"Polygon","coordinates":[[[130.45957,31.71942],[130.46033,31.71909],[130.46008,31.72007],[130.45957,31.71942]]]},"properties":{"hoanrinKind":"保安林"}},
{"type":"Feature","geometry":{"type":"Polygon","coordinates":[[[130.80779,31.71119],[130.80811,31.71037],[130.80967,31.70895],[130.81125,31.70962],[130.81205,31.7106],[130.81212,31.7118],[130.81368,31.71386],[130.81422,31.71544],[130.81277,31.71534],[130.81129,31.7145],[130.81191,31.71343],[130.8107,31.71308],[130.81056,31.71115],[130.8096,31.71014],[130.80779,31.71119]]]},"properties":{"hoanrinKind":"保安林"}},
{"type":"Feature","geometry":{"type":"Polygon","coordinates":[[[130.98467,31.71236],[130.98503,31.71193],[130.98555,31.71219],[130.9853,31.71265],[130.98467,31.71236]]]},"properties":{"hoanrinKind":"保安林"}},
{"type":"Feature","geometry":{"type":"Polygon","coordinates":[[[130.95314,31.71205],[130.95461,31.71121],[130.95492,31.71208],[130.95314,31.71205]]]},"properties":{"hoanrinKind":"保安林"}},
{"type":"Feature","geometry":{"type":"Polygon","coordinates":[[[130.89447,31.71267],[130.89458,31.71167],[130.8971,31.70964],[130.89763,31.7105],[130.89649,31.71202],[130.89642,31.71296],[130.89514,31.71336],[130.89447,31.71267]]]},"properties":{"hoanrinKind":"保安林"}},
{"type":"Feature","geometry":{"type":"Polygon","coordinates":[[[130.45754,31.71713],[130.45877,31.71753],[130.45932,31.71856],[130.45898,31.71914],[130.4581,31.71917],[130.45836,31.71813],[130.45754,31.71713]]]},"properties":{"hoanrinKind":"保安林"}},
{"type":"Feature","geometry":{"type":"Polygon","coordinates":[[[130.82954,31.71358],[130.83044,31.71248],[130.83227,31.71349],[130.8303,31.71416],[130.82954,31.71358]]]},"properties":{"hoanrinKind":"保安林"}},
{"type":"Feature","geometry":{"type":"Polygon","coordinates":[[[130.90413,31.71158],[130.90515,31.71223],[130.90439,31.7127],[130.90413,31.71158]]]},"properties":{"hoanrinKind":"保安林"}},
{"type":"Feature","geometry":{"type":"Polygon","coordinates":[[[130.8735,31.71166],[130.87493,31.71225],[130.87496,31.71324],[130.8738,31.71255],[130.8735,31.71166]]]},"properties":{"hoanrinKind":"保安林"}},
{"type":"Feature","geometry":{"type":"Polygon","coordinates":[[[130.90174,31.71193],[130.9033,31.71108],[130.90341,31.71233],[130.90174,31.71193]]]},"properties":{"hoanrinKind":"保安林"}},
{"type":"Feature","geometry":{"type":"Polygon","coordinates":[[[130.51486,31.71475],[130.51691,31.71424],[130.51772,31.71533],[130.51747,31.71719],[130.51571,31.71761],[130.51486,31.71475]]]},"properties":{"hoanrinKind":"保安林"}},
{"type":"Feature","geometry":{"type":"Polygon","coordinates":[[[130.88189,31.71201],[130.88276,31.7121],[130.88246,31.71247],[130.88189,31.71201]]]},"properties":{"hoanrinKind":"保安林"}},
{"type":"Feature","geometry":{"type":"Polygon","coordinates":[[[129.70742,31.72148],[129.70891,31.72086],[129.70991,31.72173],[129.71179,31.7218],[129.71148,31.72275],[129.7094,31.72207],[129.70794,31.7222],[129.70742,31.72148]]]},"properties":{"hoanrinKind":"保安林"}},
{"type":"Feature","geometry":{"type":"Polygon","coordinates":[[[130.95083,31.71052],[130.9524,31.71024],[130.95591,31.70744],[130.9556,31.70662],[130.95422,31.70606],[130.95505,31.70446],[130.95458,31.7027],[130.9555,31.70268],[130.95568,31.70414],[130.95496,31.70603],[130.95853,31.70624],[130.96004,31.70612],[130.96034,31.70777],[130.95979,31.70823],[130.95793,31.70806],[130.95701,31.70929],[130.95533,31.70894],[130.95342,31.71057],[130.95083,31.71052]]]},"properties":{"hoanrinKind":"保安林"}},
{"type":"Feature","geometry":{"type":"Polygon","coordinates":[[[130.83764,31.71021],[130.83901,31.70947],[130.84084,31.71078],[130.83998,31.71136],[130.83764,31.71021]]]},"properties":{"hoanrinKind":"保安林"}},
{"type":"Feature","geometry":{"type":"Polygon","coordinates":[[[130.53165,31.71417],[130.53299,31.71448],[130.53366,31.71531],[130.53211,31.7155],[130.53165,31.71417]]]},"properties":{"hoanrinKind":"保安林"}},
{"type":"Feature","geometry":{"type":"Polygon","coordinates":[[[130.82293,31.71045],[130.82326,31.71003],[130.8242,31.71014],[130.82346,31.71107],[130.82293,31.71045]]]},"properties":{"hoanrinKind":"保安林"}},
{"type":"Feature","geometry":{"type":"Polygon","coordinates":[[[130.85138,31.70359],[130.85259,31.7025],[130.85802,31.69973],[130.8592,31.69869],[130.85813,31.69759],[130.85625,31.69808],[130.85543,31.69709],[130.85654,31.69596],[130.8571,31.69385],[130.85842,31.69322],[130.85836,31.69168],[130.86147,31.69242],[130.86358,31.69422],[130.8636,31.69529],[130.86491,31.69621],[130.86867,31.69745],[130.87088,31.69904],[130.86838,31.70055],[130.86701,31.7018],[130.86493,31.70169],[130.86413,31.70206],[130.86157,31.70128],[130.86151,31.70216],[130.85989,31.70363],[130.86017,31.70438],[130.86363,31.70469],[130.86611,31.70691],[130.86673,31.70886],[130.86423,31.70835],[130.86392,31.71006],[130.85896,31.71014],[130.85793,31.70882],[130.85439,31.70798],[130.85286,31.70715],[130.85528,31.7055],[130.85348,31.70402],[130.85182,31.70414],[130.85138,31.70359]]]},"properties":{"hoanrinKind":"保安林"}},
{"type":"Feature","geometry":{"type":"Polygon","coordinates":[[[130.26495,31.71012],[130.26612,31.71078],[130.26645,31.71222],[130.26657,31.7151],[130.26582,31.71506],[130.26538,31.71109],[130.26495,31.71012]]]},"properties":{"hoanrinKind":"保安林"}},
{"type":"Feature","geometry":{"type":"Polygon","coordinates":[[[130.89162,31.70251],[130.8925,31.70127],[130.89482,31.70274],[130.89447,31.70387],[130.89588,31.7049],[130.8962,31.70591],[130.89739,31.70597],[130.8985,31.7076],[130.89811,31.70847],[130.89562,31.70694],[130.89502,31.70555],[130.89404,31.70508],[130.89366,31.70404],[130.89181,31.70478],[130.89225,31.70297],[130.89162,31.70251]]]},"properties":{"hoanrinKind":"保安林"}},
{"type":"Feature","geometry":{"type":"Polygon","coordinates":[[[130.92897,31.70703],[130.92966,31.7069],[130.92985,31.70758],[130.92915,31.70767],[130.92897,31.70703]]]},"properties":{"hoanrinKind":"保安林"}},
{"type":"Feature","geometry":{"type":"Polygon","coordinates":[[[129.74887,31.71953],[129.74945,31.71891],[129.75008,31.71947],[129.74906,31.71993],[129.74887,31.71953]]]},"properties":{"hoanrinKind":"保安林"}},
{"type":"Feature","geometry":{"type":"Polygon","coordinates":[[[130.44367,31.71034],[130.44521,31.71065],[130.4462,31.7125],[130.4449,31.71263],[130.44493,31.71173],[130.44367,31.71034]]]},"properties":{"hoanrinKind":"保安林"}},
{"type":"Feature","geometry":{"type":"Polygon","coordinates":[[[130.42023,31.70305],[130.42107,31.7011],[130.42082,31.69922],[130.42259,31.69943],[130.42352,31.70005],[130.42534,31.69961],[130.42644,31.69767],[130.42772,31.69639],[130.43087,31.69688],[130.43212,31.69484],[130.43494,31.6953],[130.43537,31.69668],[130.43779,31.69754],[130.43862,31.69732],[130.4399,31.69806],[130.44185,31.7004],[130.44411,31.69999],[130.44408,31.70078],[130.44132,31.70046],[130.43992,31.69969],[130.43863,31.70055],[130.43879,31.70168],[130.43716,31.70288],[130.43705,31.70352],[130.43433,31.70376],[130.43471,31.70542],[130.43656,31.70643],[130.43505,31.70687],[130.43385,31.70847],[130.43256,31.70734],[130.43152,31.7084],[130.4323,31.71094],[130.43106,31.71175],[130.43043,31.71356],[130.42886,31.71383],[130.4281,31.71175],[130.42735,31.71145],[130.42666,31.70882],[130.42492,31.70833],[130.4261,31.70749],[130.42663,31.70564],[130.42809,31.70594],[130.42866,31.7041],[130.42661,31.70416],[130.42627,31.70323],[130.42189,31.70331],[130.42023,31.70305]]]},"properties":{"hoanrinKind":"保安林"}},
{"type":"Feature","geometry":{"type":"Polygon","coordinates":[[[130.95605,31.70567],[130.95689,31.70448],[130.95935,31.70413],[130.96112,31.70519],[130.96022,31.70582],[130.95845,31.70604],[130.95605,31.70567]]]},"properties":{"hoanrinKind":"保安林"}},
{"type":"Feature","geometry":{"type":"Polygon","coordinates":[[[130.86812,31.70676],[130.86928,31.70523],[130.86994,31.70309],[130.87143,31.70366],[130.87047,31.70443],[130.8687,31.70675],[130.86812,31.70676]]]},"properties":{"hoanrinKind":"保安林"}},
{"type":"Feature","geometry":{"type":"Polygon","coordinates":[[[130.8824,31.70602],[130.88285,31.70632],[130.88267,31.70656],[130.88205,31.70639],[130.8824,31.70602]]]},"properties":{"hoanrinKind":"保安林"}},
{"type":"Feature","geometry":{"type":"Polygon","coordinates":[[[129.7102,31.71812],[129.71104,31.71755],[129.71098,31.71631],[129.71205,31.71574],[129.7131,31.7165],[129.71072,31.71828],[129.7102,31.71812]]]},"properties":{"hoanrinKind":"保安林"}},
{"type":"Feature","geometry":{"type":"Polygon","coordinates":[[[130.8644,31.70467],[130.86715,31.70423],[130.86613,31.70532],[130.8644,31.70467]]]},"properties":{"hoanrinKind":"保安林"}},
{"type":"Feature","geometry":{"type":"Polygon","coordinates":[[[129.69962,31.71505],[129.7028,31.71492],[129.70442,31.71444],[129.70787,31.71545],[129.70841,31.71708],[129.70514,31.71797],[129.70419,31.71695],[129.70003,31.71566],[129.69962,31.71505]]]},"properties":{"hoanrinKind":"保安林"}},
{"type":"Feature","geometry":{"type":"Polygon","coordinates":[[[130.87994,31.70562],[130.88162,31.70537],[130.88156,31.70587],[130.87994,31.70562]]]},"properties":{"hoanrinKind":"保安林"}},
{"type":"Feature","geometry":{"type":"Polygon","coordinates":[[[130.94266,31.70253],[130.94318,31.70232],[130.94389,31.70295],[130.94306,31.70318],[130.94266,31.70253]]]},"properties":{"hoanrinKind":"保安林"}},
{"type":"Feature","geometry":{"type":"Polygon","coordinates":[[[130.87582,31.70034],[130.87724,31.70007],[130.87958,31.69829],[130.88057,31.69855],[130.88426,31.69806],[130.88613,31.69873],[130.88651,31.6994],[130.88613,31.70133],[130.88508,31.70297],[130.88369,31.7039],[130.87985,31.70257],[130.8787,31.70327],[130.87609,31.70164],[130.87582,31.70034]]]},"properties":{"hoanrinKind":"保安林"}},
{"type":"Feature","geometry":{"type":"Polygon","coordinates":[[[130.93026,31.70112],[130.93183,31.70092],[130.93192,31.7014],[130.93076,31.70168],[130.93026,31.70112]]]},"properties":{"hoanrinKind":"保安林"}},
{"type":"Feature","geometry":{"type":"Polygon","coordinates":[[[130.82936,31.70145],[130.82979,31.70207],[130.82903,31.70246],[130.82936,31.70145]]]},"properties":{"hoanrinKind":"保安林"}},
{"type":"Feature","geometry":{"type":"Polygon","coordinates":[[[130.90339,31.69717],[130.90545,31.69603],[130.90742,31.69658],[130.90802,31.69785],[130.90688,31.69988],[130.90594,31.69989],[130.9042,31.69846],[130.90339,31.69717]]]},"properties":{"hoanrinKind":"保安林"}},
{"type":"Feature","geometry":{"type":"Polygon","coordinates":[[[130.95899,31.6958],[130.96007,31.69598],[130.96012,31.69758],[130.95924,31.69834],[130.95899,31.6958]]]},"properties":{"hoanrinKind":"保安林"}},
{"type":"Feature","geometry":{"type":"Polygon","coordinates":[[[130.49663,31.70448],[130.49685,31.70449],[130.49689,31.70475],[130.49664,31.70468],[130.49663,31.70448]]]},"properties":{"hoanrinKind":"保安林"}},
{"type":"Feature","geometry":{"type":"Polygon","coordinates":[[[130.94672,31.69727],[130.94756,31.69708],[130.94825,31.6976],[130.94739,31.69785],[130.94672,31.69727]]]},"properties":{"hoanrinKind":"保安林"}},
{"type":"Feature","geometry":{"type":"Polygon","coordinates":[[[130.82014,31.69808],[130.82033,31.69775],[130.82107,31.69768],[130.82082,31.69822],[130.82014,31.69808]]]},"properties":{"hoanrinKind":"保安林"}},
{"type":"Feature","geometry":{"type":"Polygon","coordinates":[[[130.94926,31.6952],[130.95049,31.69494],[130.95082,31.69562],[130.94949,31.69574],[130.94926,31.6952]]]},"properties":{"hoanrinKind":"保安林"}},
{"type":"Feature","geometry":{"type":"Polygon","coordinates":[[[129.72729,31.70822],[129.72779,31.70723],[129.7283,31.70755],[129.72729,31.70822]]]},"properties":{"hoanrinKind":"保安林"}},
{"type":"Feature","geometry":{"type":"Polygon","coordinates":[[[130.81969,31.69662],[130.82106,31.69625],[130.82053,31.69734],[130.81969,31.69662]]]},"properties":{"hoanrinKind":"保安林"}},
{"type":"Feature","geometry":{"type":"Polygon","coordinates":[[[130.44546,31.70084],[130.44595,31.70079],[130.44616,31.70189],[130.44564,31.70192],[130.44546,31.70084]]]},"properties":{"hoanrinKind":"保安林"}},
{"type":"Feature","geometry":{"type":"Polygon","coordinates":[[[130.49537,31.70086],[130.49577,31.69926],[130.49704,31.69874],[130.49809,31.69626],[130.5,31.69557],[130.50122,31.69728],[130.49923,31.69941],[130.49815,31.69939],[130.49723,31.70089],[130.49537,31.70086]]]},"properties":{"hoanrinKind":"保安林"}},
{"type":"Feature","geometry":{"type":"Polygon","coordinates":[[[130.60957,31.69656],[130.61265,31.69716],[130.61226,31.69929],[130.61182,31.69958],[130.60967,31.69721],[130.60957,31.69656]]]},"properties":{"hoanrinKind":"保安林"}},
{"type":"Feature","geometry":{"type":"Polygon","coordinates":[[[130.95372,31.6937],[130.95457,31.69358],[130.95487,31.69432],[130.95372,31.6937]]]},"properties":{"hoanrinKind":"保安林"}},
{"type":"Feature","geometry":{"type":"Polygon","coordinates":[[[130.29844,31.6983],[130.29978,31.69796],[130.3014,31.70044],[130.30364,31.7003],[130.30335,31.70146],[130.30212,31.70183],[130.29998,31.70134],[130.3006,31.70025],[130.29971,31.69981],[130.29844,31.6983]]]},"properties":{"hoanrinKind":"保安林"}},
{"type":"Feature","geometry":{"type":"Polygon","coordinates":[[[130.91595,31.69243],[130.91809,31.69274],[130.91787,31.69327],[130.91563,31.69313],[130.91595,31.69243]]]},"properties":{"hoanrinKind":"保安林"}},
{"type":"Feature","geometry":{"type":"Polygon","coordinates":[[[130.45256,31.698],[130.45341,31.69397],[130.45449,31.69316],[130.45587,31.69461],[130.45812,31.69525],[130.45687,31.69608],[130.45754,31.6972],[130.45595,31.69919],[130.45256,31.698]]]},"properties":{"hoanrinKind":"保安林"}},
{"type":"Feature","geometry":{"type":"Polygon","coordinates":[[[130.90627,31.6902],[130.90856,31.68768],[130.911,31.68695],[130.91143,31.68505],[130.91247,31.6838],[130.91337,31.68203],[130.91449,31.6836],[130.91629,31.68491],[130.91625,31.68623],[130.91446,31.68761],[130.91457,31.68849],[130.91334,31.69033],[130.91176,31.69129],[130.91018,31.69284],[130.9064,31.69087],[130.90627,31.6902]]]},"properties":{"hoanrinKind":"保安林"}},
{"type":"Feature","geometry":{"type":"Polygon","coordinates":[[[130.87609,31.69148],[130.87723,31.69189],[130.87653,31.69263],[130.87609,31.69148]]]},"properties":{"hoanrinKind":"保安林"}},
{"type":"Feature","geometry":{"type":"Polygon","coordinates":[[[130.83064,31.69107],[130.83157,31.69135],[130.83137,31.69266],[130.83091,31.69293],[130.83064,31.69107]]]},"properties":{"hoanrinKind":"保安林"}},
{"type":"Feature","geometry":{"type":"Polygon","coordinates":[[[130.50419,31.69276],[130.50589,31.69231],[130.50702,31.69358],[130.50773,31.69211],[130.50918,31.69183],[130.51028,31.69278],[130.50917,31.69576],[130.50689,31.6967],[130.50665,31.69575],[130.50494,31.69507],[130.50499,31.69384],[130.50419,31.69276]]]},"properties":{"hoanrinKind":"保安林"}},
{"type":"Feature","geometry":{"type":"Polygon","coordinates":[[[130.5167,31.69273],[130.51857,31.69221],[130.5183,31.69476],[130.51678,31.695],[130.5167,31.69273]]]},"properties":{"hoanrinKind":"保安林"}},
{"type":"Feature","geometry":{"type":"Polygon","coordinates":[[[130.86385,31.68893],[130.86575,31.68857],[130.86567,31.68941],[130.86395,31.69012],[130.86385,31.68893]]]},"properties":{"hoanrinKind":"保安林"}},
{"type":"Feature","geometry":{"type":"Polygon","coordinates":[[[130.80595,31.6885],[130.80798,31.68961],[130.8067,31.69082],[130.80598,31.68992],[130.80595,31.6885]]]},"properties":{"hoanrinKind":"保安林"}},
{"type":"Feature","geometry":{"type":"Polygon","coordinates":[[[130.84049,31.68847],[130.84097,31.68853],[130.84141,31.6898],[130.84054,31.68977],[130.84049,31.68847]]]},"properties":{"hoanrinKind":"保安林"}},
{"type":"Feature","geometry":{"type":"Polygon","coordinates":[[[130.89006,31.68869],[130.89072,31.6887],[130.89062,31.68901],[130.89006,31.68869]]]},"properties":{"hoanrinKind":"保安林"}},
{"type":"Feature","geometry":{"type":"Polygon","coordinates":[[[130.86171,31.68887],[130.8626,31.68796],[130.86322,31.68853],[130.86246,31.68909],[130.86171,31.68887]]]},"properties":{"hoanrinKind":"保安林"}},
{"type":"Feature","geometry":{"type":"Polygon","coordinates":[[[130.84734,31.6882],[130.84905,31.68784],[130.84842,31.68893],[130.84734,31.6882]]]},"properties":{"hoanrinKind":"保安林"}},
{"type":"Feature","geometry":{"type":"Polygon","coordinates":[[[130.84068,31.68691],[130.84127,31.68651],[130.84221,31.68739],[130.84087,31.68764],[130.84068,31.68691]]]},"properties":{"hoanrinKind":"保安林"}},
{"type":"Feature","geometry":{"type":"Polygon","coordinates":[[[130.87479,31.68526],[130.87649,31.68534],[130.87631,31.68668],[130.87479,31.68526]]]},"properties":{"hoanrinKind":"保安林"}},
{"type":"Feature","geometry":{"type":"Polygon","coordinates":[[[130.2863,31.69361],[130.28702,31.6921],[130.28971,31.6882],[130.29077,31.68697],[130.2939,31.68184],[130.29702,31.67623],[130.29871,31.67343],[130.30036,31.66865],[130.30194,31.66891],[130.30224,31.67151],[130.30206,31.67417],[130.30043,31.6758],[130.29967,31.67738],[130.29993,31.67812],[130.29644,31.68315],[130.29435,31.68397],[130.29275,31.68627],[130.29073,31.68762],[130.2892,31.69085],[130.2863,31.69361]]]},"properties":{"hoanrinKind":"保安林"}},
{"type":"Feature","geometry":{"type":"Polygon","coordinates":[[[130.83678,31.68613],[130.83739,31.68496],[130.84002,31.68505],[130.83902,31.68612],[130.83801,31.68575],[130.83678,31.68613]]]},"properties":{"hoanrinKind":"保安林"}},
{"type":"Feature","geometry":{"type":"Polygon","coordinates":[[[130.51074,31.68753],[130.51152,31.68734],[130.51238,31.68869],[130.51168,31.689],[130.51074,31.68753]]]},"properties":{"hoanrinKind":"保安林"}},
{"type":"Feature","geometry":{"type":"Polygon","coordinates":[[[130.94144,31.68233],[130.94201,31.68228],[130.94209,31.68289],[130.94155,31.68285],[130.94144,31.68233]]]},"properties":{"hoanrinKind":"保安林"}},
{"type":"Feature","geometry":{"type":"Polygon","coordinates":[[[130.82158,31.68397],[130.82217,31.68387],[130.82228,31.68428],[130.82185,31.68455],[130.82158,31.68397]]]},"properties":{"hoanrinKind":"保安林"}},
{"type":"Feature","geometry":{"type":"Polygon","coordinates":[[[130.51274,31.6874],[130.51475,31.68787],[130.51369,31.68831],[130.51274,31.6874]]]},"properties":{"hoanrinKind":"保安林"}},
{"type":"Feature","geometry":{"type":"Polygon","coordinates":[[[130.45652,31.68611],[130.45765,31.68622],[130.45737,31.68753],[130.45652,31.68611]]]},"properties":{"hoanrinKind":"保安林"}},
{"type":"Feature","geometry":{"type":"Polygon","coordinates":[[[130.42335,31.68499],[130.42438,31.6836],[130.42559,31.68455],[130.4255,31.68591],[130.42376,31.68644],[130.42335,31.68499]]]},"properties":{"hoanrinKind":"保安林"}},
{"type":"Feature","geometry":{"type":"Polygon","coordinates":[[[130.87107,31.67842],[130.87265,31.67923],[130.87192,31.67991],[130.87107,31.67842]]]},"properties":{"hoanrinKind":"保安林"}},
{"type":"Feature","geometry":{"type":"Polygon","coordinates":[[[130.49591,31.68357],[130.49641,31.68357],[130.49635,31.6838],[130.49591,31.68357]]]},"properties":{"hoanrinKind":"保安林"}},
{"type":"Feature","geometry":{"type":"Polygon","coordinates":[[[130.47735,31.68265],[130.47784,31.68275],[130.47802,31.68312],[130.47766,31.68335],[130.47735,31.68265]]]},"properties":{"hoanrinKind":"保安林"}},
{"type":"Feature","geometry":{"type":"Polygon","coordinates":[[[130.50771,31.67804],[130.5103,31.67701],[130.51141,31.67739],[130.51079,31.67985],[130.51165,31.68134],[130.50991,31.68167],[130.50894,31.68105],[130.50902,31.67963],[130.50771,31.67804]]]},"properties":{"hoanrinKind":"保安林"}},
{"type":"Feature","geometry":{"type":"Polygon","coordinates":[[[130.42257,31.68301],[130.42266,31.68187],[130.42409,31.6816],[130.42422,31.68302],[130.42257,31.68301]]]},"properties":{"hoanrinKind":"保安林"}},
{"type":"Feature","geometry":{"type":"Polygon","coordinates":[[[130.45093,31.6808],[130.45248,31.68066],[130.45182,31.68167],[130.45093,31.6808]]]},"properties":{"hoanrinKind":"保安林"}},
{"type":"Feature","geometry":{"type":"Polygon","coordinates":[[[130.49744,31.68059],[130.49772,31.68045],[130.49792,31.68072],[130.49751,31.68079],[130.49744,31.68059]]]},"properties":{"hoanrinKind":"保安林"}},
{"type":"Feature","geometry":{"type":"Polygon","coordinates":[[[129.68534,31.68072],[129.6873,31.6809],[129.68812,31.68022],[129.68917,31.68062],[129.69141,31.68072],[129.69159,31.68399],[129.69022,31.68657],[129.6886,31.68546],[129.68736,31.68326],[129.68534,31.68072]]]},"properties":{"hoanrinKind":"保安林"}},
{"type":"Feature","geometry":{"type":"Polygon","coordinates":[[[130.92918,31.67272],[130.92978,31.67251],[130.93039,31.67364],[130.9294,31.6736],[130.92918,31.67272]]]},"properties":{"hoanrinKind":"保安林"}},
{"type":"Feature","geometry":{"type":"Polygon","coordinates":[[[130.92732,31.6724],[130.92791,31.67153],[130.92886,31.67172],[130.92836,31.67276],[130.92732,31.6724]]]},"properties":{"hoanrinKind":"保安林"}},
{"type":"Feature","geometry":{"type":"Polygon","coordinates":[[[130.83784,31.67245],[130.83819,31.67234],[130.83901,31.67336],[130.8383,31.67323],[130.83784,31.67245]]]},"properties":{"hoanrinKind":"保安林"}},
{"type":"Feature","geometry":{"type":"Polygon","coordinates":[[[130.8306,31.67273],[130.83065,31.67214],[130.83135,31.67237],[130.83108,31.6732],[130.8306,31.67273]]]},"properties":{"hoanrinKind":"保安林"}},
{"type":"Feature","geometry":{"type":"Polygon","coordinates":[[[130.92692,31.67095],[130.92714,31.67024],[130.92761,31.67039],[130.9273,31.6714],[130.92692,31.67095]]]},"properties":{"hoanrinKind":"保安林"}},
{"type":"Feature","geometry":{"type":"Polygon","coordinates":[[[130.84007,31.67154],[130.84152,31.6708],[130.84166,31.67169],[130.84007,31.67154]]]},"properties":{"hoanrinKind":"保安林"}},
{"type":"Feature","geometry":{"type":"Polygon","coordinates":[[[129.71432,31.68217],[129.71522,31.68141],[129.715,31.68272],[129.71432,31.68217]]]},"properties":{"hoanrinKind":"保安林"}},
{"type":"Feature","geometry":{"type":"Polygon","coordinates":[[[129.71235,31.68164],[129.71407,31.68108],[129.71421,31.68137],[129.71276,31.68198],[129.71235,31.68164]]]},"properties":{"hoanrinKind":"保安林"}},
{"type":"Feature","geometry":{"type":"Polygon","coordinates":[[[130.88772,31.66871],[130.8887,31.6693],[130.88857,31.66985],[130.88751,31.66902],[130.88772,31.66871]]]},"properties":{"hoanrinKind":"保安林"}},
{"type":"Feature","geometry":{"type":"Polygon","coordinates":[[[129.70367,31.68034],[129.70464,31.68022],[129.70478,31.68063],[129.7039,31.68083],[129.70367,31.68034]]]},"properties":{"hoanrinKind":"保安林"}},
{"type":"Feature","geometry":{"type":"Polygon","coordinates":[[[129.69895,31.67945],[129.69974,31.67866],[129.70121,31.67934],[129.70037,31.68033],[129.69895,31.67945]]]},"properties":{"hoanrinKind":"保安林"}},
{"type":"Feature","geometry":{"type":"Polygon","coordinates":[[[130.94407,31.66701],[130.9449,31.66608],[130.94531,31.66663],[130.94407,31.66701]]]},"properties":{"hoanrinKind":"保安林"}},
{"type":"Feature","geometry":{"type":"Polygon","coordinates":[[[130.60931,31.67061],[130.61041,31.67027],[130.60993,31.67168],[130.60931,31.67061]]]},"properties":{"hoanrinKind":"保安林"}},
{"type":"Feature","geometry":{"type":"Polygon","coordinates":[[[130.94427,31.6655],[130.94502,31.66452],[130.94588,31.66516],[130.94427,31.6655]]]},"properties":{"hoanrinKind":"保安林"}},
{"type":"Feature","geometry":{"type":"Polygon","coordinates":[[[130.5437,31.67094],[130.54371,31.66907],[130.54503,31.66788],[130.54483,31.67038],[130.5437,31.67094]]]},"properties":{"hoanrinKind":"保安林"}},
{"type":"Feature","geometry":{"type":"Polygon","coordinates":[[[130.93582,31.66428],[130.93618,31.66398],[130.93702,31.6647],[130.93657,31.66506],[130.93582,31.66428]]]},"properties":{"hoanrinKind":"保安林"}},
{"type":"Feature","geometry":{"type":"Polygon","coordinates":[[[130.54624,31.66968],[130.54692,31.66967],[130.54696,31.67033],[130.54626,31.67036],[130.54624,31.66968]]]},"properties":{"hoanrinKind":"保安林"}},
{"type":"Feature","geometry":{"type":"Polygon","coordinates":[[[130.8814,31.6648],[130.88179,31.66507],[130.88147,31.6655],[130.88099,31.66536],[130.8814,31.6648]]]},"properties":{"hoanrinKind":"保安林"}},
{"type":"Feature","geometry":{"type":"Polygon","coordinates":[[[131.02146,31.66302],[131.02202,31.66286],[131.02229,31.66207],[131.0226,31.66202],[131.02264,31.66284],[131.02237,31.66322],[131.02155,31.66334],[131.02146,31.66302]]]},"properties":{"hoanrinKind":"保安林"}},
{"type":"Feature","geometry":{"type":"Polygon","coordinates":[[[130.50335,31.66886],[130.50363,31.66891],[130.50428,31.66977],[130.50409,31.67016],[130.5034,31.66927],[130.50335,31.66886]]]},"properties":{"hoanrinKind":"保安林"}},
{"type":"Feature","geometry":{"type":"Polygon","coordinates":[[[130.50565,31.66625],[130.50608,31.66602],[130.50646,31.66624],[130.50609,31.6666],[130.50565,31.66625]]]},"properties":{"hoanrinKind":"保安林"}},
{"type":"Feature","geometry":{"type":"Polygon","coordinates":[[[130.8879,31.66001],[130.88886,31.65949],[130.88865,31.66074],[130.8879,31.66001]]]},"properties":{"hoanrinKind":"保安林"}},
{"type":"Feature","geometry":{"type":"Polygon","coordinates":[[[129.7046,31.6678],[129.70469,31.66721],[129.70685,31.66723],[129.70949,31.66764],[129.71205,31.669],[129.71051,31.66961],[129.71142,31.67164],[129.70903,31.67271],[129.70581,31.67116],[129.70476,31.66964],[129.7046,31.6678]]]},"properties":{"hoanrinKind":"保安林"}},
{"type":"Feature","geometry":{"type":"Polygon","coordinates":[[[130.90115,31.65741],[130.90183,31.65661],[130.9026,31.65694],[130.90173,31.65772],[130.90115,31.65741]]]},"properties":{"hoanrinKind":"保安林"}},
{"type":"Feature","geometry":{"type":"Polygon","coordinates":[[[130.92624,31.6556],[130.92679,31.65509],[130.92801,31.65576],[130.92775,31.65631],[130.92624,31.6556]]]},"properties":{"hoanrinKind":"保安林"}},
{"type":"Feature","geometry":{"type":"Polygon","coordinates":[[[129.69691,31.66764],[129.6987,31.66725],[129.69785,31.66863],[129.69691,31.66764]]]},"properties":{"hoanrinKind":"保安林"}},
{"type":"Feature","geometry":{"type":"Polygon","coordinates":[[[130.53177,31.66076],[130.53241,31.6606],[130.5321,31.66135],[130.53134,31.66102],[130.53177,31.66076]]]},"properties":{"hoanrinKind":"保安林"}},
{"type":"Feature","geometry":{"type":"Polygon","coordinates":[[[131.0732,31.65161],[131.0756,31.6508],[131.07797,31.64929],[131.07889,31.64994],[131.07846,31.65154],[131.07773,31.6523],[131.07539,31.65344],[131.0732,31.65161]]]},"properties":{"hoanrinKind":"保安林"}},
{"type":"Feature","geometry":{"type":"Polygon","coordinates":[[[130.59765,31.64387],[130.59865,31.64421],[130.59865,31.6459],[130.5998,31.64684],[130.60295,31.65082],[130.6034,31.65192],[130.6046,31.65252],[130.6063,31.65113],[130.6075,31.6524],[130.60849,31.65447],[130.60979,31.65606],[130.61191,31.65623],[130.61383,31.65687],[130.61397,31.65746],[130.61643,31.65741],[130.61815,31.65684],[130.61864,31.65793],[130.61692,31.65793],[130.61445,31.65886],[130.61204,31.65885],[130.60844,31.65975],[130.60697,31.65966],[130.60459,31.65737],[130.60367,31.65444],[130.60188,31.6535],[130.60219,31.65212],[130.60192,31.65037],[130.59923,31.64812],[130.5984,31.64677],[130.59765,31.64387]]]},"properties":{"hoanrinKind":"保安林"}},
{"type":"Feature","geometry":{"type":"Polygon","coordinates":[[[130.39746,31.66022],[130.39823,31.66011],[130.39765,31.65921],[130.39876,31.6597],[130.39873,31.66031],[130.39746,31.66022]]]},"properties":{"hoanrinKind":"保安林"}},
{"type":"Feature","geometry":{"type":"Polygon","coordinates":[[[130.86535,31.65074],[130.86618,31.65087],[130.86676,31.65044],[130.86753,31.65071],[130.86697,31.65132],[130.86589,31.65165],[130.86535,31.65074]]]},"properties":{"hoanrinKind":"保安林"}},
{"type":"Feature","geometry":{"type":"Polygon","coordinates":[[[130.85372,31.64855],[130.8541,31.64806],[130.85658,31.64744],[130.8549,31.64911],[130.85372,31.64855]]]},"properties":{"hoanrinKind":"保安林"}},
{"type":"Feature","geometry":{"type":"Polygon","coordinates":[[[130.94415,31.64584],[130.94574,31.64548],[130.94634,31.64601],[130.94433,31.64638],[130.94415,31.64584]]]},"properties":{"hoanrinKind":"保安林"}},
{"type":"Feature","geometry":{"type":"Polygon","coordinates":[[[129.65953,31.65912],[129.66047,31.65848],[129.66016,31.65663],[129.66147,31.65511],[129.66211,31.64984],[129.66363,31.65072],[129.66565,31.65093],[129.66655,31.65466],[129.66586,31.65612],[129.66368,31.65699],[129.65953,31.65912]]]},"properties":{"hoanrinKind":"保安林"}},
{"type":"Feature","geometry":{"type":"Polygon","coordinates":[[[129.72596,31.65462],[129.72713,31.65476],[129.7303,31.6543],[129.73216,31.65357],[129.73417,31.65449],[129.73803,31.65536],[129.73598,31.65688],[129.73393,31.65756],[129.73145,31.65755],[129.72918,31.65852],[129.72695,31.65762],[129.72596,31.65462]]]},"properties":{"hoanrinKind":"保安林"}},
{"type":"Feature","geometry":{"type":"Polygon","coordinates":[[[131.09746,31.64153],[131.0981,31.6416],[131.09811,31.642],[131.09731,31.64184],[131.09746,31.64153]]]},"properties":{"hoanrinKind":"保安林"}},
{"type":"Feature","geometry":{"type":"Polygon","coordinates":[[[130.86254,31.64477],[130.86303,31.64469],[130.86399,31.64529],[130.86363,31.64561],[130.86254,31.64477]]]},"properties":{"hoanrinKind":"保安林"}},
{"type":"Feature","geometry":{"type":"Polygon","coordinates":[[[130.94285,31.64372],[130.94382,31.64297],[130.94436,31.64362],[130.94285,31.64372]]]},"properties":{"hoanrinKind":"保安林"}},
{"type":"Feature","geometry":{"type":"Polygon","coordinates":[[[131.02815,31.63901],[131.02892,31.63876],[131.02995,31.64086],[131.02852,31.64086],[131.02872,31.63957],[131.02815,31.63901]]]},"properties":{"hoanrinKind":"保安林"}},
{"type":"Feature","geometry":{"type":"Polygon","coordinates":[[[130.95117,31.64098],[130.95263,31.64017],[130.95297,31.64098],[130.95256,31.64237],[130.95123,31.64248],[130.95117,31.64098]]]},"properties":{"hoanrinKind":"保安林"}},
{"type":"Feature","geometry":{"type":"Polygon","coordinates":[[[130.86804,31.64211],[130.86879,31.64116],[130.86928,31.64157],[130.86895,31.64217],[130.86804,31.64211]]]},"properties":{"hoanrinKind":"保安林"}},
{"type":"Feature","geometry":{"type":"Polygon","coordinates":[[[130.97083,31.63879],[130.97105,31.63717],[130.97255,31.63778],[130.97172,31.63989],[130.97083,31.63879]]]},"properties":{"hoanrinKind":"保安林"}},
{"type":"Feature","geometry":{"type":"Polygon","coordinates":[[[130.89518,31.64017],[130.89614,31.63975],[130.89569,31.64073],[130.89518,31.64017]]]},"properties":{"hoanrinKind":"保安林"}},
{"type":"Feature","geometry":{"type":"Polygon","coordinates":[[[129.71534,31.65013],[129.71663,31.65088],[129.71698,31.65258],[129.71576,31.65274],[129.71534,31.65013]]]},"properties":{"hoanrinKind":"保安林"}},
{"type":"Feature","geometry":{"type":"Polygon","coordinates":[[[130.89998,31.63982],[130.90196,31.63971],[130.90225,31.64025],[130.90049,31.64021],[130.89998,31.63982]]]},"properties":{"hoanrinKind":"保安林"}},
{"type":"Feature","geometry":{"type":"Polygon","coordinates":[[[130.897,31.63844],[130.89829,31.63851],[130.8978,31.63941],[130.897,31.63844]]]},"properties":{"hoanrinKind":"保安林"}},
{"type":"Feature","geometry":{"type":"Polygon","coordinates":[[[130.97441,31.63706],[130.97599,31.63715],[130.97484,31.63825],[130.97441,31.63706]]]},"properties":{"hoanrinKind":"保安林"}},
{"type":"Feature","geometry":{"type":"Polygon","coordinates":[[[130.43337,31.64436],[130.43405,31.64356],[130.43569,31.6446],[130.43493,31.64515],[130.43337,31.64436]]]},"properties":{"hoanrinKind":"保安林"}},
{"type":"Feature","geometry":{"type":"Polygon","coordinates":[[[130.87319,31.63847],[130.87408,31.63821],[130.87442,31.63715],[130.87514,31.63716],[130.87482,31.63824],[130.87354,31.63911],[130.87319,31.63847]]]},"properties":{"hoanrinKind":"保安林"}},
{"type":"Feature","geometry":{"type":"Polygon","coordinates":[[[130.81152,31.63784],[130.81262,31.63768],[130.81319,31.63543],[130.81397,31.63623],[130.81386,31.63783],[130.81305,31.63934],[130.81222,31.63944],[130.81152,31.63784]]]},"properties":{"hoanrinKind":"保安林"}},
{"type":"Feature","geometry":{"type":"Polygon","coordinates":[[[130.81726,31.62425],[130.8211,31.62567],[130.82184,31.62635],[130.82189,31.62772],[130.82064,31.62809],[130.82192,31.63004],[130.822,31.63257],[130.82243,31.63551],[130.82154,31.63631],[130.82138,31.6379],[130.81879,31.63774],[130.818,31.63658],[130.81742,31.63374],[130.81781,31.63286],[130.82035,31.63075],[130.81987,31.62895],[130.81781,31.62756],[130.81918,31.62579],[130.81726,31.62425]]]},"properties":{"hoanrinKind":"保安林"}},
{"type":"Feature","geometry":{"type":"Polygon","coordinates":[[[130.4971,31.64011],[130.49852,31.64025],[130.49825,31.6412],[130.49722,31.64172],[130.4971,31.64011]]]},"properties":{"hoanrinKind":"保安林"}},
{"type":"Feature","geometry":{"type":"Polygon","coordinates":[[[130.5433,31.63664],[130.54427,31.63652],[130.54385,31.63733],[130.5433,31.63664]]]},"properties":{"hoanrinKind":"保安林"}},
{"type":"Feature","geometry":{"type":"Polygon","coordinates":[[[129.71107,31.64322],[129.71232,31.6431],[129.71318,31.64375],[129.71171,31.64366],[129.71107,31.64322]]]},"properties":{"hoanrinKind":"保安林"}},
{"type":"Feature","geometry":{"type":"Polygon","coordinates":[[[130.48449,31.63624],[130.4849,31.63584],[130.48514,31.63661],[130.48473,31.63696],[130.48449,31.63624]]]},"properties":{"hoanrinKind":"保安林"}},
{"type":"Feature","geometry":{"type":"Polygon","coordinates":[[[130.87917,31.63039],[130.87988,31.63114],[130.87855,31.63135],[130.87917,31.63039]]]},"properties":{"hoanrinKind":"保安林"}},
{"type":"Feature","geometry":{"type":"Polygon","coordinates":[[[131.10095,31.627],[131.10118,31.62657],[131.10161,31.62683],[131.10099,31.62743],[131.10095,31.627]]]},"properties":{"hoanrinKind":"保安林"}},
{"type":"Feature","geometry":{"type":"Polygon","coordinates":[[[130.57469,31.61935],[130.57537,31.61861],[130.57752,31.61838],[130.58021,31.61977],[130.58205,31.61951],[130.58358,31.62012],[130.58512,31.62184],[130.58583,31.62377],[130.58667,31.62357],[130.58958,31.62534],[130.58882,31.62661],[130.5916,31.62672],[130.59527,31.62834],[130.59536,31.62928],[130.59633,31.63079],[130.59748,31.63162],[130.59895,31.63179],[130.59948,31.63012],[130.60126,31.63243],[130.60037,31.63294],[130.59908,31.63217],[130.59904,31.6338],[130.60077,31.63377],[130.6007,31.63467],[130.59831,31.63458],[130.59731,31.63403],[130.59724,31.63291],[130.59601,31.63207],[130.59241,31.62868],[130.591,31.62913],[130.59057,31.62769],[130.58849,31.62743],[130.58679,31.62638],[130.58579,31.62687],[130.58475,31.62609],[130.58282,31.6229],[130.58085,31.6215],[130.58098,31.62333],[130.57958,31.62337],[130.57908,31.62229],[130.57736,31.62283],[130.5765,31.62057],[130.57523,31.62087],[130.57469,31.61935]]]},"properties":{"hoanrinKind":"保安林"}},
{"type":"Feature","geometry":{"type":"Polygon","coordinates":[[[130.97179,31.62879],[130.97207,31.6285],[130.97236,31.62907],[130.97209,31.62917],[130.97179,31.62879]]]},"properties":{"hoanrinKind":"保安林"}},
{"type":"Feature","geometry":{"type":"Polygon","coordinates":[[[129.71004,31.63879],[129.71256,31.63964],[129.71127,31.64059],[129.71004,31.63879]]]},"properties":{"hoanrinKind":"保安林"}},
{"type":"Feature","geometry":{"type":"Polygon","coordinates":[[[131.08135,31.62514],[131.08184,31.62441],[131.08231,31.62488],[131.08135,31.62514]]]},"properties":{"hoanrinKind":"保安林"}},
{"type":"Feature","geometry":{"type":"Polygon","coordinates":[[[130.82459,31.62938],[130.82524,31.6281],[130.82586,31.62836],[130.82459,31.62938]]]},"properties":{"hoanrinKind":"保安林"}},
{"type":"Feature","geometry":{"type":"Polygon","coordinates":[[[130.42724,31.63249],[130.42745,31.63237],[130.42828,31.63329],[130.42791,31.63339],[130.42724,31.63249]]]},"properties":{"hoanrinKind":"保安林"}},
{"type":"Feature","geometry":{"type":"Polygon","coordinates":[[[131.1033,31.62344],[131.10369,31.6234],[131.10378,31.62392],[131.10344,31.62388],[131.1033,31.62344]]]},"properties":{"hoanrinKind":"保安林"}},
{"type":"Feature","geometry":{"type":"Polygon","coordinates":[[[130.86005,31.62587],[130.86052,31.62498],[130.86128,31.62524],[130.86029,31.62627],[130.86005,31.62587]]]},"properties":{"hoanrinKind":"保安林"}},
{"type":"Feature","geometry":{"type":"Polygon","coordinates":[[[130.55157,31.62999],[130.55183,31.62939],[130.55299,31.62922],[130.55291,31.62995],[130.55157,31.62999]]]},"properties":{"hoanrinKind":"保安林"}},
{"type":"Feature","geometry":{"type":"Polygon","coordinates":[[[130.96721,31.62248],[130.96778,31.62245],[130.96818,31.62316],[130.96804,31.62401],[130.96721,31.62248]]]},"properties":{"hoanrinKind":"保安林"}},
{"type":"Feature","geometry":{"type":"Polygon","coordinates":[[[131.07341,31.6214],[131.07466,31.62099],[131.07542,31.62191],[131.07395,31.62202],[131.07341,31.6214]]]},"properties":{"hoanrinKind":"保安林"}},
{"type":"Feature","geometry":{"type":"Polygon","coordinates":[[[130.97869,31.62164],[130.97975,31.62194],[130.97951,31.62214],[130.97869,31.62164]]]},"properties":{"hoanrinKind":"保安林"}},
{"type":"Feature","geometry":{"type":"Polygon","coordinates":[[[130.83878,31.61832],[130.8398,31.61865],[130.83961,31.61933],[130.83862,31.61908],[130.83878,31.61832]]]},"properties":{"hoanrinKind":"保安林"}},
{"type":"Feature","geometry":{"type":"Polygon","coordinates":[[[130.86913,31.61668],[130.86971,31.61655],[130.87089,31.61746],[130.87072,31.61817],[130.86939,31.61758],[130.86913,31.61668]]]},"properties":{"hoanrinKind":"保安林"}},
{"type":"Feature","geometry":{"type":"Polygon","coordinates":[[[130.8675,31.61668],[130.86846,31.61697],[130.86793,31.61774],[130.86715,31.61729],[130.8675,31.61668]]]},"properties":{"hoanrinKind":"保安林"}},
{"type":"Feature","geometry":{"type":"Polygon","coordinates":[[[130.83877,31.61433],[130.83933,31.61371],[130.84004,31.61498],[130.83877,31.61433]]]},"properties":{"hoanrinKind":"保安林"}},
{"type":"Feature","geometry":{"type":"Polygon","coordinates":[[[130.56873,31.61737],[130.56939,31.6171],[130.56975,31.61762],[130.56849,31.61805],[130.56873,31.61737]]]},"properties":{"hoanrinKind":"保安林"}},
{"type":"Feature","geometry":{"type":"Polygon","coordinates":[[[131.08544,31.60914],[131.086,31.60889],[131.08612,31.60974],[131.08544,31.60914]]]},"properties":{"hoanrinKind":"保安林"}},
{"type":"Feature","geometry":{"type":"Polygon","coordinates":[[[130.43079,31.61851],[130.43115,31.61848],[130.43122,31.61867],[130.43088,31.61875],[130.43079,31.61851]]]},"properties":{"hoanrinKind":"保安林"}},
{"type":"Feature","geometry":{"type":"Polygon","coordinates":[[[130.5686,31.61599],[130.5701,31.61612],[130.56878,31.61691],[130.5686,31.61599]]]},"properties":{"hoanrinKind":"保安林"}},
{"type":"Feature","geometry":{"type":"Polygon","coordinates":[[[130.83776,31.61238],[130.83822,31.61268],[130.83782,31.613],[130.83776,31.61238]]]},"properties":{"hoanrinKind":"保安林"}},
{"type":"Feature","geometry":{"type":"Polygon","coordinates":[[[130.8414,31.60901],[130.84328,31.60891],[130.84401,31.60954],[130.8439,31.61114],[130.84456,31.61179],[130.8433,31.61235],[130.84281,31.60922],[130.8414,31.60901]]]},"properties":{"hoanrinKind":"保安林"}},
{"type":"Feature","geometry":{"type":"Polygon","coordinates":[[[130.82968,31.61091],[130.83211,31.61039],[130.83129,31.61162],[130.82998,31.61184],[130.82968,31.61091]]]},"properties":{"hoanrinKind":"保安林"}},
{"type":"Feature","geometry":{"type":"Polygon","coordinates":[[[130.57141,31.60975],[130.57205,31.60924],[130.5735,31.61116],[130.5747,31.61154],[130.57493,31.61281],[130.57398,31.61496],[130.57268,31.61547],[130.57205,31.61335],[130.57269,31.61276],[130.57266,31.61086],[130.57141,31.60975]]]},"properties":{"hoanrinKind":"保安林"}},
{"type":"Feature","geometry":{"type":"Polygon","coordinates":[[[130.55879,31.61001],[130.5608,31.60989],[130.56061,31.61174],[130.56229,31.61221],[130.56345,31.61305],[130.5624,31.6143],[130.5608,31.6133],[130.56059,31.61239],[130.55949,31.61171],[130.55879,31.61001]]]},"properties":{"hoanrinKind":"保安林"}},
{"type":"Feature","geometry":{"type":"Polygon","coordinates":[[[130.69698,31.61161],[130.69724,31.6125],[130.69813,31.61222],[130.69946,31.61092],[130.69881,31.61016],[130.70017,31.61021],[130.69927,31.61165],[130.69765,31.61283],[130.69701,31.61244],[130.69698,31.61161]]]},"properties":{"hoanrinKind":"保安林"}},
{"type":"Feature","geometry":{"type":"Polygon","coordinates":[[[131.15951,31.59296],[131.16205,31.59275],[131.16276,31.59096],[131.16452,31.59074],[131.16887,31.58953],[131.16982,31.58842],[131.17119,31.5885],[131.16948,31.59124],[131.17156,31.59375],[131.17039,31.59439],[131.17002,31.59536],[131.16859,31.59617],[131.17001,31.59959],[131.16902,31.60056],[131.16961,31.60233],[131.16857,31.60247],[131.16754,31.60391],[131.16682,31.60165],[131.16569,31.60079],[131.16623,31.60001],[131.16546,31.59928],[131.16653,31.59856],[131.16641,31.59771],[131.16458,31.5966],[131.16405,31.59556],[131.1617,31.59461],[131.15988,31.59424],[131.15951,31.59296]]]},"properties":{"hoanrinKind":"保安林"}},
{"type":"Feature","geometry":{"type":"Polygon","coordinates":[[[131.1483,31.60101],[131.14964,31.60037],[131.15113,31.59901],[131.153,31.59926],[131.15261,31.60092],[131.15475,31.60099],[131.15381,31.60202],[131.1526,31.60252],[131.15193,31.60371],[131.14929,31.60212],[131.1483,31.60101]]]},"properties":{"hoanrinKind":"保安林"}},
{"type":"Feature","geometry":{"type":"Polygon","coordinates":[[[130.80083,31.60735],[130.80196,31.60728],[130.80164,31.60793],[130.80083,31.60735]]]},"properties":{"hoanrinKind":"保安林"}},
{"type":"Feature","geometry":{"type":"Polygon","coordinates":[[[131.15605,31.60179],[131.15701,31.60053],[131.15806,31.60129],[131.15605,31.60179]]]},"properties":{"hoanrinKind":"保安林"}},
{"type":"Feature","geometry":{"type":"Polygon","coordinates":[[[130.55619,31.61087],[130.55696,31.61024],[130.55714,31.6106],[130.5566,31.61117],[130.55619,31.61087]]]},"properties":{"hoanrinKind":"保安林"}},
{"type":"Feature","geometry":{"type":"Polygon","coordinates":[[[130.798,31.60766],[130.79932,31.60715],[130.79994,31.60781],[130.798,31.60766]]]},"properties":{"hoanrinKind":"保安林"}},
{"type":"Feature","geometry":{"type":"Polygon","coordinates":[[[130.33277,31.61231],[130.33367,31.60721],[130.33458,31.60602],[130.33554,31.60679],[130.33426,31.60762],[130.33444,31.60949],[130.33379,31.61302],[130.33277,31.61231]]]},"properties":{"hoanrinKind":"保安林"}},
{"type":"Feature","geometry":{"type":"Polygon","coordinates":[[[130.87129,31.60253],[130.87283,31.60208],[130.87382,31.60275],[130.8751,31.60544],[130.87519,31.60638],[130.87255,31.60574],[130.87164,31.60457],[130.87129,31.60253]]]},"properties":{"hoanrinKind":"保安林"}},
{"type":"Feature","geometry":{"type":"Polygon","coordinates":[[[131.16201,31.60001],[131.16282,31.60025],[131.16252,31.60091],[131.16201,31.60001]]]},"properties":{"hoanrinKind":"保安林"}},
{"type":"Feature","geometry":{"type":"Polygon","coordinates":[[[130.83557,31.60344],[130.83626,31.6025],[130.83859,31.60247],[130.83973,31.60313],[130.84093,31.60277],[130.84153,31.60352],[130.84091,31.60545],[130.83999,31.6058],[130.83799,31.60445],[130.83557,31.60344]]]},"properties":{"hoanrinKind":"保安林"}},
{"type":"Feature","geometry":{"type":"Polygon","coordinates":[[[130.54946,31.60774],[130.5526,31.60597],[130.55218,31.60883],[130.5512,31.60921],[130.5498,31.6088],[130.54946,31.60774]]]},"properties":{"hoanrinKind":"保安林"}},
{"type":"Feature","geometry":{"type":"Polygon","coordinates":[[[131.16448,31.59949],[131.1653,31.59941],[131.16558,31.60003],[131.16439,31.6001],[131.16448,31.59949]]]},"properties":{"hoanrinKind":"保安林"}},
{"type":"Feature","geometry":{"type":"Polygon","coordinates":[[[131.15602,31.59926],[131.15716,31.5985],[131.15761,31.59653],[131.15879,31.5968],[131.15827,31.59812],[131.15693,31.59985],[131.15602,31.59926]]]},"properties":{"hoanrinKind":"保安林"}},
{"type":"Feature","geometry":{"type":"Polygon","coordinates":[[[131.16361,31.59823],[131.16427,31.59831],[131.16364,31.59866],[131.16361,31.59823]]]},"properties":{"hoanrinKind":"保安林"}},
{"type":"Feature","geometry":{"type":"Polygon","coordinates":[[[131.15462,31.59809],[131.15513,31.59808],[131.15616,31.59852],[131.1561,31.59872],[131.15531,31.59849],[131.15462,31.59809]]]},"properties":{"hoanrinKind":"保安林"}},
{"type":"Feature","geometry":{"type":"Polygon","coordinates":[[[130.63955,31.603],[130.64138,31.60232],[130.64441,31.60039],[130.64423,31.59958],[130.64278,31.59887],[130.64021,31.59879],[130.64568,31.59682],[130.64888,31.59657],[130.65034,31.59758],[130.65436,31.59897],[130.65647,31.59933],[130.65771,31.59895],[130.66043,31.59882],[130.66106,31.59843],[130.66139,31.59601],[130.66079,31.59428],[130.66217,31.59383],[130.66565,31.59598],[130.66535,31.597],[130.66853,31.60024],[130.66852,31.60147],[130.67036,31.60364],[130.6707,31.60582],[130.66982,31.60585],[130.66716,31.60476],[130.66579,31.60466],[130.6649,31.60534],[130.66092,31.60527],[130.65978,31.60318],[130.65568,31.60288],[130.65404,31.60337],[130.65128,31.60339],[130.64943,31.6027],[130.64556,31.60404],[130.64353,31.60413],[130.63967,31.60346],[130.63955,31.603]]]},"properties":{"hoanrinKind":"保安林"}},
{"type":"Feature","geometry":{"type":"Polygon","coordinates":[[[131.1553,31.59721],[131.15576,31.5975],[131.15592,31.59779],[131.15516,31.59752],[131.1553,31.59721]]]},"properties":{"hoanrinKind":"保安林"}},
{"type":"Feature","geometry":{"type":"Polygon","coordinates":[[[130.54954,31.6047],[130.55024,31.60367],[130.55125,31.60451],[130.55047,31.6064],[130.54959,31.60632],[130.54954,31.6047]]]},"properties":{"hoanrinKind":"保安林"}},
{"type":"Feature","geometry":{"type":"Polygon","coordinates":[[[130.88714,31.60149],[130.88795,31.60179],[130.88786,31.60192],[130.88731,31.60181],[130.88714,31.60149]]]},"properties":{"hoanrinKind":"保安林"}},
{"type":"Feature","geometry":{"type":"Polygon","coordinates":[[[131.14298,31.59495],[131.14395,31.59574],[131.14538,31.59561],[131.14624,31.59682],[131.14465,31.59666],[131.14305,31.59575],[131.14298,31.59495]]]},"properties":{"hoanrinKind":"保安林"}},
{"type":"Feature","geometry":{"type":"Polygon","coordinates":[[[130.82828,31.59481],[130.82956,31.59425],[130.83201,31.59443],[130.83601,31.59286],[130.83776,31.59181],[130.84089,31.59337],[130.84225,31.59478],[130.84441,31.59433],[130.84769,31.5961],[130.84694,31.59668],[130.84513,31.5959],[130.84415,31.59705],[130.84317,31.59669],[130.8418,31.59877],[130.84011,31.59919],[130.84015,31.60077],[130.83808,31.60087],[130.83493,31.59999],[130.83405,31.60005],[130.83227,31.59836],[130.83028,31.60004],[130.82907,31.60029],[130.82879,31.59894],[130.83045,31.59763],[130.83031,31.59659],[130.82935,31.59627],[130.82828,31.59481]]]},"properties":{"hoanrinKind":"保安林"}},
{"type":"Feature","geometry":{"type":"Polygon","coordinates":[[[130.84097,31.59956],[130.84162,31.5995],[130.84161,31.59992],[130.84097,31.59956]]]},"properties":{"hoanrinKind":"保安林"}},
{"type":"Feature","geometry":{"type":"Polygon","coordinates":[[[130.54976,31.60005],[130.55429,31.60158],[130.55309,31.60209],[130.54975,31.60067],[130.54976,31.60005]]]},"properties":{"hoanrinKind":"保安林"}},
{"type":"Feature","geometry":{"type":"Polygon","coordinates":[[[130.33421,31.60241],[130.33482,31.59718],[130.33474,31.59647],[130.33509,31.58963],[130.33491,31.58523],[130.3351,31.58191],[130.33555,31.58067],[130.33638,31.58034],[130.3368,31.5821],[130.3354,31.58697],[130.33695,31.58669],[130.33869,31.58696],[130.33914,31.58867],[130.33871,31.58939],[130.33712,31.58999],[130.33587,31.58978],[130.33536,31.59084],[130.3352,31.59488],[130.33535,31.59692],[130.33505,31.59821],[130.33505,31.60065],[130.33421,31.60241]]]},"properties":{"hoanrinKind":"保安林"}},
{"type":"Feature","geometry":{"type":"Polygon","coordinates":[[[130.8552,31.59443],[130.85604,31.59471],[130.85754,31.59622],[130.85694,31.59628],[130.8552,31.59443]]]},"properties":{"hoanrinKind":"保安林"}},
{"type":"Feature","geometry":{"type":"Polygon","coordinates":[[[130.54986,31.59902],[130.55052,31.59923],[130.5503,31.59972],[130.54982,31.59959],[130.54986,31.59902]]]},"properties":{"hoanrinKind":"保安林"}},
{"type":"Feature","geometry":{"type":"Polygon","coordinates":[[[130.90557,31.59285],[130.90622,31.59274],[130.90665,31.5935],[130.90624,31.59366],[130.90557,31.59285]]]},"properties":{"hoanrinKind":"保安林"}},
{"type":"Feature","geometry":{"type":"Polygon","coordinates":[[[130.54987,31.59649],[130.55099,31.59593],[130.55216,31.59669],[130.55326,31.59804],[130.55156,31.59872],[130.54995,31.59753],[130.54987,31.59649]]]},"properties":{"hoanrinKind":"保安林"}},
{"type":"Feature","geometry":{"type":"Polygon","coordinates":[[[130.36144,31.59007],[130.36277,31.58919],[130.36246,31.58787],[130.36397,31.58791],[130.36518,31.58913],[130.36568,31.59075],[130.36528,31.59159],[130.36657,31.59241],[130.36678,31.5959],[130.36813,31.59665],[130.36716,31.59808],[130.36525,31.59861],[130.36496,31.59698],[130.36429,31.59581],[130.36514,31.59438],[130.36408,31.59186],[130.36155,31.59088],[130.36144,31.59007]]]},"properties":{"hoanrinKind":"保安林"}},
{"type":"Feature","geometry":{"type":"Polygon","coordinates":[[[130.8508,31.59234],[130.85093,31.59166],[130.85152,31.59155],[130.85157,31.59244],[130.8508,31.59234]]]},"properties":{"hoanrinKind":"保安林"}},
{"type":"Feature","geometry":{"type":"Polygon","coordinates":[[[130.54486,31.59304],[130.54625,31.59302],[130.54564,31.59375],[130.54486,31.59304]]]},"properties":{"hoanrinKind":"保安林"}},
{"type":"Feature","geometry":{"type":"Polygon","coordinates":[[[131.13565,31.58553],[131.13755,31.58434],[131.13675,31.58579],[131.13565,31.58553]]]},"properties":{"hoanrinKind":"保安林"}},
{"type":"Feature","geometry":{"type":"Polygon","coordinates":[[[130.85496,31.58636],[130.8562,31.5844],[130.85727,31.58559],[130.85669,31.58754],[130.85527,31.58707],[130.85496,31.58636]]]},"properties":{"hoanrinKind":"保安林"}},
{"type":"Feature","geometry":{"type":"Polygon","coordinates":[[[130.84075,31.58522],[130.84191,31.58506],[130.84484,31.5857],[130.845,31.58627],[130.84342,31.58735],[130.84115,31.58698],[130.84148,31.58605],[130.84075,31.58522]]]},"properties":{"hoanrinKind":"保安林"}},
{"type":"Feature","geometry":{"type":"Polygon","coordinates":[[[130.85218,31.58602],[130.8533,31.58603],[130.8526,31.58684],[130.85218,31.58602]]]},"properties":{"hoanrinKind":"保安林"}},
{"type":"Feature","geometry":{"type":"Polygon","coordinates":[[[131.09882,31.57912],[131.1008,31.57913],[131.10228,31.58067],[131.10076,31.58162],[131.09961,31.58108],[131.09882,31.57912]]]},"properties":{"hoanrinKind":"保安林"}},
{"type":"Feature","geometry":{"type":"Polygon","coordinates":[[[130.42416,31.58856],[130.42452,31.58792],[130.42455,31.58719],[130.42516,31.58733],[130.42461,31.58874],[130.42416,31.58856]]]},"properties":{"hoanrinKind":"保安林"}},
{"type":"Feature","geometry":{"type":"Polygon","coordinates":[[[130.39874,31.58782],[130.4,31.58689],[130.40167,31.58757],[130.40042,31.58838],[130.39874,31.58782]]]},"properties":{"hoanrinKind":"保安林"}},
{"type":"Feature","geometry":{"type":"Polygon","coordinates":[[[130.86157,31.57973],[130.86193,31.57845],[130.86318,31.57894],[130.86446,31.57879],[130.86435,31.58106],[130.86211,31.5807],[130.86157,31.57973]]]},"properties":{"hoanrinKind":"保安林"}},
{"type":"Feature","geometry":{"type":"Polygon","coordinates":[[[130.36459,31.58168],[130.36527,31.58092],[130.36747,31.5816],[130.36837,31.58065],[130.37,31.58202],[130.36947,31.58477],[130.3687,31.58579],[130.36656,31.58621],[130.3673,31.5848],[130.36684,31.58399],[130.36753,31.58283],[130.36518,31.58256],[130.36459,31.58168]]]},"properties":{"hoanrinKind":"保安林"}},
{"type":"Feature","geometry":{"type":"Polygon","coordinates":[[[130.86691,31.57918],[130.86762,31.57992],[130.86697,31.58018],[130.86691,31.57918]]]},"properties":{"hoanrinKind":"保安林"}},
{"type":"Feature","geometry":{"type":"Polygon","coordinates":[[[130.87262,31.57727],[130.87377,31.57731],[130.8741,31.57871],[130.87289,31.57862],[130.87262,31.57727]]]},"properties":{"hoanrinKind":"保安林"}},
{"type":"Feature","geometry":{"type":"Polygon","coordinates":[[[131.13166,31.57303],[131.1324,31.57273],[131.13227,31.57335],[131.13166,31.57303]]]},"properties":{"hoanrinKind":"保安林"}},
{"type":"Feature","geometry":{"type":"Polygon","coordinates":[[[130.46001,31.58255],[130.46007,31.58143],[130.46101,31.58153],[130.46072,31.58269],[130.46001,31.58255]]]},"properties":{"hoanrinKind":"保安林"}},
{"type":"Feature","geometry":{"type":"Polygon","coordinates":[[[130.95946,31.5732],[130.96005,31.57303],[130.96078,31.57349],[130.95984,31.57405],[130.95946,31.5732]]]},"properties":{"hoanrinKind":"保安林"}},
{"type":"Feature","geometry":{"type":"Polygon","coordinates":[[[130.87849,31.57556],[130.87882,31.57521],[130.87932,31.57573],[130.87863,31.57607],[130.87849,31.57556]]]},"properties":{"hoanrinKind":"保安林"}},
{"type":"Feature","geometry":{"type":"Polygon","coordinates":[[[130.88847,31.57505],[130.88891,31.57463],[130.88929,31.57524],[130.88861,31.57534],[130.88847,31.57505]]]},"properties":{"hoanrinKind":"保安林"}},
{"type":"Feature","geometry":{"type":"Polygon","coordinates":[[[130.51728,31.57902],[130.51854,31.57911],[130.51826,31.57952],[130.51728,31.57902]]]},"properties":{"hoanrinKind":"保安林"}},
{"type":"Feature","geometry":{"type":"Polygon","coordinates":[[[130.36742,31.57609],[130.36996,31.57499],[130.36994,31.57357],[130.37192,31.57445],[130.37236,31.57558],[130.37259,31.57849],[130.37218,31.58009],[130.36745,31.57875],[130.36783,31.57662],[130.36742,31.57609]]]},"properties":{"hoanrinKind":"保安林"}},
{"type":"Feature","geometry":{"type":"Polygon","coordinates":[[[130.44542,31.57799],[130.44716,31.57827],[130.44622,31.57895],[130.44542,31.57799]]]},"properties":{"hoanrinKind":"保安林"}},
{"type":"Feature","geometry":{"type":"Polygon","coordinates":[[[130.83704,31.57208],[130.83844,31.57164],[130.83876,31.57257],[130.83711,31.57285],[130.83704,31.57208]]]},"properties":{"hoanrinKind":"保安林"}},
{"type":"Feature","geometry":{"type":"Polygon","coordinates":[[[130.89743,31.56972],[130.898,31.57013],[130.89811,31.57111],[130.8976,31.57136],[130.89743,31.56972]]]},"properties":{"hoanrinKind":"保安林"}},
{"type":"Feature","geometry":{"type":"Polygon","coordinates":[[[131.1321,31.56807],[131.13303,31.56665],[131.13327,31.56791],[131.1321,31.56807]]]},"properties":{"hoanrinKind":"保安林"}},
{"type":"Feature","geometry":{"type":"Polygon","coordinates":[[[130.84218,31.57138],[130.8435,31.57061],[130.8441,31.57079],[130.84307,31.57143],[130.84218,31.57138]]]},"properties":{"hoanrinKind":"保安林"}},
{"type":"Feature","geometry":{"type":"Polygon","coordinates":[[[131.12056,31.56472],[131.12163,31.56502],[131.1214,31.56589],[131.12056,31.56472]]]},"properties":{"hoanrinKind":"保安林"}},
{"type":"Feature","geometry":{"type":"Polygon","coordinates":[[[130.83655,31.56767],[130.83772,31.56677],[130.83887,31.56866],[130.83691,31.5691],[130.83655,31.56767]]]},"properties":{"hoanrinKind":"保安林"}},
{"type":"Feature","geometry":{"type":"Polygon","coordinates":[[[130.35456,31.57265],[130.35518,31.57181],[130.35588,31.57262],[130.35456,31.57265]]]},"properties":{"hoanrinKind":"保安林"}},
{"type":"Feature","geometry":{"type":"Polygon","coordinates":[[[130.95674,31.5636],[130.95836,31.56273],[130.95753,31.56148],[130.95836,31.55964],[130.9598,31.55967],[130.96046,31.56056],[130.95914,31.5619],[130.9583,31.5644],[130.95674,31.5636]]]},"properties":{"hoanrinKind":"保安林"}},
{"type":"Feature","geometry":{"type":"Polygon","coordinates":[[[131.01445,31.56131],[131.01552,31.56075],[131.01581,31.56157],[131.01472,31.56227],[131.01445,31.56131]]]},"properties":{"hoanrinKind":"保安林"}},
{"type":"Feature","geometry":{"type":"Polygon","coordinates":[[[130.81423,31.55962],[130.81617,31.55959],[130.81609,31.55761],[130.81789,31.55754],[130.81906,31.55851],[130.82006,31.5569],[130.81964,31.555],[130.82122,31.55385],[130.82322,31.55563],[130.82349,31.55838],[130.82396,31.55935],[130.82514,31.55917],[130.82619,31.5598],[130.82319,31.56114],[130.82038,31.56157],[130.8189,31.56223],[130.81854,31.56436],[130.81707,31.5639],[130.81795,31.56246],[130.818,31.56153],[130.81419,31.56],[130.81423,31.55962]]]},"properties":{"hoanrinKind":"保安林"}},
{"type":"Feature","geometry":{"type":"Polygon","coordinates":[[[131.13496,31.55809],[131.13591,31.55753],[131.13621,31.55869],[131.13506,31.55877],[131.13496,31.55809]]]},"properties":{"hoanrinKind":"保安林"}},
{"type":"Feature","geometry":{"type":"Polygon","coordinates":[[[130.38598,31.56848],[130.38729,31.56633],[130.38822,31.56586],[130.38889,31.56694],[130.38742,31.56773],[130.38749,31.56914],[130.38598,31.56848]]]},"properties":{"hoanrinKind":"保安林"}},
{"type":"Feature","geometry":{"type":"Polygon","coordinates":[[[130.39219,31.56775],[130.39307,31.56769],[130.3929,31.56793],[130.39239,31.56801],[130.39219,31.56775]]]},"properties":{"hoanrinKind":"保安林"}},
{"type":"Feature","geometry":{"type":"Polygon","coordinates":[[[130.38935,31.56732],[130.3902,31.56719],[130.39001,31.5679],[130.38935,31.56732]]]},"properties":{"hoanrinKind":"保安林"}},
{"type":"Feature","geometry":{"type":"Polygon","coordinates":[[[130.97178,31.55829],[130.97256,31.55768],[130.97413,31.55888],[130.97243,31.55939],[130.97178,31.55829]]]},"properties":{"hoanrinKind":"保安林"}},
{"type":"Feature","geometry":{"type":"Polygon","coordinates":[[[131.07412,31.55707],[131.07457,31.55655],[131.07402,31.55354],[131.07543,31.54969],[131.0747,31.54798],[131.0768,31.54844],[131.07903,31.54855],[131.08014,31.5495],[131.08185,31.54962],[131.08336,31.54911],[131.0856,31.54956],[131.08508,31.55203],[131.0835,31.55289],[131.08256,31.55458],[131.08103,31.55497],[131.08003,31.55583],[131.07529,31.55745],[131.07412,31.55707]]]},"properties":{"hoanrinKind":"保安林"}},
{"type":"Feature","geometry":{"type":"Polygon","coordinates":[[[130.96909,31.55733],[130.96929,31.55661],[130.971,31.55654],[130.97125,31.55793],[130.97007,31.55816],[130.96909,31.55733]]]},"properties":{"hoanrinKind":"保安林"}},
{"type":"Feature","geometry":{"type":"Polygon","coordinates":[[[130.82588,31.55759],[130.82758,31.55638],[130.82852,31.55631],[130.83035,31.55791],[130.83059,31.55915],[130.82961,31.55981],[130.82829,31.55968],[130.82588,31.55759]]]},"properties":{"hoanrinKind":"保安林"}},
{"type":"Feature","geometry":{"type":"Polygon","coordinates":[[[130.84186,31.5574],[130.846,31.5559],[130.84622,31.5574],[130.84482,31.55871],[130.8436,31.55917],[130.84186,31.5574]]]},"properties":{"hoanrinKind":"保安林"}},
{"type":"Feature","geometry":{"type":"Polygon","coordinates":[[[130.35634,31.56464],[130.35669,31.56432],[130.35735,31.56454],[130.35687,31.565],[130.35634,31.56464]]]},"properties":{"hoanrinKind":"保安林"}},
{"type":"Feature","geometry":{"type":"Polygon","coordinates":[[[131.10307,31.5538],[131.10433,31.55411],[131.10377,31.55456],[131.10307,31.5538]]]},"properties":{"hoanrinKind":"保安林"}},
{"type":"Feature","geometry":{"type":"Polygon","coordinates":[[[130.35565,31.56422],[130.35623,31.56406],[130.35622,31.56449],[130.35565,31.56422]]]},"properties":{"hoanrinKind":"保安林"}},
{"type":"Feature","geometry":{"type":"Polygon","coordinates":[[[130.76333,31.55899],[130.76407,31.55818],[130.76581,31.55785],[130.7675,31.55683],[130.76761,31.55812],[130.76567,31.55832],[130.76475,31.5592],[130.76333,31.55899]]]},"properties":{"hoanrinKind":"保安林"}},
{"type":"Feature","geometry":{"type":"Polygon","coordinates":[[[130.84682,31.55485],[130.84669,31.5534],[130.84823,31.55168],[130.85078,31.55126],[130.85106,31.55033],[130.85249,31.54875],[130.85407,31.54862],[130.85435,31.54979],[130.85382,31.55099],[130.85261,31.55224],[130.85367,31.55348],[130.85405,31.55467],[130.85202,31.5554],[130.85192,31.5569],[130.85035,31.55799],[130.84746,31.55766],[130.84674,31.55722],[130.84682,31.55485]]]},"properties":{"hoanrinKind":"保安林"}},
{"type":"Feature","geometry":{"type":"Polygon","coordinates":[[[131.10336,31.55294],[131.10437,31.55236],[131.1045,31.55303],[131.10336,31.55294]]]},"properties":{"hoanrinKind":"保安林"}},
{"type":"Feature","geometry":{"type":"Polygon","coordinates":[[[130.81192,31.55593],[130.81405,31.55194],[130.81506,31.5533],[130.8154,31.55458],[130.81658,31.55456],[130.81588,31.55655],[130.81504,31.55736],[130.81417,31.55655],[130.81192,31.55593]]]},"properties":{"hoanrinKind":"保安林"}},
{"type":"Feature","geometry":{"type":"Polygon","coordinates":[[[130.83531,31.55517],[130.83676,31.55401],[130.83829,31.55438],[130.83882,31.55521],[130.83635,31.55676],[130.83531,31.55517]]]},"properties":{"hoanrinKind":"保安林"}},
{"type":"Feature","geometry":{"type":"Polygon","coordinates":[[[130.71625,31.55628],[130.71904,31.55481],[130.72027,31.55533],[130.71936,31.55724],[130.71634,31.55677],[130.71625,31.55628]]]},"properties":{"hoanrinKind":"保安林"}},
{"type":"Feature","geometry":{"type":"Polygon","coordinates":[[[130.88247,31.55138],[130.88306,31.55044],[130.88482,31.55077],[130.88535,31.55179],[130.88653,31.55259],[130.8856,31.55447],[130.88379,31.55174],[130.88247,31.55138]]]},"properties":{"hoanrinKind":"保安林"}},
{"type":"Feature","geometry":{"type":"Polygon","coordinates":[[[131.13963,31.54858],[131.14024,31.54869],[131.14029,31.54929],[131.13977,31.54918],[131.13963,31.54858]]]},"properties":{"hoanrinKind":"保安林"}},
{"type":"Feature","geometry":{"type":"Polygon","coordinates":[[[131.08508,31.5427],[131.08701,31.54425],[131.08839,31.54585],[131.08868,31.54737],[131.09013,31.54654],[131.09208,31.54775],[131.09324,31.54771],[131.09278,31.54967],[131.09141,31.54895],[131.08978,31.54986],[131.08838,31.54988],[131.08701,31.54897],[131.08705,31.5463],[131.08508,31.5427]]]},"properties":{"hoanrinKind":"保安林"}},
{"type":"Feature","geometry":{"type":"Polygon","coordinates":[[[130.39724,31.55483],[130.39875,31.55411],[130.40191,31.5542],[130.40327,31.55292],[130.40557,31.55384],[130.40706,31.55376],[130.4079,31.55308],[130.41154,31.553],[130.41443,31.55488],[130.41528,31.55623],[130.41421,31.55711],[130.41374,31.55516],[130.4119,31.55369],[130.40927,31.55385],[130.41044,31.55509],[130.4109,31.55666],[130.40912,31.55737],[130.40767,31.55663],[130.40606,31.55719],[130.40441,31.55566],[130.40247,31.55747],[130.4012,31.55674],[130.40274,31.55521],[130.40058,31.55517],[130.39946,31.55458],[130.39724,31.55483]]]},"properties":{"hoanrinKind":"保安林"}},
{"type":"Feature","geometry":{"type":"Polygon","coordinates":[[[130.95941,31.54992],[130.96001,31.54953],[130.96002,31.55015],[130.95941,31.54992]]]},"properties":{"hoanrinKind":"保安林"}},
{"type":"Feature","geometry":{"type":"Polygon","coordinates":[[[131.07434,31.54473],[131.07794,31.54496],[131.07789,31.54623],[131.07626,31.54631],[131.07434,31.54473]]]},"properties":{"hoanrinKind":"保安林"}},
{"type":"Feature","geometry":{"type":"Polygon","coordinates":[[[131.09718,31.54506],[131.09815,31.54493],[131.09814,31.54517],[131.0973,31.5454],[131.09718,31.54506]]]},"properties":{"hoanrinKind":"保安林"}},
{"type":"Feature","geometry":{"type":"Polygon","coordinates":[[[131.10105,31.5443],[131.10133,31.54403],[131.10174,31.54491],[131.10137,31.54498],[131.10105,31.5443]]]},"properties":{"hoanrinKind":"保安林"}},
{"type":"Feature","geometry":{"type":"Polygon","coordinates":[[[131.05067,31.54439],[131.05103,31.54331],[131.05221,31.5438],[131.05067,31.54439]]]},"properties":{"hoanrinKind":"保安林"}},
{"type":"Feature","geometry":{"type":"Polygon","coordinates":[[[130.8491,31.54551],[130.85147,31.5445],[130.84969,31.54673],[130.8491,31.54551]]]},"properties":{"hoanrinKind":"保安林"}},
{"type":"Feature","geometry":{"type":"Polygon","coordinates":[[[131.06201,31.54177],[131.06403,31.5412],[131.06483,31.54147],[131.06329,31.54321],[131.06201,31.54177]]]},"properties":{"hoanrinKind":"保安林"}},
{"type":"Feature","geometry":{"type":"Polygon","coordinates":[[[130.85642,31.54425],[130.85729,31.54401],[130.85997,31.54089],[130.85975,31.54241],[130.85867,31.54296],[130.85802,31.54485],[130.85642,31.54425]]]},"properties":{"hoanrinKind":"保安林"}},
{"type":"Feature","geometry":{"type":"Polygon","coordinates":[[[131.0729,31.54011],[131.07354,31.53978],[131.07405,31.53996],[131.07358,31.5406],[131.0729,31.54011]]]},"properties":{"hoanrinKind":"保安林"}},
{"type":"Feature","geometry":{"type":"Polygon","coordinates":[[[130.89872,31.54231],[130.90009,31.54185],[130.90027,31.54217],[130.89909,31.54267],[130.89872,31.54231]]]},"properties":{"hoanrinKind":"保安林"}},
{"type":"Feature","geometry":{"type":"Polygon","coordinates":[[[131.08231,31.53919],[131.08263,31.5387],[131.08295,31.53889],[131.08286,31.53934],[131.08231,31.53919]]]},"properties":{"hoanrinKind":"保安林"}},
{"type":"Feature","geometry":{"type":"Polygon","coordinates":[[[131.06168,31.53906],[131.06248,31.53844],[131.06355,31.5388],[131.06251,31.5394],[131.06168,31.53906]]]},"properties":{"hoanrinKind":"保安林"}},
{"type":"Feature","geometry":{"type":"Polygon","coordinates":[[[131.05643,31.53849],[131.0578,31.53692],[131.05862,31.53767],[131.05643,31.53849]]]},"properties":{"hoanrinKind":"保安林"}},
{"type":"Feature","geometry":{"type":"Polygon","coordinates":[[[130.85475,31.53986],[130.85574,31.53937],[130.85682,31.53983],[130.85599,31.54135],[130.85475,31.53986]]]},"properties":{"hoanrinKind":"保安林"}},
{"type":"Feature","geometry":{"type":"Polygon","coordinates":[[[130.41624,31.54145],[130.41753,31.54167],[130.41812,31.54337],[130.41946,31.54353],[130.41997,31.54475],[130.41944,31.54611],[130.41795,31.54595],[130.4162,31.5446],[130.4165,31.5429],[130.41624,31.54145]]]},"properties":{"hoanrinKind":"保安林"}},
{"type":"Feature","geometry":{"type":"Polygon","coordinates":[[[131.12213,31.53585],[131.12255,31.53572],[131.12269,31.53603],[131.12225,31.53621],[131.12213,31.53585]]]},"properties":{"hoanrinKind":"保安林"}},
{"type":"Feature","geometry":{"type":"Polygon","coordinates":[[[130.88521,31.53719],[130.88666,31.53833],[130.88609,31.53844],[130.88521,31.53719]]]},"properties":{"hoanrinKind":"保安林"}},
{"type":"Feature","geometry":{"type":"Polygon","coordinates":[[[130.41134,31.54063],[130.41249,31.5399],[130.41409,31.5378],[130.41658,31.53554],[130.41856,31.53713],[130.41837,31.53829],[130.41708,31.53968],[130.41605,31.53984],[130.41586,31.54085],[130.41321,31.54174],[130.41223,31.54159],[130.41134,31.54063]]]},"properties":{"hoanrinKind":"保安林"}},
{"type":"Feature","geometry":{"type":"Polygon","coordinates":[[[130.86114,31.53478],[130.86119,31.53435],[130.86172,31.53495],[130.86128,31.53515],[130.86114,31.53478]]]},"properties":{"hoanrinKind":"保安林"}},
{"type":"Feature","geometry":{"type":"Polygon","coordinates":[[[131.10078,31.53008],[131.10152,31.52996],[131.10181,31.53037],[131.10154,31.53089],[131.10078,31.53008]]]},"properties":{"hoanrinKind":"保安林"}},
{"type":"Feature","geometry":{"type":"Polygon","coordinates":[[[131.08328,31.52997],[131.08423,31.52991],[131.08444,31.53053],[131.08362,31.53081],[131.08328,31.52997]]]},"properties":{"hoanrinKind":"保安林"}},
{"type":"Feature","geometry":{"type":"Polygon","coordinates":[[[131.12853,31.52844],[131.129,31.5285],[131.12932,31.52892],[131.12901,31.5292],[131.12853,31.52844]]]},"properties":{"hoanrinKind":"保安林"}},
{"type":"Feature","geometry":{"type":"Polygon","coordinates":[[[130.37985,31.53582],[130.38058,31.53448],[130.3805,31.53308],[130.38302,31.5322],[130.38434,31.53373],[130.38602,31.5347],[130.38513,31.53587],[130.3833,31.53716],[130.38253,31.53717],[130.38136,31.53856],[130.37985,31.53582]]]},"properties":{"hoanrinKind":"保安林"}},
{"type":"Feature","geometry":{"type":"Polygon","coordinates":[[[130.39798,31.53421],[130.40012,31.53451],[130.402,31.53427],[130.40288,31.535],[130.40228,31.53584],[130.40351,31.53634],[130.40334,31.53749],[130.40143,31.53828],[130.39875,31.53701],[130.39798,31.53421]]]},"properties":{"hoanrinKind":"保安林"}},
{"type":"Feature","geometry":{"type":"Polygon","coordinates":[[[130.8652,31.53045],[130.86775,31.53029],[130.86782,31.53113],[130.86655,31.5313],[130.8652,31.53045]]]},"properties":{"hoanrinKind":"保安林"}},
{"type":"Feature","geometry":{"type":"Polygon","coordinates":[[[131.10043,31.52692],[131.1008,31.5264],[131.10127,31.5268],[131.10077,31.52717],[131.10043,31.52692]]]},"properties":{"hoanrinKind":"保安林"}},
{"type":"Feature","geometry":{"type":"Polygon","coordinates":[[[130.40878,31.53519],[130.41233,31.53334],[130.41349,31.53404],[130.41237,31.53497],[130.41234,31.53629],[130.40909,31.53598],[130.40878,31.53519]]]},"properties":{"hoanrinKind":"保安林"}},
{"type":"Feature","geometry":{"type":"Polygon","coordinates":[[[130.46253,31.53449],[130.46317,31.53471],[130.46289,31.53491],[130.46253,31.53449]]]},"properties":{"hoanrinKind":"保安林"}},
{"type":"Feature","geometry":{"type":"Polygon","coordinates":[[[131.10244,31.52592],[131.10249,31.52492],[131.1042,31.52443],[131.10472,31.52522],[131.10244,31.52592]]]},"properties":{"hoanrinKind":"保安林"}},
{"type":"Feature","geometry":{"type":"Polygon","coordinates":[[[130.69408,31.52932],[130.69531,31.52859],[130.69662,31.52992],[130.69665,31.53125],[130.69599,31.53186],[130.69461,31.53114],[130.69408,31.52932]]]},"properties":{"hoanrinKind":"保安林"}},
{"type":"Feature","geometry":{"type":"Polygon","coordinates":[[[131.0846,31.52555],[131.08498,31.52521],[131.08536,31.52554],[131.08478,31.52602],[131.0846,31.52555]]]},"properties":{"hoanrinKind":"保安林"}},
{"type":"Feature","geometry":{"type":"Polygon","coordinates":[[[131.11948,31.52481],[131.11963,31.52434],[131.12037,31.52428],[131.12004,31.52512],[131.11948,31.52481]]]},"properties":{"hoanrinKind":"保安林"}},
{"type":"Feature","geometry":{"type":"Polygon","coordinates":[[[130.87236,31.52788],[130.87467,31.52735],[130.87504,31.5284],[130.8731,31.52873],[130.87236,31.52788]]]},"properties":{"hoanrinKind":"保安林"}},
{"type":"Feature","geometry":{"type":"Polygon","coordinates":[[[131.08227,31.52483],[131.08293,31.52413],[131.08378,31.52443],[131.08366,31.52507],[131.08227,31.52483]]]},"properties":{"hoanrinKind":"保安林"}},
{"type":"Feature","geometry":{"type":"Polygon","coordinates":[[[130.42064,31.53269],[130.42152,31.53202],[130.42133,31.53097],[130.42386,31.52956],[130.42528,31.53125],[130.42472,31.53243],[130.42476,31.53394],[130.42329,31.53359],[130.42353,31.53191],[130.42178,31.53277],[130.42064,31.53269]]]},"properties":{"hoanrinKind":"保安林"}},
{"type":"Feature","geometry":{"type":"Polygon","coordinates":[[[131.06995,31.52303],[131.07105,31.5229],[131.07075,31.52352],[131.06995,31.52303]]]},"properties":{"hoanrinKind":"保安林"}},
{"type":"Feature","geometry":{"type":"Polygon","coordinates":[[[130.89503,31.5246],[130.89735,31.52429],[130.89749,31.52549],[130.89606,31.5262],[130.89503,31.5246]]]},"properties":{"hoanrinKind":"保安林"}},
{"type":"Feature","geometry":{"type":"Polygon","coordinates":[[[130.88068,31.52513],[130.88156,31.52486],[130.88255,31.52584],[130.88102,31.52606],[130.88068,31.52513]]]},"properties":{"hoanrinKind":"保安林"}},
{"type":"Feature","geometry":{"type":"Polygon","coordinates":[[[130.38785,31.53072],[130.38847,31.52964],[130.39074,31.52979],[130.39193,31.52826],[130.39343,31.52886],[130.39148,31.53032],[130.38837,31.53118],[130.38785,31.53072]]]},"properties":{"hoanrinKind":"保安林"}},
{"type":"Feature","geometry":{"type":"Polygon","coordinates":[[[130.49252,31.52805],[130.49421,31.5285],[130.49372,31.52939],[130.49252,31.52805]]]},"properties":{"hoanrinKind":"保安林"}},
{"type":"Feature","geometry":{"type":"Polygon","coordinates":[[[130.88124,31.52311],[130.88309,31.52363],[130.88321,31.52417],[130.8819,31.52379],[130.88124,31.52311]]]},"properties":{"hoanrinKind":"保安林"}},
{"type":"Feature","geometry":{"type":"Polygon","coordinates":[[[130.86143,31.52108],[130.86323,31.51999],[130.86418,31.52061],[130.86416,31.52202],[130.86143,31.52108]]]},"properties":{"hoanrinKind":"保安林"}},
{"type":"Feature","geometry":{"type":"Polygon","coordinates":[[[130.37911,31.52864],[130.37947,31.52782],[130.38009,31.52787],[130.37976,31.52919],[130.37911,31.52864]]]},"properties":{"hoanrinKind":"保安林"}},
{"type":"Feature","geometry":{"type":"Polygon","coordinates":[[[130.38933,31.52752],[130.39082,31.52807],[130.38986,31.5288],[130.38933,31.52752]]]},"properties":{"hoanrinKind":"保安林"}},
{"type":"Feature","geometry":{"type":"Polygon","coordinates":[[[131.06863,31.51886],[131.06921,31.51836],[131.07073,31.51858],[131.07072,31.51953],[131.06863,31.51886]]]},"properties":{"hoanrinKind":"保安林"}},
{"type":"Feature","geometry":{"type":"Polygon","coordinates":[[[131.07038,31.51585],[131.07131,31.51523],[131.07216,31.5157],[131.07126,31.51626],[131.07038,31.51585]]]},"properties":{"hoanrinKind":"保安林"}},
{"type":"Feature","geometry":{"type":"Polygon","coordinates":[[[130.40015,31.52361],[130.40068,31.52279],[130.40189,31.52312],[130.40343,31.52414],[130.4044,31.52565],[130.4016,31.52582],[130.39957,31.52407],[130.40015,31.52361]]]},"properties":{"hoanrinKind":"保安林"}},
{"type":"Feature","geometry":{"type":"Polygon","coordinates":[[[130.72204,31.51844],[130.72287,31.5183],[130.72531,31.51696],[130.72687,31.51529],[130.72906,31.5161],[130.72908,31.51826],[130.72794,31.51887],[130.72775,31.52067],[130.72647,31.52116],[130.72526,31.52098],[130.72337,31.5184],[130.72204,31.51844]]]},"properties":{"hoanrinKind":"保安林"}},
{"type":"Feature","geometry":{"type":"Polygon","coordinates":[[[130.37574,31.52407],[130.37653,31.52368],[130.37708,31.52411],[130.37626,31.52462],[130.37574,31.52407]]]},"properties":{"hoanrinKind":"保安林"}},
{"type":"Feature","geometry":{"type":"Polygon","coordinates":[[[130.49873,31.52097],[130.50035,31.52079],[130.50003,31.52162],[130.49873,31.52097]]]},"properties":{"hoanrinKind":"保安林"}},
{"type":"Feature","geometry":{"type":"Polygon","coordinates":[[[131.0194,31.51292],[131.02067,31.51187],[131.02245,31.51292],[131.02053,31.51426],[131.0194,31.51292]]]},"properties":{"hoanrinKind":"保安林"}},
{"type":"Feature","geometry":{"type":"Polygon","coordinates":[[[130.39708,31.51664],[130.39787,31.51525],[130.40035,31.5158],[130.40253,31.51528],[130.40558,31.51586],[130.4063,31.5168],[130.40796,31.51738],[130.40974,31.51669],[130.41095,31.51702],[130.41037,31.5195],[130.4094,31.51979],[130.40774,31.51902],[130.40617,31.51973],[130.40409,31.51921],[130.40406,31.51816],[130.39952,31.51906],[130.39769,31.51897],[130.39708,31.51664]]]},"properties":{"hoanrinKind":"保安林"}},
{"type":"Feature","geometry":{"type":"Polygon","coordinates":[[[130.88215,31.5128],[130.88305,31.5136],[130.88211,31.51356],[130.88215,31.5128]]]},"properties":{"hoanrinKind":"保安林"}},
{"type":"Feature","geometry":{"type":"Polygon","coordinates":[[[130.34287,31.52019],[130.34735,31.51925],[130.34868,31.51866],[130.34923,31.51914],[130.34447,31.52029],[130.34287,31.52019]]]},"properties":{"hoanrinKind":"保安林"}},
{"type":"Feature","geometry":{"type":"Polygon","coordinates":[[[130.38487,31.51517],[130.38822,31.51502],[130.38937,31.51461],[130.39061,31.51544],[130.3923,31.51561],[130.39304,31.51622],[130.39403,31.51932],[130.39275,31.51978],[130.39052,31.51844],[130.39038,31.51767],[130.38791,31.51655],[130.38717,31.51574],[130.38487,31.51517]]]},"properties":{"hoanrinKind":"保安林"}},
{"type":"Feature","geometry":{"type":"Polygon","coordinates":[[[130.48983,31.51845],[130.49002,31.51744],[130.49117,31.51747],[130.49127,31.5186],[130.48983,31.51845]]]},"properties":{"hoanrinKind":"保安林"}},
{"type":"Feature","geometry":{"type":"Polygon","coordinates":[[[131.02892,31.51041],[131.03052,31.50982],[131.03022,31.511],[131.02892,31.51041]]]},"properties":{"hoanrinKind":"保安林"}},
{"type":"Feature","geometry":{"type":"Polygon","coordinates":[[[130.39491,31.51925],[130.39506,31.51873],[130.39596,31.51835],[130.39614,31.51869],[130.39561,31.51879],[130.39491,31.51925]]]},"properties":{"hoanrinKind":"保安林"}},
{"type":"Feature","geometry":{"type":"Polygon","coordinates":[[[131.03068,31.50836],[131.03238,31.5085],[131.03268,31.50951],[131.03201,31.51069],[131.03068,31.50836]]]},"properties":{"hoanrinKind":"保安林"}},
{"type":"Feature","geometry":{"type":"Polygon","coordinates":[[[131.06274,31.50905],[131.06366,31.50942],[131.06303,31.50988],[131.06274,31.50905]]]},"properties":{"hoanrinKind":"保安林"}},
{"type":"Feature","geometry":{"type":"Polygon","coordinates":[[[131.05153,31.50661],[131.05287,31.50663],[131.0532,31.50781],[131.05283,31.50954],[131.05181,31.50952],[131.0519,31.50774],[131.05153,31.50661]]]},"properties":{"hoanrinKind":"保安林"}},
{"type":"Feature","geometry":{"type":"Polygon","coordinates":[[[130.39435,31.51824],[130.39545,31.51692],[130.39571,31.51562],[130.39687,31.51589],[130.39435,31.51824]]]},"properties":{"hoanrinKind":"保安林"}},
{"type":"Feature","geometry":{"type":"Polygon","coordinates":[[[130.36449,31.51582],[130.36672,31.51607],[130.36589,31.51695],[130.36449,31.51582]]]},"properties":{"hoanrinKind":"保安林"}},
{"type":"Feature","geometry":{"type":"Polygon","coordinates":[[[130.98309,31.50721],[130.98508,31.5073],[130.984,31.50859],[130.98309,31.50721]]]},"properties":{"hoanrinKind":"保安林"}},
{"type":"Feature","geometry":{"type":"Polygon","coordinates":[[[130.77964,31.51057],[130.78133,31.51012],[130.781,31.51134],[130.77964,31.51057]]]},"properties":{"hoanrinKind":"保安林"}},
{"type":"Feature","geometry":{"type":"Polygon","coordinates":[[[131.08322,31.50559],[131.0848,31.50542],[131.08525,31.5067],[131.08392,31.50651],[131.08322,31.50559]]]},"properties":{"hoanrinKind":"保安林"}},
{"type":"Feature","geometry":{"type":"Polygon","coordinates":[[[130.3796,31.51029],[130.38235,31.51088],[130.38581,31.51135],[130.38618,31.5108],[130.3887,31.51129],[130.38879,31.51266],[130.39072,31.51362],[130.38941,31.51424],[130.38825,31.51316],[130.38633,31.51269],[130.38399,31.51378],[130.38216,31.51266],[130.38086,31.51271],[130.3796,31.51029]]]},"properties":{"hoanrinKind":"保安林"}},
{"type":"Feature","geometry":{"type":"Polygon","coordinates":[[[130.41237,31.51354],[130.41318,31.51261],[130.41369,31.5128],[130.41286,31.51388],[130.41237,31.51354]]]},"properties":{"hoanrinKind":"保安林"}},
{"type":"Feature","geometry":{"type":"Polygon","coordinates":[[[130.87305,31.50522],[130.87398,31.50546],[130.87563,31.505],[130.87659,31.5052],[130.87577,31.50671],[130.87438,31.50768],[130.87305,31.50522]]]},"properties":{"hoanrinKind":"保安林"}},
{"type":"Feature","geometry":{"type":"Polygon","coordinates":[[[130.73188,31.50777],[130.73291,31.50701],[130.73365,31.50837],[130.73188,31.50777]]]},"properties":{"hoanrinKind":"保安林"}},
{"type":"Feature","geometry":{"type":"Polygon","coordinates":[[[130.7169,31.50314],[130.72294,31.50389],[130.72251,31.50513],[130.72137,31.50426],[130.72034,31.50505],[130.71876,31.50377],[130.7169,31.50314]]]},"properties":{"hoanrinKind":"保安林"}},
{"type":"Feature","geometry":{"type":"Polygon","coordinates":[[[131.14234,31.49707],[131.14485,31.49608],[131.14725,31.49618],[131.14899,31.49552],[131.14953,31.49629],[131.15165,31.49611],[131.15154,31.49785],[131.15222,31.49944],[131.14971,31.49955],[131.14883,31.4989],[131.14939,31.49735],[131.14779,31.49642],[131.14621,31.49675],[131.14472,31.49759],[131.14567,31.49839],[131.14511,31.49983],[131.14342,31.50005],[131.14234,31.49707]]]},"properties":{"hoanrinKind":"保安林"}},
{"type":"Feature","geometry":{"type":"Polygon","coordinates":[[[130.33878,31.50987],[130.33956,31.50934],[130.3401,31.50982],[130.33981,31.51043],[130.33878,31.50987]]]},"properties":{"hoanrinKind":"保安林"}},
{"type":"Feature","geometry":{"type":"Polygon","coordinates":[[[130.40839,31.50917],[130.40846,31.50883],[130.40956,31.50822],[130.40977,31.50844],[130.40839,31.50917]]]},"properties":{"hoanrinKind":"保安林"}},
{"type":"Feature","geometry":{"type":"Polygon","coordinates":[[[130.3359,31.50816],[130.3368,31.50814],[130.33711,31.50849],[130.33618,31.50878],[130.3359,31.50816]]]},"properties":{"hoanrinKind":"保安林"}},
{"type":"Feature","geometry":{"type":"Polygon","coordinates":[[[131.0718,31.49883],[131.07203,31.4986],[131.07307,31.49874],[131.07239,31.49917],[131.0718,31.49883]]]},"properties":{"hoanrinKind":"保安林"}},
{"type":"Feature","geometry":{"type":"Polygon","coordinates":[[[130.46169,31.50258],[130.46272,31.50204],[130.4642,31.50211],[130.466,31.50317],[130.46599,31.50456],[130.46493,31.50652],[130.46403,31.50692],[130.46239,31.5063],[130.46338,31.50391],[130.46334,31.50254],[130.46169,31.50258]]]},"properties":{"hoanrinKind":"保安林"}},
{"type":"Feature","geometry":{"type":"Polygon","coordinates":[[[130.71139,31.50192],[130.71273,31.50179],[130.7142,31.50338],[130.71355,31.50355],[130.71245,31.5023],[130.71139,31.50192]]]},"properties":{"hoanrinKind":"保安林"}},
{"type":"Feature","geometry":{"type":"Polygon","coordinates":[[[130.38363,31.50592],[130.38494,31.50472],[130.38582,31.50583],[130.38526,31.5071],[130.38363,31.50592]]]},"properties":{"hoanrinKind":"保安林"}},
{"type":"Feature","geometry":{"type":"Polygon","coordinates":[[[130.32917,31.50656],[130.3304,31.50649],[130.32964,31.50749],[130.32917,31.50656]]]},"properties":{"hoanrinKind":"保安林"}},
{"type":"Feature","geometry":{"type":"Polygon","coordinates":[[[130.86984,31.50037],[130.87026,31.49992],[130.87139,31.50002],[130.87135,31.50058],[130.86984,31.50037]]]},"properties":{"hoanrinKind":"保安林"}},
{"type":"Feature","geometry":{"type":"Polygon","coordinates":[[[130.33333,31.50661],[130.33399,31.50606],[130.33414,31.50691],[130.33333,31.50661]]]},"properties":{"hoanrinKind":"保安林"}},
{"type":"Feature","geometry":{"type":"Polygon","coordinates":[[[130.33525,31.50623],[130.33591,31.50621],[130.33629,31.50672],[130.33622,31.50705],[130.33563,31.50723],[130.33566,31.50671],[130.33525,31.50623]]]},"properties":{"hoanrinKind":"保安林"}},
{"type":"Feature","geometry":{"type":"Polygon","coordinates":[[[130.32188,31.50545],[130.32392,31.50633],[130.32331,31.50699],[130.32213,31.50631],[130.32188,31.50545]]]},"properties":{"hoanrinKind":"保安林"}},
{"type":"Feature","geometry":{"type":"Polygon","coordinates":[[[130.32536,31.50555],[130.32674,31.50498],[130.32739,31.50578],[130.32586,31.50609],[130.32536,31.50555]]]},"properties":{"hoanrinKind":"保安林"}},
{"type":"Feature","geometry":{"type":"Polygon","coordinates":[[[130.33434,31.50591],[130.33526,31.50538],[130.3357,31.50558],[130.3346,31.50622],[130.33434,31.50591]]]},"properties":{"hoanrinKind":"保安林"}},
{"type":"Feature","geometry":{"type":"Polygon","coordinates":[[[130.32837,31.50513],[130.33021,31.50453],[130.33053,31.50596],[130.32894,31.50614],[130.32837,31.50513]]]},"properties":{"hoanrinKind":"保安林"}},
{"type":"Feature","geometry":{"type":"Polygon","coordinates":[[[131.11591,31.49442],[131.11685,31.49448],[131.11681,31.4954],[131.11605,31.49534],[131.11591,31.49442]]]},"properties":{"hoanrinKind":"保安林"}},
{"type":"Feature","geometry":{"type":"Polygon","coordinates":[[[130.40164,31.50312],[130.40281,31.50424],[130.40171,31.50458],[130.40164,31.50312]]]},"properties":{"hoanrinKind":"保安林"}},
{"type":"Feature","geometry":{"type":"Polygon","coordinates":[[[130.32272,31.50357],[130.32391,31.50295],[130.32583,31.50409],[130.32581,31.50513],[130.32449,31.50546],[130.32307,31.5046],[130.32272,31.50357]]]},"properties":{"hoanrinKind":"保安林"}},
{"type":"Feature","geometry":{"type":"Polygon","coordinates":[[[130.3987,31.50227],[130.40093,31.50214],[130.4014,31.50248],[130.40042,31.50461],[130.39903,31.50431],[130.39942,31.50312],[130.3987,31.50227]]]},"properties":{"hoanrinKind":"保安林"}},
{"type":"Feature","geometry":{"type":"Polygon","coordinates":[[[130.96717,31.49548],[130.96802,31.49484],[130.9691,31.49523],[130.96846,31.4967],[130.96741,31.49643],[130.96717,31.49548]]]},"properties":{"hoanrinKind":"保安林"}},
{"type":"Feature","geometry":{"type":"Polygon","coordinates":[[[130.39661,31.50376],[130.39689,31.5039],[130.39734,31.50387],[130.39701,31.50428],[130.39649,31.50392],[130.39661,31.50376]]]},"properties":{"hoanrinKind":"保安林"}},
{"type":"Feature","geometry":{"type":"Polygon","coordinates":[[[130.33046,31.50346],[130.33201,31.50266],[130.33327,31.50287],[130.33338,31.50425],[130.33046,31.50346]]]},"properties":{"hoanrinKind":"保安林"}},
{"type":"Feature","geometry":{"type":"Polygon","coordinates":[[[130.33417,31.50443],[130.3345,31.50377],[130.33511,31.50367],[130.33486,31.50453],[130.33417,31.50443]]]},"properties":{"hoanrinKind":"保安林"}},
{"type":"Feature","geometry":{"type":"Polygon","coordinates":[[[130.74001,31.49795],[130.741,31.49739],[130.74188,31.49788],[130.74166,31.49889],[130.74027,31.49882],[130.74001,31.49795]]]},"properties":{"hoanrinKind":"保安林"}},
{"type":"Feature","geometry":{"type":"Polygon","coordinates":[[[130.43845,31.50084],[130.44045,31.50151],[130.44194,31.50158],[130.44102,31.50272],[130.43845,31.50084]]]},"properties":{"hoanrinKind":"保安林"}},
{"type":"Feature","geometry":{"type":"Polygon","coordinates":[[[130.88838,31.49649],[130.88883,31.49582],[130.88945,31.49612],[130.88903,31.49679],[130.88838,31.49649]]]},"properties":{"hoanrinKind":"保安林"}},
{"type":"Feature","geometry":{"type":"Polygon","coordinates":[[[130.72546,31.49821],[130.72665,31.49654],[130.72755,31.49725],[130.72608,31.49876],[130.72546,31.49821]]]},"properties":{"hoanrinKind":"保安林"}},
{"type":"Feature","geometry":{"type":"Polygon","coordinates":[[[130.96561,31.49431],[130.96761,31.4933],[130.96791,31.49453],[130.96561,31.49431]]]},"properties":{"hoanrinKind":"保安林"}},
{"type":"Feature","geometry":{"type":"Polygon","coordinates":[[[131.10961,31.49044],[131.11033,31.49127],[131.10967,31.49133],[131.10961,31.49044]]]},"properties":{"hoanrinKind":"保安林"}},
{"type":"Feature","geometry":{"type":"Polygon","coordinates":[[[131.15727,31.48923],[131.15769,31.48846],[131.15881,31.4889],[131.15777,31.49009],[131.15727,31.48923]]]},"properties":{"hoanrinKind":"保安林"}},
{"type":"Feature","geometry":{"type":"Polygon","coordinates":[[[130.36598,31.50033],[130.36664,31.49921],[130.36773,31.49955],[130.36598,31.50033]]]},"properties":{"hoanrinKind":"保安林"}},
{"type":"Feature","geometry":{"type":"Polygon","coordinates":[[[131.16062,31.48894],[131.16163,31.48895],[131.16188,31.48939],[131.16113,31.48923],[131.16062,31.48894]]]},"properties":{"hoanrinKind":"保安林"}},
{"type":"Feature","geometry":{"type":"Polygon","coordinates":[[[130.46013,31.49719],[130.46128,31.49712],[130.4623,31.49788],[130.46039,31.49839],[130.46013,31.49719]]]},"properties":{"hoanrinKind":"保安林"}},
{"type":"Feature","geometry":{"type":"Polygon","coordinates":[[[131.13932,31.48605],[131.14063,31.48571],[131.14157,31.48653],[131.13973,31.48646],[131.13932,31.48605]]]},"properties":{"hoanrinKind":"保安林"}},
{"type":"Feature","geometry":{"type":"Polygon","coordinates":[[[130.76831,31.4841],[130.7705,31.48286],[130.77039,31.4818],[130.77253,31.48021],[130.77388,31.47833],[130.77366,31.47758],[130.77128,31.47553],[130.77466,31.47522],[130.77653,31.47463],[130.77844,31.47642],[130.77775,31.47888],[130.77795,31.48051],[130.77755,31.48185],[130.77878,31.48302],[130.78016,31.48535],[130.7819,31.48502],[130.78287,31.48537],[130.78238,31.48871],[130.78377,31.48926],[130.78536,31.48857],[130.78483,31.48714],[130.78708,31.48609],[130.78778,31.48708],[130.78734,31.48916],[130.78758,31.49061],[130.78346,31.49109],[130.78199,31.49036],[130.7802,31.49054],[130.77802,31.49155],[130.77709,31.4905],[130.77504,31.48949],[130.77231,31.48948],[130.77071,31.48744],[130.76875,31.48724],[130.76907,31.48603],[130.76831,31.4841]]]},"properties":{"hoanrinKind":"保安林"}},
{"type":"Feature","geometry":{"type":"Polygon","coordinates":[[[131.10232,31.48549],[131.10239,31.48472],[131.10364,31.48463],[131.10389,31.4855],[131.10232,31.48549]]]},"properties":{"hoanrinKind":"保安林"}},
{"type":"Feature","geometry":{"type":"Polygon","coordinates":[[[131.1318,31.48358],[131.13197,31.4829],[131.13426,31.48317],[131.13736,31.48244],[131.13858,31.48449],[131.13651,31.48484],[131.13557,31.48449],[131.13414,31.48513],[131.13182,31.48413],[131.1318,31.48358]]]},"properties":{"hoanrinKind":"保安林"}},
{"type":"Feature","geometry":{"type":"Polygon","coordinates":[[[130.39517,31.49165],[130.3962,31.49132],[130.39829,31.49141],[130.40043,31.49212],[130.40131,31.49359],[130.40045,31.49476],[130.39804,31.49485],[130.39517,31.49165]]]},"properties":{"hoanrinKind":"保安林"}},
{"type":"Feature","geometry":{"type":"Polygon","coordinates":[[[130.39198,31.49105],[130.39323,31.49155],[130.39246,31.49241],[130.39198,31.49105]]]},"properties":{"hoanrinKind":"保安林"}},
{"type":"Feature","geometry":{"type":"Polygon","coordinates":[[[130.38895,31.49135],[130.3894,31.49112],[130.39009,31.49175],[130.38983,31.49208],[130.38898,31.49171],[130.38895,31.49135]]]},"properties":{"hoanrinKind":"保安林"}},
{"type":"Feature","geometry":{"type":"Polygon","coordinates":[[[130.46907,31.48517],[130.47075,31.48491],[130.47082,31.48394],[130.47352,31.48469],[130.47552,31.48659],[130.47686,31.48972],[130.47599,31.49018],[130.47342,31.48988],[130.47107,31.48918],[130.47002,31.48789],[130.46907,31.48517]]]},"properties":{"hoanrinKind":"保安林"}},
{"type":"Feature","geometry":{"type":"Polygon","coordinates":[[[130.94182,31.47997],[130.94224,31.47928],[130.94387,31.47967],[130.94309,31.48068],[130.94182,31.47997]]]},"properties":{"hoanrinKind":"保安林"}},
{"type":"Feature","geometry":{"type":"Polygon","coordinates":[[[130.40015,31.48709],[130.40108,31.48718],[130.40177,31.48769],[130.40116,31.48816],[130.40096,31.48741],[130.40015,31.48709]]]},"properties":{"hoanrinKind":"保安林"}},
{"type":"Feature","geometry":{"type":"Polygon","coordinates":[[[130.95964,31.47194],[130.96088,31.46937],[130.96254,31.4685],[130.96325,31.47214],[130.96335,31.47468],[130.96301,31.47696],[130.96155,31.47985],[130.96077,31.48],[130.95973,31.47524],[130.95964,31.47194]]]},"properties":{"hoanrinKind":"保安林"}},
{"type":"Feature","geometry":{"type":"Polygon","coordinates":[[[130.47916,31.48475],[130.48014,31.48483],[130.48061,31.4852],[130.47985,31.48572],[130.47916,31.48475]]]},"properties":{"hoanrinKind":"保安林"}},
{"type":"Feature","geometry":{"type":"Polygon","coordinates":[[[130.39744,31.48594],[130.39804,31.48485],[130.39922,31.48431],[130.40134,31.48474],[130.40105,31.48619],[130.39878,31.48635],[130.39744,31.48594]]]},"properties":{"hoanrinKind":"保安林"}},
{"type":"Feature","geometry":{"type":"Polygon","coordinates":[[[130.69746,31.482],[130.69801,31.4814],[130.69858,31.48135],[130.69778,31.48222],[130.69746,31.482]]]},"properties":{"hoanrinKind":"保安林"}},
{"type":"Feature","geometry":{"type":"Polygon","coordinates":[[[130.48037,31.48366],[130.48236,31.48343],[130.4828,31.48407],[130.48085,31.48444],[130.48037,31.48366]]]},"properties":{"hoanrinKind":"保安林"}},
{"type":"Feature","geometry":{"type":"Polygon","coordinates":[[[130.90029,31.47531],[130.90164,31.47463],[130.90267,31.47567],[130.90152,31.47716],[130.9004,31.4765],[130.90029,31.47531]]]},"properties":{"hoanrinKind":"保安林"}},
{"type":"Feature","geometry":{"type":"Polygon","coordinates":[[[130.71522,31.47774],[130.71726,31.4771],[130.71653,31.47821],[130.71522,31.47774]]]},"properties":{"hoanrinKind":"保安林"}},
{"type":"Feature","geometry":{"type":"Polygon","coordinates":[[[130.39276,31.48232],[130.39372,31.48127],[130.39435,31.48181],[130.39391,31.48286],[130.39276,31.48232]]]},"properties":{"hoanrinKind":"保安林"}},
{"type":"Feature","geometry":{"type":"Polygon","coordinates":[[[130.69865,31.47825],[130.69963,31.47817],[130.69932,31.47876],[130.69865,31.47825]]]},"properties":{"hoanrinKind":"保安林"}},
{"type":"Feature","geometry":{"type":"Polygon","coordinates":[[[130.3777,31.48137],[130.37815,31.47912],[130.37913,31.47894],[130.38087,31.48089],[130.37877,31.48171],[130.3777,31.48137]]]},"properties":{"hoanrinKind":"保安林"}},
{"type":"Feature","geometry":{"type":"Polygon","coordinates":[[[130.87638,31.475],[130.87701,31.47488],[130.8769,31.47566],[130.87653,31.47568],[130.87638,31.475]]]},"properties":{"hoanrinKind":"保安林"}},
{"type":"Feature","geometry":{"type":"Polygon","coordinates":[[[130.8773,31.4753],[130.87853,31.47499],[130.8786,31.47514],[130.87759,31.47549],[130.8773,31.4753]]]},"properties":{"hoanrinKind":"保安林"}},
{"type":"Feature","geometry":{"type":"Polygon","coordinates":[[[130.69854,31.47593],[130.69887,31.47571],[130.70006,31.47559],[130.6996,31.47614],[130.69854,31.47593]]]},"properties":{"hoanrinKind":"保安林"}},
{"type":"Feature","geometry":{"type":"Polygon","coordinates":[[[130.45475,31.47813],[130.4554,31.47728],[130.45569,31.47803],[130.45475,31.47813]]]},"properties":{"hoanrinKind":"保安林"}},
{"type":"Feature","geometry":{"type":"Polygon","coordinates":[[[130.69953,31.47338],[130.70163,31.47267],[130.70125,31.47333],[130.69953,31.47338]]]},"properties":{"hoanrinKind":"保安林"}},
{"type":"Feature","geometry":{"type":"Polygon","coordinates":[[[130.38583,31.47618],[130.38684,31.47586],[130.38724,31.47718],[130.38583,31.47618]]]},"properties":{"hoanrinKind":"保安林"}},
{"type":"Feature","geometry":{"type":"Polygon","coordinates":[[[130.37182,31.46007],[130.37289,31.45991],[130.37451,31.46137],[130.37471,31.4599],[130.37613,31.46019],[130.37689,31.46117],[130.37839,31.46113],[130.38027,31.46259],[130.38052,31.46149],[130.38005,31.4589],[130.3815,31.459],[130.38347,31.45854],[130.3854,31.45978],[130.38621,31.45748],[130.38842,31.45913],[130.388,31.46061],[130.38853,31.46202],[130.38725,31.46361],[130.38719,31.46445],[130.38818,31.4654],[130.38846,31.46667],[130.38773,31.46809],[130.38784,31.46939],[130.38675,31.47286],[130.38535,31.47556],[130.38446,31.47562],[130.38408,31.477],[130.38256,31.47711],[130.38057,31.47648],[130.37671,31.47586],[130.37729,31.47422],[130.37621,31.47429],[130.37659,31.47241],[130.3789,31.47287],[130.38013,31.4712],[130.37898,31.47101],[130.37773,31.46965],[130.38025,31.46862],[130.38107,31.4672],[130.37961,31.46625],[130.3788,31.4641],[130.37558,31.46346],[130.37409,31.46369],[130.37328,31.46254],[130.37214,31.46199],[130.37182,31.46007]]]},"properties":{"hoanrinKind":"保安林"}},
{"type":"Feature","geometry":{"type":"Polygon","coordinates":[[[130.99456,31.46747],[130.99528,31.46751],[130.99628,31.46834],[130.99607,31.46853],[130.99527,31.46781],[130.99456,31.46747]]]},"properties":{"hoanrinKind":"保安林"}},
{"type":"Feature","geometry":{"type":"Polygon","coordinates":[[[130.44706,31.43995],[130.44975,31.43832],[130.44997,31.43711],[130.4515,31.43778],[130.45192,31.43651],[130.45357,31.43621],[130.45507,31.43531],[130.45488,31.43419],[130.45634,31.43214],[130.45701,31.43238],[130.45803,31.43403],[130.45951,31.43474],[130.4599,31.43578],[130.46291,31.43747],[130.46283,31.43859],[130.46416,31.43875],[130.46471,31.43807],[130.46705,31.43856],[130.46863,31.44014],[130.46942,31.43961],[130.46811,31.43737],[130.46639,31.43631],[130.46869,31.43503],[130.46943,31.43504],[130.47227,31.43724],[130.4744,31.43941],[130.47411,31.44161],[130.47501,31.44321],[130.47543,31.44594],[130.47666,31.44734],[130.47685,31.44819],[130.47578,31.45011],[130.47492,31.45006],[130.47513,31.45229],[130.47383,31.45282],[130.4747,31.45385],[130.47609,31.4527],[130.4773,31.45271],[130.47764,31.45366],[130.47663,31.45696],[130.47709,31.45787],[130.47709,31.45975],[130.47893,31.46057],[130.48168,31.46075],[130.48303,31.46247],[130.48193,31.46334],[130.48052,31.46254],[130.47891,31.46215],[130.47844,31.46113],[130.4768,31.46221],[130.47504,31.46198],[130.47465,31.46272],[130.47247,31.46267],[130.47086,31.46353],[130.47094,31.46409],[130.47265,31.46503],[130.47384,31.46439],[130.4749,31.46493],[130.47582,31.46395],[130.47728,31.46368],[130.48021,31.46539],[130.48026,31.46622],[130.47894,31.46763],[130.47742,31.46691],[130.47702,31.46564],[130.47502,31.46564],[130.47385,31.46521],[130.47154,31.4659],[130.47062,31.46932],[130.47095,31.46986],[130.46623,31.46931],[130.4665,31.47173],[130.46544,31.47268],[130.46472,31.4741],[130.46291,31.47368],[130.46243,31.47309],[130.46056,31.47367],[130.4601,31.47274],[130.4574,31.47193],[130.45629,31.47252],[130.45398,31.47116],[130.45383,31.47037],[130.45513,31.46727],[130.45725,31.46605],[130.45932,31.46776],[130.46033,31.46587],[130.46155,31.4662],[130.46241,31.46568],[130.46458,31.46553],[130.4641,31.46404],[130.46588,31.46387],[130.46653,31.46328],[130.46681,31.46164],[130.46478,31.4607],[130.46251,31.4606],[130.46226,31.46213],[130.46051,31.46229],[130.45984,31.46134],[130.45829,31.46198],[130.45769,31.46051],[130.45897,31.45995],[130.45869,31.45833],[130.45574,31.45954],[130.45452,31.45942],[130.45349,31.46011],[130.45245,31.45991],[130.4512,31.4579],[130.452,31.45743],[130.4518,31.45589],[130.45287,31.45487],[130.45452,31.45569],[130.45584,31.4549],[130.45679,31.45653],[130.4574,31.45632],[130.45705,31.45445],[130.45802,31.45322],[130.45776,31.45254],[130.45561,31.45225],[130.45701,31.45019],[130.45652,31.44957],[130.45342,31.44934],[130.45131,31.44841],[130.45201,31.4477],[130.45045,31.44644],[130.45053,31.44392],[130.44939,31.44411],[130.44851,31.4435],[130.44798,31.44093],[130.44706,31.43995]]]},"properties":{"hoanrinKind":"保安林"}},
{"type":"Feature","geometry":{"type":"Polygon","coordinates":[[[130.7492,31.46892],[130.75054,31.46774],[130.75243,31.46868],[130.75014,31.46968],[130.7492,31.46892]]]},"properties":{"hoanrinKind":"保安林"}},
{"type":"Feature","geometry":{"type":"Polygon","coordinates":[[[130.95003,31.46473],[130.95085,31.46485],[130.95115,31.4659],[130.95028,31.46581],[130.95067,31.4652],[130.95003,31.46473]]]},"properties":{"hoanrinKind":"保安林"}},
{"type":"Feature","geometry":{"type":"Polygon","coordinates":[[[131.07716,31.46036],[131.07834,31.45998],[131.08056,31.46125],[131.08548,31.46236],[131.08494,31.46381],[131.08239,31.46338],[131.08177,31.46243],[131.07716,31.46036]]]},"properties":{"hoanrinKind":"保安林"}},
{"type":"Feature","geometry":{"type":"Polygon","coordinates":[[[130.86577,31.46578],[130.86621,31.46414],[130.86798,31.46365],[130.87083,31.46366],[130.86991,31.46454],[130.86655,31.46482],[130.86577,31.46578]]]},"properties":{"hoanrinKind":"保安林"}},
{"type":"Feature","geometry":{"type":"Polygon","coordinates":[[[130.90662,31.46354],[130.90739,31.46249],[130.90763,31.46371],[130.90662,31.46354]]]},"properties":{"hoanrinKind":"保安林"}},
{"type":"Feature","geometry":{"type":"Polygon","coordinates":[[[130.86038,31.46151],[130.861,31.46111],[130.86107,31.46189],[130.86038,31.46151]]]},"properties":{"hoanrinKind":"保安林"}},
{"type":"Feature","geometry":{"type":"Polygon","coordinates":[[[130.97492,31.45747],[130.97561,31.45721],[130.9768,31.45802],[130.97583,31.45818],[130.97492,31.45747]]]},"properties":{"hoanrinKind":"保安林"}},
{"type":"Feature","geometry":{"type":"Polygon","coordinates":[[[130.43631,31.46411],[130.43696,31.46436],[130.43673,31.46481],[130.43577,31.46458],[130.43631,31.46411]]]},"properties":{"hoanrinKind":"保安林"}},
{"type":"Feature","geometry":{"type":"Polygon","coordinates":[[[130.44157,31.46279],[130.44201,31.46211],[130.44293,31.46228],[130.44195,31.46305],[130.44157,31.46279]]]},"properties":{"hoanrinKind":"保安林"}},
{"type":"Feature","geometry":{"type":"Polygon","coordinates":[[[130.74031,31.45824],[130.7411,31.45757],[130.74278,31.45758],[130.74264,31.45826],[130.74031,31.45824]]]},"properties":{"hoanrinKind":"保安林"}},
{"type":"Feature","geometry":{"type":"Polygon","coordinates":[[[130.73802,31.45759],[130.73717,31.4578],[130.73545,31.45728],[130.73706,31.45663],[130.73802,31.45759]]]},"properties":{"hoanrinKind":"保安林"}},
{"type":"Feature","geometry":{"type":"Polygon","coordinates":[[[130.98248,31.45178],[130.98319,31.45168],[130.98312,31.45208],[130.98279,31.45211],[130.98248,31.45178]]]},"properties":{"hoanrinKind":"保安林"}},
{"type":"Feature","geometry":{"type":"Polygon","coordinates":[[[130.42958,31.45701],[130.4308,31.45622],[130.43134,31.4576],[130.42958,31.45701]]]},"properties":{"hoanrinKind":"保安林"}},
{"type":"Feature","geometry":{"type":"Polygon","coordinates":[[[130.94812,31.44726],[130.94989,31.44685],[130.95061,31.44792],[130.94923,31.44833],[130.94812,31.44726]]]},"properties":{"hoanrinKind":"保安林"}},
{"type":"Feature","geometry":{"type":"Polygon","coordinates":[[[130.73606,31.45032],[130.7374,31.44952],[130.73861,31.44997],[130.7387,31.45147],[130.73606,31.45032]]]},"properties":{"hoanrinKind":"保安林"}},
{"type":"Feature","geometry":{"type":"Polygon","coordinates":[[[130.42633,31.45481],[130.42755,31.45444],[130.42768,31.45488],[130.42658,31.45524],[130.42633,31.45481]]]},"properties":{"hoanrinKind":"保安林"}},
{"type":"Feature","geometry":{"type":"Polygon","coordinates":[[[130.43838,31.4536],[130.43923,31.45376],[130.44036,31.45294],[130.44089,31.45398],[130.43993,31.45466],[130.43845,31.45452],[130.43838,31.4536]]]},"properties":{"hoanrinKind":"保安林"}},
{"type":"Feature","geometry":{"type":"Polygon","coordinates":[[[130.44146,31.4536],[130.4434,31.45446],[130.44234,31.45455],[130.44154,31.45415],[130.44146,31.4536]]]},"properties":{"hoanrinKind":"保安林"}},
{"type":"Feature","geometry":{"type":"Polygon","coordinates":[[[130.40757,31.45387],[130.4082,31.45437],[130.40762,31.4548],[130.40757,31.45387]]]},"properties":{"hoanrinKind":"保安林"}},
{"type":"Feature","geometry":{"type":"Polygon","coordinates":[[[130.42767,31.4512],[130.42939,31.45104],[130.42982,31.45349],[130.42932,31.45432],[130.42802,31.45466],[130.4277,31.45303],[130.42877,31.45218],[130.42767,31.4512]]]},"properties":{"hoanrinKind":"保安林"}},
{"type":"Feature","geometry":{"type":"Polygon","coordinates":[[[130.41603,31.45312],[130.41659,31.45336],[130.41614,31.45422],[130.41549,31.45342],[130.41603,31.45312]]]},"properties":{"hoanrinKind":"保安林"}},
{"type":"Feature","geometry":{"type":"Polygon","coordinates":[[[130.4496,31.45],[130.45043,31.45224],[130.44994,31.45265],[130.44902,31.45024],[130.4496,31.45]]]},"properties":{"hoanrinKind":"保安林"}},
{"type":"Feature","geometry":{"type":"Polygon","coordinates":[[[130.41376,31.45019],[130.41515,31.44979],[130.41541,31.45145],[130.41508,31.45278],[130.41376,31.45019]]]},"properties":{"hoanrinKind":"保安林"}},
{"type":"Feature","geometry":{"type":"Polygon","coordinates":[[[130.92853,31.44471],[130.93026,31.44503],[130.92926,31.4462],[130.92853,31.44471]]]},"properties":{"hoanrinKind":"保安林"}},
{"type":"Feature","geometry":{"type":"Polygon","coordinates":[[[131.02606,31.4198],[131.02645,31.41921],[131.0291,31.41903],[131.03103,31.41828],[131.03229,31.41869],[131.03271,31.41712],[131.0337,31.41678],[131.03868,31.4228],[131.04033,31.42502],[131.04148,31.42599],[131.04303,31.42822],[131.04574,31.43101],[131.04932,31.43525],[131.05067,31.43629],[131.04856,31.43654],[131.04559,31.43449],[131.04499,31.43521],[131.04321,31.4342],[131.04224,31.43415],[131.0473,31.43993],[131.04788,31.44171],[131.04694,31.44377],[131.04557,31.44287],[131.0438,31.44252],[131.04002,31.43964],[131.04015,31.43867],[131.03839,31.43775],[131.03722,31.43637],[131.03437,31.43416],[131.03455,31.43327],[131.03261,31.43178],[131.03119,31.43006],[131.03163,31.42899],[131.03013,31.42658],[131.02925,31.42601],[131.02724,31.42303],[131.027,31.42152],[131.02606,31.4198]]]},"properties":{"hoanrinKind":"保安林"}},
{"type":"Feature","geometry":{"type":"Polygon","coordinates":[[[130.92518,31.44462],[130.92695,31.44446],[130.92695,31.44537],[130.92518,31.44462]]]},"properties":{"hoanrinKind":"保安林"}},
{"type":"Feature","geometry":{"type":"Polygon","coordinates":[[[130.42375,31.45034],[130.42464,31.44939],[130.42611,31.45053],[130.42559,31.45197],[130.42375,31.45034]]]},"properties":{"hoanrinKind":"保安林"}},
{"type":"Feature","geometry":{"type":"Polygon","coordinates":[[[130.30989,31.4513],[130.3114,31.4518],[130.3106,31.4528],[130.30989,31.4513]]]},"properties":{"hoanrinKind":"保安林"}},
{"type":"Feature","geometry":{"type":"Polygon","coordinates":[[[130.44978,31.44967],[130.45063,31.44961],[130.4513,31.45043],[130.45205,31.45074],[130.45156,31.45127],[130.44978,31.44967]]]},"properties":{"hoanrinKind":"保安林"}},
{"type":"Feature","geometry":{"type":"Polygon","coordinates":[[[130.30924,31.4507],[130.30995,31.44988],[130.31064,31.45065],[130.30924,31.4507]]]},"properties":{"hoanrinKind":"保安林"}},
{"type":"Feature","geometry":{"type":"Polygon","coordinates":[[[130.86156,31.443],[130.86335,31.44284],[130.86236,31.44406],[130.86156,31.443]]]},"properties":{"hoanrinKind":"保安林"}},
{"type":"Feature","geometry":{"type":"Polygon","coordinates":[[[130.83655,31.44278],[130.83931,31.44209],[130.84072,31.44229],[130.84138,31.44137],[130.84256,31.44297],[130.8403,31.44425],[130.83719,31.4443],[130.83655,31.44278]]]},"properties":{"hoanrinKind":"保安林"}},
{"type":"Feature","geometry":{"type":"Polygon","coordinates":[[[130.42465,31.44863],[130.42471,31.44796],[130.42689,31.44742],[130.42667,31.44885],[130.42465,31.44863]]]},"properties":{"hoanrinKind":"保安林"}},
{"type":"Feature","geometry":{"type":"Polygon","coordinates":[[[130.7439,31.44395],[130.74511,31.44364],[130.74556,31.44528],[130.74419,31.44469],[130.7439,31.44395]]]},"properties":{"hoanrinKind":"保安林"}},
{"type":"Feature","geometry":{"type":"Polygon","coordinates":[[[130.30395,31.4459],[130.30567,31.44618],[130.30873,31.44763],[130.31174,31.448],[130.30987,31.44843],[130.30676,31.44717],[130.30556,31.44645],[130.30395,31.4459]]]},"properties":{"hoanrinKind":"保安林"}},
{"type":"Feature","geometry":{"type":"Polygon","coordinates":[[[131.01681,31.43975],[131.01746,31.43969],[131.0182,31.43934],[131.01833,31.43957],[131.01711,31.44007],[131.01681,31.43975]]]},"properties":{"hoanrinKind":"保安林"}},
{"type":"Feature","geometry":{"type":"Polygon","coordinates":[[[130.30506,31.4481],[130.30609,31.44803],[130.30624,31.44767],[130.30706,31.44786],[130.30788,31.4478],[130.30847,31.44818],[130.30624,31.44809],[130.30587,31.44835],[130.30506,31.4481]]]},"properties":{"hoanrinKind":"保安林"}},
{"type":"Feature","geometry":{"type":"Polygon","coordinates":[[[130.42171,31.44519],[130.4233,31.44616],[130.42347,31.44459],[130.42493,31.44388],[130.42411,31.44251],[130.42463,31.44136],[130.42426,31.43988],[130.42579,31.4399],[130.42678,31.44073],[130.42788,31.44077],[130.42854,31.44316],[130.42847,31.44413],[130.42727,31.44435],[130.42698,31.44609],[130.42626,31.44683],[130.42302,31.44694],[130.42198,31.44636],[130.42171,31.44519]]]},"properties":{"hoanrinKind":"保安林"}},
{"type":"Feature","geometry":{"type":"Polygon","coordinates":[[[130.75529,31.43823],[130.75685,31.43669],[130.75836,31.43723],[130.7599,31.44002],[130.75928,31.44267],[130.75653,31.44079],[130.75529,31.43823]]]},"properties":{"hoanrinKind":"保安林"}},
{"type":"Feature","geometry":{"type":"Polygon","coordinates":[[[130.39257,31.44221],[130.39421,31.4421],[130.3961,31.44312],[130.3952,31.4447],[130.39285,31.44379],[130.39257,31.44221]]]},"properties":{"hoanrinKind":"保安林"}},
{"type":"Feature","geometry":{"type":"Polygon","coordinates":[[[130.26112,31.42021],[130.26268,31.42019],[130.26391,31.42067],[130.26709,31.42275],[130.27066,31.42432],[130.27462,31.42541],[130.27674,31.42418],[130.27715,31.42482],[130.27416,31.42814],[130.27552,31.42972],[130.27642,31.42982],[130.27954,31.43121],[130.28016,31.43241],[130.28236,31.43499],[130.28511,31.43734],[130.29007,31.44302],[130.29205,31.44247],[130.29383,31.44342],[130.29272,31.4449],[130.28979,31.44556],[130.28774,31.44511],[130.28528,31.44299],[130.28296,31.44059],[130.27422,31.43032],[130.27285,31.42714],[130.27266,31.42537],[130.2699,31.42525],[130.26112,31.42021]]]},"properties":{"hoanrinKind":"保安林"}},
{"type":"Feature","geometry":{"type":"Polygon","coordinates":[[[130.43986,31.44004],[130.4404,31.44032],[130.44235,31.4428],[130.44063,31.44216],[130.43986,31.44004]]]},"properties":{"hoanrinKind":"保安林"}},
{"type":"Feature","geometry":{"type":"Polygon","coordinates":[[[131.11433,31.42953],[131.11538,31.42882],[131.11646,31.42674],[131.11768,31.42588],[131.11766,31.4281],[131.11854,31.42985],[131.11821,31.43121],[131.11469,31.43042],[131.11433,31.42953]]]},"properties":{"hoanrinKind":"保安林"}},
{"type":"Feature","geometry":{"type":"Polygon","coordinates":[[[130.41791,31.4408],[130.41906,31.4406],[130.41935,31.4416],[130.41859,31.44192],[130.41791,31.4408]]]},"properties":{"hoanrinKind":"保安林"}},
{"type":"Feature","geometry":{"type":"Polygon","coordinates":[[[130.29416,31.44257],[130.29492,31.4423],[130.29514,31.44272],[130.29423,31.44303],[130.29416,31.44257]]]},"properties":{"hoanrinKind":"保安林"}},
{"type":"Feature","geometry":{"type":"Polygon","coordinates":[[[130.7524,31.43567],[130.75295,31.43507],[130.75501,31.43656],[130.75353,31.4369],[130.7524,31.43567]]]},"properties":{"hoanrinKind":"保安林"}},
{"type":"Feature","geometry":{"type":"Polygon","coordinates":[[[130.9771,31.4338],[130.97726,31.43332],[130.97852,31.43363],[130.97777,31.43417],[130.9771,31.4338]]]},"properties":{"hoanrinKind":"保安林"}},
{"type":"Feature","geometry":{"type":"Polygon","coordinates":[[[130.51647,31.43853],[130.51803,31.43849],[130.51775,31.44034],[130.51647,31.44017],[130.51647,31.43853]]]},"properties":{"hoanrinKind":"保安林"}},
{"type":"Feature","geometry":{"type":"Polygon","coordinates":[[[130.42035,31.43985],[130.41999,31.43814],[130.42174,31.43721],[130.42118,31.43487],[130.42231,31.43519],[130.42203,31.43693],[130.42406,31.43695],[130.42461,31.4384],[130.42309,31.43872],[130.42302,31.44004],[130.42199,31.44111],[130.42044,31.44075],[130.42035,31.43985]]]},"properties":{"hoanrinKind":"保安林"}},
{"type":"Feature","geometry":{"type":"Polygon","coordinates":[[[130.41582,31.44003],[130.41666,31.44003],[130.41711,31.44059],[130.41603,31.44079],[130.41582,31.44003]]]},"properties":{"hoanrinKind":"保安林"}},
{"type":"Feature","geometry":{"type":"Polygon","coordinates":[[[130.29452,31.44102],[130.2954,31.43845],[130.29574,31.43983],[130.29529,31.44186],[130.29452,31.44102]]]},"properties":{"hoanrinKind":"保安林"}},
{"type":"Feature","geometry":{"type":"Polygon","coordinates":[[[130.97667,31.43212],[130.97738,31.43214],[130.97795,31.43297],[130.97698,31.43288],[130.97667,31.43212]]]},"properties":{"hoanrinKind":"保安林"}},
{"type":"Feature","geometry":{"type":"Polygon","coordinates":[[[130.75481,31.43421],[130.75596,31.43385],[130.75624,31.43491],[130.75506,31.43549],[130.75481,31.43421]]]},"properties":{"hoanrinKind":"保安林"}},
{"type":"Feature","geometry":{"type":"Polygon","coordinates":[[[130.4041,31.43907],[130.40471,31.43913],[130.40509,31.43961],[130.40415,31.43956],[130.4041,31.43907]]]},"properties":{"hoanrinKind":"保安林"}},
{"type":"Feature","geometry":{"type":"Polygon","coordinates":[[[130.44463,31.4381],[130.44502,31.43648],[130.44704,31.43628],[130.44801,31.43578],[130.44926,31.43694],[130.44555,31.43913],[130.44463,31.4381]]]},"properties":{"hoanrinKind":"保安林"}},
{"type":"Feature","geometry":{"type":"Polygon","coordinates":[[[130.4395,31.43689],[130.44052,31.43642],[130.44035,31.43786],[130.4395,31.43689]]]},"properties":{"hoanrinKind":"保安林"}},
{"type":"Feature","geometry":{"type":"Polygon","coordinates":[[[130.46171,31.43571],[130.46217,31.43526],[130.46245,31.43537],[130.46187,31.43615],[130.46171,31.43571]]]},"properties":{"hoanrinKind":"保安林"}},
{"type":"Feature","geometry":{"type":"Polygon","coordinates":[[[130.98979,31.42802],[130.99042,31.4279],[130.99054,31.42872],[130.98983,31.42879],[130.98979,31.42802]]]},"properties":{"hoanrinKind":"保安林"}},
{"type":"Feature","geometry":{"type":"Polygon","coordinates":[[[130.8333,31.42904],[130.8344,31.42785],[130.83585,31.42741],[130.83672,31.42939],[130.83562,31.42972],[130.83356,31.43102],[130.8333,31.42904]]]},"properties":{"hoanrinKind":"保安林"}},
{"type":"Feature","geometry":{"type":"Polygon","coordinates":[[[130.44484,31.43504],[130.44596,31.43508],[130.44543,31.43563],[130.44484,31.43504]]]},"properties":{"hoanrinKind":"保安林"}},
{"type":"Feature","geometry":{"type":"Polygon","coordinates":[[[130.44299,31.43168],[130.44427,31.43224],[130.44492,31.43331],[130.44375,31.43387],[130.44299,31.43168]]]},"properties":{"hoanrinKind":"保安林"}},
{"type":"Feature","geometry":{"type":"Polygon","coordinates":[[[130.45273,31.43088],[130.45327,31.43045],[130.45432,31.43186],[130.45385,31.43215],[130.45273,31.43088]]]},"properties":{"hoanrinKind":"保安林"}},
{"type":"Feature","geometry":{"type":"Polygon","coordinates":[[[130.42791,31.43394],[130.42903,31.43298],[130.42988,31.43359],[130.429,31.43427],[130.42791,31.43394]]]},"properties":{"hoanrinKind":"保安林"}},
{"type":"Feature","geometry":{"type":"Polygon","coordinates":[[[130.45858,31.43316],[130.45961,31.4325],[130.46005,31.43339],[130.45894,31.43378],[130.45858,31.43316]]]},"properties":{"hoanrinKind":"保安林"}},
{"type":"Feature","geometry":{"type":"Polygon","coordinates":[[[130.42757,31.43215],[130.42817,31.43174],[130.42901,31.43257],[130.42831,31.43256],[130.42757,31.43215]]]},"properties":{"hoanrinKind":"保安林"}},
{"type":"Feature","geometry":{"type":"Polygon","coordinates":[[[130.36424,31.43201],[130.36501,31.43155],[130.36506,31.43225],[130.36424,31.43201]]]},"properties":{"hoanrinKind":"保安林"}},
{"type":"Feature","geometry":{"type":"Polygon","coordinates":[[[130.35013,31.42797],[130.35154,31.42826],[130.35211,31.42736],[130.35429,31.4281],[130.35579,31.42981],[130.35556,31.4315],[130.35429,31.43149],[130.35013,31.42797]]]},"properties":{"hoanrinKind":"保安林"}},
{"type":"Feature","geometry":{"type":"Polygon","coordinates":[[[130.39079,31.4295],[130.39344,31.4284],[130.39477,31.43011],[130.39315,31.43008],[130.39181,31.43065],[130.39079,31.4295]]]},"properties":{"hoanrinKind":"保安林"}},
{"type":"Feature","geometry":{"type":"Polygon","coordinates":[[[130.30779,31.43035],[130.30985,31.43081],[130.30749,31.43133],[130.30779,31.43035]]]},"properties":{"hoanrinKind":"保安林"}},
{"type":"Feature","geometry":{"type":"Polygon","coordinates":[[[130.16082,31.42951],[130.1641,31.42879],[130.1667,31.42951],[130.1654,31.43064],[130.16427,31.4324],[130.16086,31.43252],[130.16124,31.43058],[130.16082,31.42951]]]},"properties":{"hoanrinKind":"保安林"}},
{"type":"Feature","geometry":{"type":"Polygon","coordinates":[[[130.36579,31.42635],[130.36726,31.42813],[130.36833,31.42887],[130.36724,31.42979],[130.36587,31.42705],[130.36579,31.42635]]]},"properties":{"hoanrinKind":"保安林"}},
{"type":"Feature","geometry":{"type":"Polygon","coordinates":[[[130.3696,31.42902],[130.37079,31.42948],[130.36974,31.42995],[130.3696,31.42902]]]},"properties":{"hoanrinKind":"保安林"}},
{"type":"Feature","geometry":{"type":"Polygon","coordinates":[[[130.39452,31.42849],[130.39496,31.42859],[130.39505,31.42967],[130.39457,31.42929],[130.39452,31.42849]]]},"properties":{"hoanrinKind":"保安林"}},
{"type":"Feature","geometry":{"type":"Polygon","coordinates":[[[130.40679,31.42843],[130.40852,31.42816],[130.40831,31.42945],[130.40679,31.42843]]]},"properties":{"hoanrinKind":"保安林"}},
{"type":"Feature","geometry":{"type":"Polygon","coordinates":[[[130.30641,31.43021],[130.30744,31.42996],[130.30731,31.43024],[130.30641,31.43021]]]},"properties":{"hoanrinKind":"保安林"}},
{"type":"Feature","geometry":{"type":"Polygon","coordinates":[[[130.40691,31.42631],[130.40869,31.42671],[130.40982,31.42632],[130.40982,31.42793],[130.40764,31.42731],[130.40691,31.42631]]]},"properties":{"hoanrinKind":"保安林"}},
{"type":"Feature","geometry":{"type":"Polygon","coordinates":[[[130.4587,31.42497],[130.46166,31.42503],[130.46159,31.42702],[130.45966,31.42608],[130.4587,31.42497]]]},"properties":{"hoanrinKind":"保安林"}},
{"type":"Feature","geometry":{"type":"Polygon","coordinates":[[[130.19073,31.42671],[130.19127,31.42581],[130.19277,31.42751],[130.19284,31.42888],[130.19186,31.42891],[130.19027,31.42733],[130.19073,31.42671]]]},"properties":{"hoanrinKind":"保安林"}},
{"type":"Feature","geometry":{"type":"Polygon","coordinates":[[[130.76731,31.42066],[130.76753,31.4197],[130.76804,31.42006],[130.76731,31.42066]]]},"properties":{"hoanrinKind":"保安林"}},
{"type":"Feature","geometry":{"type":"Polygon","coordinates":[[[130.37227,31.42386],[130.37354,31.42447],[130.37363,31.42497],[130.3724,31.42457],[130.37227,31.42386]]]},"properties":{"hoanrinKind":"保安林"}},
{"type":"Feature","geometry":{"type":"Polygon","coordinates":[[[130.18708,31.42507],[130.18817,31.42458],[130.19043,31.42447],[130.18912,31.42595],[130.18802,31.42628],[130.18708,31.42507]]]},"properties":{"hoanrinKind":"保安林"}},
{"type":"Feature","geometry":{"type":"Polygon","coordinates":[[[130.36439,31.42321],[130.36535,31.42283],[130.36564,31.42399],[130.36496,31.424],[130.36439,31.42321]]]},"properties":{"hoanrinKind":"保安林"}},
{"type":"Feature","geometry":{"type":"Polygon","coordinates":[[[131.02376,31.41015],[131.0246,31.41002],[131.02537,31.41111],[131.02728,31.41042],[131.02922,31.41402],[131.02715,31.41466],[131.02537,31.41398],[131.02472,31.41326],[131.02376,31.41015]]]},"properties":{"hoanrinKind":"保安林"}},
{"type":"Feature","geometry":{"type":"Polygon","coordinates":[[[130.7928,31.41609],[130.79351,31.41532],[130.79398,31.41643],[130.7928,31.41609]]]},"properties":{"hoanrinKind":"保安林"}},
{"type":"Feature","geometry":{"type":"Polygon","coordinates":[[[130.85818,31.41543],[130.85897,31.415],[130.8592,31.41575],[130.85818,31.41543]]]},"properties":{"hoanrinKind":"保安林"}},
{"type":"Feature","geometry":{"type":"Polygon","coordinates":[[[130.29602,31.42129],[130.29689,31.41977],[130.2978,31.42052],[130.29804,31.42235],[130.29636,31.42209],[130.29602,31.42129]]]},"properties":{"hoanrinKind":"保安林"}},
{"type":"Feature","geometry":{"type":"Polygon","coordinates":[[[130.75924,31.41549],[130.76004,31.41548],[130.75999,31.41615],[130.75949,31.4166],[130.75924,31.41549]]]},"properties":{"hoanrinKind":"保安林"}},
{"type":"Feature","geometry":{"type":"Polygon","coordinates":[[[130.37251,31.42059],[130.37368,31.42054],[130.37328,31.42155],[130.37251,31.42059]]]},"properties":{"hoanrinKind":"保安林"}},
{"type":"Feature","geometry":{"type":"Polygon","coordinates":[[[130.4549,31.41699],[130.45649,31.41768],[130.45543,31.41902],[130.4549,31.41699]]]},"properties":{"hoanrinKind":"保安林"}},
{"type":"Feature","geometry":{"type":"Polygon","coordinates":[[[130.26284,31.41864],[130.26333,31.41742],[130.26499,31.41707],[130.26856,31.42],[130.26971,31.42164],[130.26924,31.42252],[130.26284,31.41864]]]},"properties":{"hoanrinKind":"保安林"}},
{"type":"Feature","geometry":{"type":"Polygon","coordinates":[[[130.19019,31.42245],[130.19068,31.42236],[130.19085,31.4218],[130.19112,31.4218],[130.19107,31.4226],[130.19015,31.42269],[130.19019,31.42245]]]},"properties":{"hoanrinKind":"保安林"}},
{"type":"Feature","geometry":{"type":"Polygon","coordinates":[[[130.17963,31.42112],[130.18003,31.4206],[130.18043,31.42129],[130.17982,31.42153],[130.17963,31.42112]]]},"properties":{"hoanrinKind":"保安林"}},
{"type":"Feature","geometry":{"type":"Polygon","coordinates":[[[130.36428,31.41901],[130.36529,31.41952],[130.36479,31.42017],[130.36428,31.41901]]]},"properties":{"hoanrinKind":"保安林"}},
{"type":"Feature","geometry":{"type":"Polygon","coordinates":[[[130.37172,31.41963],[130.37259,31.41942],[130.37272,31.41986],[130.37224,31.4201],[130.37172,31.41963]]]},"properties":{"hoanrinKind":"保安林"}},
{"type":"Feature","geometry":{"type":"Polygon","coordinates":[[[130.10937,31.41802],[130.11188,31.41978],[130.11389,31.42077],[130.11383,31.42227],[130.11129,31.42147],[130.11002,31.42059],[130.10937,31.41802]]]},"properties":{"hoanrinKind":"保安林"}},
{"type":"Feature","geometry":{"type":"Polygon","coordinates":[[[130.19052,31.42107],[130.19136,31.42069],[130.19181,31.42107],[130.19093,31.42143],[130.19052,31.42107]]]},"properties":{"hoanrinKind":"保安林"}},
{"type":"Feature","geometry":{"type":"Polygon","coordinates":[[[130.85817,31.41141],[130.85926,31.41162],[130.859,31.4121],[130.85817,31.41141]]]},"properties":{"hoanrinKind":"保安林"}},
{"type":"Feature","geometry":{"type":"Polygon","coordinates":[[[130.37112,31.419],[130.37199,31.41882],[130.37177,31.4193],[130.37112,31.419]]]},"properties":{"hoanrinKind":"保安林"}},
{"type":"Feature","geometry":{"type":"Polygon","coordinates":[[[130.93968,31.41068],[130.94071,31.41022],[130.94127,31.41047],[130.94068,31.41142],[130.93968,31.41068]]]},"properties":{"hoanrinKind":"保安林"}},
{"type":"Feature","geometry":{"type":"Polygon","coordinates":[[[130.293,31.41882],[130.29414,31.41832],[130.29501,31.41881],[130.29295,31.41978],[130.293,31.41882]]]},"properties":{"hoanrinKind":"保安林"}},
{"type":"Feature","geometry":{"type":"Polygon","coordinates":[[[130.25183,31.41537],[130.25388,31.41719],[130.25321,31.41915],[130.25183,31.41537]]]},"properties":{"hoanrinKind":"保安林"}},
{"type":"Feature","geometry":{"type":"Polygon","coordinates":[[[131.00754,31.37556],[131.00769,31.37376],[131.00892,31.37209],[131.00964,31.3704],[131.00906,31.36668],[131.01031,31.36662],[131.01054,31.36529],[131.00983,31.36373],[131.01149,31.36203],[131.01351,31.36095],[131.01301,31.36296],[131.0129,31.36624],[131.01323,31.37004],[131.01292,31.37145],[131.01311,31.37383],[131.01402,31.3792],[131.01557,31.38437],[131.01598,31.38766],[131.01662,31.38945],[131.01742,31.39317],[131.01738,31.39551],[131.02072,31.3949],[131.02525,31.40354],[131.02698,31.40595],[131.02754,31.40744],[131.02577,31.40826],[131.0247,31.40755],[131.02293,31.40384],[131.02268,31.40503],[131.0236,31.40829],[131.02277,31.40906],[131.02098,31.40661],[131.0188,31.40607],[131.01685,31.40381],[131.01649,31.40069],[131.0153,31.39686],[131.01309,31.39581],[131.0131,31.39368],[131.01247,31.39013],[131.01118,31.38859],[131.00978,31.38548],[131.00799,31.38471],[131.00861,31.37992],[131.00832,31.3776],[131.00873,31.3761],[131.00754,31.37556]]]},"properties":{"hoanrinKind":"保安林"}},
{"type":"Feature","geometry":{"type":"Polygon","coordinates":[[[130.11289,31.41728],[130.11494,31.41536],[130.11646,31.41583],[130.11798,31.41708],[130.1171,31.4195],[130.11475,31.41715],[130.11289,31.41728]]]},"properties":{"hoanrinKind":"保安林"}},
{"type":"Feature","geometry":{"type":"Polygon","coordinates":[[[130.42632,31.41578],[130.42737,31.41577],[130.42794,31.4164],[130.42676,31.41636],[130.42632,31.41578]]]},"properties":{"hoanrinKind":"保安林"}},
{"type":"Feature","geometry":{"type":"Polygon","coordinates":[[[130.11429,31.41768],[130.11533,31.41839],[130.11497,31.4188],[130.11438,31.41828],[130.11429,31.41768]]]},"properties":{"hoanrinKind":"保安林"}},
{"type":"Feature","geometry":{"type":"Polygon","coordinates":[[[130.94983,31.40724],[130.95008,31.40692],[130.95339,31.40737],[130.95299,31.40847],[130.95046,31.40872],[130.94983,31.40724]]]},"properties":{"hoanrinKind":"保安林"}},
{"type":"Feature","geometry":{"type":"Polygon","coordinates":[[[130.12831,31.4174],[130.12895,31.41691],[130.12999,31.41695],[130.12941,31.41782],[130.12831,31.4174]]]},"properties":{"hoanrinKind":"保安林"}},
{"type":"Feature","geometry":{"type":"Polygon","coordinates":[[[130.11022,31.41606],[130.11098,31.4163],[130.11252,31.41559],[130.11248,31.41763],[130.11054,31.41664],[130.11022,31.41606]]]},"properties":{"hoanrinKind":"保安林"}},
{"type":"Feature","geometry":{"type":"Polygon","coordinates":[[[130.19017,31.41523],[130.19097,31.41526],[130.19094,31.41615],[130.19022,31.41624],[130.19017,31.41523]]]},"properties":{"hoanrinKind":"保安林"}},
{"type":"Feature","geometry":{"type":"Polygon","coordinates":[[[130.76608,31.40831],[130.76664,31.40759],[130.76935,31.4075],[130.76996,31.40822],[130.76936,31.40921],[130.76809,31.40864],[130.76646,31.40888],[130.76608,31.40831]]]},"properties":{"hoanrinKind":"保安林"}},
{"type":"Feature","geometry":{"type":"Polygon","coordinates":[[[130.36695,31.414],[130.36732,31.41303],[130.36853,31.41356],[130.3685,31.41432],[130.36695,31.414]]]},"properties":{"hoanrinKind":"保安林"}},
{"type":"Feature","geometry":{"type":"Polygon","coordinates":[[[130.1403,31.41579],[130.14069,31.41527],[130.14121,31.41566],[130.14055,31.41621],[130.1403,31.41579]]]},"properties":{"hoanrinKind":"保安林"}},
{"type":"Feature","geometry":{"type":"Polygon","coordinates":[[[130.93927,31.40581],[130.94041,31.40506],[130.94079,31.4056],[130.93927,31.40581]]]},"properties":{"hoanrinKind":"保安林"}},
{"type":"Feature","geometry":{"type":"Polygon","coordinates":[[[130.42718,31.41152],[130.42821,31.41167],[130.42803,31.41226],[130.42744,31.41218],[130.42718,31.41152]]]},"properties":{"hoanrinKind":"保安林"}},
{"type":"Feature","geometry":{"type":"Polygon","coordinates":[[[130.93745,31.4044],[130.93781,31.40388],[130.93833,31.40379],[130.9378,31.40427],[130.93745,31.4044]]]},"properties":{"hoanrinKind":"保安林"}},
{"type":"Feature","geometry":{"type":"Polygon","coordinates":[[[130.39914,31.40816],[130.39928,31.4066],[130.40164,31.40671],[130.40184,31.40998],[130.40019,31.41009],[130.39914,31.40816]]]},"properties":{"hoanrinKind":"保安林"}},
{"type":"Feature","geometry":{"type":"Polygon","coordinates":[[[130.46023,31.40631],[130.46308,31.40721],[130.46472,31.40717],[130.46653,31.40814],[130.46389,31.40862],[130.46256,31.40915],[130.46135,31.40803],[130.46215,31.40698],[130.46023,31.40631]]]},"properties":{"hoanrinKind":"保安林"}},
{"type":"Feature","geometry":{"type":"Polygon","coordinates":[[[130.7713,31.40457],[130.77249,31.40487],[130.77194,31.40527],[130.7713,31.40457]]]},"properties":{"hoanrinKind":"保安林"}},
{"type":"Feature","geometry":{"type":"Polygon","coordinates":[[[130.44564,31.40832],[130.44623,31.40822],[130.44779,31.40858],[130.44739,31.40929],[130.44676,31.40873],[130.44564,31.40832]]]},"properties":{"hoanrinKind":"保安林"}},
{"type":"Feature","geometry":{"type":"Polygon","coordinates":[[[130.15345,31.40121],[130.15536,31.40102],[130.15595,31.40006],[130.15483,31.3989],[130.15407,31.3974],[130.15451,31.39686],[130.15407,31.39526],[130.15798,31.39476],[130.15834,31.39758],[130.15913,31.39986],[130.16355,31.40241],[130.16317,31.40454],[130.16526,31.40714],[130.16529,31.40876],[130.16678,31.40852],[130.16718,31.40956],[130.16498,31.41065],[130.16396,31.41032],[130.16299,31.41159],[130.16039,31.40933],[130.15951,31.4079],[130.1588,31.40482],[130.15489,31.40428],[130.15499,31.40355],[130.15655,31.4028],[130.15586,31.40176],[130.15397,31.40189],[130.15345,31.40121]]]},"properties":{"hoanrinKind":"保安林"}},
{"type":"Feature","geometry":{"type":"Polygon","coordinates":[[[130.77181,31.40295],[130.7727,31.40405],[130.77221,31.40425],[130.77181,31.40295]]]},"properties":{"hoanrinKind":"保安林"}},
{"type":"Feature","geometry":{"type":"Polygon","coordinates":[[[130.10801,31.41014],[130.1091,31.41091],[130.10837,31.41126],[130.10801,31.41014]]]},"properties":{"hoanrinKind":"保安林"}},
{"type":"Feature","geometry":{"type":"Polygon","coordinates":[[[130.44437,31.40575],[130.44505,31.40547],[130.44777,31.40764],[130.44554,31.40695],[130.44437,31.40575]]]},"properties":{"hoanrinKind":"保安林"}},
{"type":"Feature","geometry":{"type":"Polygon","coordinates":[[[130.14839,31.40969],[130.14922,31.40944],[130.14963,31.40967],[130.14883,31.4099],[130.14839,31.40969]]]},"properties":{"hoanrinKind":"保安林"}},
{"type":"Feature","geometry":{"type":"Polygon","coordinates":[[[130.14862,31.40502],[130.15097,31.40431],[130.15243,31.40488],[130.15279,31.40564],[130.15653,31.40601],[130.15564,31.40762],[130.15396,31.40917],[130.1523,31.40948],[130.15086,31.40862],[130.15183,31.40785],[130.15027,31.40683],[130.15102,31.40552],[130.14862,31.40502]]]},"properties":{"hoanrinKind":"保安林"}},
{"type":"Feature","geometry":{"type":"Polygon","coordinates":[[[130.4546,31.40534],[130.45533,31.40561],[130.45491,31.40625],[130.45421,31.40585],[130.4546,31.40534]]]},"properties":{"hoanrinKind":"保安林"}},
{"type":"Feature","geometry":{"type":"Polygon","coordinates":[[[130.30726,31.40539],[130.30807,31.40466],[130.30835,31.40559],[130.30726,31.40539]]]},"properties":{"hoanrinKind":"保安林"}},
{"type":"Feature","geometry":{"type":"Polygon","coordinates":[[[130.42184,31.4019],[130.42229,31.40169],[130.42292,31.4025],[130.4219,31.40228],[130.42184,31.4019]]]},"properties":{"hoanrinKind":"保安林"}},
{"type":"Feature","geometry":{"type":"Polygon","coordinates":[[[130.44564,31.40107],[130.446,31.40028],[130.44772,31.40075],[130.44699,31.40229],[130.44564,31.40107]]]},"properties":{"hoanrinKind":"保安林"}},
{"type":"Feature","geometry":{"type":"Polygon","coordinates":[[[130.46289,31.40152],[130.46316,31.40126],[130.46367,31.4016],[130.46307,31.40199],[130.46289,31.40152]]]},"properties":{"hoanrinKind":"保安林"}},
{"type":"Feature","geometry":{"type":"Polygon","coordinates":[[[130.43168,31.40158],[130.43266,31.40105],[130.43287,31.40162],[130.43206,31.40232],[130.43168,31.40158]]]},"properties":{"hoanrinKind":"保安林"}},
{"type":"Feature","geometry":{"type":"Polygon","coordinates":[[[130.178,31.40291],[130.17862,31.40237],[130.17975,31.40369],[130.178,31.40291]]]},"properties":{"hoanrinKind":"保安林"}},
{"type":"Feature","geometry":{"type":"Polygon","coordinates":[[[130.1497,31.40385],[130.15019,31.40376],[130.15021,31.40395],[130.14975,31.40401],[130.1497,31.40385]]]},"properties":{"hoanrinKind":"保安林"}},
{"type":"Feature","geometry":{"type":"Polygon","coordinates":[[[130.17659,31.40132],[130.17725,31.39956],[130.17769,31.40076],[130.17659,31.40132]]]},"properties":{"hoanrinKind":"保安林"}},
{"type":"Feature","geometry":{"type":"Polygon","coordinates":[[[130.26207,31.39839],[130.26395,31.39738],[130.2655,31.39717],[130.26833,31.39784],[130.26909,31.39829],[130.26914,31.39961],[130.26818,31.40027],[130.26601,31.39948],[130.26458,31.3982],[130.26266,31.39894],[130.26207,31.39839]]]},"properties":{"hoanrinKind":"保安林"}},
{"type":"Feature","geometry":{"type":"Polygon","coordinates":[[[130.17905,31.39927],[130.18012,31.39946],[130.18083,31.39822],[130.18392,31.39807],[130.18292,31.3995],[130.18174,31.39988],[130.18181,31.40106],[130.18066,31.40146],[130.17881,31.40071],[130.17905,31.39927]]]},"properties":{"hoanrinKind":"保安林"}},
{"type":"Feature","geometry":{"type":"Polygon","coordinates":[[[130.15227,31.39933],[130.15327,31.39965],[130.15314,31.40057],[130.15241,31.40007],[130.15227,31.39933]]]},"properties":{"hoanrinKind":"保安林"}},
{"type":"Feature","geometry":{"type":"Polygon","coordinates":[[[130.77586,31.39168],[130.77679,31.39154],[130.77685,31.39181],[130.7761,31.39217],[130.77586,31.39168]]]},"properties":{"hoanrinKind":"保安林"}},
{"type":"Feature","geometry":{"type":"Polygon","coordinates":[[[130.42481,31.39448],[130.42545,31.39275],[130.42655,31.39324],[130.42669,31.39442],[130.42621,31.39568],[130.42481,31.39448]]]},"properties":{"hoanrinKind":"保安林"}},
{"type":"Feature","geometry":{"type":"Polygon","coordinates":[[[130.15322,31.39723],[130.15361,31.39704],[130.15365,31.39747],[130.15327,31.39763],[130.15322,31.39723]]]},"properties":{"hoanrinKind":"保安林"}},
{"type":"Feature","geometry":{"type":"Polygon","coordinates":[[[130.15204,31.39684],[130.15251,31.39696],[130.15245,31.39715],[130.152,31.39712],[130.15204,31.39684]]]},"properties":{"hoanrinKind":"保安林"}},
{"type":"Feature","geometry":{"type":"Polygon","coordinates":[[[130.26143,31.39303],[130.26285,31.39186],[130.26363,31.39479],[130.26196,31.39558],[130.26114,31.39396],[130.26143,31.39303]]]},"properties":{"hoanrinKind":"保安林"}},
{"type":"Feature","geometry":{"type":"Polygon","coordinates":[[[130.15254,31.39568],[130.15324,31.39551],[130.15378,31.39603],[130.1528,31.39614],[130.15254,31.39568]]]},"properties":{"hoanrinKind":"保安林"}},
{"type":"Feature","geometry":{"type":"Polygon","coordinates":[[[130.24688,31.38747],[130.24904,31.38583],[130.2511,31.38499],[130.25216,31.38582],[130.25138,31.38837],[130.25002,31.38875],[130.25015,31.39032],[130.24838,31.39039],[130.24871,31.38931],[130.24688,31.38747]]]},"properties":{"hoanrinKind":"保安林"}},
{"type":"Feature","geometry":{"type":"Polygon","coordinates":[[[130.27361,31.38797],[130.27394,31.3866],[130.27466,31.38691],[130.27446,31.38759],[130.27361,31.38797]]]},"properties":{"hoanrinKind":"保安林"}},
{"type":"Feature","geometry":{"type":"Polygon","coordinates":[[[130.28433,31.38166],[130.28474,31.38137],[130.28518,31.38245],[130.28449,31.38242],[130.28433,31.38166]]]},"properties":{"hoanrinKind":"保安林"}},
{"type":"Feature","geometry":{"type":"Polygon","coordinates":[[[130.24353,31.38165],[130.24544,31.38162],[130.24565,31.38244],[130.24369,31.38296],[130.24353,31.38165]]]},"properties":{"hoanrinKind":"保安林"}},
{"type":"Feature","geometry":{"type":"Polygon","coordinates":[[[130.23188,31.3824],[130.2341,31.38176],[130.23395,31.38041],[130.2353,31.38064],[130.2357,31.37936],[130.23698,31.37794],[130.23866,31.37945],[130.23687,31.38006],[130.23723,31.38198],[130.23578,31.38295],[130.23502,31.38188],[130.23188,31.3824]]]},"properties":{"hoanrinKind":"保安林"}},
{"type":"Feature","geometry":{"type":"Polygon","coordinates":[[[130.28045,31.38088],[130.28164,31.38082],[130.28104,31.38216],[130.28034,31.38188],[130.28045,31.38088]]]},"properties":{"hoanrinKind":"保安林"}},
{"type":"Feature","geometry":{"type":"Polygon","coordinates":[[[130.24147,31.37901],[130.24242,31.37882],[130.24417,31.37997],[130.24426,31.38132],[130.24255,31.3802],[130.24147,31.37901]]]},"properties":{"hoanrinKind":"保安林"}},
{"type":"Feature","geometry":{"type":"Polygon","coordinates":[[[130.24829,31.37896],[130.24918,31.37884],[130.24963,31.38026],[130.2484,31.37965],[130.24829,31.37896]]]},"properties":{"hoanrinKind":"保安林"}},
{"type":"Feature","geometry":{"type":"Polygon","coordinates":[[[130.37467,31.37667],[130.37529,31.37584],[130.37556,31.37682],[130.37467,31.37667]]]},"properties":{"hoanrinKind":"保安林"}},
{"type":"Feature","geometry":{"type":"Polygon","coordinates":[[[130.23041,31.37715],[130.2308,31.37707],[130.2314,31.37788],[130.23044,31.37773],[130.23041,31.37715]]]},"properties":{"hoanrinKind":"保安林"}},
{"type":"Feature","geometry":{"type":"Polygon","coordinates":[[[130.2417,31.37318],[130.24179,31.37188],[130.24393,31.37173],[130.24538,31.37236],[130.24649,31.3738],[130.24621,31.37581],[130.2431,31.37558],[130.24204,31.37439],[130.2417,31.37318]]]},"properties":{"hoanrinKind":"保安林"}},
{"type":"Feature","geometry":{"type":"Polygon","coordinates":[[[130.24787,31.37348],[130.24826,31.37303],[130.25143,31.37179],[130.25161,31.37454],[130.25114,31.37515],[130.24798,31.37575],[130.24787,31.37348]]]},"properties":{"hoanrinKind":"保安林"}},
{"type":"Feature","geometry":{"type":"Polygon","coordinates":[[[130.42859,31.37195],[130.42925,31.37238],[130.42864,31.37257],[130.42859,31.37195]]]},"properties":{"hoanrinKind":"保安林"}},
{"type":"Feature","geometry":{"type":"Polygon","coordinates":[[[130.31527,31.37094],[130.31635,31.37117],[130.31571,31.37286],[130.31491,31.37111],[130.31527,31.37094]]]},"properties":{"hoanrinKind":"保安林"}},
{"type":"Feature","geometry":{"type":"Polygon","coordinates":[[[130.31808,31.37211],[130.31892,31.37187],[130.31893,31.37215],[130.31815,31.37243],[130.31808,31.37211]]]},"properties":{"hoanrinKind":"保安林"}},
{"type":"Feature","geometry":{"type":"Polygon","coordinates":[[[130.43968,31.36593],[130.44056,31.36484],[130.44366,31.36309],[130.44425,31.36542],[130.44563,31.36557],[130.44606,31.3664],[130.44539,31.36743],[130.44444,31.36739],[130.44294,31.36607],[130.44314,31.36483],[130.44015,31.36693],[130.43968,31.36593]]]},"properties":{"hoanrinKind":"保安林"}},
{"type":"Feature","geometry":{"type":"Polygon","coordinates":[[[130.3152,31.36986],[130.31576,31.37011],[130.31521,31.37072],[130.3152,31.36986]]]},"properties":{"hoanrinKind":"保安林"}},
{"type":"Feature","geometry":{"type":"Polygon","coordinates":[[[130.37488,31.36793],[130.3756,31.36843],[130.37636,31.36811],[130.37753,31.36829],[130.37617,31.36916],[130.37511,31.36879],[130.37488,31.36793]]]},"properties":{"hoanrinKind":"保安林"}},
{"type":"Feature","geometry":{"type":"Polygon","coordinates":[[[130.27113,31.36525],[130.27203,31.36539],[130.27425,31.36754],[130.27576,31.36724],[130.27656,31.36786],[130.27657,31.36908],[130.275,31.36875],[130.27411,31.36771],[130.27274,31.36702],[130.27113,31.36525]]]},"properties":{"hoanrinKind":"保安林"}},
{"type":"Feature","geometry":{"type":"Polygon","coordinates":[[[130.43753,31.36649],[130.43831,31.36628],[130.43846,31.36678],[130.438,31.36716],[130.43753,31.36649]]]},"properties":{"hoanrinKind":"保安林"}},
{"type":"Feature","geometry":{"type":"Polygon","coordinates":[[[130.34974,31.36583],[130.35071,31.36584],[130.35221,31.36698],[130.35232,31.36776],[130.34975,31.36679],[130.34974,31.36583]]]},"properties":{"hoanrinKind":"保安林"}},
{"type":"Feature","geometry":{"type":"Polygon","coordinates":[[[130.20759,31.36415],[130.20807,31.36327],[130.20929,31.36293],[130.21114,31.36089],[130.21278,31.36022],[130.21511,31.36121],[130.21684,31.36097],[130.2166,31.36329],[130.21417,31.36288],[130.21453,31.36435],[130.21402,31.3653],[130.21278,31.36582],[130.21092,31.36763],[130.20952,31.36647],[130.20955,31.36543],[130.20772,31.36592],[130.20759,31.36415]]]},"properties":{"hoanrinKind":"保安林"}},
{"type":"Feature","geometry":{"type":"Polygon","coordinates":[[[130.20812,31.35973],[130.20878,31.35909],[130.21039,31.35889],[130.20996,31.36018],[130.20837,31.36056],[130.20812,31.35973]]]},"properties":{"hoanrinKind":"保安林"}},
{"type":"Feature","geometry":{"type":"Polygon","coordinates":[[[130.50871,31.35198],[130.51035,31.35216],[130.51016,31.35337],[130.50867,31.35285],[130.50871,31.35198]]]},"properties":{"hoanrinKind":"保安林"}},
{"type":"Feature","geometry":{"type":"Polygon","coordinates":[[[130.54512,31.35128],[130.54567,31.35039],[130.54616,31.35124],[130.54512,31.35128]]]},"properties":{"hoanrinKind":"保安林"}},
{"type":"Feature","geometry":{"type":"Polygon","coordinates":[[[130.49057,31.34688],[130.49176,31.34407],[130.49353,31.34388],[130.49314,31.34498],[130.49386,31.34677],[130.49251,31.34808],[130.49399,31.34901],[130.49513,31.34827],[130.49547,31.3496],[130.4954,31.35149],[130.49346,31.35227],[130.49233,31.35084],[130.49185,31.34886],[130.49057,31.34688]]]},"properties":{"hoanrinKind":"保安林"}},
{"type":"Feature","geometry":{"type":"Polygon","coordinates":[[[130.30861,31.35299],[130.30975,31.3535],[130.30908,31.35417],[130.30778,31.35342],[130.30861,31.35299]]]},"properties":{"hoanrinKind":"保安林"}},
{"type":"Feature","geometry":{"type":"Polygon","coordinates":[[[130.50424,31.34955],[130.50543,31.3497],[130.50627,31.34754],[130.50875,31.34748],[130.50966,31.34832],[130.50968,31.3496],[130.51178,31.35031],[130.51157,31.35155],[130.51049,31.3517],[130.51043,31.35046],[130.50808,31.35063],[130.50587,31.35046],[130.50582,31.3519],[130.50395,31.35132],[130.50424,31.34955]]]},"properties":{"hoanrinKind":"保安林"}},
{"type":"Feature","geometry":{"type":"Polygon","coordinates":[[[130.30857,31.35206],[130.30993,31.35234],[130.31036,31.35275],[130.31006,31.35313],[130.30947,31.3526],[130.30874,31.35262],[130.30857,31.35206]]]},"properties":{"hoanrinKind":"保安林"}},
{"type":"Feature","geometry":{"type":"Polygon","coordinates":[[[130.50084,31.34971],[130.50293,31.3486],[130.50306,31.34669],[130.50512,31.34733],[130.50321,31.34932],[130.50161,31.35045],[130.50084,31.34971]]]},"properties":{"hoanrinKind":"保安林"}},
{"type":"Feature","geometry":{"type":"Polygon","coordinates":[[[130.45024,31.34968],[130.45084,31.34928],[130.45085,31.35001],[130.45024,31.34968]]]},"properties":{"hoanrinKind":"保安林"}},
{"type":"Feature","geometry":{"type":"Polygon","coordinates":[[[130.50111,31.3462],[130.50277,31.34478],[130.50667,31.34586],[130.50796,31.34718],[130.50263,31.34629],[130.50253,31.34831],[130.50131,31.34813],[130.50111,31.3462]]]},"properties":{"hoanrinKind":"保安林"}},
{"type":"Feature","geometry":{"type":"Polygon","coordinates":[[[130.54843,31.34619],[130.54977,31.34674],[130.54998,31.34777],[130.54851,31.34711],[130.54843,31.34619]]]},"properties":{"hoanrinKind":"保安林"}},
{"type":"Feature","geometry":{"type":"Polygon","coordinates":[[[130.22722,31.34943],[130.22864,31.34804],[130.22967,31.34923],[130.22916,31.35038],[130.22722,31.34943]]]},"properties":{"hoanrinKind":"保安林"}},
{"type":"Feature","geometry":{"type":"Polygon","coordinates":[[[130.29499,31.34469],[130.297,31.34444],[130.29911,31.34579],[130.2997,31.34687],[130.29875,31.34789],[130.29754,31.34814],[130.29635,31.34969],[130.29524,31.34878],[130.29516,31.34722],[130.29558,31.34599],[130.29499,31.34469]]]},"properties":{"hoanrinKind":"保安林"}},
{"type":"Feature","geometry":{"type":"Polygon","coordinates":[[[130.43333,31.34768],[130.43378,31.34718],[130.43442,31.34763],[130.43401,31.34804],[130.43333,31.34768]]]},"properties":{"hoanrinKind":"保安林"}},
{"type":"Feature","geometry":{"type":"Polygon","coordinates":[[[131.0029,31.33475],[131.00412,31.33457],[131.00552,31.33369],[131.00581,31.3322],[131.00721,31.33257],[131.00743,31.33538],[131.00981,31.33587],[131.00793,31.33725],[131.00915,31.33876],[131.00865,31.34009],[131.00545,31.33806],[131.00432,31.33688],[131.00407,31.33526],[131.0029,31.33475]]]},"properties":{"hoanrinKind":"保安林"}},
{"type":"Feature","geometry":{"type":"Polygon","coordinates":[[[130.23406,31.34481],[130.23644,31.34162],[130.2376,31.33681],[130.23856,31.33629],[130.24156,31.33561],[130.242,31.33594],[130.24465,31.34178],[130.24459,31.34354],[130.24499,31.34597],[130.24343,31.34735],[130.24081,31.34796],[130.23916,31.34882],[130.23922,31.34683],[130.24107,31.34476],[130.23964,31.34305],[130.23882,31.34316],[130.23873,31.34468],[130.23697,31.34683],[130.23582,31.34751],[130.23413,31.34769],[130.23406,31.34481]]]},"properties":{"hoanrinKind":"保安林"}},
{"type":"Feature","geometry":{"type":"Polygon","coordinates":[[[130.30091,31.34511],[130.30356,31.34298],[130.30565,31.34516],[130.30331,31.34712],[130.30161,31.34531],[130.30091,31.34511]]]},"properties":{"hoanrinKind":"保安林"}},
{"type":"Feature","geometry":{"type":"Polygon","coordinates":[[[130.299,31.34399],[130.29981,31.34254],[130.30091,31.34342],[130.30012,31.34516],[130.299,31.34399]]]},"properties":{"hoanrinKind":"保安林"}},
{"type":"Feature","geometry":{"type":"Polygon","coordinates":[[[130.90859,31.33628],[130.90953,31.33673],[130.90872,31.33712],[130.90859,31.33628]]]},"properties":{"hoanrinKind":"保安林"}},
{"type":"Feature","geometry":{"type":"Polygon","coordinates":[[[130.55582,31.33867],[130.55768,31.33909],[130.55966,31.33841],[130.55899,31.34041],[130.55655,31.33979],[130.55582,31.33867]]]},"properties":{"hoanrinKind":"保安林"}},
{"type":"Feature","geometry":{"type":"Polygon","coordinates":[[[130.28879,31.34079],[130.28931,31.34043],[130.28952,31.3412],[130.28884,31.3412],[130.28879,31.34079]]]},"properties":{"hoanrinKind":"保安林"}},
{"type":"Feature","geometry":{"type":"Polygon","coordinates":[[[130.47772,31.31409],[130.47914,31.31269],[130.48202,31.3125],[130.48372,31.31315],[130.48444,31.31425],[130.48466,31.31616],[130.48578,31.31776],[130.48637,31.31944],[130.4895,31.32312],[130.49187,31.32489],[130.49261,31.32584],[130.49604,31.32595],[130.49774,31.32649],[130.49881,31.32853],[130.49836,31.32958],[130.50003,31.33005],[130.50187,31.33135],[130.5028,31.33296],[130.50222,31.33385],[130.501,31.33439],[130.50176,31.33698],[130.50129,31.33801],[130.49878,31.33895],[130.49672,31.33827],[130.49576,31.33562],[130.49648,31.33377],[130.49457,31.33398],[130.49431,31.33212],[130.49295,31.33182],[130.49185,31.33093],[130.49204,31.32985],[130.48939,31.32893],[130.48914,31.32973],[130.48653,31.32763],[130.48476,31.32479],[130.48296,31.32266],[130.47775,31.31465],[130.47772,31.31409]]]},"properties":{"hoanrinKind":"保安林"}},
{"type":"Feature","geometry":{"type":"Polygon","coordinates":[[[130.55658,31.33746],[130.55724,31.33675],[130.55756,31.33731],[130.55658,31.33746]]]},"properties":{"hoanrinKind":"保安林"}},
{"type":"Feature","geometry":{"type":"Polygon","coordinates":[[[130.8727,31.33223],[130.87335,31.33223],[130.87315,31.33333],[130.87252,31.33278],[130.8727,31.33223]]]},"properties":{"hoanrinKind":"保安林"}},
{"type":"Feature","geometry":{"type":"Polygon","coordinates":[[[130.96533,31.32485],[130.96656,31.32268],[130.96837,31.32222],[130.97038,31.32313],[130.97065,31.32469],[130.97215,31.32542],[130.97282,31.32645],[130.97419,31.32738],[130.97587,31.32934],[130.97675,31.32961],[130.97652,31.33158],[130.97561,31.33158],[130.97331,31.33031],[130.97241,31.32922],[130.97248,31.32762],[130.97116,31.32811],[130.96956,31.32812],[130.96752,31.32716],[130.96533,31.32485]]]},"properties":{"hoanrinKind":"保安林"}},
{"type":"Feature","geometry":{"type":"Polygon","coordinates":[[[130.47256,31.33441],[130.47304,31.33339],[130.47816,31.33278],[130.48023,31.33393],[130.48046,31.33196],[130.48541,31.33415],[130.48567,31.33547],[130.48304,31.33636],[130.48185,31.3372],[130.48015,31.33675],[130.479,31.33543],[130.47714,31.33551],[130.47531,31.33467],[130.47478,31.33604],[130.47222,31.33509],[130.47256,31.33441]]]},"properties":{"hoanrinKind":"保安林"}},
{"type":"Feature","geometry":{"type":"Polygon","coordinates":[[[130.31396,31.33763],[130.31551,31.33733],[130.31503,31.33874],[130.31396,31.33763]]]},"properties":{"hoanrinKind":"保安林"}},
{"type":"Feature","geometry":{"type":"Polygon","coordinates":[[[130.44333,31.33634],[130.44477,31.33475],[130.44665,31.33578],[130.44546,31.33624],[130.44333,31.33634]]]},"properties":{"hoanrinKind":"保安林"}},
{"type":"Feature","geometry":{"type":"Polygon","coordinates":[[[130.21863,31.33612],[130.2205,31.33674],[130.2207,31.33792],[130.21997,31.33866],[130.21882,31.33823],[130.21863,31.33612]]]},"properties":{"hoanrinKind":"保安林"}},
{"type":"Feature","geometry":{"type":"Polygon","coordinates":[[[130.22446,31.32929],[130.22591,31.32834],[130.23245,31.32868],[130.23263,31.32967],[130.23184,31.33161],[130.23171,31.33307],[130.22911,31.33549],[130.22845,31.33475],[130.228,31.33184],[130.22841,31.33108],[130.22731,31.3294],[130.2263,31.32981],[130.22745,31.33254],[130.2262,31.33277],[130.22528,31.33198],[130.22446,31.32929]]]},"properties":{"hoanrinKind":"保安林"}},
{"type":"Feature","geometry":{"type":"Polygon","coordinates":[[[130.29491,31.33324],[130.29654,31.33286],[130.29779,31.33173],[130.29786,31.33074],[130.29918,31.33089],[130.29836,31.33315],[130.29542,31.33376],[130.29491,31.33324]]]},"properties":{"hoanrinKind":"保安林"}},
{"type":"Feature","geometry":{"type":"Polygon","coordinates":[[[130.34862,31.32941],[130.34924,31.32856],[130.35137,31.32792],[130.35161,31.32901],[130.35076,31.33037],[130.35085,31.33167],[130.3486,31.33026],[130.34862,31.32941]]]},"properties":{"hoanrinKind":"保安林"}},
{"type":"Feature","geometry":{"type":"Polygon","coordinates":[[[130.29156,31.3307],[130.29274,31.33079],[130.29463,31.33214],[130.29275,31.33322],[130.29234,31.33174],[130.29156,31.3307]]]},"properties":{"hoanrinKind":"保安林"}},
{"type":"Feature","geometry":{"type":"Polygon","coordinates":[[[130.23242,31.33263],[130.23307,31.33283],[130.23316,31.33355],[130.23247,31.33324],[130.23242,31.33263]]]},"properties":{"hoanrinKind":"保安林"}},
{"type":"Feature","geometry":{"type":"Polygon","coordinates":[[[130.47003,31.32906],[130.47183,31.32887],[130.47475,31.32957],[130.47281,31.33077],[130.47182,31.33077],[130.46987,31.32975],[130.47003,31.32906]]]},"properties":{"hoanrinKind":"保安林"}},
{"type":"Feature","geometry":{"type":"Polygon","coordinates":[[[130.80618,31.32574],[130.80686,31.32557],[130.80689,31.32638],[130.80618,31.32574]]]},"properties":{"hoanrinKind":"保安林"}},
{"type":"Feature","geometry":{"type":"Polygon","coordinates":[[[130.46182,31.3297],[130.46201,31.32843],[130.46445,31.32822],[130.46437,31.32961],[130.46349,31.33031],[130.46182,31.3297]]]},"properties":{"hoanrinKind":"保安林"}},
{"type":"Feature","geometry":{"type":"Polygon","coordinates":[[[130.28224,31.32873],[130.28291,31.32752],[130.28419,31.32808],[130.28588,31.32777],[130.28585,31.32881],[130.28708,31.33],[130.28796,31.32965],[130.28923,31.33008],[130.28906,31.33169],[130.28751,31.33164],[130.28625,31.33207],[130.28405,31.33028],[130.28418,31.32961],[130.28224,31.32873]]]},"properties":{"hoanrinKind":"保安林"}},
{"type":"Feature","geometry":{"type":"Polygon","coordinates":[[[130.86869,31.32442],[130.86888,31.32393],[130.86972,31.32382],[130.87035,31.32356],[130.87042,31.32392],[130.86967,31.32408],[130.86905,31.32443],[130.86869,31.32442]]]},"properties":{"hoanrinKind":"保安林"}},
{"type":"Feature","geometry":{"type":"Polygon","coordinates":[[[130.21727,31.32833],[130.21915,31.32754],[130.22382,31.3291],[130.22226,31.3309],[130.21986,31.33206],[130.21797,31.33208],[130.21727,31.32833]]]},"properties":{"hoanrinKind":"保安林"}},
{"type":"Feature","geometry":{"type":"Polygon","coordinates":[[[130.23472,31.33136],[130.23575,31.33091],[130.2359,31.33151],[130.23472,31.33136]]]},"properties":{"hoanrinKind":"保安林"}},
{"type":"Feature","geometry":{"type":"Polygon","coordinates":[[[130.18982,31.32935],[130.19169,31.3292],[130.19211,31.33096],[130.19111,31.33177],[130.1902,31.33138],[130.18982,31.32935]]]},"properties":{"hoanrinKind":"保安林"}},
{"type":"Feature","geometry":{"type":"Polygon","coordinates":[[[130.1927,31.331],[130.19347,31.32982],[130.19515,31.32893],[130.19561,31.32944],[130.1927,31.331]]]},"properties":{"hoanrinKind":"保安林"}},
{"type":"Feature","geometry":{"type":"Polygon","coordinates":[[[130.81718,31.32161],[130.81824,31.32116],[130.81942,31.32189],[130.81834,31.32224],[130.81718,31.32161]]]},"properties":{"hoanrinKind":"保安林"}},
{"type":"Feature","geometry":{"type":"Polygon","coordinates":[[[130.18208,31.32916],[130.18305,31.32868],[130.18442,31.32919],[130.18469,31.32984],[130.18287,31.32977],[130.18208,31.32916]]]},"properties":{"hoanrinKind":"保安林"}},
{"type":"Feature","geometry":{"type":"Polygon","coordinates":[[[130.18083,31.32895],[130.18145,31.32872],[130.18151,31.32956],[130.18119,31.32983],[130.18083,31.32895]]]},"properties":{"hoanrinKind":"保安林"}},
{"type":"Feature","geometry":{"type":"Polygon","coordinates":[[[131.10381,31.31701],[131.10471,31.31413],[131.1061,31.3148],[131.10615,31.31641],[131.10531,31.31701],[131.10381,31.31701]]]},"properties":{"hoanrinKind":"保安林"}},
{"type":"Feature","geometry":{"type":"Polygon","coordinates":[[[130.28373,31.32686],[130.28529,31.3262],[130.28542,31.32712],[130.28373,31.32686]]]},"properties":{"hoanrinKind":"保安林"}},
{"type":"Feature","geometry":{"type":"Polygon","coordinates":[[[130.31155,31.32423],[130.31202,31.32417],[130.31211,31.32642],[130.31157,31.32613],[130.31155,31.32423]]]},"properties":{"hoanrinKind":"保安林"}},
{"type":"Feature","geometry":{"type":"Polygon","coordinates":[[[131.09951,31.31319],[131.10053,31.313],[131.10227,31.31135],[131.10444,31.31177],[131.10409,31.31333],[131.10108,31.31376],[131.09951,31.31319]]]},"properties":{"hoanrinKind":"保安林"}},
{"type":"Feature","geometry":{"type":"Polygon","coordinates":[[[130.31418,31.31781],[130.31548,31.3178],[130.31657,31.31897],[130.31757,31.31813],[130.32069,31.31841],[130.32249,31.32007],[130.32299,31.32177],[130.32201,31.3218],[130.32072,31.32314],[130.31896,31.32402],[130.31658,31.32232],[130.31693,31.32055],[130.31452,31.32133],[130.31418,31.31781]]]},"properties":{"hoanrinKind":"保安林"}},
{"type":"Feature","geometry":{"type":"Polygon","coordinates":[[[130.34462,31.31917],[130.34511,31.31813],[130.34645,31.31794],[130.34686,31.31875],[130.3483,31.31874],[130.35164,31.31717],[130.35217,31.31662],[130.35445,31.31643],[130.35715,31.31454],[130.35812,31.315],[130.35883,31.31387],[130.36103,31.31304],[130.36095,31.31461],[130.35931,31.31443],[130.35863,31.31628],[130.35779,31.31718],[130.3582,31.31861],[130.35709,31.32022],[130.35624,31.31743],[130.3529,31.319],[130.35233,31.31971],[130.35361,31.32125],[130.35231,31.32183],[130.35031,31.32086],[130.34632,31.32051],[130.3449,31.32003],[130.34462,31.31917]]]},"properties":{"hoanrinKind":"保安林"}},
{"type":"Feature","geometry":{"type":"Polygon","coordinates":[[[130.35466,31.32103],[130.3559,31.32118],[130.35704,31.32068],[130.35768,31.32097],[130.35598,31.32197],[130.35575,31.32135],[130.35466,31.32103]]]},"properties":{"hoanrinKind":"保安林"}},
{"type":"Feature","geometry":{"type":"Polygon","coordinates":[[[130.35793,31.32038],[130.35929,31.32023],[130.35942,31.32079],[130.35793,31.32038]]]},"properties":{"hoanrinKind":"保安林"}},
{"type":"Feature","geometry":{"type":"Polygon","coordinates":[[[130.81539,31.31301],[130.81709,31.31211],[130.81775,31.3135],[130.81858,31.31373],[130.82184,31.31291],[130.82254,31.3119],[130.82356,31.31216],[130.82213,31.314],[130.82091,31.31493],[130.81925,31.31499],[130.81704,31.31437],[130.81539,31.31301]]]},"properties":{"hoanrinKind":"保安林"}},
{"type":"Feature","geometry":{"type":"Polygon","coordinates":[[[130.28226,31.31787],[130.28345,31.31788],[130.28346,31.31875],[130.28263,31.31924],[130.28226,31.31787]]]},"properties":{"hoanrinKind":"保安林"}},
{"type":"Feature","geometry":{"type":"Polygon","coordinates":[[[130.36048,31.31722],[130.36079,31.31723],[130.36107,31.31798],[130.36074,31.31812],[130.36036,31.3175],[130.36048,31.31722]]]},"properties":{"hoanrinKind":"保安林"}},
{"type":"Feature","geometry":{"type":"Polygon","coordinates":[[[130.24678,31.31829],[130.24716,31.31724],[130.24779,31.31742],[130.24734,31.31817],[130.24678,31.31829]]]},"properties":{"hoanrinKind":"保安林"}},
{"type":"Feature","geometry":{"type":"Polygon","coordinates":[[[130.89834,31.30985],[130.89873,31.30894],[130.90017,31.30765],[130.90165,31.30741],[130.90206,31.30823],[130.89834,31.30985]]]},"properties":{"hoanrinKind":"保安林"}},
{"type":"Feature","geometry":{"type":"Polygon","coordinates":[[[130.19675,31.31752],[130.19803,31.31716],[130.19842,31.31671],[130.19926,31.31693],[130.19689,31.31804],[130.19675,31.31752]]]},"properties":{"hoanrinKind":"保安林"}},
{"type":"Feature","geometry":{"type":"Polygon","coordinates":[[[130.99132,31.30373],[130.99327,31.30412],[130.99441,31.30272],[130.99549,31.30389],[130.99663,31.30383],[130.99842,31.30513],[130.99762,31.30597],[130.99821,31.30684],[131.00052,31.30452],[131.00219,31.30539],[130.99903,31.30769],[130.996,31.30799],[130.99518,31.30604],[130.99099,31.30427],[130.99132,31.30373]]]},"properties":{"hoanrinKind":"保安林"}},
{"type":"Feature","geometry":{"type":"Polygon","coordinates":[[[130.36297,31.31252],[130.36429,31.31108],[130.36467,31.30931],[130.36566,31.30783],[130.36643,31.30818],[130.36585,31.31051],[130.36913,31.31037],[130.3699,31.3117],[130.37091,31.31196],[130.37003,31.31397],[130.36792,31.31433],[130.36508,31.31593],[130.36362,31.31418],[130.36297,31.31252]]]},"properties":{"hoanrinKind":"保安林"}},
{"type":"Feature","geometry":{"type":"Polygon","coordinates":[[[130.28087,31.31526],[130.28138,31.3153],[130.28219,31.31662],[130.28097,31.3163],[130.28087,31.31526]]]},"properties":{"hoanrinKind":"保安林"}},
{"type":"Feature","geometry":{"type":"Polygon","coordinates":[[[130.80841,31.30823],[130.81271,31.30848],[130.8151,31.30761],[130.81674,31.30597],[130.81835,31.30762],[130.81432,31.30887],[130.81187,31.31016],[130.81024,31.30993],[130.80898,31.30926],[130.80841,31.30823]]]},"properties":{"hoanrinKind":"保安林"}},
{"type":"Feature","geometry":{"type":"Polygon","coordinates":[[[130.89751,31.30667],[130.89946,31.30667],[130.89819,31.30828],[130.89751,31.30667]]]},"properties":{"hoanrinKind":"保安林"}},
{"type":"Feature","geometry":{"type":"Polygon","coordinates":[[[130.85046,31.30736],[130.85143,31.30771],[130.85117,31.30789],[130.85039,31.30761],[130.85046,31.30736]]]},"properties":{"hoanrinKind":"保安林"}},
{"type":"Feature","geometry":{"type":"Polygon","coordinates":[[[131.07531,31.29235],[131.07953,31.29373],[131.08078,31.29464],[131.08307,31.29547],[131.08532,31.29706],[131.08717,31.29963],[131.08848,31.30194],[131.08783,31.30249],[131.08631,31.29927],[131.08496,31.29836],[131.08347,31.2964],[131.08,31.29483],[131.07784,31.29407],[131.07531,31.29235]]]},"properties":{"hoanrinKind":"保安林"}},
{"type":"Feature","geometry":{"type":"Polygon","coordinates":[[[130.34127,31.31133],[130.34302,31.31013],[130.34473,31.31094],[130.34385,31.31214],[130.34188,31.31305],[130.34127,31.31133]]]},"properties":{"hoanrinKind":"保安林"}},
{"type":"Feature","geometry":{"type":"Polygon","coordinates":[[[130.87679,31.30068],[130.87807,31.29994],[130.87959,31.30119],[130.87912,31.30321],[130.87701,31.30288],[130.87679,31.30068]]]},"properties":{"hoanrinKind":"保安林"}},
{"type":"Feature","geometry":{"type":"Polygon","coordinates":[[[130.50217,31.30455],[130.50379,31.30376],[130.50281,31.303],[130.50313,31.30171],[130.50453,31.30105],[130.50856,31.30413],[130.50942,31.30529],[130.50876,31.30594],[130.50566,31.30577],[130.50271,31.30512],[130.50217,31.30455]]]},"properties":{"hoanrinKind":"保安林"}},
{"type":"Feature","geometry":{"type":"Polygon","coordinates":[[[130.8925,31.29929],[130.89348,31.29866],[130.8944,31.29908],[130.89328,31.2999],[130.8925,31.29929]]]},"properties":{"hoanrinKind":"保安林"}},
{"type":"Feature","geometry":{"type":"Polygon","coordinates":[[[130.24388,31.30549],[130.24417,31.30489],[130.24638,31.30429],[130.24788,31.30432],[130.25001,31.30339],[130.25206,31.30295],[130.2535,31.30311],[130.25285,31.30425],[130.25157,31.3042],[130.25137,31.30508],[130.25005,31.30533],[130.24904,31.30631],[130.24756,31.30636],[130.24577,31.30756],[130.24422,31.30683],[130.24388,31.30549]]]},"properties":{"hoanrinKind":"保安林"}},
{"type":"Feature","geometry":{"type":"Polygon","coordinates":[[[130.89195,31.29046],[130.89272,31.28942],[130.89545,31.28852],[130.89884,31.28663],[130.90318,31.2866],[130.90617,31.28868],[130.90499,31.29047],[130.90363,31.29124],[130.90222,31.294],[130.90071,31.29437],[130.89926,31.29294],[130.89751,31.29291],[130.89656,31.29137],[130.89542,31.29116],[130.89282,31.29162],[130.89195,31.29046]]]},"properties":{"hoanrinKind":"保安林"}},
{"type":"Feature","geometry":{"type":"Polygon","coordinates":[[[131.0719,31.28714],[131.07233,31.28534],[131.07299,31.28472],[131.0726,31.28306],[131.0737,31.28141],[131.07515,31.28132],[131.07401,31.2839],[131.0733,31.28671],[131.07322,31.28823],[131.07195,31.28873],[131.0719,31.28714]]]},"properties":{"hoanrinKind":"保安林"}},
{"type":"Feature","geometry":{"type":"Polygon","coordinates":[[[130.3293,31.29535],[130.33043,31.29471],[130.33175,31.2958],[130.32936,31.29615],[130.3293,31.29535]]]},"properties":{"hoanrinKind":"保安林"}},
{"type":"Feature","geometry":{"type":"Polygon","coordinates":[[[130.20448,31.29455],[130.20501,31.29384],[130.20713,31.29434],[130.20709,31.2953],[130.20615,31.29675],[130.20347,31.29611],[130.20448,31.29455]]]},"properties":{"hoanrinKind":"保安林"}},
{"type":"Feature","geometry":{"type":"Polygon","coordinates":[[[130.2,31.29102],[130.20066,31.28981],[130.20143,31.28999],[130.20045,31.29247],[130.2,31.29102]]]},"properties":{"hoanrinKind":"保安林"}},
{"type":"Feature","geometry":{"type":"Polygon","coordinates":[[[130.90925,31.28211],[130.90971,31.28193],[130.91006,31.28285],[130.90927,31.28275],[130.90925,31.28211]]]},"properties":{"hoanrinKind":"保安林"}},
{"type":"Feature","geometry":{"type":"Polygon","coordinates":[[[130.91003,31.28159],[130.91058,31.28255],[130.91118,31.28258],[130.91113,31.28373],[130.91026,31.28271],[130.91003,31.28159]]]},"properties":{"hoanrinKind":"保安林"}},
{"type":"Feature","geometry":{"type":"Polygon","coordinates":[[[130.87317,31.28135],[130.8739,31.28174],[130.87451,31.28143],[130.8743,31.28213],[130.87394,31.28212],[130.87317,31.28135]]]},"properties":{"hoanrinKind":"保安林"}},
{"type":"Feature","geometry":{"type":"Polygon","coordinates":[[[131.05957,31.27146],[131.06054,31.27034],[131.06298,31.26997],[131.06428,31.27034],[131.06574,31.2714],[131.06669,31.27132],[131.06783,31.27265],[131.06756,31.27334],[131.06575,31.2738],[131.06611,31.27541],[131.06707,31.27564],[131.06843,31.27492],[131.07053,31.27531],[131.0715,31.27452],[131.07271,31.27575],[131.07089,31.27738],[131.06976,31.27678],[131.0675,31.27704],[131.06656,31.27853],[131.06541,31.27859],[131.06489,31.27712],[131.0639,31.27571],[131.06448,31.27372],[131.06276,31.27275],[131.06188,31.27338],[131.05989,31.27212],[131.05957,31.27146]]]},"properties":{"hoanrinKind":"保安林"}},
{"type":"Feature","geometry":{"type":"Polygon","coordinates":[[[130.86888,31.27248],[130.86961,31.27228],[130.87149,31.27341],[130.87261,31.27159],[130.86996,31.27167],[130.87264,31.26952],[130.87408,31.26962],[130.87459,31.27135],[130.87541,31.2725],[130.87535,31.27336],[130.87661,31.27479],[130.87552,31.2761],[130.8754,31.27709],[130.87642,31.27765],[130.8763,31.27887],[130.87735,31.28028],[130.87628,31.28053],[130.87429,31.27897],[130.87268,31.27698],[130.87133,31.27436],[130.86888,31.27248]]]},"properties":{"hoanrinKind":"保安林"}},
{"type":"Feature","geometry":{"type":"Polygon","coordinates":[[[130.9469,31.27483],[130.94751,31.27352],[130.94878,31.2736],[130.94951,31.27237],[130.95222,31.27327],[130.95303,31.27602],[130.95462,31.27702],[130.95297,31.27809],[130.95173,31.27816],[130.95114,31.27965],[130.95033,31.27935],[130.95148,31.27714],[130.95166,31.27613],[130.951,31.27512],[130.94877,31.27509],[130.94787,31.27643],[130.9469,31.27483]]]},"properties":{"hoanrinKind":"保安林"}},
{"type":"Feature","geometry":{"type":"Polygon","coordinates":[[[131.10031,31.27666],[131.10158,31.27605],[131.10343,31.27598],[131.10283,31.27712],[131.10031,31.27666]]]},"properties":{"hoanrinKind":"保安林"}},
{"type":"Feature","geometry":{"type":"Polygon","coordinates":[[[130.22593,31.28577],[130.22769,31.28548],[130.22734,31.28815],[130.22649,31.28796],[130.22593,31.28577]]]},"properties":{"hoanrinKind":"保安林"}},
{"type":"Feature","geometry":{"type":"Polygon","coordinates":[[[130.93308,31.27306],[130.93367,31.27327],[130.93414,31.27431],[130.93352,31.27434],[130.93308,31.27306]]]},"properties":{"hoanrinKind":"保安林"}},
{"type":"Feature","geometry":{"type":"Polygon","coordinates":[[[130.40633,31.28022],[130.40683,31.2799],[130.40684,31.28071],[130.40632,31.28068],[130.40633,31.28022]]]},"properties":{"hoanrinKind":"保安林"}},
{"type":"Feature","geometry":{"type":"Polygon","coordinates":[[[130.84125,31.27364],[130.84288,31.27327],[130.84346,31.27465],[130.84125,31.27364]]]},"properties":{"hoanrinKind":"保安林"}},
{"type":"Feature","geometry":{"type":"Polygon","coordinates":[[[130.95919,31.26705],[130.96009,31.26576],[130.96233,31.26505],[130.96477,31.26512],[130.96727,31.26258],[130.97099,31.26196],[130.97182,31.26219],[130.97065,31.26589],[130.97024,31.26831],[130.96777,31.27006],[130.96688,31.27134],[130.9625,31.27147],[130.96066,31.27124],[130.95965,31.26943],[130.95919,31.26705]]]},"properties":{"hoanrinKind":"保安林"}},
{"type":"Feature","geometry":{"type":"Polygon","coordinates":[[[130.97233,31.27156],[130.97417,31.27017],[130.97425,31.27097],[130.97361,31.27195],[130.97233,31.27156]]]},"properties":{"hoanrinKind":"保安林"}},
{"type":"Feature","geometry":{"type":"Polygon","coordinates":[[[131.0516,31.27024],[131.05232,31.26975],[131.05241,31.27021],[131.05203,31.27058],[131.0516,31.27024]]]},"properties":{"hoanrinKind":"保安林"}},
{"type":"Feature","geometry":{"type":"Polygon","coordinates":[[[130.86815,31.27243],[130.86855,31.27219],[130.86871,31.27278],[130.86849,31.2729],[130.86815,31.27243]]]},"properties":{"hoanrinKind":"保安林"}},
{"type":"Feature","geometry":{"type":"Polygon","coordinates":[[[130.86414,31.27196],[130.86512,31.27149],[130.86507,31.27269],[130.86419,31.27273],[130.86414,31.27196]]]},"properties":{"hoanrinKind":"保安林"}},
{"type":"Feature","geometry":{"type":"Polygon","coordinates":[[[130.94796,31.27089],[130.94886,31.2698],[130.95286,31.26798],[130.95437,31.26851],[130.95617,31.26722],[130.95784,31.2684],[130.95265,31.26994],[130.95194,31.2695],[130.94982,31.27096],[130.94796,31.27089]]]},"properties":{"hoanrinKind":"保安林"}},
{"type":"Feature","geometry":{"type":"Polygon","coordinates":[[[131.09106,31.26773],[131.09113,31.26753],[131.09154,31.26744],[131.0914,31.26788],[131.09106,31.26773]]]},"properties":{"hoanrinKind":"保安林"}},
{"type":"Feature","geometry":{"type":"Polygon","coordinates":[[[130.21439,31.27231],[130.21598,31.27123],[130.21746,31.2722],[130.21915,31.27259],[130.22045,31.27372],[130.2215,31.27352],[130.22196,31.27252],[130.22371,31.27298],[130.22124,31.27445],[130.22093,31.27566],[130.21937,31.27677],[130.21705,31.27543],[130.21554,31.27561],[130.21525,31.27307],[130.21439,31.27231]]]},"properties":{"hoanrinKind":"保安林"}},
{"type":"Feature","geometry":{"type":"Polygon","coordinates":[[[130.2287,31.27304],[130.22929,31.27293],[130.22947,31.27371],[130.22881,31.27385],[130.2287,31.27304]]]},"properties":{"hoanrinKind":"保安林"}},
{"type":"Feature","geometry":{"type":"Polygon","coordinates":[[[130.32688,31.26951],[130.3282,31.26975],[130.32865,31.2709],[130.32763,31.27125],[130.32688,31.26951]]]},"properties":{"hoanrinKind":"保安林"}},
{"type":"Feature","geometry":{"type":"Polygon","coordinates":[[[130.32497,31.27145],[130.32583,31.27175],[130.32501,31.2722],[130.32497,31.27145]]]},"properties":{"hoanrinKind":"保安林"}},
{"type":"Feature","geometry":{"type":"Polygon","coordinates":[[[130.90951,31.25566],[130.91045,31.25494],[130.91184,31.25557],[130.91307,31.25672],[130.91238,31.2576],[130.91245,31.25946],[130.91337,31.26042],[130.91268,31.26134],[130.91161,31.26067],[130.91143,31.25906],[130.91023,31.25751],[130.91037,31.25628],[130.90951,31.25566]]]},"properties":{"hoanrinKind":"保安林"}},
{"type":"Feature","geometry":{"type":"Polygon","coordinates":[[[130.22246,31.26546],[130.22416,31.26499],[130.22373,31.26648],[130.2249,31.26689],[130.22462,31.26856],[130.2235,31.26919],[130.22277,31.26848],[130.22246,31.26546]]]},"properties":{"hoanrinKind":"保安林"}},
{"type":"Feature","geometry":{"type":"Polygon","coordinates":[[[130.51326,31.25431],[130.51412,31.25313],[130.51533,31.25413],[130.51801,31.25384],[130.51941,31.25417],[130.52104,31.2552],[130.52269,31.25674],[130.52126,31.2574],[130.51888,31.25688],[130.51727,31.25764],[130.51468,31.25582],[130.51326,31.25431]]]},"properties":{"hoanrinKind":"保安林"}},
{"type":"Feature","geometry":{"type":"Polygon","coordinates":[[[131.05868,31.24726],[131.06098,31.2476],[131.064,31.24665],[131.06073,31.24558],[131.0612,31.24451],[131.06525,31.24658],[131.0683,31.24513],[131.06712,31.24395],[131.06825,31.24322],[131.06955,31.24352],[131.07083,31.24464],[131.06977,31.24508],[131.06783,31.24778],[131.06608,31.2478],[131.06267,31.24938],[131.06082,31.24877],[131.05868,31.24726]]]},"properties":{"hoanrinKind":"保安林"}},
{"type":"Feature","geometry":{"type":"Polygon","coordinates":[[[130.31524,31.25861],[130.31651,31.25753],[130.31941,31.25706],[130.31901,31.25846],[130.31739,31.25901],[130.31524,31.25861]]]},"properties":{"hoanrinKind":"保安林"}},
{"type":"Feature","geometry":{"type":"Polygon","coordinates":[[[130.27991,31.25836],[130.27997,31.25793],[130.28029,31.25827],[130.27991,31.25836]]]},"properties":{"hoanrinKind":"保安林"}},
{"type":"Feature","geometry":{"type":"Polygon","coordinates":[[[131.07588,31.24619],[131.07643,31.24637],[131.07672,31.24676],[131.07635,31.24688],[131.07588,31.24619]]]},"properties":{"hoanrinKind":"保安林"}},
{"type":"Feature","geometry":{"type":"Polygon","coordinates":[[[130.33938,31.25607],[130.34025,31.25559],[130.3405,31.25569],[130.33984,31.25615],[130.33938,31.25607]]]},"properties":{"hoanrinKind":"保安林"}},
{"type":"Feature","geometry":{"type":"Polygon","coordinates":[[[130.26258,31.25638],[130.26535,31.25505],[130.26678,31.25381],[130.27579,31.24941],[130.27264,31.25177],[130.26945,31.25384],[130.26838,31.25514],[130.26745,31.25432],[130.26625,31.25581],[130.26554,31.25547],[130.26281,31.25676],[130.26258,31.25638]]]},"properties":{"hoanrinKind":"保安林"}},
{"type":"Feature","geometry":{"type":"Polygon","coordinates":[[[130.24339,31.25338],[130.24635,31.25489],[130.24556,31.25634],[130.24427,31.25544],[130.24339,31.25338]]]},"properties":{"hoanrinKind":"保安林"}},
{"type":"Feature","geometry":{"type":"Polygon","coordinates":[[[130.44579,31.25302],[130.44852,31.25224],[130.45275,31.25163],[130.45015,31.25281],[130.44579,31.25302]]]},"properties":{"hoanrinKind":"保安林"}},
{"type":"Feature","geometry":{"type":"Polygon","coordinates":[[[130.27933,31.2544],[130.28022,31.25336],[130.28118,31.25431],[130.2806,31.25497],[130.27933,31.2544]]]},"properties":{"hoanrinKind":"保安林"}},
{"type":"Feature","geometry":{"type":"Polygon","coordinates":[[[130.99192,31.23977],[130.99293,31.23821],[130.99627,31.23416],[130.9964,31.23609],[130.99484,31.23694],[130.99364,31.23813],[130.99305,31.23957],[130.99332,31.24099],[130.99531,31.24344],[130.99387,31.24439],[130.99326,31.24345],[130.99327,31.24215],[130.99192,31.23977]]]},"properties":{"hoanrinKind":"保安林"}},
{"type":"Feature","geometry":{"type":"Polygon","coordinates":[[[130.43772,31.25231],[130.43908,31.25096],[130.43972,31.25177],[130.43932,31.25286],[130.43772,31.25231]]]},"properties":{"hoanrinKind":"保安林"}},
{"type":"Feature","geometry":{"type":"Polygon","coordinates":[[[130.42565,31.25025],[130.42637,31.24939],[130.42852,31.24892],[130.43063,31.24742],[130.43385,31.24711],[130.43446,31.24754],[130.43404,31.24907],[130.43594,31.24942],[130.43607,31.25193],[130.43487,31.25118],[130.43496,31.24998],[130.43372,31.24967],[130.43363,31.24873],[130.43269,31.24811],[130.43027,31.24884],[130.42939,31.25031],[130.42715,31.25125],[130.42565,31.25025]]]},"properties":{"hoanrinKind":"保安林"}},
{"type":"Feature","geometry":{"type":"Polygon","coordinates":[[[130.81769,31.24591],[130.81904,31.2446],[130.8194,31.24547],[130.81887,31.24632],[130.81769,31.24591]]]},"properties":{"hoanrinKind":"保安林"}},
{"type":"Feature","geometry":{"type":"Polygon","coordinates":[[[130.82051,31.2451],[130.82105,31.2449],[130.82101,31.24594],[130.82051,31.2451]]]},"properties":{"hoanrinKind":"保安林"}},
{"type":"Feature","geometry":{"type":"Polygon","coordinates":[[[130.4661,31.25006],[130.46637,31.24971],[130.46788,31.24914],[130.46952,31.24836],[130.47081,31.24791],[130.47077,31.2483],[130.46913,31.249],[130.46771,31.24941],[130.46744,31.24969],[130.4661,31.25006]]]},"properties":{"hoanrinKind":"保安林"}},
{"type":"Feature","geometry":{"type":"Polygon","coordinates":[[[130.41902,31.24842],[130.42201,31.24769],[130.42319,31.24697],[130.42454,31.24824],[130.41902,31.24842]]]},"properties":{"hoanrinKind":"保安林"}},
{"type":"Feature","geometry":{"type":"Polygon","coordinates":[[[130.27542,31.25039],[130.27675,31.24909],[130.27799,31.25043],[130.2762,31.25116],[130.27542,31.25039]]]},"properties":{"hoanrinKind":"保安林"}},
{"type":"Feature","geometry":{"type":"Polygon","coordinates":[[[130.47188,31.24709],[130.47499,31.2455],[130.48012,31.24221],[130.48466,31.23912],[130.48212,31.24252],[130.48058,31.24312],[130.47921,31.24458],[130.47618,31.24662],[130.47477,31.24709],[130.47188,31.24709]]]},"properties":{"hoanrinKind":"保安林"}},
{"type":"Feature","geometry":{"type":"Polygon","coordinates":[[[131.01526,31.23714],[131.01613,31.23698],[131.01605,31.23738],[131.01542,31.23745],[131.01526,31.23714]]]},"properties":{"hoanrinKind":"保安林"}},
{"type":"Feature","geometry":{"type":"Polygon","coordinates":[[[131.00804,31.23229],[131.0095,31.23222],[131.01006,31.23314],[131.01344,31.23252],[131.01158,31.23006],[131.01015,31.23073],[131.009,31.22944],[131.01287,31.22922],[131.01308,31.23115],[131.01434,31.23253],[131.01549,31.2323],[131.01711,31.23341],[131.0162,31.23501],[131.01386,31.23649],[131.0129,31.23655],[131.01111,31.23442],[131.00943,31.23493],[131.00852,31.23384],[131.00804,31.23229]]]},"properties":{"hoanrinKind":"保安林"}},
{"type":"Feature","geometry":{"type":"Polygon","coordinates":[[[130.83453,31.23499],[130.83471,31.23419],[130.83648,31.23274],[130.83703,31.23369],[130.83616,31.23523],[130.83884,31.23497],[130.8421,31.23695],[130.84197,31.23782],[130.83948,31.23883],[130.83889,31.23804],[130.83883,31.23636],[130.83729,31.23565],[130.83476,31.23563],[130.83453,31.23499]]]},"properties":{"hoanrinKind":"保安林"}},
{"type":"Feature","geometry":{"type":"Polygon","coordinates":[[[131.00362,31.23413],[131.00436,31.23422],[131.00397,31.23479],[131.00362,31.23413]]]},"properties":{"hoanrinKind":"保安林"}},
{"type":"Feature","geometry":{"type":"Polygon","coordinates":[[[130.83918,31.23456],[130.84069,31.23402],[130.8428,31.23523],[130.83989,31.23508],[130.83918,31.23456]]]},"properties":{"hoanrinKind":"保安林"}},
{"type":"Feature","geometry":{"type":"Polygon","coordinates":[[[131.0433,31.23071],[131.04367,31.23076],[131.04368,31.23114],[131.04336,31.23119],[131.0433,31.23071]]]},"properties":{"hoanrinKind":"保安林"}},
{"type":"Feature","geometry":{"type":"Polygon","coordinates":[[[130.84282,31.23299],[130.84447,31.2322],[130.84536,31.23271],[130.84702,31.23203],[130.84801,31.2324],[130.84595,31.23358],[130.84439,31.23276],[130.84282,31.23299]]]},"properties":{"hoanrinKind":"保安林"}},
{"type":"Feature","geometry":{"type":"Polygon","coordinates":[[[130.48679,31.23739],[130.48784,31.23636],[130.4918,31.23329],[130.49131,31.23453],[130.48955,31.23553],[130.48788,31.23708],[130.48679,31.23739]]]},"properties":{"hoanrinKind":"保安林"}},
{"type":"Feature","geometry":{"type":"Polygon","coordinates":[[[130.99279,31.22855],[130.99338,31.22813],[130.99337,31.22859],[130.99279,31.22855]]]},"properties":{"hoanrinKind":"保安林"}},
{"type":"Feature","geometry":{"type":"Polygon","coordinates":[[[131.011,31.22633],[131.01194,31.22668],[131.01166,31.22692],[131.01103,31.22671],[131.011,31.22633]]]},"properties":{"hoanrinKind":"保安林"}},
{"type":"Feature","geometry":{"type":"Polygon","coordinates":[[[130.8572,31.22631],[130.85866,31.22683],[130.85924,31.22835],[130.85791,31.229],[130.85786,31.22758],[130.8572,31.22631]]]},"properties":{"hoanrinKind":"保安林"}},
{"type":"Feature","geometry":{"type":"Polygon","coordinates":[[[131.00789,31.21969],[131.00884,31.22095],[131.01366,31.22574],[131.01253,31.2261],[131.00972,31.22229],[131.00827,31.22093],[131.00789,31.21969]]]},"properties":{"hoanrinKind":"保安林"}},
{"type":"Feature","geometry":{"type":"Polygon","coordinates":[[[131.00819,31.22286],[131.00882,31.2228],[131.01027,31.22406],[131.01069,31.22502],[131.00932,31.22448],[131.00957,31.22398],[131.00896,31.2232],[131.00819,31.22286]]]},"properties":{"hoanrinKind":"保安林"}},
{"type":"Feature","geometry":{"type":"Polygon","coordinates":[[[130.49424,31.23027],[130.49687,31.22786],[130.49939,31.22509],[130.50289,31.22173],[130.50119,31.22539],[130.49866,31.22695],[130.49844,31.22759],[130.49654,31.22893],[130.49667,31.22965],[130.49424,31.23027]]]},"properties":{"hoanrinKind":"保安林"}},
{"type":"Feature","geometry":{"type":"Polygon","coordinates":[[[131.00638,31.22101],[131.00644,31.21955],[131.00726,31.21932],[131.00794,31.22103],[131.00638,31.22101]]]},"properties":{"hoanrinKind":"保安林"}},
{"type":"Feature","geometry":{"type":"Polygon","coordinates":[[[131.0051,31.22117],[131.00565,31.22001],[131.00617,31.22109],[131.0051,31.22117]]]},"properties":{"hoanrinKind":"保安林"}},
{"type":"Feature","geometry":{"type":"Polygon","coordinates":[[[130.83177,31.21321],[130.83184,31.21255],[130.83379,31.21165],[130.83638,31.21128],[130.83815,31.21171],[130.83969,31.21088],[130.84173,31.21213],[130.84207,31.21366],[130.84043,31.21529],[130.8372,31.21449],[130.83552,31.21637],[130.83549,31.21796],[130.83489,31.21932],[130.83529,31.22087],[130.83486,31.22225],[130.83193,31.22309],[130.83311,31.22036],[130.8329,31.21768],[130.83224,31.21711],[130.83177,31.21321]]]},"properties":{"hoanrinKind":"保安林"}},
{"type":"Feature","geometry":{"type":"Polygon","coordinates":[[[130.87083,31.21905],[130.87201,31.21747],[130.87368,31.21735],[130.87535,31.21592],[130.87613,31.21704],[130.87463,31.2177],[130.87385,31.21866],[130.87378,31.2199],[130.87579,31.21934],[130.87516,31.22249],[130.87336,31.22202],[130.87147,31.22069],[130.87083,31.21905]]]},"properties":{"hoanrinKind":"保安林"}},
{"type":"Feature","geometry":{"type":"Polygon","coordinates":[[[130.99093,31.20714],[130.99353,31.20439],[130.9953,31.20321],[130.99661,31.20302],[130.99638,31.20202],[130.99874,31.20083],[130.99984,31.20355],[130.99958,31.20464],[131.00029,31.20611],[131.00225,31.20814],[131.00224,31.2095],[131.00106,31.21147],[131.00119,31.21294],[130.99957,31.21597],[131.00015,31.21719],[130.99842,31.22033],[130.99699,31.21936],[130.99563,31.21756],[130.99666,31.21729],[130.9977,31.21514],[130.99864,31.21446],[130.99899,31.2121],[130.99688,31.21032],[130.99621,31.20903],[130.99331,31.20816],[130.99093,31.20714]]]},"properties":{"hoanrinKind":"保安林"}},
{"type":"Feature","geometry":{"type":"Polygon","coordinates":[[[131.00257,31.2196],[131.00335,31.21908],[131.00314,31.22015],[131.00257,31.2196]]]},"properties":{"hoanrinKind":"保安林"}},
{"type":"Feature","geometry":{"type":"Polygon","coordinates":[[[131.00528,31.21903],[131.00578,31.21923],[131.00569,31.21973],[131.00538,31.21979],[131.00528,31.21903]]]},"properties":{"hoanrinKind":"保安林"}},
{"type":"Feature","geometry":{"type":"Polygon","coordinates":[[[131.00058,31.21723],[131.00233,31.21858],[131.00112,31.21928],[131.00058,31.21723]]]},"properties":{"hoanrinKind":"保安林"}},
{"type":"Feature","geometry":{"type":"Polygon","coordinates":[[[131.00508,31.21704],[131.0059,31.21713],[131.00644,31.21777],[131.00658,31.21838],[131.006,31.21882],[131.00588,31.21787],[131.00508,31.21704]]]},"properties":{"hoanrinKind":"保安林"}},
{"type":"Feature","geometry":{"type":"Polygon","coordinates":[[[130.81315,31.2182],[130.81555,31.21566],[130.81798,31.21474],[130.82098,31.21459],[130.81965,31.2182],[130.81789,31.21831],[130.81744,31.21729],[130.81481,31.21879],[130.81315,31.2182]]]},"properties":{"hoanrinKind":"保安林"}},
{"type":"Feature","geometry":{"type":"Polygon","coordinates":[[[131.00423,31.21343],[131.00477,31.21344],[131.00492,31.21123],[131.00628,31.21101],[131.00568,31.20955],[131.00717,31.2085],[131.00831,31.20836],[131.00826,31.21112],[131.00583,31.2134],[131.00595,31.21528],[131.00435,31.21426],[131.00423,31.21343]]]},"properties":{"hoanrinKind":"保安林"}},
{"type":"Feature","geometry":{"type":"Polygon","coordinates":[[[130.86582,31.21053],[130.86768,31.2097],[130.86976,31.2099],[130.87187,31.21084],[130.8729,31.2127],[130.87209,31.21406],[130.87345,31.21511],[130.87221,31.21552],[130.87156,31.21689],[130.86948,31.21634],[130.86887,31.21561],[130.86859,31.2135],[130.86776,31.21109],[130.86582,31.21053]]]},"properties":{"hoanrinKind":"保安林"}},
{"type":"Feature","geometry":{"type":"Polygon","coordinates":[[[130.62768,31.20923],[130.62862,31.20927],[130.62941,31.21123],[130.63243,31.21342],[130.63147,31.2137],[130.62888,31.21256],[130.62782,31.21082],[130.62768,31.20923]]]},"properties":{"hoanrinKind":"保安林"}},
{"type":"Feature","geometry":{"type":"Polygon","coordinates":[[[130.50776,31.21508],[130.50891,31.21361],[130.50951,31.21402],[130.50829,31.21539],[130.50776,31.21508]]]},"properties":{"hoanrinKind":"保安林"}},
{"type":"Feature","geometry":{"type":"Polygon","coordinates":[[[130.50894,31.21291],[130.51137,31.20958],[130.51385,31.20502],[130.51507,31.20567],[130.51353,31.20886],[130.51195,31.21116],[130.50894,31.21291]]]},"properties":{"hoanrinKind":"保安林"}},
{"type":"Feature","geometry":{"type":"Polygon","coordinates":[[[130.87108,31.20488],[130.87307,31.20524],[130.87248,31.20611],[130.87122,31.20585],[130.87108,31.20488]]]},"properties":{"hoanrinKind":"保安林"}},
{"type":"Feature","geometry":{"type":"Polygon","coordinates":[[[130.77053,31.20569],[130.77165,31.20653],[130.77074,31.20702],[130.77053,31.20569]]]},"properties":{"hoanrinKind":"保安林"}},
{"type":"Feature","geometry":{"type":"Polygon","coordinates":[[[130.6259,31.20685],[130.62755,31.20633],[130.62756,31.20347],[130.62844,31.20163],[130.62986,31.20035],[130.63379,31.19966],[130.63409,31.20018],[130.62974,31.20067],[130.62787,31.20364],[130.6278,31.20845],[130.6259,31.20685]]]},"properties":{"hoanrinKind":"保安林"}},
{"type":"Feature","geometry":{"type":"Polygon","coordinates":[[[131.00286,31.19982],[131.00483,31.20073],[131.00533,31.20133],[131.0049,31.20186],[131.00408,31.20077],[131.00287,31.20024],[131.00286,31.19982]]]},"properties":{"hoanrinKind":"保安林"}},
{"type":"Feature","geometry":{"type":"Polygon","coordinates":[[[130.77214,31.20365],[130.77316,31.2036],[130.77381,31.20464],[130.77271,31.2045],[130.77214,31.20365]]]},"properties":{"hoanrinKind":"保安林"}},
{"type":"Feature","geometry":{"type":"Polygon","coordinates":[[[130.51871,31.20494],[130.51963,31.20271],[130.52078,31.20302],[130.51954,31.20561],[130.52031,31.20659],[130.51875,31.20698],[130.51871,31.20494]]]},"properties":{"hoanrinKind":"保安林"}},
{"type":"Feature","geometry":{"type":"Polygon","coordinates":[[[130.8974,31.17537],[130.89905,31.17562],[130.90052,31.17649],[130.903,31.1786],[130.90501,31.17939],[130.90652,31.18115],[130.91084,31.18312],[130.91233,31.18671],[130.91373,31.1879],[130.91542,31.18869],[130.91592,31.19021],[130.91862,31.19219],[130.92178,31.19526],[130.91861,31.19634],[130.91742,31.195],[130.9153,31.19482],[130.91065,31.19908],[130.91027,31.19985],[130.90741,31.19733],[130.90615,31.19677],[130.90385,31.19444],[130.90291,31.19242],[130.90307,31.19102],[130.90258,31.18963],[130.90377,31.18783],[130.90305,31.18572],[130.90101,31.18424],[130.90141,31.18324],[130.90268,31.18209],[130.90039,31.17912],[130.89912,31.17848],[130.8974,31.17537]]]},"properties":{"hoanrinKind":"保安林"}},
{"type":"Feature","geometry":{"type":"Polygon","coordinates":[[[130.78014,31.20042],[130.78139,31.20016],[130.78596,31.19794],[130.78781,31.19794],[130.78709,31.20001],[130.7857,31.20033],[130.78461,31.20128],[130.782,31.20093],[130.78099,31.20126],[130.78014,31.20042]]]},"properties":{"hoanrinKind":"保安林"}},
{"type":"Feature","geometry":{"type":"Polygon","coordinates":[[[130.87525,31.19918],[130.87631,31.19889],[130.87615,31.19952],[130.87525,31.19918]]]},"properties":{"hoanrinKind":"保安林"}},
{"type":"Feature","geometry":{"type":"Polygon","coordinates":[[[130.87384,31.19786],[130.87469,31.19707],[130.87506,31.19749],[130.8747,31.198],[130.87384,31.19786]]]},"properties":{"hoanrinKind":"保安林"}},
{"type":"Feature","geometry":{"type":"Polygon","coordinates":[[[130.99768,31.19284],[130.99876,31.19186],[131.00109,31.19138],[131.00117,31.19314],[130.99768,31.19284]]]},"properties":{"hoanrinKind":"保安林"}},
{"type":"Feature","geometry":{"type":"Polygon","coordinates":[[[130.54573,31.19196],[130.54611,31.19162],[130.548,31.19248],[130.54755,31.19301],[130.54573,31.19196]]]},"properties":{"hoanrinKind":"保安林"}},
{"type":"Feature","geometry":{"type":"Polygon","coordinates":[[[130.50833,31.19148],[130.5092,31.19293],[130.51123,31.19437],[130.51292,31.19478],[130.51365,31.19614],[130.51014,31.19472],[130.50889,31.19376],[130.50822,31.19251],[130.50833,31.19148]]]},"properties":{"hoanrinKind":"保安林"}},
{"type":"Feature","geometry":{"type":"Polygon","coordinates":[[[130.85983,31.19019],[130.86027,31.19004],[130.8603,31.1905],[130.86005,31.1906],[130.85983,31.19019]]]},"properties":{"hoanrinKind":"保安林"}},
{"type":"Feature","geometry":{"type":"Polygon","coordinates":[[[130.85827,31.1884],[130.85899,31.18796],[130.8589,31.18864],[130.85827,31.1884]]]},"properties":{"hoanrinKind":"保安林"}},
{"type":"Feature","geometry":{"type":"Polygon","coordinates":[[[130.84875,31.18755],[130.84887,31.18714],[130.84963,31.18713],[130.84906,31.18781],[130.84875,31.18755]]]},"properties":{"hoanrinKind":"保安林"}},
{"type":"Feature","geometry":{"type":"Polygon","coordinates":[[[130.85764,31.18691],[130.85818,31.18678],[130.85854,31.18736],[130.85811,31.18753],[130.85764,31.18691]]]},"properties":{"hoanrinKind":"保安林"}},
{"type":"Feature","geometry":{"type":"Polygon","coordinates":[[[130.77192,31.18751],[130.77327,31.18609],[130.77471,31.18546],[130.77417,31.18734],[130.77192,31.18751]]]},"properties":{"hoanrinKind":"保安林"}},
{"type":"Feature","geometry":{"type":"Polygon","coordinates":[[[130.98393,31.17908],[130.98535,31.18073],[130.9842,31.18064],[130.98393,31.17908]]]},"properties":{"hoanrinKind":"保安林"}},
{"type":"Feature","geometry":{"type":"Polygon","coordinates":[[[130.91592,31.16538],[130.91733,31.16349],[130.91704,31.1606],[130.91629,31.15994],[130.91832,31.15809],[130.92077,31.1582],[130.92461,31.15867],[130.92562,31.15815],[130.9296,31.15909],[130.93281,31.15835],[130.93431,31.15898],[130.93522,31.16064],[130.93945,31.16195],[130.94092,31.16323],[130.94108,31.1646],[130.94049,31.16683],[130.94082,31.168],[130.94458,31.17091],[130.94575,31.17237],[130.94696,31.17303],[130.94576,31.17411],[130.94335,31.17512],[130.94249,31.1758],[130.94232,31.17686],[130.94514,31.17841],[130.94453,31.18236],[130.9433,31.18318],[130.94211,31.18241],[130.94037,31.18017],[130.93991,31.17877],[130.93805,31.17756],[130.93749,31.17605],[130.93588,31.17514],[130.93408,31.17525],[130.93169,31.17403],[130.93044,31.17135],[130.92852,31.17033],[130.92861,31.16941],[130.92686,31.16854],[130.92548,31.16701],[130.92306,31.16581],[130.92121,31.16432],[130.91961,31.16376],[130.91889,31.16602],[130.91708,31.16499],[130.91592,31.16538]]]},"properties":{"hoanrinKind":"保安林"}},
{"type":"Feature","geometry":{"type":"Polygon","coordinates":[[[130.51932,31.18255],[130.5207,31.18112],[130.52074,31.17717],[130.52193,31.17543],[130.52332,31.17422],[130.52539,31.17316],[130.52695,31.17285],[130.52979,31.17373],[130.53145,31.17383],[130.53424,31.17452],[130.53626,31.17686],[130.53682,31.17839],[130.53648,31.18141],[130.53528,31.18356],[130.53225,31.1859],[130.53225,31.18746],[130.53021,31.18797],[130.52655,31.18818],[130.52371,31.18684],[130.52073,31.1848],[130.51932,31.18255]]]},"properties":{"hoanrinKind":"保安林"}},
{"type":"Feature","geometry":{"type":"Polygon","coordinates":[[[130.63385,31.18552],[130.63425,31.18594],[130.63413,31.18648],[130.63356,31.18584],[130.63385,31.18552]]]},"properties":{"hoanrinKind":"保安林"}},
{"type":"Feature","geometry":{"type":"Polygon","coordinates":[[[130.61767,31.18247],[130.62227,31.1821],[130.62459,31.18114],[130.62569,31.18254],[130.62101,31.18422],[130.61894,31.18395],[130.61767,31.18247]]]},"properties":{"hoanrinKind":"保安林"}},
{"type":"Feature","geometry":{"type":"Polygon","coordinates":[[[130.98184,31.17673],[130.98316,31.17722],[130.98466,31.17499],[130.98307,31.17374],[130.98285,31.17263],[130.98373,31.17116],[130.99099,31.16996],[130.992,31.1694],[130.99365,31.16942],[130.99391,31.17015],[130.99224,31.17083],[130.99107,31.17177],[130.98946,31.17174],[130.98668,31.17256],[130.98725,31.17358],[130.98647,31.17653],[130.98483,31.1775],[130.98406,31.17848],[130.98275,31.17778],[130.98184,31.17673]]]},"properties":{"hoanrinKind":"保安林"}},
{"type":"Feature","geometry":{"type":"Polygon","coordinates":[[[130.85113,31.17705],[130.85369,31.17677],[130.85726,31.17747],[130.8568,31.17888],[130.85325,31.17874],[130.85293,31.17775],[130.85113,31.17705]]]},"properties":{"hoanrinKind":"保安林"}},
{"type":"Feature","geometry":{"type":"Polygon","coordinates":[[[130.56481,31.17538],[130.56959,31.17274],[130.57191,31.1713],[130.57645,31.16778],[130.57632,31.16869],[130.57491,31.17017],[130.57197,31.17215],[130.56504,31.17596],[130.56481,31.17538]]]},"properties":{"hoanrinKind":"保安林"}},
{"type":"Feature","geometry":{"type":"Polygon","coordinates":[[[130.76537,31.17243],[130.76747,31.17143],[130.76869,31.17148],[130.77061,31.1723],[130.7693,31.17306],[130.76734,31.17322],[130.76537,31.17243]]]},"properties":{"hoanrinKind":"保安林"}},
{"type":"Feature","geometry":{"type":"Polygon","coordinates":[[[130.8546,31.17065],[130.85559,31.16892],[130.8572,31.16922],[130.85617,31.17143],[130.8546,31.17065]]]},"properties":{"hoanrinKind":"保安林"}},
{"type":"Feature","geometry":{"type":"Polygon","coordinates":[[[130.52974,31.16357],[130.53118,31.16389],[130.532,31.16479],[130.53374,31.16562],[130.53573,31.16568],[130.53856,31.1662],[130.53904,31.16684],[130.54104,31.16745],[130.5417,31.16822],[130.54499,31.17022],[130.54745,31.17247],[130.54958,31.17342],[130.54895,31.17414],[130.54656,31.17265],[130.54415,31.17044],[130.54393,31.16993],[130.5399,31.16745],[130.53849,31.16731],[130.53702,31.1664],[130.53514,31.1661],[130.53323,31.16627],[130.53095,31.16559],[130.52974,31.16357]]]},"properties":{"hoanrinKind":"保安林"}},
{"type":"Feature","geometry":{"type":"Polygon","coordinates":[[[130.8269,31.16504],[130.82778,31.16369],[130.82785,31.16203],[130.83101,31.16164],[130.83206,31.15974],[130.83309,31.15909],[130.83467,31.15964],[130.83572,31.16118],[130.8357,31.1622],[130.83484,31.16353],[130.83319,31.16473],[130.8333,31.16606],[130.83125,31.16552],[130.83133,31.16445],[130.82969,31.16464],[130.82812,31.16538],[130.8269,31.16504]]]},"properties":{"hoanrinKind":"保安林"}},
{"type":"Feature","geometry":{"type":"Polygon","coordinates":[[[130.75952,31.13559],[130.76268,31.135],[130.76339,31.13457],[130.76684,31.13417],[130.76897,31.13415],[130.76924,31.13562],[130.77004,31.13624],[130.77178,31.13564],[130.77197,31.13639],[130.77059,31.13719],[130.77082,31.13848],[130.77212,31.14004],[130.77226,31.14106],[130.77336,31.14292],[130.77425,31.14366],[130.77552,31.14593],[130.77489,31.14816],[130.77552,31.1499],[130.77624,31.15403],[130.77946,31.15763],[130.77615,31.15582],[130.77509,31.15348],[130.77413,31.15271],[130.77346,31.15122],[130.77371,31.15002],[130.77326,31.14858],[130.77451,31.14702],[130.77432,31.14637],[130.77082,31.14402],[130.76826,31.14273],[130.76871,31.14021],[130.7686,31.13789],[130.76789,31.13722],[130.76596,31.13672],[130.76386,31.13781],[130.76217,31.13782],[130.76165,31.13655],[130.75952,31.13559]]]},"properties":{"hoanrinKind":"保安林"}},
{"type":"Feature","geometry":{"type":"Polygon","coordinates":[[[130.79898,31.15472],[130.80054,31.15181],[130.80294,31.14963],[130.80425,31.14911],[130.80719,31.14905],[130.8075,31.15049],[130.80716,31.152],[130.80838,31.15519],[130.80818,31.1563],[130.8062,31.15763],[130.80401,31.15751],[130.8051,31.15594],[130.80414,31.15397],[130.80314,31.15338],[130.80184,31.15386],[130.80129,31.15511],[130.79898,31.15472]]]},"properties":{"hoanrinKind":"保安林"}},
{"type":"Feature","geometry":{"type":"Polygon","coordinates":[[[130.8621,31.12125],[130.86327,31.12087],[130.86492,31.12146],[130.86608,31.1225],[130.86788,31.12288],[130.86971,31.1237],[130.8733,31.12442],[130.87422,31.1262],[130.87716,31.12738],[130.87944,31.12759],[130.88314,31.12749],[130.8835,31.12873],[130.8822,31.12981],[130.88325,31.13054],[130.88508,31.13074],[130.88687,31.13214],[130.88703,31.13404],[130.88808,31.1347],[130.89058,31.13506],[130.89198,31.1376],[130.89377,31.13894],[130.89273,31.13936],[130.89295,31.14053],[130.89542,31.14154],[130.89658,31.14138],[130.89751,31.14234],[130.89746,31.1433],[130.90153,31.14492],[130.90818,31.14827],[130.91019,31.14948],[130.90818,31.15165],[130.90818,31.1526],[130.90722,31.1537],[130.90572,31.1524],[130.90621,31.15068],[130.90487,31.14966],[130.90485,31.14837],[130.90343,31.14774],[130.90203,31.14845],[130.9001,31.14752],[130.90001,31.14599],[130.89868,31.1455],[130.89692,31.1455],[130.89581,31.14668],[130.89346,31.14611],[130.89373,31.14441],[130.89209,31.14364],[130.89155,31.14288],[130.88952,31.14312],[130.88885,31.14202],[130.89013,31.14132],[130.89,31.13976],[130.88848,31.1374],[130.88677,31.13838],[130.88511,31.13849],[130.88472,31.13582],[130.88396,31.13459],[130.88162,31.13342],[130.8807,31.1333],[130.87868,31.13402],[130.87657,31.13405],[130.87305,31.13188],[130.87143,31.13163],[130.87019,31.12927],[130.87107,31.12671],[130.87012,31.12605],[130.86831,31.12587],[130.86632,31.12409],[130.86337,31.12261],[130.8621,31.12125]]]},"properties":{"hoanrinKind":"保安林"}},
{"type":"Feature","geometry":{"type":"Polygon","coordinates":[[[130.90781,31.13971],[130.90983,31.13925],[130.91152,31.13695],[130.91458,31.13712],[130.91637,31.13631],[130.91631,31.13773],[130.91697,31.13946],[130.91801,31.14027],[130.9172,31.14125],[130.91425,31.14132],[130.91197,31.1384],[130.91125,31.14053],[130.91022,31.14089],[130.90907,31.13991],[130.90781,31.13971]]]},"properties":{"hoanrinKind":"保安林"}},
{"type":"Feature","geometry":{"type":"Polygon","coordinates":[[[130.79129,31.12189],[130.7938,31.12017],[130.79359,31.11856],[130.79426,31.11773],[130.79303,31.11436],[130.79305,31.11292],[130.79467,31.11388],[130.79426,31.11543],[130.79622,31.11671],[130.79825,31.11906],[130.80036,31.12015],[130.8031,31.1222],[130.80563,31.12262],[130.80804,31.12438],[130.80972,31.12406],[130.8107,31.12481],[130.81328,31.12494],[130.81413,31.12422],[130.81579,31.12402],[130.81608,31.12292],[130.81714,31.12243],[130.81775,31.12093],[130.8204,31.11895],[130.82201,31.1191],[130.82287,31.12031],[130.82182,31.12129],[130.81967,31.12097],[130.81865,31.12212],[130.81851,31.12404],[130.82008,31.12522],[130.82349,31.12645],[130.82489,31.12623],[130.82554,31.12679],[130.82807,31.12709],[130.82823,31.12809],[130.82686,31.12843],[130.82707,31.12933],[130.82848,31.12997],[130.82994,31.12864],[130.83081,31.12887],[130.82832,31.13099],[130.82972,31.13246],[130.82868,31.13281],[130.82702,31.13144],[130.82617,31.13012],[130.82384,31.13026],[130.82223,31.12914],[130.82162,31.12807],[130.81972,31.12706],[130.81917,31.1263],[130.81443,31.12758],[130.81176,31.12764],[130.81132,31.12714],[130.80923,31.12706],[130.8096,31.12943],[130.80911,31.13021],[130.80563,31.13165],[130.80433,31.12854],[130.80284,31.12827],[130.80299,31.12625],[130.80196,31.12539],[130.80026,31.12476],[130.7986,31.12458],[130.79707,31.12489],[130.79646,31.12405],[130.79356,31.12273],[130.79225,31.12273],[130.79129,31.12189]]]},"properties":{"hoanrinKind":"保安林"}},
{"type":"Feature","geometry":{"type":"Polygon","coordinates":[[[130.85368,31.12778],[130.85461,31.12628],[130.85636,31.12622],[130.85709,31.12504],[130.85888,31.12386],[130.86,31.12384],[130.86092,31.12493],[130.86099,31.12615],[130.86212,31.12748],[130.86004,31.12756],[130.85731,31.12969],[130.85562,31.12947],[130.85368,31.12778]]]},"properties":{"hoanrinKind":"保安林"}},
{"type":"Feature","geometry":{"type":"Polygon","coordinates":[[[130.7288,31.115],[130.72999,31.11387],[130.73007,31.11273],[130.73196,31.11145],[130.73211,31.11341],[130.73061,31.11455],[130.73027,31.11563],[130.7288,31.115]]]},"properties":{"hoanrinKind":"保安林"}},
{"type":"Feature","geometry":{"type":"Polygon","coordinates":[[[130.71501,31.11458],[130.71545,31.11451],[130.71546,31.11486],[130.71494,31.11491],[130.71501,31.11458]]]},"properties":{"hoanrinKind":"保安林"}},
{"type":"Feature","geometry":{"type":"Polygon","coordinates":[[[130.72665,31.11381],[130.72717,31.11381],[130.72712,31.11485],[130.7263,31.11465],[130.72665,31.11381]]]},"properties":{"hoanrinKind":"保安林"}},
{"type":"Feature","geometry":{"type":"Polygon","coordinates":[[[130.7128,31.11356],[130.71402,31.11374],[130.71384,31.11455],[130.7128,31.11356]]]},"properties":{"hoanrinKind":"保安林"}},
{"type":"Feature","geometry":{"type":"Polygon","coordinates":[[[130.72093,31.11303],[130.72115,31.11296],[130.72206,31.11355],[130.72163,31.11371],[130.72093,31.11303]]]},"properties":{"hoanrinKind":"保安林"}},
{"type":"Feature","geometry":{"type":"Polygon","coordinates":[[[130.7079,31.10779],[130.7091,31.10689],[130.71152,31.10806],[130.71191,31.1103],[130.71087,31.11175],[130.70808,31.10886],[130.7079,31.10779]]]},"properties":{"hoanrinKind":"保安林"}},
{"type":"Feature","geometry":{"type":"Polygon","coordinates":[[[130.70287,31.10318],[130.70385,31.10256],[130.70553,31.10276],[130.70585,31.1063],[130.70398,31.10511],[130.70287,31.10318]]]},"properties":{"hoanrinKind":"保安林"}},
{"type":"Feature","geometry":{"type":"Polygon","coordinates":[[[130.71322,31.0866],[130.71493,31.08671],[130.716,31.08616],[130.71725,31.08748],[130.71946,31.0886],[130.71937,31.08731],[130.72031,31.08711],[130.72167,31.08794],[130.72442,31.08711],[130.72518,31.08817],[130.72656,31.08818],[130.72771,31.08734],[130.72813,31.08885],[130.72958,31.08877],[130.72999,31.08952],[130.73173,31.08877],[130.7329,31.08917],[130.73455,31.08801],[130.7352,31.08885],[130.73718,31.08934],[130.738,31.09109],[130.74029,31.09274],[130.74145,31.09164],[130.74325,31.0914],[130.74436,31.09261],[130.74764,31.09313],[130.74792,31.09214],[130.7498,31.09258],[130.75148,31.0938],[130.75123,31.09537],[130.75241,31.09743],[130.754,31.09805],[130.7527,31.10009],[130.75071,31.09898],[130.74777,31.0987],[130.74714,31.09801],[130.74232,31.09589],[130.74093,31.09593],[130.73758,31.09406],[130.73039,31.09316],[130.7276,31.09259],[130.72257,31.09054],[130.72011,31.09098],[130.71966,31.09014],[130.71666,31.08843],[130.7137,31.08741],[130.71322,31.0866]]]},"properties":{"hoanrinKind":"保安林"}},
{"type":"Feature","geometry":{"type":"Polygon","coordinates":[[[130.69297,31.09702],[130.69711,31.09751],[130.69936,31.09653],[130.69998,31.09751],[130.69906,31.09972],[130.69753,31.09918],[130.69467,31.09884],[130.69297,31.09702]]]},"properties":{"hoanrinKind":"保安林"}},
{"type":"Feature","geometry":{"type":"Polygon","coordinates":[[[130.65806,31.07382],[130.65964,31.07415],[130.65921,31.07239],[130.65827,31.07136],[130.65981,31.07054],[130.66232,31.07002],[130.66252,31.07231],[130.66092,31.07121],[130.66021,31.0726],[130.66128,31.07298],[130.661,31.07539],[130.66216,31.07667],[130.66375,31.07739],[130.66506,31.07844],[130.66647,31.07849],[130.66862,31.08029],[130.66747,31.08103],[130.66791,31.08181],[130.67126,31.08427],[130.67336,31.08439],[130.67503,31.08527],[130.67731,31.08554],[130.67842,31.087],[130.67846,31.08784],[130.67496,31.08677],[130.67218,31.08658],[130.66883,31.0853],[130.66753,31.08428],[130.66443,31.08032],[130.66207,31.07781],[130.65968,31.07609],[130.65806,31.07382]]]},"properties":{"hoanrinKind":"保安林"}},
{"type":"Feature","geometry":{"type":"Polygon","coordinates":[[[130.74471,31.06915],[130.74596,31.06762],[130.74991,31.06875],[130.75054,31.06847],[130.75419,31.06816],[130.75469,31.06721],[130.75688,31.06825],[130.75719,31.06928],[130.75676,31.0712],[130.75732,31.07418],[130.75624,31.0753],[130.74945,31.0752],[130.74872,31.07439],[130.74917,31.07245],[130.74974,31.07184],[130.748,31.07022],[130.7451,31.07054],[130.74471,31.06915]]]},"properties":{"hoanrinKind":"保安林"}},
{"type":"Feature","geometry":{"type":"Polygon","coordinates":[[[130.65399,31.07015],[130.65498,31.07],[130.65699,31.07172],[130.65672,31.07277],[130.65516,31.07191],[130.65399,31.07015]]]},"properties":{"hoanrinKind":"保安林"}},
{"type":"Feature","geometry":{"type":"Polygon","coordinates":[[[130.67973,31.06928],[130.68119,31.06939],[130.68294,31.07129],[130.68216,31.07186],[130.68043,31.07032],[130.67973,31.06928]]]},"properties":{"hoanrinKind":"保安林"}},
{"type":"Feature","geometry":{"type":"Polygon","coordinates":[[[130.66952,31.06634],[130.67086,31.06624],[130.67254,31.0667],[130.67355,31.06574],[130.67428,31.0665],[130.67296,31.06719],[130.67259,31.06802],[130.67376,31.06869],[130.67234,31.0696],[130.67002,31.06753],[130.66952,31.06634]]]},"properties":{"hoanrinKind":"保安林"}},
{"type":"Feature","geometry":{"type":"Polygon","coordinates":[[[130.73628,31.06779],[130.73773,31.06621],[130.73901,31.06668],[130.73725,31.06797],[130.73628,31.06779]]]},"properties":{"hoanrinKind":"保安林"}},
{"type":"Feature","geometry":{"type":"Polygon","coordinates":[[[130.70918,31.06094],[130.71122,31.05928],[130.71096,31.0571],[130.71187,31.05696],[130.71309,31.05577],[130.7164,31.05498],[130.71702,31.05524],[130.71725,31.05743],[130.71631,31.05825],[130.71766,31.05909],[130.71722,31.06108],[130.71771,31.06163],[130.71958,31.06119],[130.71952,31.06209],[130.71787,31.06314],[130.71792,31.06477],[130.7172,31.0663],[130.71606,31.06532],[130.71474,31.06485],[130.71291,31.06545],[130.71265,31.06621],[130.71092,31.06609],[130.70982,31.06445],[130.70987,31.0627],[130.70918,31.06094]]]},"properties":{"hoanrinKind":"保安林"}},
{"type":"Feature","geometry":{"type":"Polygon","coordinates":[[[130.75497,31.05871],[130.75823,31.05751],[130.75929,31.0566],[130.76075,31.05756],[130.76077,31.06006],[130.76155,31.06202],[130.76351,31.06314],[130.76391,31.06434],[130.76323,31.06476],[130.76124,31.06414],[130.75875,31.06254],[130.75646,31.06189],[130.75517,31.06067],[130.75497,31.05871]]]},"properties":{"hoanrinKind":"保安林"}},
{"type":"Feature","geometry":{"type":"Polygon","coordinates":[[[130.67244,31.06381],[130.67399,31.06374],[130.67442,31.06281],[130.67642,31.06308],[130.67777,31.0626],[130.67795,31.0638],[130.67578,31.06452],[130.6743,31.06572],[130.67244,31.06381]]]},"properties":{"hoanrinKind":"保安林"}},
{"type":"Feature","geometry":{"type":"Polygon","coordinates":[[[130.72642,31.04844],[130.72739,31.04801],[130.72966,31.04807],[130.73042,31.04871],[130.73168,31.04835],[130.73495,31.04903],[130.73493,31.04997],[130.73734,31.05121],[130.73955,31.0512],[130.74313,31.05233],[130.74339,31.05344],[130.74265,31.05456],[130.74291,31.05594],[130.74408,31.05741],[130.74373,31.0582],[130.74471,31.05927],[130.74384,31.06062],[130.74566,31.06115],[130.7507,31.06197],[130.75066,31.06303],[130.74621,31.06285],[130.74388,31.06166],[130.74349,31.06064],[130.74222,31.06077],[130.74234,31.05795],[130.74072,31.05629],[130.74118,31.05544],[130.73805,31.05464],[130.73792,31.05353],[130.73477,31.0513],[130.73396,31.05046],[130.73129,31.04944],[130.72865,31.04914],[130.72642,31.04844]]]},"properties":{"hoanrinKind":"保安林"}},
{"type":"Feature","geometry":{"type":"Polygon","coordinates":[[[130.67524,31.05584],[130.67726,31.05808],[130.67871,31.05728],[130.67866,31.05622],[130.6776,31.0561],[130.67776,31.05495],[130.67665,31.05407],[130.67837,31.05353],[130.67985,31.05452],[130.68159,31.0565],[130.6832,31.05898],[130.68141,31.05824],[130.6794,31.05972],[130.67734,31.05939],[130.67531,31.05666],[130.67524,31.05584]]]},"properties":{"hoanrinKind":"保安林"}},
{"type":"Feature","geometry":{"type":"Polygon","coordinates":[[[130.67306,31.05784],[130.67392,31.05725],[130.67533,31.05736],[130.67481,31.05836],[130.67306,31.05784]]]},"properties":{"hoanrinKind":"保安林"}},
{"type":"Feature","geometry":{"type":"Polygon","coordinates":[[[130.72347,31.05259],[130.7246,31.05089],[130.72628,31.05148],[130.72683,31.05296],[130.72537,31.05344],[130.72347,31.05259]]]},"properties":{"hoanrinKind":"保安林"}},
{"type":"Feature","geometry":{"type":"Polygon","coordinates":[[[130.71399,31.0406],[130.71609,31.03968],[130.71448,31.04209],[130.71399,31.0406]]]},"properties":{"hoanrinKind":"保安林"}},
{"type":"Feature","geometry":{"type":"Polygon","coordinates":[[[130.71633,31.03334],[130.71813,31.03326],[130.71724,31.03474],[130.71633,31.03334]]]},"properties":{"hoanrinKind":"保安林"}},
{"type":"Feature","geometry":{"type":"Polygon","coordinates":[[[130.65543,31.00217],[130.65803,31.00074],[130.65867,30.99943],[130.65974,31.00025],[130.66076,31.00003],[130.66091,30.99818],[130.66303,30.99872],[130.66585,30.99823],[130.66663,30.9989],[130.66727,31.0025],[130.66644,31.00423],[130.6648,31.00216],[130.66376,31.0017],[130.6618,31.00172],[130.65978,31.00296],[130.6597,31.0051],[130.66138,31.00705],[130.66359,31.00874],[130.66538,31.01176],[130.66437,31.01156],[130.66114,31.00935],[130.6615,31.00863],[130.65887,31.00784],[130.65809,31.00687],[130.65683,31.00706],[130.65641,31.00579],[130.65725,31.00428],[130.65543,31.00217]]]},"properties":{"hoanrinKind":"保安林"}},
{"type":"Feature","geometry":{"type":"Polygon","coordinates":[[[131.04382,30.82553],[131.04523,30.82538],[131.04617,30.8268],[131.04558,30.82846],[131.04356,30.82589],[131.04382,30.82553]]]},"properties":{"hoanrinKind":"保安林"}},
{"type":"Feature","geometry":{"type":"Polygon","coordinates":[[[131.04598,30.82457],[131.04822,30.82545],[131.0482,30.82712],[131.04767,30.82825],[131.04668,30.82801],[131.04598,30.82457]]]},"properties":{"hoanrinKind":"保安林"}},
{"type":"Feature","geometry":{"type":"Polygon","coordinates":[[[131.03563,30.8237],[131.03602,30.82152],[131.03736,30.82089],[131.03793,30.81959],[131.0394,30.81949],[131.04172,30.82166],[131.04248,30.82315],[131.04351,30.82229],[131.04402,30.824],[131.04187,30.82347],[131.04039,30.82163],[131.03747,30.82116],[131.03692,30.82161],[131.03679,30.82542],[131.03592,30.82523],[131.03563,30.8237]]]},"properties":{"hoanrinKind":"保安林"}},
{"type":"Feature","geometry":{"type":"Polygon","coordinates":[[[131.0308,30.81237],[131.03226,30.81488],[131.03224,30.81687],[131.03365,30.81773],[131.0335,30.81853],[131.03233,30.81958],[131.03159,30.81615],[131.03175,30.81505],[131.0308,30.81237]]]},"properties":{"hoanrinKind":"保安林"}},
{"type":"Feature","geometry":{"type":"Polygon","coordinates":[[[129.91308,30.82522],[129.9136,30.82482],[129.91613,30.82512],[129.91533,30.82572],[129.91413,30.82586],[129.91308,30.82522]]]},"properties":{"hoanrinKind":"保安林"}},
{"type":"Feature","geometry":{"type":"Polygon","coordinates":[[[131.02793,30.81073],[131.0284,30.80968],[131.03017,30.80962],[131.02988,30.81151],[131.02793,30.81073]]]},"properties":{"hoanrinKind":"保安林"}},
{"type":"Feature","geometry":{"type":"Polygon","coordinates":[[[131.05999,30.80698],[131.06178,30.80754],[131.06367,30.81048],[131.0646,30.80988],[131.06506,30.8116],[131.06362,30.81166],[131.06295,30.81016],[131.06096,30.80866],[131.05999,30.80698]]]},"properties":{"hoanrinKind":"保安林"}},
{"type":"Feature","geometry":{"type":"Polygon","coordinates":[[[131.06144,30.81084],[131.06263,30.81024],[131.06258,30.81134],[131.06144,30.81084]]]},"properties":{"hoanrinKind":"保安林"}},
{"type":"Feature","geometry":{"type":"Polygon","coordinates":[[[131.05061,30.78417],[131.05176,30.78353],[131.05234,30.78467],[131.05061,30.78417]]]},"properties":{"hoanrinKind":"保安林"}},
{"type":"Feature","geometry":{"type":"Polygon","coordinates":[[[130.28697,30.78824],[130.28846,30.78846],[130.2903,30.79027],[130.28717,30.78886],[130.28697,30.78824]]]},"properties":{"hoanrinKind":"保安林"}},
{"type":"Feature","geometry":{"type":"Polygon","coordinates":[[[130.27851,30.78729],[130.28008,30.78769],[130.2803,30.78851],[130.27855,30.78775],[130.27851,30.78729]]]},"properties":{"hoanrinKind":"保安林"}},
{"type":"Feature","geometry":{"type":"Polygon","coordinates":[[[131.06928,30.76917],[131.07042,30.76642],[131.07185,30.76925],[131.07026,30.77102],[131.06928,30.76917]]]},"properties":{"hoanrinKind":"保安林"}},
{"type":"Feature","geometry":{"type":"Polygon","coordinates":[[[131.0635,30.76808],[131.06441,30.76811],[131.06378,30.76868],[131.0635,30.76808]]]},"properties":{"hoanrinKind":"保安林"}},
{"type":"Feature","geometry":{"type":"Polygon","coordinates":[[[131.03563,30.75211],[131.03672,30.74937],[131.03756,30.74948],[131.03833,30.74829],[131.04213,30.74897],[131.04382,30.75021],[131.04324,30.75116],[131.0448,30.7522],[131.04455,30.75413],[131.04497,30.7559],[131.04138,30.75605],[131.03989,30.7568],[131.04009,30.75516],[131.03902,30.75398],[131.03677,30.75371],[131.03563,30.75211]]]},"properties":{"hoanrinKind":"保安林"}},
{"type":"Feature","geometry":{"type":"Polygon","coordinates":[[[130.84795,30.75495],[130.84879,30.75418],[130.85011,30.75398],[130.8518,30.75509],[130.85312,30.7564],[130.85324,30.75765],[130.85083,30.75865],[130.84795,30.75495]]]},"properties":{"hoanrinKind":"保安林"}},
{"type":"Feature","geometry":{"type":"Polygon","coordinates":[[[131.00007,30.74575],[131.00141,30.7443],[131.00273,30.74471],[131.0017,30.74571],[131.00377,30.74643],[131.0022,30.74735],[131.00397,30.74889],[131.00536,30.7487],[131.00563,30.75033],[131.00895,30.74866],[131.00906,30.74945],[131.0078,30.75022],[131.00544,30.75089],[131.00561,30.7525],[131.00487,30.75257],[131.00352,30.75147],[131.0025,30.7494],[131.00031,30.7466],[131.00007,30.74575]]]},"properties":{"hoanrinKind":"保安林"}},
{"type":"Feature","geometry":{"type":"Polygon","coordinates":[[[130.84938,30.74451],[130.8508,30.74616],[130.85392,30.74885],[130.85631,30.74984],[130.85628,30.75045],[130.85341,30.74924],[130.85194,30.74816],[130.84966,30.74561],[130.84938,30.74451]]]},"properties":{"hoanrinKind":"保安林"}},
{"type":"Feature","geometry":{"type":"Polygon","coordinates":[[[131.06704,30.74293],[131.06802,30.74242],[131.06952,30.74245],[131.07036,30.74127],[131.07107,30.74133],[131.07045,30.74306],[131.06704,30.74293]]]},"properties":{"hoanrinKind":"保安林"}},
{"type":"Feature","geometry":{"type":"Polygon","coordinates":[[[131.06899,30.73507],[131.07063,30.73533],[131.0718,30.73431],[131.07195,30.73193],[131.07287,30.73198],[131.07266,30.73381],[131.07119,30.73786],[131.07093,30.74065],[131.07012,30.74035],[131.06993,30.73843],[131.06918,30.73751],[131.07138,30.73628],[131.06951,30.73567],[131.06899,30.73507]]]},"properties":{"hoanrinKind":"保安林"}},
{"type":"Feature","geometry":{"type":"Polygon","coordinates":[[[130.85119,30.74123],[130.85185,30.74123],[130.85138,30.74207],[130.85119,30.74123]]]},"properties":{"hoanrinKind":"保安林"}},
{"type":"Feature","geometry":{"type":"Polygon","coordinates":[[[130.8478,30.73836],[130.84853,30.73828],[130.84994,30.74024],[130.84892,30.74042],[130.84903,30.73957],[130.8478,30.73836]]]},"properties":{"hoanrinKind":"保安林"}},
{"type":"Feature","geometry":{"type":"Polygon","coordinates":[[[130.847,30.73083],[130.84882,30.73275],[130.8498,30.73531],[130.84895,30.73523],[130.8474,30.73248],[130.847,30.73083]]]},"properties":{"hoanrinKind":"保安林"}},
{"type":"Feature","geometry":{"type":"Polygon","coordinates":[[[130.83625,30.72766],[130.83678,30.72718],[130.83777,30.72759],[130.83683,30.72822],[130.83625,30.72766]]]},"properties":{"hoanrinKind":"保安林"}},
{"type":"Feature","geometry":{"type":"Polygon","coordinates":[[[131.06748,30.72253],[131.06994,30.72204],[131.07215,30.72094],[131.07204,30.72207],[131.06767,30.72292],[131.06748,30.72253]]]},"properties":{"hoanrinKind":"保安林"}},
{"type":"Feature","geometry":{"type":"Polygon","coordinates":[[[130.99075,30.72073],[130.99231,30.72169],[130.99587,30.72084],[130.99753,30.71995],[130.99717,30.72192],[130.99621,30.72255],[130.99456,30.72265],[130.99205,30.72205],[130.99075,30.72073]]]},"properties":{"hoanrinKind":"保安林"}},
{"type":"Feature","geometry":{"type":"Polygon","coordinates":[[[130.99049,30.72185],[130.99124,30.722],[130.99109,30.72221],[130.99048,30.72212],[130.99049,30.72185]]]},"properties":{"hoanrinKind":"保安林"}},
{"type":"Feature","geometry":{"type":"Polygon","coordinates":[[[131.07129,30.71962],[131.07167,30.71926],[131.07155,30.71864],[131.07182,30.71766],[131.07202,30.71981],[131.07129,30.71962]]]},"properties":{"hoanrinKind":"保安林"}},
{"type":"Feature","geometry":{"type":"Polygon","coordinates":[[[131.07227,30.71498],[131.07327,30.71386],[131.07425,30.71398],[131.07234,30.71601],[131.07227,30.71498]]]},"properties":{"hoanrinKind":"保安林"}},
{"type":"Feature","geometry":{"type":"Polygon","coordinates":[[[131.07274,30.71134],[131.07391,30.71059],[131.07457,30.71338],[131.07328,30.71336],[131.07274,30.71134]]]},"properties":{"hoanrinKind":"保安林"}},
{"type":"Feature","geometry":{"type":"Polygon","coordinates":[[[131.02656,30.70952],[131.02822,30.70747],[131.03084,30.70665],[131.0325,30.70698],[131.03293,30.7088],[131.03096,30.70954],[131.03009,30.70897],[131.0275,30.70988],[131.02656,30.70952]]]},"properties":{"hoanrinKind":"保安林"}},
{"type":"Feature","geometry":{"type":"Polygon","coordinates":[[[130.97377,30.70024],[130.97503,30.69951],[130.97559,30.70042],[130.97716,30.70097],[130.97679,30.70172],[130.97443,30.70293],[130.97391,30.70284],[130.97452,30.70049],[130.97377,30.70024]]]},"properties":{"hoanrinKind":"保安林"}},
{"type":"Feature","geometry":{"type":"Polygon","coordinates":[[[130.96623,30.69622],[130.96759,30.6957],[130.96723,30.69729],[130.96785,30.6989],[130.96911,30.69994],[130.96893,30.7011],[130.96733,30.69948],[130.96658,30.69803],[130.96623,30.69622]]]},"properties":{"hoanrinKind":"保安林"}},
{"type":"Feature","geometry":{"type":"Polygon","coordinates":[[[131.05781,30.68841],[131.05854,30.68832],[131.05903,30.689],[131.05835,30.68901],[131.05781,30.68841]]]},"properties":{"hoanrinKind":"保安林"}},
{"type":"Feature","geometry":{"type":"Polygon","coordinates":[[[130.94395,30.66834],[130.9448,30.66964],[130.94703,30.67061],[130.94826,30.67237],[130.94894,30.67251],[130.94871,30.67436],[130.9466,30.6723],[130.94554,30.67165],[130.9444,30.66985],[130.94395,30.66834]]]},"properties":{"hoanrinKind":"保安林"}},
{"type":"Feature","geometry":{"type":"Polygon","coordinates":[[[130.94515,30.66889],[130.94709,30.66913],[130.94771,30.66853],[130.94809,30.66878],[130.94732,30.66946],[130.94625,30.66926],[130.94544,30.66935],[130.94515,30.66889]]]},"properties":{"hoanrinKind":"保安林"}},
{"type":"Feature","geometry":{"type":"Polygon","coordinates":[[[130.94085,30.66826],[130.94108,30.66654],[130.94184,30.66601],[130.94129,30.66746],[130.94125,30.66817],[130.94085,30.66826]]]},"properties":{"hoanrinKind":"保安林"}},
{"type":"Feature","geometry":{"type":"Polygon","coordinates":[[[131.03637,30.66161],[131.03677,30.66042],[131.0379,30.66119],[131.03964,30.66009],[131.04131,30.65991],[131.04223,30.66096],[131.04027,30.66294],[131.039,30.66339],[131.03813,30.66256],[131.03696,30.66241],[131.03637,30.66161]]]},"properties":{"hoanrinKind":"保安林"}},
{"type":"Feature","geometry":{"type":"Polygon","coordinates":[[[130.95785,30.66235],[130.95882,30.66248],[130.95918,30.66319],[130.96036,30.66402],[130.95905,30.66424],[130.95785,30.66235]]]},"properties":{"hoanrinKind":"保安林"}},
{"type":"Feature","geometry":{"type":"Polygon","coordinates":[[[130.96085,30.66319],[130.96269,30.66146],[130.96304,30.66293],[130.96131,30.66364],[130.96085,30.66319]]]},"properties":{"hoanrinKind":"保安林"}},
{"type":"Feature","geometry":{"type":"Polygon","coordinates":[[[130.98961,30.65762],[130.99304,30.65755],[130.99626,30.65801],[130.99756,30.65772],[130.9988,30.65807],[130.99906,30.65911],[130.99808,30.66041],[130.9965,30.6605],[130.99301,30.66249],[130.9902,30.66121],[130.99042,30.66002],[130.99368,30.66024],[130.99492,30.65955],[130.99349,30.65884],[130.99024,30.65964],[130.98961,30.65762]]]},"properties":{"hoanrinKind":"保安林"}},
{"type":"Feature","geometry":{"type":"Polygon","coordinates":[[[130.96269,30.66099],[130.96503,30.66146],[130.96498,30.66249],[130.96334,30.6627],[130.96269,30.66099]]]},"properties":{"hoanrinKind":"保安林"}},
{"type":"Feature","geometry":{"type":"Polygon","coordinates":[[[131.04508,30.649],[131.04643,30.6471],[131.04634,30.64607],[131.04749,30.64545],[131.04904,30.64725],[131.049,30.64935],[131.04748,30.64884],[131.04649,30.64985],[131.04508,30.649]]]},"properties":{"hoanrinKind":"保安林"}},
{"type":"Feature","geometry":{"type":"Polygon","coordinates":[[[130.95095,30.63146],[130.95211,30.63016],[130.95293,30.63115],[130.95335,30.63325],[130.95263,30.63339],[130.95095,30.63146]]]},"properties":{"hoanrinKind":"保安林"}},
{"type":"Feature","geometry":{"type":"Polygon","coordinates":[[[130.95016,30.62541],[130.95186,30.62736],[130.95197,30.62821],[130.95088,30.62895],[130.95016,30.62541]]]},"properties":{"hoanrinKind":"保安林"}},
{"type":"Feature","geometry":{"type":"Polygon","coordinates":[[[131.0493,30.62559],[131.04955,30.62466],[131.05148,30.6237],[131.0517,30.62158],[131.05127,30.61959],[131.05249,30.61814],[131.05088,30.61787],[131.05049,30.61707],[131.05262,30.6171],[131.05358,30.61507],[131.04976,30.61381],[131.05098,30.61316],[131.05346,30.61439],[131.05541,30.61489],[131.05398,30.61629],[131.0537,30.61817],[131.05232,30.61976],[131.05267,30.62213],[131.05243,30.62335],[131.05278,30.62506],[131.05249,30.62592],[131.05119,30.6263],[131.0493,30.62559]]]},"properties":{"hoanrinKind":"保安林"}},
{"type":"Feature","geometry":{"type":"Polygon","coordinates":[[[130.95173,30.61677],[130.95209,30.61676],[130.95217,30.6182],[130.9518,30.6181],[130.95173,30.61677]]]},"properties":{"hoanrinKind":"保安林"}},
{"type":"Feature","geometry":{"type":"Polygon","coordinates":[[[131.04217,30.61468],[131.04298,30.61303],[131.04611,30.61373],[131.04511,30.61438],[131.04252,30.61497],[131.04217,30.61468]]]},"properties":{"hoanrinKind":"保安林"}},
{"type":"Feature","geometry":{"type":"Polygon","coordinates":[[[130.95117,30.61211],[130.95187,30.61236],[130.95277,30.61461],[130.95234,30.61501],[130.95117,30.61211]]]},"properties":{"hoanrinKind":"保安林"}},
{"type":"Feature","geometry":{"type":"Polygon","coordinates":[[[131.00318,30.60017],[131.00484,30.5978],[131.00497,30.59657],[131.00664,30.5962],[131.00742,30.59536],[131.00952,30.59588],[131.0114,30.59573],[131.01149,30.59679],[131.01072,30.59821],[131.00821,30.5995],[131.00621,30.59953],[131.00402,30.60138],[131.00318,30.60017]]]},"properties":{"hoanrinKind":"保安林"}},
{"type":"Feature","geometry":{"type":"Polygon","coordinates":[[[130.95282,30.58515],[130.95332,30.58329],[130.95488,30.58394],[130.95334,30.58632],[130.95282,30.58515]]]},"properties":{"hoanrinKind":"保安林"}},
{"type":"Feature","geometry":{"type":"Polygon","coordinates":[[[130.94673,30.57453],[130.94997,30.57489],[130.94948,30.57688],[130.95039,30.57835],[130.95311,30.57758],[130.95419,30.57854],[130.95277,30.57947],[130.95022,30.57994],[130.94881,30.57891],[130.94841,30.577],[130.94844,30.57529],[130.94673,30.57453]]]},"properties":{"hoanrinKind":"保安林"}},
{"type":"Feature","geometry":{"type":"Polygon","coordinates":[[[130.94554,30.57149],[130.94687,30.57329],[130.94811,30.57167],[130.95037,30.57107],[130.9506,30.57258],[130.94872,30.57417],[130.94665,30.57387],[130.94554,30.57149]]]},"properties":{"hoanrinKind":"保安林"}},
{"type":"Feature","geometry":{"type":"Polygon","coordinates":[[[130.9499,30.57394],[130.95033,30.5736],[130.9514,30.57344],[130.95141,30.57379],[130.95018,30.57407],[130.9499,30.57394]]]},"properties":{"hoanrinKind":"保安林"}},
{"type":"Feature","geometry":{"type":"Polygon","coordinates":[[[130.95222,30.57361],[130.95369,30.5728],[130.95463,30.57308],[130.95283,30.57372],[130.95222,30.57361]]]},"properties":{"hoanrinKind":"保安林"}},
{"type":"Feature","geometry":{"type":"Polygon","coordinates":[[[130.94425,30.56863],[130.94573,30.5679],[130.94668,30.56867],[130.94556,30.57032],[130.94478,30.57016],[130.94425,30.56863]]]},"properties":{"hoanrinKind":"保安林"}},
{"type":"Feature","geometry":{"type":"Polygon","coordinates":[[[130.9403,30.56123],[130.94152,30.56063],[130.9426,30.56149],[130.94466,30.56147],[130.94313,30.56299],[130.94484,30.56474],[130.94423,30.56666],[130.94361,30.56701],[130.94118,30.56313],[130.9403,30.56123]]]},"properties":{"hoanrinKind":"保安林"}},
{"type":"Feature","geometry":{"type":"Polygon","coordinates":[[[130.96166,30.56321],[130.96235,30.5632],[130.96249,30.56394],[130.96182,30.56412],[130.96166,30.56321]]]},"properties":{"hoanrinKind":"保安林"}},
{"type":"Feature","geometry":{"type":"Polygon","coordinates":[[[130.94102,30.56015],[130.94256,30.55927],[130.94238,30.56007],[130.94102,30.56015]]]},"properties":{"hoanrinKind":"保安林"}},
{"type":"Feature","geometry":{"type":"Polygon","coordinates":[[[130.93816,30.55702],[130.93953,30.55524],[130.94063,30.55522],[130.94267,30.55397],[130.94283,30.55492],[130.9404,30.5562],[130.93911,30.55726],[130.93816,30.55702]]]},"properties":{"hoanrinKind":"保安林"}},
{"type":"Feature","geometry":{"type":"Polygon","coordinates":[[[131.01496,30.55182],[131.0156,30.55108],[131.01681,30.55223],[131.01548,30.55368],[131.01496,30.55182]]]},"properties":{"hoanrinKind":"保安林"}},
{"type":"Feature","geometry":{"type":"Polygon","coordinates":[[[131.00835,30.55032],[131.0097,30.54954],[131.01126,30.54948],[131.01319,30.5482],[131.01479,30.54949],[131.01517,30.55105],[131.01444,30.55211],[131.01205,30.55082],[131.01106,30.55288],[131.00973,30.55284],[131.00973,30.55174],[131.00835,30.55032]]]},"properties":{"hoanrinKind":"保安林"}},
{"type":"Feature","geometry":{"type":"Polygon","coordinates":[[[130.93578,30.55113],[130.93675,30.55076],[130.93817,30.55319],[130.93729,30.55367],[130.93578,30.55113]]]},"properties":{"hoanrinKind":"保安林"}},
{"type":"Feature","geometry":{"type":"Polygon","coordinates":[[[130.97593,30.51939],[130.97666,30.519],[130.97732,30.51733],[130.97705,30.51418],[130.97876,30.51409],[130.97859,30.51704],[130.97952,30.51948],[130.98263,30.52219],[130.98321,30.52437],[130.9838,30.52505],[130.98526,30.52514],[130.98806,30.52746],[130.99253,30.52974],[130.99466,30.52977],[130.99521,30.53053],[130.99592,30.53364],[130.99544,30.53723],[130.99593,30.54038],[130.99687,30.54167],[130.99756,30.54417],[131,30.54829],[131.00584,30.55115],[131.00525,30.55205],[131.00175,30.55006],[130.99975,30.55011],[130.99934,30.54864],[130.9977,30.54724],[130.99777,30.54597],[130.99667,30.54445],[130.99626,30.54305],[130.99455,30.54284],[130.99599,30.54153],[130.9944,30.54068],[130.9948,30.53982],[130.99401,30.53848],[130.9944,30.53708],[130.99404,30.53595],[130.9948,30.53359],[130.99455,30.53191],[130.99261,30.53073],[130.9904,30.52981],[130.9904,30.53068],[130.98695,30.52863],[130.98634,30.52929],[130.98512,30.52825],[130.98521,30.52627],[130.98412,30.52602],[130.98271,30.52678],[130.98017,30.52641],[130.98087,30.52522],[130.98067,30.52395],[130.97911,30.52342],[130.97858,30.52244],[130.97629,30.52143],[130.97593,30.51939]]]},"properties":{"hoanrinKind":"保安林"}},
{"type":"Feature","geometry":{"type":"Polygon","coordinates":[[[130.93115,30.54482],[130.93256,30.54322],[130.93318,30.54501],[130.93669,30.54638],[130.93607,30.54786],[130.93675,30.54929],[130.93855,30.54827],[130.93973,30.54709],[130.9404,30.54824],[130.94014,30.54971],[130.9352,30.55113],[130.93401,30.55068],[130.93165,30.5464],[130.93115,30.54482]]]},"properties":{"hoanrinKind":"保安林"}},
{"type":"Feature","geometry":{"type":"Polygon","coordinates":[[[130.94036,30.54924],[130.94056,30.54863],[130.94238,30.54863],[130.9415,30.54952],[130.94036,30.54924]]]},"properties":{"hoanrinKind":"保安林"}},
{"type":"Feature","geometry":{"type":"Polygon","coordinates":[[[130.92734,30.53883],[130.92863,30.53859],[130.92951,30.54075],[130.93086,30.54182],[130.93262,30.54098],[130.93319,30.54161],[130.93023,30.54347],[130.92931,30.5427],[130.92734,30.53883]]]},"properties":{"hoanrinKind":"保安林"}},
{"type":"Feature","geometry":{"type":"Polygon","coordinates":[[[130.92789,30.53704],[130.92855,30.53583],[130.92937,30.53525],[130.93002,30.53569],[130.92789,30.53704]]]},"properties":{"hoanrinKind":"保安林"}},
{"type":"Feature","geometry":{"type":"Polygon","coordinates":[[[130.92388,30.53353],[130.92636,30.53559],[130.92497,30.53631],[130.92388,30.53353]]]},"properties":{"hoanrinKind":"保安林"}},
{"type":"Feature","geometry":{"type":"Polygon","coordinates":[[[130.93059,30.53453],[130.93162,30.53341],[130.93257,30.53355],[130.9314,30.53522],[130.93059,30.53453]]]},"properties":{"hoanrinKind":"保安林"}},
{"type":"Feature","geometry":{"type":"Polygon","coordinates":[[[130.9209,30.52873],[130.92245,30.52692],[130.92312,30.52804],[130.92471,30.52904],[130.92399,30.5296],[130.9238,30.53089],[130.92289,30.53217],[130.92108,30.5295],[130.9209,30.52873]]]},"properties":{"hoanrinKind":"保安林"}},
{"type":"Feature","geometry":{"type":"Polygon","coordinates":[[[130.92589,30.53092],[130.92675,30.5298],[130.92912,30.52831],[130.93019,30.52971],[130.93006,30.53073],[130.92875,30.53057],[130.92589,30.53092]]]},"properties":{"hoanrinKind":"保安林"}},
{"type":"Feature","geometry":{"type":"Polygon","coordinates":[[[130.91915,30.52658],[130.92125,30.52545],[130.92354,30.52548],[130.92049,30.52809],[130.91915,30.52658]]]},"properties":{"hoanrinKind":"保安林"}},
{"type":"Feature","geometry":{"type":"Polygon","coordinates":[[[130.91763,30.52356],[130.9205,30.52196],[130.92207,30.5225],[130.91967,30.52485],[130.91842,30.52522],[130.91763,30.52356]]]},"properties":{"hoanrinKind":"保安林"}},
{"type":"Feature","geometry":{"type":"Polygon","coordinates":[[[130.91631,30.52005],[130.91842,30.51873],[130.92071,30.5189],[130.92068,30.52007],[130.91917,30.52084],[130.91983,30.52169],[130.91778,30.52317],[130.91653,30.52217],[130.91631,30.52005]]]},"properties":{"hoanrinKind":"保安林"}},
{"type":"Feature","geometry":{"type":"Polygon","coordinates":[[[130.90722,30.50698],[130.91013,30.50611],[130.91089,30.50812],[130.91056,30.51031],[130.91103,30.51157],[130.91279,30.51266],[130.91574,30.51321],[130.91597,30.51388],[130.91477,30.51484],[130.91461,30.51595],[130.91642,30.51691],[130.91397,30.51735],[130.91118,30.51365],[130.90848,30.50814],[130.90722,30.50698]]]},"properties":{"hoanrinKind":"保安林"}},
{"type":"Feature","geometry":{"type":"Polygon","coordinates":[[[130.90852,30.50125],[130.90937,30.4985],[130.90857,30.4977],[130.90931,30.49698],[130.91298,30.497],[130.91518,30.49615],[130.91484,30.49734],[130.91558,30.49822],[130.91487,30.49901],[130.912,30.50002],[130.91032,30.50251],[130.90868,30.50196],[130.90852,30.50125]]]},"properties":{"hoanrinKind":"保安林"}},
{"type":"Feature","geometry":{"type":"Polygon","coordinates":[[[130.902,30.49761],[130.90232,30.49698],[130.90596,30.49525],[130.90729,30.49513],[130.9077,30.4944],[130.91043,30.49316],[130.91098,30.49346],[130.90901,30.49517],[130.9074,30.49761],[130.90543,30.49866],[130.90281,30.4987],[130.902,30.49761]]]},"properties":{"hoanrinKind":"保安林"}},
{"type":"Feature","geometry":{"type":"Polygon","coordinates":[[[130.97361,30.49481],[130.97536,30.49398],[130.97641,30.4944],[130.97639,30.49625],[130.97361,30.49481]]]},"properties":{"hoanrinKind":"保安林"}},
{"type":"Feature","geometry":{"type":"Polygon","coordinates":[[[130.95692,30.47736],[130.95694,30.47337],[130.95916,30.4746],[130.95993,30.47536],[130.96355,30.47425],[130.96345,30.47571],[130.96202,30.47534],[130.96008,30.47547],[130.95954,30.47739],[130.95969,30.47879],[130.96223,30.48012],[130.96263,30.48343],[130.96532,30.48391],[130.96894,30.48655],[130.97039,30.48902],[130.97287,30.49188],[130.9746,30.49356],[130.97332,30.49392],[130.97291,30.49298],[130.97106,30.49171],[130.96979,30.48967],[130.96923,30.48965],[130.96839,30.4876],[130.96708,30.48702],[130.9665,30.48552],[130.96445,30.48438],[130.96405,30.48548],[130.96289,30.48543],[130.96121,30.48344],[130.9596,30.48278],[130.96053,30.4812],[130.9604,30.48035],[130.9585,30.48009],[130.95701,30.47829],[130.95692,30.47736]]]},"properties":{"hoanrinKind":"保安林"}},
{"type":"Feature","geometry":{"type":"Polygon","coordinates":[[[130.95861,30.46761],[130.959,30.4669],[130.95963,30.46815],[130.95898,30.46837],[130.95861,30.46761]]]},"properties":{"hoanrinKind":"保安林"}},
{"type":"Feature","geometry":{"type":"Polygon","coordinates":[[[130.96091,30.46761],[130.96108,30.46698],[130.96154,30.46751],[130.96091,30.46761]]]},"properties":{"hoanrinKind":"保安林"}},
{"type":"Feature","geometry":{"type":"Polygon","coordinates":[[[130.95433,30.46347],[130.95518,30.46224],[130.95741,30.4602],[130.96016,30.462],[130.96154,30.46391],[130.96254,30.46444],[130.9643,30.4646],[130.96391,30.46559],[130.96278,30.46632],[130.96148,30.46466],[130.95954,30.46403],[130.95759,30.4664],[130.95524,30.46676],[130.95558,30.4655],[130.95469,30.46469],[130.95433,30.46347]]]},"properties":{"hoanrinKind":"保安林"}},
{"type":"Feature","geometry":{"type":"Polygon","coordinates":[[[130.96078,30.46626],[130.96127,30.46603],[130.96222,30.46615],[130.96215,30.46647],[130.96078,30.46626]]]},"properties":{"hoanrinKind":"保安林"}},
{"type":"Feature","geometry":{"type":"Polygon","coordinates":[[[130.84983,30.46595],[130.85053,30.46425],[130.85191,30.46231],[130.85311,30.45857],[130.85329,30.45446],[130.85299,30.45358],[130.85335,30.45028],[130.85174,30.44855],[130.85292,30.44752],[130.85393,30.44952],[130.85498,30.45055],[130.8538,30.45379],[130.85443,30.45519],[130.85397,30.45723],[130.85657,30.45769],[130.856,30.45887],[130.85472,30.45923],[130.8533,30.46131],[130.85296,30.46274],[130.85146,30.4641],[130.85081,30.46601],[130.8528,30.46699],[130.85472,30.46676],[130.8565,30.46592],[130.85959,30.46578],[130.85713,30.46696],[130.85273,30.46763],[130.8515,30.46763],[130.84993,30.46679],[130.84983,30.46595]]]},"properties":{"hoanrinKind":"保安林"}},
{"type":"Feature","geometry":{"type":"Polygon","coordinates":[[[130.86979,30.46383],[130.87138,30.4638],[130.87277,30.46552],[130.87502,30.466],[130.87384,30.46683],[130.8728,30.4665],[130.86979,30.46383]]]},"properties":{"hoanrinKind":"保安林"}},
{"type":"Feature","geometry":{"type":"Polygon","coordinates":[[[130.21937,30.46791],[130.22019,30.46527],[130.22135,30.46455],[130.2223,30.46326],[130.22353,30.4641],[130.22475,30.46376],[130.22661,30.46423],[130.22717,30.46335],[130.22845,30.46441],[130.22902,30.46552],[130.23178,30.46719],[130.22734,30.46773],[130.22739,30.46912],[130.22489,30.47078],[130.22343,30.47088],[130.22103,30.47179],[130.21968,30.47063],[130.21937,30.46791]]]},"properties":{"hoanrinKind":"保安林"}},
{"type":"Feature","geometry":{"type":"Polygon","coordinates":[[[130.95668,30.45926],[130.95692,30.45772],[130.95832,30.45688],[130.95806,30.45874],[130.95668,30.45926]]]},"properties":{"hoanrinKind":"保安林"}},
{"type":"Feature","geometry":{"type":"Polygon","coordinates":[[[130.95949,30.45045],[130.96092,30.44983],[130.96458,30.4492],[130.96593,30.4493],[130.96797,30.44836],[130.96944,30.44851],[130.96436,30.45154],[130.96389,30.45103],[130.95949,30.45045]]]},"properties":{"hoanrinKind":"保安林"}},
{"type":"Feature","geometry":{"type":"Polygon","coordinates":[[[130.22912,30.45998],[130.22977,30.45923],[130.23154,30.46004],[130.23142,30.46049],[130.22912,30.45998]]]},"properties":{"hoanrinKind":"保安林"}},
{"type":"Feature","geometry":{"type":"Polygon","coordinates":[[[130.96937,30.44403],[130.97192,30.44313],[130.97099,30.44076],[130.97196,30.4383],[130.9711,30.43627],[130.97212,30.4343],[130.97527,30.43153],[130.978,30.43249],[130.97703,30.4352],[130.97872,30.43604],[130.97745,30.4386],[130.97599,30.43941],[130.97535,30.44058],[130.97355,30.44053],[130.97213,30.44136],[130.97218,30.44201],[130.97414,30.44253],[130.97377,30.44445],[130.97526,30.44429],[130.97445,30.44685],[130.97077,30.44658],[130.97082,30.44514],[130.97191,30.4448],[130.97092,30.44368],[130.96937,30.44403]]]},"properties":{"hoanrinKind":"保安林"}},
{"type":"Feature","geometry":{"type":"Polygon","coordinates":[[[130.85589,30.44687],[130.85796,30.44554],[130.85891,30.44615],[130.85869,30.44738],[130.85678,30.44744],[130.85589,30.44687]]]},"properties":{"hoanrinKind":"保安林"}},
{"type":"Feature","geometry":{"type":"Polygon","coordinates":[[[130.85754,30.441],[130.85887,30.44201],[130.86,30.44137],[130.86092,30.44202],[130.85816,30.44246],[130.85754,30.441]]]},"properties":{"hoanrinKind":"保安林"}},
{"type":"Feature","geometry":{"type":"Polygon","coordinates":[[[130.87827,30.43773],[130.87999,30.43683],[130.88157,30.43779],[130.88175,30.43863],[130.88022,30.43912],[130.87827,30.43773]]]},"properties":{"hoanrinKind":"保安林"}},
{"type":"Feature","geometry":{"type":"Polygon","coordinates":[[[130.8577,30.43785],[130.85908,30.43641],[130.85973,30.43887],[130.85805,30.43868],[130.8577,30.43785]]]},"properties":{"hoanrinKind":"保安林"}},
{"type":"Feature","geometry":{"type":"Polygon","coordinates":[[[130.4786,30.43921],[130.48126,30.43706],[130.48273,30.43421],[130.4827,30.43178],[130.48372,30.43129],[130.4833,30.43371],[130.48136,30.43761],[130.47967,30.43899],[130.4786,30.43921]]]},"properties":{"hoanrinKind":"保安林"}},
{"type":"Feature","geometry":{"type":"Polygon","coordinates":[[[130.86001,30.43221],[130.86096,30.43039],[130.86225,30.43173],[130.86058,30.43288],[130.86001,30.43221]]]},"properties":{"hoanrinKind":"保安林"}},
{"type":"Feature","geometry":{"type":"Polygon","coordinates":[[[130.20557,30.43786],[130.20651,30.43744],[130.21053,30.43751],[130.21031,30.43836],[130.20569,30.43831],[130.20557,30.43786]]]},"properties":{"hoanrinKind":"保安林"}},
{"type":"Feature","geometry":{"type":"Polygon","coordinates":[[[130.4634,30.43482],[130.46406,30.43423],[130.46415,30.4324],[130.46656,30.43165],[130.46788,30.43036],[130.47033,30.42958],[130.47091,30.43009],[130.46692,30.43194],[130.46579,30.43297],[130.46547,30.43413],[130.4634,30.43482]]]},"properties":{"hoanrinKind":"保安林"}},
{"type":"Feature","geometry":{"type":"Polygon","coordinates":[[[130.57402,30.42528],[130.57534,30.42427],[130.57601,30.42477],[130.57482,30.42611],[130.57402,30.42528]]]},"properties":{"hoanrinKind":"保安林"}},
{"type":"Feature","geometry":{"type":"Polygon","coordinates":[[[130.5932,30.41468],[130.59633,30.41664],[130.59703,30.41823],[130.59479,30.41933],[130.59422,30.41805],[130.59452,30.41679],[130.5932,30.41468]]]},"properties":{"hoanrinKind":"保安林"}},
{"type":"Feature","geometry":{"type":"Polygon","coordinates":[[[130.86667,30.41401],[130.86812,30.41434],[130.87019,30.41398],[130.87201,30.41416],[130.87117,30.4153],[130.86942,30.41515],[130.86771,30.41566],[130.86667,30.41401]]]},"properties":{"hoanrinKind":"保安林"}},
{"type":"Feature","geometry":{"type":"Polygon","coordinates":[[[130.89903,30.40638],[130.90178,30.40592],[130.90417,30.40519],[130.90894,30.40715],[130.90998,30.40825],[130.91163,30.4075],[130.91267,30.40838],[130.91108,30.409],[130.91163,30.41139],[130.90983,30.4144],[130.9081,30.41477],[130.90736,30.41445],[130.90434,30.41412],[130.90318,30.41209],[130.90341,30.41094],[130.90247,30.40962],[130.90296,30.40793],[130.9022,30.40667],[130.89997,30.40676],[130.89903,30.40638]]]},"properties":{"hoanrinKind":"保安林"}},
{"type":"Feature","geometry":{"type":"Polygon","coordinates":[[[130.90276,30.39719],[130.90339,30.39748],[130.90517,30.3967],[130.90669,30.39735],[130.90609,30.39529],[130.90598,30.39268],[130.9051,30.3918],[130.90351,30.39124],[130.90698,30.38844],[130.91118,30.38995],[130.91182,30.39112],[130.91054,30.39179],[130.91105,30.3933],[130.90888,30.39605],[130.90796,30.3965],[130.90813,30.4001],[130.90662,30.40116],[130.90424,30.4005],[130.90276,30.39719]]]},"properties":{"hoanrinKind":"保安林"}},
{"type":"Feature","geometry":{"type":"Polygon","coordinates":[[[130.64386,30.39723],[130.64586,30.39596],[130.64644,30.39711],[130.6439,30.39834],[130.64386,30.39723]]]},"properties":{"hoanrinKind":"保安林"}},
{"type":"Feature","geometry":{"type":"Polygon","coordinates":[[[130.63998,30.39721],[130.64123,30.39682],[130.64342,30.39684],[130.64059,30.3978],[130.63998,30.39721]]]},"properties":{"hoanrinKind":"保安林"}},
{"type":"Feature","geometry":{"type":"Polygon","coordinates":[[[130.95525,30.38801],[130.95526,30.38739],[130.95743,30.38618],[130.95734,30.38759],[130.95803,30.38851],[130.95757,30.38926],[130.9555,30.38931],[130.95525,30.38801]]]},"properties":{"hoanrinKind":"保安林"}},
{"type":"Feature","geometry":{"type":"Polygon","coordinates":[[[130.63565,30.39175],[130.63632,30.39171],[130.63623,30.39254],[130.63656,30.39344],[130.63585,30.39335],[130.63565,30.39175]]]},"properties":{"hoanrinKind":"保安林"}},
{"type":"Feature","geometry":{"type":"Polygon","coordinates":[[[130.39247,30.39166],[130.39496,30.39101],[130.39546,30.39179],[130.39739,30.39029],[130.39787,30.39151],[130.39675,30.39241],[130.39703,30.39435],[130.39521,30.39632],[130.39317,30.39497],[130.39405,30.39346],[130.39247,30.39166]]]},"properties":{"hoanrinKind":"保安林"}},
{"type":"Feature","geometry":{"type":"Polygon","coordinates":[[[130.50335,30.33949],[130.50365,30.33899],[130.50364,30.33628],[130.50715,30.33291],[130.50903,30.33204],[130.50994,30.32892],[130.50972,30.32766],[130.51098,30.32516],[130.50986,30.32093],[130.51007,30.31958],[130.51264,30.31657],[130.51235,30.31542],[130.51426,30.31405],[130.5173,30.314],[130.51798,30.31547],[130.52217,30.31381],[130.5251,30.3133],[130.52633,30.31337],[130.52762,30.31562],[130.52923,30.31569],[130.53005,30.31653],[130.53194,30.31679],[130.533,30.31743],[130.5362,30.31842],[130.53793,30.3179],[130.53967,30.31812],[130.54184,30.31731],[130.54485,30.31718],[130.54723,30.31813],[130.54934,30.31828],[130.55015,30.31871],[130.55086,30.32038],[130.55063,30.32146],[130.55303,30.32346],[130.55538,30.3228],[130.55788,30.32357],[130.5575,30.32523],[130.55822,30.32631],[130.55913,30.32971],[130.56126,30.33195],[130.561,30.33406],[130.56237,30.33638],[130.56449,30.33862],[130.56813,30.34081],[130.57122,30.34197],[130.57269,30.34295],[130.57579,30.34352],[130.57908,30.34496],[130.58392,30.34738],[130.58532,30.34828],[130.58247,30.35014],[130.58344,30.35157],[130.58521,30.35207],[130.58525,30.35313],[130.5862,30.35412],[130.58615,30.35588],[130.5848,30.35805],[130.58333,30.35907],[130.58089,30.35921],[130.57704,30.36163],[130.575,30.36176],[130.57384,30.36267],[130.5739,30.3637],[130.57578,30.36655],[130.57736,30.36936],[130.57889,30.37082],[130.57817,30.37265],[130.5779,30.37442],[130.57664,30.37783],[130.57683,30.37989],[130.57901,30.38098],[130.57861,30.38193],[130.57597,30.38514],[130.57366,30.38636],[130.57308,30.38581],[130.57335,30.38405],[130.5726,30.38335],[130.56999,30.38229],[130.56775,30.3801],[130.56633,30.37983],[130.56496,30.38039],[130.5641,30.38005],[130.56171,30.38002],[130.56041,30.37889],[130.55858,30.37875],[130.5572,30.37751],[130.55391,30.37907],[130.55244,30.37711],[130.55122,30.37455],[130.54751,30.37077],[130.54655,30.37101],[130.54398,30.3707],[130.54299,30.37019],[130.54157,30.37032],[130.53993,30.37112],[130.5387,30.37087],[130.53752,30.36964],[130.53769,30.36874],[130.53582,30.36656],[130.53389,30.36575],[130.53304,30.365],[130.53284,30.36337],[130.53137,30.3625],[130.5298,30.36096],[130.52905,30.3594],[130.5277,30.35811],[130.52322,30.35803],[130.52188,30.35875],[130.51749,30.35815],[130.51737,30.35705],[130.51452,30.35387],[130.51331,30.35345],[130.51284,30.35232],[130.51139,30.35114],[130.51064,30.34896],[130.50734,30.34704],[130.50626,30.3449],[130.50497,30.34343],[130.50381,30.34112],[130.50335,30.33949]]]},"properties":{"hoanrinKind":"保安林"}},
{"type":"Feature","geometry":{"type":"Polygon","coordinates":[[[130.41716,30.35337],[130.41886,30.35173],[130.42174,30.35126],[130.42272,30.3518],[130.42505,30.35186],[130.42631,30.35146],[130.4278,30.35295],[130.43102,30.35294],[130.43211,30.35325],[130.43303,30.35483],[130.43405,30.35435],[130.43477,30.35504],[130.43748,30.35474],[130.43881,30.35502],[130.44172,30.35494],[130.44391,30.35445],[130.44695,30.35206],[130.44814,30.35145],[130.45071,30.35163],[130.45248,30.35216],[130.45395,30.35111],[130.45379,30.34997],[130.45434,30.34901],[130.45563,30.34855],[130.45737,30.3465],[130.4574,30.34531],[130.45894,30.34496],[130.46159,30.34378],[130.46598,30.34305],[130.4664,30.34171],[130.46746,30.34144],[130.47036,30.34285],[130.47222,30.3428],[130.47394,30.34357],[130.47651,30.3431],[130.47826,30.34315],[130.48056,30.3428],[130.48271,30.34192],[130.48432,30.34249],[130.48575,30.34218],[130.48822,30.34248],[130.49003,30.34167],[130.49144,30.34152],[130.49267,30.34269],[130.49423,30.34326],[130.49483,30.3452],[130.49586,30.34545],[130.49762,30.34691],[130.49763,30.34787],[130.49908,30.34946],[130.49941,30.35045],[130.49581,30.35282],[130.49512,30.35399],[130.49358,30.35449],[130.48954,30.3573],[130.48893,30.35834],[130.48736,30.35955],[130.4875,30.36078],[130.48598,30.3622],[130.48525,30.36351],[130.48419,30.36654],[130.4839,30.37017],[130.48304,30.37167],[130.48122,30.37292],[130.47974,30.37325],[130.47849,30.37262],[130.47661,30.37309],[130.47185,30.37386],[130.46653,30.37368],[130.46239,30.37511],[130.45796,30.37611],[130.45592,30.37684],[130.45158,30.38096],[130.45004,30.38117],[130.44725,30.38076],[130.44635,30.38182],[130.44654,30.38321],[130.44391,30.38343],[130.4433,30.38536],[130.44167,30.38582],[130.44166,30.38428],[130.44089,30.3838],[130.44042,30.38175],[130.43823,30.38146],[130.43762,30.38101],[130.4394,30.37958],[130.43969,30.37873],[130.43886,30.37758],[130.43728,30.37702],[130.43659,30.37604],[130.43727,30.37419],[130.4356,30.37426],[130.43474,30.37322],[130.43325,30.37251],[130.43146,30.37093],[130.43009,30.37103],[130.42889,30.37002],[130.42817,30.3687],[130.42586,30.36756],[130.42401,30.36626],[130.42345,30.36405],[130.42128,30.36343],[130.41851,30.36089],[130.41822,30.35804],[130.41676,30.35424],[130.41716,30.35337]]]},"properties":{"hoanrinKind":"保安林"}},
{"type":"Feature","geometry":{"type":"Polygon","coordinates":[[[130.94445,30.3782],[130.94555,30.37772],[130.94535,30.37575],[130.9467,30.37645],[130.94893,30.37699],[130.95021,30.37653],[130.95113,30.377],[130.95025,30.37911],[130.94889,30.37945],[130.94729,30.3793],[130.94445,30.3782]]]},"properties":{"hoanrinKind":"保安林"}},
{"type":"Feature","geometry":{"type":"Polygon","coordinates":[[[130.38198,30.37677],[130.38288,30.37537],[130.38227,30.37406],[130.38381,30.37319],[130.38448,30.37192],[130.3856,30.37128],[130.38803,30.37117],[130.38868,30.36994],[130.38833,30.36889],[130.38874,30.36783],[130.38731,30.3665],[130.38777,30.36439],[130.38738,30.36259],[130.38572,30.36181],[130.38495,30.36053],[130.38607,30.35844],[130.38619,30.35738],[130.38807,30.35514],[130.38929,30.35518],[130.3897,30.35418],[130.3879,30.35211],[130.38804,30.35091],[130.39052,30.35095],[130.39222,30.34953],[130.39138,30.34865],[130.39161,30.34668],[130.39238,30.34435],[130.39427,30.3427],[130.39591,30.34043],[130.39613,30.33918],[130.3956,30.33676],[130.39578,30.33333],[130.39444,30.33177],[130.39476,30.33058],[130.39684,30.32639],[130.39795,30.32508],[130.40015,30.325],[130.40352,30.32122],[130.40395,30.32302],[130.40574,30.32626],[130.40525,30.32778],[130.40631,30.32924],[130.40497,30.33185],[130.40654,30.33392],[130.40692,30.33518],[130.41,30.33833],[130.41122,30.33822],[130.41177,30.33965],[130.41153,30.34093],[130.41201,30.34316],[130.41154,30.3444],[130.41181,30.34562],[130.41331,30.3468],[130.41414,30.34802],[130.41464,30.35036],[130.41364,30.35153],[130.41412,30.35378],[130.41099,30.35557],[130.40966,30.35558],[130.40747,30.35621],[130.40644,30.35609],[130.40494,30.35871],[130.40402,30.35944],[130.40462,30.36055],[130.40424,30.36175],[130.40552,30.36443],[130.40556,30.36587],[130.40495,30.36756],[130.40354,30.36887],[130.40263,30.36903],[130.40142,30.3704],[130.40168,30.37147],[130.40121,30.37327],[130.39872,30.37497],[130.39762,30.37647],[130.39759,30.37733],[130.39544,30.37876],[130.39438,30.38117],[130.39156,30.38214],[130.39013,30.3817],[130.3883,30.382],[130.38682,30.38285],[130.38581,30.38393],[130.3842,30.38451],[130.38289,30.3827],[130.38253,30.38064],[130.38297,30.37944],[130.38213,30.37834],[130.38198,30.37677]]]},"properties":{"hoanrinKind":"保安林"}},
{"type":"Feature","geometry":{"type":"Polygon","coordinates":[[[130.65793,30.36658],[130.65826,30.36568],[130.66053,30.36662],[130.66124,30.36828],[130.66298,30.3685],[130.66414,30.36958],[130.66438,30.37067],[130.66531,30.37131],[130.66741,30.37126],[130.66816,30.37012],[130.66806,30.36909],[130.66671,30.36636],[130.66411,30.35972],[130.66367,30.35695],[130.66375,30.35521],[130.66291,30.35224],[130.6634,30.34935],[130.66263,30.347],[130.66526,30.34846],[130.66522,30.35054],[130.66461,30.35317],[130.66461,30.35506],[130.66526,30.35714],[130.66534,30.35945],[130.66622,30.36131],[130.66607,30.36383],[130.66696,30.36602],[130.6686,30.36907],[130.66901,30.3712],[130.67011,30.37317],[130.66947,30.37377],[130.66806,30.37217],[130.66614,30.37165],[130.66427,30.37163],[130.66377,30.37003],[130.66268,30.36926],[130.66069,30.36909],[130.65967,30.36733],[130.65793,30.36658]]]},"properties":{"hoanrinKind":"保安林"}},
{"type":"Feature","geometry":{"type":"Polygon","coordinates":[[[130.88779,30.35761],[130.88831,30.35401],[130.88908,30.35424],[130.88898,30.3563],[130.89035,30.35575],[130.89261,30.35666],[130.89461,30.35808],[130.89637,30.35999],[130.89924,30.36113],[130.90236,30.36277],[130.89995,30.36369],[130.89967,30.36447],[130.89822,30.36506],[130.89605,30.36384],[130.89366,30.36391],[130.89175,30.36232],[130.89143,30.36142],[130.88794,30.35824],[130.88779,30.35761]]]},"properties":{"hoanrinKind":"保安林"}},
{"type":"Feature","geometry":{"type":"Polygon","coordinates":[[[130.5529,30.31258],[130.55364,30.31178],[130.55377,30.30967],[130.55592,30.30794],[130.55691,30.30484],[130.55839,30.3049],[130.55772,30.30248],[130.55933,30.30035],[130.56463,30.29941],[130.56977,30.29943],[130.57216,30.30101],[130.57393,30.3014],[130.57597,30.30296],[130.57518,30.30437],[130.57342,30.30574],[130.57222,30.30554],[130.5712,30.30686],[130.57122,30.30817],[130.57051,30.30916],[130.56841,30.3099],[130.56724,30.30978],[130.56471,30.31184],[130.56435,30.31288],[130.56011,30.31174],[130.55809,30.31172],[130.55672,30.31297],[130.55465,30.31389],[130.5529,30.31258]]]},"properties":{"hoanrinKind":"保安林"}},
{"type":"Feature","geometry":{"type":"Polygon","coordinates":[[[130.625,30.28861],[130.62607,30.28719],[130.627,30.28758],[130.62807,30.2892],[130.62787,30.29009],[130.62598,30.29036],[130.625,30.28861]]]},"properties":{"hoanrinKind":"保安林"}},
{"type":"Feature","geometry":{"type":"Polygon","coordinates":[[[130.45008,30.25638],[130.45206,30.25416],[130.45227,30.25151],[130.45515,30.25068],[130.45891,30.25087],[130.46088,30.25282],[130.465,30.25354],[130.46621,30.25481],[130.46799,30.25513],[130.46934,30.25489],[130.47083,30.25539],[130.47266,30.25677],[130.4733,30.25853],[130.47521,30.25984],[130.47588,30.261],[130.47678,30.26048],[130.48025,30.26103],[130.48264,30.26357],[130.48516,30.2638],[130.48665,30.26525],[130.48906,30.26673],[130.48919,30.26893],[130.49009,30.26956],[130.49176,30.27261],[130.49306,30.27446],[130.49481,30.27599],[130.49612,30.27645],[130.49931,30.27691],[130.50087,30.2784],[130.50086,30.27983],[130.49986,30.28191],[130.49865,30.28163],[130.49578,30.28166],[130.49189,30.2813],[130.48921,30.2801],[130.48697,30.27966],[130.48486,30.27961],[130.48153,30.27851],[130.48068,30.27752],[130.47683,30.27773],[130.47478,30.27756],[130.47429,30.27687],[130.4727,30.27665],[130.47139,30.27733],[130.4658,30.27756],[130.46525,30.27793],[130.46331,30.27699],[130.46286,30.27594],[130.46305,30.27424],[130.46039,30.27201],[130.458,30.27284],[130.45425,30.2718],[130.45233,30.26956],[130.45335,30.26784],[130.45313,30.26599],[130.45438,30.26406],[130.45385,30.26338],[130.45409,30.26216],[130.4521,30.26101],[130.45109,30.25731],[130.45008,30.25638]]]},"properties":{"hoanrinKind":"保安林"}},
{"type":"Feature","geometry":{"type":"Polygon","coordinates":[[[130.42452,30.27388],[130.42449,30.27223],[130.42555,30.27209],[130.42556,30.27366],[130.4261,30.27659],[130.42544,30.27656],[130.42452,30.27388]]]},"properties":{"hoanrinKind":"保安林"}},
{"type":"Feature","geometry":{"type":"Polygon","coordinates":[[[130.41384,30.26861],[130.41486,30.26934],[130.41582,30.27137],[130.41836,30.27271],[130.41697,30.2734],[130.41442,30.27273],[130.41384,30.26861]]]},"properties":{"hoanrinKind":"保安林"}},
{"type":"Feature","geometry":{"type":"Polygon","coordinates":[[[130.42763,30.2665],[130.42954,30.26591],[130.43182,30.26469],[130.43294,30.26476],[130.43352,30.26595],[130.43534,30.2667],[130.4376,30.26818],[130.43707,30.26944],[130.43528,30.27073],[130.43254,30.27171],[130.43144,30.27295],[130.42851,30.27129],[130.42837,30.26966],[130.42904,30.26857],[130.42795,30.26798],[130.42763,30.2665]]]},"properties":{"hoanrinKind":"保安林"}},
{"type":"Feature","geometry":{"type":"Polygon","coordinates":[[[130.41782,30.2689],[130.41928,30.26887],[130.42043,30.26948],[130.41982,30.27046],[130.41907,30.26932],[130.41782,30.2689]]]},"properties":{"hoanrinKind":"保安林"}},
{"type":"Feature","geometry":{"type":"Polygon","coordinates":[[[130.57603,30.25844],[130.5776,30.25724],[130.57883,30.25767],[130.57707,30.25914],[130.57603,30.25844]]]},"properties":{"hoanrinKind":"保安林"}},
{"type":"Feature","geometry":{"type":"Polygon","coordinates":[[[130.55314,30.25348],[130.55479,30.25206],[130.55591,30.25161],[130.55791,30.254],[130.55931,30.25616],[130.55671,30.25643],[130.55392,30.2539],[130.55314,30.25348]]]},"properties":{"hoanrinKind":"保安林"}},
{"type":"Feature","geometry":{"type":"Polygon","coordinates":[[[130.56884,30.25555],[130.57172,30.25057],[130.57279,30.25064],[130.5698,30.25509],[130.56884,30.25555]]]},"properties":{"hoanrinKind":"保安林"}},
{"type":"Feature","geometry":{"type":"Polygon","coordinates":[[[129.91152,29.98482],[129.91199,29.98304],[129.91314,29.98304],[129.91194,29.98733],[129.91152,29.98482]]]},"properties":{"hoanrinKind":"保安林"}},
{"type":"Feature","geometry":{"type":"Polygon","coordinates":[[[129.91697,29.95646],[129.91801,29.95603],[129.9207,29.95631],[129.92245,29.95587],[129.92249,29.95884],[129.92148,29.95897],[129.92031,29.95994],[129.91798,29.95857],[129.91697,29.95646]]]},"properties":{"hoanrinKind":"保安林"}},
{"type":"Feature","geometry":{"type":"Polygon","coordinates":[[[129.9335,29.95078],[129.93364,29.94973],[129.93475,29.94945],[129.93661,29.94974],[129.94015,29.95113],[129.9418,29.95141],[129.94392,29.95288],[129.94529,29.95635],[129.9428,29.95643],[129.93976,29.95617],[129.93776,29.95498],[129.93539,29.95471],[129.93384,29.9541],[129.9335,29.95078]]]},"properties":{"hoanrinKind":"保安林"}},
{"type":"Feature","geometry":{"type":"Polygon","coordinates":[[[129.86136,29.84456],[129.86237,29.84203],[129.86334,29.84217],[129.86255,29.84508],[129.86136,29.84456]]]},"properties":{"hoanrinKind":"保安林"}},
{"type":"Feature","geometry":{"type":"Polygon","coordinates":[[[129.8593,29.83865],[129.86069,29.83818],[129.86171,29.83865],[129.86317,29.83848],[129.86504,29.83937],[129.86211,29.84016],[129.8593,29.83865]]]},"properties":{"hoanrinKind":"保安林"}},
{"type":"Feature","geometry":{"type":"Polygon","coordinates":[[[129.67254,28.49992],[129.67463,28.49834],[129.67442,28.49597],[129.67484,28.49514],[129.67483,28.49266],[129.67552,28.49239],[129.6802,28.49306],[129.68114,28.49367],[129.68158,28.49676],[129.6812,28.49767],[129.67979,28.49885],[129.67686,28.49961],[129.67533,28.50119],[129.67401,28.50141],[129.67287,28.50097],[129.67254,28.49992]]]},"properties":{"hoanrinKind":"保安林"}},
{"type":"Feature","geometry":{"type":"Polygon","coordinates":[[[129.66666,28.48459],[129.66811,28.4845],[129.66953,28.48321],[129.67012,28.48195],[129.67314,28.48206],[129.67265,28.47984],[129.67301,28.4778],[129.67438,28.47731],[129.67482,28.47623],[129.67604,28.47584],[129.67668,28.47409],[129.67199,28.474],[129.67387,28.47281],[129.67525,28.47105],[129.67726,28.47045],[129.6788,28.46928],[129.6806,28.46628],[129.68389,28.46533],[129.68573,28.4662],[129.68678,28.46618],[129.68835,28.46539],[129.68899,28.46571],[129.68892,28.46818],[129.68954,28.47107],[129.68902,28.47213],[129.68981,28.47299],[129.69205,28.47233],[129.69119,28.4749],[129.69115,28.47618],[129.692,28.47768],[129.69156,28.4823],[129.69191,28.48363],[129.6893,28.48368],[129.6896,28.48229],[129.68911,28.47951],[129.68845,28.47809],[129.68848,28.47681],[129.68725,28.47499],[129.68619,28.47545],[129.68398,28.4781],[129.68306,28.47961],[129.68107,28.48132],[129.68263,28.48374],[129.68254,28.4852],[129.68175,28.48671],[129.6801,28.48657],[129.6783,28.48727],[129.67666,28.48856],[129.67484,28.48937],[129.67231,28.488],[129.67371,28.48483],[129.67301,28.48463],[129.67143,28.48637],[129.67061,28.48782],[129.66941,28.48774],[129.66871,28.48618],[129.66666,28.48459]]]},"properties":{"hoanrinKind":"保安林"}},
{"type":"Feature","geometry":{"type":"Polygon","coordinates":[[[129.6057,28.46369],[129.60639,28.46137],[129.6092,28.46215],[129.61006,28.46266],[129.61103,28.46477],[129.61186,28.46557],[129.61159,28.46686],[129.60859,28.46737],[129.60753,28.46523],[129.6057,28.46369]]]},"properties":{"hoanrinKind":"保安林"}},
{"type":"Feature","geometry":{"type":"Polygon","coordinates":[[[129.58902,28.46404],[129.59156,28.46348],[129.59316,28.46446],[129.59256,28.46559],[129.59116,28.46497],[129.58909,28.46509],[129.58902,28.46404]]]},"properties":{"hoanrinKind":"保安林"}},
{"type":"Feature","geometry":{"type":"Polygon","coordinates":[[[129.71642,28.46388],[129.71872,28.46128],[129.7207,28.46061],[129.72104,28.45911],[129.72024,28.45796],[129.72139,28.45661],[129.72189,28.45892],[129.72167,28.46013],[129.72083,28.46143],[129.71893,28.46168],[129.71707,28.464],[129.71642,28.46388]]]},"properties":{"hoanrinKind":"保安林"}},
{"type":"Feature","geometry":{"type":"Polygon","coordinates":[[[129.68715,28.45649],[129.68833,28.45305],[129.68924,28.45264],[129.69189,28.4541],[129.69265,28.45313],[129.69161,28.45182],[129.6905,28.45165],[129.69039,28.45022],[129.6892,28.44831],[129.68798,28.44749],[129.68933,28.44576],[129.68803,28.44486],[129.69119,28.44219],[129.69361,28.44107],[129.69506,28.44123],[129.69643,28.44408],[129.69619,28.44479],[129.69356,28.44615],[129.69492,28.4475],[129.69509,28.44932],[129.69708,28.4522],[129.69733,28.45373],[129.69626,28.45502],[129.69404,28.45473],[129.6929,28.45378],[129.69209,28.45458],[129.69183,28.45581],[129.69245,28.458],[129.69196,28.45884],[129.68919,28.45922],[129.68808,28.45834],[129.68715,28.45649]]]},"properties":{"hoanrinKind":"保安林"}},
{"type":"Feature","geometry":{"type":"Polygon","coordinates":[[[129.58788,28.45467],[129.58971,28.45328],[129.59,28.45206],[129.58947,28.45074],[129.58978,28.44662],[129.59035,28.44511],[129.59109,28.44482],[129.59406,28.44585],[129.59468,28.44502],[129.59601,28.44603],[129.59643,28.44759],[129.59379,28.44697],[129.59219,28.44587],[129.59077,28.44718],[129.59089,28.44832],[129.59251,28.44797],[129.59229,28.44907],[129.5941,28.44886],[129.59557,28.45031],[129.59924,28.44952],[129.59942,28.45231],[129.59583,28.45422],[129.59624,28.45692],[129.59877,28.45844],[129.59722,28.45893],[129.59467,28.45833],[129.59453,28.45704],[129.59251,28.45782],[129.59179,28.45681],[129.59011,28.45657],[129.59087,28.45533],[129.59136,28.45291],[129.58837,28.45525],[129.58788,28.45467]]]},"properties":{"hoanrinKind":"保安林"}},
{"type":"Feature","geometry":{"type":"Polygon","coordinates":[[[129.71157,28.44258],[129.71298,28.44141],[129.71287,28.44482],[129.71364,28.44811],[129.71535,28.45006],[129.71351,28.44986],[129.71186,28.44744],[129.71204,28.44564],[129.71157,28.44258]]]},"properties":{"hoanrinKind":"保安林"}},
{"type":"Feature","geometry":{"type":"Polygon","coordinates":[[[129.68181,28.44297],[129.68294,28.44135],[129.68274,28.43953],[129.68318,28.43811],[129.68452,28.43705],[129.6847,28.4361],[129.68593,28.43572],[129.68671,28.43448],[129.68787,28.43394],[129.68797,28.43271],[129.69053,28.43318],[129.69144,28.4346],[129.69172,28.43697],[129.69149,28.43879],[129.69306,28.44047],[129.69207,28.44116],[129.68745,28.44314],[129.68603,28.44281],[129.68404,28.44287],[129.68438,28.44398],[129.68314,28.44454],[129.68225,28.44431],[129.68181,28.44297]]]},"properties":{"hoanrinKind":"保安林"}},
{"type":"Feature","geometry":{"type":"Polygon","coordinates":[[[129.71079,28.43648],[129.71214,28.43677],[129.71301,28.43914],[129.71121,28.43946],[129.71079,28.43648]]]},"properties":{"hoanrinKind":"保安林"}},
{"type":"Feature","geometry":{"type":"Polygon","coordinates":[[[129.59259,28.43972],[129.59285,28.43712],[129.5944,28.43843],[129.59396,28.4395],[129.59259,28.43972]]]},"properties":{"hoanrinKind":"保安林"}},
{"type":"Feature","geometry":{"type":"Polygon","coordinates":[[[129.60133,28.43896],[129.60296,28.43832],[129.60396,28.43862],[129.60296,28.4404],[129.60133,28.43896]]]},"properties":{"hoanrinKind":"保安林"}},
{"type":"Feature","geometry":{"type":"Polygon","coordinates":[[[129.55538,28.43054],[129.55705,28.4297],[129.55764,28.4289],[129.55901,28.42853],[129.55926,28.43058],[129.55724,28.43252],[129.55591,28.43251],[129.55538,28.43054]]]},"properties":{"hoanrinKind":"保安林"}},
{"type":"Feature","geometry":{"type":"Polygon","coordinates":[[[129.70653,28.42847],[129.70745,28.4294],[129.70787,28.43038],[129.70758,28.43051],[129.70653,28.42847]]]},"properties":{"hoanrinKind":"保安林"}},
{"type":"Feature","geometry":{"type":"Polygon","coordinates":[[[129.66745,28.42492],[129.6692,28.42086],[129.6704,28.42021],[129.67322,28.42249],[129.67417,28.42455],[129.67402,28.42681],[129.67351,28.42858],[129.67093,28.42891],[129.66952,28.42638],[129.66745,28.42492]]]},"properties":{"hoanrinKind":"保安林"}},
{"type":"Feature","geometry":{"type":"Polygon","coordinates":[[[129.66132,28.42427],[129.6624,28.42181],[129.66312,28.42091],[129.66523,28.42186],[129.66436,28.42347],[129.66234,28.42477],[129.66132,28.42427]]]},"properties":{"hoanrinKind":"保安林"}},
{"type":"Feature","geometry":{"type":"Polygon","coordinates":[[[129.66334,28.42],[129.66422,28.41888],[129.66451,28.41657],[129.66522,28.41428],[129.66696,28.41412],[129.66855,28.41753],[129.66849,28.41823],[129.666,28.42125],[129.66334,28.42]]]},"properties":{"hoanrinKind":"保安林"}},
{"type":"Feature","geometry":{"type":"Polygon","coordinates":[[[129.68606,28.41403],[129.68701,28.41395],[129.69211,28.41433],[129.69179,28.41478],[129.68965,28.4144],[129.68661,28.41439],[129.68606,28.41403]]]},"properties":{"hoanrinKind":"保安林"}},
{"type":"Feature","geometry":{"type":"Polygon","coordinates":[[[129.59762,28.41234],[129.59896,28.41205],[129.59986,28.4109],[129.60042,28.41421],[129.59762,28.41234]]]},"properties":{"hoanrinKind":"保安林"}},
{"type":"Feature","geometry":{"type":"Polygon","coordinates":[[[129.67639,28.41212],[129.67668,28.41177],[129.67756,28.41147],[129.67758,28.41182],[129.67639,28.41212]]]},"properties":{"hoanrinKind":"保安林"}},
{"type":"Feature","geometry":{"type":"Polygon","coordinates":[[[129.67287,28.41226],[129.67343,28.41157],[129.67477,28.41134],[129.67478,28.41173],[129.67379,28.4118],[129.67287,28.41226]]]},"properties":{"hoanrinKind":"保安林"}},
{"type":"Feature","geometry":{"type":"Polygon","coordinates":[[[129.57481,28.40774],[129.57583,28.40665],[129.57564,28.40579],[129.57701,28.40508],[129.57883,28.407],[129.58038,28.40752],[129.5807,28.40883],[129.57992,28.41033],[129.57839,28.40933],[129.5767,28.40912],[129.57756,28.40789],[129.57481,28.40774]]]},"properties":{"hoanrinKind":"保安林"}},
{"type":"Feature","geometry":{"type":"Polygon","coordinates":[[[129.62709,28.40759],[129.6273,28.40713],[129.62971,28.40795],[129.63074,28.40879],[129.63164,28.40786],[129.63257,28.40839],[129.63054,28.40945],[129.62709,28.40759]]]},"properties":{"hoanrinKind":"保安林"}},
{"type":"Feature","geometry":{"type":"Polygon","coordinates":[[[129.53882,28.40057],[129.53997,28.39936],[129.54174,28.40073],[129.5415,28.40226],[129.53997,28.40179],[129.53882,28.40057]]]},"properties":{"hoanrinKind":"保安林"}},
{"type":"Feature","geometry":{"type":"Polygon","coordinates":[[[129.52234,28.3962],[129.52462,28.39613],[129.52431,28.39771],[129.52276,28.39803],[129.52234,28.3962]]]},"properties":{"hoanrinKind":"保安林"}},
{"type":"Feature","geometry":{"type":"Polygon","coordinates":[[[129.55127,28.3903],[129.55295,28.38838],[129.55332,28.38553],[129.55289,28.38357],[129.55448,28.3841],[129.55652,28.38401],[129.55913,28.38246],[129.56035,28.38246],[129.56283,28.38345],[129.56508,28.38484],[129.56741,28.38659],[129.56609,28.38835],[129.56594,28.38951],[129.56388,28.39077],[129.56415,28.38852],[129.56206,28.39054],[129.56158,28.38989],[129.55828,28.3907],[129.55685,28.3918],[129.55484,28.3913],[129.55583,28.39296],[129.55769,28.3922],[129.55797,28.39373],[129.55712,28.39389],[129.55344,28.39299],[129.5533,28.39158],[129.5518,28.39156],[129.55127,28.3903]]]},"properties":{"hoanrinKind":"保安林"}},
{"type":"Feature","geometry":{"type":"Polygon","coordinates":[[[129.50816,28.39413],[129.50832,28.39191],[129.50993,28.39192],[129.51093,28.39133],[129.51198,28.38974],[129.51266,28.39017],[129.51271,28.39255],[129.51159,28.39321],[129.50905,28.39271],[129.5091,28.39391],[129.50816,28.39413]]]},"properties":{"hoanrinKind":"保安林"}},
{"type":"Feature","geometry":{"type":"Polygon","coordinates":[[[129.53953,28.3514],[129.5403,28.35033],[129.53992,28.34852],[129.54021,28.34773],[129.5427,28.34809],[129.54381,28.34879],[129.54684,28.34706],[129.54662,28.34861],[129.54707,28.34982],[129.54904,28.35089],[129.54903,28.35165],[129.5474,28.35183],[129.54481,28.35283],[129.54368,28.35295],[129.54112,28.35385],[129.54002,28.35334],[129.53953,28.3514]]]},"properties":{"hoanrinKind":"保安林"}},
{"type":"Feature","geometry":{"type":"Polygon","coordinates":[[[129.4785,28.34566],[129.48102,28.34338],[129.48363,28.34349],[129.48313,28.34458],[129.4805,28.34478],[129.47927,28.34593],[129.4785,28.34566]]]},"properties":{"hoanrinKind":"保安林"}},
{"type":"Feature","geometry":{"type":"Polygon","coordinates":[[[129.37525,28.33581],[129.3757,28.33505],[129.37561,28.33322],[129.37724,28.33247],[129.37896,28.32884],[129.37898,28.32701],[129.381,28.32487],[129.38165,28.32373],[129.38314,28.32463],[129.38207,28.32683],[129.38096,28.32811],[129.38203,28.32858],[129.38147,28.32967],[129.38256,28.33207],[129.38166,28.33469],[129.37937,28.33632],[129.37902,28.33718],[129.37656,28.33756],[129.37525,28.33581]]]},"properties":{"hoanrinKind":"保安林"}},
{"type":"Feature","geometry":{"type":"Polygon","coordinates":[[[129.49347,28.33542],[129.49394,28.33478],[129.49633,28.33502],[129.49401,28.33641],[129.49347,28.33542]]]},"properties":{"hoanrinKind":"保安林"}},
{"type":"Feature","geometry":{"type":"Polygon","coordinates":[[[129.98788,28.30992],[129.98892,28.30977],[129.99002,28.31168],[129.99025,28.31285],[129.99127,28.31339],[129.99176,28.31439],[129.99281,28.31479],[129.99578,28.31708],[129.99809,28.31915],[129.99809,28.32084],[129.99628,28.31822],[129.99402,28.31653],[129.99064,28.3148],[129.98788,28.30992]]]},"properties":{"hoanrinKind":"保安林"}},
{"type":"Feature","geometry":{"type":"Polygon","coordinates":[[[129.97076,28.31232],[129.97168,28.3118],[129.9723,28.30984],[129.97318,28.30932],[129.97511,28.30735],[129.9758,28.30597],[129.97701,28.30682],[129.97869,28.30966],[129.98043,28.31089],[129.98197,28.31292],[129.98033,28.31423],[129.98054,28.31671],[129.98139,28.3188],[129.98035,28.31943],[129.9804,28.32036],[129.97786,28.31979],[129.97536,28.31787],[129.97411,28.31779],[129.97307,28.31932],[129.97218,28.31818],[129.97282,28.31734],[129.97086,28.31508],[129.97076,28.31232]]]},"properties":{"hoanrinKind":"保安林"}},
{"type":"Feature","geometry":{"type":"Polygon","coordinates":[[[129.28015,28.32318],[129.28125,28.32273],[129.28262,28.3231],[129.28339,28.32442],[129.28202,28.3244],[129.28029,28.32379],[129.28015,28.32318]]]},"properties":{"hoanrinKind":"保安林"}},
{"type":"Feature","geometry":{"type":"Polygon","coordinates":[[[129.37081,28.29662],[129.36834,28.29543],[129.36846,28.29351],[129.36695,28.29333],[129.36584,28.29443],[129.36505,28.29381],[129.36212,28.29424],[129.36122,28.29352],[129.36048,28.29191],[129.36151,28.29025],[129.36165,28.28697],[129.36267,28.28596],[129.36262,28.28424],[129.36105,28.284],[129.35999,28.28457],[129.35725,28.28347],[129.35459,28.28313],[129.35279,28.28485],[129.35157,28.28501],[129.3491,28.27965],[129.34789,28.27927],[129.34625,28.27805],[129.34529,28.27562],[129.34518,28.27432],[129.34638,28.27261],[129.34721,28.26732],[129.34559,28.2648],[129.3446,28.26382],[129.34263,28.26348],[129.34242,28.26434],[129.33933,28.2646],[129.33755,28.26532],[129.33643,28.2662],[129.3347,28.26622],[129.334,28.26505],[129.33245,28.26483],[129.33168,28.26404],[129.3282,28.26388],[129.32697,28.26516],[129.32477,28.26531],[129.32487,28.26429],[129.32186,28.26368],[129.32074,28.26509],[129.31899,28.26418],[129.31814,28.26303],[129.31707,28.26452],[129.31511,28.2643],[129.31383,28.26525],[129.3131,28.26516],[129.31314,28.26728],[129.3108,28.26845],[129.3094,28.26677],[129.31007,28.26528],[129.30967,28.26422],[129.30802,28.26449],[129.30898,28.26289],[129.30927,28.26158],[129.30827,28.26147],[129.30663,28.26367],[129.30552,28.26626],[129.30773,28.26676],[129.30784,28.26796],[129.3061,28.27023],[129.30461,28.26944],[129.30476,28.26802],[129.30366,28.26666],[129.30306,28.26774],[129.30343,28.26919],[129.30266,28.26987],[129.30143,28.26958],[129.29978,28.2677],[129.29823,28.26707],[129.29844,28.26523],[129.29652,28.26246],[129.29653,28.26063],[129.299,28.26089],[129.30092,28.26159],[129.30317,28.26076],[129.30348,28.25895],[129.30466,28.25754],[129.30691,28.25892],[129.3083,28.25846],[129.30898,28.25723],[129.31139,28.25713],[129.31344,28.25799],[129.31584,28.25748],[129.31716,28.25683],[129.31936,28.255],[129.3203,28.25501],[129.3208,28.25656],[129.32349,28.25891],[129.32541,28.26103],[129.32737,28.26055],[129.32974,28.26104],[129.33192,28.26187],[129.33336,28.26183],[129.33556,28.26027],[129.33639,28.25909],[129.34033,28.26124],[129.33941,28.25718],[129.33995,28.25528],[129.33982,28.25414],[129.33891,28.25333],[129.33916,28.25167],[129.34147,28.24827],[129.34236,28.2476],[129.34691,28.24305],[129.34867,28.24334],[129.34858,28.24471],[129.34941,28.24615],[129.35067,28.24632],[129.35162,28.24566],[129.35456,28.24538],[129.35652,28.24585],[129.35896,28.24502],[129.36006,28.24518],[129.36038,28.24634],[129.3613,28.24708],[129.36208,28.24923],[129.36393,28.249],[129.37038,28.24887],[129.37069,28.24984],[129.37227,28.24959],[129.37313,28.24887],[129.37539,28.24923],[129.37458,28.25122],[129.37286,28.25455],[129.37337,28.25552],[129.37202,28.25633],[129.37015,28.25908],[129.37029,28.2605],[129.37311,28.25978],[129.37415,28.26136],[129.3761,28.26142],[129.37727,28.26371],[129.37931,28.26501],[129.37944,28.26608],[129.38039,28.26759],[129.38269,28.26882],[129.38279,28.26922],[129.38056,28.27035],[129.38119,28.27252],[129.38335,28.27409],[129.38384,28.27482],[129.38282,28.27566],[129.38164,28.27937],[129.38095,28.28219],[129.37962,28.28447],[129.37762,28.28599],[129.37644,28.28567],[129.3749,28.28615],[129.37523,28.28714],[129.37482,28.28837],[129.37823,28.28894],[129.37971,28.28979],[129.38123,28.28938],[129.38479,28.28969],[129.38532,28.29023],[129.38471,28.29153],[129.38522,28.29278],[129.38618,28.29325],[129.38755,28.29309],[129.38795,28.29471],[129.38891,28.29555],[129.38893,28.29674],[129.38773,28.29842],[129.38934,28.29842],[129.39039,28.29886],[129.39179,28.29821],[129.39481,28.29798],[129.39621,28.29762],[129.39866,28.29814],[129.39997,28.29913],[129.40244,28.30045],[129.40613,28.30099],[129.40737,28.29891],[129.40779,28.30051],[129.40683,28.30235],[129.40747,28.30352],[129.40719,28.30566],[129.40629,28.30715],[129.40671,28.31067],[129.40628,28.31164],[129.4072,28.31341],[129.4073,28.31462],[129.40549,28.31568],[129.40624,28.31364],[129.40533,28.31146],[129.40561,28.30932],[129.40556,28.30673],[129.40446,28.3055],[129.40021,28.3068],[129.39908,28.3075],[129.3973,28.30507],[129.39544,28.30351],[129.39319,28.30285],[129.39099,28.30133],[129.38879,28.30095],[129.38853,28.30385],[129.38635,28.30468],[129.3854,28.30341],[129.38433,28.30311],[129.38281,28.30145],[129.38139,28.30084],[129.38062,28.29993],[129.37869,28.2988],[129.37585,28.29755],[129.37396,28.29514],[129.37349,28.29567],[129.37108,28.29658],[129.37081,28.29662]]]},"properties":{"hoanrinKind":"保安林"}},
{"type":"Feature","geometry":{"type":"Polygon","coordinates":[[[129.28414,28.29751],[129.28503,28.29674],[129.28693,28.29355],[129.28784,28.29284],[129.28903,28.29277],[129.28983,28.29179],[129.28909,28.28852],[129.29024,28.28759],[129.29206,28.28852],[129.29383,28.28844],[129.29417,28.29087],[129.29661,28.29323],[129.29718,28.29437],[129.29755,28.29684],[129.297,28.30022],[129.29814,28.30169],[129.2987,28.30311],[129.29896,28.30518],[129.29857,28.30623],[129.29528,28.30565],[129.2908,28.30546],[129.28963,28.30433],[129.28868,28.30257],[129.28473,28.3003],[129.28496,28.29876],[129.28414,28.29751]]]},"properties":{"hoanrinKind":"保安林"}},
{"type":"Feature","geometry":{"type":"Polygon","coordinates":[[[129.9763,28.28924],[129.97723,28.28912],[129.97779,28.28953],[129.9783,28.29068],[129.9763,28.28924]]]},"properties":{"hoanrinKind":"保安林"}},
{"type":"Feature","geometry":{"type":"Polygon","coordinates":[[[129.91606,28.29915],[129.91637,28.29747],[129.91745,28.29779],[129.91738,28.29896],[129.91606,28.29915]]]},"properties":{"hoanrinKind":"保安林"}},
{"type":"Feature","geometry":{"type":"Polygon","coordinates":[[[129.24211,28.29652],[129.24249,28.29549],[129.2448,28.29377],[129.2447,28.29262],[129.24742,28.29433],[129.24875,28.29409],[129.24916,28.29294],[129.24754,28.29181],[129.24938,28.29108],[129.25219,28.29134],[129.25341,28.29018],[129.25484,28.29073],[129.25559,28.29275],[129.25686,28.29516],[129.25601,28.29875],[129.25543,28.30212],[129.25474,28.3023],[129.25065,28.30103],[129.24858,28.29999],[129.24686,28.29833],[129.2431,28.29768],[129.24211,28.29652]]]},"properties":{"hoanrinKind":"保安林"}},
{"type":"Feature","geometry":{"type":"Polygon","coordinates":[[[129.91867,28.29423],[129.91926,28.29259],[129.92072,28.29111],[129.92183,28.29123],[129.92108,28.29259],[129.91962,28.29412],[129.91867,28.29423]]]},"properties":{"hoanrinKind":"保安林"}},
{"type":"Feature","geometry":{"type":"Polygon","coordinates":[[[129.39558,28.28229],[129.39803,28.28106],[129.40166,28.28044],[129.40461,28.27956],[129.40718,28.2775],[129.40889,28.27723],[129.40977,28.27614],[129.41087,28.276],[129.41203,28.27697],[129.41385,28.27938],[129.41406,28.28172],[129.41505,28.28276],[129.41336,28.28415],[129.41289,28.28535],[129.41408,28.28677],[129.41232,28.28961],[129.41296,28.2915],[129.41244,28.29404],[129.41185,28.29482],[129.41,28.29481],[129.40668,28.29351],[129.40503,28.292],[129.40357,28.29195],[129.40161,28.28989],[129.4,28.28982],[129.39924,28.28684],[129.39813,28.28477],[129.39649,28.28369],[129.39558,28.28229]]]},"properties":{"hoanrinKind":"保安林"}},
{"type":"Feature","geometry":{"type":"Polygon","coordinates":[[[129.96352,28.29],[129.96664,28.28786],[129.96876,28.28702],[129.9688,28.28838],[129.96719,28.289],[129.96495,28.29064],[129.96352,28.29]]]},"properties":{"hoanrinKind":"保安林"}},
{"type":"Feature","geometry":{"type":"Polygon","coordinates":[[[129.94276,28.27682],[129.94543,28.27625],[129.94696,28.27733],[129.94741,28.27832],[129.94861,28.27843],[129.94986,28.27741],[129.95304,28.27726],[129.95516,28.27772],[129.95613,28.27858],[129.95744,28.27885],[129.95963,28.28076],[129.96293,28.28051],[129.96392,28.28116],[129.96073,28.28247],[129.96032,28.28189],[129.95828,28.28213],[129.95667,28.28179],[129.95702,28.27945],[129.95435,28.2788],[129.95186,28.27765],[129.95022,28.27788],[129.94937,28.27868],[129.94758,28.27913],[129.946,28.27753],[129.94384,28.27792],[129.94276,28.27682]]]},"properties":{"hoanrinKind":"保安林"}},
{"type":"Feature","geometry":{"type":"Polygon","coordinates":[[[129.30718,28.27551],[129.30768,28.27546],[129.30915,28.27734],[129.30923,28.27256],[129.31178,28.27187],[129.31428,28.27345],[129.31578,28.27352],[129.31457,28.26894],[129.31695,28.26944],[129.31623,28.26797],[129.31672,28.2668],[129.31822,28.26607],[129.3215,28.26767],[129.32173,28.26852],[129.32376,28.26932],[129.32411,28.27032],[129.32573,28.27018],[129.3245,28.26867],[129.32329,28.26825],[129.32196,28.2662],[129.3226,28.26419],[129.3234,28.26438],[129.32396,28.26607],[129.32483,28.26675],[129.32659,28.26704],[129.32864,28.26627],[129.33049,28.26499],[129.33173,28.26503],[129.33141,28.2671],[129.33012,28.26944],[129.32999,28.27032],[129.33067,28.27245],[129.33042,28.2742],[129.33179,28.27644],[129.33125,28.27778],[129.33153,28.27929],[129.33135,28.28091],[129.32997,28.28166],[129.32811,28.27939],[129.32776,28.27782],[129.32635,28.27689],[129.32498,28.27521],[129.32501,28.27308],[129.32458,28.27167],[129.32201,28.27057],[129.321,28.27068],[129.3198,28.26987],[129.31943,28.27132],[129.3163,28.27605],[129.31655,28.27812],[129.31558,28.27955],[129.31444,28.27929],[129.31094,28.28006],[129.30768,28.27646],[129.30718,28.27551]]]},"properties":{"hoanrinKind":"保安林"}},
{"type":"Feature","geometry":{"type":"Polygon","coordinates":[[[129.39855,28.25602],[129.40005,28.25692],[129.4009,28.25862],[129.40047,28.26031],[129.39957,28.26041],[129.39855,28.25602]]]},"properties":{"hoanrinKind":"保安林"}},
{"type":"Feature","geometry":{"type":"Polygon","coordinates":[[[129.29032,28.24423],[129.2913,28.24324],[129.29243,28.24095],[129.29581,28.2391],[129.29937,28.24044],[129.30144,28.2407],[129.30176,28.24364],[129.30219,28.24491],[129.30095,28.24572],[129.29919,28.24778],[129.29858,28.25002],[129.29781,28.2511],[129.29622,28.25112],[129.29372,28.24859],[129.29225,28.24767],[129.2904,28.24531],[129.29032,28.24423]]]},"properties":{"hoanrinKind":"保安林"}},
{"type":"Feature","geometry":{"type":"Polygon","coordinates":[[[129.17902,28.24789],[129.17937,28.24656],[129.18035,28.24634],[129.1809,28.24753],[129.18261,28.24869],[129.18227,28.24904],[129.17985,28.2473],[129.17902,28.24789]]]},"properties":{"hoanrinKind":"保安林"}},
{"type":"Feature","geometry":{"type":"Polygon","coordinates":[[[129.21151,28.2457],[129.21337,28.24039],[129.21398,28.23947],[129.21597,28.23915],[129.21711,28.23956],[129.22085,28.23975],[129.22268,28.24087],[129.22257,28.24178],[129.22124,28.24379],[129.21877,28.24651],[129.21695,28.24744],[129.21525,28.24664],[129.21403,28.24692],[129.21332,28.24605],[129.21151,28.2457]]]},"properties":{"hoanrinKind":"保安林"}},
{"type":"Feature","geometry":{"type":"Polygon","coordinates":[[[129.25549,28.23774],[129.25665,28.2377],[129.25783,28.23863],[129.25804,28.23975],[129.25787,28.243],[129.25671,28.24289],[129.25732,28.24163],[129.25661,28.24116],[129.25549,28.23774]]]},"properties":{"hoanrinKind":"保安林"}},
{"type":"Feature","geometry":{"type":"Polygon","coordinates":[[[129.37385,28.23782],[129.37528,28.2367],[129.37566,28.23469],[129.37719,28.23367],[129.38254,28.2341],[129.38426,28.23477],[129.38208,28.23806],[129.37825,28.2381],[129.37495,28.23897],[129.37385,28.23782]]]},"properties":{"hoanrinKind":"保安林"}},
{"type":"Feature","geometry":{"type":"Polygon","coordinates":[[[129.30599,28.18551],[129.30792,28.18446],[129.3101,28.18409],[129.31125,28.18337],[129.31446,28.18437],[129.31588,28.184],[129.3158,28.18554],[129.31679,28.1873],[129.31578,28.18826],[129.31525,28.19123],[129.31581,28.19259],[129.31562,28.19437],[129.3167,28.19542],[129.31821,28.19571],[129.31914,28.19662],[129.32172,28.1956],[129.32298,28.19601],[129.32438,28.19707],[129.32609,28.19666],[129.32736,28.19716],[129.32933,28.19694],[129.33071,28.19628],[129.33137,28.19693],[129.33164,28.19849],[129.33325,28.19877],[129.33546,28.20017],[129.33766,28.19967],[129.33881,28.19834],[129.34029,28.19832],[129.34144,28.19746],[129.34236,28.19555],[129.34341,28.19634],[129.3453,28.19631],[129.34754,28.19852],[129.34837,28.19821],[129.34993,28.19957],[129.34989,28.20052],[129.3515,28.20056],[129.3529,28.20257],[129.3515,28.20324],[129.35231,28.20394],[129.35402,28.20271],[129.35476,28.20101],[129.35468,28.19989],[129.35393,28.19841],[129.35437,28.19722],[129.35643,28.19705],[129.3606,28.19442],[129.36136,28.19345],[129.36344,28.1921],[129.36315,28.19493],[129.36391,28.19678],[129.36353,28.19878],[129.36265,28.19981],[129.3629,28.20149],[129.36226,28.20319],[129.36083,28.20394],[129.36046,28.20492],[129.36116,28.20761],[129.36049,28.20933],[129.35909,28.21068],[129.36027,28.21132],[129.36167,28.21104],[129.36307,28.21143],[129.36482,28.21338],[129.36587,28.215],[129.36504,28.21614],[129.36424,28.21824],[129.36319,28.2192],[129.36184,28.21926],[129.36169,28.22108],[129.36117,28.22258],[129.36012,28.22266],[129.35883,28.22362],[129.35763,28.22377],[129.35675,28.22567],[129.35837,28.22777],[129.36027,28.22773],[129.35986,28.2288],[129.35644,28.22861],[129.3534,28.22923],[129.35137,28.23114],[129.35036,28.23129],[129.34941,28.23476],[129.34639,28.23504],[129.34446,28.2361],[129.34534,28.23749],[129.34497,28.23862],[129.34329,28.23845],[129.34298,28.23747],[129.34358,28.23573],[129.34269,28.23544],[129.34227,28.23429],[129.34407,28.2339],[129.34466,28.23025],[129.34688,28.23054],[129.34706,28.22935],[129.34643,28.2286],[129.34684,28.22694],[129.34692,28.22477],[129.34517,28.22422],[129.34423,28.22437],[129.34412,28.22292],[129.34278,28.22325],[129.34065,28.22164],[129.34057,28.2229],[129.33706,28.22292],[129.33648,28.22399],[129.33441,28.22435],[129.33275,28.22314],[129.33013,28.22355],[129.33041,28.22237],[129.32801,28.22223],[129.3267,28.22186],[129.32528,28.22286],[129.32388,28.22311],[129.32326,28.2222],[129.32399,28.22096],[129.32371,28.21986],[129.32169,28.21923],[129.3218,28.21767],[129.32243,28.21728],[129.32233,28.21408],[129.32261,28.21274],[129.32427,28.21236],[129.32515,28.21134],[129.32585,28.20885],[129.3278,28.20721],[129.32988,28.20496],[129.33157,28.20401],[129.33149,28.20307],[129.32939,28.20399],[129.32638,28.20494],[129.32473,28.20507],[129.323,28.20418],[129.32204,28.20325],[129.3204,28.2045],[129.31791,28.20386],[129.31551,28.20466],[129.31249,28.20631],[129.31047,28.20644],[129.30956,28.2057],[129.30813,28.20346],[129.30684,28.20343],[129.30647,28.20186],[129.30694,28.20115],[129.3062,28.19964],[129.30697,28.1977],[129.30748,28.194],[129.30717,28.19212],[129.30622,28.18959],[129.30636,28.18779],[129.30599,28.18551]]]},"properties":{"hoanrinKind":"保安林"}},
{"type":"Feature","geometry":{"type":"Polygon","coordinates":[[[129.34262,28.22945],[129.3442,28.22919],[129.34414,28.23009],[129.34275,28.23061],[129.34262,28.22945]]]},"properties":{"hoanrinKind":"保安林"}},
{"type":"Feature","geometry":{"type":"Polygon","coordinates":[[[129.30317,28.22508],[129.30498,28.22426],[129.30701,28.22418],[129.3095,28.22512],[129.31064,28.2242],[129.31026,28.22183],[129.30874,28.22091],[129.3078,28.21937],[129.30648,28.21869],[129.30594,28.21762],[129.3078,28.21775],[129.31179,28.21896],[129.30963,28.21686],[129.30973,28.21197],[129.31114,28.20775],[129.31189,28.20701],[129.315,28.20817],[129.31533,28.2107],[129.31599,28.21149],[129.31561,28.21382],[129.3161,28.21505],[129.31448,28.21753],[129.31441,28.21881],[129.31535,28.22039],[129.31816,28.22075],[129.31936,28.22192],[129.31913,28.22253],[129.31737,28.22317],[129.31857,28.22431],[129.31877,28.22668],[129.3163,28.22826],[129.31561,28.22934],[129.31221,28.23072],[129.31117,28.23005],[129.31097,28.2286],[129.31009,28.2273],[129.30814,28.22709],[129.30718,28.2262],[129.30564,28.22569],[129.30333,28.22605],[129.30317,28.22508]]]},"properties":{"hoanrinKind":"保安林"}},
{"type":"Feature","geometry":{"type":"Polygon","coordinates":[[[129.36527,28.21953],[129.36699,28.21758],[129.36767,28.21618],[129.36706,28.21297],[129.36623,28.2116],[129.36631,28.2105],[129.36848,28.20777],[129.37002,28.20685],[129.37156,28.20415],[129.37472,28.20499],[129.37612,28.20464],[129.37746,28.20751],[129.37928,28.20988],[129.37982,28.21175],[129.38063,28.21265],[129.38391,28.21319],[129.38727,28.21223],[129.38982,28.21226],[129.39033,28.21353],[129.38888,28.21564],[129.38791,28.21775],[129.38687,28.21921],[129.38418,28.22041],[129.38198,28.22213],[129.37844,28.22338],[129.37564,28.22363],[129.37401,28.22495],[129.37346,28.22591],[129.37073,28.22808],[129.369,28.22856],[129.36811,28.22922],[129.36819,28.22553],[129.3661,28.22395],[129.36544,28.2229],[129.36486,28.22088],[129.36527,28.21953]]]},"properties":{"hoanrinKind":"保安林"}},
{"type":"Feature","geometry":{"type":"Polygon","coordinates":[[[129.31974,28.22301],[129.32066,28.22238],[129.32214,28.22247],[129.32254,28.22363],[129.31974,28.22301]]]},"properties":{"hoanrinKind":"保安林"}},
{"type":"Feature","geometry":{"type":"Polygon","coordinates":[[[129.31637,28.18423],[129.31824,28.18182],[129.31909,28.18215],[129.32194,28.18234],[129.32335,28.18185],[129.32513,28.18312],[129.32482,28.1859],[129.32408,28.1864],[129.32244,28.18596],[129.32124,28.18466],[129.32034,28.18482],[129.31699,28.18456],[129.31637,28.18423]]]},"properties":{"hoanrinKind":"保安林"}},
{"type":"Feature","geometry":{"type":"Polygon","coordinates":[[[129.35107,28.14143],[129.35186,28.14077],[129.35541,28.14014],[129.35704,28.14293],[129.35564,28.1429],[129.35609,28.14509],[129.35208,28.144],[129.35107,28.14143]]]},"properties":{"hoanrinKind":"保安林"}},
{"type":"Feature","geometry":{"type":"Polygon","coordinates":[[[129.34601,28.13776],[129.34596,28.13675],[129.34752,28.13686],[129.34709,28.1381],[129.34601,28.13776]]]},"properties":{"hoanrinKind":"保安林"}},
{"type":"Feature","geometry":{"type":"Polygon","coordinates":[[[129.33134,28.0849],[129.33217,28.08516],[129.33163,28.08594],[129.33123,28.08582],[129.33134,28.0849]]]},"properties":{"hoanrinKind":"保安林"}},
{"type":"Feature","geometry":{"type":"Polygon","coordinates":[[[128.95848,27.88178],[128.95944,27.88089],[128.9613,27.88116],[128.96185,27.88245],[128.96156,27.88466],[128.96196,27.88568],[128.96054,27.8858],[128.96006,27.88416],[128.95848,27.88178]]]},"properties":{"hoanrinKind":"保安林"}},
{"type":"Feature","geometry":{"type":"Polygon","coordinates":[[[128.94262,27.88074],[128.94433,27.87975],[128.94508,27.87754],[128.94631,27.87513],[128.94559,27.8736],[128.94782,27.87336],[128.94849,27.87414],[128.94831,27.87599],[128.94911,27.87658],[128.95351,27.87536],[128.95433,27.87551],[128.95515,27.87755],[128.95441,27.87857],[128.95562,27.88091],[128.95515,27.88193],[128.95354,27.88144],[128.95151,27.88144],[128.9489,27.88189],[128.94566,27.88322],[128.94457,27.88337],[128.94356,27.88258],[128.94262,27.88074]]]},"properties":{"hoanrinKind":"保安林"}},
{"type":"Feature","geometry":{"type":"Polygon","coordinates":[[[128.93737,27.87374],[128.93854,27.874],[128.93967,27.87498],[128.93823,27.87557],[128.93737,27.87374]]]},"properties":{"hoanrinKind":"保安林"}},
{"type":"Feature","geometry":{"type":"Polygon","coordinates":[[[128.90614,27.87068],[128.90726,27.86885],[128.90708,27.86793],[128.91089,27.86666],[128.91309,27.86793],[128.91438,27.86934],[128.91436,27.86722],[128.91546,27.86545],[128.91725,27.86395],[128.91715,27.86195],[128.91829,27.86027],[128.91779,27.85881],[128.91974,27.85927],[128.91969,27.85776],[128.92085,27.85334],[128.91992,27.85121],[128.91894,27.8525],[128.91742,27.85062],[128.91781,27.84916],[128.91612,27.84918],[128.91532,27.84776],[128.91676,27.84752],[128.91675,27.84623],[128.91769,27.84553],[128.92207,27.84645],[128.92498,27.84757],[128.92733,27.84884],[128.92748,27.84647],[128.93087,27.84596],[128.9325,27.84408],[128.93288,27.84305],[128.93481,27.84509],[128.93605,27.84536],[128.93759,27.84501],[128.93778,27.84396],[128.93718,27.84282],[128.94094,27.84201],[128.94355,27.84452],[128.94306,27.84556],[128.94025,27.84827],[128.9382,27.85147],[128.93665,27.85287],[128.9348,27.85325],[128.93248,27.85548],[128.93109,27.85759],[128.93066,27.86031],[128.92805,27.86288],[128.92771,27.86357],[128.92598,27.87014],[128.92168,27.87094],[128.92022,27.87234],[128.91412,27.87366],[128.91131,27.87352],[128.90951,27.87189],[128.9074,27.87172],[128.90614,27.87068]]]},"properties":{"hoanrinKind":"保安林"}},
{"type":"Feature","geometry":{"type":"Polygon","coordinates":[[[128.94868,27.85467],[128.94993,27.85576],[128.94917,27.85616],[128.94868,27.85467]]]},"properties":{"hoanrinKind":"保安林"}},
{"type":"Feature","geometry":{"type":"Polygon","coordinates":[[[128.91378,27.83942],[128.91514,27.83788],[128.91539,27.83642],[128.91738,27.83604],[128.91727,27.83484],[128.91597,27.83451],[128.91698,27.83287],[128.91691,27.83165],[128.91865,27.83028],[128.92065,27.83099],[128.92065,27.83191],[128.92156,27.83286],[128.91967,27.83596],[128.91846,27.83942],[128.91666,27.84239],[128.91484,27.84078],[128.91378,27.83942]]]},"properties":{"hoanrinKind":"保安林"}},
{"type":"Feature","geometry":{"type":"Polygon","coordinates":[[[128.96246,27.79845],[128.96264,27.79788],[128.96444,27.79703],[128.96562,27.7973],[128.96475,27.7986],[128.96464,27.80063],[128.96647,27.80101],[128.96628,27.80228],[128.9651,27.80271],[128.96388,27.80144],[128.96246,27.79845]]]},"properties":{"hoanrinKind":"保安林"}},
{"type":"Feature","geometry":{"type":"Polygon","coordinates":[[[128.96673,27.74796],[128.96733,27.74668],[128.96905,27.74503],[128.97142,27.74533],[128.97208,27.74639],[128.97018,27.74668],[128.96895,27.74982],[128.9713,27.75025],[128.97207,27.75235],[128.97361,27.7534],[128.97553,27.75161],[128.97695,27.75256],[128.97767,27.75373],[128.98086,27.75486],[128.98248,27.75494],[128.98384,27.75562],[128.98497,27.75526],[128.98361,27.75309],[128.98172,27.75257],[128.98238,27.75156],[128.98564,27.75123],[128.98729,27.75285],[128.98875,27.75335],[128.99159,27.75284],[128.99486,27.7526],[128.99527,27.75129],[128.99618,27.75013],[128.99618,27.74834],[128.99738,27.74717],[128.99896,27.74726],[128.99972,27.74635],[129.00087,27.74614],[129.00146,27.74765],[129.00116,27.7485],[128.99877,27.74967],[128.99848,27.75209],[128.99582,27.75324],[128.99455,27.75409],[128.99392,27.75572],[128.99429,27.75711],[128.99368,27.75943],[128.99394,27.76028],[128.99196,27.76179],[128.9934,27.76381],[128.99433,27.76458],[128.99818,27.76482],[128.99784,27.76605],[128.99993,27.76877],[128.99696,27.76935],[128.99702,27.77017],[128.99814,27.7707],[128.99905,27.77209],[128.99798,27.77258],[128.99546,27.77214],[128.99608,27.7742],[128.99467,27.77751],[128.99546,27.77929],[128.99649,27.77938],[128.99756,27.78086],[128.99694,27.78238],[128.99583,27.78387],[128.99666,27.786],[128.99663,27.78733],[128.99511,27.78854],[128.99405,27.79025],[128.99242,27.7896],[128.99153,27.79005],[128.98939,27.78943],[128.9885,27.78748],[128.98649,27.78727],[128.98405,27.78799],[128.9815,27.78832],[128.9791,27.7894],[128.97707,27.78898],[128.97441,27.78617],[128.97455,27.78511],[128.97783,27.78459],[128.97946,27.78364],[128.98276,27.78397],[128.98434,27.78318],[128.98481,27.7817],[128.98335,27.78032],[128.98288,27.77902],[128.98152,27.77829],[128.98019,27.77685],[128.97836,27.77613],[128.97774,27.77503],[128.97716,27.77273],[128.97724,27.77076],[128.9769,27.7687],[128.97773,27.76639],[128.97743,27.76538],[128.97451,27.76418],[128.97396,27.76185],[128.97406,27.75918],[128.97074,27.75614],[128.97002,27.75513],[128.96983,27.752],[128.96694,27.74961],[128.96673,27.74796]]]},"properties":{"hoanrinKind":"保安林"}},
{"type":"Feature","geometry":{"type":"Polygon","coordinates":[[[129.02982,27.77324],[129.03183,27.77375],[129.03313,27.77347],[129.03366,27.77475],[129.03074,27.77483],[129.02982,27.77324]]]},"properties":{"hoanrinKind":"保安林"}},
{"type":"Feature","geometry":{"type":"Polygon","coordinates":[[[129.0357,27.77187],[129.03607,27.77027],[129.03657,27.76998],[129.03648,27.76844],[129.03611,27.76768],[129.03623,27.76585],[129.03672,27.76594],[129.0366,27.76751],[129.03708,27.76965],[129.0364,27.7712],[129.0357,27.77187]]]},"properties":{"hoanrinKind":"保安林"}},
{"type":"Feature","geometry":{"type":"Polygon","coordinates":[[[128.98155,27.74443],[128.98245,27.74349],[128.98192,27.74254],[128.98353,27.74134],[128.98283,27.74042],[128.98338,27.73884],[128.98438,27.73763],[128.98448,27.73645],[128.9865,27.73721],[128.98749,27.73843],[128.98656,27.73942],[128.98515,27.73902],[128.98375,27.73945],[128.98339,27.7403],[128.98443,27.74085],[128.98633,27.74068],[128.98697,27.7414],[128.9844,27.74315],[128.98378,27.74418],[128.98155,27.74443]]]},"properties":{"hoanrinKind":"保安林"}},
{"type":"Feature","geometry":{"type":"Polygon","coordinates":[[[128.89488,27.73194],[128.8982,27.73256],[128.89768,27.73348],[128.89488,27.73194]]]},"properties":{"hoanrinKind":"保安林"}},
{"type":"Feature","geometry":{"type":"Polygon","coordinates":[[[128.97894,27.73402],[128.98033,27.73407],[128.98188,27.73353],[128.98436,27.7341],[128.98487,27.73544],[128.98306,27.73546],[128.98195,27.73492],[128.98078,27.7355],[128.97894,27.73402]]]},"properties":{"hoanrinKind":"保安林"}},
{"type":"Feature","geometry":{"type":"Polygon","coordinates":[[[128.97946,27.7315],[128.97936,27.73012],[128.97998,27.7291],[128.98249,27.72794],[128.98398,27.72838],[128.98288,27.73053],[128.98348,27.73255],[128.98009,27.73341],[128.98005,27.73188],[128.97946,27.7315]]]},"properties":{"hoanrinKind":"保安林"}},
{"type":"Feature","geometry":{"type":"Polygon","coordinates":[[[128.98459,27.72892],[128.98604,27.73066],[128.98502,27.73107],[128.98459,27.72892]]]},"properties":{"hoanrinKind":"保安林"}},
{"type":"Feature","geometry":{"type":"Polygon","coordinates":[[[128.9382,27.6885],[128.93883,27.68755],[128.94045,27.68721],[128.94158,27.68838],[128.94201,27.69122],[128.93899,27.69171],[128.9382,27.6885]]]},"properties":{"hoanrinKind":"保安林"}},
{"type":"Feature","geometry":{"type":"Polygon","coordinates":[[[128.5565,27.37334],[128.55773,27.37134],[128.56054,27.36985],[128.56192,27.37005],[128.56242,27.36921],[128.56533,27.36769],[128.56724,27.37067],[128.56762,27.37307],[128.56709,27.37419],[128.56732,27.37656],[128.56542,27.37708],[128.56312,27.37505],[128.56061,27.37537],[128.55976,27.37416],[128.55682,27.37413],[128.5565,27.37334]]]},"properties":{"hoanrinKind":"保安林"}},
{"type":"Feature","geometry":{"type":"Polygon","coordinates":[[[128.56671,27.36717],[128.56779,27.36608],[128.57047,27.36583],[128.57126,27.36512],[128.57254,27.36535],[128.57413,27.36635],[128.57683,27.36634],[128.57654,27.36831],[128.57497,27.37047],[128.57369,27.37108],[128.57259,27.37398],[128.57134,27.37394],[128.5695,27.37171],[128.56874,27.36934],[128.56687,27.36896],[128.56671,27.36717]]]},"properties":{"hoanrinKind":"保安林"}},
{"type":"Feature","geometry":{"type":"Polygon","coordinates":[[[128.56317,27.36509],[128.56412,27.36358],[128.56519,27.3641],[128.56524,27.36595],[128.56348,27.36596],[128.56317,27.36509]]]},"properties":{"hoanrinKind":"保安林"}},
{"type":"Feature","geometry":{"type":"Polygon","coordinates":[[[128.56376,27.35966],[128.56515,27.3605],[128.56783,27.36072],[128.56907,27.35932],[128.57111,27.35938],[128.57152,27.36199],[128.57114,27.3638],[128.56887,27.36502],[128.56754,27.36535],[128.56644,27.36261],[128.56496,27.36212],[128.56376,27.35966]]]},"properties":{"hoanrinKind":"保安林"}},
{"type":"Feature","geometry":{"type":"Polygon","coordinates":[[[128.45156,27.0441],[128.45197,27.04312],[128.45198,27.04045],[128.45331,27.04],[128.45342,27.04522],[128.45423,27.04699],[128.45257,27.04675],[128.45193,27.04602],[128.45156,27.0441]]]},"properties":{"hoanrinKind":"保安林"}},
{"type":"Feature","geometry":{"type":"Polygon","coordinates":[[[128.42464,27.02412],[128.42533,27.02298],[128.42766,27.02338],[128.42877,27.02389],[128.42913,27.02477],[128.42684,27.02363],[128.42567,27.02367],[128.42464,27.02412]]]},"properties":{"hoanrinKind":"保安林"}},
{"type":"Feature","geometry":{"type":"Polygon","coordinates":[[[130.39763,31.62135],[130.39853,31.62029],[130.39901,31.62136],[130.39763,31.62135]]]},"properties":{"hoanrinKind":"保安林"}},
{"type":"Feature","geometry":{"type":"Polygon","coordinates":[[[130.84603,31.3911],[130.84674,31.38972],[130.8484,31.3896],[130.84912,31.39027],[130.84853,31.39192],[130.84875,31.39293],[130.8477,31.39408],[130.84635,31.39316],[130.84603,31.3911]]]},"properties":{"hoanrinKind":"保安林"}},
{"type":"Feature","geometry":{"type":"Polygon","coordinates":[[[130.29363,31.68564],[130.29434,31.68437],[130.29504,31.68373],[130.29582,31.68361],[130.29394,31.68584],[130.29363,31.68564]]]},"properties":{"hoanrinKind":"保安林"}},
{"type":"Feature","geometry":{"type":"Polygon","coordinates":[[[129.71221,31.68862],[129.71256,31.68668],[129.71512,31.6837],[129.71567,31.68215],[129.71691,31.68143],[129.71826,31.68322],[129.71847,31.68425],[129.7182,31.68782],[129.71784,31.68882],[129.71632,31.69057],[129.71423,31.68929],[129.71221,31.68862]]]},"properties":{"hoanrinKind":"保安林"}},
{"type":"Feature","geometry":{"type":"Polygon","coordinates":[[[129.71229,31.67854],[129.71493,31.67702],[129.7158,31.67792],[129.71578,31.67935],[129.7126,31.67962],[129.71229,31.67854]]]},"properties":{"hoanrinKind":"保安林"}},
{"type":"Feature","geometry":{"type":"Polygon","coordinates":[[[129.73986,31.68686],[129.74171,31.68693],[129.74307,31.68596],[129.74383,31.68719],[129.74323,31.6889],[129.73986,31.68686]]]},"properties":{"hoanrinKind":"保安林"}},
{"type":"Feature","geometry":{"type":"Polygon","coordinates":[[[129.71508,31.72416],[129.71615,31.72296],[129.7186,31.72229],[129.71893,31.7227],[129.71723,31.72464],[129.71739,31.72534],[129.72029,31.72452],[129.72116,31.72579],[129.72339,31.72638],[129.72123,31.72723],[129.71736,31.72605],[129.71447,31.72466],[129.71508,31.72416]]]},"properties":{"hoanrinKind":"保安林"}},
{"type":"Feature","geometry":{"type":"Polygon","coordinates":[[[130.54525,32.07488],[130.54528,32.07407],[130.54689,32.0735],[130.54918,32.07365],[130.55169,32.07437],[130.55274,32.0711],[130.55343,32.07019],[130.55121,32.06851],[130.55209,32.0666],[130.55059,32.06535],[130.55101,32.06394],[130.55042,32.06204],[130.55104,32.06073],[130.55072,32.05968],[130.54884,32.05939],[130.54725,32.06017],[130.54627,32.05867],[130.54696,32.05793],[130.54975,32.05699],[130.55135,32.05697],[130.5544,32.05742],[130.55517,32.0589],[130.55661,32.06069],[130.5573,32.06244],[130.5567,32.06404],[130.55934,32.06449],[130.56019,32.06365],[130.56185,32.06401],[130.56141,32.06258],[130.56334,32.06248],[130.56691,32.06294],[130.56801,32.06065],[130.5703,32.05956],[130.57467,32.06144],[130.57311,32.06242],[130.57175,32.06266],[130.5715,32.06469],[130.57187,32.06796],[130.56994,32.06849],[130.56905,32.06965],[130.56608,32.07112],[130.56633,32.07408],[130.56511,32.0751],[130.56357,32.07715],[130.56152,32.07713],[130.5609,32.07792],[130.55811,32.07835],[130.55759,32.07778],[130.55439,32.07798],[130.55394,32.07906],[130.55214,32.08117],[130.54965,32.08003],[130.5517,32.07688],[130.55119,32.07649],[130.54564,32.07579],[130.54525,32.07488]]]},"properties":{"hoanrinKind":"保安林"}},
{"type":"Feature","geometry":{"type":"Polygon","coordinates":[[[130.76679,31.95875],[130.76807,31.9594],[130.76947,31.95931],[130.77018,31.95988],[130.77234,31.95929],[130.76939,31.95484],[130.77001,31.95421],[130.7726,31.95408],[130.77299,31.95365],[130.77046,31.95238],[130.77313,31.95232],[130.77421,31.95282],[130.77637,31.95243],[130.77788,31.95287],[130.78057,31.95243],[130.78446,31.9525],[130.78678,31.9519],[130.78938,31.95209],[130.78977,31.95161],[130.79241,31.95208],[130.79405,31.95043],[130.79466,31.94896],[130.79612,31.95003],[130.79546,31.95126],[130.79458,31.95169],[130.7939,31.95313],[130.79105,31.95569],[130.79055,31.95701],[130.78898,31.95928],[130.78593,31.95995],[130.78447,31.95996],[130.7847,31.95895],[130.7841,31.95804],[130.78064,31.9572],[130.77852,31.95735],[130.77707,31.95567],[130.77611,31.95665],[130.77581,31.96044],[130.77472,31.96264],[130.76878,31.96282],[130.76709,31.96031],[130.76679,31.95875]],[[130.77902,31.95516],[130.7806,31.95595],[130.78176,31.95526],[130.7812,31.95406],[130.77941,31.95416],[130.77902,31.95516]]]},"properties":{"hoanrinKind":"保安林"}},
{"type":"Feature","geometry":{"type":"Polygon","coordinates":[[[130.75781,32.00784],[130.75999,32.00634],[130.76013,32.00433],[130.76063,32.00307],[130.76192,32.00313],[130.76297,32.00255],[130.76293,32.0015],[130.76684,32.00049],[130.76903,32.00299],[130.76702,32.00525],[130.76624,32.00534],[130.76463,32.00684],[130.76183,32.00863],[130.75978,32.00863],[130.75781,32.00784]]]},"properties":{"hoanrinKind":"保安林"}},
{"type":"Feature","geometry":{"type":"Polygon","coordinates":[[[130.89477,31.71807],[130.89611,31.71835],[130.8965,31.7153],[130.89777,31.71503],[130.89797,31.71671],[130.89756,31.71826],[130.89834,31.72067],[130.89744,31.72154],[130.89598,31.72161],[130.89616,31.72028],[130.89477,31.71807]]]},"properties":{"hoanrinKind":"保安林"}},
{"type":"Feature","geometry":{"type":"Polygon","coordinates":[[[130.86346,31.72184],[130.8644,31.72035],[130.86416,31.71888],[130.86512,31.71776],[130.86847,31.71914],[130.86574,31.71989],[130.86689,31.72103],[130.86766,31.72001],[130.86957,31.71959],[130.86942,31.72151],[130.87018,31.72156],[130.87136,31.72314],[130.87083,31.72515],[130.8686,31.72442],[130.86596,31.72598],[130.86666,31.72722],[130.86844,31.72764],[130.87078,31.72595],[130.87186,31.72626],[130.87212,31.72781],[130.87156,31.72976],[130.86826,31.73044],[130.8682,31.73225],[130.86533,31.73168],[130.8648,31.72969],[130.86516,31.72734],[130.86426,31.72616],[130.86411,31.72376],[130.86346,31.72184]]]},"properties":{"hoanrinKind":"保安林"}},
{"type":"Feature","geometry":{"type":"Polygon","coordinates":[[[130.87417,31.73284],[130.87505,31.73267],[130.87646,31.73071],[130.87826,31.7315],[130.87999,31.7314],[130.88159,31.73202],[130.8823,31.73278],[130.88346,31.73264],[130.88503,31.73338],[130.8865,31.73564],[130.88333,31.73552],[130.88242,31.73657],[130.88083,31.73647],[130.87911,31.73572],[130.87587,31.73531],[130.87417,31.73284]]]},"properties":{"hoanrinKind":"保安林"}},
{"type":"Feature","geometry":{"type":"Polygon","coordinates":[[[130.79121,31.82205],[130.79269,31.82098],[130.79367,31.82166],[130.79368,31.82279],[130.79204,31.82371],[130.79121,31.82205]]]},"properties":{"hoanrinKind":"保安林"}},
{"type":"Feature","geometry":{"type":"Polygon","coordinates":[[[130.78871,31.87075],[130.79166,31.87036],[130.79217,31.8718],[130.79336,31.8715],[130.79381,31.87013],[130.79363,31.8683],[130.79287,31.86704],[130.79275,31.86564],[130.79355,31.86505],[130.79741,31.86521],[130.79907,31.86405],[130.80009,31.8642],[130.80145,31.8634],[130.8029,31.86494],[130.80416,31.86733],[130.80546,31.86866],[130.80614,31.87168],[130.80583,31.87261],[130.8045,31.8729],[130.80481,31.87406],[130.80295,31.87376],[130.80175,31.87223],[130.80055,31.87213],[130.79989,31.87456],[130.79883,31.87397],[130.79583,31.87435],[130.79456,31.87487],[130.79378,31.87425],[130.79096,31.87321],[130.78871,31.87075]]]},"properties":{"hoanrinKind":"保安林"}},
{"type":"Feature","geometry":{"type":"Polygon","coordinates":[[[130.76559,31.86104],[130.76835,31.85953],[130.76913,31.86021],[130.76918,31.86186],[130.7677,31.86282],[130.76569,31.86199],[130.76559,31.86104]]]},"properties":{"hoanrinKind":"保安林"}},
{"type":"Feature","geometry":{"type":"Polygon","coordinates":[[[130.76951,31.86233],[130.77093,31.86202],[130.77025,31.86417],[130.76951,31.86233]]]},"properties":{"hoanrinKind":"保安林"}},
{"type":"Feature","geometry":{"type":"Polygon","coordinates":[[[130.77129,31.86462],[130.77241,31.8633],[130.77333,31.86456],[130.77205,31.8663],[130.77129,31.86462]]]},"properties":{"hoanrinKind":"保安林"}},
{"type":"Feature","geometry":{"type":"Polygon","coordinates":[[[130.7097,31.76341],[130.71224,31.7624],[130.7125,31.76087],[130.71548,31.76128],[130.71667,31.76209],[130.71699,31.76358],[130.71566,31.7638],[130.71351,31.76309],[130.71294,31.76339],[130.7097,31.76341]]]},"properties":{"hoanrinKind":"保安林"}},
{"type":"Feature","geometry":{"type":"Polygon","coordinates":[[[130.58304,31.78142],[130.58387,31.7801],[130.58522,31.78033],[130.58649,31.78285],[130.5841,31.78388],[130.58304,31.78142]]]},"properties":{"hoanrinKind":"保安林"}},
{"type":"Feature","geometry":{"type":"Polygon","coordinates":[[[130.66647,31.80416],[130.66742,31.8028],[130.66937,31.80197],[130.67108,31.80263],[130.66992,31.80344],[130.67004,31.80519],[130.66647,31.80416]]]},"properties":{"hoanrinKind":"保安林"}},
{"type":"Feature","geometry":{"type":"Polygon","coordinates":[[[130.69016,31.83885],[130.69113,31.839],[130.69661,31.83847],[130.6968,31.83927],[130.6951,31.84018],[130.69334,31.83966],[130.69184,31.83998],[130.69016,31.83885]]]},"properties":{"hoanrinKind":"保安林"}},
{"type":"Feature","geometry":{"type":"Polygon","coordinates":[[[130.69929,31.83369],[130.70041,31.83355],[130.70192,31.83108],[130.7029,31.83144],[130.70362,31.83016],[130.70494,31.8301],[130.70522,31.83097],[130.70239,31.83188],[130.70279,31.8337],[130.70181,31.83564],[130.6996,31.83577],[130.69929,31.83369]]]},"properties":{"hoanrinKind":"保安林"}},
{"type":"Feature","geometry":{"type":"Polygon","coordinates":[[[130.56608,31.75039],[130.56695,31.74968],[130.5669,31.74849],[130.56968,31.74827],[130.57162,31.74913],[130.57292,31.74906],[130.57314,31.74749],[130.57451,31.74715],[130.57627,31.74538],[130.57978,31.7479],[130.57687,31.74747],[130.57605,31.74881],[130.58092,31.74869],[130.58122,31.75087],[130.57971,31.75122],[130.57875,31.74998],[130.57654,31.74972],[130.57699,31.75306],[130.57459,31.75216],[130.57446,31.75453],[130.57486,31.75569],[130.57243,31.75634],[130.57346,31.75481],[130.57256,31.7523],[130.57233,31.75034],[130.57071,31.75064],[130.56876,31.75049],[130.56844,31.75143],[130.56643,31.75154],[130.56608,31.75039]]]},"properties":{"hoanrinKind":"保安林"}},
{"type":"Feature","geometry":{"type":"Polygon","coordinates":[[[130.61238,31.81787],[130.61402,31.8184],[130.61441,31.81754],[130.61368,31.81475],[130.61526,31.81466],[130.61607,31.81291],[130.61754,31.8134],[130.61653,31.81106],[130.61705,31.81001],[130.61811,31.80974],[130.61806,31.8087],[130.6165,31.80772],[130.61741,31.80542],[130.62003,31.80534],[130.62107,31.80373],[130.62168,31.80209],[130.62425,31.80282],[130.62633,31.80285],[130.62691,31.80416],[130.62687,31.80582],[130.62606,31.80684],[130.62474,31.80601],[130.62491,31.80467],[130.62341,31.8038],[130.62192,31.80574],[130.62135,31.80741],[130.62242,31.80804],[130.6222,31.80923],[130.62453,31.80899],[130.62496,31.81058],[130.62619,31.80994],[130.62767,31.81001],[130.62804,31.80781],[130.62981,31.80989],[130.62867,31.81024],[130.62871,31.81155],[130.63166,31.8125],[130.62927,31.81392],[130.62901,31.81295],[130.62699,31.81413],[130.62935,31.81514],[130.63048,31.81466],[130.63081,31.81648],[130.63223,31.81514],[130.6331,31.81534],[130.6344,31.81706],[130.6349,31.81615],[130.63342,31.8137],[130.63401,31.81008],[130.63556,31.80877],[130.63832,31.80952],[130.63852,31.81167],[130.63551,31.81262],[130.63521,31.81429],[130.6361,31.81516],[130.63751,31.81519],[130.6377,31.8169],[130.63634,31.8183],[130.63823,31.81895],[130.64301,31.81623],[130.64148,31.81558],[130.64054,31.81457],[130.64096,31.81375],[130.64271,31.81278],[130.64418,31.81334],[130.64664,31.81282],[130.64642,31.81385],[130.6475,31.81501],[130.64703,31.81643],[130.64836,31.81627],[130.65002,31.8133],[130.65069,31.81257],[130.65106,31.81055],[130.65082,31.80933],[130.65199,31.80932],[130.65235,31.80743],[130.65489,31.80694],[130.6558,31.80956],[130.65733,31.80983],[130.65743,31.81099],[130.65864,31.81287],[130.65983,31.81307],[130.66242,31.81111],[130.66318,31.81195],[130.6636,31.81351],[130.66485,31.81618],[130.66591,31.81645],[130.66474,31.81828],[130.66571,31.8186],[130.66519,31.82151],[130.66402,31.82247],[130.66695,31.82553],[130.66409,31.82792],[130.66324,31.82671],[130.66215,31.82789],[130.66173,31.82935],[130.66019,31.82979],[130.65818,31.82948],[130.65758,31.82836],[130.65595,31.82743],[130.65534,31.82489],[130.65481,31.82404],[130.65506,31.82274],[130.65428,31.8206],[130.65296,31.82249],[130.65287,31.82328],[130.64928,31.82339],[130.64687,31.82518],[130.64493,31.82616],[130.64386,31.82631],[130.64294,31.82827],[130.64033,31.82786],[130.6375,31.82602],[130.63606,31.82597],[130.63477,31.82493],[130.63512,31.82369],[130.63656,31.8234],[130.63638,31.82257],[130.63344,31.82186],[130.6323,31.82091],[130.6307,31.82086],[130.63081,31.8182],[130.6298,31.81806],[130.62905,31.81691],[130.62752,31.81833],[130.62657,31.81808],[130.62505,31.81586],[130.62331,31.81578],[130.62161,31.81629],[130.62071,31.81728],[130.62267,31.81937],[130.62086,31.82032],[130.61993,31.81955],[130.61857,31.82101],[130.61628,31.82029],[130.61709,31.82195],[130.61931,31.82134],[130.62012,31.82272],[130.61938,31.82387],[130.61795,31.82465],[130.61353,31.82602],[130.61427,31.82493],[130.61373,31.82373],[130.614,31.8221],[130.6135,31.82165],[130.61238,31.81787]],[[130.6579,31.82188],[130.65819,31.82321],[130.66001,31.82234],[130.6579,31.82188]]]},"properties":{"hoanrinKind":"保安林"}},
{"type":"Feature","geometry":{"type":"Polygon","coordinates":[[[130.58472,31.87332],[130.58564,31.87183],[130.58599,31.87042],[130.58721,31.86909],[130.58852,31.86945],[130.58988,31.868],[130.59122,31.86786],[130.59182,31.86668],[130.59302,31.8669],[130.59342,31.86861],[130.59561,31.86826],[130.59463,31.86689],[130.59361,31.86644],[130.5927,31.86516],[130.59322,31.86439],[130.59598,31.86459],[130.59735,31.86503],[130.59949,31.86805],[130.59827,31.8697],[130.59497,31.87175],[130.59482,31.87301],[130.59644,31.87264],[130.59801,31.87414],[130.59964,31.87093],[130.60091,31.8707],[130.60168,31.86847],[130.60272,31.86703],[130.60156,31.86568],[130.60064,31.86633],[130.59982,31.86472],[130.60158,31.86489],[130.60216,31.86355],[130.60353,31.86664],[130.60413,31.86493],[130.60688,31.86484],[130.60636,31.86276],[130.60771,31.8631],[130.60891,31.86255],[130.60771,31.86131],[130.60676,31.85963],[130.60723,31.85895],[130.60874,31.85867],[130.61058,31.85944],[130.61189,31.86147],[130.61283,31.86022],[130.61277,31.85844],[130.61398,31.85907],[130.61436,31.86086],[130.61582,31.86013],[130.61455,31.85845],[130.61789,31.85808],[130.62033,31.8571],[130.61913,31.85532],[130.62102,31.85556],[130.62193,31.85337],[130.62058,31.85247],[130.61952,31.85252],[130.61928,31.85133],[130.6208,31.85071],[130.61995,31.84907],[130.61828,31.8484],[130.61949,31.84675],[130.62228,31.84904],[130.62311,31.84707],[130.62195,31.84542],[130.62188,31.84349],[130.62339,31.84108],[130.62317,31.84011],[130.61857,31.83813],[130.61831,31.83741],[130.6166,31.83668],[130.61449,31.83664],[130.61307,31.83569],[130.61432,31.83417],[130.61552,31.83424],[130.61592,31.83309],[130.61456,31.83217],[130.61625,31.83068],[130.61553,31.82893],[130.6197,31.82767],[130.62316,31.82834],[130.62257,31.82956],[130.62514,31.83143],[130.62798,31.83063],[130.62897,31.82972],[130.63012,31.83093],[130.62944,31.83279],[130.6296,31.83408],[130.62831,31.83529],[130.63063,31.83811],[130.63256,31.84196],[130.63386,31.84147],[130.63409,31.84285],[130.6351,31.84405],[130.6379,31.84102],[130.63951,31.84035],[130.64036,31.83808],[130.63875,31.83861],[130.6361,31.83862],[130.63648,31.83692],[130.63642,31.8353],[130.63574,31.83396],[130.63613,31.83236],[130.63634,31.8288],[130.63891,31.83003],[130.64011,31.83195],[130.64087,31.83394],[130.64221,31.8321],[130.64349,31.83106],[130.64567,31.83064],[130.64609,31.83124],[130.6493,31.83179],[130.65094,31.83265],[130.6508,31.83336],[130.65278,31.83343],[130.653,31.83557],[130.65106,31.83737],[130.64969,31.84124],[130.65085,31.84174],[130.65129,31.84048],[130.65326,31.84],[130.65513,31.84052],[130.65615,31.84134],[130.65762,31.84086],[130.65807,31.84205],[130.65658,31.84286],[130.65478,31.84285],[130.65243,31.84408],[130.65063,31.84373],[130.65077,31.84529],[130.65146,31.84599],[130.65026,31.84753],[130.6505,31.8485],[130.64958,31.84919],[130.64902,31.8506],[130.64605,31.85101],[130.64484,31.84977],[130.64249,31.85047],[130.64229,31.85155],[130.64455,31.8513],[130.64548,31.85348],[130.64663,31.8534],[130.64924,31.8545],[130.64959,31.8531],[130.64884,31.85179],[130.65071,31.85042],[130.65096,31.84877],[130.65284,31.85001],[130.65298,31.85223],[130.65204,31.85329],[130.65253,31.8544],[130.6515,31.8548],[130.65137,31.85665],[130.65071,31.85765],[130.64916,31.85804],[130.64927,31.86018],[130.64815,31.85998],[130.64747,31.86103],[130.64644,31.86129],[130.64668,31.86236],[130.64627,31.8639],[130.64492,31.86435],[130.64426,31.8635],[130.6427,31.86306],[130.63821,31.86266],[130.63752,31.86426],[130.63649,31.86507],[130.63715,31.86592],[130.63854,31.86588],[130.63926,31.86737],[130.6403,31.86779],[130.63868,31.87002],[130.64071,31.87157],[130.63883,31.87224],[130.6358,31.87171],[130.63489,31.87283],[130.63653,31.87403],[130.63772,31.87441],[130.63896,31.87559],[130.63748,31.87726],[130.63379,31.87382],[130.63171,31.874],[130.63103,31.87588],[130.63164,31.87847],[130.63078,31.87893],[130.63001,31.87793],[130.62764,31.87995],[130.62718,31.88176],[130.62506,31.88055],[130.62421,31.88112],[130.62234,31.87989],[130.6189,31.88118],[130.61884,31.88184],[130.62027,31.88313],[130.61807,31.88562],[130.61794,31.88287],[130.61741,31.88172],[130.61536,31.88158],[130.61345,31.88257],[130.61342,31.88577],[130.61236,31.88677],[130.61159,31.88654],[130.60786,31.88702],[130.606,31.88639],[130.60521,31.88744],[130.60421,31.88698],[130.60307,31.8873],[130.60019,31.88599],[130.59808,31.88375],[130.59629,31.88288],[130.59405,31.87967],[130.59342,31.87914],[130.59111,31.87995],[130.58968,31.87988],[130.58939,31.87866],[130.59002,31.87777],[130.58944,31.87555],[130.58755,31.87391],[130.58472,31.87332]],[[130.64156,31.8438],[130.64385,31.84446],[130.64635,31.84558],[130.6473,31.84492],[130.64562,31.84344],[130.6447,31.84387],[130.643,31.84342],[130.64156,31.8438]]]},"properties":{"hoanrinKind":"保安林"}},
{"type":"Feature","geometry":{"type":"Polygon","coordinates":[[[130.5344,31.88091],[130.53512,31.87887],[130.53706,31.87656],[130.53647,31.87541],[130.53795,31.87423],[130.53863,31.87222],[130.53819,31.87015],[130.539,31.86937],[130.54071,31.87013],[130.54226,31.86956],[130.5436,31.86851],[130.54509,31.86626],[130.54789,31.86612],[130.55416,31.86459],[130.55969,31.86058],[130.56031,31.86158],[130.56205,31.86322],[130.5655,31.86509],[130.56714,31.86628],[130.56778,31.86726],[130.57126,31.8697],[130.57262,31.86962],[130.57449,31.87028],[130.57774,31.86942],[130.57844,31.87038],[130.57681,31.87085],[130.57469,31.87085],[130.57625,31.87292],[130.57816,31.87364],[130.57778,31.8747],[130.57902,31.87646],[130.58181,31.87928],[130.58379,31.87989],[130.58935,31.87996],[130.59044,31.88207],[130.59029,31.88615],[130.58957,31.88744],[130.59066,31.88911],[130.59296,31.89017],[130.59674,31.89046],[130.59729,31.89016],[130.60102,31.89012],[130.60235,31.89075],[130.60652,31.89043],[130.60811,31.891],[130.61041,31.89032],[130.61169,31.89052],[130.61397,31.89023],[130.61664,31.89054],[130.62014,31.89011],[130.62167,31.89152],[130.62147,31.89223],[130.62235,31.89392],[130.62195,31.89482],[130.619,31.89549],[130.61539,31.89911],[130.61522,31.90006],[130.61368,31.90159],[130.61211,31.90206],[130.61059,31.90064],[130.60846,31.89974],[130.60759,31.89859],[130.60606,31.90045],[130.60851,31.90227],[130.60998,31.90379],[130.61072,31.90572],[130.60904,31.90635],[130.60614,31.90982],[130.60504,31.91057],[130.60238,31.91153],[130.60082,31.91147],[130.598,31.91013],[130.59631,31.90977],[130.5957,31.90843],[130.59785,31.90727],[130.59875,31.90477],[130.60166,31.90412],[130.6029,31.903],[130.60428,31.90333],[130.60535,31.90257],[130.60554,31.90168],[130.60188,31.90029],[130.59994,31.90395],[130.59855,31.90394],[130.5972,31.90311],[130.59558,31.90355],[130.59438,31.90447],[130.59354,31.90332],[130.59548,31.90153],[130.59464,31.90073],[130.59637,31.89994],[130.5957,31.89736],[130.59311,31.8973],[130.59272,31.89577],[130.59342,31.89501],[130.59185,31.89353],[130.59036,31.89397],[130.59112,31.89551],[130.58968,31.89653],[130.58925,31.89757],[130.5866,31.89727],[130.58572,31.8982],[130.58703,31.89946],[130.58748,31.90111],[130.58654,31.9051],[130.5872,31.90532],[130.58876,31.90788],[130.58602,31.90815],[130.58494,31.90984],[130.58452,31.9124],[130.5855,31.91398],[130.58329,31.91542],[130.58085,31.91603],[130.57978,31.91484],[130.5764,31.91737],[130.57353,31.91876],[130.57215,31.91527],[130.56935,31.91575],[130.56822,31.91538],[130.56718,31.91313],[130.56878,31.91341],[130.56975,31.91238],[130.56869,31.9116],[130.56895,31.91044],[130.57011,31.90848],[130.57136,31.90749],[130.57272,31.90436],[130.57152,31.9044],[130.5708,31.90291],[130.57209,31.90133],[130.57332,31.901],[130.57573,31.89937],[130.57567,31.89878],[130.57315,31.89827],[130.57126,31.89881],[130.57036,31.89959],[130.56941,31.90142],[130.56726,31.90196],[130.56657,31.9013],[130.56763,31.89926],[130.56604,31.89692],[130.56742,31.89589],[130.56954,31.89651],[130.57167,31.89625],[130.57348,31.89555],[130.57484,31.89369],[130.57677,31.89265],[130.57602,31.89019],[130.57732,31.88919],[130.5813,31.88789],[130.58114,31.88731],[130.57858,31.88825],[130.57742,31.88636],[130.5764,31.88638],[130.57551,31.88527],[130.57362,31.88559],[130.57376,31.88789],[130.57252,31.88847],[130.57249,31.88923],[130.56987,31.89084],[130.5687,31.89125],[130.56719,31.89077],[130.56244,31.89353],[130.5593,31.8936],[130.56103,31.89244],[130.56017,31.89049],[130.55897,31.88985],[130.55535,31.88889],[130.55678,31.88709],[130.55773,31.88442],[130.55903,31.88413],[130.55877,31.88147],[130.56013,31.88178],[130.5606,31.88327],[130.56175,31.88372],[130.5631,31.88324],[130.56356,31.88083],[130.56673,31.88139],[130.56633,31.8801],[130.56869,31.87979],[130.56951,31.87854],[130.56706,31.87836],[130.56803,31.87747],[130.56884,31.87788],[130.57049,31.87658],[130.56954,31.87622],[130.56581,31.87668],[130.56483,31.87624],[130.56395,31.87789],[130.56238,31.87758],[130.56213,31.87924],[130.55946,31.87998],[130.55987,31.879],[130.55811,31.87771],[130.55646,31.87957],[130.55519,31.88025],[130.5527,31.88043],[130.55144,31.88098],[130.55069,31.88051],[130.549,31.88059],[130.54799,31.87892],[130.54551,31.8778],[130.54419,31.87673],[130.54271,31.87709],[130.54431,31.8744],[130.54376,31.87382],[130.54135,31.87411],[130.54008,31.87482],[130.53909,31.876],[130.53783,31.8762],[130.53744,31.87805],[130.53616,31.87924],[130.53574,31.88051],[130.5344,31.88091]],[[130.60097,31.89627],[130.602,31.89732],[130.60299,31.89646],[130.60276,31.89491],[130.60162,31.89448],[130.60097,31.89627]],[[130.60313,31.89407],[130.60428,31.89462],[130.60431,31.89611],[130.60605,31.89668],[130.60672,31.89484],[130.60433,31.89401],[130.60313,31.89407]]]},"properties":{"hoanrinKind":"保安林"}},
{"type":"Feature","geometry":{"type":"Polygon","coordinates":[[[130.62638,31.93384],[130.63037,31.93408],[130.63342,31.93392],[130.63619,31.93297],[130.63733,31.93065],[130.63701,31.93005],[130.63152,31.92733],[130.63146,31.92601],[130.63255,31.92499],[130.6341,31.92439],[130.63725,31.92596],[130.6421,31.92205],[130.64373,31.92121],[130.6414,31.91985],[130.64145,31.91877],[130.64391,31.91855],[130.64487,31.91654],[130.64652,31.91712],[130.64625,31.919],[130.64814,31.91931],[130.64915,31.92095],[130.65115,31.92252],[130.65324,31.92195],[130.65496,31.9228],[130.65754,31.92333],[130.66017,31.92285],[130.66033,31.92454],[130.65981,31.92573],[130.66064,31.92657],[130.65995,31.92825],[130.65893,31.92838],[130.65738,31.93042],[130.65566,31.92958],[130.65564,31.92753],[130.65384,31.92767],[130.65236,31.92934],[130.65117,31.92959],[130.6499,31.93128],[130.64874,31.93156],[130.64782,31.93281],[130.64832,31.93421],[130.64921,31.93476],[130.65529,31.93548],[130.65575,31.93718],[130.65315,31.93563],[130.65249,31.93672],[130.65155,31.93652],[130.65208,31.93824],[130.64935,31.93782],[130.64776,31.93702],[130.64628,31.93706],[130.64687,31.93842],[130.64829,31.93996],[130.64715,31.94024],[130.64581,31.93951],[130.64472,31.93973],[130.64173,31.9382],[130.63786,31.93884],[130.63362,31.93717],[130.62952,31.93634],[130.62731,31.93569],[130.62641,31.93495],[130.62638,31.93384]]]},"properties":{"hoanrinKind":"保安林"}},
{"type":"Feature","geometry":{"type":"Polygon","coordinates":[[[130.55085,31.94731],[130.55142,31.94737],[130.55348,31.94317],[130.55202,31.94316],[130.55176,31.94111],[130.55534,31.94114],[130.55675,31.94175],[130.5552,31.94375],[130.55424,31.94592],[130.55356,31.94619],[130.55377,31.94897],[130.55575,31.94946],[130.55686,31.94907],[130.55686,31.94783],[130.55513,31.94621],[130.55628,31.94549],[130.56066,31.94443],[130.56146,31.94362],[130.5582,31.94306],[130.5574,31.94143],[130.55874,31.93964],[130.56118,31.93932],[130.56286,31.9396],[130.56338,31.94056],[130.56505,31.94086],[130.56468,31.94187],[130.56514,31.94419],[130.56394,31.94456],[130.56299,31.94566],[130.56292,31.94712],[130.56021,31.94718],[130.56035,31.94817],[130.56348,31.9482],[130.56744,31.94752],[130.56755,31.94608],[130.56708,31.94507],[130.5673,31.94292],[130.56676,31.94145],[130.56773,31.94066],[130.56912,31.94051],[130.57066,31.93947],[130.57251,31.94028],[130.5744,31.94192],[130.57485,31.94275],[130.5767,31.94264],[130.57443,31.94085],[130.57425,31.94004],[130.57575,31.9393],[130.57735,31.93913],[130.57751,31.93821],[130.57543,31.93665],[130.57926,31.93681],[130.58008,31.93751],[130.58037,31.93974],[130.57863,31.93972],[130.57813,31.94077],[130.57914,31.94157],[130.57959,31.94308],[130.58037,31.94385],[130.58139,31.94291],[130.58409,31.94458],[130.58533,31.9446],[130.58586,31.94387],[130.58521,31.94159],[130.58558,31.94092],[130.58748,31.94013],[130.59034,31.94138],[130.5942,31.94038],[130.59769,31.94146],[130.59798,31.9407],[130.59667,31.93984],[130.59737,31.9384],[130.59956,31.93749],[130.60162,31.93927],[130.6037,31.93725],[130.60487,31.93651],[130.60703,31.937],[130.60785,31.9347],[130.60987,31.93461],[130.61119,31.93527],[130.61234,31.93687],[130.61368,31.93702],[130.61517,31.93882],[130.61628,31.93742],[130.61771,31.93683],[130.61993,31.93714],[130.62054,31.93791],[130.62267,31.93808],[130.62361,31.93662],[130.62259,31.93565],[130.62234,31.93458],[130.61908,31.93241],[130.61668,31.93393],[130.61547,31.93356],[130.61476,31.93244],[130.61592,31.93152],[130.61818,31.93038],[130.61768,31.92964],[130.61864,31.9288],[130.61832,31.92799],[130.61515,31.92689],[130.61632,31.92516],[130.61589,31.92406],[130.61439,31.9235],[130.61195,31.9232],[130.60935,31.92218],[130.60955,31.92131],[130.6149,31.92198],[130.61628,31.92192],[130.61802,31.92293],[130.62,31.92314],[130.62253,31.92468],[130.62285,31.92594],[130.6239,31.92627],[130.62352,31.92799],[130.62146,31.93058],[130.62034,31.93003],[130.61867,31.93079],[130.61858,31.93181],[130.62019,31.93194],[130.62245,31.93332],[130.62345,31.93226],[130.62479,31.93291],[130.62548,31.93483],[130.62455,31.93609],[130.62452,31.93871],[130.62,31.93833],[130.61998,31.93945],[130.62117,31.94183],[130.62105,31.94273],[130.61922,31.94475],[130.61956,31.94596],[130.61893,31.94663],[130.61844,31.94902],[130.62051,31.94899],[130.62548,31.95084],[130.62837,31.9525],[130.6287,31.95324],[130.62768,31.95418],[130.62741,31.95623],[130.6287,31.95675],[130.62881,31.95788],[130.63068,31.95845],[130.63033,31.96016],[130.62888,31.96238],[130.627,31.96333],[130.62266,31.96213],[130.61725,31.96026],[130.61641,31.95981],[130.61526,31.95766],[130.61543,31.95614],[130.61358,31.95384],[130.61154,31.95329],[130.611,31.95218],[130.60913,31.95126],[130.60752,31.95134],[130.60602,31.95003],[130.60612,31.94823],[130.60288,31.9464],[130.60154,31.94636],[130.60036,31.9469],[130.59816,31.94628],[130.59647,31.94688],[130.59479,31.94582],[130.59363,31.94582],[130.5914,31.94805],[130.58961,31.95174],[130.58895,31.95257],[130.58764,31.95287],[130.58103,31.95306],[130.5797,31.9539],[130.57908,31.95328],[130.5781,31.95101],[130.57709,31.94992],[130.57715,31.949],[130.57591,31.9483],[130.57327,31.94995],[130.57369,31.95054],[130.57637,31.95002],[130.57743,31.95142],[130.57716,31.95307],[130.57229,31.9546],[130.57031,31.95621],[130.56962,31.95546],[130.56781,31.95583],[130.56433,31.95595],[130.56279,31.95651],[130.56201,31.95537],[130.56163,31.95382],[130.56242,31.95371],[130.56428,31.95459],[130.56689,31.95152],[130.56335,31.95185],[130.56288,31.95051],[130.56176,31.94986],[130.56123,31.95115],[130.5616,31.95248],[130.56019,31.95253],[130.55886,31.95203],[130.55733,31.95202],[130.55586,31.95112],[130.55341,31.95068],[130.5514,31.94929],[130.55085,31.94731]],[[130.6099,31.94013],[130.6117,31.94118],[130.61304,31.94257],[130.61337,31.94357],[130.61444,31.94358],[130.61477,31.94244],[130.61329,31.94173],[130.61371,31.9405],[130.61515,31.94067],[130.6154,31.93939],[130.61353,31.93971],[130.61225,31.94043],[130.61031,31.93945],[130.6099,31.94013]],[[130.61838,31.92613],[130.6187,31.92652],[130.62155,31.92633],[130.62174,31.92509],[130.61862,31.92574],[130.61838,31.92613]]]},"properties":{"hoanrinKind":"保安林"}},
{"type":"Feature","geometry":{"type":"Polygon","coordinates":[[[130.51234,31.95248],[130.5143,31.95208],[130.51499,31.95073],[130.51652,31.94934],[130.51887,31.948],[130.51965,31.95018],[130.51881,31.95124],[130.51922,31.95195],[130.51685,31.95273],[130.51234,31.95248]]]},"properties":{"hoanrinKind":"保安林"}},
{"type":"Feature","geometry":{"type":"Polygon","coordinates":[[[130.50758,31.9583],[130.50824,31.95793],[130.5094,31.95934],[130.51141,31.95909],[130.51334,31.95962],[130.51289,31.95824],[130.51434,31.95763],[130.51467,31.95869],[130.51767,31.95865],[130.51912,31.957],[130.52009,31.95459],[130.51891,31.9537],[130.52122,31.95217],[130.52266,31.9507],[130.52464,31.95],[130.52611,31.95015],[130.52698,31.9495],[130.5281,31.95157],[130.52875,31.95384],[130.53102,31.95473],[130.52996,31.95607],[130.52957,31.95773],[130.52871,31.95829],[130.52961,31.96014],[130.52852,31.9605],[130.52582,31.96034],[130.52628,31.96227],[130.53045,31.96237],[130.53172,31.9627],[130.53175,31.96374],[130.52808,31.96334],[130.52515,31.96326],[130.52457,31.96233],[130.52244,31.96446],[130.52021,31.96545],[130.51959,31.9642],[130.51716,31.96488],[130.51792,31.96575],[130.51746,31.96696],[130.51567,31.96741],[130.51453,31.96625],[130.5138,31.96429],[130.51224,31.96496],[130.51142,31.96359],[130.51143,31.96261],[130.5088,31.96258],[130.50885,31.96144],[130.50781,31.96063],[130.50876,31.95936],[130.50758,31.9583]],[[130.52,31.95396],[130.52119,31.95379],[130.52384,31.95454],[130.52395,31.95313],[130.52205,31.95209],[130.5209,31.95351],[130.52,31.95396]],[[130.52383,31.95757],[130.52525,31.95816],[130.52599,31.95642],[130.52466,31.95603],[130.52383,31.95757]]]},"properties":{"hoanrinKind":"保安林"}},
{"type":"Feature","geometry":{"type":"Polygon","coordinates":[[[130.50008,31.95857],[130.50142,31.95727],[130.50368,31.95753],[130.50401,31.95825],[130.50572,31.95898],[130.50727,31.95899],[130.5067,31.96357],[130.50764,31.96501],[130.506,31.96487],[130.50441,31.96552],[130.50363,31.96476],[130.50326,31.96258],[130.50458,31.96209],[130.50459,31.96087],[130.50167,31.96035],[130.50033,31.95979],[130.50008,31.95857]],[[130.50102,31.95907],[130.50259,31.96012],[130.50561,31.96047],[130.50546,31.95931],[130.50338,31.95818],[130.50199,31.95832],[130.50102,31.95907]]]},"properties":{"hoanrinKind":"保安林"}},
{"type":"Feature","geometry":{"type":"Polygon","coordinates":[[[130.49425,31.98527],[130.49543,31.98414],[130.49512,31.98352],[130.4961,31.98192],[130.49703,31.97952],[130.50329,31.97813],[130.50529,31.97849],[130.50711,31.97773],[130.50745,31.9764],[130.50658,31.97495],[130.50697,31.97414],[130.50835,31.97378],[130.50948,31.97433],[130.51147,31.9734],[130.51147,31.97173],[130.51242,31.97135],[130.51321,31.97297],[130.51439,31.97303],[130.51448,31.97148],[130.51625,31.97146],[130.51645,31.97401],[130.51797,31.97636],[130.51905,31.97649],[130.5192,31.97852],[130.52016,31.97955],[130.52052,31.98208],[130.52175,31.98334],[130.52199,31.98516],[130.52273,31.98657],[130.52471,31.98601],[130.52638,31.98634],[130.5264,31.98711],[130.52807,31.98732],[130.52843,31.98898],[130.53179,31.98972],[130.53473,31.99119],[130.53835,31.99026],[130.53961,31.98919],[130.54065,31.9896],[130.54406,31.98755],[130.54491,31.98732],[130.54697,31.98509],[130.54844,31.98455],[130.54955,31.98333],[130.55079,31.98452],[130.55243,31.98469],[130.55441,31.9843],[130.55489,31.9857],[130.5539,31.98589],[130.55358,31.98693],[130.55172,31.98621],[130.55153,31.98531],[130.55015,31.98537],[130.55009,31.98635],[130.5487,31.98738],[130.54621,31.99054],[130.54462,31.99158],[130.54087,31.992],[130.53735,31.99366],[130.53604,31.99319],[130.53371,31.99349],[130.53295,31.9973],[130.53316,31.99854],[130.53416,32.00094],[130.53417,32.00223],[130.53489,32.00367],[130.5372,32.00503],[130.53747,32.00584],[130.53454,32.00665],[130.53428,32.00722],[130.53181,32.00835],[130.52976,32.01063],[130.52846,32.01131],[130.52671,32.00979],[130.52491,32.00983],[130.52503,32.008],[130.52567,32.00749],[130.5246,32.0063],[130.52367,32.00776],[130.52271,32.00845],[130.52164,32.00831],[130.51957,32.00625],[130.51837,32.00542],[130.51648,32.00505],[130.51222,32.00367],[130.50907,32.00363],[130.50762,32.00509],[130.50611,32.00586],[130.50486,32.00545],[130.50436,32.00381],[130.50222,32.00327],[130.50201,32.00199],[130.50309,32.00153],[130.50342,32.00025],[130.50178,32.00032],[130.50093,31.99954],[130.49904,31.99692],[130.49751,31.99587],[130.49983,31.99433],[130.49946,31.99279],[130.49754,31.99303],[130.49759,31.99087],[130.49802,31.98937],[130.49622,31.98767],[130.49629,31.9861],[130.49478,31.98612],[130.49425,31.98527]],[[130.52213,31.99502],[130.52331,31.99473],[130.52428,31.99714],[130.52545,31.99437],[130.52411,31.99383],[130.52269,31.99388],[130.52213,31.99502]]]},"properties":{"hoanrinKind":"保安林"}},
{"type":"Feature","geometry":{"type":"Polygon","coordinates":[[[130.47486,31.97687],[130.47672,31.97593],[130.47864,31.97406],[130.48223,31.97445],[130.48343,31.97637],[130.4842,31.97911],[130.48272,31.981],[130.48032,31.98108],[130.47883,31.97888],[130.47824,31.97691],[130.4771,31.97687],[130.476,31.97791],[130.47486,31.97687]]]},"properties":{"hoanrinKind":"保安林"}},
{"type":"Feature","geometry":{"type":"Polygon","coordinates":[[[130.41084,32.03912],[130.41438,32.03655],[130.41512,32.03523],[130.41599,32.0353],[130.41905,32.03762],[130.42103,32.03798],[130.42112,32.03614],[130.42196,32.0363],[130.42353,32.03468],[130.42394,32.03355],[130.42326,32.03031],[130.42358,32.02905],[130.42441,32.02818],[130.42352,32.02675],[130.42066,32.02497],[130.42022,32.02433],[130.42071,32.02263],[130.41992,32.02058],[130.41761,32.01904],[130.41532,32.02027],[130.41465,32.01976],[130.41586,32.01802],[130.41841,32.01652],[130.42054,32.01591],[130.42246,32.01437],[130.42382,32.01269],[130.42614,32.01109],[130.42729,32.01068],[130.43003,32.01234],[130.43286,32.01207],[130.43525,32.01137],[130.43786,32.01187],[130.43942,32.01184],[130.44275,32.01053],[130.44286,32.00957],[130.44409,32.00879],[130.44464,32.00733],[130.44708,32.00562],[130.4486,32.00719],[130.44972,32.00768],[130.45087,32.00768],[130.45149,32.00732],[130.45291,32.00944],[130.45585,32.00947],[130.45703,32.00917],[130.45673,32.01194],[130.4561,32.01357],[130.45838,32.01316],[130.45976,32.01385],[130.46036,32.01491],[130.45976,32.016],[130.45794,32.01715],[130.45732,32.01977],[130.45493,32.02114],[130.45519,32.02153],[130.4582,32.02195],[130.46145,32.02113],[130.46113,32.01804],[130.46166,32.01657],[130.46621,32.01367],[130.46806,32.01486],[130.47168,32.01336],[130.47361,32.01351],[130.4743,32.01229],[130.47579,32.00814],[130.47574,32.00688],[130.47474,32.00669],[130.47297,32.00468],[130.47227,32.00342],[130.4732,32.00294],[130.47281,32.00114],[130.47337,32.00039],[130.47303,31.99917],[130.46935,31.99552],[130.47059,31.99325],[130.47367,31.98995],[130.47582,31.98909],[130.4783,31.98703],[130.48027,31.98963],[130.48054,31.99068],[130.48347,31.99158],[130.48376,31.98924],[130.48436,31.98743],[130.48562,31.98606],[130.48777,31.98561],[130.489,31.98593],[130.49067,31.9852],[130.4895,31.98368],[130.48795,31.98323],[130.48704,31.98208],[130.48751,31.98093],[130.48939,31.98056],[130.49156,31.97965],[130.49231,31.97985],[130.49396,31.98152],[130.49218,31.98178],[130.493,31.98306],[130.49246,31.98392],[130.49296,31.98487],[130.49197,31.98619],[130.49021,31.98691],[130.49145,31.98766],[130.49012,31.98853],[130.4914,31.9896],[130.49051,31.99073],[130.48871,31.99153],[130.48856,31.99217],[130.49074,31.99237],[130.49071,31.9938],[130.49004,31.99495],[130.48993,31.99647],[130.49098,31.99821],[130.48859,31.99876],[130.48856,31.99981],[130.48645,32.00262],[130.48524,32.00199],[130.48285,32.00166],[130.48121,32.00082],[130.48056,32.00152],[130.48182,32.00253],[130.48332,32.00304],[130.4856,32.00543],[130.48563,32.00772],[130.48607,32.00974],[130.48476,32.01115],[130.4841,32.0126],[130.48329,32.01289],[130.48231,32.01435],[130.48071,32.01542],[130.47938,32.0173],[130.47816,32.01763],[130.47659,32.01929],[130.47486,32.01986],[130.47187,32.02238],[130.47034,32.02319],[130.47021,32.02192],[130.47144,32.01967],[130.47137,32.01889],[130.4693,32.01804],[130.46726,32.02039],[130.46843,32.02223],[130.46756,32.02303],[130.4663,32.02312],[130.4664,32.0219],[130.46515,32.02209],[130.46331,32.02408],[130.46513,32.02476],[130.46479,32.02637],[130.466,32.02738],[130.46401,32.03068],[130.46266,32.02946],[130.46158,32.02926],[130.45989,32.03253],[130.45773,32.03558],[130.45812,32.03783],[130.458,32.03986],[130.45878,32.04182],[130.45709,32.04248],[130.45532,32.0423],[130.45114,32.04474],[130.45058,32.04606],[130.44927,32.04711],[130.44856,32.04673],[130.44402,32.04686],[130.44192,32.04752],[130.43978,32.04991],[130.43864,32.05197],[130.43627,32.05054],[130.43489,32.05007],[130.43463,32.04904],[130.43638,32.04843],[130.43686,32.04744],[130.4356,32.04669],[130.43355,32.04642],[130.43495,32.0436],[130.43367,32.04337],[130.43152,32.04234],[130.42751,32.04201],[130.4272,32.04059],[130.42557,32.04152],[130.42256,32.04158],[130.42209,32.04301],[130.4185,32.04435],[130.41664,32.04213],[130.41105,32.04128],[130.41084,32.03912]],[[130.43689,32.04741],[130.43906,32.04817],[130.44049,32.04779],[130.43932,32.0465],[130.43771,32.04646],[130.43689,32.04741]],[[130.43968,32.04366],[130.44094,32.04461],[130.44147,32.04566],[130.44318,32.04377],[130.44222,32.04319],[130.43968,32.04366]]]},"properties":{"hoanrinKind":"保安林"}},
{"type":"Feature","geometry":{"type":"Polygon","coordinates":[[[130.46582,32.10821],[130.46697,32.10613],[130.46622,32.10343],[130.46636,32.10228],[130.46712,32.10206],[130.46947,32.10424],[130.47027,32.10525],[130.4689,32.10709],[130.46844,32.10848],[130.4666,32.10885],[130.46582,32.10821]],[[130.4664,32.10848],[130.46811,32.10797],[130.46866,32.10649],[130.46964,32.1054],[130.46875,32.10359],[130.4666,32.10259],[130.46741,32.10596],[130.4664,32.10848]]]},"properties":{"hoanrinKind":"保安林"}},
{"type":"Feature","geometry":{"type":"Polygon","coordinates":[[[130.454,32.09518],[130.4556,32.09334],[130.46003,32.095],[130.46009,32.09649],[130.45934,32.09982],[130.45659,32.09933],[130.45512,32.09938],[130.45389,32.09855],[130.45367,32.0967],[130.45462,32.09607],[130.454,32.09518]]]},"properties":{"hoanrinKind":"保安林"}},
{"type":"Feature","geometry":{"type":"Polygon","coordinates":[[[130.34125,32.05236],[130.34168,32.04656],[130.34406,32.04448],[130.34388,32.04281],[130.3451,32.0415],[130.34631,32.04178],[130.3457,32.04365],[130.34598,32.04506],[130.34772,32.04588],[130.34779,32.04455],[130.34893,32.04382],[130.34987,32.04408],[130.35087,32.04523],[130.35148,32.04676],[130.34971,32.04817],[130.35012,32.04997],[130.34763,32.05205],[130.34717,32.05371],[130.34634,32.05397],[130.34488,32.05648],[130.34417,32.05517],[130.34481,32.05367],[130.34331,32.05322],[130.34219,32.05362],[130.34125,32.05236]]]},"properties":{"hoanrinKind":"保安林"}},
{"type":"Feature","geometry":{"type":"Polygon","coordinates":[[[130.31593,32.01552],[130.31709,32.01597],[130.31805,32.01541],[130.31868,32.01178],[130.3193,32.01025],[130.32104,32.00914],[130.32148,32.0073],[130.32396,32.00761],[130.32293,32.00625],[130.32175,32.00565],[130.3214,32.00432],[130.32218,32.00373],[130.32056,32.00262],[130.32093,32.00091],[130.32243,32.00038],[130.32162,31.99923],[130.32291,31.99893],[130.32335,31.99769],[130.32281,31.99714],[130.32367,31.99479],[130.32392,31.99268],[130.32614,31.98967],[130.32742,31.98935],[130.3288,31.98821],[130.3292,31.98533],[130.33088,31.98507],[130.33224,31.98417],[130.33392,31.98387],[130.33526,31.98464],[130.33703,31.98335],[130.33829,31.98379],[130.33906,31.98512],[130.34007,31.9859],[130.34057,31.98773],[130.3429,31.9901],[130.34205,31.99105],[130.34155,31.99265],[130.34213,31.99661],[130.34188,31.99787],[130.34097,31.99925],[130.34135,32.00065],[130.34309,32.00017],[130.34229,31.99881],[130.34343,31.99832],[130.34553,31.99808],[130.34598,31.997],[130.3477,31.99695],[130.34992,31.99733],[130.35028,31.99872],[130.35191,31.99943],[130.35213,32.00165],[130.35292,32.00319],[130.35132,32.00376],[130.35219,32.00475],[130.35228,32.00576],[130.35018,32.00734],[130.35065,32.00928],[130.34932,32.01124],[130.34794,32.01147],[130.34593,32.01013],[130.34579,32.0126],[130.34481,32.01224],[130.34305,32.0136],[130.34175,32.01261],[130.34047,32.01272],[130.34061,32.00948],[130.33981,32.00749],[130.33779,32.0077],[130.33869,32.01017],[130.3395,32.01085],[130.33845,32.01193],[130.33738,32.01063],[130.33462,32.00905],[130.33458,32.00732],[130.33286,32.00407],[130.33219,32.00372],[130.33099,32.00532],[130.33186,32.0082],[130.33031,32.01044],[130.32995,32.01252],[130.32893,32.0147],[130.32786,32.01576],[130.32796,32.01658],[130.32923,32.01706],[130.32851,32.01957],[130.32558,32.01978],[130.32403,32.01955],[130.32255,32.02073],[130.32012,32.02039],[130.31801,32.02065],[130.31693,32.0202],[130.31661,32.01762],[130.31593,32.01552]]]},"properties":{"hoanrinKind":"保安林"}},
{"type":"Feature","geometry":{"type":"Polygon","coordinates":[[[130.26131,31.95048],[130.26302,31.94902],[130.26465,31.94857],[130.26852,31.94828],[130.26867,31.9454],[130.26756,31.94361],[130.26969,31.94328],[130.27,31.94436],[130.27223,31.94432],[130.27634,31.94505],[130.27641,31.94651],[130.27565,31.94695],[130.27673,31.94981],[130.2778,31.94985],[130.27846,31.9487],[130.28064,31.94848],[130.28206,31.94964],[130.28396,31.95062],[130.28686,31.95063],[130.28711,31.9511],[130.28561,31.95319],[130.28429,31.95453],[130.28408,31.95566],[130.28264,31.95646],[130.28031,31.95947],[130.27843,31.95894],[130.27783,31.9573],[130.27818,31.95637],[130.27713,31.95436],[130.27556,31.95359],[130.2748,31.95521],[130.2758,31.95724],[130.27625,31.95979],[130.27477,31.9624],[130.27255,31.9633],[130.27085,31.96201],[130.26892,31.96172],[130.26755,31.96104],[130.26664,31.96217],[130.2655,31.96255],[130.26523,31.96117],[130.26639,31.96126],[130.26669,31.96001],[130.26504,31.95999],[130.2643,31.95819],[130.26185,31.95703],[130.26321,31.95465],[130.26131,31.95048]]]},"properties":{"hoanrinKind":"保安林"}},
{"type":"Feature","geometry":{"type":"Polygon","coordinates":[[[130.30643,31.95262],[130.30768,31.95232],[130.3102,31.95096],[130.31014,31.95],[130.31197,31.94949],[130.31521,31.94993],[130.3159,31.95079],[130.31495,31.95379],[130.31536,31.95508],[130.31262,31.95953],[130.31176,31.96031],[130.31248,31.96143],[130.31298,31.96397],[130.31215,31.96525],[130.31257,31.96619],[130.30955,31.96728],[130.30865,31.96688],[130.30817,31.96393],[130.30738,31.96378],[130.30764,31.96222],[130.30732,31.96001],[130.30769,31.95888],[130.30713,31.9579],[130.30825,31.9568],[130.30662,31.95394],[130.30643,31.95262]]]},"properties":{"hoanrinKind":"保安林"}},
{"type":"Feature","geometry":{"type":"Polygon","coordinates":[[[130.29543,31.91849],[130.29708,31.91866],[130.29755,31.91812],[130.29959,31.91917],[130.30148,31.91919],[130.3025,31.91864],[130.30418,31.91879],[130.30513,31.91967],[130.30474,31.92171],[130.30267,31.92248],[130.30199,31.92373],[130.30054,31.92454],[130.29899,31.92369],[130.29799,31.92447],[130.29598,31.92274],[130.29661,31.92119],[130.29638,31.91984],[130.29543,31.91849]]]},"properties":{"hoanrinKind":"保安林"}},
{"type":"Feature","geometry":{"type":"Polygon","coordinates":[[[130.33684,31.91689],[130.3389,31.91584],[130.34081,31.91406],[130.34108,31.915],[130.34224,31.91528],[130.34269,31.9136],[130.34351,31.91302],[130.34695,31.91616],[130.34618,31.91708],[130.34466,31.92093],[130.3439,31.92489],[130.34189,31.92729],[130.34178,31.92521],[130.33748,31.92305],[130.33885,31.92297],[130.34142,31.92383],[130.34129,31.92221],[130.34068,31.92195],[130.33973,31.91957],[130.33853,31.91812],[130.33698,31.91784],[130.33684,31.91689]],[[130.33941,31.91622],[130.33942,31.91753],[130.34159,31.91772],[130.34207,31.91665],[130.33941,31.91622]]]},"properties":{"hoanrinKind":"保安林"}},
{"type":"Feature","geometry":{"type":"Polygon","coordinates":[[[130.36279,31.95792],[130.36356,31.95566],[130.36274,31.95445],[130.3634,31.95347],[130.36498,31.9528],[130.3637,31.95201],[130.36266,31.94954],[130.36328,31.94816],[130.3646,31.94821],[130.3656,31.94759],[130.36799,31.94743],[130.36892,31.94798],[130.37154,31.94715],[130.37283,31.94572],[130.37365,31.94827],[130.37228,31.94842],[130.37223,31.95008],[130.36891,31.95023],[130.36873,31.95258],[130.36692,31.95405],[130.36673,31.95622],[130.36614,31.95895],[130.36398,31.95862],[130.36279,31.95792]]]},"properties":{"hoanrinKind":"保安林"}},
{"type":"Feature","geometry":{"type":"Polygon","coordinates":[[[130.31385,31.99813],[130.31612,31.99487],[130.31646,31.9932],[130.31718,31.99282],[130.31719,31.99119],[130.31792,31.98769],[130.31763,31.98638],[130.31901,31.98435],[130.31848,31.98343],[130.32025,31.98178],[130.32153,31.97905],[130.31989,31.97641],[130.32095,31.97572],[130.32124,31.97474],[130.32248,31.97361],[130.3243,31.97345],[130.32644,31.97383],[130.32717,31.97122],[130.32603,31.96812],[130.32704,31.96675],[130.32745,31.96519],[130.32828,31.9652],[130.32941,31.96728],[130.33059,31.96617],[130.33019,31.96489],[130.3321,31.9647],[130.33332,31.96403],[130.33256,31.96203],[130.33387,31.96138],[130.33574,31.95846],[130.33692,31.9577],[130.33747,31.95653],[130.33865,31.95652],[130.34051,31.95856],[130.34216,31.95846],[130.34291,31.95651],[130.34537,31.95608],[130.34466,31.95443],[130.34662,31.94877],[130.34634,31.94785],[130.34392,31.9474],[130.34211,31.94644],[130.3425,31.94437],[130.34346,31.94357],[130.3441,31.94197],[130.348,31.93537],[130.34932,31.93547],[130.35096,31.93397],[130.35347,31.93319],[130.35488,31.93218],[130.35244,31.93091],[130.34862,31.93012],[130.35012,31.92882],[130.34804,31.92802],[130.34822,31.92682],[130.34963,31.92518],[130.35203,31.92598],[130.35029,31.92735],[130.35226,31.92909],[130.35338,31.92935],[130.35443,31.92764],[130.35381,31.92676],[130.35528,31.92603],[130.35678,31.92675],[130.35867,31.92662],[130.3601,31.92745],[130.36183,31.92681],[130.36258,31.92791],[130.36276,31.92923],[130.36147,31.92919],[130.36164,31.93118],[130.36244,31.93292],[130.36356,31.93402],[130.36201,31.93546],[130.3625,31.93761],[130.36007,31.93689],[130.35935,31.93702],[130.35861,31.93951],[130.35718,31.94001],[130.35547,31.93832],[130.3554,31.93723],[130.35263,31.93613],[130.35254,31.93734],[130.35145,31.93816],[130.35201,31.93892],[130.35382,31.93864],[130.35544,31.93921],[130.35449,31.94004],[130.35346,31.93972],[130.3514,31.94067],[130.35115,31.94219],[130.3518,31.94247],[130.35237,31.94419],[130.35379,31.94378],[130.35448,31.94441],[130.35619,31.94392],[130.35682,31.94589],[130.35436,31.94629],[130.3542,31.94843],[130.3533,31.94928],[130.35359,31.95004],[130.3558,31.95086],[130.35796,31.94954],[130.35802,31.95285],[130.35644,31.95543],[130.35724,31.95795],[130.3585,31.95829],[130.35961,31.9599],[130.35743,31.96312],[130.35779,31.96459],[130.35977,31.96173],[130.36076,31.96133],[130.36239,31.96182],[130.36392,31.96155],[130.36485,31.96234],[130.36641,31.9614],[130.3671,31.95995],[130.37034,31.95749],[130.37182,31.95751],[130.37502,31.95644],[130.37741,31.95536],[130.37825,31.9553],[130.38064,31.95648],[130.38242,31.95615],[130.38464,31.95437],[130.38607,31.95577],[130.38806,31.95631],[130.39051,31.95632],[130.39117,31.95727],[130.39028,31.95852],[130.38862,31.95817],[130.38744,31.95975],[130.38939,31.9606],[130.39077,31.95984],[130.39385,31.95973],[130.39331,31.95769],[130.39516,31.95719],[130.39596,31.95755],[130.39638,31.95921],[130.39911,31.95859],[130.39935,31.95772],[130.39778,31.95759],[130.396,31.95628],[130.39465,31.95636],[130.39411,31.95567],[130.39242,31.95538],[130.38929,31.95575],[130.38547,31.95404],[130.38205,31.94956],[130.37986,31.94868],[130.38033,31.94743],[130.37915,31.94633],[130.37869,31.94366],[130.38066,31.94311],[130.38164,31.94445],[130.38288,31.94307],[130.38481,31.94294],[130.386,31.94336],[130.38514,31.94472],[130.38594,31.94587],[130.38748,31.94547],[130.38734,31.94363],[130.38918,31.94206],[130.39101,31.94283],[130.39261,31.94498],[130.39263,31.94638],[130.39382,31.94652],[130.39608,31.94517],[130.40042,31.94294],[130.40211,31.94379],[130.40218,31.9453],[130.40135,31.94601],[130.40128,31.94819],[130.4003,31.95004],[130.39896,31.95164],[130.39734,31.95282],[130.3974,31.95521],[130.39862,31.9568],[130.39884,31.95463],[130.3984,31.95276],[130.39959,31.95207],[130.40036,31.95269],[130.40191,31.95082],[130.40336,31.94799],[130.40371,31.94649],[130.40538,31.94535],[130.40651,31.94583],[130.40681,31.94824],[130.40636,31.95008],[130.40882,31.951],[130.40973,31.95189],[130.40872,31.95307],[130.40805,31.95484],[130.4086,31.95589],[130.408,31.95768],[130.40899,31.95851],[130.40798,31.9591],[130.40829,31.96007],[130.40472,31.96073],[130.40243,31.96188],[130.40351,31.96246],[130.40443,31.96456],[130.40406,31.96559],[130.40526,31.96654],[130.4034,31.96715],[130.40306,31.96818],[130.40081,31.96517],[130.4004,31.96304],[130.39903,31.9619],[130.39664,31.96266],[130.39495,31.96288],[130.39458,31.96152],[130.39334,31.96177],[130.39535,31.96379],[130.3965,31.96562],[130.39668,31.96669],[130.39546,31.96865],[130.39743,31.96798],[130.39727,31.96688],[130.39864,31.96683],[130.39941,31.96858],[130.39704,31.96886],[130.39518,31.97278],[130.39353,31.97288],[130.39083,31.97206],[130.39117,31.97309],[130.39314,31.97362],[130.39752,31.97385],[130.40046,31.97314],[130.40223,31.974],[130.40091,31.97534],[130.39886,31.97684],[130.39605,31.9767],[130.3959,31.97769],[130.39326,31.98033],[130.39095,31.9815],[130.39094,31.98318],[130.39231,31.98354],[130.39464,31.97983],[130.39726,31.97762],[130.39935,31.97741],[130.39994,31.9769],[130.40241,31.97646],[130.40308,31.97562],[130.4026,31.97402],[130.40425,31.97184],[130.40583,31.97157],[130.40735,31.97216],[130.40829,31.97139],[130.40798,31.96988],[130.40941,31.96661],[130.40895,31.96575],[130.41163,31.96304],[130.41166,31.96185],[130.4141,31.9636],[130.41592,31.96525],[130.41659,31.9687],[130.41605,31.9715],[130.41764,31.97196],[130.41833,31.97323],[130.41696,31.97336],[130.41497,31.97479],[130.41521,31.97532],[130.41394,31.97746],[130.41244,31.98098],[130.40914,31.9856],[130.40957,31.98667],[130.40962,31.98848],[130.40897,31.9901],[130.40954,31.99252],[130.40921,31.99336],[130.40994,31.99546],[130.40809,31.99637],[130.40882,31.99879],[130.41062,31.9994],[130.4117,31.99723],[130.41363,31.99749],[130.41463,32.00037],[130.41497,32.00256],[130.41393,32.0046],[130.41213,32.004],[130.40948,32.00373],[130.4095,32.00448],[130.41146,32.00657],[130.41213,32.00688],[130.41461,32.00654],[130.41514,32.00756],[130.41289,32.00988],[130.41078,32.01114],[130.41028,32.01185],[130.40775,32.01233],[130.40589,32.01302],[130.40453,32.01398],[130.40646,32.01437],[130.40768,32.01556],[130.40786,32.01681],[130.40638,32.01843],[130.40448,32.01851],[130.40145,32.01577],[130.40241,32.01476],[130.40161,32.01392],[130.40464,32.01172],[130.4066,32.0092],[130.40721,32.00787],[130.40422,32.00604],[130.4038,32.00531],[130.40502,32.00303],[130.40478,32.0022],[130.40565,31.99937],[130.40629,31.99879],[130.40678,31.99692],[130.40579,31.99657],[130.40547,31.99827],[130.40449,31.99969],[130.4043,32.00251],[130.40379,32.0031],[130.40317,32.00584],[130.40173,32.0062],[130.40298,32.00259],[130.4035,31.99765],[130.40462,31.9974],[130.4043,31.99599],[130.40314,31.9962],[130.40205,31.99988],[130.40146,32.00108],[130.40005,32.00171],[130.39618,32.00227],[130.39539,32.00056],[130.39068,31.99962],[130.38915,31.99853],[130.38987,31.99771],[130.39175,31.99454],[130.39229,31.99308],[130.39138,31.99163],[130.38984,31.99119],[130.38629,31.99078],[130.38301,31.99088],[130.38133,31.99145],[130.38028,31.99048],[130.37841,31.99017],[130.37585,31.98925],[130.37396,31.98886],[130.36906,31.98826],[130.3679,31.98958],[130.36822,31.99104],[130.37049,31.99173],[130.37081,31.99242],[130.36872,31.99307],[130.36982,31.9946],[130.37012,32.00016],[130.37127,32.00111],[130.37025,32.00337],[130.36965,32.00596],[130.37241,32.00757],[130.37336,32.00965],[130.37515,32.0113],[130.37631,32.01196],[130.37536,32.01477],[130.37458,32.01537],[130.37359,32.01727],[130.37368,32.0192],[130.37136,32.02184],[130.37142,32.02277],[130.37004,32.02554],[130.37038,32.02834],[130.371,32.02948],[130.37039,32.03012],[130.37027,32.03154],[130.36753,32.03272],[130.36499,32.03492],[130.36443,32.03411],[130.36242,32.03335],[130.36054,32.03317],[130.36006,32.03204],[130.3598,32.02868],[130.35816,32.02661],[130.35489,32.02485],[130.35608,32.02294],[130.35614,32.02093],[130.35764,32.01937],[130.35548,32.01762],[130.35417,32.0151],[130.35166,32.01382],[130.34993,32.01187],[130.35123,32.01181],[130.35294,32.00981],[130.35414,32.00892],[130.35247,32.00741],[130.35277,32.00595],[130.35501,32.00348],[130.35344,32.00232],[130.35482,32.00065],[130.35488,31.99902],[130.35598,31.99765],[130.35828,31.99617],[130.35652,31.99287],[130.35538,31.99296],[130.3554,31.99166],[130.35441,31.99012],[130.35401,31.98841],[130.35269,31.98704],[130.35113,31.98764],[130.35247,31.9897],[130.35046,31.99072],[130.34942,31.98891],[130.3469,31.98795],[130.34428,31.98906],[130.34319,31.98924],[130.34263,31.98829],[130.34598,31.9867],[130.34575,31.98485],[130.34422,31.98501],[130.34309,31.98461],[130.34314,31.98214],[130.34546,31.97881],[130.34394,31.97755],[130.34131,31.97743],[130.33815,31.977],[130.33716,31.97774],[130.33657,31.97925],[130.33535,31.98052],[130.3336,31.98149],[130.33004,31.98394],[130.32785,31.98435],[130.32665,31.98724],[130.32499,31.98817],[130.32393,31.98924],[130.32316,31.99209],[130.32209,31.99233],[130.32156,31.99565],[130.32003,31.99717],[130.31851,32.00016],[130.31753,32.00481],[130.31575,32.00462],[130.31382,32.00179],[130.31455,31.99965],[130.31385,31.99813]],[[130.38297,31.94902],[130.38372,31.95074],[130.38641,31.95117],[130.38545,31.95001],[130.3844,31.9477],[130.38307,31.94773],[130.38297,31.94902]],[[130.38512,31.94825],[130.38584,31.94823],[130.38694,31.94995],[130.38914,31.95099],[130.38993,31.95198],[130.39121,31.95125],[130.39201,31.94862],[130.38933,31.94759],[130.38531,31.94763],[130.38512,31.94825]],[[130.38613,31.97742],[130.38734,31.97725],[130.38879,31.97767],[130.38916,31.97908],[130.39255,31.97841],[130.39552,31.97669],[130.39818,31.97611],[130.39494,31.97522],[130.39351,31.97522],[130.39236,31.97465],[130.39185,31.97558],[130.38919,31.97619],[130.38864,31.97696],[130.38652,31.97692],[130.38613,31.97742]],[[130.3937,31.94803],[130.39523,31.94732],[130.39634,31.94759],[130.39835,31.94696],[130.39705,31.94599],[130.3958,31.94636],[130.3937,31.94803]],[[130.40241,31.98041],[130.40419,31.98199],[130.40678,31.98146],[130.40727,31.98064],[130.40622,31.97913],[130.40495,31.98004],[130.40241,31.98041]],[[130.4115,31.97228],[130.41272,31.97351],[130.41509,31.97326],[130.41562,31.97189],[130.41331,31.97175],[130.4115,31.97228]]]},"properties":{"hoanrinKind":"保安林"}},
{"type":"Feature","geometry":{"type":"Polygon","coordinates":[[[130.36495,31.92827],[130.36561,31.9287],[130.36817,31.92827],[130.36929,31.92843],[130.37191,31.92764],[130.3727,31.92703],[130.37672,31.92662],[130.37801,31.92604],[130.37896,31.92332],[130.38026,31.92157],[130.38177,31.91862],[130.384,31.91862],[130.38549,31.91919],[130.38684,31.91708],[130.38849,31.91654],[130.38799,31.91501],[130.39027,31.91309],[130.39118,31.91327],[130.39378,31.91175],[130.39322,31.91051],[130.39455,31.90916],[130.39577,31.90859],[130.39835,31.9085],[130.39972,31.90737],[130.39993,31.90532],[130.40139,31.90418],[130.40165,31.9029],[130.40302,31.89986],[130.40518,31.89924],[130.40688,31.89824],[130.40891,31.89978],[130.41021,31.89893],[130.40923,31.89735],[130.41025,31.89587],[130.41181,31.89435],[130.41396,31.89385],[130.41412,31.89243],[130.41711,31.89077],[130.41845,31.89196],[130.41712,31.89332],[130.41747,31.89386],[130.42074,31.89525],[130.42102,31.89597],[130.41989,31.89756],[130.41807,31.89674],[130.41656,31.89731],[130.4157,31.89674],[130.41434,31.89754],[130.41536,31.89831],[130.41577,31.89948],[130.41788,31.89999],[130.41874,31.90335],[130.41785,31.90394],[130.41574,31.90401],[130.41579,31.90482],[130.41736,31.90575],[130.4161,31.90661],[130.4141,31.90722],[130.41055,31.90606],[130.41148,31.90792],[130.41105,31.91006],[130.40953,31.90999],[130.40665,31.90911],[130.40481,31.90808],[130.40403,31.90887],[130.40654,31.90941],[130.40806,31.91025],[130.4094,31.91015],[130.41032,31.91096],[130.40791,31.91264],[130.40702,31.91259],[130.40665,31.90964],[130.40427,31.91051],[130.40299,31.91136],[130.4014,31.91072],[130.39802,31.91039],[130.39776,31.91127],[130.39854,31.91243],[130.39742,31.91328],[130.39618,31.91331],[130.39518,31.91425],[130.39642,31.91593],[130.39829,31.91544],[130.39936,31.9168],[130.39926,31.91868],[130.39819,31.91983],[130.39675,31.91971],[130.39449,31.92014],[130.39228,31.92001],[130.39319,31.92159],[130.39561,31.923],[130.39378,31.92417],[130.39307,31.92605],[130.39501,31.92567],[130.39572,31.92637],[130.39663,31.92943],[130.39512,31.93109],[130.39339,31.9303],[130.38905,31.92914],[130.38776,31.93075],[130.38818,31.93327],[130.38947,31.93427],[130.39121,31.93464],[130.39261,31.93567],[130.39449,31.93619],[130.3928,31.9382],[130.39091,31.93892],[130.38951,31.93776],[130.38808,31.93759],[130.38669,31.93926],[130.38708,31.94029],[130.3858,31.9406],[130.38459,31.93855],[130.38484,31.93607],[130.38575,31.93267],[130.38548,31.93077],[130.38177,31.93186],[130.38094,31.93281],[130.37951,31.93266],[130.37852,31.93445],[130.37942,31.93705],[130.37799,31.93675],[130.37621,31.93487],[130.37382,31.93464],[130.37139,31.93556],[130.37009,31.93544],[130.36836,31.9341],[130.3679,31.93268],[130.36692,31.93303],[130.36621,31.93118],[130.36522,31.92986],[130.36495,31.92827]],[[130.37294,31.9327],[130.3754,31.93244],[130.37489,31.93137],[130.37342,31.93133],[130.37294,31.9327]],[[130.39046,31.92242],[130.39139,31.92333],[130.39235,31.92275],[130.39159,31.92138],[130.39046,31.92242]],[[130.39321,31.91654],[130.39367,31.91901],[130.39521,31.91874],[130.39481,31.91775],[130.39535,31.91628],[130.3933,31.91568],[130.39321,31.91654]]]},"properties":{"hoanrinKind":"保安林"}},
{"type":"Feature","geometry":{"type":"Polygon","coordinates":[[[130.40232,31.88842],[130.40348,31.88855],[130.40489,31.88667],[130.40714,31.88833],[130.40782,31.88979],[130.40303,31.88906],[130.40232,31.88842]]]},"properties":{"hoanrinKind":"保安林"}},
{"type":"Feature","geometry":{"type":"Polygon","coordinates":[[[130.46579,31.89437],[130.46715,31.89378],[130.46956,31.8938],[130.46984,31.89338],[130.46809,31.89157],[130.46929,31.89083],[130.47155,31.89005],[130.47057,31.88814],[130.47102,31.88718],[130.47258,31.8867],[130.47281,31.88438],[130.47176,31.88274],[130.47357,31.88137],[130.47616,31.87988],[130.47792,31.88107],[130.48024,31.88149],[130.47836,31.8835],[130.48031,31.88555],[130.48188,31.88571],[130.48383,31.88534],[130.48348,31.88753],[130.4839,31.89006],[130.48349,31.8914],[130.48241,31.89285],[130.48493,31.89472],[130.48554,31.8955],[130.48675,31.8952],[130.48749,31.89406],[130.48884,31.89413],[130.48941,31.89732],[130.49031,31.89762],[130.49052,31.89954],[130.4933,31.90133],[130.4904,31.90199],[130.48872,31.90271],[130.48633,31.90175],[130.48467,31.90168],[130.48399,31.90295],[130.48263,31.9011],[130.48447,31.90066],[130.48582,31.89918],[130.48577,31.89848],[130.48749,31.89734],[130.48445,31.89666],[130.48295,31.89674],[130.48255,31.89797],[130.48123,31.89887],[130.47995,31.89815],[130.47608,31.89884],[130.47523,31.89977],[130.4729,31.90007],[130.47232,31.9007],[130.46931,31.89963],[130.47061,31.89718],[130.47054,31.89557],[130.46596,31.89494],[130.46579,31.89437]],[[130.47233,31.89341],[130.47349,31.89453],[130.4749,31.89406],[130.47295,31.89281],[130.47233,31.89341]],[[130.47306,31.88639],[130.4751,31.88776],[130.47552,31.88896],[130.47534,31.89077],[130.47615,31.89293],[130.47709,31.89335],[130.47955,31.89537],[130.48202,31.89482],[130.48141,31.89253],[130.47915,31.89237],[130.47665,31.89279],[130.47598,31.89091],[130.47668,31.88947],[130.47638,31.88623],[130.47559,31.88548],[130.4755,31.88438],[130.47378,31.88433],[130.47306,31.88639]],[[130.47335,31.89604],[130.47521,31.89631],[130.4746,31.89472],[130.47335,31.89604]]]},"properties":{"hoanrinKind":"保安林"}},
{"type":"Feature","geometry":{"type":"Polygon","coordinates":[[[130.45175,31.85896],[130.45302,31.8582],[130.45578,31.85723],[130.45837,31.85748],[130.45989,31.85641],[130.46239,31.85645],[130.46441,31.8571],[130.46672,31.85706],[130.46856,31.85959],[130.46846,31.86035],[130.46596,31.86257],[130.46562,31.86341],[130.46616,31.86518],[130.46568,31.86688],[130.46674,31.86872],[130.46866,31.86786],[130.46926,31.86701],[130.47066,31.86655],[130.47142,31.86709],[130.47099,31.86819],[130.47145,31.86942],[130.46976,31.86953],[130.46872,31.87037],[130.46527,31.86975],[130.46383,31.87098],[130.46281,31.86983],[130.46201,31.87075],[130.46464,31.87193],[130.4641,31.87306],[130.46182,31.87264],[130.46108,31.8721],[130.45898,31.87256],[130.45992,31.87038],[130.45788,31.86911],[130.45716,31.86792],[130.45507,31.86739],[130.45273,31.8662],[130.45266,31.86549],[130.45492,31.86388],[130.45681,31.86534],[130.45783,31.86439],[130.45649,31.86319],[130.45495,31.86292],[130.45239,31.86139],[130.45175,31.85896]]]},"properties":{"hoanrinKind":"保安林"}},
{"type":"Feature","geometry":{"type":"Polygon","coordinates":[[[130.53761,31.88062],[130.53869,31.88031],[130.54034,31.88058],[130.54105,31.87942],[130.54226,31.87924],[130.54042,31.88255],[130.53962,31.88285],[130.53761,31.88062]]]},"properties":{"hoanrinKind":"保安林"}},
{"type":"Feature","geometry":{"type":"Polygon","coordinates":[[[130.54309,31.84492],[130.54523,31.84387],[130.54673,31.84531],[130.54618,31.84763],[130.54735,31.84826],[130.54853,31.84695],[130.55095,31.84657],[130.54983,31.84517],[130.54875,31.84481],[130.5488,31.84387],[130.54977,31.84338],[130.55121,31.84463],[130.55131,31.84538],[130.55291,31.84706],[130.55229,31.84789],[130.55193,31.85004],[130.55324,31.85107],[130.55587,31.85141],[130.55534,31.84947],[130.55623,31.84931],[130.55734,31.85193],[130.55862,31.85157],[130.5571,31.84995],[130.55611,31.8481],[130.55719,31.84749],[130.55832,31.84519],[130.55929,31.84605],[130.56075,31.84581],[130.56172,31.84622],[130.56324,31.8477],[130.56434,31.85029],[130.56581,31.85052],[130.56635,31.85234],[130.56734,31.85281],[130.5676,31.85451],[130.57249,31.85425],[130.57417,31.85435],[130.57429,31.85328],[130.57121,31.85264],[130.57114,31.85129],[130.57172,31.85017],[130.57031,31.84923],[130.56855,31.84993],[130.56705,31.84967],[130.56622,31.84747],[130.56552,31.84689],[130.5674,31.84515],[130.5695,31.84568],[130.56933,31.84664],[130.57023,31.84742],[130.57219,31.8472],[130.57188,31.8457],[130.57009,31.84448],[130.56956,31.84366],[130.57027,31.84162],[130.56963,31.83909],[130.57077,31.83764],[130.57226,31.83762],[130.57453,31.837],[130.57734,31.83772],[130.57782,31.83891],[130.57934,31.83854],[130.58087,31.83867],[130.58262,31.83775],[130.58468,31.83794],[130.58593,31.83632],[130.58462,31.83553],[130.58717,31.83348],[130.5881,31.83204],[130.58937,31.83303],[130.58905,31.83489],[130.59139,31.83343],[130.59207,31.83077],[130.59395,31.83066],[130.59472,31.83172],[130.59473,31.83464],[130.59569,31.83555],[130.59607,31.83679],[130.59513,31.83759],[130.59624,31.83853],[130.59893,31.83629],[130.59907,31.83517],[130.59995,31.83475],[130.60105,31.83609],[130.60034,31.83802],[130.60086,31.84104],[130.59936,31.84157],[130.5979,31.84044],[130.59607,31.83987],[130.59345,31.83985],[130.59271,31.84173],[130.59313,31.84366],[130.59468,31.84465],[130.59479,31.84557],[130.59641,31.84728],[130.59432,31.84992],[130.59632,31.8499],[130.59773,31.85049],[130.59715,31.84824],[130.59872,31.84835],[130.59868,31.84636],[130.59981,31.84598],[130.60194,31.84776],[130.60291,31.84676],[130.60492,31.84666],[130.60648,31.84608],[130.60817,31.84636],[130.60771,31.84726],[130.60642,31.84712],[130.60481,31.84802],[130.60623,31.84886],[130.60783,31.84895],[130.6079,31.85092],[130.60693,31.85295],[130.60656,31.85487],[130.60533,31.85588],[130.60293,31.85671],[130.60123,31.85643],[130.59962,31.85709],[130.59784,31.85677],[130.59765,31.85752],[130.59967,31.85816],[130.59797,31.85945],[130.5931,31.85854],[130.59281,31.85965],[130.59363,31.86212],[130.59204,31.86278],[130.59151,31.86386],[130.59041,31.86314],[130.58952,31.86421],[130.58852,31.86419],[130.58799,31.86305],[130.58834,31.86122],[130.58495,31.85964],[130.58565,31.86255],[130.58527,31.86325],[130.58359,31.86362],[130.58142,31.86293],[130.58033,31.86062],[130.58181,31.86059],[130.58494,31.85913],[130.58424,31.8562],[130.58135,31.85667],[130.58086,31.85771],[130.58046,31.86018],[130.57948,31.86132],[130.57912,31.86271],[130.5774,31.86036],[130.57677,31.85867],[130.5749,31.85835],[130.57433,31.85735],[130.57261,31.85813],[130.56999,31.85705],[130.56891,31.85725],[130.56671,31.85675],[130.56479,31.85731],[130.56297,31.85729],[130.56162,31.85911],[130.557,31.85612],[130.55435,31.85644],[130.55365,31.85497],[130.55116,31.85386],[130.54852,31.85238],[130.54731,31.85087],[130.54403,31.84888],[130.54342,31.84788],[130.54309,31.84492]],[[130.57407,31.84869],[130.57412,31.84991],[130.57534,31.85019],[130.57605,31.84877],[130.57856,31.84649],[130.57723,31.84539],[130.57575,31.84622],[130.5765,31.84749],[130.57387,31.84801],[130.57407,31.84869]],[[130.58453,31.85128],[130.58519,31.85185],[130.58727,31.85187],[130.58696,31.85096],[130.58753,31.84973],[130.58479,31.84985],[130.58453,31.85128]],[[130.5897,31.84905],[130.59104,31.84929],[130.59124,31.84826],[130.59044,31.84775],[130.5897,31.84905]],[[130.59012,31.8515],[130.59082,31.85185],[130.59176,31.85064],[130.59075,31.85021],[130.59012,31.8515]],[[130.59073,31.85501],[130.59198,31.85505],[130.59485,31.85324],[130.59391,31.85169],[130.59252,31.85256],[130.5908,31.85286],[130.59211,31.85397],[130.59073,31.85501]]]},"properties":{"hoanrinKind":"保安林"}},
{"type":"Feature","geometry":{"type":"Polygon","coordinates":[[[130.54309,31.84492],[130.54044,31.84544],[130.53952,31.84519],[130.53867,31.84401],[130.53708,31.84324],[130.5355,31.84187],[130.5354,31.84119],[130.53391,31.8402],[130.53339,31.83841],[130.53435,31.83731],[130.53423,31.83615],[130.53507,31.83374],[130.5329,31.83331],[130.53238,31.83264],[130.53056,31.83214],[130.52912,31.83031],[130.52796,31.82985],[130.52607,31.83103],[130.52477,31.83052],[130.52345,31.82921],[130.52231,31.82669],[130.5217,31.82467],[130.52084,31.82438],[130.52032,31.82311],[130.52237,31.82341],[130.5231,31.82263],[130.5215,31.82146],[130.5207,31.81985],[130.5196,31.821],[130.51995,31.82273],[130.51893,31.82376],[130.51948,31.82433],[130.51703,31.82592],[130.51499,31.82504],[130.5135,31.8252],[130.51357,31.82798],[130.5124,31.82852],[130.51047,31.82864],[130.50799,31.82793],[130.5068,31.82681],[130.507,31.82607],[130.50846,31.82515],[130.51032,31.82451],[130.50892,31.82323],[130.51068,31.8216],[130.51311,31.82057],[130.51443,31.81929],[130.5166,31.81989],[130.51707,31.82206],[130.51822,31.81991],[130.51971,31.81988],[130.52039,31.81836],[130.52219,31.81864],[130.52148,31.81721],[130.52206,31.81667],[130.52342,31.81733],[130.525,31.82105],[130.52623,31.82056],[130.52899,31.8215],[130.53063,31.82375],[130.53184,31.8239],[130.5293,31.8212],[130.5273,31.82003],[130.52835,31.81917],[130.52984,31.82009],[130.5318,31.82016],[130.53053,31.81866],[130.5307,31.81633],[130.53481,31.81915],[130.53424,31.82028],[130.53531,31.82165],[130.5354,31.82261],[130.53722,31.82321],[130.53908,31.82316],[130.54181,31.82459],[130.54297,31.82673],[130.54504,31.82766],[130.54597,31.8291],[130.5453,31.82972],[130.54411,31.8283],[130.54216,31.82822],[130.53884,31.82934],[130.53691,31.82911],[130.53684,31.8299],[130.53818,31.83151],[130.54041,31.83133],[130.54185,31.83176],[130.54037,31.83352],[130.54076,31.83483],[130.53981,31.83503],[130.5405,31.8364],[130.5395,31.83865],[130.53709,31.84017],[130.53842,31.84066],[130.54023,31.83959],[130.54242,31.83885],[130.54288,31.84034],[130.54386,31.84152],[130.54184,31.84234],[130.54309,31.84492]]]},"properties":{"hoanrinKind":"保安林"}},
{"type":"Feature","geometry":{"type":"Polygon","coordinates":[[[130.51085,31.8308],[130.51198,31.82947],[130.51325,31.82924],[130.51394,31.82778],[130.51567,31.82673],[130.51774,31.82678],[130.51769,31.82598],[130.51962,31.82561],[130.52083,31.82615],[130.52124,31.82707],[130.52037,31.82826],[130.52087,31.83015],[130.51988,31.83266],[130.51893,31.83218],[130.51744,31.83252],[130.51756,31.83075],[130.5158,31.831],[130.51413,31.83049],[130.51251,31.83079],[130.51136,31.83208],[130.51085,31.8308]]]},"properties":{"hoanrinKind":"保安林"}},
{"type":"Feature","geometry":{"type":"Polygon","coordinates":[[[130.50989,31.8092],[130.51144,31.80724],[130.51333,31.80673],[130.51414,31.80612],[130.51636,31.80704],[130.5154,31.80779],[130.51615,31.80948],[130.51756,31.81146],[130.51598,31.81195],[130.51477,31.81148],[130.51449,31.81065],[130.51293,31.81113],[130.51007,31.8113],[130.50989,31.8092]]]},"properties":{"hoanrinKind":"保安林"}},
{"type":"Feature","geometry":{"type":"Polygon","coordinates":[[[130.49635,31.76985],[130.49812,31.76861],[130.50025,31.76956],[130.50081,31.77046],[130.50277,31.77194],[130.50413,31.77179],[130.50544,31.77087],[130.50728,31.77173],[130.50877,31.77077],[130.51027,31.76822],[130.51145,31.76874],[130.51247,31.76769],[130.51258,31.76635],[130.51407,31.76586],[130.51579,31.76597],[130.5166,31.76739],[130.51425,31.77096],[130.51215,31.77207],[130.51117,31.77383],[130.50902,31.77442],[130.50759,31.7739],[130.50655,31.77518],[130.50796,31.77726],[130.5092,31.77848],[130.51061,31.77926],[130.5121,31.77912],[130.51411,31.77718],[130.51696,31.7779],[130.51706,31.77905],[130.5186,31.78031],[130.5193,31.77822],[130.51734,31.77783],[130.51797,31.77549],[130.51979,31.77549],[130.52197,31.77503],[130.52366,31.77637],[130.52263,31.77743],[130.52638,31.77916],[130.5265,31.78016],[130.52789,31.78008],[130.52976,31.78058],[130.53079,31.7819],[130.52903,31.78218],[130.52814,31.78136],[130.52664,31.78157],[130.52565,31.78286],[130.52469,31.78287],[130.52416,31.78167],[130.52252,31.78208],[130.52131,31.78146],[130.5204,31.7833],[130.52076,31.78422],[130.52326,31.78433],[130.52443,31.78486],[130.52524,31.78418],[130.52661,31.78408],[130.5286,31.78608],[130.52618,31.78784],[130.52349,31.78861],[130.52166,31.78853],[130.51977,31.78781],[130.51782,31.78773],[130.51728,31.78538],[130.51579,31.78557],[130.51671,31.78772],[130.51871,31.78873],[130.52055,31.78907],[130.52281,31.79084],[130.52414,31.79292],[130.52057,31.79272],[130.51909,31.7932],[130.51761,31.79202],[130.51697,31.79309],[130.51413,31.79319],[130.51313,31.79233],[130.51176,31.79207],[130.5096,31.79049],[130.5093,31.78944],[130.51019,31.78804],[130.50955,31.78555],[130.51357,31.7844],[130.51567,31.78475],[130.51675,31.78411],[130.51754,31.7827],[130.51714,31.78132],[130.51605,31.78152],[130.51549,31.78298],[130.51462,31.78341],[130.51295,31.78324],[130.51184,31.7823],[130.51108,31.78355],[130.50886,31.78558],[130.50714,31.78757],[130.50459,31.78902],[130.50428,31.78993],[130.50478,31.79114],[130.50641,31.79032],[130.50732,31.79128],[130.50783,31.79389],[130.51052,31.79529],[130.51262,31.79688],[130.51503,31.79656],[130.51601,31.79517],[130.51887,31.79651],[130.5206,31.79589],[130.521,31.79708],[130.51976,31.7985],[130.51814,31.7984],[130.51748,31.79951],[130.51837,31.80024],[130.51811,31.80171],[130.51935,31.80184],[130.51951,31.80015],[130.52095,31.79902],[130.52309,31.79953],[130.52464,31.79853],[130.52575,31.79674],[130.52774,31.79593],[130.52941,31.79688],[130.52898,31.79842],[130.52763,31.79916],[130.52674,31.80075],[130.52567,31.80138],[130.52525,31.80247],[130.52435,31.80282],[130.52299,31.80243],[130.52293,31.80364],[130.52203,31.80379],[130.52239,31.80518],[130.52056,31.8057],[130.51869,31.80493],[130.5185,31.8029],[130.51721,31.80136],[130.51555,31.80013],[130.51555,31.79852],[130.5145,31.79891],[130.51473,31.80006],[130.51382,31.80051],[130.51244,31.79707],[130.51173,31.79741],[130.51198,31.79906],[130.51049,31.79993],[130.50918,31.80152],[130.51215,31.80061],[130.51319,31.80131],[130.51531,31.80073],[130.51668,31.80121],[130.51699,31.80231],[130.51588,31.80295],[130.51364,31.80179],[130.51274,31.80287],[130.5114,31.80548],[130.50994,31.80513],[130.50904,31.8062],[130.50974,31.80703],[130.50913,31.80798],[130.5076,31.80751],[130.50731,31.80517],[130.50557,31.80489],[130.50493,31.80296],[130.50518,31.80108],[130.50655,31.80041],[130.50798,31.79823],[130.5091,31.79577],[130.50854,31.79546],[130.5073,31.79735],[130.5061,31.79814],[130.50555,31.79676],[130.50592,31.79605],[130.50505,31.7945],[130.50345,31.79312],[130.50307,31.79199],[130.50156,31.79096],[130.50218,31.78953],[130.50153,31.78796],[130.50342,31.78495],[130.50222,31.78262],[130.50302,31.77875],[130.50453,31.77657],[130.50295,31.77501],[130.50246,31.77371],[130.4998,31.77164],[130.4979,31.77166],[130.49643,31.7708],[130.49635,31.76985]]]},"properties":{"hoanrinKind":"保安林"}},
{"type":"Feature","geometry":{"type":"Polygon","coordinates":[[[130.51986,31.77274],[130.52061,31.77253],[130.52084,31.77088],[130.52203,31.76914],[130.52318,31.76834],[130.52518,31.76804],[130.52465,31.76657],[130.52563,31.76501],[130.52779,31.76553],[130.52775,31.76425],[130.5254,31.76372],[130.52175,31.76497],[130.52087,31.76223],[130.52138,31.76101],[130.52296,31.76141],[130.52457,31.76292],[130.52667,31.76363],[130.52813,31.76318],[130.52868,31.76447],[130.53056,31.76656],[130.53024,31.76852],[130.52924,31.76911],[130.52674,31.76854],[130.52424,31.77054],[130.52538,31.77083],[130.52683,31.76938],[130.52924,31.76961],[130.52835,31.77057],[130.52892,31.7713],[130.53042,31.77025],[130.53196,31.77282],[130.53036,31.77299],[130.53036,31.77434],[130.52935,31.77478],[130.52919,31.77578],[130.52677,31.77705],[130.52525,31.77697],[130.5248,31.77577],[130.52567,31.77441],[130.5271,31.77381],[130.52631,31.77194],[130.52372,31.77303],[130.52242,31.77259],[130.52065,31.77333],[130.51986,31.77274]]]},"properties":{"hoanrinKind":"保安林"}},
{"type":"Feature","geometry":{"type":"Polygon","coordinates":[[[130.51275,31.75524],[130.51426,31.75363],[130.51522,31.75548],[130.51782,31.7571],[130.51871,31.758],[130.52015,31.75808],[130.52121,31.75882],[130.52254,31.75887],[130.521,31.75648],[130.51879,31.75598],[130.51707,31.7546],[130.51674,31.7534],[130.51797,31.75278],[130.51751,31.75074],[130.51812,31.7482],[130.51714,31.74676],[130.52028,31.74635],[130.52205,31.74797],[130.52221,31.75045],[130.52131,31.75282],[130.52013,31.75308],[130.52127,31.75531],[130.52126,31.75663],[130.52326,31.75596],[130.52566,31.75593],[130.52608,31.75226],[130.52471,31.75143],[130.52545,31.74962],[130.52759,31.75081],[130.52835,31.75238],[130.52931,31.75136],[130.53226,31.75309],[130.52957,31.75471],[130.52725,31.75423],[130.52708,31.75562],[130.52906,31.75579],[130.52975,31.75653],[130.52871,31.75883],[130.52952,31.75986],[130.52799,31.76103],[130.52664,31.75992],[130.52386,31.76045],[130.52181,31.7597],[130.51967,31.76016],[130.51859,31.75977],[130.51662,31.7602],[130.5151,31.75901],[130.51526,31.75831],[130.51309,31.75674],[130.51275,31.75524]]]},"properties":{"hoanrinKind":"保安林"}},
{"type":"Feature","geometry":{"type":"Polygon","coordinates":[[[130.5055,31.76033],[130.50744,31.75957],[130.5088,31.76073],[130.50819,31.76149],[130.5065,31.76172],[130.5055,31.76033]]]},"properties":{"hoanrinKind":"保安林"}},
{"type":"Feature","geometry":{"type":"Polygon","coordinates":[[[130.45675,31.82302],[130.45847,31.82188],[130.45776,31.82131],[130.45829,31.81974],[130.45733,31.81923],[130.45704,31.81817],[130.45797,31.81662],[130.45987,31.81473],[130.45823,31.81429],[130.4569,31.81311],[130.45706,31.81219],[130.45858,31.81205],[130.45886,31.80927],[130.46195,31.81045],[130.4635,31.80955],[130.46494,31.80945],[130.46536,31.80762],[130.46848,31.80803],[130.46839,31.80932],[130.46959,31.80931],[130.4724,31.80696],[130.47371,31.80821],[130.47587,31.80831],[130.47695,31.81062],[130.47636,31.81145],[130.47792,31.81234],[130.47783,31.81356],[130.48,31.81276],[130.48066,31.81198],[130.48177,31.81222],[130.48108,31.81341],[130.47965,31.81448],[130.47694,31.81517],[130.4785,31.81584],[130.47965,31.81527],[130.48058,31.81627],[130.48122,31.81793],[130.4806,31.81907],[130.48105,31.82089],[130.47914,31.82131],[130.47911,31.82054],[130.47793,31.81962],[130.47584,31.81985],[130.47472,31.82102],[130.47727,31.82126],[130.47857,31.82237],[130.47846,31.82373],[130.47594,31.82416],[130.47511,31.82324],[130.47381,31.82324],[130.47367,31.8254],[130.47637,31.82623],[130.47645,31.82675],[130.47929,31.8278],[130.48208,31.83169],[130.48005,31.83362],[130.47876,31.83346],[130.47871,31.83495],[130.47741,31.83464],[130.47592,31.8377],[130.4751,31.83827],[130.47308,31.83747],[130.4729,31.83638],[130.47192,31.83591],[130.47093,31.83438],[130.46973,31.83463],[130.46668,31.83149],[130.46631,31.83043],[130.46701,31.82963],[130.46607,31.82713],[130.46627,31.82647],[130.46453,31.8257],[130.46249,31.82723],[130.46184,31.82853],[130.4607,31.82762],[130.46061,31.82602],[130.45675,31.82302]],[[130.46086,31.81746],[130.4617,31.81776],[130.4624,31.82011],[130.46555,31.82229],[130.46876,31.82222],[130.47112,31.82043],[130.47197,31.82104],[130.4733,31.81991],[130.47224,31.81805],[130.47329,31.81594],[130.47325,31.81483],[130.47038,31.81398],[130.46548,31.81368],[130.46541,31.81445],[130.46284,31.81626],[130.46198,31.81628],[130.46086,31.81746]]]},"properties":{"hoanrinKind":"保安林"}},
{"type":"Feature","geometry":{"type":"Polygon","coordinates":[[[130.48259,31.74577],[130.48363,31.74678],[130.48587,31.74572],[130.48458,31.74488],[130.48515,31.7434],[130.48736,31.74328],[130.48849,31.74432],[130.49216,31.74629],[130.49243,31.74754],[130.49431,31.74738],[130.49487,31.74855],[130.49381,31.7496],[130.49551,31.74994],[130.49819,31.75104],[130.49882,31.7533],[130.50237,31.75568],[130.50392,31.75547],[130.50382,31.75653],[130.50248,31.75738],[130.50098,31.75722],[130.49787,31.75569],[130.49454,31.75447],[130.49268,31.75271],[130.49107,31.75177],[130.48941,31.74944],[130.48704,31.74839],[130.48318,31.74779],[130.48259,31.74577]]]},"properties":{"hoanrinKind":"保安林"}},
{"type":"Feature","geometry":{"type":"Polygon","coordinates":[[[130.46551,31.73101],[130.46671,31.73016],[130.46806,31.73008],[130.46897,31.72877],[130.46876,31.72682],[130.47046,31.72725],[130.47046,31.72828],[130.47218,31.72927],[130.47301,31.72797],[130.47424,31.7279],[130.47557,31.72988],[130.47699,31.72977],[130.47812,31.7306],[130.47715,31.73212],[130.47902,31.73336],[130.47943,31.73404],[130.47723,31.73517],[130.47695,31.73603],[130.47352,31.73356],[130.47281,31.73215],[130.47308,31.73097],[130.47261,31.72993],[130.46898,31.73004],[130.46764,31.73151],[130.46551,31.73101]]]},"properties":{"hoanrinKind":"保安林"}},
{"type":"Feature","geometry":{"type":"Polygon","coordinates":[[[130.44199,31.73195],[130.44399,31.73158],[130.44451,31.72995],[130.44627,31.72983],[130.4456,31.72778],[130.44603,31.72589],[130.44774,31.72676],[130.45017,31.72892],[130.4543,31.73075],[130.45578,31.73084],[130.45661,31.73147],[130.45776,31.73134],[130.45874,31.73271],[130.45981,31.73214],[130.46063,31.729],[130.46432,31.73083],[130.46406,31.7333],[130.46103,31.73534],[130.46095,31.73692],[130.45948,31.73817],[130.46042,31.73959],[130.45937,31.73986],[130.45815,31.73919],[130.45709,31.73951],[130.45585,31.73835],[130.45449,31.73902],[130.45122,31.73859],[130.45116,31.73717],[130.44982,31.737],[130.44703,31.73865],[130.44636,31.73806],[130.44719,31.73573],[130.44727,31.7346],[130.44618,31.73341],[130.44379,31.73319],[130.44199,31.73195]]]},"properties":{"hoanrinKind":"保安林"}},
{"type":"Feature","geometry":{"type":"Polygon","coordinates":[[[130.38849,31.73308],[130.39182,31.73391],[130.39378,31.73636],[130.39616,31.73388],[130.39875,31.73538],[130.39838,31.73649],[130.39903,31.73867],[130.39827,31.73961],[130.39897,31.74062],[130.39853,31.74245],[130.39536,31.74296],[130.39529,31.74258],[130.39218,31.74028],[130.39118,31.73871],[130.39124,31.73702],[130.39188,31.73625],[130.39003,31.73489],[130.38849,31.73308]]]},"properties":{"hoanrinKind":"保安林"}},
{"type":"Feature","geometry":{"type":"Polygon","coordinates":[[[130.36021,31.75834],[130.36092,31.75732],[130.36163,31.75413],[130.3642,31.75331],[130.36494,31.75263],[130.37068,31.75253],[130.37235,31.75352],[130.37415,31.75407],[130.37742,31.75588],[130.37807,31.75679],[130.38033,31.75876],[130.38169,31.75837],[130.38378,31.7588],[130.384,31.75961],[130.38522,31.76042],[130.38424,31.76223],[130.3848,31.76345],[130.3823,31.76555],[130.3818,31.76709],[130.37995,31.76753],[130.3772,31.76518],[130.37694,31.767],[130.37619,31.76865],[130.37455,31.76911],[130.37309,31.76856],[130.37189,31.76895],[130.3741,31.77046],[130.37596,31.77133],[130.37472,31.77432],[130.37514,31.77504],[130.37357,31.77734],[130.37217,31.77788],[130.37095,31.77895],[130.36895,31.77931],[130.36829,31.78011],[130.36642,31.77993],[130.36561,31.77811],[130.36417,31.77286],[130.36198,31.77087],[130.36207,31.76845],[130.36308,31.76758],[130.36354,31.76618],[130.36352,31.76284],[130.36222,31.76067],[130.36021,31.75834]]]},"properties":{"hoanrinKind":"保安林"}},
{"type":"Feature","geometry":{"type":"Polygon","coordinates":[[[130.37426,31.78106],[130.37494,31.78048],[130.37746,31.78034],[130.37754,31.7778],[130.37959,31.77673],[130.38105,31.77763],[130.38184,31.77636],[130.38314,31.776],[130.38476,31.77768],[130.38652,31.7814],[130.38959,31.78196],[130.39133,31.78178],[130.39186,31.78269],[130.39313,31.78295],[130.39259,31.78404],[130.39405,31.78469],[130.39344,31.78596],[130.39389,31.78689],[130.39715,31.78844],[130.39948,31.78802],[130.40119,31.78899],[130.4001,31.79049],[130.39844,31.79093],[130.3981,31.79221],[130.39556,31.79208],[130.39471,31.79333],[130.39457,31.79475],[130.39361,31.79553],[130.39251,31.79454],[130.38977,31.79387],[130.38949,31.79207],[130.38836,31.79042],[130.38626,31.7917],[130.38688,31.79318],[130.3851,31.7939],[130.38463,31.79597],[130.38372,31.79653],[130.38193,31.79658],[130.38141,31.79584],[130.38308,31.7952],[130.38358,31.79431],[130.38263,31.7936],[130.38227,31.79168],[130.38106,31.79189],[130.38065,31.78999],[130.38449,31.79158],[130.38504,31.79117],[130.3837,31.78963],[130.3867,31.78957],[130.38923,31.79018],[130.38842,31.789],[130.38535,31.78801],[130.38399,31.78701],[130.38234,31.78875],[130.37996,31.78845],[130.37983,31.78723],[130.38248,31.78532],[130.38258,31.78358],[130.37891,31.78264],[130.37764,31.78193],[130.37426,31.78106]],[[130.37913,31.78101],[130.38179,31.78105],[130.38176,31.77961],[130.38043,31.77919],[130.37913,31.78101]]]},"properties":{"hoanrinKind":"保安林"}},
{"type":"Feature","geometry":{"type":"Polygon","coordinates":[[[130.26145,31.79112],[130.26198,31.79059],[130.26336,31.79075],[130.26422,31.79033],[130.26629,31.79028],[130.26868,31.7907],[130.26933,31.79183],[130.27146,31.79283],[130.27366,31.79317],[130.27551,31.79386],[130.27508,31.79512],[130.27525,31.79681],[130.27409,31.79766],[130.2715,31.79766],[130.27161,31.799],[130.27093,31.80057],[130.27003,31.80102],[130.26954,31.80268],[130.26672,31.80543],[130.26511,31.80612],[130.26592,31.80802],[130.26542,31.80994],[130.26462,31.81139],[130.26334,31.81191],[130.26386,31.80979],[130.26384,31.80823],[130.2625,31.80736],[130.26291,31.80403],[130.26578,31.80272],[130.26581,31.80155],[130.26507,31.80041],[130.2657,31.7994],[130.26742,31.79797],[130.26649,31.7972],[130.26494,31.79881],[130.26368,31.79809],[130.26128,31.7919],[130.26145,31.79112]],[[130.26591,31.79574],[130.26673,31.79645],[130.26819,31.79575],[130.26785,31.79511],[130.26591,31.79574]]]},"properties":{"hoanrinKind":"保安林"}},
{"type":"Feature","geometry":{"type":"Polygon","coordinates":[[[130.18134,31.81596],[130.18228,31.81555],[130.18233,31.81421],[130.18459,31.81319],[130.18545,31.8115],[130.1863,31.81167],[130.18797,31.81353],[130.18922,31.81385],[130.1884,31.81492],[130.18841,31.81617],[130.18975,31.81878],[130.19009,31.82114],[130.18981,31.82489],[130.18903,31.82657],[130.19056,31.82669],[130.19112,31.8273],[130.19049,31.82855],[130.1896,31.82882],[130.18828,31.83057],[130.18767,31.83023],[130.18517,31.82478],[130.18534,31.82335],[130.18326,31.82007],[130.18203,31.81668],[130.18134,31.81596]],[[130.18534,31.81566],[130.18694,31.81616],[130.18634,31.81458],[130.18534,31.81566]],[[130.18738,31.81943],[130.18756,31.82169],[130.18936,31.82202],[130.18848,31.81987],[130.18738,31.81943]]]},"properties":{"hoanrinKind":"保安林"}},
{"type":"Feature","geometry":{"type":"Polygon","coordinates":[[[130.20203,31.86567],[130.20248,31.86531],[130.20211,31.86285],[130.20336,31.86216],[130.20383,31.86063],[130.20347,31.85856],[130.20457,31.85732],[130.20301,31.85415],[130.20364,31.85343],[130.2034,31.85208],[130.20382,31.85104],[130.20502,31.85149],[130.20702,31.85116],[130.20651,31.84888],[130.20883,31.85019],[130.21009,31.84956],[130.21093,31.85034],[130.21083,31.85187],[130.20822,31.85301],[130.20637,31.85188],[130.20497,31.85303],[130.20609,31.85691],[130.20665,31.85639],[130.20699,31.85465],[130.20919,31.85484],[130.21049,31.85615],[130.21162,31.85833],[130.21276,31.85942],[130.2146,31.85983],[130.2148,31.86144],[130.21643,31.86406],[130.21691,31.86534],[130.21568,31.86889],[130.21715,31.8698],[130.21822,31.8711],[130.21831,31.87283],[130.21925,31.87327],[130.22022,31.8752],[130.21861,31.87781],[130.21548,31.88158],[130.21401,31.87821],[130.21336,31.87738],[130.21437,31.87661],[130.2122,31.87335],[130.21129,31.87359],[130.20947,31.87094],[130.20779,31.86949],[130.20607,31.86854],[130.20553,31.8677],[130.20435,31.86791],[130.20351,31.86667],[130.20203,31.86567]],[[130.20483,31.86441],[130.20637,31.86575],[130.20878,31.86513],[130.21063,31.86415],[130.20954,31.86328],[130.20982,31.86196],[130.21108,31.86141],[130.21246,31.85999],[130.21107,31.85778],[130.20874,31.86101],[130.20596,31.86259],[130.20483,31.86441]],[[130.20685,31.85866],[130.20754,31.86032],[130.20901,31.85904],[130.21016,31.85708],[130.2091,31.8555],[130.20815,31.85482],[130.2073,31.85535],[130.20685,31.85866]],[[130.21017,31.8656],[130.2102,31.86723],[130.21122,31.8681],[130.21366,31.86788],[130.21261,31.86659],[130.21258,31.86496],[130.21199,31.86387],[130.21017,31.8656]],[[130.2115,31.86171],[130.21664,31.86528],[130.21545,31.86287],[130.2143,31.86133],[130.21442,31.86025],[130.21267,31.86018],[130.2115,31.86171]],[[130.21233,31.86964],[130.21307,31.87224],[130.21301,31.87371],[130.21437,31.87493],[130.21566,31.87331],[130.21625,31.87078],[130.2149,31.86888],[130.21252,31.8687],[130.21233,31.86964]],[[130.21509,31.87699],[130.21572,31.87837],[130.21717,31.87885],[130.21861,31.87628],[130.2199,31.87493],[130.21938,31.87389],[130.21716,31.87287],[130.21655,31.87553],[130.21509,31.87699]]]},"properties":{"hoanrinKind":"保安林"}},
{"type":"Feature","geometry":{"type":"Polygon","coordinates":[[[130.33402,31.8494],[130.33454,31.84648],[130.33805,31.8439],[130.33757,31.84062],[130.33872,31.83802],[130.33881,31.83584],[130.3407,31.83601],[130.34194,31.83462],[130.3436,31.83593],[130.34581,31.83661],[130.34497,31.83864],[130.34275,31.83774],[130.34172,31.83899],[130.34178,31.84111],[130.33924,31.84364],[130.34112,31.84415],[130.33972,31.84636],[130.34045,31.8483],[130.33902,31.84997],[130.33634,31.85016],[130.33602,31.84953],[130.33411,31.85048],[130.33402,31.8494]]]},"properties":{"hoanrinKind":"保安林"}},
{"type":"Feature","geometry":{"type":"Polygon","coordinates":[[[130.37124,31.88162],[130.37393,31.8817],[130.37258,31.88268],[130.37124,31.88162]]]},"properties":{"hoanrinKind":"保安林"}},
{"type":"Feature","geometry":{"type":"Polygon","coordinates":[[[130.35459,31.88114],[130.3559,31.88127],[130.35649,31.88022],[130.35511,31.87911],[130.35702,31.87787],[130.35931,31.87928],[130.36,31.88048],[130.3624,31.88216],[130.36287,31.87795],[130.36184,31.87626],[130.36347,31.87548],[130.3636,31.8742],[130.36563,31.87465],[130.36566,31.87697],[130.36502,31.87811],[130.36576,31.88083],[130.36574,31.88362],[130.36358,31.88446],[130.36164,31.88779],[130.36113,31.88904],[130.3628,31.88879],[130.36279,31.89054],[130.36332,31.8911],[130.3635,31.89302],[130.3662,31.89395],[130.36596,31.89508],[130.36666,31.89662],[130.36607,31.89722],[130.36368,31.89675],[130.36429,31.89796],[130.36517,31.89788],[130.3668,31.89972],[130.36568,31.9002],[130.36523,31.8992],[130.36381,31.89977],[130.36343,31.89888],[130.36364,31.8966],[130.36234,31.89657],[130.36057,31.89565],[130.35981,31.89422],[130.36042,31.89298],[130.3621,31.89213],[130.36108,31.89123],[130.35873,31.89065],[130.3591,31.88996],[130.35785,31.88883],[130.35715,31.88637],[130.35731,31.88531],[130.35861,31.88565],[130.359,31.88484],[130.35642,31.88327],[130.35601,31.88212],[130.3546,31.88224],[130.35459,31.88114]],[[130.35745,31.88172],[130.35826,31.8832],[130.36109,31.88387],[130.36108,31.88245],[130.3596,31.88287],[130.35819,31.88101],[130.35745,31.88172]]]},"properties":{"hoanrinKind":"保安林"}},
{"type":"Feature","geometry":{"type":"Polygon","coordinates":[[[130.32127,31.50675],[130.32313,31.50756],[130.32615,31.50699],[130.32786,31.50629],[130.32801,31.50738],[130.32909,31.508],[130.33148,31.50664],[130.33295,31.50715],[130.33325,31.50906],[130.33577,31.51141],[130.33584,31.51229],[130.33414,31.51296],[130.33659,31.51656],[130.33677,31.51744],[130.33612,31.5189],[130.33617,31.52027],[130.33769,31.52233],[130.33679,31.52363],[130.33701,31.52489],[130.33785,31.52538],[130.33678,31.52638],[130.33357,31.52722],[130.33263,31.52879],[130.33405,31.52961],[130.3316,31.53102],[130.33484,31.53316],[130.33271,31.53377],[130.33158,31.53804],[130.3316,31.54004],[130.33348,31.54183],[130.33313,31.54274],[130.33411,31.54502],[130.33376,31.54574],[130.33469,31.54721],[130.33414,31.54777],[130.33435,31.54908],[130.33278,31.54953],[130.33445,31.55119],[130.3352,31.55288],[130.33328,31.5539],[130.33326,31.55613],[130.33393,31.55968],[130.33406,31.56187],[130.33468,31.56286],[130.33445,31.56523],[130.33483,31.56762],[130.33612,31.56707],[130.3368,31.56807],[130.33622,31.56931],[130.33763,31.56954],[130.34012,31.56855],[130.34024,31.56966],[130.33955,31.57281],[130.33845,31.57487],[130.33642,31.57739],[130.33663,31.57861],[130.33808,31.58024],[130.33806,31.58147],[130.33508,31.57819],[130.33465,31.57136],[130.33485,31.56966],[130.33419,31.56636],[130.33417,31.56483],[130.33287,31.55562],[130.33289,31.55341],[130.33231,31.55175],[130.33236,31.55043],[130.33165,31.5475],[130.33178,31.54624],[130.33116,31.54415],[130.33098,31.54122],[130.3298,31.53703],[130.32895,31.53282],[130.32833,31.53119],[130.32629,31.52173],[130.32393,31.51402],[130.32251,31.51143],[130.32133,31.50867],[130.32127,31.50675]]]},"properties":{"hoanrinKind":"保安林"}},
{"type":"Feature","geometry":{"type":"Polygon","coordinates":[[[130.3386,31.5182],[130.33974,31.51613],[130.34119,31.51667],[130.34159,31.51779],[130.34083,31.51882],[130.34197,31.5194],[130.34162,31.5207],[130.34,31.52052],[130.33907,31.51971],[130.3386,31.5182]]]},"properties":{"hoanrinKind":"保安林"}},
{"type":"Feature","geometry":{"type":"Polygon","coordinates":[[[130.34204,31.51236],[130.34492,31.51255],[130.34588,31.51234],[130.34764,31.51444],[130.34778,31.51595],[130.34469,31.51577],[130.34489,31.51431],[130.34452,31.51327],[130.34283,31.51309],[130.34204,31.51236]]]},"properties":{"hoanrinKind":"保安林"}},
{"type":"Feature","geometry":{"type":"Polygon","coordinates":[[[130.30168,31.44899],[130.30355,31.44801],[130.304,31.44702],[130.30538,31.4467],[130.30442,31.44868],[130.30659,31.44879],[130.30704,31.44954],[130.30867,31.44998],[130.30873,31.45178],[130.30718,31.45142],[130.30552,31.45166],[130.30552,31.45067],[130.30299,31.45008],[130.30317,31.44917],[130.30168,31.44899]]]},"properties":{"hoanrinKind":"保安林"}},
{"type":"Feature","geometry":{"type":"Polygon","coordinates":[[[130.29308,31.45203],[130.29507,31.44895],[130.29671,31.44841],[130.3004,31.44792],[130.30006,31.45025],[130.29902,31.45054],[130.29841,31.45348],[130.29987,31.45532],[130.30372,31.45817],[130.30386,31.45897],[130.30623,31.46129],[130.30718,31.46155],[130.30948,31.46132],[130.31093,31.46049],[130.31134,31.45872],[130.31018,31.45619],[130.31056,31.45447],[130.3117,31.45393],[130.31326,31.4542],[130.31402,31.45357],[130.31444,31.4514],[130.3182,31.45252],[130.31822,31.45166],[130.31671,31.45126],[130.31592,31.45026],[130.31653,31.44868],[130.31849,31.44599],[130.31922,31.44755],[130.32041,31.44892],[130.32062,31.45042],[130.31932,31.45203],[130.31881,31.45375],[130.31884,31.45564],[130.32027,31.45691],[130.32048,31.4594],[130.32161,31.46247],[130.32239,31.46295],[130.32194,31.46486],[130.32133,31.46918],[130.32278,31.47106],[130.32336,31.47412],[130.32422,31.47549],[130.3258,31.4753],[130.32608,31.47703],[130.32984,31.47904],[130.3305,31.47961],[130.33149,31.4829],[130.33148,31.48364],[130.32974,31.48867],[130.32733,31.49177],[130.32405,31.49478],[130.3233,31.49655],[130.3219,31.49646],[130.32155,31.49774],[130.32319,31.49784],[130.32374,31.49692],[130.32496,31.49711],[130.32607,31.49859],[130.32841,31.49976],[130.32919,31.50084],[130.32816,31.50153],[130.32659,31.50159],[130.32617,31.50322],[130.32435,31.50286],[130.32525,31.50145],[130.32493,31.50091],[130.32304,31.50217],[130.32298,31.50283],[130.32169,31.50411],[130.32058,31.50363],[130.3196,31.50186],[130.31423,31.49089],[130.31164,31.48455],[130.31013,31.4814],[130.3092,31.47822],[130.30716,31.47467],[130.30019,31.4642],[130.29672,31.45933],[130.2932,31.45344],[130.29308,31.45203]],[[130.30529,31.47118],[130.30809,31.4754],[130.30975,31.47735],[130.31323,31.47623],[130.31398,31.47535],[130.31385,31.47385],[130.31447,31.47135],[130.31286,31.46732],[130.31058,31.46878],[130.30874,31.46865],[130.30748,31.46985],[130.30529,31.47118]],[[130.31237,31.4818],[130.31364,31.4827],[130.31309,31.48555],[130.31397,31.4875],[130.31505,31.48728],[130.31429,31.48541],[130.31447,31.48384],[130.31524,31.48193],[130.3128,31.4803],[130.31237,31.4818]],[[130.32037,31.47814],[130.32242,31.47731],[130.32188,31.47615],[130.32091,31.4765],[130.32037,31.47814]]]},"properties":{"hoanrinKind":"保安林"}},
{"type":"Feature","geometry":{"type":"Polygon","coordinates":[[[130.3961,31.43382],[130.39716,31.43286],[130.39759,31.43083],[130.39847,31.4312],[130.39945,31.43254],[130.40178,31.43259],[130.40161,31.43488],[130.40113,31.43644],[130.40326,31.43772],[130.40203,31.4389],[130.39965,31.43909],[130.39712,31.43835],[130.39843,31.43665],[130.39611,31.43659],[130.3971,31.43517],[130.3961,31.43382]]]},"properties":{"hoanrinKind":"保安林"}},
{"type":"Feature","geometry":{"type":"Polygon","coordinates":[[[130.40295,31.43545],[130.40379,31.43475],[130.40622,31.43463],[130.40605,31.43381],[130.40746,31.43303],[130.41015,31.43224],[130.41056,31.43115],[130.40925,31.43073],[130.41057,31.42961],[130.41263,31.43112],[130.41386,31.43247],[130.41563,31.43267],[130.41588,31.43362],[130.41491,31.43424],[130.41414,31.4366],[130.41341,31.4369],[130.41169,31.43917],[130.41067,31.43855],[130.40926,31.4389],[130.40841,31.4384],[130.40479,31.438],[130.40349,31.43667],[130.40295,31.43545]],[[130.40663,31.43536],[130.40829,31.43593],[130.40907,31.43678],[130.41074,31.43604],[130.41148,31.43626],[130.41259,31.43444],[130.41199,31.43349],[130.41089,31.43387],[130.41131,31.43524],[130.40909,31.43534],[130.40773,31.43472],[130.40663,31.43536]]]},"properties":{"hoanrinKind":"保安林"}},
{"type":"Feature","geometry":{"type":"Polygon","coordinates":[[[130.43053,31.4504],[130.43289,31.45098],[130.43348,31.44928],[130.43236,31.44934],[130.4311,31.44802],[130.43201,31.44716],[130.4314,31.44543],[130.4323,31.44471],[130.43084,31.443],[130.43348,31.44265],[130.43533,31.44452],[130.43501,31.44528],[130.4358,31.44624],[130.43691,31.446],[130.43595,31.44439],[130.43711,31.44158],[130.43501,31.43908],[130.43591,31.43639],[130.4375,31.43816],[130.43693,31.43928],[130.43948,31.44151],[130.43989,31.444],[130.44194,31.44398],[130.44394,31.44498],[130.44489,31.4468],[130.44582,31.4467],[130.44776,31.44873],[130.44711,31.45116],[130.44634,31.45068],[130.44487,31.44829],[130.4449,31.44751],[130.44308,31.44699],[130.44141,31.44552],[130.43997,31.4459],[130.44215,31.4473],[130.44296,31.44919],[130.44324,31.45086],[130.44475,31.45123],[130.44705,31.45313],[130.44489,31.45343],[130.44334,31.45282],[130.44218,31.45317],[130.4401,31.45229],[130.43881,31.45219],[130.43718,31.45478],[130.43691,31.45587],[130.43536,31.45723],[130.43415,31.45513],[130.43178,31.45554],[130.43196,31.45467],[130.43141,31.45298],[130.43068,31.45256],[130.43053,31.4504]],[[130.4372,31.44976],[130.43878,31.45134],[130.44101,31.4514],[130.44273,31.45083],[130.44147,31.44959],[130.43957,31.44933],[130.43843,31.45039],[130.4372,31.44976]]]},"properties":{"hoanrinKind":"保安林"}},
{"type":"Feature","geometry":{"type":"Polygon","coordinates":[[[130.45889,31.3994],[130.45904,31.39807],[130.46027,31.39684],[130.46214,31.39647],[130.46302,31.39702],[130.4652,31.39688],[130.46629,31.39754],[130.46522,31.39837],[130.46429,31.40015],[130.46086,31.40098],[130.45889,31.3994]]]},"properties":{"hoanrinKind":"保安林"}},
{"type":"Feature","geometry":{"type":"Polygon","coordinates":[[[130.43913,31.40005],[130.44036,31.39931],[130.44155,31.40036],[130.44271,31.40029],[130.44335,31.40138],[130.44557,31.40158],[130.4464,31.40266],[130.44842,31.40298],[130.4484,31.40162],[130.4508,31.40206],[130.45188,31.40303],[130.45076,31.40445],[130.45266,31.40541],[130.45406,31.4072],[130.45616,31.40576],[130.45692,31.40626],[130.45661,31.40735],[130.45862,31.40723],[130.46181,31.40869],[130.4632,31.41005],[130.46257,31.41162],[130.46074,31.41089],[130.46006,31.4122],[130.46102,31.41321],[130.46254,31.41362],[130.46351,31.41297],[130.46588,31.41301],[130.46867,31.41086],[130.46925,31.41011],[130.47321,31.40957],[130.47333,31.41063],[130.47443,31.41128],[130.47553,31.41355],[130.4778,31.41578],[130.47791,31.41693],[130.4804,31.41775],[130.48226,31.41951],[130.48282,31.42151],[130.48409,31.42231],[130.48538,31.42432],[130.48644,31.42464],[130.48712,31.42602],[130.48702,31.4282],[130.48578,31.43002],[130.48329,31.43011],[130.4826,31.43078],[130.48248,31.43303],[130.48388,31.43537],[130.48483,31.43565],[130.4842,31.43771],[130.48579,31.44008],[130.48558,31.44254],[130.48614,31.44531],[130.48694,31.44649],[130.48555,31.44913],[130.48453,31.4522],[130.48348,31.45416],[130.48343,31.45677],[130.48437,31.45836],[130.48422,31.46165],[130.48312,31.46083],[130.48088,31.46039],[130.47753,31.45918],[130.48018,31.45876],[130.48073,31.45771],[130.47848,31.45712],[130.47757,31.4564],[130.47773,31.45454],[130.47887,31.45225],[130.47719,31.45104],[130.47667,31.44965],[130.47774,31.44812],[130.47787,31.44628],[130.4762,31.44485],[130.47581,31.4435],[130.47586,31.43954],[130.47914,31.43919],[130.48196,31.43812],[130.47572,31.43514],[130.47369,31.43455],[130.47471,31.43366],[130.47686,31.43357],[130.47833,31.43457],[130.4794,31.43432],[130.48121,31.43265],[130.48018,31.43087],[130.47729,31.43177],[130.47786,31.43],[130.47682,31.42891],[130.47493,31.42817],[130.47284,31.4282],[130.47285,31.42691],[130.47179,31.42615],[130.4715,31.42809],[130.47013,31.42927],[130.46735,31.42916],[130.46565,31.42819],[130.4664,31.42705],[130.46811,31.42623],[130.46809,31.4251],[130.46931,31.42293],[130.46741,31.42173],[130.46732,31.42012],[130.46481,31.41974],[130.4636,31.41877],[130.46342,31.41776],[130.4647,31.41735],[130.46551,31.41602],[130.46537,31.41438],[130.46301,31.41534],[130.46231,31.41699],[130.46109,31.41698],[130.46101,31.41851],[130.45686,31.41832],[130.45749,31.41721],[130.45728,31.416],[130.45994,31.41581],[130.46038,31.41531],[130.45995,31.41379],[130.45802,31.41399],[130.45607,31.41258],[130.45525,31.41118],[130.45311,31.4103],[130.45198,31.40948],[130.45069,31.40666],[130.44642,31.40404],[130.44475,31.40318],[130.44263,31.40263],[130.44231,31.40146],[130.43929,31.40062],[130.43913,31.40005]],[[130.47839,31.44253],[130.47893,31.44461],[130.47965,31.44454],[130.47909,31.44254],[130.47839,31.44253]]]},"properties":{"hoanrinKind":"保安林"}},
{"type":"Feature","geometry":{"type":"Polygon","coordinates":[[[130.41805,31.45382],[130.41979,31.45205],[130.4209,31.45249],[130.4211,31.45494],[130.42186,31.45553],[130.42517,31.45634],[130.42454,31.45712],[130.42577,31.4588],[130.42682,31.4591],[130.42884,31.45898],[130.42964,31.46074],[130.43238,31.46169],[130.43567,31.46154],[130.43557,31.46308],[130.4343,31.46264],[130.43355,31.46385],[130.43504,31.46522],[130.43452,31.466],[130.4352,31.46688],[130.43561,31.46856],[130.43666,31.46856],[130.43647,31.46669],[130.43706,31.46632],[130.43881,31.46677],[130.43986,31.46589],[130.44005,31.46459],[130.44276,31.46487],[130.44367,31.46607],[130.44544,31.46605],[130.44545,31.46439],[130.44681,31.46337],[130.44535,31.46139],[130.44739,31.45995],[130.44818,31.46013],[130.45025,31.4621],[130.4508,31.46334],[130.45192,31.46383],[130.45236,31.46489],[130.45153,31.46729],[130.4496,31.46989],[130.44837,31.47201],[130.44867,31.47307],[130.44743,31.47502],[130.44641,31.47569],[130.44319,31.47594],[130.44227,31.47527],[130.43857,31.47342],[130.43638,31.47205],[130.43398,31.47253],[130.43286,31.47187],[130.43158,31.4702],[130.42981,31.47059],[130.42905,31.46992],[130.4295,31.46707],[130.43053,31.46469],[130.42917,31.46396],[130.42839,31.46258],[130.4283,31.46127],[130.42552,31.46127],[130.4237,31.46175],[130.42237,31.46117],[130.42275,31.4599],[130.42553,31.4598],[130.42429,31.45841],[130.42221,31.45845],[130.42105,31.45887],[130.42114,31.45676],[130.4202,31.45516],[130.41874,31.45476],[130.41805,31.45382]]]},"properties":{"hoanrinKind":"保安林"}},
{"type":"Feature","geometry":{"type":"Polygon","coordinates":[[[130.25258,31.39787],[130.25298,31.39607],[130.25571,31.3944],[130.25726,31.39306],[130.2582,31.39492],[130.26016,31.3968],[130.26035,31.39747],[130.26195,31.39796],[130.25985,31.40077],[130.26031,31.40176],[130.25925,31.40333],[130.25749,31.40138],[130.25614,31.40251],[130.25413,31.40279],[130.25286,31.40119],[130.25258,31.39787]]]},"properties":{"hoanrinKind":"保安林"}},
{"type":"Feature","geometry":{"type":"Polygon","coordinates":[[[130.24669,31.38036],[130.25016,31.38131],[130.25033,31.3797],[130.2494,31.37838],[130.24981,31.37634],[130.25108,31.3763],[130.25538,31.37463],[130.25655,31.37467],[130.25738,31.37629],[130.25895,31.37538],[130.25905,31.37358],[130.25716,31.3724],[130.25778,31.37128],[130.25909,31.37216],[130.2614,31.37206],[130.2624,31.37079],[130.26469,31.37119],[130.26478,31.36971],[130.26617,31.36959],[130.26931,31.36765],[130.27234,31.36775],[130.27167,31.36901],[130.2712,31.37125],[130.27216,31.37288],[130.27316,31.37367],[130.27324,31.37492],[130.27464,31.37486],[130.27645,31.37639],[130.27657,31.37824],[130.27588,31.38081],[130.275,31.38161],[130.27574,31.38374],[130.27814,31.38431],[130.27702,31.38573],[130.27277,31.38546],[130.27193,31.38516],[130.27155,31.38789],[130.27344,31.38628],[130.27316,31.38833],[130.27348,31.38951],[130.27239,31.39045],[130.27019,31.38983],[130.26986,31.38906],[130.26827,31.38866],[130.26686,31.39109],[130.2659,31.39082],[130.26392,31.39245],[130.26301,31.39195],[130.26294,31.39081],[130.26206,31.39023],[130.26209,31.38824],[130.26526,31.38542],[130.2666,31.3845],[130.26598,31.3833],[130.26698,31.38162],[130.26632,31.37969],[130.2633,31.37968],[130.26127,31.37875],[130.25961,31.37872],[130.25709,31.37961],[130.2563,31.38038],[130.25344,31.38107],[130.25178,31.38227],[130.24764,31.38263],[130.2476,31.38127],[130.24669,31.38036]],[[130.2526,31.37835],[130.2545,31.37981],[130.25512,31.37948],[130.25365,31.37791],[130.2526,31.37835]],[[130.26112,31.37388],[130.26336,31.37527],[130.265,31.37357],[130.26296,31.37399],[130.26112,31.37388]]]},"properties":{"hoanrinKind":"保安林"}},
{"type":"Feature","geometry":{"type":"Polygon","coordinates":[[[130.29308,31.31921],[130.29432,31.31886],[130.29641,31.31981],[130.29594,31.31824],[130.29455,31.31694],[130.29594,31.31561],[130.29811,31.31527],[130.29901,31.31668],[130.29829,31.3175],[130.29996,31.31814],[130.30079,31.3191],[130.30163,31.31875],[130.3028,31.32084],[130.30345,31.32065],[130.30349,31.31845],[130.30242,31.31865],[130.30177,31.31786],[130.30471,31.3179],[130.30518,31.31849],[130.30435,31.32004],[130.30541,31.32353],[130.30676,31.326],[130.3066,31.32813],[130.30738,31.32919],[130.30833,31.32847],[130.30747,31.32545],[130.30705,31.32484],[130.30805,31.32351],[130.30937,31.32323],[130.31038,31.32441],[130.30902,31.32579],[130.31032,31.32639],[130.31052,31.32889],[130.30963,31.32992],[130.31217,31.33257],[130.31307,31.33227],[130.31267,31.32997],[130.31176,31.32903],[130.31469,31.32799],[130.31429,31.32683],[130.3159,31.32549],[130.31923,31.32591],[130.32062,31.32476],[130.32144,31.3229],[130.32281,31.32239],[130.32406,31.32124],[130.32571,31.32153],[130.32749,31.32078],[130.32827,31.32484],[130.32702,31.32535],[130.3267,31.32632],[130.32773,31.32761],[130.32662,31.32831],[130.32546,31.32806],[130.32437,31.32997],[130.32268,31.33078],[130.32292,31.33165],[130.32196,31.33239],[130.32252,31.33478],[130.32044,31.33579],[130.31771,31.33511],[130.3133,31.33591],[130.31159,31.33513],[130.30913,31.33527],[130.30778,31.33705],[130.30661,31.33695],[130.30473,31.3382],[130.30368,31.33828],[130.30267,31.33928],[130.30124,31.33976],[130.29766,31.33846],[130.2973,31.33635],[130.29812,31.33544],[130.29753,31.33445],[130.29913,31.33312],[130.2998,31.33131],[130.30102,31.32991],[130.30123,31.32892],[130.30033,31.32758],[130.29838,31.32623],[130.29761,31.32497],[130.29572,31.32436],[130.29402,31.32457],[130.29414,31.32231],[130.29324,31.32047],[130.29308,31.31921]]]},"properties":{"hoanrinKind":"保安林"}},
{"type":"Feature","geometry":{"type":"Polygon","coordinates":[[[130.46189,31.34028],[130.46344,31.34047],[130.46442,31.33981],[130.46427,31.33761],[130.46684,31.33642],[130.47037,31.33712],[130.47013,31.33601],[130.4719,31.33568],[130.47309,31.33806],[130.47397,31.33877],[130.47474,31.34051],[130.47577,31.34058],[130.47928,31.33867],[130.48192,31.33913],[130.4832,31.34034],[130.48368,31.34146],[130.48618,31.3428],[130.48614,31.34125],[130.48485,31.33987],[130.48536,31.33865],[130.48529,31.33706],[130.48779,31.33541],[130.48956,31.33559],[130.49015,31.33721],[130.49099,31.33778],[130.49411,31.33876],[130.49447,31.3394],[130.49344,31.34161],[130.49137,31.34326],[130.49021,31.3463],[130.49054,31.34798],[130.49125,31.34878],[130.49192,31.35089],[130.49428,31.35491],[130.4948,31.35642],[130.49651,31.35926],[130.49853,31.36018],[130.49852,31.36162],[130.49642,31.3609],[130.49483,31.36107],[130.49247,31.36084],[130.49251,31.35977],[130.49058,31.35942],[130.48808,31.36023],[130.48831,31.36106],[130.48569,31.36102],[130.48444,31.3622],[130.48492,31.36323],[130.48625,31.36355],[130.48581,31.36537],[130.48504,31.36623],[130.48714,31.36727],[130.487,31.36858],[130.48575,31.36846],[130.48258,31.3648],[130.48037,31.36432],[130.47929,31.36505],[130.4774,31.36511],[130.47683,31.36428],[130.48087,31.36302],[130.48029,31.36182],[130.47894,31.36239],[130.47745,31.36141],[130.4798,31.36117],[130.47991,31.35996],[130.48399,31.36133],[130.48474,31.35953],[130.48362,31.35952],[130.48129,31.35853],[130.47838,31.3559],[130.47896,31.35395],[130.48144,31.3551],[130.48281,31.35514],[130.48366,31.35594],[130.48532,31.35488],[130.4866,31.35517],[130.48669,31.35651],[130.48834,31.35646],[130.48862,31.35528],[130.4874,31.35484],[130.48725,31.35345],[130.48578,31.35411],[130.48497,31.35286],[130.48597,31.35032],[130.48418,31.3505],[130.48368,31.3493],[130.48192,31.35037],[130.48035,31.35002],[130.48082,31.34789],[130.47873,31.34683],[130.47774,31.34806],[130.47577,31.34937],[130.47356,31.34936],[130.47087,31.34638],[130.46984,31.34625],[130.46828,31.34417],[130.46857,31.34248],[130.4676,31.34118],[130.46467,31.34003],[130.46337,31.34109],[130.46189,31.34028]],[[130.48702,31.35185],[130.4872,31.35297],[130.48874,31.3532],[130.49079,31.35255],[130.49051,31.35147],[130.48851,31.35199],[130.48702,31.35185]]]},"properties":{"hoanrinKind":"保安林"}},
{"type":"Feature","geometry":{"type":"Polygon","coordinates":[[[130.83987,31.59121],[130.84059,31.58946],[130.8416,31.59028],[130.84502,31.58939],[130.84681,31.58851],[130.84694,31.58949],[130.84839,31.59007],[130.84865,31.59089],[130.84708,31.59211],[130.84827,31.59321],[130.84501,31.59428],[130.8444,31.59365],[130.84251,31.59368],[130.84115,31.59308],[130.83987,31.59121]]]},"properties":{"hoanrinKind":"保安林"}},
{"type":"Feature","geometry":{"type":"Polygon","coordinates":[[[130.81652,31.57035],[130.81759,31.56757],[130.81835,31.56692],[130.81952,31.56459],[130.82198,31.564],[130.82291,31.56471],[130.824,31.56466],[130.82631,31.56302],[130.82904,31.56199],[130.83101,31.56195],[130.83081,31.56084],[130.83272,31.56057],[130.83453,31.55971],[130.83488,31.56068],[130.83623,31.56059],[130.83666,31.56154],[130.83829,31.5623],[130.83749,31.56296],[130.83557,31.5629],[130.8334,31.56337],[130.82977,31.56359],[130.83082,31.56499],[130.8294,31.56673],[130.83024,31.56708],[130.83023,31.5687],[130.83072,31.57013],[130.83382,31.56812],[130.83335,31.57042],[130.83152,31.57207],[130.83124,31.57445],[130.8304,31.57505],[130.83181,31.57625],[130.83048,31.57771],[130.83249,31.5789],[130.83081,31.58093],[130.82808,31.583],[130.82936,31.58503],[130.8322,31.58539],[130.83388,31.58423],[130.83601,31.58232],[130.8376,31.58381],[130.83469,31.58634],[130.83623,31.58719],[130.8342,31.58775],[130.83468,31.58876],[130.83636,31.58817],[130.83721,31.589],[130.83636,31.59108],[130.83486,31.59133],[130.83342,31.59032],[130.8321,31.59139],[130.8314,31.58919],[130.8318,31.588],[130.82957,31.58754],[130.8285,31.5883],[130.82619,31.58644],[130.82487,31.58719],[130.82193,31.58524],[130.82013,31.58566],[130.81817,31.58442],[130.81927,31.58249],[130.8204,31.58188],[130.81949,31.58066],[130.82097,31.57771],[130.821,31.57563],[130.81925,31.57445],[130.81878,31.57241],[130.81652,31.57035]],[[130.81996,31.5726],[130.82116,31.57337],[130.8213,31.57433],[130.82288,31.57474],[130.82347,31.57299],[130.82355,31.57131],[130.82049,31.57201],[130.81996,31.5726]]]},"properties":{"hoanrinKind":"保安林"}},
{"type":"Feature","geometry":{"type":"Polygon","coordinates":[[[130.78529,31.46931],[130.78645,31.46735],[130.78744,31.46395],[130.78825,31.46248],[130.78741,31.46108],[130.79226,31.46085],[130.79501,31.46088],[130.79787,31.45977],[130.79912,31.46272],[130.80168,31.46427],[130.80377,31.46408],[130.80555,31.46482],[130.80738,31.46346],[130.80869,31.46416],[130.81004,31.46595],[130.81206,31.4659],[130.81221,31.46475],[130.81434,31.4632],[130.81562,31.46175],[130.81652,31.46137],[130.81814,31.45979],[130.81778,31.45778],[130.82063,31.45645],[130.82138,31.45525],[130.82072,31.45193],[130.81988,31.45123],[130.82301,31.44943],[130.82494,31.45221],[130.82506,31.45308],[130.82722,31.45336],[130.82861,31.45412],[130.82936,31.45215],[130.83079,31.45282],[130.83003,31.45385],[130.82859,31.45451],[130.83084,31.45677],[130.83089,31.45869],[130.82932,31.46082],[130.8271,31.46102],[130.83125,31.46526],[130.83447,31.46591],[130.83637,31.46768],[130.83704,31.46911],[130.83897,31.47123],[130.83923,31.47266],[130.84062,31.47361],[130.84365,31.47237],[130.84765,31.47226],[130.84759,31.47152],[130.84846,31.46948],[130.84979,31.46832],[130.85203,31.46566],[130.85456,31.46468],[130.85678,31.46438],[130.85779,31.46464],[130.85846,31.46593],[130.85953,31.46646],[130.85999,31.4682],[130.85905,31.47098],[130.85896,31.47438],[130.85836,31.47631],[130.85732,31.47747],[130.85718,31.47838],[130.85915,31.47806],[130.86138,31.4791],[130.86062,31.48055],[130.86153,31.48239],[130.86218,31.4846],[130.86464,31.48388],[130.8646,31.4859],[130.86402,31.48718],[130.86289,31.48768],[130.86151,31.48907],[130.86358,31.48985],[130.86225,31.49169],[130.86273,31.495],[130.86199,31.4958],[130.85931,31.49665],[130.85875,31.49724],[130.85666,31.49701],[130.85344,31.49784],[130.85367,31.50043],[130.85343,31.5017],[130.8521,31.50166],[130.85082,31.50034],[130.84962,31.4973],[130.85033,31.49687],[130.85041,31.495],[130.85142,31.49407],[130.8509,31.49307],[130.84893,31.49547],[130.84852,31.49661],[130.84696,31.49749],[130.84593,31.50095],[130.84406,31.50062],[130.84328,31.50193],[130.84424,31.50257],[130.84426,31.50368],[130.84523,31.50447],[130.84949,31.50474],[130.84849,31.50592],[130.84926,31.50686],[130.85277,31.50752],[130.85075,31.50895],[130.84783,31.50945],[130.84517,31.50936],[130.84504,31.5106],[130.84691,31.51093],[130.84991,31.51078],[130.85152,31.50969],[130.85198,31.51127],[130.85473,31.51419],[130.85475,31.51497],[130.85262,31.5149],[130.85081,31.51561],[130.84973,31.51664],[130.84735,31.51775],[130.84579,31.51777],[130.84458,31.51971],[130.84585,31.52032],[130.84366,31.5229],[130.84227,31.52375],[130.84049,31.52335],[130.83923,31.52422],[130.83721,31.52428],[130.83548,31.52563],[130.83534,31.52686],[130.83699,31.52626],[130.8375,31.52525],[130.83903,31.52462],[130.8393,31.5262],[130.83791,31.5274],[130.83784,31.52888],[130.83979,31.52694],[130.84143,31.5278],[130.84237,31.52721],[130.84331,31.52772],[130.84543,31.52761],[130.84519,31.52602],[130.84449,31.5248],[130.84641,31.52401],[130.8479,31.52528],[130.8491,31.52551],[130.84956,31.52658],[130.85179,31.52655],[130.85237,31.52602],[130.85171,31.5248],[130.85233,31.52404],[130.85165,31.52306],[130.85028,31.52273],[130.84955,31.52437],[130.84807,31.52492],[130.84765,31.52338],[130.84982,31.52164],[130.85104,31.52253],[130.85306,31.52017],[130.85469,31.5206],[130.85585,31.51923],[130.85724,31.51861],[130.85714,31.52075],[130.85527,31.52122],[130.85489,31.5225],[130.85648,31.5228],[130.85761,31.52473],[130.85807,31.52627],[130.85746,31.5273],[130.85477,31.52714],[130.85377,31.52795],[130.85262,31.52781],[130.85109,31.53017],[130.85171,31.53134],[130.85177,31.53375],[130.85277,31.53609],[130.85084,31.537],[130.85024,31.53791],[130.84853,31.53835],[130.84597,31.54094],[130.84722,31.5424],[130.84694,31.54299],[130.8441,31.54279],[130.84348,31.54357],[130.84411,31.5444],[130.8457,31.5448],[130.84551,31.54567],[130.84292,31.54717],[130.84254,31.5479],[130.84067,31.54957],[130.84073,31.55108],[130.83868,31.5513],[130.83618,31.55114],[130.83369,31.55064],[130.83252,31.55135],[130.8302,31.55199],[130.82852,31.55208],[130.82853,31.55117],[130.82721,31.55041],[130.82704,31.54829],[130.8275,31.5474],[130.82966,31.54678],[130.83311,31.54507],[130.83319,31.54373],[130.83566,31.5427],[130.83424,31.54222],[130.83347,31.54286],[130.83198,31.54252],[130.83141,31.54062],[130.83145,31.53837],[130.83352,31.53844],[130.83515,31.5361],[130.83234,31.53603],[130.83174,31.53707],[130.83004,31.53596],[130.82966,31.53845],[130.82803,31.53922],[130.82972,31.5405],[130.83037,31.54292],[130.82807,31.54364],[130.82703,31.54165],[130.82489,31.54197],[130.82301,31.54003],[130.82591,31.53852],[130.82709,31.53882],[130.82823,31.53836],[130.82813,31.53728],[130.82696,31.53738],[130.8302,31.53458],[130.82848,31.53344],[130.82476,31.53533],[130.82372,31.53482],[130.8206,31.53466],[130.81759,31.534],[130.81563,31.53258],[130.81717,31.53062],[130.81876,31.52986],[130.82222,31.52926],[130.82309,31.52882],[130.82534,31.52867],[130.82778,31.5277],[130.8284,31.52503],[130.83019,31.52502],[130.83233,31.52436],[130.83323,31.5254],[130.83464,31.52559],[130.83564,31.52416],[130.83418,31.52319],[130.83317,31.52378],[130.83073,31.52333],[130.82868,31.52438],[130.82792,31.52518],[130.82672,31.52519],[130.82554,31.52677],[130.82389,31.52703],[130.82155,31.52815],[130.81795,31.52943],[130.8154,31.5295],[130.8129,31.53012],[130.81315,31.53112],[130.81521,31.53113],[130.81501,31.5323],[130.81324,31.53384],[130.81394,31.53419],[130.81439,31.53629],[130.81554,31.53499],[130.8172,31.53678],[130.81811,31.53646],[130.8199,31.53694],[130.82124,31.53771],[130.82115,31.53842],[130.81918,31.53853],[130.81816,31.54215],[130.81946,31.54304],[130.81979,31.54606],[130.81967,31.54735],[130.81823,31.54807],[130.81926,31.54931],[130.81882,31.5503],[130.81742,31.55034],[130.81534,31.54956],[130.81529,31.54845],[130.81663,31.54618],[130.81585,31.54459],[130.81253,31.54218],[130.81132,31.54076],[130.80605,31.54053],[130.8043,31.54014],[130.80323,31.53946],[130.80291,31.53507],[130.80315,31.53305],[130.802,31.53171],[130.80198,31.53091],[130.80453,31.53071],[130.80545,31.53129],[130.80647,31.53023],[130.8074,31.52831],[130.80653,31.5268],[130.80455,31.52461],[130.80397,31.52317],[130.80266,31.52144],[130.80232,31.52018],[130.80115,31.51865],[130.80078,31.5172],[130.79846,31.51461],[130.79532,31.51408],[130.79461,31.51124],[130.79575,31.51008],[130.79669,31.50835],[130.80054,31.50468],[130.80156,31.50422],[130.8036,31.50254],[130.80425,31.50104],[130.80671,31.50091],[130.80891,31.49998],[130.81111,31.4998],[130.81256,31.49921],[130.81208,31.49817],[130.81196,31.49632],[130.81025,31.49541],[130.81229,31.49504],[130.81429,31.49381],[130.81506,31.49269],[130.81512,31.4916],[130.81363,31.48928],[130.81387,31.48758],[130.81488,31.48571],[130.81499,31.48434],[130.81466,31.48178],[130.81527,31.47786],[130.8144,31.47547],[130.81206,31.47258],[130.81182,31.47035],[130.80927,31.4681],[130.8068,31.46808],[130.80508,31.46905],[130.80292,31.46699],[130.79932,31.46505],[130.79778,31.46443],[130.79478,31.46398],[130.79411,31.46486],[130.79287,31.46413],[130.78885,31.4643],[130.78782,31.46726],[130.78772,31.46912],[130.7866,31.47002],[130.78529,31.46931]],[[130.81409,31.5415],[130.81451,31.54294],[130.81607,31.54314],[130.81674,31.54205],[130.81461,31.54127],[130.81409,31.5415]],[[130.83962,31.53508],[130.84075,31.53576],[130.84174,31.53527],[130.8418,31.53399],[130.84029,31.53398],[130.83962,31.53508]]]},"properties":{"hoanrinKind":"保安林"}},
{"type":"Feature","geometry":{"type":"Polygon","coordinates":[[[130.75199,31.45373],[130.75302,31.45383],[130.75518,31.45316],[130.75698,31.45397],[130.75698,31.45534],[130.7587,31.4551],[130.76006,31.45581],[130.76172,31.45805],[130.76078,31.45861],[130.75948,31.46035],[130.75709,31.46145],[130.75528,31.4614],[130.75418,31.4607],[130.75286,31.46094],[130.7528,31.45946],[130.75396,31.45666],[130.75352,31.45564],[130.75483,31.45493],[130.75441,31.45403],[130.75301,31.45427],[130.75199,31.45373]]]},"properties":{"hoanrinKind":"保安林"}},
{"type":"Feature","geometry":{"type":"Polygon","coordinates":[[[130.83289,31.28598],[130.83369,31.28558],[130.83749,31.28568],[130.83933,31.28418],[130.84085,31.28335],[130.842,31.28364],[130.84305,31.28293],[130.84469,31.2829],[130.84513,31.28172],[130.84899,31.28013],[130.84897,31.27841],[130.85013,31.27711],[130.85057,31.27545],[130.85007,31.27388],[130.84841,31.27482],[130.84657,31.27491],[130.84741,31.27328],[130.84479,31.27003],[130.84649,31.26933],[130.84713,31.27047],[130.84922,31.27252],[130.8506,31.27261],[130.85244,31.27132],[130.85251,31.27371],[130.85341,31.27418],[130.85259,31.27587],[130.85367,31.27698],[130.85633,31.27756],[130.8601,31.27753],[130.86153,31.27653],[130.85979,31.274],[130.86063,31.2723],[130.86216,31.27327],[130.8638,31.27343],[130.86501,31.27499],[130.86652,31.27509],[130.86781,31.27608],[130.8703,31.2754],[130.8712,31.27564],[130.87179,31.27714],[130.87284,31.27853],[130.87132,31.27884],[130.86976,31.27809],[130.86756,31.27771],[130.8658,31.27649],[130.86411,31.27756],[130.86307,31.28006],[130.86023,31.28225],[130.8581,31.28308],[130.85696,31.28201],[130.85817,31.28073],[130.8571,31.27912],[130.85502,31.27882],[130.85388,31.27965],[130.85277,31.27976],[130.85098,31.28109],[130.85162,31.28184],[130.85388,31.28079],[130.85492,31.28209],[130.85599,31.28224],[130.85663,31.28344],[130.85515,31.28406],[130.85552,31.28475],[130.85328,31.28569],[130.85211,31.28713],[130.8518,31.2893],[130.85075,31.28925],[130.85085,31.28692],[130.84957,31.28791],[130.85094,31.29021],[130.84899,31.29198],[130.84826,31.29162],[130.84784,31.29027],[130.8493,31.28939],[130.84799,31.28868],[130.84763,31.29013],[130.84584,31.28846],[130.84609,31.28735],[130.84862,31.28747],[130.85126,31.28537],[130.85113,31.28411],[130.84999,31.28421],[130.84877,31.28312],[130.8455,31.28377],[130.84402,31.28358],[130.84208,31.28399],[130.84052,31.28533],[130.83917,31.28523],[130.83711,31.28651],[130.83289,31.28598]],[[130.85063,31.27782],[130.85148,31.27892],[130.85288,31.27916],[130.85323,31.27828],[130.85063,31.27782]]]},"properties":{"hoanrinKind":"保安林"}},
{"type":"Feature","geometry":{"type":"Polygon","coordinates":[[[130.90386,31.28279],[130.90505,31.2823],[130.90659,31.28253],[130.90898,31.28339],[130.91163,31.28507],[130.91164,31.28573],[130.908,31.28511],[130.90732,31.28383],[130.90593,31.28307],[130.90541,31.28358],[130.90386,31.28279]]]},"properties":{"hoanrinKind":"保安林"}},
{"type":"Feature","geometry":{"type":"Polygon","coordinates":[[[130.91465,31.27671],[130.91561,31.27689],[130.91708,31.27613],[130.91666,31.27503],[130.91752,31.27416],[130.91933,31.27325],[130.91833,31.27271],[130.9182,31.2714],[130.91902,31.2686],[130.91978,31.26743],[130.92187,31.26786],[130.92309,31.26714],[130.92317,31.26634],[130.9222,31.2654],[130.91932,31.26568],[130.91892,31.26516],[130.92023,31.26237],[130.92261,31.26182],[130.92426,31.26273],[130.92562,31.25956],[130.92586,31.25796],[130.92451,31.2576],[130.92148,31.25766],[130.91919,31.25619],[130.91799,31.25591],[130.91618,31.25635],[130.91685,31.25719],[130.91884,31.25739],[130.9189,31.25818],[130.9178,31.25923],[130.91563,31.25811],[130.9149,31.25651],[130.91588,31.25462],[130.91574,31.25309],[130.91664,31.25248],[130.91723,31.25008],[130.91893,31.24879],[130.91962,31.24776],[130.92115,31.24698],[130.92252,31.24721],[130.92374,31.24478],[130.92474,31.24501],[130.92729,31.24635],[130.92882,31.2478],[130.92864,31.24893],[130.92685,31.25225],[130.92531,31.25297],[130.92564,31.25386],[130.92811,31.25389],[130.93127,31.25563],[130.93231,31.25734],[130.93302,31.25927],[130.93263,31.26143],[130.93066,31.26499],[130.92962,31.26607],[130.92941,31.26907],[130.92862,31.27043],[130.92815,31.27332],[130.92718,31.27468],[130.927,31.27629],[130.92627,31.2776],[130.92626,31.27897],[130.92523,31.28025],[130.92597,31.282],[130.92774,31.28252],[130.92869,31.28347],[130.92907,31.28592],[130.92781,31.2877],[130.92691,31.28752],[130.92668,31.28608],[130.92486,31.28685],[130.92401,31.28453],[130.92143,31.28537],[130.92004,31.28696],[130.91983,31.28778],[130.91849,31.28892],[130.9163,31.28675],[130.91669,31.28576],[130.91798,31.28514],[130.91888,31.28551],[130.92058,31.28356],[130.9204,31.28244],[130.91704,31.28271],[130.91551,31.28083],[130.91667,31.28044],[130.91594,31.27919],[130.91724,31.27758],[130.91569,31.27763],[130.91465,31.27671]]]},"properties":{"hoanrinKind":"保安林"}},
{"type":"Feature","geometry":{"type":"Polygon","coordinates":[[[131.08925,31.4724],[131.09044,31.47208],[131.0928,31.47303],[131.09884,31.47726],[131.10348,31.47853],[131.10547,31.48017],[131.10508,31.48199],[131.10246,31.48227],[131.10319,31.47917],[131.10006,31.47911],[131.10018,31.47855],[131.09766,31.47797],[131.09736,31.47683],[131.09199,31.47352],[131.09056,31.47249],[131.08925,31.4724]]]},"properties":{"hoanrinKind":"保安林"}},
{"type":"Feature","geometry":{"type":"Polygon","coordinates":[[[130.95935,31.29008],[130.96155,31.28972],[130.96253,31.29033],[130.96695,31.29131],[130.96881,31.29136],[130.9701,31.29076],[130.97254,31.29071],[130.978,31.28974],[130.97891,31.28938],[130.98218,31.28893],[130.98434,31.28837],[130.98719,31.28831],[130.98904,31.28884],[130.99172,31.29007],[130.99419,31.28604],[130.99475,31.28554],[130.99818,31.28738],[131.0018,31.2886],[131.00584,31.28932],[131.00749,31.2904],[131.01173,31.29183],[131.01426,31.29289],[131.01397,31.29521],[131.01319,31.29703],[131.01297,31.29921],[131.01356,31.29981],[131.0164,31.29949],[131.0183,31.29955],[131.01991,31.29906],[131.02103,31.29925],[131.02329,31.29857],[131.02319,31.29994],[131.02384,31.30327],[131.02294,31.30451],[131.02301,31.30567],[131.02245,31.30706],[131.02236,31.30937],[131.02165,31.31126],[131.02286,31.31163],[131.02687,31.31199],[131.03003,31.31163],[131.03246,31.31241],[131.03395,31.31235],[131.03588,31.31298],[131.03809,31.31224],[131.03813,31.31355],[131.03913,31.31451],[131.04289,31.31598],[131.04541,31.31598],[131.04683,31.31774],[131.04813,31.31792],[131.0482,31.3162],[131.05006,31.31383],[131.05117,31.31368],[131.0523,31.31549],[131.05397,31.31559],[131.05679,31.31337],[131.05788,31.3135],[131.05899,31.31211],[131.05892,31.31096],[131.05962,31.30943],[131.06066,31.30822],[131.05976,31.30644],[131.06061,31.30476],[131.06379,31.3031],[131.06527,31.30177],[131.0671,31.29872],[131.06738,31.29783],[131.0695,31.29895],[131.07124,31.29925],[131.07121,31.29828],[131.07318,31.29613],[131.0737,31.29705],[131.07291,31.29906],[131.07333,31.30007],[131.07453,31.30085],[131.0766,31.30124],[131.07773,31.30108],[131.07735,31.30369],[131.07743,31.30539],[131.07694,31.3065],[131.07406,31.30874],[131.07339,31.31003],[131.07181,31.31185],[131.06745,31.31403],[131.0675,31.31544],[131.06687,31.3161],[131.06613,31.31974],[131.06399,31.32162],[131.06207,31.32076],[131.06027,31.32039],[131.05809,31.32066],[131.05669,31.32033],[131.05438,31.31907],[131.05283,31.31918],[131.05007,31.32092],[131.04635,31.32285],[131.04723,31.32403],[131.04429,31.32506],[131.04336,31.32621],[131.04186,31.32699],[131.04049,31.32833],[131.03955,31.32994],[131.03928,31.33151],[131.03784,31.33285],[131.03471,31.33405],[131.0325,31.33423],[131.03024,31.33486],[131.02823,31.33466],[131.02364,31.33517],[131.02213,31.33438],[131.01864,31.33567],[131.01497,31.33556],[131.01356,31.3359],[131.01381,31.33443],[131.01493,31.33376],[131.01869,31.3325],[131.01915,31.33012],[131.02119,31.3284],[131.021,31.32771],[131.01849,31.32883],[131.01705,31.32907],[131.01414,31.32893],[131.01318,31.32675],[131.01199,31.32557],[131.00871,31.32487],[131.00965,31.32287],[131.0118,31.32008],[131.01347,31.31884],[131.01541,31.31786],[131.01702,31.31452],[131.01867,31.31346],[131.0192,31.31225],[131.01773,31.31214],[131.014,31.31098],[131.01325,31.31041],[131.01212,31.30635],[131.01216,31.30525],[131.0113,31.30302],[131.01005,31.30238],[131.00864,31.30097],[131.0009,31.29884],[130.99591,31.29645],[130.99312,31.2958],[130.98947,31.29653],[130.98786,31.29787],[130.98523,31.29956],[130.98451,31.30139],[130.98443,31.3029],[130.98291,31.3042],[130.98297,31.30688],[130.98344,31.30773],[130.98216,31.30839],[130.98137,31.31066],[130.98128,31.31189],[130.97906,31.31019],[130.97909,31.30874],[130.9775,31.30851],[130.9767,31.30774],[130.97869,31.30685],[130.97741,31.3062],[130.97676,31.30489],[130.97556,31.30474],[130.97377,31.30591],[130.97243,31.30403],[130.97097,31.3038],[130.96945,31.30268],[130.96876,31.30146],[130.96735,31.30053],[130.96738,31.29885],[130.96903,31.29908],[130.97114,31.29791],[130.97336,31.29589],[130.97112,31.29539],[130.96945,31.29461],[130.96829,31.29525],[130.96599,31.29562],[130.96448,31.29458],[130.96457,31.29642],[130.96372,31.29674],[130.96134,31.29577],[130.95985,31.2947],[130.9596,31.29398],[130.96034,31.29086],[130.95935,31.29008]]]},"properties":{"hoanrinKind":"保安林"}},
{"type":"Feature","geometry":{"type":"Polygon","coordinates":[[[130.91101,31.20192],[130.91508,31.20185],[130.91676,31.20119],[130.91875,31.20088],[130.92124,31.19988],[130.92249,31.20006],[130.92822,31.20257],[130.92966,31.2035],[130.93352,31.20436],[130.93466,31.20555],[130.93698,31.20674],[130.93764,31.20751],[130.93939,31.20832],[130.94232,31.21019],[130.94373,31.21069],[130.945,31.21029],[130.94747,31.21048],[130.95167,31.21178],[130.95643,31.21347],[130.95761,31.21349],[130.95982,31.2146],[130.96118,31.21427],[130.96368,31.21499],[130.96475,31.2161],[130.96683,31.21732],[130.96925,31.21756],[130.97089,31.21916],[130.9729,31.21916],[130.97379,31.22042],[130.97508,31.22105],[130.97784,31.22099],[130.97857,31.22284],[130.97821,31.22429],[130.98073,31.22723],[130.98334,31.22769],[130.98573,31.22555],[130.98759,31.22541],[130.98692,31.22688],[130.98868,31.22724],[130.98808,31.22896],[130.98706,31.23024],[130.98721,31.2319],[130.98568,31.23353],[130.98006,31.23291],[130.98006,31.23399],[130.97631,31.23593],[130.97633,31.23778],[130.97769,31.23895],[130.97753,31.24061],[130.9786,31.24286],[130.98031,31.24356],[130.98097,31.24509],[130.98223,31.24673],[130.98441,31.24796],[130.98839,31.25113],[130.99176,31.25287],[130.99246,31.25429],[130.99233,31.25618],[130.98991,31.25863],[130.9902,31.25965],[130.98934,31.26178],[130.99007,31.26328],[130.98857,31.26596],[130.98677,31.26596],[130.98477,31.26538],[130.98329,31.26538],[130.98055,31.26481],[130.97837,31.26337],[130.97341,31.26181],[130.97147,31.25946],[130.9704,31.25876],[130.96963,31.25679],[130.9682,31.25549],[130.96517,31.25432],[130.96397,31.25318],[130.96251,31.2528],[130.96132,31.24928],[130.95845,31.24681],[130.95707,31.24454],[130.95637,31.24455],[130.9549,31.24571],[130.9541,31.24775],[130.95295,31.24976],[130.95366,31.25105],[130.95245,31.25154],[130.95301,31.25345],[130.9519,31.25467],[130.94909,31.25537],[130.94796,31.25534],[130.94802,31.25342],[130.94906,31.25221],[130.95008,31.24957],[130.95158,31.24923],[130.95177,31.24745],[130.95359,31.2468],[130.95528,31.24417],[130.95544,31.24273],[130.95628,31.24175],[130.95561,31.24018],[130.95622,31.23871],[130.96002,31.23754],[130.95785,31.23581],[130.95619,31.23508],[130.95509,31.23404],[130.95449,31.23206],[130.95017,31.2282],[130.94555,31.22683],[130.94555,31.2255],[130.94359,31.2233],[130.94088,31.2227],[130.94096,31.22141],[130.93959,31.22045],[130.93847,31.22071],[130.93767,31.22003],[130.93542,31.2202],[130.93338,31.21958],[130.93328,31.21781],[130.93176,31.21714],[130.93062,31.21718],[130.92951,31.2187],[130.92744,31.21593],[130.92506,31.2152],[130.92511,31.21324],[130.92392,31.21285],[130.92253,31.21362],[130.92057,31.21275],[130.91936,31.21168],[130.91919,31.21048],[130.91774,31.20937],[130.91629,31.20733],[130.91628,31.20657],[130.91456,31.20631],[130.91292,31.20435],[130.91204,31.20384],[130.91178,31.20245],[130.91101,31.20192]],[[130.96206,31.23311],[130.96493,31.23374],[130.96564,31.23349],[130.96737,31.23622],[130.96831,31.2371],[130.96894,31.23848],[130.97029,31.23796],[130.96958,31.23675],[130.96949,31.23478],[130.96872,31.23391],[130.96717,31.23369],[130.96668,31.23255],[130.96499,31.23084],[130.96364,31.23081],[130.96206,31.23311]],[[130.96841,31.22088],[130.96955,31.22152],[130.97001,31.2204],[130.96866,31.21967],[130.96841,31.22088]]]},"properties":{"hoanrinKind":"保安林"}},
{"type":"Feature","geometry":{"type":"Polygon","coordinates":[[[130.85527,31.16775],[130.85702,31.16671],[130.86112,31.16884],[130.86263,31.1685],[130.86414,31.17023],[130.86431,31.17115],[130.86607,31.17295],[130.86647,31.17496],[130.86835,31.17738],[130.86951,31.17827],[130.87081,31.17812],[130.86962,31.17595],[130.87146,31.17272],[130.87255,31.1724],[130.87314,31.1735],[130.87489,31.17317],[130.87597,31.17207],[130.87743,31.17169],[130.87909,31.17329],[130.88047,31.17222],[130.88022,31.17469],[130.8834,31.17704],[130.88454,31.17859],[130.8844,31.18045],[130.88503,31.18368],[130.88638,31.18437],[130.88707,31.1854],[130.88571,31.18643],[130.88314,31.18669],[130.88135,31.18358],[130.88003,31.1831],[130.87954,31.18386],[130.88028,31.18491],[130.87908,31.18717],[130.87802,31.18659],[130.87705,31.18349],[130.87543,31.18391],[130.87545,31.18499],[130.87422,31.18588],[130.87225,31.18377],[130.86996,31.18274],[130.86659,31.18503],[130.86173,31.18433],[130.86115,31.18387],[130.85962,31.18425],[130.85733,31.18264],[130.85822,31.182],[130.8601,31.18267],[130.86038,31.18138],[130.85976,31.18049],[130.86041,31.17848],[130.86158,31.1766],[130.85859,31.17502],[130.8572,31.17398],[130.85739,31.17308],[130.85929,31.17323],[130.86054,31.17413],[130.86123,31.17354],[130.86054,31.17078],[130.8594,31.17049],[130.85871,31.16907],[130.85527,31.16775]],[[130.86132,31.181],[130.86198,31.18332],[130.86266,31.1842],[130.86428,31.18376],[130.86448,31.18253],[130.86275,31.18109],[130.86132,31.181]]]},"properties":{"hoanrinKind":"保安林"}},
{"type":"Feature","geometry":{"type":"Polygon","coordinates":[[[130.87485,31.22877],[130.87602,31.22782],[130.87703,31.22895],[130.87743,31.23063],[130.87909,31.23319],[130.87887,31.23493],[130.87779,31.23444],[130.8773,31.23256],[130.87531,31.23029],[130.87485,31.22877]]]},"properties":{"hoanrinKind":"保安林"}},
{"type":"Feature","geometry":{"type":"Polygon","coordinates":[[[130.84605,31.23562],[130.84711,31.23475],[130.84679,31.23395],[130.84876,31.23299],[130.84887,31.23176],[130.85015,31.23109],[130.85192,31.23129],[130.85301,31.22967],[130.85506,31.2291],[130.85546,31.23039],[130.85467,31.23183],[130.85311,31.23268],[130.85201,31.23266],[130.85006,31.23423],[130.84944,31.23591],[130.84775,31.23584],[130.84719,31.23673],[130.84605,31.23562]]]},"properties":{"hoanrinKind":"保安林"}},
{"type":"Feature","geometry":{"type":"Polygon","coordinates":[[[130.79047,31.21426],[130.79082,31.21331],[130.79289,31.21108],[130.7944,31.21002],[130.79479,31.20826],[130.79653,31.20893],[130.79642,31.21048],[130.79584,31.212],[130.79507,31.2125],[130.79539,31.21457],[130.79618,31.21529],[130.79362,31.21576],[130.79294,31.21523],[130.79075,31.21621],[130.79047,31.21426]]]},"properties":{"hoanrinKind":"保安林"}},
{"type":"Feature","geometry":{"type":"Polygon","coordinates":[[[131.06255,30.79449],[131.06357,30.79501],[131.06587,30.79461],[131.06508,30.7928],[131.06666,30.78979],[131.06792,30.78902],[131.06758,30.78697],[131.06813,30.78654],[131.07,30.78782],[131.06997,30.78952],[131.07046,30.79058],[131.07318,30.79192],[131.07191,30.7898],[131.07308,30.78823],[131.07385,30.78823],[131.07582,30.7892],[131.0775,30.79111],[131.07694,30.79282],[131.07932,30.79359],[131.07477,30.79429],[131.07335,30.79563],[131.07237,30.79575],[131.06989,30.79683],[131.06977,30.80126],[131.06847,30.80117],[131.06628,30.79867],[131.06462,30.7979],[131.06504,30.79692],[131.06255,30.79449]],[[131.06758,30.79921],[131.06846,30.80074],[131.06916,30.80018],[131.06937,30.79739],[131.06804,30.79746],[131.06758,30.79921]],[[131.06949,30.79495],[131.07119,30.79526],[131.07037,30.79352],[131.06949,30.79495]]]},"properties":{"hoanrinKind":"保安林"}},
{"type":"Feature","geometry":{"type":"Polygon","coordinates":[[[131.03029,30.71319],[131.03045,30.71129],[131.03254,30.71203],[131.03347,30.71084],[131.03462,30.7108],[131.03554,30.70964],[131.03698,30.71062],[131.03706,30.71177],[131.03611,30.71281],[131.03331,30.71214],[131.03219,30.71232],[131.03118,30.71371],[131.03029,30.71319]]]},"properties":{"hoanrinKind":"保安林"}},
{"type":"Feature","geometry":{"type":"Polygon","coordinates":[[[130.97558,30.50637],[130.97659,30.50528],[130.97598,30.50433],[130.97661,30.50348],[130.97856,30.5026],[130.97836,30.50466],[130.97755,30.50674],[130.97911,30.50908],[130.97954,30.51232],[130.97895,30.51245],[130.97756,30.51109],[130.97724,30.50998],[130.97801,30.50899],[130.9759,30.50775],[130.97558,30.50637]]]},"properties":{"hoanrinKind":"保安林"}},
{"type":"Feature","geometry":{"type":"Polygon","coordinates":[[[130.97477,30.50069],[130.97668,30.49979],[130.9779,30.50002],[130.97847,30.50198],[130.97649,30.50075],[130.97477,30.50069]]]},"properties":{"hoanrinKind":"保安林"}},
{"type":"Feature","geometry":{"type":"Polygon","coordinates":[[[130.96358,30.47068],[130.96487,30.46952],[130.96741,30.46986],[130.96655,30.46804],[130.96653,30.467],[130.96731,30.46635],[130.96793,30.46463],[130.96862,30.46475],[130.96884,30.46713],[130.96943,30.46848],[130.96914,30.47013],[130.96769,30.4712],[130.9672,30.47209],[130.96482,30.47464],[130.96411,30.47406],[130.96358,30.47068]]]},"properties":{"hoanrinKind":"保安林"}},
{"type":"Feature","geometry":{"type":"Polygon","coordinates":[[[130.90005,30.36419],[130.90277,30.36371],[130.90445,30.36432],[130.90504,30.36498],[130.91095,30.36698],[130.91477,30.36887],[130.91676,30.36925],[130.92183,30.37116],[130.92301,30.37271],[130.92328,30.37387],[130.9233,30.3767],[130.92249,30.37765],[130.92154,30.37766],[130.91978,30.37608],[130.92114,30.37379],[130.92074,30.37222],[130.91746,30.3717],[130.9169,30.37056],[130.91512,30.37182],[130.91332,30.37162],[130.91275,30.37221],[130.90793,30.36966],[130.90527,30.36782],[130.90359,30.3675],[130.9021,30.36767],[130.90142,30.367],[130.90184,30.36582],[130.90005,30.36419]],[[130.92125,30.37642],[130.92228,30.37712],[130.92315,30.37533],[130.92194,30.37502],[130.92125,30.37642]]]},"properties":{"hoanrinKind":"保安林"}},
{"type":"Feature","geometry":{"type":"Polygon","coordinates":[[[130.92511,30.37457],[130.92672,30.37256],[130.93035,30.37376],[130.93288,30.37504],[130.93969,30.3766],[130.94247,30.37677],[130.94402,30.37645],[130.94378,30.37802],[130.9449,30.37942],[130.94381,30.38045],[130.94337,30.38209],[130.94092,30.38371],[130.9402,30.38346],[130.93999,30.38196],[130.93854,30.38208],[130.9375,30.38315],[130.93655,30.38263],[130.93589,30.38399],[130.93458,30.38425],[130.93373,30.38227],[130.93316,30.38009],[130.92968,30.38013],[130.92721,30.37939],[130.92643,30.37724],[130.92684,30.37547],[130.92511,30.37457]]]},"properties":{"hoanrinKind":"保安林"}},
{"type":"Feature","geometry":{"type":"Polygon","coordinates":[[[130.00972,28.37493],[130.011,28.37438],[130.0137,28.37502],[130.01481,28.37474],[130.01601,28.37512],[130.01806,28.37506],[130.01912,28.37537],[130.02138,28.37441],[130.02134,28.37276],[130.02256,28.37298],[130.02472,28.37178],[130.02647,28.37142],[130.02716,28.37034],[130.03005,28.37031],[130.03053,28.36882],[130.03082,28.36567],[130.03013,28.36513],[130.02992,28.36276],[130.02925,28.36112],[130.03038,28.36111],[130.03016,28.35923],[130.02955,28.35864],[130.02632,28.35774],[130.02607,28.35579],[130.02427,28.35426],[130.02271,28.35166],[130.02044,28.35051],[130.02182,28.34956],[130.02439,28.34962],[130.02707,28.35032],[130.02883,28.35143],[130.03004,28.35296],[130.03027,28.35416],[130.02946,28.35513],[130.02798,28.35532],[130.02711,28.35603],[130.02711,28.35752],[130.02828,28.35783],[130.03074,28.35753],[130.03238,28.35806],[130.03344,28.36083],[130.03432,28.3624],[130.03408,28.36324],[130.0316,28.36325],[130.03114,28.36468],[130.03284,28.36573],[130.03288,28.36689],[130.032,28.36926],[130.02876,28.37277],[130.02738,28.37366],[130.02306,28.37555],[130.02274,28.3769],[130.02034,28.37778],[130.01488,28.3774],[130.00996,28.37562],[130.00972,28.37493]]]},"properties":{"hoanrinKind":"保安林"}},
{"type":"Feature","geometry":{"type":"Polygon","coordinates":[[[129.54027,28.40269],[129.54211,28.40284],[129.54406,28.40242],[129.54477,28.40168],[129.54713,28.40191],[129.54892,28.40115],[129.5497,28.39984],[129.55062,28.39938],[129.55281,28.39584],[129.55395,28.39667],[129.55697,28.39745],[129.55776,28.39947],[129.5594,28.40028],[129.55997,28.40134],[129.56459,28.39988],[129.56356,28.39844],[129.56458,28.39735],[129.56749,28.39789],[129.56721,28.39932],[129.56752,28.40058],[129.56925,28.4039],[129.56912,28.40453],[129.57127,28.40601],[129.57153,28.40698],[129.57308,28.4079],[129.57277,28.40901],[129.57159,28.40947],[129.57183,28.41084],[129.57418,28.41216],[129.57429,28.41385],[129.57385,28.41466],[129.57201,28.41554],[129.56985,28.4161],[129.56968,28.41994],[129.57048,28.42075],[129.57193,28.42087],[129.57318,28.42212],[129.57411,28.42387],[129.5756,28.42487],[129.5769,28.42622],[129.5763,28.43129],[129.57579,28.43262],[129.57472,28.43236],[129.57239,28.43002],[129.57112,28.42829],[129.57128,28.42586],[129.56844,28.4242],[129.56638,28.4247],[129.5664,28.42309],[129.56725,28.42212],[129.56636,28.42114],[129.56479,28.42381],[129.56353,28.42446],[129.56136,28.42497],[129.55977,28.42483],[129.55821,28.42419],[129.55671,28.4244],[129.55606,28.42393],[129.55356,28.42517],[129.55329,28.4264],[129.55218,28.4275],[129.55053,28.42662],[129.55062,28.42374],[129.55154,28.42221],[129.54769,28.42151],[129.54925,28.41784],[129.54913,28.41564],[129.54851,28.41234],[129.54707,28.41176],[129.54607,28.40941],[129.54348,28.40791],[129.54268,28.4047],[129.54027,28.40269]]]},"properties":{"hoanrinKind":"保安林"}},
{"type":"Feature","geometry":{"type":"Polygon","coordinates":[[[129.44603,28.33771],[129.44655,28.33385],[129.44804,28.33255],[129.4498,28.33238],[129.45106,28.33186],[129.45326,28.33167],[129.45598,28.33021],[129.45877,28.33085],[129.4605,28.33064],[129.46149,28.33008],[129.46293,28.32812],[129.46462,28.32771],[129.46673,28.32571],[129.46728,28.32424],[129.46718,28.3223],[129.4683,28.32212],[129.46964,28.31941],[129.46985,28.31817],[129.47114,28.31617],[129.4713,28.31504],[129.4726,28.31365],[129.4731,28.3112],[129.47259,28.30934],[129.47341,28.30853],[129.47543,28.30751],[129.4779,28.30777],[129.48226,28.30737],[129.48405,28.30684],[129.48486,28.30503],[129.48635,28.30459],[129.48744,28.30361],[129.49105,28.30374],[129.49161,28.30469],[129.49367,28.30431],[129.49429,28.30568],[129.49359,28.30726],[129.49425,28.3093],[129.49523,28.31497],[129.49477,28.31703],[129.49554,28.31888],[129.49717,28.32118],[129.49841,28.3221],[129.4988,28.32366],[129.4995,28.32422],[129.49939,28.32613],[129.49491,28.32811],[129.49535,28.32564],[129.49391,28.32452],[129.4915,28.32506],[129.49004,28.32442],[129.49052,28.32658],[129.49265,28.32705],[129.49358,28.32798],[129.49289,28.32964],[129.49194,28.32984],[129.4899,28.32889],[129.48991,28.33161],[129.4924,28.33384],[129.49262,28.3344],[129.49123,28.3359],[129.49002,28.33569],[129.49068,28.33401],[129.48938,28.3327],[129.48856,28.33365],[129.48769,28.33278],[129.48639,28.33265],[129.48512,28.33457],[129.48701,28.33594],[129.48561,28.33625],[129.48346,28.33814],[129.48404,28.33983],[129.48277,28.34035],[129.48263,28.33912],[129.48124,28.33872],[129.4804,28.3406],[129.48059,28.34287],[129.48012,28.34337],[129.478,28.34341],[129.47803,28.3446],[129.4773,28.34617],[129.47466,28.34649],[129.47412,28.34699],[129.47976,28.3467],[129.48106,28.3465],[129.48132,28.34555],[129.48514,28.34611],[129.48771,28.34699],[129.49055,28.34745],[129.4905,28.34821],[129.48883,28.34912],[129.48827,28.3509],[129.48655,28.35262],[129.48562,28.35545],[129.48392,28.35691],[129.48145,28.35647],[129.48222,28.35818],[129.48232,28.35951],[129.48298,28.36087],[129.47962,28.36078],[129.47799,28.3613],[129.47709,28.36207],[129.47552,28.36183],[129.473,28.36283],[129.47084,28.36498],[129.46834,28.36357],[129.46754,28.36209],[129.4667,28.36151],[129.46108,28.36244],[129.46096,28.36135],[129.45934,28.35992],[129.45769,28.36032],[129.45801,28.35875],[129.45532,28.35734],[129.45366,28.35577],[129.45407,28.35477],[129.45264,28.35371],[129.4518,28.35154],[129.4502,28.35107],[129.44955,28.34894],[129.44833,28.34791],[129.4486,28.34643],[129.44723,28.34489],[129.44673,28.34138],[129.44609,28.34036],[129.44575,28.33852],[129.44603,28.33771]],[[129.48411,28.32975],[129.48527,28.33188],[129.48598,28.33164],[129.48539,28.32931],[129.48411,28.32975]],[[129.48639,28.31846],[129.48668,28.31904],[129.48968,28.32031],[129.4902,28.31799],[129.48928,28.31677],[129.48883,28.31884],[129.48639,28.31846]]]},"properties":{"hoanrinKind":"保安林"}},
{"type":"Feature","geometry":{"type":"Polygon","coordinates":[[[129.37108,28.29658],[129.37091,28.29951],[129.36957,28.30057],[129.36825,28.30267],[129.36726,28.30341],[129.36836,28.30458],[129.36878,28.30615],[129.3674,28.30764],[129.36607,28.30733],[129.36451,28.30557],[129.36296,28.30549],[129.36136,28.30711],[129.36237,28.30819],[129.36325,28.31001],[129.36302,28.31182],[129.36367,28.31349],[129.36658,28.31883],[129.36885,28.31947],[129.37019,28.32036],[129.37292,28.32332],[129.37485,28.32379],[129.37646,28.32312],[129.37855,28.32473],[129.37839,28.32629],[129.3776,28.3272],[129.37564,28.32842],[129.37374,28.32827],[129.37266,28.32871],[129.37108,28.32796],[129.37063,28.33059],[129.36995,28.33136],[129.36774,28.3315],[129.36628,28.33312],[129.36541,28.33558],[129.36395,28.33706],[129.3605,28.33449],[129.35762,28.33517],[129.35557,28.33376],[129.35513,28.33575],[129.35336,28.33659],[129.35285,28.33627],[129.35325,28.33401],[129.3516,28.3358],[129.35138,28.33705],[129.35008,28.33694],[129.35005,28.336],[129.35091,28.33426],[129.34974,28.33421],[129.34761,28.33683],[129.34591,28.33695],[129.3469,28.3392],[129.34584,28.3414],[129.34392,28.34187],[129.34239,28.34093],[129.34116,28.33938],[129.3388,28.33768],[129.33743,28.33768],[129.33586,28.33564],[129.33503,28.33523],[129.33504,28.33293],[129.3379,28.33179],[129.33903,28.33329],[129.33783,28.33409],[129.3391,28.33518],[129.33977,28.33309],[129.33941,28.33191],[129.34084,28.33064],[129.34059,28.32661],[129.33943,28.32645],[129.33704,28.32695],[129.33438,28.32457],[129.33498,28.32303],[129.33609,28.3216],[129.33769,28.32024],[129.33887,28.32109],[129.34247,28.31931],[129.34274,28.31817],[129.34367,28.31731],[129.34718,28.31758],[129.34958,28.31587],[129.34932,28.31504],[129.34705,28.31553],[129.34403,28.31499],[129.34194,28.31536],[129.34208,28.31621],[129.34008,28.31731],[129.34095,28.31795],[129.33887,28.3191],[129.33776,28.31875],[129.33731,28.31647],[129.33895,28.31606],[129.34166,28.31484],[129.34215,28.31253],[129.34159,28.31155],[129.34258,28.30929],[129.34424,28.31068],[129.3454,28.30979],[129.34681,28.30998],[129.34626,28.30814],[129.34429,28.3086],[129.34228,28.30799],[129.34055,28.30856],[129.34016,28.30781],[129.33851,28.30775],[129.33729,28.30716],[129.33582,28.30492],[129.33535,28.30368],[129.33619,28.30258],[129.33469,28.30157],[129.33431,28.30025],[129.33534,28.29935],[129.33439,28.29847],[129.33488,28.29719],[129.33243,28.29794],[129.33102,28.29602],[129.32563,28.29563],[129.32231,28.29567],[129.31988,28.29675],[129.31784,28.29613],[129.31612,28.29734],[129.31509,28.29883],[129.31465,28.30026],[129.31306,28.30047],[129.31189,28.30143],[129.31146,28.30306],[129.31019,28.3047],[129.30956,28.30608],[129.30757,28.30543],[129.3083,28.30361],[129.31008,28.3023],[129.31081,28.30124],[129.31118,28.29861],[129.30944,28.29643],[129.30945,28.29448],[129.31139,28.29434],[129.31397,28.29254],[129.31587,28.29305],[129.31758,28.29286],[129.31899,28.29155],[129.31731,28.28936],[129.31736,28.28752],[129.32107,28.28814],[129.32246,28.28975],[129.32282,28.29128],[129.32454,28.29218],[129.32529,28.29112],[129.32654,28.29215],[129.32742,28.292],[129.32883,28.29311],[129.33007,28.29207],[129.33182,28.29196],[129.33202,28.29354],[129.33322,28.29455],[129.3359,28.29533],[129.33626,28.29434],[129.33819,28.29397],[129.33941,28.29466],[129.34097,28.29384],[129.34302,28.29471],[129.344,28.29465],[129.34496,28.29287],[129.34648,28.29286],[129.34986,28.28996],[129.3531,28.29129],[129.35472,28.29165],[129.3556,28.29322],[129.35792,28.29454],[129.35913,28.29673],[129.35998,28.2972],[129.36257,28.29637],[129.36408,28.29638],[129.36795,28.29741],[129.37081,28.29662],[129.37108,28.29658]],[[129.33983,28.32439],[129.34031,28.32476],[129.34233,28.32468],[129.34427,28.32304],[129.34543,28.32544],[129.34744,28.32699],[129.34747,28.3288],[129.34603,28.32957],[129.34481,28.32737],[129.34328,28.32734],[129.34401,28.33013],[129.34334,28.33199],[129.34465,28.3335],[129.34419,28.33517],[129.34551,28.335],[129.34592,28.33398],[129.34706,28.33439],[129.34842,28.3332],[129.3495,28.33164],[129.35118,28.33046],[129.35157,28.32897],[129.34907,28.32554],[129.34756,28.32448],[129.34756,28.32249],[129.34862,28.32073],[129.34852,28.31986],[129.34664,28.31925],[129.34506,28.31919],[129.34305,28.31973],[129.34191,28.3213],[129.3403,28.32142],[129.34046,28.32295],[129.33983,28.32439]],[[129.34021,28.33568],[129.34104,28.33677],[129.34197,28.3354],[129.34138,28.33421],[129.34053,28.33444],[129.34021,28.33568]]]},"properties":{"hoanrinKind":"保安林"}},
{"type":"Feature","geometry":{"type":"Polygon","coordinates":[[[128.93803,27.69673],[128.93945,27.69567],[128.94034,27.69719],[128.9413,27.6971],[128.93965,27.69499],[128.94098,27.69428],[128.9432,27.69519],[128.94462,27.69513],[128.94459,27.69601],[128.94619,27.69595],[128.94648,27.69492],[128.94936,27.69523],[128.95117,27.69663],[128.95162,27.69525],[128.9528,27.69577],[128.95469,27.69476],[128.95722,27.69588],[128.95783,27.69698],[128.96097,27.69914],[128.96164,27.7013],[128.96374,27.70197],[128.96317,27.70281],[128.96177,27.70257],[128.96183,27.70416],[128.96095,27.70457],[128.95845,27.7033],[128.95887,27.70468],[128.96019,27.70519],[128.96324,27.70723],[128.96405,27.70869],[128.96241,27.71006],[128.96249,27.71074],[128.96415,27.71081],[128.96553,27.71014],[128.96726,27.71007],[128.96569,27.70872],[128.96529,27.70706],[128.96886,27.70799],[128.9703,27.70793],[128.97189,27.70881],[128.97021,27.71152],[128.97235,27.71314],[128.97253,27.71424],[128.97125,27.71472],[128.97078,27.71666],[128.96781,27.7167],[128.96635,27.71464],[128.96449,27.71367],[128.96315,27.71179],[128.9615,27.71037],[128.96128,27.70857],[128.95968,27.70735],[128.96093,27.7067],[128.95995,27.70567],[128.95762,27.70564],[128.95659,27.70246],[128.9549,27.70186],[128.95395,27.70341],[128.95423,27.70469],[128.95328,27.70488],[128.95195,27.70694],[128.95,27.70745],[128.94987,27.70489],[128.95082,27.70387],[128.94885,27.70233],[128.94455,27.70402],[128.94355,27.70258],[128.94404,27.70182],[128.94314,27.7005],[128.94092,27.69898],[128.93862,27.69824],[128.93803,27.69673]]]},"properties":{"hoanrinKind":"保安林"}},
{"type":"Feature","geometry":{"type":"Polygon","coordinates":[[[128.9614,27.72248],[128.96247,27.72274],[128.963,27.72072],[128.96824,27.72107],[128.96935,27.72],[128.97036,27.7213],[128.97018,27.72256],[128.972,27.72381],[128.97215,27.7252],[128.9716,27.7277],[128.97063,27.7281],[128.9687,27.72783],[128.96809,27.72731],[128.96735,27.72468],[128.96561,27.72357],[128.96516,27.72399],[128.96231,27.72356],[128.9614,27.72248]]]},"properties":{"hoanrinKind":"保安林"}},
{"type":"Feature","geometry":{"type":"Polygon","coordinates":[[[128.9256,27.74487],[128.92721,27.74469],[128.92734,27.74335],[128.92896,27.74308],[128.92917,27.74226],[128.92778,27.74055],[128.93012,27.73867],[128.93242,27.73814],[128.93293,27.73719],[128.93534,27.73748],[128.9375,27.73718],[128.93818,27.73594],[128.93973,27.73477],[128.9417,27.73546],[128.94333,27.73471],[128.94367,27.73242],[128.94302,27.73101],[128.94524,27.72923],[128.94522,27.72768],[128.94681,27.72651],[128.94678,27.72512],[128.94735,27.72344],[128.95058,27.72375],[128.95171,27.7249],[128.95186,27.72612],[128.95342,27.72775],[128.95556,27.72939],[128.96068,27.7289],[128.96088,27.73099],[128.96302,27.73229],[128.96498,27.73248],[128.96526,27.73325],[128.96242,27.7348],[128.95965,27.73412],[128.95951,27.73654],[128.95603,27.73854],[128.95334,27.7395],[128.94908,27.74018],[128.94696,27.74018],[128.94523,27.73979],[128.94441,27.74176],[128.94434,27.7453],[128.9446,27.7473],[128.94197,27.74824],[128.94104,27.74721],[128.93819,27.74713],[128.93626,27.74856],[128.93411,27.74805],[128.9315,27.74578],[128.93018,27.74552],[128.9293,27.74599],[128.92756,27.74596],[128.9256,27.74543],[128.9256,27.74487]]]},"properties":{"hoanrinKind":"保安林"}},
{"type":"Feature","geometry":{"type":"Polygon","coordinates":[[[128.99953,27.76382],[129.00029,27.7638],[129.00235,27.76545],[129.00332,27.76565],[129.00358,27.76733],[129.00161,27.76629],[129.00146,27.76524],[128.99953,27.76382]]]},"properties":{"hoanrinKind":"保安林"}},
{"type":"Feature","geometry":{"type":"Polygon","coordinates":[[[128.92106,27.81411],[128.92234,27.81172],[128.92311,27.81108],[128.92503,27.81067],[128.92538,27.80854],[128.92716,27.80746],[128.92769,27.80623],[128.92593,27.80441],[128.92559,27.80343],[128.92788,27.80341],[128.92953,27.80239],[128.93053,27.80023],[128.93022,27.79839],[128.93134,27.79823],[128.93418,27.79962],[128.93536,27.79971],[128.93661,27.79895],[128.93897,27.79827],[128.93932,27.79647],[128.93787,27.79622],[128.93798,27.79461],[128.93927,27.79493],[128.94145,27.79416],[128.94346,27.79499],[128.94486,27.79465],[128.94566,27.79553],[128.94698,27.79588],[128.94724,27.79736],[128.94858,27.79604],[128.94979,27.79631],[128.95014,27.79874],[128.95318,27.79915],[128.95194,27.80003],[128.94934,27.80065],[128.94664,27.80075],[128.94399,27.80035],[128.94426,27.80122],[128.94693,27.80289],[128.94815,27.80485],[128.9506,27.80595],[128.94964,27.80698],[128.95055,27.80816],[128.94981,27.80961],[128.94977,27.81108],[128.95259,27.81236],[128.95332,27.81357],[128.95493,27.81441],[128.95511,27.81583],[128.95651,27.81735],[128.95691,27.81892],[128.95772,27.82031],[128.95578,27.82022],[128.95585,27.82123],[128.95445,27.82123],[128.95357,27.82028],[128.95176,27.82089],[128.94953,27.82033],[128.94799,27.8204],[128.94607,27.82128],[128.94306,27.82119],[128.94183,27.82174],[128.94094,27.82147],[128.9384,27.82169],[128.9386,27.82382],[128.93448,27.82251],[128.93308,27.82156],[128.93,27.82133],[128.9299,27.8197],[128.92777,27.81787],[128.92624,27.81734],[128.92551,27.81649],[128.92551,27.81531],[128.92804,27.81295],[128.92703,27.81284],[128.92577,27.81346],[128.92475,27.81495],[128.92339,27.81521],[128.92137,27.81498],[128.92106,27.81411]],[[128.93128,27.81582],[128.93176,27.81754],[128.93138,27.82018],[128.93537,27.81945],[128.93356,27.8181],[128.9335,27.81731],[128.93182,27.81675],[128.93151,27.8149],[128.93173,27.81342],[128.93311,27.81381],[128.93398,27.81314],[128.93546,27.81314],[128.93708,27.81266],[128.93999,27.81224],[128.94097,27.81235],[128.941,27.81077],[128.94229,27.80889],[128.94248,27.80667],[128.9414,27.80357],[128.94205,27.80164],[128.94032,27.80071],[128.93904,27.80122],[128.9389,27.80314],[128.93954,27.80415],[128.94115,27.80469],[128.94163,27.80549],[128.93802,27.80746],[128.93707,27.80861],[128.93755,27.81058],[128.93562,27.81093],[128.93445,27.81203],[128.93219,27.8126],[128.93156,27.8134],[128.93128,27.81582]]]},"properties":{"hoanrinKind":"保安林"}},
{"type":"Feature","geometry":{"type":"Polygon","coordinates":[[[128.45215,27.03745],[128.45271,27.03404],[128.45446,27.0328],[128.45391,27.03555],[128.45356,27.03868],[128.45219,27.03837],[128.45215,27.03745]]]},"properties":{"hoanrinKind":"保安林"}},
{"type":"Feature","geometry":{"type":"Polygon","coordinates":[[[130.20066,31.29546],[130.20253,31.29279],[130.20365,31.29262],[130.20411,31.29373],[130.20217,31.29427],[130.20264,31.29572],[130.20066,31.29546]]]},"properties":{"hoanrinKind":"保安林"}},
{"type":"Feature","geometry":{"type":"Polygon","coordinates":[[[130.29498,31.42996],[130.29674,31.42903],[130.2987,31.42927],[130.30038,31.43027],[130.30168,31.43252],[130.30198,31.43432],[130.30015,31.4377],[130.2997,31.44008],[130.2976,31.44031],[130.29618,31.43774],[130.29901,31.43606],[130.29702,31.43375],[130.29599,31.43075],[130.29498,31.42996]]]},"properties":{"hoanrinKind":"保安林"}},
{"type":"Feature","geometry":{"type":"Polygon","coordinates":[[[130.99011,31.74946],[130.99088,31.74773],[130.99341,31.74778],[130.99181,31.74954],[130.99011,31.74946]]]},"properties":{"hoanrinKind":"保安林"}},
{"type":"Feature","geometry":{"type":"Polygon","coordinates":[[[129.92377,31.82117],[129.9242,31.82019],[129.92556,31.81985],[129.92726,31.82088],[129.93043,31.82488],[129.92964,31.82522],[129.92773,31.82349],[129.92719,31.82391],[129.92545,31.82352],[129.92514,31.8227],[129.92382,31.82207],[129.92377,31.82117]]]},"properties":{"hoanrinKind":"保安林"}},
{"type":"Feature","geometry":{"type":"Polygon","coordinates":[[[130.4501,32.11304],[130.45089,32.11221],[130.45331,32.11175],[130.45223,32.11315],[130.45054,32.11377],[130.4501,32.11304]]]},"properties":{"hoanrinKind":"保安林"}},
{"type":"Feature","geometry":{"type":"Polygon","coordinates":[[[130.47555,32.12877],[130.47639,32.12709],[130.47556,32.12428],[130.47601,32.12251],[130.47867,32.12099],[130.48097,32.11893],[130.48221,32.11933],[130.48362,32.11805],[130.48522,32.1184],[130.48566,32.11683],[130.48435,32.1162],[130.48296,32.11269],[130.48356,32.11115],[130.48764,32.10985],[130.48922,32.10761],[130.49326,32.10554],[130.494,32.10493],[130.49421,32.1033],[130.49326,32.09857],[130.49258,32.09717],[130.49522,32.09596],[130.49721,32.09473],[130.49852,32.09455],[130.49915,32.09568],[130.50202,32.0943],[130.50367,32.09602],[130.50539,32.09672],[130.50719,32.09631],[130.50749,32.09472],[130.50983,32.09613],[130.51216,32.09611],[130.51397,32.09483],[130.51645,32.09486],[130.5177,32.09427],[130.52056,32.09367],[130.52635,32.09362],[130.52539,32.09086],[130.52693,32.08959],[130.5285,32.08965],[130.52895,32.08796],[130.53093,32.08794],[130.53194,32.08975],[130.53176,32.09083],[130.53296,32.09121],[130.5363,32.0912],[130.53816,32.09158],[130.54214,32.09173],[130.54361,32.09235],[130.54548,32.09241],[130.54512,32.0907],[130.54316,32.08777],[130.54566,32.08833],[130.54781,32.08795],[130.54927,32.08655],[130.54882,32.08582],[130.55038,32.08513],[130.55235,32.08588],[130.55311,32.08708],[130.55468,32.08743],[130.55612,32.09132],[130.55872,32.0914],[130.55772,32.09312],[130.5606,32.09364],[130.56029,32.09452],[130.56057,32.09631],[130.5601,32.09752],[130.56189,32.0975],[130.5631,32.09853],[130.56636,32.09967],[130.5641,32.1002],[130.56214,32.10011],[130.56124,32.0996],[130.55784,32.0999],[130.55309,32.10194],[130.55173,32.10185],[130.5507,32.10115],[130.54639,32.09931],[130.54183,32.09944],[130.53797,32.09776],[130.53475,32.09767],[130.53191,32.09828],[130.52978,32.09753],[130.52842,32.09818],[130.52697,32.09822],[130.52668,32.09714],[130.52456,32.09704],[130.52258,32.09784],[130.52331,32.09878],[130.52486,32.09796],[130.52703,32.09866],[130.52828,32.09867],[130.52936,32.09986],[130.53201,32.1002],[130.53286,32.09989],[130.53447,32.10081],[130.53744,32.10133],[130.53847,32.10076],[130.54305,32.10183],[130.54452,32.10195],[130.54547,32.10337],[130.54678,32.1037],[130.54853,32.10233],[130.54973,32.10216],[130.55109,32.10314],[130.55275,32.10317],[130.55503,32.1026],[130.55398,32.10418],[130.5532,32.10443],[130.55209,32.10626],[130.55369,32.1063],[130.5558,32.10695],[130.55779,32.10843],[130.5559,32.11022],[130.55435,32.11042],[130.55384,32.11155],[130.55665,32.11141],[130.55698,32.11062],[130.56022,32.11013],[130.56099,32.11031],[130.55652,32.11364],[130.55521,32.11427],[130.55341,32.11401],[130.55206,32.11424],[130.55143,32.11502],[130.54801,32.11439],[130.5461,32.11532],[130.54382,32.11529],[130.54263,32.11449],[130.54152,32.11529],[130.53942,32.11546],[130.53861,32.11442],[130.53641,32.11578],[130.5335,32.11524],[130.53272,32.11418],[130.53042,32.11498],[130.52806,32.11448],[130.52746,32.11551],[130.53038,32.11647],[130.53486,32.11708],[130.53467,32.11865],[130.53787,32.11781],[130.53654,32.12037],[130.53428,32.12304],[130.53576,32.12485],[130.53677,32.12737],[130.53836,32.12803],[130.54121,32.12738],[130.5411,32.12535],[130.54165,32.1234],[130.53991,32.12202],[130.54055,32.11992],[130.54293,32.11924],[130.54502,32.12033],[130.54555,32.11935],[130.54742,32.11842],[130.5482,32.11557],[130.54986,32.11701],[130.55264,32.11704],[130.55269,32.11806],[130.55578,32.11872],[130.55652,32.11944],[130.55689,32.12232],[130.55587,32.12417],[130.55845,32.12581],[130.55854,32.12304],[130.55742,32.12104],[130.55822,32.1199],[130.55744,32.11748],[130.55847,32.11728],[130.55971,32.11603],[130.56125,32.11597],[130.56198,32.11512],[130.56044,32.11473],[130.56025,32.11333],[130.56188,32.11273],[130.56392,32.11005],[130.56422,32.11072],[130.5626,32.1141],[130.56354,32.11563],[130.56224,32.11726],[130.5637,32.11875],[130.56241,32.1197],[130.56263,32.1217],[130.56481,32.12188],[130.56609,32.12004],[130.5669,32.1199],[130.568,32.1209],[130.56743,32.12261],[130.56938,32.12359],[130.56983,32.12488],[130.57128,32.12458],[130.57282,32.12534],[130.57165,32.12813],[130.5696,32.12746],[130.5691,32.12903],[130.56643,32.13044],[130.56536,32.13139],[130.56645,32.13438],[130.56769,32.13574],[130.56749,32.13638],[130.56597,32.1371],[130.56453,32.13897],[130.56698,32.13992],[130.56874,32.14109],[130.57106,32.14128],[130.57161,32.14004],[130.57059,32.13933],[130.57082,32.13787],[130.57372,32.13838],[130.57484,32.13794],[130.57618,32.13889],[130.57631,32.13973],[130.57478,32.14227],[130.57442,32.14364],[130.5747,32.14482],[130.57691,32.14508],[130.57832,32.14396],[130.58008,32.1434],[130.57996,32.14208],[130.5786,32.14097],[130.57827,32.13943],[130.57735,32.1382],[130.57553,32.137],[130.57564,32.1364],[130.5746,32.13466],[130.57424,32.13334],[130.57599,32.13121],[130.57762,32.13177],[130.58242,32.13123],[130.58122,32.12662],[130.58305,32.12639],[130.5873,32.12725],[130.59032,32.13034],[130.59201,32.13152],[130.59179,32.13248],[130.59329,32.13329],[130.59402,32.13426],[130.59408,32.13604],[130.59309,32.13678],[130.59294,32.13939],[130.59435,32.14031],[130.59653,32.14351],[130.60033,32.14557],[130.59925,32.14347],[130.5989,32.14081],[130.59908,32.13829],[130.59833,32.13729],[130.59669,32.13708],[130.59578,32.13648],[130.59584,32.13492],[130.5953,32.13342],[130.59296,32.12981],[130.59208,32.12887],[130.58983,32.12743],[130.58747,32.12521],[130.58606,32.12481],[130.58391,32.12519],[130.58128,32.12493],[130.57962,32.12526],[130.57821,32.12491],[130.57639,32.12392],[130.57452,32.12139],[130.57371,32.11983],[130.57461,32.11919],[130.57638,32.1203],[130.5778,32.11841],[130.57944,32.11833],[130.58154,32.11902],[130.58295,32.12046],[130.58391,32.12082],[130.58568,32.12069],[130.58647,32.11938],[130.58817,32.11774],[130.58812,32.1168],[130.58656,32.11587],[130.58453,32.11552],[130.58431,32.11492],[130.58222,32.11336],[130.58162,32.11239],[130.58223,32.11157],[130.5819,32.11063],[130.58353,32.10889],[130.58444,32.11056],[130.58562,32.1115],[130.58659,32.11153],[130.58706,32.11032],[130.58844,32.10896],[130.59064,32.10965],[130.59294,32.11149],[130.59116,32.10775],[130.59172,32.10655],[130.59258,32.10659],[130.59412,32.10775],[130.59479,32.10745],[130.59684,32.10926],[130.59888,32.1093],[130.59945,32.11036],[130.59954,32.11212],[130.5959,32.11178],[130.59477,32.11231],[130.59415,32.11525],[130.59643,32.11767],[130.59738,32.11827],[130.59876,32.11815],[130.60018,32.11895],[130.60134,32.11572],[130.60215,32.11509],[130.60131,32.11244],[130.60443,32.11329],[130.60606,32.11331],[130.60721,32.11602],[130.60917,32.11673],[130.61084,32.11829],[130.60983,32.11963],[130.60817,32.12029],[130.60644,32.12152],[130.60665,32.12274],[130.60571,32.12318],[130.6063,32.12531],[130.60934,32.12889],[130.61145,32.12856],[130.61568,32.12911],[130.61705,32.12669],[130.61677,32.12529],[130.61559,32.12338],[130.61368,32.11956],[130.61238,32.11968],[130.61096,32.11769],[130.61322,32.11776],[130.61081,32.1152],[130.60791,32.11386],[130.60726,32.1124],[130.60906,32.11078],[130.60917,32.10971],[130.60734,32.10959],[130.60558,32.10893],[130.60394,32.10986],[130.60383,32.10802],[130.60618,32.10638],[130.60878,32.10736],[130.61219,32.10671],[130.61582,32.10966],[130.61689,32.11001],[130.61829,32.1121],[130.61904,32.11183],[130.62255,32.1124],[130.62543,32.11224],[130.62635,32.11378],[130.63028,32.11536],[130.63207,32.11526],[130.63278,32.11569],[130.63386,32.1148],[130.63487,32.11541],[130.63694,32.11548],[130.6379,32.11626],[130.64177,32.11779],[130.64287,32.1195],[130.64404,32.12048],[130.64519,32.12056],[130.64686,32.12285],[130.64879,32.12259],[130.65034,32.12294],[130.65219,32.12259],[130.6531,32.12133],[130.65031,32.11837],[130.65003,32.11713],[130.65053,32.11578],[130.65314,32.11683],[130.65333,32.11415],[130.65406,32.11343],[130.65562,32.11389],[130.65629,32.1133],[130.65603,32.11185],[130.65887,32.11154],[130.65728,32.10931],[130.65579,32.10837],[130.65746,32.10681],[130.65626,32.10665],[130.65652,32.10537],[130.65547,32.10499],[130.65317,32.10498],[130.65143,32.10641],[130.65119,32.10772],[130.64884,32.10821],[130.64746,32.10764],[130.64591,32.10832],[130.6452,32.10757],[130.6448,32.10549],[130.64511,32.10449],[130.64492,32.10215],[130.64695,32.10133],[130.64905,32.10171],[130.64823,32.10008],[130.64899,32.09913],[130.6497,32.09719],[130.64952,32.0958],[130.6465,32.0956],[130.64161,32.09553],[130.63974,32.09443],[130.63779,32.09392],[130.63512,32.09202],[130.63283,32.08951],[130.63457,32.08855],[130.63642,32.0859],[130.63741,32.08575],[130.63752,32.08717],[130.63991,32.09058],[130.64216,32.0915],[130.6436,32.09495],[130.64417,32.09472],[130.64401,32.09305],[130.64515,32.09212],[130.64461,32.09091],[130.64252,32.09055],[130.64125,32.08942],[130.64021,32.08935],[130.63902,32.08804],[130.63832,32.08618],[130.64021,32.08598],[130.64199,32.08775],[130.64254,32.08723],[130.64188,32.08588],[130.64476,32.08676],[130.64777,32.08843],[130.64862,32.09089],[130.65002,32.0897],[130.64843,32.08918],[130.6476,32.08793],[130.64388,32.08551],[130.6421,32.08509],[130.64259,32.08321],[130.6405,32.08113],[130.64462,32.08213],[130.64834,32.08198],[130.64929,32.08138],[130.65218,32.08031],[130.65171,32.07938],[130.65258,32.07819],[130.65548,32.07732],[130.65832,32.07719],[130.65931,32.07646],[130.66088,32.07349],[130.66172,32.07479],[130.663,32.07536],[130.66529,32.07571],[130.66593,32.07679],[130.66709,32.07669],[130.66818,32.07758],[130.66956,32.07703],[130.66873,32.07587],[130.66932,32.07483],[130.66785,32.0746],[130.66646,32.07267],[130.66777,32.07181],[130.66578,32.07086],[130.66742,32.07006],[130.66481,32.06877],[130.66563,32.06782],[130.6701,32.06711],[130.67058,32.06668],[130.67284,32.06699],[130.67451,32.0686],[130.67288,32.06968],[130.67361,32.07025],[130.67506,32.06964],[130.67617,32.0704],[130.67505,32.07255],[130.67625,32.07318],[130.67716,32.07209],[130.67639,32.07136],[130.67641,32.06994],[130.67532,32.06864],[130.67561,32.06699],[130.675,32.06431],[130.67337,32.06265],[130.67332,32.06419],[130.67173,32.06357],[130.67183,32.0624],[130.67018,32.06171],[130.66888,32.06217],[130.66853,32.06116],[130.67057,32.06131],[130.67245,32.05893],[130.67269,32.05777],[130.6737,32.05709],[130.67537,32.05736],[130.67725,32.05929],[130.67743,32.05724],[130.68014,32.05681],[130.68169,32.05731],[130.68202,32.05591],[130.68362,32.05491],[130.6833,32.05408],[130.68382,32.05279],[130.68044,32.05401],[130.67976,32.0546],[130.6777,32.05524],[130.67803,32.05289],[130.67667,32.05263],[130.67598,32.05327],[130.67446,32.05307],[130.67406,32.05216],[130.67728,32.0504],[130.6776,32.04919],[130.67609,32.04808],[130.67853,32.04797],[130.68111,32.04693],[130.68128,32.04849],[130.68264,32.04942],[130.68422,32.04993],[130.68564,32.0495],[130.68866,32.0499],[130.68843,32.04902],[130.68897,32.04775],[130.68766,32.04653],[130.68766,32.04579],[130.6887,32.04395],[130.68863,32.04191],[130.68909,32.04018],[130.69303,32.03897],[130.69009,32.03888],[130.68765,32.03637],[130.68838,32.03361],[130.68729,32.03206],[130.68495,32.03197],[130.68497,32.03091],[130.68712,32.02976],[130.68648,32.02835],[130.68783,32.02757],[130.68913,32.02546],[130.69195,32.02628],[130.69258,32.02543],[130.69061,32.02339],[130.6886,32.02267],[130.68587,32.02258],[130.68408,32.02145],[130.683,32.01899],[130.68154,32.01904],[130.68082,32.0182],[130.6816,32.01731],[130.68362,32.01663],[130.68642,32.01701],[130.68601,32.01551],[130.68687,32.01476],[130.68956,32.01495],[130.69082,32.01374],[130.69264,32.01279],[130.69176,32.01114],[130.68988,32.01058],[130.68845,32.00916],[130.68399,32.00841],[130.68332,32.00803],[130.68401,32.00463],[130.68569,32.00406],[130.68707,32.00237],[130.68578,32.00114],[130.68647,32.00024],[130.68822,31.99928],[130.68732,31.99652],[130.6877,31.99584],[130.69059,31.99502],[130.69284,31.99486],[130.69449,31.99583],[130.69595,31.99732],[130.69755,31.9979],[130.69984,31.99756],[130.70314,31.99848],[130.70465,31.99823],[130.70521,31.9974],[130.70476,31.99634],[130.7022,31.99438],[130.70076,31.99196],[130.70064,31.9907],[130.70208,31.99117],[130.70325,31.99028],[130.70282,31.9895],[130.70425,31.98665],[130.70849,31.98911],[130.71124,31.98992],[130.7122,31.99112],[130.70913,31.99302],[130.70722,31.99308],[130.70581,31.99385],[130.70637,31.99514],[130.70817,31.99521],[130.71196,31.99696],[130.71315,31.99661],[130.71346,31.99532],[130.71456,31.99369],[130.71279,31.99185],[130.71434,31.98902],[130.71677,31.98823],[130.72179,31.98745],[130.72223,31.98967],[130.72076,31.99103],[130.71883,31.9912],[130.71728,31.99351],[130.71745,31.9959],[130.71945,31.99689],[130.7219,31.99606],[130.7238,31.99629],[130.72573,31.99481],[130.72622,31.99316],[130.72513,31.99266],[130.72555,31.99134],[130.72708,31.98981],[130.72827,31.98923],[130.72829,31.98798],[130.72963,31.98679],[130.73134,31.98655],[130.73235,31.98563],[130.73327,31.98315],[130.73601,31.98256],[130.73782,31.98406],[130.73878,31.98569],[130.73912,31.98805],[130.73683,31.99017],[130.73667,31.99168],[130.73386,31.99163],[130.73354,31.99275],[130.73202,31.99344],[130.73023,31.99268],[130.73068,31.99425],[130.72858,31.99486],[130.72788,31.99642],[130.72939,31.99614],[130.73071,31.99691],[130.72954,31.99781],[130.72822,31.99742],[130.72459,31.99777],[130.72377,31.99881],[130.72423,32.00005],[130.72561,32.00087],[130.72463,32.00161],[130.72342,32.00162],[130.72324,32.00307],[130.72524,32.00519],[130.7253,32.00674],[130.72349,32.00731],[130.7226,32.00695],[130.72006,32.00697],[130.71852,32.00766],[130.71841,32.00907],[130.71911,32.01066],[130.71672,32.01018],[130.71729,32.01184],[130.71919,32.01232],[130.7192,32.01071],[130.7209,32.01064],[130.72271,32.01323],[130.72525,32.01352],[130.72746,32.01285],[130.72872,32.0131],[130.72865,32.01443],[130.73057,32.01504],[130.73261,32.01492],[130.73325,32.0164],[130.73166,32.01656],[130.72849,32.01616],[130.72882,32.01724],[130.7308,32.01745],[130.7315,32.01867],[130.72975,32.02126],[130.73111,32.02197],[130.73009,32.024],[130.72807,32.02514],[130.72655,32.02524],[130.72442,32.02241],[130.72357,32.02198],[130.72086,32.02311],[130.72175,32.02473],[130.7243,32.02645],[130.72449,32.02852],[130.72612,32.0285],[130.72875,32.02991],[130.72895,32.03138],[130.72299,32.03363],[130.72344,32.03414],[130.72648,32.03388],[130.72699,32.03526],[130.7259,32.03747],[130.72614,32.03981],[130.73002,32.03862],[130.73142,32.03776],[130.7327,32.03897],[130.73221,32.03986],[130.73353,32.04066],[130.7345,32.04358],[130.73491,32.04575],[130.73579,32.04569],[130.73796,32.04654],[130.73789,32.04725],[130.73556,32.0482],[130.70391,32.05771],[130.70338,32.05855],[130.70355,32.07197],[130.70356,32.07718],[130.70453,32.07874],[130.70573,32.07991],[130.70784,32.08069],[130.71231,32.08168],[130.71381,32.08304],[130.71427,32.08454],[130.71599,32.08569],[130.71675,32.08786],[130.71776,32.08875],[130.71723,32.08994],[130.71726,32.09258],[130.71792,32.09318],[130.71794,32.09475],[130.71917,32.09562],[130.72124,32.09869],[130.7206,32.1008],[130.71908,32.10121],[130.71803,32.10201],[130.71631,32.10241],[130.71504,32.10367],[130.71406,32.10397],[130.71127,32.10393],[130.70906,32.10484],[130.7083,32.10555],[130.70595,32.10618],[130.7023,32.10581],[130.69907,32.107],[130.69803,32.10836],[130.69575,32.11018],[130.69381,32.11096],[130.69282,32.11221],[130.69121,32.11336],[130.69011,32.11503],[130.68602,32.11727],[130.68389,32.11865],[130.68293,32.11881],[130.68039,32.12133],[130.677,32.12393],[130.676,32.12377],[130.67289,32.12462],[130.6731,32.12568],[130.67203,32.12704],[130.67072,32.12799],[130.67044,32.12893],[130.66793,32.12852],[130.66716,32.12802],[130.66462,32.12987],[130.66405,32.13142],[130.66264,32.13278],[130.66128,32.13244],[130.65882,32.13323],[130.65688,32.1349],[130.65501,32.13568],[130.65438,32.13756],[130.65522,32.13903],[130.65531,32.14125],[130.65412,32.14258],[130.65406,32.14537],[130.65262,32.14625],[130.65259,32.14984],[130.65164,32.15127],[130.6487,32.1514],[130.64687,32.15217],[130.64326,32.15242],[130.64125,32.15192],[130.63917,32.15325],[130.63892,32.15405],[130.63683,32.15493],[130.63436,32.15392],[130.63111,32.15605],[130.62932,32.15578],[130.62834,32.15627],[130.62544,32.15645],[130.6227,32.15606],[130.62197,32.15811],[130.62118,32.15918],[130.61973,32.15978],[130.61896,32.16224],[130.61756,32.16302],[130.61677,32.1662],[130.61468,32.16756],[130.6149,32.16822],[130.6168,32.16885],[130.61724,32.1701],[130.61641,32.1718],[130.61669,32.17375],[130.61581,32.17411],[130.61532,32.17619],[130.61363,32.17723],[130.61326,32.17912],[130.61237,32.18126],[130.61282,32.18228],[130.61202,32.18426],[130.61047,32.18666],[130.60861,32.18739],[130.6054,32.18653],[130.60323,32.1875],[130.59967,32.18657],[130.59497,32.18636],[130.59355,32.18658],[130.59172,32.18596],[130.59301,32.18479],[130.59517,32.1835],[130.59518,32.18187],[130.59629,32.18061],[130.59578,32.1794],[130.59674,32.17592],[130.59579,32.17553],[130.59345,32.17359],[130.5929,32.17259],[130.59174,32.17186],[130.59166,32.17108],[130.58899,32.16783],[130.58791,32.16474],[130.58661,32.16293],[130.58676,32.16099],[130.58406,32.15932],[130.58267,32.15651],[130.58268,32.15491],[130.5805,32.15422],[130.57824,32.15512],[130.57514,32.15457],[130.57309,32.15495],[130.5717,32.15471],[130.57028,32.15376],[130.56953,32.15411],[130.56589,32.15445],[130.56278,32.15518],[130.5596,32.15396],[130.5575,32.15415],[130.55549,32.1532],[130.55174,32.15179],[130.55016,32.15164],[130.54941,32.15033],[130.54779,32.15017],[130.5461,32.14935],[130.5446,32.14963],[130.54227,32.14956],[130.5412,32.14676],[130.54248,32.14525],[130.5427,32.14432],[130.54139,32.14325],[130.54069,32.14088],[130.53969,32.13963],[130.54024,32.13741],[130.53751,32.13731],[130.53375,32.13769],[130.53165,32.13668],[130.52996,32.1366],[130.52725,32.13714],[130.5252,32.13585],[130.52074,32.13524],[130.51724,32.13588],[130.51621,32.13633],[130.51408,32.13812],[130.51026,32.14018],[130.50921,32.14052],[130.50544,32.14065],[130.50492,32.13951],[130.5032,32.13849],[130.50084,32.13656],[130.49908,32.13547],[130.49782,32.13589],[130.49622,32.1352],[130.49434,32.13496],[130.49237,32.1337],[130.48699,32.13528],[130.4866,32.1372],[130.48234,32.1396],[130.48038,32.13972],[130.4769,32.13899],[130.4762,32.13743],[130.47724,32.1346],[130.47642,32.13288],[130.47666,32.13159],[130.47555,32.12877]],[[130.49264,32.11886],[130.4941,32.11938],[130.49484,32.1182],[130.494,32.11766],[130.49264,32.11886]],[[130.49567,32.12607],[130.49816,32.12668],[130.49776,32.12856],[130.49951,32.12883],[130.50137,32.12475],[130.49584,32.12574],[130.49567,32.12607]],[[130.50541,32.12013],[130.50624,32.12234],[130.50739,32.12279],[130.50856,32.12202],[130.51036,32.12208],[130.51146,32.1229],[130.51259,32.1223],[130.51547,32.12205],[130.51582,32.12085],[130.5152,32.12025],[130.51509,32.11856],[130.5166,32.11726],[130.51619,32.11603],[130.51784,32.11538],[130.51865,32.11445],[130.519,32.11309],[130.51978,32.11238],[130.52285,32.11277],[130.52251,32.11122],[130.52049,32.11066],[130.5206,32.10909],[130.51971,32.10835],[130.51607,32.10862],[130.51464,32.10943],[130.51116,32.11082],[130.51002,32.11187],[130.51009,32.11317],[130.50928,32.11447],[130.50792,32.1152],[130.50841,32.11598],[130.50667,32.11652],[130.50629,32.11857],[130.50541,32.12013]],[[130.54507,32.12649],[130.5463,32.12774],[130.54702,32.12743],[130.54641,32.12482],[130.54507,32.12649]],[[130.54779,32.09183],[130.55088,32.09295],[130.55269,32.09399],[130.5536,32.0935],[130.55593,32.09382],[130.55622,32.0931],[130.55376,32.09274],[130.55265,32.0921],[130.5493,32.09135],[130.54779,32.09183]],[[130.5555,32.09545],[130.5567,32.09661],[130.55779,32.09568],[130.55609,32.0946],[130.5555,32.09545]],[[130.56611,32.12457],[130.56746,32.12522],[130.56892,32.12534],[130.56785,32.1238],[130.56697,32.12338],[130.56611,32.12457]],[[130.59066,32.16449],[130.59158,32.16518],[130.59285,32.16523],[130.59422,32.16369],[130.59564,32.16575],[130.59758,32.16725],[130.59693,32.16851],[130.59936,32.16822],[130.59721,32.16501],[130.59713,32.16402],[130.59566,32.16317],[130.59582,32.15754],[130.59476,32.15828],[130.59546,32.15992],[130.59349,32.16321],[130.59066,32.16449]],[[130.61571,32.13405],[130.61591,32.1362],[130.6173,32.14048],[130.62003,32.14203],[130.62129,32.142],[130.62174,32.141],[130.62386,32.13808],[130.62339,32.1364],[130.62472,32.13349],[130.62215,32.13291],[130.62135,32.13218],[130.61925,32.1315],[130.6186,32.13225],[130.61942,32.13367],[130.61867,32.13571],[130.61707,32.13513],[130.61571,32.13405]],[[130.66136,32.07696],[130.66205,32.07911],[130.66298,32.07835],[130.66327,32.07678],[130.66243,32.07637],[130.66136,32.07696]],[[130.66266,32.11727],[130.66481,32.11978],[130.66914,32.11944],[130.66876,32.11787],[130.66537,32.11686],[130.66435,32.11629],[130.66266,32.11727]],[[130.67025,32.0819],[130.67153,32.08341],[130.67273,32.08226],[130.67082,32.08121],[130.67025,32.0819]],[[130.68958,32.00117],[130.69136,32.00277],[130.69192,32.00213],[130.69387,32.00256],[130.69592,32.00477],[130.69507,32.00665],[130.69685,32.00836],[130.69787,32.00778],[130.69998,32.00764],[130.70298,32.0052],[130.70338,32.00408],[130.6989,32.00251],[130.69772,32.00262],[130.69524,32.00204],[130.69402,32.00136],[130.69255,32.00134],[130.6901,32.0002],[130.68958,32.00117]],[[130.69576,32.02242],[130.69792,32.02307],[130.69799,32.02509],[130.69609,32.0254],[130.6967,32.02656],[130.69817,32.02701],[130.69906,32.02847],[130.70171,32.03023],[130.70286,32.02954],[130.70559,32.03038],[130.7096,32.03097],[130.71605,32.0301],[130.71599,32.02939],[130.71784,32.02836],[130.71801,32.02613],[130.71718,32.02405],[130.71494,32.0242],[130.71251,32.02375],[130.71141,32.02302],[130.70958,32.02281],[130.70945,32.02363],[130.71066,32.02531],[130.71152,32.02762],[130.71363,32.02975],[130.71303,32.03003],[130.71138,32.02921],[130.70834,32.02858],[130.70535,32.02731],[130.70426,32.0256],[130.70326,32.02513],[130.69942,32.02255],[130.69628,32.02163],[130.69576,32.02242]],[[130.71791,32.01974],[130.71939,32.01906],[130.72039,32.01711],[130.71828,32.01725],[130.71791,32.01974]]]},"properties":{"hoanrinKind":"保安林"}},
{"type":"Feature","geometry":{"type":"Polygon","coordinates":[[[130.76051,31.91493],[130.76115,31.91422],[130.76486,31.91412],[130.76672,31.91493],[130.76847,31.91511],[130.77002,31.91606],[130.77137,31.91764],[130.77078,31.91806],[130.77211,31.92016],[130.77721,31.92356],[130.77791,31.92493],[130.77965,31.92439],[130.77797,31.92334],[130.77742,31.92172],[130.77621,31.92069],[130.77144,31.91763],[130.77299,31.9152],[130.77418,31.91639],[130.77485,31.91577],[130.77559,31.91371],[130.77703,31.91424],[130.77817,31.91224],[130.77783,31.91096],[130.78013,31.90918],[130.78404,31.90841],[130.78575,31.90852],[130.78757,31.90922],[130.78813,31.90844],[130.78999,31.90714],[130.7897,31.9061],[130.78739,31.90609],[130.78655,31.9065],[130.78357,31.90606],[130.78177,31.90541],[130.78035,31.90436],[130.77972,31.90471],[130.7778,31.90403],[130.77863,31.90206],[130.77947,31.90179],[130.78136,31.90268],[130.78305,31.90483],[130.78635,31.90574],[130.78621,31.90453],[130.78809,31.90317],[130.78763,31.90141],[130.79009,31.90193],[130.79273,31.90541],[130.79361,31.9084],[130.79498,31.90939],[130.79839,31.90817],[130.79905,31.90771],[130.80088,31.90508],[130.79919,31.90449],[130.79855,31.90268],[130.80039,31.90204],[130.79777,31.90106],[130.798,31.89916],[130.79923,31.89836],[130.7998,31.89936],[130.80315,31.89931],[130.80237,31.90141],[130.80345,31.90258],[130.80539,31.90262],[130.80578,31.90157],[130.80681,31.90172],[130.80756,31.90306],[130.80759,31.90495],[130.80833,31.90498],[130.80849,31.90247],[130.80713,31.90019],[130.80421,31.89898],[130.80514,31.89851],[130.80735,31.89987],[130.80852,31.90123],[130.81054,31.90028],[130.81286,31.90123],[130.81503,31.90446],[130.8176,31.9056],[130.81705,31.90651],[130.81439,31.90541],[130.81302,31.90545],[130.8106,31.90307],[130.81222,31.90232],[130.81037,31.9015],[130.80894,31.90331],[130.80892,31.90541],[130.80822,31.9064],[130.80906,31.90726],[130.80891,31.90824],[130.80993,31.90902],[130.80978,31.9105],[130.81205,31.91109],[130.81287,31.91288],[130.81279,31.91377],[130.81142,31.91692],[130.81202,31.91863],[130.81399,31.91944],[130.81684,31.91952],[130.81734,31.91782],[130.81808,31.91808],[130.81802,31.92143],[130.82005,31.92204],[130.82008,31.92341],[130.82087,31.92421],[130.82032,31.92584],[130.82189,31.92611],[130.82283,31.92817],[130.8238,31.92876],[130.82724,31.9296],[130.82883,31.93087],[130.83313,31.93087],[130.82982,31.92841],[130.82914,31.92534],[130.82672,31.92433],[130.82403,31.92267],[130.82327,31.92181],[130.82349,31.92026],[130.82232,31.92018],[130.82054,31.91846],[130.81912,31.91266],[130.81782,31.9114],[130.81892,31.90924],[130.81919,31.90688],[130.82126,31.9087],[130.82085,31.90609],[130.82148,31.9044],[130.8213,31.89875],[130.82189,31.898],[130.81978,31.89536],[130.81783,31.89477],[130.81688,31.89489],[130.8161,31.89079],[130.81804,31.89085],[130.81896,31.89246],[130.82102,31.89423],[130.82229,31.89641],[130.82243,31.89768],[130.82547,31.89967],[130.82672,31.90076],[130.82722,31.90229],[130.82997,31.90346],[130.83266,31.90569],[130.83297,31.90342],[130.83366,31.9018],[130.83434,31.90152],[130.83758,31.90339],[130.83876,31.90476],[130.84096,31.90559],[130.8425,31.90505],[130.84336,31.90365],[130.84542,31.90164],[130.8462,31.90002],[130.84321,31.89884],[130.8424,31.89743],[130.84075,31.89646],[130.83724,31.89532],[130.83588,31.89702],[130.83461,31.89507],[130.83256,31.89358],[130.83149,31.89214],[130.83036,31.89141],[130.82979,31.89026],[130.82986,31.8884],[130.82926,31.88579],[130.83094,31.88545],[130.83239,31.88686],[130.83256,31.88535],[130.82971,31.88373],[130.82966,31.88267],[130.83178,31.88269],[130.83529,31.8837],[130.83617,31.88304],[130.83579,31.88016],[130.83714,31.8752],[130.83714,31.87414],[130.83623,31.87299],[130.83552,31.87108],[130.83649,31.86951],[130.83589,31.86753],[130.83625,31.86644],[130.83779,31.86547],[130.8401,31.86615],[130.84163,31.86719],[130.84373,31.868],[130.8465,31.86783],[130.85014,31.87072],[130.85026,31.873],[130.84985,31.87446],[130.84845,31.87544],[130.84691,31.87837],[130.84906,31.88074],[130.85024,31.88252],[130.85264,31.88225],[130.85393,31.88149],[130.85649,31.87859],[130.85755,31.87811],[130.8597,31.87797],[130.86162,31.87616],[130.86289,31.87556],[130.86433,31.87349],[130.86372,31.87294],[130.86458,31.87154],[130.86406,31.86945],[130.8642,31.86826],[130.86535,31.86762],[130.86652,31.86554],[130.86888,31.86636],[130.87063,31.86792],[130.87188,31.86856],[130.87092,31.86939],[130.87023,31.87282],[130.87188,31.87347],[130.87499,31.874],[130.87559,31.87374],[130.87596,31.87132],[130.87728,31.87117],[130.87765,31.87215],[130.8778,31.87458],[130.87855,31.87625],[130.87996,31.87745],[130.8804,31.87891],[130.88175,31.88058],[130.88376,31.88013],[130.88527,31.8804],[130.8873,31.88154],[130.88838,31.88125],[130.88818,31.88384],[130.88766,31.88519],[130.88844,31.88613],[130.89073,31.88627],[130.89365,31.88477],[130.89514,31.88481],[130.8952,31.8837],[130.89326,31.88098],[130.89313,31.87856],[130.89225,31.8773],[130.89253,31.87549],[130.89105,31.87485],[130.89023,31.87299],[130.89128,31.87145],[130.89265,31.87098],[130.89349,31.87209],[130.89321,31.874],[130.89389,31.87608],[130.89467,31.87684],[130.89457,31.87797],[130.8956,31.87907],[130.89939,31.88105],[130.90245,31.88445],[130.90401,31.88519],[130.90678,31.88533],[130.90896,31.88378],[130.91042,31.88332],[130.91174,31.88343],[130.91322,31.88422],[130.91409,31.88561],[130.91355,31.8864],[130.91117,31.88763],[130.90986,31.88777],[130.90852,31.88728],[130.9067,31.88735],[130.90451,31.88701],[130.90083,31.88576],[130.89938,31.88614],[130.89702,31.88778],[130.89774,31.88853],[130.89544,31.89369],[130.89355,31.89681],[130.89148,31.89854],[130.89288,31.89992],[130.89064,31.90357],[130.88884,31.90475],[130.888,31.90574],[130.88633,31.9095],[130.88701,31.91124],[130.88641,31.91313],[130.88468,31.91461],[130.88288,31.91504],[130.88251,31.91657],[130.88229,31.92122],[130.87987,31.92198],[130.8782,31.92218],[130.87733,31.92346],[130.87634,31.92405],[130.87342,31.92743],[130.87268,31.92803],[130.8697,31.9279],[130.86952,31.92982],[130.86812,31.93173],[130.86563,31.93395],[130.86235,31.93375],[130.85963,31.93455],[130.85848,31.93532],[130.85749,31.93807],[130.85445,31.93843],[130.8536,31.93802],[130.84877,31.93764],[130.84415,31.93909],[130.8423,31.9394],[130.84054,31.9402],[130.83866,31.93958],[130.83717,31.94172],[130.83344,31.9424],[130.83199,31.94153],[130.82578,31.94167],[130.81805,31.941],[130.81645,31.94125],[130.81571,31.94015],[130.81318,31.93847],[130.81099,31.93794],[130.80974,31.93689],[130.81092,31.9328],[130.8104,31.93006],[130.80868,31.92831],[130.80618,31.92476],[130.80464,31.92386],[130.80303,31.92434],[130.7991,31.92393],[130.79611,31.92196],[130.79435,31.92133],[130.79203,31.92494],[130.79272,31.92739],[130.79423,31.92821],[130.79844,31.92862],[130.79976,31.9277],[130.80057,31.92776],[130.80506,31.92977],[130.80563,31.93198],[130.80347,31.93278],[130.80083,31.93129],[130.80011,31.93133],[130.79599,31.92885],[130.79194,31.92889],[130.79185,31.93064],[130.78902,31.93033],[130.78626,31.93035],[130.78221,31.92964],[130.781,31.92882],[130.77929,31.92648],[130.77673,31.92499],[130.77412,31.92521],[130.77332,31.92411],[130.7716,31.92398],[130.77076,31.92522],[130.77174,31.92637],[130.77071,31.9275],[130.768,31.9232],[130.76798,31.92278],[130.76983,31.91947],[130.76719,31.91812],[130.76575,31.91793],[130.76507,31.91725],[130.76344,31.91735],[130.7607,31.91552],[130.76051,31.91493]],[[130.78656,31.92024],[130.78804,31.92116],[130.78853,31.92053],[130.78846,31.91881],[130.7904,31.91769],[130.79347,31.91822],[130.79208,31.91438],[130.7912,31.91412],[130.79122,31.91295],[130.78792,31.91425],[130.78699,31.9158],[130.78801,31.91732],[130.78647,31.91955],[130.78656,31.92024]],[[130.83553,31.88423],[130.83828,31.88452],[130.83821,31.88367],[130.83553,31.88423]],[[130.84691,31.9226],[130.8472,31.92344],[130.84869,31.92485],[130.84997,31.92505],[130.85383,31.92359],[130.85427,31.92188],[130.85299,31.92031],[130.85158,31.91931],[130.84832,31.91965],[130.84725,31.9206],[130.84691,31.9226]],[[130.8584,31.88971],[130.85952,31.89216],[130.86187,31.89096],[130.8628,31.8875],[130.86145,31.8867],[130.86109,31.88927],[130.85945,31.88894],[130.8584,31.88971]],[[130.86693,31.87098],[130.86749,31.87209],[130.86747,31.87407],[130.86887,31.87369],[130.86871,31.87096],[130.86898,31.87007],[130.86772,31.86832],[130.86693,31.86898],[130.86693,31.87098]]]},"properties":{"hoanrinKind":"保安林"}},
{"type":"Feature","geometry":{"type":"Polygon","coordinates":[[[130.88064,31.853],[130.88207,31.85338],[130.88371,31.85294],[130.88437,31.85379],[130.88581,31.85408],[130.88737,31.85227],[130.8886,31.85599],[130.88776,31.85983],[130.88598,31.85935],[130.88417,31.85708],[130.88299,31.85681],[130.88274,31.85489],[130.88102,31.85408],[130.88064,31.853]]]},"properties":{"hoanrinKind":"保安林"}},
{"type":"Feature","geometry":{"type":"Polygon","coordinates":[[[130.85834,31.81449],[130.85862,31.81301],[130.85948,31.81322],[130.86347,31.81261],[130.86377,31.81153],[130.86251,31.80931],[130.8601,31.80873],[130.85956,31.8069],[130.86039,31.80545],[130.86423,31.80522],[130.86509,31.8043],[130.86413,31.80349],[130.86302,31.80177],[130.86389,31.80027],[130.8652,31.80011],[130.86716,31.80138],[130.86758,31.80268],[130.86883,31.80395],[130.8703,31.80461],[130.87199,31.80221],[130.86979,31.8019],[130.86991,31.80089],[130.86869,31.79967],[130.86743,31.79763],[130.86588,31.79625],[130.86617,31.79473],[130.87024,31.79281],[130.86978,31.79219],[130.87081,31.78976],[130.87245,31.78708],[130.87338,31.78641],[130.87524,31.78655],[130.87546,31.78802],[130.87646,31.7886],[130.87673,31.79064],[130.87889,31.79245],[130.88107,31.79471],[130.88212,31.79635],[130.88074,31.79976],[130.88137,31.80136],[130.88134,31.80268],[130.88274,31.8032],[130.88407,31.80435],[130.88447,31.80542],[130.88278,31.80705],[130.88142,31.81138],[130.88167,31.8131],[130.8802,31.8149],[130.87892,31.81499],[130.8769,31.81573],[130.87755,31.81715],[130.87666,31.81871],[130.87706,31.82044],[130.87664,31.82134],[130.87754,31.82275],[130.87737,31.8258],[130.87772,31.8283],[130.87826,31.82885],[130.88183,31.82969],[130.88127,31.83244],[130.88012,31.8325],[130.8792,31.83324],[130.87549,31.83361],[130.87331,31.83308],[130.87349,31.83183],[130.87506,31.83165],[130.87661,31.82964],[130.87611,31.82837],[130.87376,31.82769],[130.8729,31.82862],[130.87296,31.83117],[130.87257,31.83268],[130.86986,31.83108],[130.87019,31.82929],[130.87144,31.82818],[130.87168,31.82687],[130.87059,31.82535],[130.86865,31.82429],[130.8681,31.82265],[130.86649,31.82128],[130.8675,31.81998],[130.8671,31.81808],[130.86212,31.81749],[130.86113,31.81527],[130.85889,31.81549],[130.85834,31.81449]],[[130.86791,31.79701],[130.87057,31.79643],[130.87202,31.79709],[130.87397,31.79655],[130.87372,31.79506],[130.8724,31.79417],[130.87086,31.79405],[130.86977,31.79623],[130.86791,31.79701]],[[130.87083,31.80763],[130.87307,31.80832],[130.8723,31.80577],[130.87083,31.80692],[130.87083,31.80763]],[[130.87286,31.80211],[130.87456,31.80361],[130.87609,31.80402],[130.87661,31.80342],[130.87591,31.80237],[130.87286,31.80211]],[[130.87308,31.80737],[130.87426,31.80636],[130.87535,31.80866],[130.87644,31.80895],[130.87709,31.80687],[130.8759,31.80517],[130.87364,31.80529],[130.87308,31.80737]]]},"properties":{"hoanrinKind":"保安林"}},
{"type":"Feature","geometry":{"type":"Polygon","coordinates":[[[130.95537,31.7815],[130.95636,31.78073],[130.95856,31.7825],[130.95604,31.78305],[130.95537,31.7815]]]},"properties":{"hoanrinKind":"保安林"}},
{"type":"Feature","geometry":{"type":"Polygon","coordinates":[[[131.1611,31.48668],[131.16227,31.48592],[131.16263,31.48492],[131.16387,31.48454],[131.16428,31.48628],[131.16281,31.48724],[131.1611,31.48668]]]},"properties":{"hoanrinKind":"保安林"}},
{"type":"Feature","geometry":{"type":"Polygon","coordinates":[[[131.15682,31.47654],[131.15789,31.47626],[131.15949,31.47508],[131.16219,31.47616],[131.16317,31.47504],[131.16413,31.47517],[131.16474,31.4763],[131.164,31.47938],[131.16232,31.4808],[131.15996,31.48178],[131.15865,31.48043],[131.15858,31.4786],[131.15682,31.47654]]]},"properties":{"hoanrinKind":"保安林"}},
{"type":"Feature","geometry":{"type":"Polygon","coordinates":[[[130.47185,31.72481],[130.47069,31.72436],[130.47133,31.72228],[130.47333,31.72143],[130.47342,31.72087],[130.47516,31.71978],[130.47551,31.72074],[130.47481,31.72184],[130.47306,31.72305],[130.47185,31.72481]]]},"properties":{"hoanrinKind":"保安林"}},
{"type":"Feature","geometry":{"type":"Polygon","coordinates":[[[130.47306,31.72305],[130.47456,31.7233],[130.4757,31.72276],[130.47646,31.7217],[130.47551,31.72074],[130.47516,31.71978],[130.47612,31.71835],[130.47706,31.71803],[130.47632,31.71509],[130.47641,31.71348],[130.47736,31.71092],[130.47887,31.71105],[130.48054,31.71053],[130.48321,31.71164],[130.48219,31.71368],[130.48215,31.71602],[130.48098,31.71709],[130.48126,31.71882],[130.48191,31.71913],[130.4824,31.72073],[130.48404,31.72161],[130.48417,31.7195],[130.48619,31.72106],[130.48871,31.72384],[130.48808,31.7249],[130.48685,31.72531],[130.48632,31.72661],[130.4877,31.72655],[130.48858,31.72593],[130.48991,31.72714],[130.4913,31.72711],[130.49075,31.72848],[130.48702,31.72847],[130.4885,31.73053],[130.48862,31.73137],[130.48719,31.73165],[130.48531,31.73088],[130.48361,31.72906],[130.4822,31.72923],[130.48012,31.72829],[130.47772,31.72899],[130.47662,31.72816],[130.4766,31.72609],[130.47567,31.72557],[130.47577,31.72422],[130.4742,31.72461],[130.47418,31.72603],[130.47185,31.72481],[130.47306,31.72305]]]},"properties":{"hoanrinKind":"保安林"}}
]}